record_no,source_layer,collision_ts,crash_year,latitude,longitude,in_city,fatalities,non_motorists,truck_involved,serious_injuries,pedestrian,bicycle,crash_type,manner_of_collision,lighting,weather,first_harmful_event
900138977,Crashes_2010_2019_MPO,2012-07-22,2012,35.960419,-86.8116,False,0,0,0,,,,,,,,
900138987,Crashes_2010_2019_MPO,2012-07-22,2012,35.960419,-86.8116,False,0,0,0,,,,,,,,
100217409,Crashes_2010_2019_MPO,2012-07-23,2012,36.039688,-86.759842,False,1,1,0,,,,,,,,
100209063,Crashes_2010_2019_MPO,2012-07-23,2012,35.99691,-86.79696,True,0,0,0,,,,,,,,
100206021,Crashes_2010_2019_MPO,2012-07-23,2012,35.9675,-86.81346,True,0,0,0,,,,,,,,
100208063,Crashes_2010_2019_MPO,2012-07-25,2012,35.99794,-86.79906,True,0,0,0,,,,,,,,
100208283,Crashes_2010_2019_MPO,2012-07-25,2012,35.92267,-86.86501,False,0,0,0,,,,,,,,
100208065,Crashes_2010_2019_MPO,2012-07-25,2012,35.97678,-86.85544,False,0,0,0,,,,,,,,
100209050,Crashes_2010_2019_MPO,2012-07-25,2012,36.03336,-86.78872,True,0,0,0,,,,,,,,
100208378,Crashes_2010_2019_MPO,2012-07-26,2012,35.96669,-86.80913,True,0,0,0,,,,,,,,
100208708,Crashes_2010_2019_MPO,2012-07-26,2012,35.92823,-86.76738,False,0,0,0,,,,,,,,
100209734,Crashes_2010_2019_MPO,2012-07-27,2012,36.03574,-86.78735,True,0,0,0,,,,,,,,
100209307,Crashes_2010_2019_MPO,2012-07-28,2012,35.96979,-86.72408,True,0,0,0,,,,,,,,
100209275,Crashes_2010_2019_MPO,2012-07-29,2012,35.96708,-86.81356,True,0,0,0,,,,,,,,
100210232,Crashes_2010_2019_MPO,2012-07-30,2012,36.00639,-86.84359,False,0,0,0,,,,,,,,
100211054,Crashes_2010_2019_MPO,2012-07-30,2012,35.96724,-86.80858,True,0,0,0,,,,,,,,
100211041,Crashes_2010_2019_MPO,2012-07-31,2012,36.0361,-86.78714,True,0,0,0,,,,,,,,
100210316,Crashes_2010_2019_MPO,2012-08-01,2012,35.99458,-86.76767,True,0,0,0,,,,,,,,
100210397,Crashes_2010_2019_MPO,2012-08-01,2012,35.97788,-86.80378,True,0,0,0,,,,,,,,
100211048,Crashes_2010_2019_MPO,2012-08-02,2012,35.97461,-86.8318,True,0,0,0,,,,,,,,
100210754,Crashes_2010_2019_MPO,2012-08-02,2012,35.9744,-86.83204,True,0,0,1,,,,,,,,
100212668,Crashes_2010_2019_MPO,2012-08-02,2012,35.98123,-86.82919,False,0,0,0,,,,,,,,
100211918,Crashes_2010_2019_MPO,2012-08-03,2012,35.94475,-86.80963,False,0,0,1,,,,,,,,
100211067,Crashes_2010_2019_MPO,2012-08-03,2012,36.03474,-86.78792,True,0,0,0,,,,,,,,
100211811,Crashes_2010_2019_MPO,2012-08-03,2012,35.93328,-86.81487,False,0,0,1,,,,,,,,
100211075,Crashes_2010_2019_MPO,2012-08-03,2012,35.99766,-86.79754,True,0,0,0,,,,,,,,
100211721,Crashes_2010_2019_MPO,2012-08-05,2012,35.99315,-86.69646,True,0,0,0,,,,,,,,
100212037,Crashes_2010_2019_MPO,2012-08-06,2012,35.9667,-86.81117,True,0,0,0,,,,,,,,
100212073,Crashes_2010_2019_MPO,2012-08-06,2012,36.02483,-86.79347,True,0,0,1,,,,,,,,
100213959,Crashes_2010_2019_MPO,2012-08-06,2012,36.0334,-86.78348,True,0,0,0,,,,,,,,
100213958,Crashes_2010_2019_MPO,2012-08-06,2012,35.95948,-86.81017,False,0,0,0,,,,,,,,
100212567,Crashes_2010_2019_MPO,2012-08-07,2012,35.93695,-86.693,False,0,0,0,,,,,,,,
100212476,Crashes_2010_2019_MPO,2012-08-07,2012,35.99156,-86.79881,True,0,0,0,,,,,,,,
100212737,Crashes_2010_2019_MPO,2012-08-08,2012,35.97184,-86.82582,True,0,0,0,,,,,,,,
100213696,Crashes_2010_2019_MPO,2012-08-09,2012,36.02972,-86.783699,True,0,0,0,,,,,,,,
100213829,Crashes_2010_2019_MPO,2012-08-09,2012,36.00617,-86.86519,False,0,0,0,,,,,,,,
100213318,Crashes_2010_2019_MPO,2012-08-10,2012,35.96486,-86.7926,True,0,0,0,,,,,,,,
100214609,Crashes_2010_2019_MPO,2012-08-10,2012,36.03452,-86.86302,False,0,0,0,,,,,,,,
100213514,Crashes_2010_2019_MPO,2012-08-10,2012,35.98636,-86.69694,True,0,0,0,,,,,,,,
100213900,Crashes_2010_2019_MPO,2012-08-11,2012,35.96687,-86.81113,True,0,0,0,,,,,,,,
100214561,Crashes_2010_2019_MPO,2012-08-12,2012,35.92732,-86.73989,False,0,0,0,,,,,,,,
100214143,Crashes_2010_2019_MPO,2012-08-12,2012,36.0128,-86.7848,True,0,0,0,,,,,,,,
100214402,Crashes_2010_2019_MPO,2012-08-13,2012,36.01628,-86.74716,True,0,0,0,,,,,,,,
100216057,Crashes_2010_2019_MPO,2012-08-14,2012,36.03611,-86.794838,True,0,0,0,,,,,,,,
100215217,Crashes_2010_2019_MPO,2012-08-15,2012,35.9668,-86.8118,True,0,0,1,,,,,,,,
100215864,Crashes_2010_2019_MPO,2012-08-15,2012,36.01731,-86.78621,True,0,0,0,,,,,,,,
100215632,Crashes_2010_2019_MPO,2012-08-15,2012,35.99782,-86.7989,True,0,0,0,,,,,,,,
100215759,Crashes_2010_2019_MPO,2012-08-16,2012,35.92351,-86.76702,False,0,0,0,,,,,,,,
100215365,Crashes_2010_2019_MPO,2012-08-16,2012,36.03336,-86.78872,True,0,0,0,,,,,,,,
100215597,Crashes_2010_2019_MPO,2012-08-16,2012,35.96688,-86.81232,True,0,0,0,,,,,,,,
100215898,Crashes_2010_2019_MPO,2012-08-17,2012,35.96722,-86.81353,True,0,0,0,,,,,,,,
100215894,Crashes_2010_2019_MPO,2012-08-17,2012,35.96512,-86.80035,True,0,0,0,,,,,,,,
10390632,Crashes_2010_2019_MPO,2012-08-19,2012,36.050152,-86.696388,False,0,0,0,,,,,,,,
100217324,Crashes_2010_2019_MPO,2012-08-20,2012,35.97497,-86.87043,False,0,0,0,,,,,,,,
100216832,Crashes_2010_2019_MPO,2012-08-20,2012,35.96687,-86.81113,True,0,0,0,,,,,,,,
10882704,Crashes_2010_2019_MPO,2012-08-21,2012,36.019199,-86.709351,False,0,0,0,,,,,,,,
100217339,Crashes_2010_2019_MPO,2012-08-21,2012,35.99788,-86.79948,True,0,0,0,,,,,,,,
100217793,Crashes_2010_2019_MPO,2012-08-21,2012,35.99735,-86.79484,True,0,0,0,,,,,,,,
100217912,Crashes_2010_2019_MPO,2012-08-22,2012,36.03351,-86.78322,True,0,0,0,,,,,,,,
100217913,Crashes_2010_2019_MPO,2012-08-22,2012,36.03351,-86.78322,True,0,0,0,,,,,,,,
100217671,Crashes_2010_2019_MPO,2012-08-22,2012,36.01325,-86.80218,True,0,0,0,,,,,,,,
10882713,Crashes_2010_2019_MPO,2012-08-23,2012,36.019939,-86.68055,False,0,0,0,,,,,,,,
100217874,Crashes_2010_2019_MPO,2012-08-23,2012,36.01234,-86.80117,True,0,0,0,,,,,,,,
100217867,Crashes_2010_2019_MPO,2012-08-23,2012,35.96113,-86.75764,True,0,0,0,,,,,,,,
100218401,Crashes_2010_2019_MPO,2012-08-24,2012,36.02811,-86.79161,True,0,0,0,,,,,,,,
100219069,Crashes_2010_2019_MPO,2012-08-25,2012,35.99604,-86.78454,True,0,0,0,,,,,,,,
100219406,Crashes_2010_2019_MPO,2012-08-25,2012,35.93674,-86.69411,False,0,0,0,,,,,,,,
100219096,Crashes_2010_2019_MPO,2012-08-26,2012,35.96611,-86.80754,True,0,0,0,,,,,,,,
100219459,Crashes_2010_2019_MPO,2012-08-27,2012,35.97179,-86.80565,True,0,0,1,,,,,,,,
100219316,Crashes_2010_2019_MPO,2012-08-27,2012,36.01683,-86.78607,True,0,0,0,,,,,,,,
100219496,Crashes_2010_2019_MPO,2012-08-27,2012,36.02963,-86.86375,False,0,0,0,,,,,,,,
100219357,Crashes_2010_2019_MPO,2012-08-27,2012,36.0296,-86.79,True,0,0,0,,,,,,,,
100219772,Crashes_2010_2019_MPO,2012-08-28,2012,35.96532,-86.70293,False,0,0,0,,,,,,,,
100219946,Crashes_2010_2019_MPO,2012-08-28,2012,35.98664,-86.7371,True,0,0,0,,,,,,,,
100219640,Crashes_2010_2019_MPO,2012-08-28,2012,35.99676,-86.79079,True,0,0,0,,,,,,,,
100220284,Crashes_2010_2019_MPO,2012-08-29,2012,36.01534,-86.81647,True,0,0,0,,,,,,,,
100220605,Crashes_2010_2019_MPO,2012-08-30,2012,35.99653,-86.78886,True,0,0,0,,,,,,,,
100221227,Crashes_2010_2019_MPO,2012-08-30,2012,36.03327,-86.7995,True,0,0,0,,,,,,,,
100220609,Crashes_2010_2019_MPO,2012-08-30,2012,35.96665,-86.80941,True,0,0,0,,,,,,,,
100220635,Crashes_2010_2019_MPO,2012-08-30,2012,36.01438,-86.80964,True,0,0,0,,,,,,,,
100220552,Crashes_2010_2019_MPO,2012-08-30,2012,36.00721,-86.85594,False,0,0,0,,,,,,,,
100220950,Crashes_2010_2019_MPO,2012-08-31,2012,36.03611,-86.79484,True,0,0,0,,,,,,,,
100222931,Crashes_2010_2019_MPO,2012-08-31,2012,35.98098,-86.8027,True,0,0,0,,,,,,,,
100221144,Crashes_2010_2019_MPO,2012-08-31,2012,35.9498,-86.81328,False,0,0,0,,,,,,,,
100221420,Crashes_2010_2019_MPO,2012-08-31,2012,36.03563,-86.78741,True,0,0,0,,,,,,,,
100221673,Crashes_2010_2019_MPO,2012-09-02,2012,35.96664,-86.80305,True,0,0,0,,,,,,,,
100221830,Crashes_2010_2019_MPO,2012-09-02,2012,35.98603,-86.71123,True,0,0,1,,,,,,,,
100221576,Crashes_2010_2019_MPO,2012-09-02,2012,36.03347,-86.78116,True,0,0,0,,,,,,,,
100221699,Crashes_2010_2019_MPO,2012-09-02,2012,35.99315,-86.69646,True,0,0,0,,,,,,,,
100222220,Crashes_2010_2019_MPO,2012-09-03,2012,36.03741,-86.7978,True,0,0,0,,,,,,,,
100222909,Crashes_2010_2019_MPO,2012-09-04,2012,35.96703,-86.76831,True,0,1,0,,,,,,,,
100223223,Crashes_2010_2019_MPO,2012-09-05,2012,36.03093,-86.78699,True,0,0,0,,,,,,,,
100224137,Crashes_2010_2019_MPO,2012-09-07,2012,35.94755,-86.69619,False,0,0,0,,,,,,,,
100224910,Crashes_2010_2019_MPO,2012-09-09,2012,35.96708,-86.81356,True,0,0,0,,,,,,,,
100225353,Crashes_2010_2019_MPO,2012-09-10,2012,36.02812,-86.76932,True,0,0,1,,,,,,,,
100225708,Crashes_2010_2019_MPO,2012-09-11,2012,36.02123,-86.78735,True,0,0,0,,,,,,,,
100225771,Crashes_2010_2019_MPO,2012-09-11,2012,36.036201,-86.802147,True,0,0,0,,,,,,,,
100225636,Crashes_2010_2019_MPO,2012-09-11,2012,35.96849,-86.81911,True,0,0,0,,,,,,,,
100226321,Crashes_2010_2019_MPO,2012-09-12,2012,35.96958,-86.80642,True,0,0,0,,,,,,,,
100226314,Crashes_2010_2019_MPO,2012-09-12,2012,36.03652,-86.80099,True,0,1,0,,,,,,,,
100226513,Crashes_2010_2019_MPO,2012-09-13,2012,35.99755,-86.79662,True,0,0,0,,,,,,,,
100228993,Crashes_2010_2019_MPO,2012-09-13,2012,36.02156,-86.78706,True,0,0,0,,,,,,,,
100226797,Crashes_2010_2019_MPO,2012-09-13,2012,35.96653,-86.80997,True,0,0,0,,,,,,,,
10882750,Crashes_2010_2019_MPO,2012-09-13,2012,36.045559,-86.701607,False,0,0,0,,,,,,,,
100226794,Crashes_2010_2019_MPO,2012-09-13,2012,35.97969,-86.82283,True,0,0,0,,,,,,,,
100226831,Crashes_2010_2019_MPO,2012-09-14,2012,35.96175,-86.80191,True,0,0,0,,,,,,,,
100227301,Crashes_2010_2019_MPO,2012-09-14,2012,36.0406,-86.74361,False,0,0,0,,,,,,,,
100227645,Crashes_2010_2019_MPO,2012-09-15,2012,36.03093,-86.78699,True,0,0,0,,,,,,,,
100227369,Crashes_2010_2019_MPO,2012-09-15,2012,35.98525,-86.72827,True,0,0,0,,,,,,,,
100227994,Crashes_2010_2019_MPO,2012-09-15,2012,35.98754,-86.8002,True,0,0,0,,,,,,,,
100228241,Crashes_2010_2019_MPO,2012-09-17,2012,36.03499,-86.80443,True,0,0,0,,,,,,,,
100228174,Crashes_2010_2019_MPO,2012-09-17,2012,35.97102,-86.72644,True,0,0,0,,,,,,,,
100228125,Crashes_2010_2019_MPO,2012-09-17,2012,35.97102,-86.72644,True,0,0,0,,,,,,,,
100228166,Crashes_2010_2019_MPO,2012-09-17,2012,36.02198,-86.79508,True,0,0,0,,,,,,,,
100228443,Crashes_2010_2019_MPO,2012-09-17,2012,35.99747,-86.82855,True,0,0,0,,,,,,,,
100228324,Crashes_2010_2019_MPO,2012-09-17,2012,35.9776,-86.699852,True,0,0,0,,,,,,,,
100228920,Crashes_2010_2019_MPO,2012-09-18,2012,35.99532,-86.77687,True,0,0,0,,,,,,,,
100228945,Crashes_2010_2019_MPO,2012-09-18,2012,35.965401,-86.797882,True,0,0,0,,,,,,,,
100236397,Crashes_2010_2019_MPO,2012-09-19,2012,36.04057,-86.7416,False,0,0,0,,,,,,,,
100229361,Crashes_2010_2019_MPO,2012-09-19,2012,35.9497,-86.75702,True,0,0,0,,,,,,,,
100229319,Crashes_2010_2019_MPO,2012-09-19,2012,35.97325,-86.72624,True,0,0,0,,,,,,,,
100229661,Crashes_2010_2019_MPO,2012-09-20,2012,35.96514,-86.81653,True,0,0,0,,,,,,,,
100229926,Crashes_2010_2019_MPO,2012-09-20,2012,35.99827,-86.79639,True,0,0,0,,,,,,,,
100229923,Crashes_2010_2019_MPO,2012-09-21,2012,36.03209,-86.79986,True,0,0,0,,,,,,,,
100230069,Crashes_2010_2019_MPO,2012-09-21,2012,35.96723,-86.81887,True,0,0,0,,,,,,,,
100230419,Crashes_2010_2019_MPO,2012-09-22,2012,35.99563,-86.78009,True,0,0,0,,,,,,,,
100230621,Crashes_2010_2019_MPO,2012-09-23,2012,35.96687,-86.81113,True,0,0,0,,,,,,,,
100230932,Crashes_2010_2019_MPO,2012-09-24,2012,35.98128,-86.84596,False,0,0,0,,,,,,,,
100231134,Crashes_2010_2019_MPO,2012-09-24,2012,35.93989,-86.67926,False,0,0,0,,,,,,,,
100230927,Crashes_2010_2019_MPO,2012-09-24,2012,36.00567,-86.78928,True,0,0,0,,,,,,,,
100231314,Crashes_2010_2019_MPO,2012-09-24,2012,35.96672,-86.8113,True,0,0,0,,,,,,,,
100232394,Crashes_2010_2019_MPO,2012-09-27,2012,35.9815,-86.8454,False,0,0,0,,,,,,,,
10810620,Crashes_2010_2019_MPO,2012-09-27,2012,36.034409,-86.74305,False,0,0,0,,,,,,,,
100232295,Crashes_2010_2019_MPO,2012-09-28,2012,35.96382,-86.80841,False,0,0,0,,,,,,,,
100232434,Crashes_2010_2019_MPO,2012-09-28,2012,35.96755,-86.81671,True,0,0,0,,,,,,,,
100258484,Crashes_2010_2019_MPO,2012-09-30,2012,36.0385,-86.80581,False,0,0,0,,,,,,,,
100233330,Crashes_2010_2019_MPO,2012-10-01,2012,35.96692,-86.81254,True,0,0,0,,,,,,,,
100233230,Crashes_2010_2019_MPO,2012-10-01,2012,36.03165,-86.78967,True,0,0,0,,,,,,,,
100233208,Crashes_2010_2019_MPO,2012-10-01,2012,35.97221,-86.80551,True,0,0,0,,,,,,,,
100233616,Crashes_2010_2019_MPO,2012-10-01,2012,35.98661,-86.81685,True,0,0,0,,,,,,,,
100233236,Crashes_2010_2019_MPO,2012-10-01,2012,35.965,-86.7275,True,0,0,0,,,,,,,,
100233271,Crashes_2010_2019_MPO,2012-10-01,2012,36.0335,-86.77903,True,0,0,0,,,,,,,,
100233795,Crashes_2010_2019_MPO,2012-10-02,2012,36.02902,-86.86004,False,0,0,0,,,,,,,,
100234121,Crashes_2010_2019_MPO,2012-10-02,2012,35.98833,-86.73978,True,0,0,0,,,,,,,,
100234257,Crashes_2010_2019_MPO,2012-10-03,2012,35.96669,-86.80913,True,0,0,0,,,,,,,,
100234256,Crashes_2010_2019_MPO,2012-10-03,2012,35.99551,-86.77889,True,0,0,0,,,,,,,,
100234182,Crashes_2010_2019_MPO,2012-10-03,2012,35.98437,-86.72434,True,0,0,0,,,,,,,,
100234736,Crashes_2010_2019_MPO,2012-10-04,2012,36.02529,-86.79321,True,0,0,0,,,,,,,,
100234678,Crashes_2010_2019_MPO,2012-10-04,2012,36.03622,-86.78707,True,0,0,0,,,,,,,,
100234523,Crashes_2010_2019_MPO,2012-10-04,2012,35.9386,-86.85798,False,0,0,0,,,,,,,,
100234629,Crashes_2010_2019_MPO,2012-10-04,2012,35.99657,-86.78919,True,0,0,0,,,,,,,,
10689160,Crashes_2010_2019_MPO,2012-10-04,2012,36.041672,-86.720734,False,0,0,0,,,,,,,,
100234922,Crashes_2010_2019_MPO,2012-10-05,2012,35.96667,-86.80916,True,0,0,0,,,,,,,,
100235212,Crashes_2010_2019_MPO,2012-10-05,2012,36.03713,-86.82626,True,0,1,0,,,,,,,,
100235914,Crashes_2010_2019_MPO,2012-10-06,2012,36.03759,-86.80118,True,0,0,0,,,,,,,,
100236302,Crashes_2010_2019_MPO,2012-10-07,2012,35.98632,-86.80086,True,0,0,0,,,,,,,,
100236174,Crashes_2010_2019_MPO,2012-10-08,2012,35.96713,-86.80869,True,0,0,0,,,,,,,,
100235991,Crashes_2010_2019_MPO,2012-10-08,2012,36.03429,-86.80194,True,0,0,0,,,,,,,,
100236140,Crashes_2010_2019_MPO,2012-10-08,2012,35.9649,-86.81544,True,0,0,0,,,,,,,,
100283121,Crashes_2010_2019_MPO,2012-10-09,2012,35.95523,-86.82587,False,0,0,0,,,,,,,,
100236648,Crashes_2010_2019_MPO,2012-10-09,2012,35.93291,-86.81085,False,0,0,0,,,,,,,,
100236390,Crashes_2010_2019_MPO,2012-10-09,2012,35.99792,-86.79979,True,0,0,0,,,,,,,,
100236969,Crashes_2010_2019_MPO,2012-10-10,2012,35.96979,-86.72447,True,0,0,0,,,,,,,,
100236912,Crashes_2010_2019_MPO,2012-10-10,2012,35.99644,-86.788,True,0,0,0,,,,,,,,
100236708,Crashes_2010_2019_MPO,2012-10-10,2012,35.97764,-86.77681,True,0,0,1,,,,,,,,
100237111,Crashes_2010_2019_MPO,2012-10-11,2012,35.99474,-86.76961,True,0,0,0,,,,,,,,
10689302,Crashes_2010_2019_MPO,2012-10-12,2012,36.03883,-86.777992,False,0,0,0,,,,,,,,
100237510,Crashes_2010_2019_MPO,2012-10-12,2012,35.99744,-86.79538,True,0,0,0,,,,,,,,
100238498,Crashes_2010_2019_MPO,2012-10-12,2012,36.03557,-86.79102,True,0,0,0,,,,,,,,
100238713,Crashes_2010_2019_MPO,2012-10-15,2012,35.97332,-86.83308,True,0,0,0,,,,,,,,
100239079,Crashes_2010_2019_MPO,2012-10-15,2012,35.99781,-86.79885,True,0,1,0,,,,,,,,
100238790,Crashes_2010_2019_MPO,2012-10-15,2012,35.99782,-86.7989,True,0,0,0,,,,,,,,
100238746,Crashes_2010_2019_MPO,2012-10-15,2012,36.043209,-86.866257,True,0,0,0,,,,,,,,
100239774,Crashes_2010_2019_MPO,2012-10-16,2012,36.02198,-86.79508,True,0,0,0,,,,,,,,
100239003,Crashes_2010_2019_MPO,2012-10-16,2012,35.98323,-86.80168,True,0,0,0,,,,,,,,
100238956,Crashes_2010_2019_MPO,2012-10-16,2012,35.99016,-86.7252,True,0,0,0,,,,,,,,
100239204,Crashes_2010_2019_MPO,2012-10-16,2012,36.01557,-86.81878,True,0,0,0,,,,,,,,
100239092,Crashes_2010_2019_MPO,2012-10-16,2012,36.03613,-86.78712,True,0,0,1,,,,,,,,
100239994,Crashes_2010_2019_MPO,2012-10-17,2012,36.03202,-86.78341,True,0,0,0,,,,,,,,
100239842,Crashes_2010_2019_MPO,2012-10-18,2012,35.99451,-86.7671,True,0,0,1,,,,,,,,
100239676,Crashes_2010_2019_MPO,2012-10-18,2012,36.00417,-86.79083,True,0,0,0,,,,,,,,
100239918,Crashes_2010_2019_MPO,2012-10-18,2012,35.99794,-86.79999,True,0,0,0,,,,,,,,
100240364,Crashes_2010_2019_MPO,2012-10-19,2012,36.03557,-86.79102,True,0,0,0,,,,,,,,
100240278,Crashes_2010_2019_MPO,2012-10-19,2012,35.96893,-86.77331,True,0,0,1,,,,,,,,
100240359,Crashes_2010_2019_MPO,2012-10-19,2012,35.96695,-86.8128,True,0,0,0,,,,,,,,
100240595,Crashes_2010_2019_MPO,2012-10-20,2012,35.995,-86.7977,True,0,0,0,,,,,,,,
100240785,Crashes_2010_2019_MPO,2012-10-20,2012,35.96403,-86.77176,True,0,0,0,,,,,,,,
100241598,Crashes_2010_2019_MPO,2012-10-22,2012,35.99156,-86.79881,True,0,0,0,,,,,,,,
100242523,Crashes_2010_2019_MPO,2012-10-23,2012,35.99663,-86.78817,True,0,0,0,,,,,,,,
100241953,Crashes_2010_2019_MPO,2012-10-23,2012,36.00721,-86.8559,False,0,0,0,,,,,,,,
100243449,Crashes_2010_2019_MPO,2012-10-23,2012,35.990269,-86.829178,False,1,0,0,,,,,,,,
100242873,Crashes_2010_2019_MPO,2012-10-23,2012,36.02606,-86.87904,False,0,0,0,,,,,,,,
100242616,Crashes_2010_2019_MPO,2012-10-24,2012,35.9667,-86.81117,True,0,0,0,,,,,,,,
100242622,Crashes_2010_2019_MPO,2012-10-24,2012,36.00055,-86.79455,True,0,0,0,,,,,,,,
100243030,Crashes_2010_2019_MPO,2012-10-25,2012,36.02668,-86.878166,False,0,0,0,,,,,,,,
100242952,Crashes_2010_2019_MPO,2012-10-25,2012,35.96537,-86.79978,True,0,0,0,,,,,,,,
100242940,Crashes_2010_2019_MPO,2012-10-25,2012,35.96787,-86.80794,True,0,0,0,,,,,,,,
100243207,Crashes_2010_2019_MPO,2012-10-25,2012,35.99736,-86.79499,True,0,0,0,,,,,,,,
100243291,Crashes_2010_2019_MPO,2012-10-26,2012,36.03589,-86.78727,True,0,0,0,,,,,,,,
100243540,Crashes_2010_2019_MPO,2012-10-26,2012,36.00271,-86.8074,True,0,0,0,,,,,,,,
100243214,Crashes_2010_2019_MPO,2012-10-26,2012,35.97776,-86.80359,True,0,0,1,,,,,,,,
100243893,Crashes_2010_2019_MPO,2012-10-26,2012,35.92374,-86.76681,False,0,0,0,,,,,,,,
100243787,Crashes_2010_2019_MPO,2012-10-27,2012,35.96789,-86.80972,True,0,0,0,,,,,,,,
100243612,Crashes_2010_2019_MPO,2012-10-27,2012,36.00132,-86.79408,True,0,0,0,,,,,,,,
100243756,Crashes_2010_2019_MPO,2012-10-27,2012,35.99257,-86.70064,True,0,0,0,,,,,,,,
100244927,Crashes_2010_2019_MPO,2012-10-29,2012,36.03642,-86.81069,True,0,0,0,,,,,,,,
100245536,Crashes_2010_2019_MPO,2012-10-29,2012,35.99953,-86.809,True,0,0,0,,,,,,,,
100245537,Crashes_2010_2019_MPO,2012-10-29,2012,35.99802,-86.80986,True,0,0,0,,,,,,,,
100245195,Crashes_2010_2019_MPO,2012-10-30,2012,36.03603,-86.78719,True,0,0,0,,,,,,,,
100245221,Crashes_2010_2019_MPO,2012-10-30,2012,35.99088,-86.75141,True,0,0,0,,,,,,,,
100245100,Crashes_2010_2019_MPO,2012-10-30,2012,35.96454,-86.78946,True,0,0,0,,,,,,,,
100245097,Crashes_2010_2019_MPO,2012-10-30,2012,35.9968,-86.79114,True,0,0,0,,,,,,,,
100245793,Crashes_2010_2019_MPO,2012-10-30,2012,36.03009,-86.7839,True,0,0,0,,,,,,,,
100245876,Crashes_2010_2019_MPO,2012-10-31,2012,36.02429,-86.78588,True,0,0,0,,,,,,,,
100246640,Crashes_2010_2019_MPO,2012-10-31,2012,36.01398,-86.78551,True,0,0,1,,,,,,,,
100245483,Crashes_2010_2019_MPO,2012-10-31,2012,35.97014,-86.80912,True,0,0,1,,,,,,,,
100246187,Crashes_2010_2019_MPO,2012-11-01,2012,36.03066,-86.78358,True,0,0,0,,,,,,,,
100246182,Crashes_2010_2019_MPO,2012-11-01,2012,36.01689,-86.78609,True,0,0,0,,,,,,,,
100246217,Crashes_2010_2019_MPO,2012-11-01,2012,35.93718,-86.72344,False,0,0,0,,,,,,,,
100246457,Crashes_2010_2019_MPO,2012-11-01,2012,35.96824,-86.80316,True,0,0,0,,,,,,,,
100246325,Crashes_2010_2019_MPO,2012-11-01,2012,36.02558,-86.78514,True,0,0,0,,,,,,,,
100246200,Crashes_2010_2019_MPO,2012-11-01,2012,35.99538,-86.77747,True,0,0,0,,,,,,,,
100246912,Crashes_2010_2019_MPO,2012-11-02,2012,35.96382,-86.80841,False,0,0,0,,,,,,,,
10390637,Crashes_2010_2019_MPO,2012-11-02,2012,36.04472,-86.695892,False,0,0,0,,,,,,,,
100246702,Crashes_2010_2019_MPO,2012-11-02,2012,35.99068,-86.74516,True,0,0,0,,,,,,,,
100247254,Crashes_2010_2019_MPO,2012-11-02,2012,35.96901,-86.81962,True,0,0,0,,,,,,,,
100247187,Crashes_2010_2019_MPO,2012-11-02,2012,36.0015,-86.794,True,0,0,0,,,,,,,,
100246816,Crashes_2010_2019_MPO,2012-11-02,2012,35.96674,-86.80906,True,0,0,0,,,,,,,,
100248310,Crashes_2010_2019_MPO,2012-11-03,2012,35.94225,-86.82232,False,0,0,0,,,,,,,,
100248300,Crashes_2010_2019_MPO,2012-11-04,2012,35.99571,-86.78099,True,0,0,0,,,,,,,,
100248354,Crashes_2010_2019_MPO,2012-11-04,2012,35.96986,-86.72322,True,0,0,0,,,,,,,,
100248924,Crashes_2010_2019_MPO,2012-11-05,2012,35.98598,-86.73512,True,0,0,0,,,,,,,,
100248742,Crashes_2010_2019_MPO,2012-11-05,2012,35.98624,-86.73643,True,0,0,0,,,,,,,,
100249352,Crashes_2010_2019_MPO,2012-11-06,2012,36.02264,-86.78677,True,0,0,0,,,,,,,,
100249168,Crashes_2010_2019_MPO,2012-11-06,2012,35.95584,-86.81728,False,0,0,0,,,,,,,,
100249344,Crashes_2010_2019_MPO,2012-11-06,2012,35.98998,-86.74452,True,0,0,0,,,,,,,,
100249296,Crashes_2010_2019_MPO,2012-11-06,2012,36.02556,-86.78515,True,0,0,0,,,,,,,,
100253158,Crashes_2010_2019_MPO,2012-11-08,2012,36.03364,-86.78345,True,0,0,0,,,,,,,,
100261093,Crashes_2010_2019_MPO,2012-11-08,2012,36.03955,-86.72837,False,1,1,0,,,,,,,,
100250451,Crashes_2010_2019_MPO,2012-11-08,2012,36.03066,-86.78358,True,0,0,0,,,,,,,,
100250191,Crashes_2010_2019_MPO,2012-11-08,2012,35.96729,-86.81098,True,0,0,0,,,,,,,,
100249911,Crashes_2010_2019_MPO,2012-11-08,2012,35.99735,-86.79489,True,0,0,0,,,,,,,,
100250680,Crashes_2010_2019_MPO,2012-11-08,2012,35.97206,-86.86249,False,0,0,0,,,,,,,,
100249985,Crashes_2010_2019_MPO,2012-11-08,2012,36.01625,-86.78591,True,0,0,0,,,,,,,,
100250504,Crashes_2010_2019_MPO,2012-11-08,2012,35.97302,-86.83012,True,0,0,0,,,,,,,,
100250561,Crashes_2010_2019_MPO,2012-11-09,2012,36.03342,-86.78897,True,0,0,0,,,,,,,,
100250790,Crashes_2010_2019_MPO,2012-11-09,2012,35.9899,-86.79963,True,0,0,0,,,,,,,,
100250414,Crashes_2010_2019_MPO,2012-11-09,2012,35.96849,-86.81911,True,0,0,0,,,,,,,,
100251390,Crashes_2010_2019_MPO,2012-11-11,2012,36.03131,-86.78842,True,0,0,0,,,,,,,,
100251849,Crashes_2010_2019_MPO,2012-11-12,2012,35.96607,-86.81396,False,0,0,0,,,,,,,,
100251853,Crashes_2010_2019_MPO,2012-11-12,2012,35.96376,-86.81061,False,0,0,0,,,,,,,,
100251899,Crashes_2010_2019_MPO,2012-11-12,2012,35.98317,-86.71757,True,0,0,0,,,,,,,,
100251855,Crashes_2010_2019_MPO,2012-11-12,2012,35.9592,-86.82389,False,0,0,0,,,,,,,,
10689679,Crashes_2010_2019_MPO,2012-11-12,2012,36.047211,-86.692879,False,0,0,0,,,,,,,,
100251996,Crashes_2010_2019_MPO,2012-11-12,2012,35.96183,-86.77109,True,0,0,0,,,,,,,,