record_no,source_layer,collision_ts,crash_year,latitude,longitude,in_city,fatalities,non_motorists,truck_involved,serious_injuries,pedestrian,bicycle,crash_type,manner_of_collision,lighting,weather,first_harmful_event
100252204,Crashes_2010_2019_MPO,2012-11-12,2012,36.03362,-86.78034,True,0,0,0,,,,,,,,
100252271,Crashes_2010_2019_MPO,2012-11-13,2012,35.99448,-86.7668,True,0,0,0,,,,,,,,
100252400,Crashes_2010_2019_MPO,2012-11-13,2012,35.95184,-86.74151,True,0,0,0,,,,,,,,
100252415,Crashes_2010_2019_MPO,2012-11-13,2012,35.99004,-86.74527,True,0,0,0,,,,,,,,
100252572,Crashes_2010_2019_MPO,2012-11-13,2012,35.97402,-86.80513,True,0,0,0,,,,,,,,
100252667,Crashes_2010_2019_MPO,2012-11-13,2012,35.92743,-86.74134,False,0,0,0,,,,,,,,
100252837,Crashes_2010_2019_MPO,2012-11-13,2012,35.99583,-86.78225,True,0,0,1,,,,,,,,
100252505,Crashes_2010_2019_MPO,2012-11-13,2012,35.97316,-86.83084,True,0,0,0,,,,,,,,
100252885,Crashes_2010_2019_MPO,2012-11-14,2012,35.95162,-86.74169,True,0,0,0,,,,,,,,
100252934,Crashes_2010_2019_MPO,2012-11-14,2012,36.03689,-86.81684,True,0,0,0,,,,,,,,
100252745,Crashes_2010_2019_MPO,2012-11-14,2012,36.00561,-86.78037,True,0,0,0,,,,,,,,
100253307,Crashes_2010_2019_MPO,2012-11-15,2012,35.96915,-86.82681,False,0,0,0,,,,,,,,
100253219,Crashes_2010_2019_MPO,2012-11-15,2012,35.98885,-86.79975,True,0,0,0,,,,,,,,
100253817,Crashes_2010_2019_MPO,2012-11-15,2012,36.03999,-86.86909,True,0,0,1,,,,,,,,
100254022,Crashes_2010_2019_MPO,2012-11-15,2012,35.9724,-86.86029,False,0,0,0,,,,,,,,
100253082,Crashes_2010_2019_MPO,2012-11-15,2012,36.02117,-86.78735,True,0,0,0,,,,,,,,
100254167,Crashes_2010_2019_MPO,2012-11-16,2012,36.01724,-86.79778,True,0,0,0,,,,,,,,
100254100,Crashes_2010_2019_MPO,2012-11-16,2012,36.0078,-86.7872,True,0,0,0,,,,,,,,
100253950,Crashes_2010_2019_MPO,2012-11-16,2012,35.96726,-86.78825,True,0,0,1,,,,,,,,
100255205,Crashes_2010_2019_MPO,2012-11-16,2012,35.99863,-86.80587,True,0,0,0,,,,,,,,
100254265,Crashes_2010_2019_MPO,2012-11-16,2012,35.98217,-86.82932,False,0,0,0,,,,,,,,
100254589,Crashes_2010_2019_MPO,2012-11-17,2012,35.97211,-86.86426,False,0,0,0,,,,,,,,
100255236,Crashes_2010_2019_MPO,2012-11-19,2012,35.96729,-86.81883,True,0,0,0,,,,,,,,
100255425,Crashes_2010_2019_MPO,2012-11-20,2012,36.03552,-86.78747,True,0,0,0,,,,,,,,
100255733,Crashes_2010_2019_MPO,2012-11-20,2012,35.98067,-86.84317,False,0,0,0,,,,,,,,
100264911,Crashes_2010_2019_MPO,2012-11-20,2012,35.97616,-86.80439,True,0,0,0,,,,,,,,
10390639,Crashes_2010_2019_MPO,2012-11-20,2012,36.051128,-86.702103,False,0,0,0,,,,,,,,
100255651,Crashes_2010_2019_MPO,2012-11-20,2012,36.03083,-86.875732,False,0,0,0,,,,,,,,
100255845,Crashes_2010_2019_MPO,2012-11-21,2012,35.9337,-86.81808,False,0,0,0,,,,,,,,
100256246,Crashes_2010_2019_MPO,2012-11-21,2012,35.955742,-86.844566,False,1,0,0,,,,,,,,
100256675,Crashes_2010_2019_MPO,2012-11-23,2012,36.0336,-86.78114,True,0,0,0,,,,,,,,
10387488,Crashes_2010_2019_MPO,2012-11-23,2012,36.048637,-86.715286,False,0,0,0,,,,,,,,
100256990,Crashes_2010_2019_MPO,2012-11-24,2012,35.97088,-86.75476,True,0,0,0,,,,,,,,
100257371,Crashes_2010_2019_MPO,2012-11-24,2012,36.03618,-86.87218,False,0,0,0,,,,,,,,
100257023,Crashes_2010_2019_MPO,2012-11-24,2012,36.03689,-86.81684,True,0,0,0,,,,,,,,
100257037,Crashes_2010_2019_MPO,2012-11-24,2012,36.02502,-86.86447,False,0,0,0,,,,,,,,
100257200,Crashes_2010_2019_MPO,2012-11-24,2012,35.97363,-86.8102,True,0,0,0,,,,,,,,
100257963,Crashes_2010_2019_MPO,2012-11-26,2012,35.96653,-86.80997,True,0,0,0,,,,,,,,
100257749,Crashes_2010_2019_MPO,2012-11-26,2012,35.9492,-86.80707,False,0,0,0,,,,,,,,
100257748,Crashes_2010_2019_MPO,2012-11-26,2012,35.94942,-86.80699,False,0,0,0,,,,,,,,
100258022,Crashes_2010_2019_MPO,2012-11-26,2012,35.98124,-86.852,False,0,0,0,,,,,,,,
100257825,Crashes_2010_2019_MPO,2012-11-26,2012,36.02654,-86.7925,True,0,0,0,,,,,,,,
100257829,Crashes_2010_2019_MPO,2012-11-26,2012,35.98395,-86.72245,True,0,0,0,,,,,,,,
10387494,Crashes_2010_2019_MPO,2012-11-27,2012,36.047125,-86.688271,False,0,0,0,,,,,,,,
100258252,Crashes_2010_2019_MPO,2012-11-27,2012,35.96667,-86.80917,True,0,0,0,,,,,,,,
100258683,Crashes_2010_2019_MPO,2012-11-28,2012,35.9841,-86.72318,True,0,0,0,,,,,,,,
100259174,Crashes_2010_2019_MPO,2012-11-28,2012,35.96789,-86.81809,True,0,0,0,,,,,,,,
100259217,Crashes_2010_2019_MPO,2012-11-28,2012,36.01343,-86.80338,True,0,0,0,,,,,,,,
100259118,Crashes_2010_2019_MPO,2012-11-29,2012,35.97332,-86.83308,True,0,0,0,,,,,,,,
100263252,Crashes_2010_2019_MPO,2012-11-30,2012,36.01449,-86.78565,True,0,0,1,,,,,,,,
100259696,Crashes_2010_2019_MPO,2012-11-30,2012,35.99099,-86.75169,True,0,0,1,,,,,,,,
100260002,Crashes_2010_2019_MPO,2012-11-30,2012,35.99156,-86.79881,True,0,0,0,,,,,,,,
100259973,Crashes_2010_2019_MPO,2012-11-30,2012,36.01305,-86.83527,True,0,0,0,,,,,,,,
10387498,Crashes_2010_2019_MPO,2012-11-30,2012,36.012483,-86.707956,False,0,0,0,,,,,,,,
100260296,Crashes_2010_2019_MPO,2012-12-01,2012,35.9627,-86.8537,False,0,0,0,,,,,,,,
100260472,Crashes_2010_2019_MPO,2012-12-01,2012,35.97983,-86.82276,True,0,0,0,,,,,,,,
100260817,Crashes_2010_2019_MPO,2012-12-02,2012,35.98437,-86.72434,True,0,0,0,,,,,,,,
100260647,Crashes_2010_2019_MPO,2012-12-02,2012,35.99004,-86.74527,True,0,0,0,,,,,,,,
100261103,Crashes_2010_2019_MPO,2012-12-03,2012,35.96708,-86.81356,True,0,0,0,,,,,,,,
100261179,Crashes_2010_2019_MPO,2012-12-03,2012,36.02974,-86.7907,True,0,0,0,,,,,,,,
100261014,Crashes_2010_2019_MPO,2012-12-03,2012,35.95807,-86.85097,False,0,0,1,,,,,,,,
100261174,Crashes_2010_2019_MPO,2012-12-03,2012,35.98803,-86.75221,True,0,0,0,,,,,,,,
100261939,Crashes_2010_2019_MPO,2012-12-04,2012,36.03694,-86.81659,True,0,0,0,,,,,,,,
100261574,Crashes_2010_2019_MPO,2012-12-04,2012,35.99443,-86.69271,True,0,0,1,,,,,,,,
100264481,Crashes_2010_2019_MPO,2012-12-05,2012,35.93087,-86.82012,False,0,0,0,,,,,,,,
100262141,Crashes_2010_2019_MPO,2012-12-05,2012,35.92847,-86.76153,False,0,0,0,,,,,,,,
100262116,Crashes_2010_2019_MPO,2012-12-05,2012,35.938759,-86.879219,False,1,0,0,,,,,,,,
100262188,Crashes_2010_2019_MPO,2012-12-05,2012,36.01733,-86.78647,True,0,0,0,,,,,,,,
100261944,Crashes_2010_2019_MPO,2012-12-05,2012,35.93777,-86.70893,False,0,0,0,,,,,,,,
100262031,Crashes_2010_2019_MPO,2012-12-05,2012,36.00745,-86.85769,False,0,0,0,,,,,,,,
100262219,Crashes_2010_2019_MPO,2012-12-05,2012,35.94979,-86.81353,False,0,0,0,,,,,,,,
100262732,Crashes_2010_2019_MPO,2012-12-06,2012,36.0015,-86.79359,True,0,0,0,,,,,,,,
100262393,Crashes_2010_2019_MPO,2012-12-06,2012,35.93338,-86.81147,False,0,0,0,,,,,,,,
100265105,Crashes_2010_2019_MPO,2012-12-06,2012,35.93155,-86.71479,False,0,0,0,,,,,,,,
100263143,Crashes_2010_2019_MPO,2012-12-07,2012,36.00378,-86.71868,True,0,0,0,,,,,,,,
100263087,Crashes_2010_2019_MPO,2012-12-07,2012,36.01338,-86.80308,True,0,0,0,,,,,,,,
100263212,Crashes_2010_2019_MPO,2012-12-07,2012,35.996,-86.78404,True,0,0,0,,,,,,,,
100262949,Crashes_2010_2019_MPO,2012-12-07,2012,36.02395,-86.81964,True,0,0,0,,,,,,,,
100265118,Crashes_2010_2019_MPO,2012-12-07,2012,35.99042,-86.7992,True,0,0,0,,,,,,,,
100263126,Crashes_2010_2019_MPO,2012-12-07,2012,35.93273,-86.84086,False,0,0,0,,,,,,,,
100263142,Crashes_2010_2019_MPO,2012-12-07,2012,35.9909,-86.7989,True,0,0,0,,,,,,,,
100263088,Crashes_2010_2019_MPO,2012-12-07,2012,36.01337,-86.80296,True,0,0,0,,,,,,,,
100263240,Crashes_2010_2019_MPO,2012-12-07,2012,35.92301,-86.86917,False,0,0,0,,,,,,,,
100263621,Crashes_2010_2019_MPO,2012-12-08,2012,35.95921,-86.81558,False,0,0,0,,,,,,,,
100287603,Crashes_2010_2019_MPO,2012-12-08,2012,36.01286,-86.83346,True,0,0,0,,,,,,,,
100265354,Crashes_2010_2019_MPO,2012-12-08,2012,35.97332,-86.83308,True,0,0,0,,,,,,,,
100263320,Crashes_2010_2019_MPO,2012-12-08,2012,36.03351,-86.78135,True,0,0,0,,,,,,,,
100264235,Crashes_2010_2019_MPO,2012-12-10,2012,35.96411,-86.81063,False,0,0,0,,,,,,,,
100264810,Crashes_2010_2019_MPO,2012-12-10,2012,35.97332,-86.83308,True,0,0,0,,,,,,,,
100264147,Crashes_2010_2019_MPO,2012-12-10,2012,35.93581,-86.76797,False,0,0,0,,,,,,,,
100264234,Crashes_2010_2019_MPO,2012-12-10,2012,35.94686,-86.85162,False,0,0,0,,,,,,,,
100264991,Crashes_2010_2019_MPO,2012-12-10,2012,35.9258,-86.82456,False,0,0,0,,,,,,,,
100264422,Crashes_2010_2019_MPO,2012-12-10,2012,35.99246,-86.81277,True,0,0,0,,,,,,,,
100264210,Crashes_2010_2019_MPO,2012-12-10,2012,36.03296,-86.78287,True,0,0,0,,,,,,,,
100264859,Crashes_2010_2019_MPO,2012-12-11,2012,35.94695,-86.85276,False,0,0,0,,,,,,,,
100265025,Crashes_2010_2019_MPO,2012-12-11,2012,35.94549,-86.82782,False,0,0,0,,,,,,,,
100264776,Crashes_2010_2019_MPO,2012-12-11,2012,36.03559,-86.80852,True,0,0,0,,,,,,,,
100265043,Crashes_2010_2019_MPO,2012-12-11,2012,35.96532,-86.70293,False,0,0,0,,,,,,,,
100265014,Crashes_2010_2019_MPO,2012-12-11,2012,35.93581,-86.81814,False,0,0,0,,,,,,,,
100265023,Crashes_2010_2019_MPO,2012-12-11,2012,35.92738,-86.86871,False,0,0,0,,,,,,,,
100265024,Crashes_2010_2019_MPO,2012-12-11,2012,35.94467,-86.82831,False,0,0,0,,,,,,,,
100265480,Crashes_2010_2019_MPO,2012-12-12,2012,35.937321,-86.87883,False,0,0,0,,,,,,,,
100265477,Crashes_2010_2019_MPO,2012-12-12,2012,35.9265,-86.82553,False,0,0,0,,,,,,,,
100265459,Crashes_2010_2019_MPO,2012-12-12,2012,35.93431,-86.86112,False,0,0,0,,,,,,,,
100265481,Crashes_2010_2019_MPO,2012-12-12,2012,35.94686,-86.85162,False,0,0,0,,,,,,,,
100265547,Crashes_2010_2019_MPO,2012-12-12,2012,35.92477,-86.86982,False,0,0,0,,,,,,,,
100265479,Crashes_2010_2019_MPO,2012-12-12,2012,35.93816,-86.87906,False,0,0,0,,,,,,,,
100265478,Crashes_2010_2019_MPO,2012-12-12,2012,35.95686,-86.84072,False,0,0,0,,,,,,,,
100265458,Crashes_2010_2019_MPO,2012-12-12,2012,35.96602,-86.81148,False,0,0,0,,,,,,,,
100265475,Crashes_2010_2019_MPO,2012-12-12,2012,35.95696,-86.81674,False,0,0,0,,,,,,,,
100265677,Crashes_2010_2019_MPO,2012-12-13,2012,35.94704,-86.82188,False,0,0,0,,,,,,,,
100265969,Crashes_2010_2019_MPO,2012-12-13,2012,35.99727,-86.79683,True,0,0,0,,,,,,,,
100265952,Crashes_2010_2019_MPO,2012-12-13,2012,35.94965,-86.8069,False,0,0,0,,,,,,,,
100265865,Crashes_2010_2019_MPO,2012-12-13,2012,35.97503,-86.80453,True,0,0,0,,,,,,,,
100265957,Crashes_2010_2019_MPO,2012-12-13,2012,35.95716,-86.84344,False,0,0,0,,,,,,,,
100266187,Crashes_2010_2019_MPO,2012-12-13,2012,36.02124,-86.78735,True,0,0,0,,,,,,,,
100266342,Crashes_2010_2019_MPO,2012-12-14,2012,35.99133,-86.79914,True,0,0,0,,,,,,,,
100266873,Crashes_2010_2019_MPO,2012-12-14,2012,35.98307,-86.80198,True,0,0,0,,,,,,,,
100266365,Crashes_2010_2019_MPO,2012-12-14,2012,36.01481,-86.78575,True,0,0,0,,,,,,,,
100266487,Crashes_2010_2019_MPO,2012-12-14,2012,35.96477,-86.81133,False,0,0,0,,,,,,,,
100266483,Crashes_2010_2019_MPO,2012-12-14,2012,35.96927,-86.80308,True,0,0,0,,,,,,,,
100266341,Crashes_2010_2019_MPO,2012-12-14,2012,36.02879,-86.78382,True,0,0,0,,,,,,,,
100266489,Crashes_2010_2019_MPO,2012-12-14,2012,35.93459,-86.8198,False,0,0,0,,,,,,,,
100266180,Crashes_2010_2019_MPO,2012-12-14,2012,36.0308,-86.7834,True,0,0,1,,,,,,,,
100266315,Crashes_2010_2019_MPO,2012-12-14,2012,35.9968,-86.79118,True,0,0,0,,,,,,,,
100272746,Crashes_2010_2019_MPO,2012-12-14,2012,35.9912,-86.68349,False,0,0,0,,,,,,,,
100266488,Crashes_2010_2019_MPO,2012-12-14,2012,35.94825,-86.81407,False,0,0,0,,,,,,,,
100266647,Crashes_2010_2019_MPO,2012-12-15,2012,35.98911,-86.70402,True,0,0,0,,,,,,,,
100267842,Crashes_2010_2019_MPO,2012-12-17,2012,36.01331,-86.80259,True,0,0,0,,,,,,,,
100267860,Crashes_2010_2019_MPO,2012-12-17,2012,35.96124,-86.81185,False,0,0,0,,,,,,,,
100268885,Crashes_2010_2019_MPO,2012-12-17,2012,35.95868,-86.80466,False,0,0,0,,,,,,,,
100267886,Crashes_2010_2019_MPO,2012-12-17,2012,35.995,-86.77287,True,0,0,0,,,,,,,,
100267912,Crashes_2010_2019_MPO,2012-12-17,2012,35.96722,-86.81353,True,0,0,0,,,,,,,,
100267861,Crashes_2010_2019_MPO,2012-12-17,2012,35.95226,-86.81906,False,0,0,0,,,,,,,,
100269398,Crashes_2010_2019_MPO,2012-12-17,2012,36.03151,-86.87546,False,0,0,0,,,,,,,,
100267809,Crashes_2010_2019_MPO,2012-12-17,2012,35.96174,-86.80177,True,0,0,0,,,,,,,,
100267879,Crashes_2010_2019_MPO,2012-12-17,2012,35.97382,-86.83454,False,0,0,0,,,,,,,,
100267624,Crashes_2010_2019_MPO,2012-12-17,2012,36.01689,-86.78609,True,0,0,0,,,,,,,,
100268870,Crashes_2010_2019_MPO,2012-12-17,2012,35.97233,-86.86038,False,0,0,0,,,,,,,,
100267806,Crashes_2010_2019_MPO,2012-12-17,2012,36.03397,-86.80165,True,0,0,0,,,,,,,,
100267760,Crashes_2010_2019_MPO,2012-12-17,2012,35.96476,-86.81512,True,0,0,0,,,,,,,,
100267625,Crashes_2010_2019_MPO,2012-12-17,2012,35.96499,-86.72749,True,0,0,0,,,,,,,,
10689894,Crashes_2010_2019_MPO,2012-12-17,2012,36.012081,-86.689217,False,0,0,0,,,,,,,,
100268886,Crashes_2010_2019_MPO,2012-12-18,2012,35.92724,-86.87402,False,0,0,0,,,,,,,,
100268294,Crashes_2010_2019_MPO,2012-12-18,2012,35.979,-86.80315,True,0,0,0,,,,,,,,
100268171,Crashes_2010_2019_MPO,2012-12-18,2012,35.96452,-86.78931,True,0,0,0,,,,,,,,
100268646,Crashes_2010_2019_MPO,2012-12-18,2012,35.97736,-86.7768,True,0,0,0,,,,,,,,
100268402,Crashes_2010_2019_MPO,2012-12-18,2012,35.9666,-86.81371,True,0,0,0,,,,,,,,
100268757,Crashes_2010_2019_MPO,2012-12-19,2012,35.93841,-86.8277,False,0,0,0,,,,,,,,
100268880,Crashes_2010_2019_MPO,2012-12-19,2012,35.93985,-86.879509,False,0,0,0,,,,,,,,
100268923,Crashes_2010_2019_MPO,2012-12-19,2012,35.94432,-86.82855,False,0,0,0,,,,,,,,
100271640,Crashes_2010_2019_MPO,2012-12-19,2012,35.93581,-86.81814,False,0,0,0,,,,,,,,
100268681,Crashes_2010_2019_MPO,2012-12-19,2012,35.96985,-86.72353,True,0,0,0,,,,,,,,
100268584,Crashes_2010_2019_MPO,2012-12-19,2012,35.96665,-86.80924,True,0,0,0,,,,,,,,
100269546,Crashes_2010_2019_MPO,2012-12-20,2012,35.93344,-86.81164,False,0,0,1,,,,,,,,
100269271,Crashes_2010_2019_MPO,2012-12-20,2012,35.96749,-86.8162,True,0,0,0,,,,,,,,
100269233,Crashes_2010_2019_MPO,2012-12-20,2012,35.96665,-86.80941,True,0,0,0,,,,,,,,
100269296,Crashes_2010_2019_MPO,2012-12-20,2012,35.94761,-86.81992,False,0,0,0,,,,,,,,
100269193,Crashes_2010_2019_MPO,2012-12-20,2012,35.94684,-86.81144,False,0,0,0,,,,,,,,
100269472,Crashes_2010_2019_MPO,2012-12-20,2012,35.96671,-86.8091,True,0,0,0,,,,,,,,
100269449,Crashes_2010_2019_MPO,2012-12-20,2012,35.96708,-86.81356,True,0,0,0,,,,,,,,
100270016,Crashes_2010_2019_MPO,2012-12-20,2012,35.97078,-86.80642,True,0,0,0,,,,,,,,
100269982,Crashes_2010_2019_MPO,2012-12-21,2012,35.99735,-86.79484,True,0,0,0,,,,,,,,
100269901,Crashes_2010_2019_MPO,2012-12-21,2012,35.99512,-86.77447,True,0,0,0,,,,,,,,
100270150,Crashes_2010_2019_MPO,2012-12-21,2012,35.94173,-86.82105,False,0,0,0,,,,,,,,
100270151,Crashes_2010_2019_MPO,2012-12-21,2012,35.92381,-86.87141,False,0,0,0,,,,,,,,
100269621,Crashes_2010_2019_MPO,2012-12-21,2012,35.9649,-86.79312,True,0,0,0,,,,,,,,
100270652,Crashes_2010_2019_MPO,2012-12-21,2012,35.93789,-86.7081,False,0,0,0,,,,,,,,
100269791,Crashes_2010_2019_MPO,2012-12-21,2012,35.95791,-86.7388,True,0,0,0,,,,,,,,
100269916,Crashes_2010_2019_MPO,2012-12-21,2012,35.9498,-86.81328,False,0,0,0,,,,,,,,
100270152,Crashes_2010_2019_MPO,2012-12-21,2012,35.95785,-86.80256,False,0,0,0,,,,,,,,
100269931,Crashes_2010_2019_MPO,2012-12-21,2012,35.9498,-86.81328,False,0,0,0,,,,,,,,
100271204,Crashes_2010_2019_MPO,2012-12-21,2012,35.95506,-86.81173,False,0,0,0,,,,,,,,
100270144,Crashes_2010_2019_MPO,2012-12-22,2012,36.0011,-86.8311,False,0,0,0,,,,,,,,
100270397,Crashes_2010_2019_MPO,2012-12-22,2012,35.95702,-86.81653,False,0,0,0,,,,,,,,
100270333,Crashes_2010_2019_MPO,2012-12-22,2012,35.9635,-86.80087,True,0,0,0,,,,,,,,
100270361,Crashes_2010_2019_MPO,2012-12-22,2012,35.98178,-86.77722,True,0,0,0,,,,,,,,
100270396,Crashes_2010_2019_MPO,2012-12-22,2012,35.95077,-86.81845,False,0,0,0,,,,,,,,
100270275,Crashes_2010_2019_MPO,2012-12-22,2012,35.9873,-86.8004,True,0,0,0,,,,,,,,
100270395,Crashes_2010_2019_MPO,2012-12-22,2012,35.96301,-86.81501,False,0,0,0,,,,,,,,
100270593,Crashes_2010_2019_MPO,2012-12-23,2012,35.99551,-86.77889,True,0,0,0,,,,,,,,
100270734,Crashes_2010_2019_MPO,2012-12-23,2012,35.9659,-86.80587,True,0,0,0,,,,,,,,
100270980,Crashes_2010_2019_MPO,2012-12-24,2012,35.94709,-86.83266,False,0,0,0,,,,,,,,
100270890,Crashes_2010_2019_MPO,2012-12-24,2012,36.01485,-86.7815,True,0,0,0,,,,,,,,
100271368,Crashes_2010_2019_MPO,2012-12-25,2012,35.99644,-86.788,True,0,0,0,,,,,,,,
100271517,Crashes_2010_2019_MPO,2012-12-26,2012,35.93911,-86.81724,False,0,0,0,,,,,,,,
100271463,Crashes_2010_2019_MPO,2012-12-26,2012,35.94135,-86.81647,False,0,0,0,,,,,,,,
100279044,Crashes_2010_2019_MPO,2012-12-27,2012,36.05366,-86.7149,False,0,0,0,,,,,,,,
100272033,Crashes_2010_2019_MPO,2012-12-27,2012,35.96655,-86.80996,True,0,0,0,,,,,,,,
100272042,Crashes_2010_2019_MPO,2012-12-27,2012,35.93473,-86.82059,False,0,0,0,,,,,,,,
100272028,Crashes_2010_2019_MPO,2012-12-27,2012,36.0016,-86.7938,True,0,0,0,,,,,,,,
100272524,Crashes_2010_2019_MPO,2012-12-28,2012,35.95077,-86.81845,False,0,0,0,,,,,,,,
100272880,Crashes_2010_2019_MPO,2012-12-28,2012,35.94365,-86.821,False,0,0,0,,,,,,,,
100272743,Crashes_2010_2019_MPO,2012-12-28,2012,35.94091,-86.83944,False,0,0,0,,,,,,,,
100272525,Crashes_2010_2019_MPO,2012-12-28,2012,35.92312,-86.82257,False,0,0,0,,,,,,,,
100272411,Crashes_2010_2019_MPO,2012-12-28,2012,36.00578,-86.86858,False,0,0,0,,,,,,,,
100272526,Crashes_2010_2019_MPO,2012-12-28,2012,35.9572,-86.81647,False,0,0,0,,,,,,,,
100272168,Crashes_2010_2019_MPO,2012-12-28,2012,35.97216,-86.86334,False,0,0,0,,,,,,,,
100317287,Crashes_2010_2019_MPO,2012-12-28,2012,35.93494,-86.77688,False,0,0,0,,,,,,,,
100272347,Crashes_2010_2019_MPO,2012-12-28,2012,35.94848,-86.81974,False,0,0,0,,,,,,,,
100272744,Crashes_2010_2019_MPO,2012-12-28,2012,35.92674,-86.87005,False,0,0,0,,,,,,,,
100273045,Crashes_2010_2019_MPO,2012-12-29,2012,35.92374,-86.87166,False,0,1,0,,,,,,,,
100272881,Crashes_2010_2019_MPO,2012-12-29,2012,35.94746,-86.81425,False,0,0,0,,,,,,,,
100272883,Crashes_2010_2019_MPO,2012-12-29,2012,35.93296,-86.78254,False,0,0,0,,,,,,,,
100272707,Crashes_2010_2019_MPO,2012-12-29,2012,35.93756,-86.79638,False,0,0,0,,,,,,,,
100272882,Crashes_2010_2019_MPO,2012-12-29,2012,35.93291,-86.78292,False,0,0,0,,,,,,,,
100272822,Crashes_2010_2019_MPO,2012-12-29,2012,35.92939,-86.84202,False,0,0,0,,,,,,,,
100272854,Crashes_2010_2019_MPO,2012-12-29,2012,35.99731,-86.79489,True,0,0,0,,,,,,,,
100272857,Crashes_2010_2019_MPO,2012-12-29,2012,35.99758,-86.79685,True,0,0,0,,,,,,,,
100273528,Crashes_2010_2019_MPO,2012-12-31,2012,35.9572,-86.81647,False,0,0,0,,,,,,,,
100274090,Crashes_2010_2019_MPO,2012-12-31,2012,35.99004,-86.74527,True,0,0,0,,,,,,,,
100273530,Crashes_2010_2019_MPO,2012-12-31,2012,35.95014,-86.80678,False,0,0,0,,,,,,,,
100273529,Crashes_2010_2019_MPO,2012-12-31,2012,35.94817,-86.8174,False,0,0,0,,,,,,,,
100273750,Crashes_2010_2019_MPO,2013-01-01,2013,35.9488,-86.81966,False,0,0,0,,,,,,,,
100274073,Crashes_2010_2019_MPO,2013-01-02,2013,36.03521,-86.78691,True,0,0,0,,,,,,,,
100274149,Crashes_2010_2019_MPO,2013-01-02,2013,35.94876,-86.81154,False,0,0,0,,,,,,,,
100273907,Crashes_2010_2019_MPO,2013-01-02,2013,35.9271,-86.7184,False,0,0,0,,,,,,,,
100274603,Crashes_2010_2019_MPO,2013-01-02,2013,35.94782,-86.81897,False,0,0,0,,,,,,,,
100274255,Crashes_2010_2019_MPO,2013-01-02,2013,35.946999,-86.813721,False,1,0,0,,,,,,,,
100274165,Crashes_2010_2019_MPO,2013-01-02,2013,35.96705,-86.81341,True,0,0,0,,,,,,,,
100274223,Crashes_2010_2019_MPO,2013-01-02,2013,35.95291,-86.82735,False,0,0,1,,,,,,,,
100274867,Crashes_2010_2019_MPO,2013-01-03,2013,35.99708,-86.79715,True,0,0,0,,,,,,,,
100274711,Crashes_2010_2019_MPO,2013-01-03,2013,35.95204,-86.81806,False,0,0,0,,,,,,,,
100274950,Crashes_2010_2019_MPO,2013-01-04,2013,35.96175,-86.80191,True,0,0,0,,,,,,,,
100275073,Crashes_2010_2019_MPO,2013-01-04,2013,36.04038,-86.74405,False,0,0,1,,,,,,,,
100275069,Crashes_2010_2019_MPO,2013-01-04,2013,35.96478,-86.81425,False,0,0,0,,,,,,,,
100275576,Crashes_2010_2019_MPO,2013-01-05,2013,35.95234,-86.81799,False,0,0,0,,,,,,,,
100275582,Crashes_2010_2019_MPO,2013-01-06,2013,35.92307,-86.81569,False,0,0,0,,,,,,,,
100275961,Crashes_2010_2019_MPO,2013-01-07,2013,35.98425,-86.72385,True,0,0,1,,,,,,,,
100276101,Crashes_2010_2019_MPO,2013-01-07,2013,35.99417,-86.76405,True,0,0,0,,,,,,,,
100276472,Crashes_2010_2019_MPO,2013-01-08,2013,35.99597,-86.78377,True,0,0,0,,,,,,,,
100277264,Crashes_2010_2019_MPO,2013-01-09,2013,35.99899,-86.79623,True,0,0,0,,,,,,,,
100276939,Crashes_2010_2019_MPO,2013-01-09,2013,36.03313,-86.78328,True,0,0,0,,,,,,,,
100276583,Crashes_2010_2019_MPO,2013-01-09,2013,35.92618,-86.72673,False,0,0,0,,,,,,,,
100276592,Crashes_2010_2019_MPO,2013-01-09,2013,36.00807,-86.80435,True,0,0,0,,,,,,,,
100277070,Crashes_2010_2019_MPO,2013-01-09,2013,35.93461,-86.82012,False,0,0,0,,,,,,,,
100277071,Crashes_2010_2019_MPO,2013-01-09,2013,35.92932,-86.8131,False,0,0,0,,,,,,,,
100276970,Crashes_2010_2019_MPO,2013-01-09,2013,35.97005,-86.72504,True,0,0,0,,,,,,,,
100277164,Crashes_2010_2019_MPO,2013-01-09,2013,36.00758,-86.78731,True,0,0,0,,,,,,,,
100277424,Crashes_2010_2019_MPO,2013-01-10,2013,35.94693,-86.81182,False,0,0,0,,,,,,,,
100277450,Crashes_2010_2019_MPO,2013-01-10,2013,36.03411,-86.81725,True,0,0,0,,,,,,,,
100277572,Crashes_2010_2019_MPO,2013-01-10,2013,35.93874,-86.87921,False,0,0,0,,,,,,,,
100277477,Crashes_2010_2019_MPO,2013-01-10,2013,35.96124,-86.73842,True,0,0,0,,,,,,,,
100277326,Crashes_2010_2019_MPO,2013-01-10,2013,35.92365,-86.86783,False,0,0,0,,,,,,,,
100277423,Crashes_2010_2019_MPO,2013-01-10,2013,35.93189,-86.79438,False,0,0,0,,,,,,,,
100277855,Crashes_2010_2019_MPO,2013-01-10,2013,35.92645,-86.82484,False,0,0,0,,,,,,,,
100277684,Crashes_2010_2019_MPO,2013-01-10,2013,35.96978,-86.72427,True,0,0,0,,,,,,,,
100277349,Crashes_2010_2019_MPO,2013-01-10,2013,35.97079,-86.72669,True,0,0,0,,,,,,,,
100277211,Crashes_2010_2019_MPO,2013-01-10,2013,36.0182,-86.77307,True,0,0,0,,,,,,,,
100277856,Crashes_2010_2019_MPO,2013-01-11,2013,35.95816,-86.80212,False,0,0,0,,,,,,,,
100278183,Crashes_2010_2019_MPO,2013-01-11,2013,35.92471,-86.87219,False,0,0,0,,,,,,,,
100277901,Crashes_2010_2019_MPO,2013-01-11,2013,35.95868,-86.81044,False,0,0,0,,,,,,,,
100277825,Crashes_2010_2019_MPO,2013-01-11,2013,35.95725,-86.84337,False,0,0,0,,,,,,,,
100277677,Crashes_2010_2019_MPO,2013-01-11,2013,35.97776,-86.80359,True,0,0,0,,,,,,,,