record_no,source_layer,collision_ts,crash_year,latitude,longitude,in_city,fatalities,non_motorists,truck_involved,serious_injuries,pedestrian,bicycle,crash_type,manner_of_collision,lighting,weather,first_harmful_event
100278074,Crashes_2010_2019_MPO,2013-01-12,2013,36.03257,-86.785172,True,0,0,0,,,,,,,,
100278184,Crashes_2010_2019_MPO,2013-01-12,2013,35.94662,-86.85136,False,0,0,0,,,,,,,,
10817804,Crashes_2010_2019_MPO,2013-01-12,2013,36.04473,-86.68665,False,0,0,0,,,,,,,,
100278073,Crashes_2010_2019_MPO,2013-01-12,2013,36.01389,-86.78523,True,0,0,0,,,,,,,,
100278192,Crashes_2010_2019_MPO,2013-01-12,2013,35.96416,-86.81005,False,0,0,0,,,,,,,,
100278098,Crashes_2010_2019_MPO,2013-01-12,2013,35.96017,-86.83038,False,0,0,0,,,,,,,,
100278242,Crashes_2010_2019_MPO,2013-01-12,2013,35.98107,-86.85354,False,0,0,0,,,,,,,,
100279306,Crashes_2010_2019_MPO,2013-01-14,2013,35.93422,-86.8186,False,0,0,0,,,,,,,,
100279573,Crashes_2010_2019_MPO,2013-01-15,2013,35.96665,-86.80941,True,0,0,0,,,,,,,,
100280048,Crashes_2010_2019_MPO,2013-01-15,2013,35.92466,-86.87006,False,0,0,0,,,,,,,,
100279757,Crashes_2010_2019_MPO,2013-01-15,2013,35.92391,-86.84095,False,0,0,0,,,,,,,,
100280365,Crashes_2010_2019_MPO,2013-01-16,2013,35.94463,-86.80908,False,0,0,0,,,,,,,,
100284848,Crashes_2010_2019_MPO,2013-01-16,2013,35.9287,-86.7476,False,0,0,0,,,,,,,,
100280421,Crashes_2010_2019_MPO,2013-01-16,2013,35.96688,-86.81232,True,0,0,0,,,,,,,,
100280272,Crashes_2010_2019_MPO,2013-01-16,2013,35.96505,-86.80014,True,0,0,0,,,,,,,,
100280046,Crashes_2010_2019_MPO,2013-01-16,2013,35.99679,-86.79113,True,0,0,1,,,,,,,,
100280651,Crashes_2010_2019_MPO,2013-01-16,2013,35.98561,-86.73796,True,0,0,0,,,,,,,,
100280236,Crashes_2010_2019_MPO,2013-01-16,2013,35.94673,-86.85172,False,0,0,0,,,,,,,,
100280218,Crashes_2010_2019_MPO,2013-01-16,2013,35.94063,-86.83934,False,0,0,0,,,,,,,,
100280364,Crashes_2010_2019_MPO,2013-01-16,2013,35.94693,-86.82164,False,0,0,0,,,,,,,,
100283053,Crashes_2010_2019_MPO,2013-01-17,2013,36.02856,-86.87664,False,0,0,0,,,,,,,,
100280819,Crashes_2010_2019_MPO,2013-01-17,2013,35.96539,-86.79781,True,0,0,0,,,,,,,,
100280720,Crashes_2010_2019_MPO,2013-01-17,2013,35.96474,-86.81506,True,0,1,0,,,,,,,,
100280840,Crashes_2010_2019_MPO,2013-01-17,2013,35.93477,-86.82389,False,0,0,0,,,,,,,,
100281295,Crashes_2010_2019_MPO,2013-01-17,2013,35.946739,-86.813438,False,1,0,0,,,,,,,,
100280768,Crashes_2010_2019_MPO,2013-01-17,2013,35.96518,-86.80021,True,0,0,0,,,,,,,,
100281256,Crashes_2010_2019_MPO,2013-01-18,2013,35.98458,-86.74049,True,0,0,0,,,,,,,,
100281765,Crashes_2010_2019_MPO,2013-01-18,2013,36.02555,-86.78543,True,0,0,0,,,,,,,,
100281241,Crashes_2010_2019_MPO,2013-01-18,2013,35.96706,-86.80876,True,0,0,0,,,,,,,,
100281753,Crashes_2010_2019_MPO,2013-01-18,2013,35.92397,-86.86929,False,0,0,0,,,,,,,,
100282744,Crashes_2010_2019_MPO,2013-01-18,2013,35.95248,-86.84719,False,0,0,0,,,,,,,,
100281755,Crashes_2010_2019_MPO,2013-01-19,2013,35.95214,-86.81803,False,0,0,0,,,,,,,,
100282092,Crashes_2010_2019_MPO,2013-01-20,2013,35.92849,-86.76411,False,0,0,0,,,,,,,,
100282358,Crashes_2010_2019_MPO,2013-01-21,2013,35.96665,-86.80941,True,0,0,0,,,,,,,,
100282461,Crashes_2010_2019_MPO,2013-01-21,2013,35.98493,-86.80109,True,0,0,0,,,,,,,,
100282314,Crashes_2010_2019_MPO,2013-01-21,2013,35.99004,-86.74527,True,0,0,0,,,,,,,,
100282631,Crashes_2010_2019_MPO,2013-01-22,2013,36.00452,-86.84167,False,0,0,0,,,,,,,,
100283037,Crashes_2010_2019_MPO,2013-01-22,2013,36.02782,-86.79177,True,0,0,0,,,,,,,,
100282695,Crashes_2010_2019_MPO,2013-01-22,2013,35.99743,-86.79556,True,0,0,0,,,,,,,,
100282838,Crashes_2010_2019_MPO,2013-01-22,2013,35.96666,-86.80919,True,0,0,0,,,,,,,,
100282757,Crashes_2010_2019_MPO,2013-01-22,2013,35.93002,-86.82429,False,0,0,0,,,,,,,,
100282649,Crashes_2010_2019_MPO,2013-01-22,2013,35.9583,-86.80229,False,0,0,0,,,,,,,,
100283139,Crashes_2010_2019_MPO,2013-01-23,2013,36.01655,-86.78625,True,0,0,0,,,,,,,,
100282875,Crashes_2010_2019_MPO,2013-01-23,2013,36.015,-86.81263,True,0,0,0,,,,,,,,
100285894,Crashes_2010_2019_MPO,2013-01-23,2013,36.03351,-86.78322,True,0,0,0,,,,,,,,
100283159,Crashes_2010_2019_MPO,2013-01-23,2013,35.97776,-86.80359,True,0,0,0,,,,,,,,
100283143,Crashes_2010_2019_MPO,2013-01-23,2013,35.947,-86.76677,True,0,0,0,,,,,,,,
100283120,Crashes_2010_2019_MPO,2013-01-23,2013,35.92841,-86.82453,False,0,0,0,,,,,,,,
100283433,Crashes_2010_2019_MPO,2013-01-24,2013,35.95078,-86.80645,False,0,0,0,,,,,,,,
100283619,Crashes_2010_2019_MPO,2013-01-24,2013,35.95924,-86.80209,False,0,0,0,,,,,,,,
100283455,Crashes_2010_2019_MPO,2013-01-24,2013,35.9377,-86.7035,False,0,0,0,,,,,,,,
100284006,Crashes_2010_2019_MPO,2013-01-25,2013,35.96708,-86.81356,True,0,0,0,,,,,,,,
100284151,Crashes_2010_2019_MPO,2013-01-25,2013,35.94638,-86.8087,False,0,0,0,,,,,,,,
100283802,Crashes_2010_2019_MPO,2013-01-25,2013,36.03242,-86.78517,True,0,0,0,,,,,,,,
100284148,Crashes_2010_2019_MPO,2013-01-25,2013,35.95223,-86.81884,False,0,0,0,,,,,,,,
100285748,Crashes_2010_2019_MPO,2013-01-25,2013,35.9498,-86.81328,False,0,0,0,,,,,,,,
100285717,Crashes_2010_2019_MPO,2013-01-26,2013,35.92744,-86.82431,False,0,0,0,,,,,,,,
100284868,Crashes_2010_2019_MPO,2013-01-26,2013,35.96665,-86.80933,True,0,0,0,,,,,,,,
100284644,Crashes_2010_2019_MPO,2013-01-27,2013,35.99485,-86.82888,True,0,0,0,,,,,,,,
100288572,Crashes_2010_2019_MPO,2013-01-28,2013,35.99156,-86.79881,True,0,0,0,,,,,,,,
100285011,Crashes_2010_2019_MPO,2013-01-28,2013,35.99407,-86.69293,True,0,0,0,,,,,,,,
100284920,Crashes_2010_2019_MPO,2013-01-28,2013,35.96665,-86.80933,True,0,0,0,,,,,,,,
100285134,Crashes_2010_2019_MPO,2013-01-28,2013,35.98338,-86.80162,True,0,0,0,,,,,,,,
100285703,Crashes_2010_2019_MPO,2013-01-29,2013,35.98624,-86.73643,True,0,0,0,,,,,,,,
100285306,Crashes_2010_2019_MPO,2013-01-29,2013,35.94173,-86.82105,False,0,0,1,,,,,,,,
100285236,Crashes_2010_2019_MPO,2013-01-29,2013,35.99764,-86.79736,True,0,0,0,,,,,,,,
100285739,Crashes_2010_2019_MPO,2013-01-30,2013,36.03514,-86.80579,True,0,0,0,,,,,,,,
100287983,Crashes_2010_2019_MPO,2013-01-30,2013,35.95226,-86.81904,False,0,0,0,,,,,,,,
100285651,Crashes_2010_2019_MPO,2013-01-30,2013,36.02623,-86.82786,True,0,0,0,,,,,,,,
100285594,Crashes_2010_2019_MPO,2013-01-30,2013,35.9639,-86.80049,True,0,0,0,,,,,,,,
100285709,Crashes_2010_2019_MPO,2013-01-30,2013,35.94666,-86.83156,False,0,0,0,,,,,,,,
100285640,Crashes_2010_2019_MPO,2013-01-30,2013,35.95429,-86.81208,False,0,0,0,,,,,,,,
100286310,Crashes_2010_2019_MPO,2013-01-31,2013,35.9927,-86.70049,True,0,0,0,,,,,,,,
100286290,Crashes_2010_2019_MPO,2013-01-31,2013,35.94483,-86.82867,False,0,0,0,,,,,,,,
100286240,Crashes_2010_2019_MPO,2013-01-31,2013,35.99518,-86.77522,True,0,0,0,,,,,,,,
100286107,Crashes_2010_2019_MPO,2013-01-31,2013,35.93921,-86.83597,False,0,0,0,,,,,,,,
100286664,Crashes_2010_2019_MPO,2013-01-31,2013,35.92396,-86.87935,False,0,0,0,,,,,,,,
100286130,Crashes_2010_2019_MPO,2013-01-31,2013,35.94782,-86.81897,False,0,0,0,,,,,,,,
100286663,Crashes_2010_2019_MPO,2013-02-01,2013,35.95523,-86.82587,False,0,0,0,,,,,,,,
100286661,Crashes_2010_2019_MPO,2013-02-01,2013,35.95653,-86.81495,False,0,0,0,,,,,,,,
100288287,Crashes_2010_2019_MPO,2013-02-01,2013,35.9242,-86.869,False,0,0,0,,,,,,,,
100286662,Crashes_2010_2019_MPO,2013-02-01,2013,35.94689,-86.85175,False,0,0,0,,,,,,,,
100286413,Crashes_2010_2019_MPO,2013-02-01,2013,35.93466,-86.86086,False,0,0,0,,,,,,,,
100286507,Crashes_2010_2019_MPO,2013-02-01,2013,35.93502,-86.85223,False,0,0,0,,,,,,,,
100286759,Crashes_2010_2019_MPO,2013-02-01,2013,35.93051,-86.87622,False,0,0,0,,,,,,,,
100287366,Crashes_2010_2019_MPO,2013-02-02,2013,36.02837,-86.85746,False,0,0,0,,,,,,,,
100291595,Crashes_2010_2019_MPO,2013-02-02,2013,36.02129,-86.78708,True,0,0,0,,,,,,,,
100290274,Crashes_2010_2019_MPO,2013-02-02,2013,36.01302,-86.78498,True,0,0,0,,,,,,,,
100286947,Crashes_2010_2019_MPO,2013-02-02,2013,35.9991,-86.74323,True,0,0,0,,,,,,,,
100287513,Crashes_2010_2019_MPO,2013-02-02,2013,35.95941,-86.73896,True,0,0,0,,,,,,,,
100286993,Crashes_2010_2019_MPO,2013-02-02,2013,35.95217,-86.81824,False,0,0,0,,,,,,,,
100286956,Crashes_2010_2019_MPO,2013-02-02,2013,35.9399,-86.83878,False,0,0,1,,,,,,,,
100287303,Crashes_2010_2019_MPO,2013-02-02,2013,35.97185,-86.86161,False,0,0,0,,,,,,,,
100286936,Crashes_2010_2019_MPO,2013-02-02,2013,35.99358,-86.75929,True,0,0,0,,,,,,,,
100286981,Crashes_2010_2019_MPO,2013-02-02,2013,35.96584,-86.80586,True,0,0,0,,,,,,,,
100290675,Crashes_2010_2019_MPO,2013-02-02,2013,36.01194,-86.78484,True,0,0,0,,,,,,,,
100287538,Crashes_2010_2019_MPO,2013-02-03,2013,35.98325,-86.71739,True,0,0,0,,,,,,,,
100287602,Crashes_2010_2019_MPO,2013-02-03,2013,36.01689,-86.78609,True,0,0,1,,,,,,,,
100287298,Crashes_2010_2019_MPO,2013-02-03,2013,35.99743,-86.79547,True,0,0,0,,,,,,,,
100287997,Crashes_2010_2019_MPO,2013-02-04,2013,35.95051,-86.76621,True,0,0,0,,,,,,,,
100288109,Crashes_2010_2019_MPO,2013-02-04,2013,35.98619,-86.75223,True,0,0,0,,,,,,,,
100288131,Crashes_2010_2019_MPO,2013-02-04,2013,35.94092,-86.76763,True,0,0,0,,,,,,,,
100288494,Crashes_2010_2019_MPO,2013-02-05,2013,35.9838,-86.75231,True,0,0,0,,,,,,,,
100288678,Crashes_2010_2019_MPO,2013-02-05,2013,36.02753,-86.78414,True,0,0,0,,,,,,,,
100288391,Crashes_2010_2019_MPO,2013-02-05,2013,35.92547,-86.87275,False,0,0,0,,,,,,,,
100288598,Crashes_2010_2019_MPO,2013-02-05,2013,36.01569,-86.84557,True,0,0,0,,,,,,,,
100288672,Crashes_2010_2019_MPO,2013-02-06,2013,35.99924,-86.80919,True,0,0,1,,,,,,,,
100288675,Crashes_2010_2019_MPO,2013-02-06,2013,36.0343,-86.79174,True,0,0,0,,,,,,,,
100288880,Crashes_2010_2019_MPO,2013-02-06,2013,35.93313,-86.81153,False,0,0,0,,,,,,,,
100289479,Crashes_2010_2019_MPO,2013-02-07,2013,35.92587,-86.87188,False,0,0,0,,,,,,,,
100289506,Crashes_2010_2019_MPO,2013-02-07,2013,35.95887,-86.81613,False,0,0,0,,,,,,,,
100290082,Crashes_2010_2019_MPO,2013-02-07,2013,36.02738,-86.78445,True,0,0,0,,,,,,,,
100289493,Crashes_2010_2019_MPO,2013-02-07,2013,35.93407,-86.8191,False,0,0,0,,,,,,,,
100290014,Crashes_2010_2019_MPO,2013-02-08,2013,36.01284,-86.80082,True,0,0,0,,,,,,,,
100290235,Crashes_2010_2019_MPO,2013-02-08,2013,35.94816,-86.81769,False,0,0,0,,,,,,,,
100289720,Crashes_2010_2019_MPO,2013-02-08,2013,36.03451,-86.8027,True,0,0,0,,,,,,,,
100290413,Crashes_2010_2019_MPO,2013-02-09,2013,35.95842,-86.80225,False,0,0,0,,,,,,,,
100290415,Crashes_2010_2019_MPO,2013-02-09,2013,35.94646,-86.85194,False,0,0,0,,,,,,,,
10704455,Crashes_2010_2019_MPO,2013-02-10,2013,36.0,-86.81,True,0,0,0,,,,,,,,
100291437,Crashes_2010_2019_MPO,2013-02-11,2013,36.03456,-86.80282,True,0,0,0,,,,,,,,
100291195,Crashes_2010_2019_MPO,2013-02-11,2013,35.99534,-86.77703,True,0,0,0,,,,,,,,
100291186,Crashes_2010_2019_MPO,2013-02-11,2013,35.98243,-86.75262,True,0,0,0,,,,,,,,
100291436,Crashes_2010_2019_MPO,2013-02-11,2013,36.0359,-86.80889,True,0,0,1,,,,,,,,
100291185,Crashes_2010_2019_MPO,2013-02-11,2013,35.94825,-86.76637,True,0,0,0,,,,,,,,
100291637,Crashes_2010_2019_MPO,2013-02-12,2013,35.96437,-86.78789,True,0,0,0,,,,,,,,
100291838,Crashes_2010_2019_MPO,2013-02-12,2013,35.92638,-86.80126,False,0,0,0,,,,,,,,
100291839,Crashes_2010_2019_MPO,2013-02-12,2013,35.94548,-86.87513,False,0,0,0,,,,,,,,
100291621,Crashes_2010_2019_MPO,2013-02-12,2013,35.95396,-86.7667,True,0,0,0,,,,,,,,
100292013,Crashes_2010_2019_MPO,2013-02-13,2013,36.03011,-86.7905,True,0,0,0,,,,,,,,
100292236,Crashes_2010_2019_MPO,2013-02-13,2013,35.97011,-86.80623,True,0,0,0,,,,,,,,
100292214,Crashes_2010_2019_MPO,2013-02-13,2013,35.93499,-86.82153,False,0,0,0,,,,,,,,
10690831,Crashes_2010_2019_MPO,2013-02-13,2013,36.05279,-86.68657,False,0,0,0,,,,,,,,
100292570,Crashes_2010_2019_MPO,2013-02-14,2013,36.0086,-86.78627,True,0,0,0,,,,,,,,
100292404,Crashes_2010_2019_MPO,2013-02-14,2013,35.99551,-86.77889,True,0,0,0,,,,,,,,
100292596,Crashes_2010_2019_MPO,2013-02-14,2013,35.96653,-86.80997,True,0,0,0,,,,,,,,
100292722,Crashes_2010_2019_MPO,2013-02-14,2013,35.94353,-86.84444,False,0,0,0,,,,,,,,
100292586,Crashes_2010_2019_MPO,2013-02-14,2013,35.95617,-86.80357,False,0,0,0,,,,,,,,
100293099,Crashes_2010_2019_MPO,2013-02-15,2013,35.95525,-86.82602,False,0,0,0,,,,,,,,
100293114,Crashes_2010_2019_MPO,2013-02-15,2013,35.96746,-86.72763,True,0,0,0,,,,,,,,
100293584,Crashes_2010_2019_MPO,2013-02-15,2013,35.95842,-86.80225,False,0,0,0,,,,,,,,
100293148,Crashes_2010_2019_MPO,2013-02-15,2013,35.98715,-86.80033,True,0,0,0,,,,,,,,
100293583,Crashes_2010_2019_MPO,2013-02-15,2013,35.93188,-86.79006,False,0,0,0,,,,,,,,
100293586,Crashes_2010_2019_MPO,2013-02-16,2013,35.94813,-86.81685,False,0,0,0,,,,,,,,
100293851,Crashes_2010_2019_MPO,2013-02-16,2013,35.96696,-86.81286,True,0,0,0,,,,,,,,
100293968,Crashes_2010_2019_MPO,2013-02-17,2013,35.97877,-86.80347,True,0,0,0,,,,,,,,
100294352,Crashes_2010_2019_MPO,2013-02-18,2013,35.94034,-86.82128,False,0,0,0,,,,,,,,
100294253,Crashes_2010_2019_MPO,2013-02-18,2013,36.03611,-86.79484,True,0,0,0,,,,,,,,
100294270,Crashes_2010_2019_MPO,2013-02-18,2013,35.99766,-86.79752,True,0,0,0,,,,,,,,
100294497,Crashes_2010_2019_MPO,2013-02-19,2013,35.92394,-86.82229,False,0,0,0,,,,,,,,
100294865,Crashes_2010_2019_MPO,2013-02-19,2013,35.94133,-86.84019,False,0,0,0,,,,,,,,
100294674,Crashes_2010_2019_MPO,2013-02-19,2013,35.9691,-86.80714,True,0,0,0,,,,,,,,
100294776,Crashes_2010_2019_MPO,2013-02-19,2013,35.96312,-86.81899,True,0,0,0,,,,,,,,
100294676,Crashes_2010_2019_MPO,2013-02-19,2013,35.98437,-86.72434,True,0,0,1,,,,,,,,
100294697,Crashes_2010_2019_MPO,2013-02-19,2013,35.97348,-86.83307,True,0,0,0,,,,,,,,
100294373,Crashes_2010_2019_MPO,2013-02-19,2013,35.99735,-86.79443,True,0,0,0,,,,,,,,
100294835,Crashes_2010_2019_MPO,2013-02-20,2013,35.95993,-86.80204,False,0,0,0,,,,,,,,
100294771,Crashes_2010_2019_MPO,2013-02-20,2013,35.94854,-86.76634,True,0,0,0,,,,,,,,
10765836,Crashes_2010_2019_MPO,2013-02-20,2013,36.009697,-86.701855,False,0,0,0,,,,,,,,
100295375,Crashes_2010_2019_MPO,2013-02-21,2013,36.03336,-86.78872,True,0,0,0,,,,,,,,
100295668,Crashes_2010_2019_MPO,2013-02-21,2013,36.02268,-86.78675,True,0,0,1,,,,,,,,
100295199,Crashes_2010_2019_MPO,2013-02-21,2013,35.92853,-86.87494,False,0,0,0,,,,,,,,
101435932,Crashes_2010_2019_MPO,2013-02-21,2013,35.93106,-86.85925,False,0,0,0,,,,,,,,
100295354,Crashes_2010_2019_MPO,2013-02-21,2013,35.94446,-86.82874,False,0,0,0,,,,,,,,
100295572,Crashes_2010_2019_MPO,2013-02-22,2013,35.96569,-86.72695,True,0,0,0,,,,,,,,
100296068,Crashes_2010_2019_MPO,2013-02-22,2013,35.94052,-86.87232,False,0,0,0,,,,,,,,
100296338,Crashes_2010_2019_MPO,2013-02-22,2013,36.0182,-86.77307,True,0,0,0,,,,,,,,
100295878,Crashes_2010_2019_MPO,2013-02-22,2013,35.9483,-86.80754,False,0,0,0,,,,,,,,
100296492,Crashes_2010_2019_MPO,2013-02-23,2013,36.03974,-86.78154,False,0,0,0,,,,,,,,
100296211,Crashes_2010_2019_MPO,2013-02-23,2013,35.94421,-86.81975,False,0,0,0,,,,,,,,
100296156,Crashes_2010_2019_MPO,2013-02-23,2013,35.9265,-86.82535,False,0,0,0,,,,,,,,
100296234,Crashes_2010_2019_MPO,2013-02-23,2013,35.96453,-86.81434,False,0,0,0,,,,,,,,
100296329,Crashes_2010_2019_MPO,2013-02-23,2013,35.98383,-86.73358,True,0,0,0,,,,,,,,
100296610,Crashes_2010_2019_MPO,2013-02-24,2013,35.97718,-86.78795,True,0,0,0,,,,,,,,
100296778,Crashes_2010_2019_MPO,2013-02-25,2013,35.9337,-86.81768,False,0,0,0,,,,,,,,
100296847,Crashes_2010_2019_MPO,2013-02-25,2013,35.96722,-86.81353,True,0,0,0,,,,,,,,
100297115,Crashes_2010_2019_MPO,2013-02-25,2013,35.96674,-86.80907,True,0,0,0,,,,,,,,
100297365,Crashes_2010_2019_MPO,2013-02-26,2013,35.95101,-86.80782,False,0,0,0,,,,,,,,
100298247,Crashes_2010_2019_MPO,2013-02-26,2013,35.93106,-86.7152,False,0,0,0,,,,,,,,
100297354,Crashes_2010_2019_MPO,2013-02-26,2013,35.96411,-86.81063,False,0,0,0,,,,,,,,
100297579,Crashes_2010_2019_MPO,2013-02-27,2013,35.94778,-86.86397,False,0,0,0,,,,,,,,
100297932,Crashes_2010_2019_MPO,2013-02-27,2013,35.9455,-86.80504,False,0,0,0,,,,,,,,
100297544,Crashes_2010_2019_MPO,2013-02-27,2013,35.96518,-86.80021,True,0,0,0,,,,,,,,
100297597,Crashes_2010_2019_MPO,2013-02-27,2013,35.92955,-86.84264,False,0,0,0,,,,,,,,
100297709,Crashes_2010_2019_MPO,2013-02-27,2013,35.94261,-86.83001,False,0,0,0,,,,,,,,
100298031,Crashes_2010_2019_MPO,2013-02-28,2013,35.96512,-86.80035,True,0,0,0,,,,,,,,
100298244,Crashes_2010_2019_MPO,2013-02-28,2013,35.97612,-86.82903,True,0,0,0,,,,,,,,
100298138,Crashes_2010_2019_MPO,2013-02-28,2013,36.00651,-86.74354,True,0,0,0,,,,,,,,
100298054,Crashes_2010_2019_MPO,2013-02-28,2013,35.94778,-86.81995,False,0,0,0,,,,,,,,
100297972,Crashes_2010_2019_MPO,2013-02-28,2013,35.93484,-86.82101,False,0,0,0,,,,,,,,
100298498,Crashes_2010_2019_MPO,2013-03-01,2013,35.94068,-86.83938,False,0,0,0,,,,,,,,
100298495,Crashes_2010_2019_MPO,2013-03-01,2013,35.9486,-86.81972,False,0,0,0,,,,,,,,
100298510,Crashes_2010_2019_MPO,2013-03-01,2013,35.94285,-86.82097,False,0,0,0,,,,,,,,
100298478,Crashes_2010_2019_MPO,2013-03-01,2013,35.96611,-86.80466,True,0,0,0,,,,,,,,
100298497,Crashes_2010_2019_MPO,2013-03-01,2013,35.95583,-86.83114,False,0,0,0,,,,,,,,
100298499,Crashes_2010_2019_MPO,2013-03-01,2013,35.94777,-86.86012,False,0,0,0,,,,,,,,
100298461,Crashes_2010_2019_MPO,2013-03-01,2013,35.94817,-86.8174,False,0,0,0,,,,,,,,
100298446,Crashes_2010_2019_MPO,2013-03-01,2013,35.94622,-86.80876,False,0,0,0,,,,,,,,
100298365,Crashes_2010_2019_MPO,2013-03-01,2013,35.94421,-86.81975,False,0,0,0,,,,,,,,
100298496,Crashes_2010_2019_MPO,2013-03-01,2013,35.93903,-86.81704,False,0,0,0,,,,,,,,
100298864,Crashes_2010_2019_MPO,2013-03-02,2013,35.94659,-86.80965,False,0,0,0,,,,,,,,
100298666,Crashes_2010_2019_MPO,2013-03-02,2013,35.99758,-86.79687,True,0,0,0,,,,,,,,
100298866,Crashes_2010_2019_MPO,2013-03-02,2013,35.94489,-86.82843,False,0,0,0,,,,,,,,
100298867,Crashes_2010_2019_MPO,2013-03-02,2013,35.96145,-86.8123,False,0,0,0,,,,,,,,
100299208,Crashes_2010_2019_MPO,2013-03-03,2013,35.92391,-86.87162,False,0,0,1,,,,,,,,
100299263,Crashes_2010_2019_MPO,2013-03-03,2013,35.98659,-86.70941,True,0,0,0,,,,,,,,
100299131,Crashes_2010_2019_MPO,2013-03-03,2013,35.92572,-86.76715,False,0,0,0,,,,,,,,
100299578,Crashes_2010_2019_MPO,2013-03-04,2013,35.96499,-86.80227,True,0,1,0,,,,,,,,
100300163,Crashes_2010_2019_MPO,2013-03-04,2013,35.9267,-86.82156,False,0,0,0,,,,,,,,
100299470,Crashes_2010_2019_MPO,2013-03-04,2013,35.93009,-86.82656,False,0,0,0,,,,,,,,
100299561,Crashes_2010_2019_MPO,2013-03-04,2013,36.03679,-86.81486,True,0,0,0,,,,,,,,
100299620,Crashes_2010_2019_MPO,2013-03-04,2013,35.93434,-86.81904,False,0,0,0,,,,,,,,
100299635,Crashes_2010_2019_MPO,2013-03-04,2013,36.03383,-86.78343,True,0,0,0,,,,,,,,
100299471,Crashes_2010_2019_MPO,2013-03-04,2013,35.93561,-86.82371,False,0,0,0,,,,,,,,
100300162,Crashes_2010_2019_MPO,2013-03-04,2013,35.94032,-86.81064,False,0,0,0,,,,,,,,
100299869,Crashes_2010_2019_MPO,2013-03-05,2013,35.92988,-86.82046,False,0,0,0,,,,,,,,
100300082,Crashes_2010_2019_MPO,2013-03-05,2013,35.96708,-86.81356,True,0,0,0,,,,,,,,
100299989,Crashes_2010_2019_MPO,2013-03-05,2013,36.01569,-86.8459,True,0,0,0,,,,,,,,
100300376,Crashes_2010_2019_MPO,2013-03-06,2013,35.97607,-86.8292,True,0,0,0,,,,,,,,
100300292,Crashes_2010_2019_MPO,2013-03-06,2013,35.94328,-86.80958,False,0,0,0,,,,,,,,
100300428,Crashes_2010_2019_MPO,2013-03-06,2013,35.99252,-86.82851,True,0,0,0,,,,,,,,
100300205,Crashes_2010_2019_MPO,2013-03-06,2013,35.94426,-86.82182,False,0,0,0,,,,,,,,
100300532,Crashes_2010_2019_MPO,2013-03-06,2013,35.95801,-86.81638,False,0,0,0,,,,,,,,
100300723,Crashes_2010_2019_MPO,2013-03-07,2013,35.94683,-86.83189,False,0,0,0,,,,,,,,
100300733,Crashes_2010_2019_MPO,2013-03-07,2013,35.93694,-86.87873,False,0,0,0,,,,,,,,
100300734,Crashes_2010_2019_MPO,2013-03-07,2013,35.93546,-86.82377,False,0,0,0,,,,,,,,
100301994,Crashes_2010_2019_MPO,2013-03-08,2013,35.95271,-86.847,False,0,0,0,,,,,,,,
100301017,Crashes_2010_2019_MPO,2013-03-08,2013,36.03642,-86.87199,False,0,0,0,,,,,,,,
100301750,Crashes_2010_2019_MPO,2013-03-08,2013,36.0211,-86.787,True,0,0,0,,,,,,,,
100301472,Crashes_2010_2019_MPO,2013-03-09,2013,35.97332,-86.83308,True,0,0,0,,,,,,,,
100301424,Crashes_2010_2019_MPO,2013-03-09,2013,35.94793,-86.81933,False,0,0,0,,,,,,,,
100301423,Crashes_2010_2019_MPO,2013-03-09,2013,35.95679,-86.81419,False,0,0,0,,,,,,,,
100311282,Crashes_2010_2019_MPO,2013-03-11,2013,35.92532,-86.82202,False,0,0,0,,,,,,,,
100302352,Crashes_2010_2019_MPO,2013-03-11,2013,35.97102,-86.72644,True,0,0,0,,,,,,,,
100301929,Crashes_2010_2019_MPO,2013-03-11,2013,35.9771,-86.77135,True,0,0,0,,,,,,,,
100301856,Crashes_2010_2019_MPO,2013-03-11,2013,35.97102,-86.72644,True,0,0,0,,,,,,,,
100302760,Crashes_2010_2019_MPO,2013-03-12,2013,36.02705,-86.81835,True,0,0,0,,,,,,,,
100302547,Crashes_2010_2019_MPO,2013-03-12,2013,35.92553,-86.82461,False,0,0,0,,,,,,,,
100302518,Crashes_2010_2019_MPO,2013-03-12,2013,35.96951,-86.77349,True,0,0,0,,,,,,,,
100302390,Crashes_2010_2019_MPO,2013-03-12,2013,35.9469,-86.86762,False,0,0,0,,,,,,,,
100302330,Crashes_2010_2019_MPO,2013-03-12,2013,35.98512,-86.78411,True,0,0,1,,,,,,,,
100303128,Crashes_2010_2019_MPO,2013-03-12,2013,35.94538,-86.84808,False,0,0,0,,,,,,,,
100303013,Crashes_2010_2019_MPO,2013-03-13,2013,35.96798,-86.81832,True,0,0,0,,,,,,,,
100303102,Crashes_2010_2019_MPO,2013-03-13,2013,36.03336,-86.78872,True,0,0,0,,,,,,,,
100302902,Crashes_2010_2019_MPO,2013-03-13,2013,35.92968,-86.85189,False,0,0,0,,,,,,,,
100303646,Crashes_2010_2019_MPO,2013-03-13,2013,35.98392,-86.80169,True,0,0,0,,,,,,,,
100350320,Crashes_2010_2019_MPO,2013-03-14,2013,35.94761,-86.81992,False,0,0,0,,,,,,,,
100303066,Crashes_2010_2019_MPO,2013-03-14,2013,35.92878,-86.75409,False,0,0,0,,,,,,,,
100303276,Crashes_2010_2019_MPO,2013-03-14,2013,35.95678,-86.83208,False,0,0,0,,,,,,,,
100303538,Crashes_2010_2019_MPO,2013-03-14,2013,35.94061,-86.8107,False,0,0,0,,,,,,,,
100307544,Crashes_2010_2019_MPO,2013-03-14,2013,35.92474,-86.87429,False,0,0,0,,,,,,,,
100303454,Crashes_2010_2019_MPO,2013-03-14,2013,35.93015,-86.86423,False,0,0,0,,,,,,,,
100303275,Crashes_2010_2019_MPO,2013-03-14,2013,35.94632,-86.81672,False,0,0,0,,,,,,,,
100303844,Crashes_2010_2019_MPO,2013-03-14,2013,35.94784,-86.81872,False,0,0,0,,,,,,,,
100303272,Crashes_2010_2019_MPO,2013-03-14,2013,35.95563,-86.84672,False,0,0,0,,,,,,,,