record_no,source_layer,collision_ts,crash_year,latitude,longitude,in_city,fatalities,non_motorists,truck_involved,serious_injuries,pedestrian,bicycle,crash_type,manner_of_collision,lighting,weather,first_harmful_event
100303561,Crashes_2010_2019_MPO,2013-03-15,2013,35.99782,-86.7989,True,0,0,0,,,,,,,,
100304159,Crashes_2010_2019_MPO,2013-03-15,2013,35.99671,-86.79041,True,0,0,0,,,,,,,,
100303801,Crashes_2010_2019_MPO,2013-03-15,2013,35.92926,-86.86489,False,0,0,0,,,,,,,,
100304730,Crashes_2010_2019_MPO,2013-03-15,2013,35.93895,-86.8173,False,0,0,0,,,,,,,,
100304690,Crashes_2010_2019_MPO,2013-03-16,2013,35.94761,-86.81992,False,0,0,0,,,,,,,,
100304549,Crashes_2010_2019_MPO,2013-03-16,2013,35.98437,-86.72434,True,0,0,0,,,,,,,,
100305716,Crashes_2010_2019_MPO,2013-03-16,2013,35.95217,-86.8182,False,0,0,0,,,,,,,,
100304193,Crashes_2010_2019_MPO,2013-03-16,2013,35.96592,-86.80588,True,0,0,0,,,,,,,,
100304475,Crashes_2010_2019_MPO,2013-03-17,2013,35.94758,-86.82315,False,0,0,0,,,,,,,,
100308338,Crashes_2010_2019_MPO,2013-03-17,2013,35.94691,-86.85174,False,0,0,0,,,,,,,,
100304417,Crashes_2010_2019_MPO,2013-03-17,2013,35.96449,-86.79985,True,0,0,0,,,,,,,,
100304702,Crashes_2010_2019_MPO,2013-03-18,2013,36.03336,-86.78872,True,0,0,0,,,,,,,,
100304983,Crashes_2010_2019_MPO,2013-03-18,2013,36.01202,-86.78484,True,0,0,0,,,,,,,,
100304984,Crashes_2010_2019_MPO,2013-03-18,2013,35.94955,-86.83069,False,0,0,0,,,,,,,,
100305261,Crashes_2010_2019_MPO,2013-03-18,2013,35.93148,-86.81967,False,0,0,0,,,,,,,,
100304840,Crashes_2010_2019_MPO,2013-03-18,2013,36.03614,-86.79516,True,0,0,0,,,,,,,,
100305262,Crashes_2010_2019_MPO,2013-03-19,2013,35.92315,-86.81662,False,0,0,0,,,,,,,,
100305641,Crashes_2010_2019_MPO,2013-03-19,2013,35.94638,-86.8087,False,0,0,0,,,,,,,,
100306324,Crashes_2010_2019_MPO,2013-03-19,2013,35.97717,-86.67814,False,0,0,0,,,,,,,,
100305407,Crashes_2010_2019_MPO,2013-03-19,2013,35.94689,-86.85175,False,0,0,0,,,,,,,,
100314824,Crashes_2010_2019_MPO,2013-03-19,2013,35.94476,-86.82852,False,0,0,0,,,,,,,,
100305635,Crashes_2010_2019_MPO,2013-03-20,2013,35.9816,-86.84488,False,0,0,0,,,,,,,,
100305988,Crashes_2010_2019_MPO,2013-03-20,2013,35.95075,-86.84857,False,0,0,0,,,,,,,,
100305745,Crashes_2010_2019_MPO,2013-03-20,2013,35.95529,-86.84493,False,0,0,0,,,,,,,,
100305738,Crashes_2010_2019_MPO,2013-03-20,2013,35.94779,-86.86029,False,0,0,0,,,,,,,,
100305718,Crashes_2010_2019_MPO,2013-03-20,2013,35.9602,-86.8012,False,0,0,0,,,,,,,,
100308104,Crashes_2010_2019_MPO,2013-03-21,2013,35.94353,-86.84444,False,0,0,0,,,,,,,,
100306158,Crashes_2010_2019_MPO,2013-03-21,2013,35.94358,-86.84456,False,0,0,0,,,,,,,,
100308082,Crashes_2010_2019_MPO,2013-03-21,2013,35.95119,-86.80354,False,0,0,1,,,,,,,,
100306194,Crashes_2010_2019_MPO,2013-03-21,2013,36.01284,-86.80082,True,0,0,0,,,,,,,,
100306090,Crashes_2010_2019_MPO,2013-03-21,2013,35.96922,-86.80708,True,0,0,0,,,,,,,,
100306008,Crashes_2010_2019_MPO,2013-03-21,2013,35.93417,-86.82434,False,0,0,0,,,,,,,,
100306318,Crashes_2010_2019_MPO,2013-03-21,2013,35.94546,-86.84825,False,0,0,0,,,,,,,,
100306509,Crashes_2010_2019_MPO,2013-03-21,2013,35.94034,-86.87243,False,0,0,0,,,,,,,,
100306559,Crashes_2010_2019_MPO,2013-03-22,2013,35.93525,-86.82383,False,0,0,0,,,,,,,,
100308103,Crashes_2010_2019_MPO,2013-03-22,2013,35.93493,-86.86065,False,0,0,0,,,,,,,,
100306558,Crashes_2010_2019_MPO,2013-03-22,2013,35.94973,-86.81939,False,0,0,0,,,,,,,,
100306384,Crashes_2010_2019_MPO,2013-03-22,2013,35.9838,-86.70157,True,0,0,0,,,,,,,,
100306936,Crashes_2010_2019_MPO,2013-03-23,2013,35.96655,-86.81046,True,0,0,0,,,,,,,,
100308133,Crashes_2010_2019_MPO,2013-03-25,2013,35.94707,-86.8219,False,0,0,0,,,,,,,,
100309566,Crashes_2010_2019_MPO,2013-03-25,2013,35.9704,-86.80637,True,0,0,0,,,,,,,,
100307947,Crashes_2010_2019_MPO,2013-03-25,2013,35.9246,-86.87605,False,0,0,0,,,,,,,,
100307667,Crashes_2010_2019_MPO,2013-03-25,2013,35.94724,-86.82088,False,0,0,0,,,,,,,,
100307945,Crashes_2010_2019_MPO,2013-03-25,2013,35.94839,-86.80774,False,0,0,0,,,,,,,,
100308228,Crashes_2010_2019_MPO,2013-03-25,2013,35.99239,-86.82842,True,0,0,0,,,,,,,,
100308177,Crashes_2010_2019_MPO,2013-03-26,2013,35.92899,-86.82446,False,0,0,0,,,,,,,,
100308016,Crashes_2010_2019_MPO,2013-03-26,2013,35.94725,-86.81324,False,0,0,0,,,,,,,,
100309017,Crashes_2010_2019_MPO,2013-03-26,2013,35.92432,-86.80748,False,0,0,0,,,,,,,,
100308017,Crashes_2010_2019_MPO,2013-03-26,2013,35.94725,-86.81324,False,0,0,0,,,,,,,,
100308364,Crashes_2010_2019_MPO,2013-03-27,2013,35.96647,-86.80949,True,0,0,1,,,,,,,,
100308431,Crashes_2010_2019_MPO,2013-03-27,2013,35.94069,-86.8316,False,0,0,0,,,,,,,,
100308532,Crashes_2010_2019_MPO,2013-03-27,2013,35.94677,-86.85185,False,0,0,0,,,,,,,,
100308504,Crashes_2010_2019_MPO,2013-03-27,2013,35.97685,-86.87421,False,0,0,0,,,,,,,,
100308463,Crashes_2010_2019_MPO,2013-03-27,2013,35.92391,-86.87162,False,0,0,0,,,,,,,,
100308357,Crashes_2010_2019_MPO,2013-03-27,2013,35.98459,-86.71601,True,0,0,0,,,,,,,,
100309166,Crashes_2010_2019_MPO,2013-03-28,2013,35.962,-86.81517,False,0,0,0,,,,,,,,
100308916,Crashes_2010_2019_MPO,2013-03-28,2013,36.00593,-86.78902,True,0,0,0,,,,,,,,
100309605,Crashes_2010_2019_MPO,2013-03-29,2013,35.94632,-86.8236,False,0,0,0,,,,,,,,
100309598,Crashes_2010_2019_MPO,2013-03-29,2013,35.95163,-86.80643,False,0,0,0,,,,,,,,
100309467,Crashes_2010_2019_MPO,2013-03-29,2013,35.94068,-86.83938,False,0,0,0,,,,,,,,
100309403,Crashes_2010_2019_MPO,2013-03-29,2013,35.97181,-86.72649,True,0,0,0,,,,,,,,
100311041,Crashes_2010_2019_MPO,2013-03-29,2013,35.94696,-86.81429,False,0,0,0,,,,,,,,
100309604,Crashes_2010_2019_MPO,2013-03-29,2013,35.94066,-86.8342,False,0,0,0,,,,,,,,
100309600,Crashes_2010_2019_MPO,2013-03-29,2013,35.94173,-86.82105,False,0,0,0,,,,,,,,
100310068,Crashes_2010_2019_MPO,2013-03-29,2013,36.0431,-86.6914,False,0,0,0,,,,,,,,
100310041,Crashes_2010_2019_MPO,2013-03-30,2013,35.93496,-86.77649,False,0,0,0,,,,,,,,
100310205,Crashes_2010_2019_MPO,2013-03-30,2013,36.03076,-86.78381,True,0,0,0,,,,,,,,
100309922,Crashes_2010_2019_MPO,2013-03-30,2013,35.93034,-86.84171,False,0,0,0,,,,,,,,
100310004,Crashes_2010_2019_MPO,2013-03-30,2013,35.96611,-86.81007,False,0,0,0,,,,,,,,
100309917,Crashes_2010_2019_MPO,2013-03-30,2013,35.97102,-86.72644,True,0,0,0,,,,,,,,
100309861,Crashes_2010_2019_MPO,2013-03-30,2013,35.94458,-86.85353,False,0,0,0,,,,,,,,
100309807,Crashes_2010_2019_MPO,2013-03-30,2013,35.92322,-86.87308,False,0,0,0,,,,,,,,
100310238,Crashes_2010_2019_MPO,2013-03-31,2013,35.93094,-86.87646,False,0,0,0,,,,,,,,
100310291,Crashes_2010_2019_MPO,2013-03-31,2013,35.94068,-86.83938,False,0,0,0,,,,,,,,
100310810,Crashes_2010_2019_MPO,2013-04-01,2013,35.94283,-86.81923,False,0,0,0,,,,,,,,
100311297,Crashes_2010_2019_MPO,2013-04-01,2013,35.965156,-86.811431,False,0,0,0,,,,,,,,
100310783,Crashes_2010_2019_MPO,2013-04-01,2013,35.99795,-86.79655,True,0,0,0,,,,,,,,
100310748,Crashes_2010_2019_MPO,2013-04-01,2013,35.92354,-86.79252,False,0,0,0,,,,,,,,
100310814,Crashes_2010_2019_MPO,2013-04-01,2013,35.99762,-86.81007,True,0,0,0,,,,,,,,
100310658,Crashes_2010_2019_MPO,2013-04-01,2013,35.93224,-86.87879,False,0,0,0,,,,,,,,
100310614,Crashes_2010_2019_MPO,2013-04-01,2013,35.92265,-86.8724,False,0,0,0,,,,,,,,
100310920,Crashes_2010_2019_MPO,2013-04-01,2013,35.94642,-86.80888,False,0,0,0,,,,,,,,
100310804,Crashes_2010_2019_MPO,2013-04-01,2013,35.94607,-86.8086,False,0,0,0,,,,,,,,
100310780,Crashes_2010_2019_MPO,2013-04-01,2013,36.02975,-86.7837,True,0,0,1,,,,,,,,
100312328,Crashes_2010_2019_MPO,2013-04-01,2013,35.95204,-86.81806,False,0,0,0,,,,,,,,
100310811,Crashes_2010_2019_MPO,2013-04-01,2013,35.96681,-86.81188,True,0,0,0,,,,,,,,
100311039,Crashes_2010_2019_MPO,2013-04-02,2013,35.99743,-86.79551,True,0,0,0,,,,,,,,
100310951,Crashes_2010_2019_MPO,2013-04-02,2013,35.97316,-86.83089,True,0,0,0,,,,,,,,
100311189,Crashes_2010_2019_MPO,2013-04-02,2013,35.9335,-86.87766,False,0,0,0,,,,,,,,
100311173,Crashes_2010_2019_MPO,2013-04-02,2013,35.9303,-86.86412,False,0,0,0,,,,,,,,
100310960,Crashes_2010_2019_MPO,2013-04-02,2013,36.01689,-86.78609,True,0,0,0,,,,,,,,
100311767,Crashes_2010_2019_MPO,2013-04-02,2013,35.94618,-86.80368,False,0,0,0,,,,,,,,
100311244,Crashes_2010_2019_MPO,2013-04-02,2013,35.94487,-86.82436,False,0,0,0,,,,,,,,
100311438,Crashes_2010_2019_MPO,2013-04-03,2013,35.96518,-86.80849,False,0,0,0,,,,,,,,
100311428,Crashes_2010_2019_MPO,2013-04-03,2013,35.96518,-86.81428,False,0,0,0,,,,,,,,
100311566,Crashes_2010_2019_MPO,2013-04-03,2013,35.96132,-86.81219,False,0,0,0,,,,,,,,
100311483,Crashes_2010_2019_MPO,2013-04-03,2013,35.96595,-86.80315,True,0,0,0,,,,,,,,
100311396,Crashes_2010_2019_MPO,2013-04-03,2013,35.93063,-86.82419,False,0,0,0,,,,,,,,
100311676,Crashes_2010_2019_MPO,2013-04-03,2013,35.94068,-86.83938,False,0,0,0,,,,,,,,
100312005,Crashes_2010_2019_MPO,2013-04-04,2013,35.93414,-86.86125,False,0,0,0,,,,,,,,
100311972,Crashes_2010_2019_MPO,2013-04-04,2013,36.022,-86.783,True,0,0,0,,,,,,,,
100312031,Crashes_2010_2019_MPO,2013-04-04,2013,35.98624,-86.73643,True,0,0,0,,,,,,,,
100311953,Crashes_2010_2019_MPO,2013-04-04,2013,36.03501,-86.80581,True,0,0,0,,,,,,,,
100312004,Crashes_2010_2019_MPO,2013-04-04,2013,35.93459,-86.83978,False,0,0,0,,,,,,,,
100313512,Crashes_2010_2019_MPO,2013-04-04,2013,36.03401,-86.81726,True,0,0,0,,,,,,,,
100312008,Crashes_2010_2019_MPO,2013-04-04,2013,35.96687,-86.81113,True,0,0,0,,,,,,,,
100312302,Crashes_2010_2019_MPO,2013-04-05,2013,35.96722,-86.81353,True,0,0,1,,,,,,,,
100312445,Crashes_2010_2019_MPO,2013-04-05,2013,36.00452,-86.84167,False,0,0,0,,,,,,,,
100312578,Crashes_2010_2019_MPO,2013-04-05,2013,35.9667,-86.81117,True,0,0,0,,,,,,,,
100312484,Crashes_2010_2019_MPO,2013-04-05,2013,35.9896,-86.7995,True,0,0,0,,,,,,,,
100312266,Crashes_2010_2019_MPO,2013-04-05,2013,36.01689,-86.78609,True,0,0,1,,,,,,,,
100312533,Crashes_2010_2019_MPO,2013-04-05,2013,35.99498,-86.77258,True,0,0,0,,,,,,,,
100483090,Crashes_2010_2019_MPO,2013-04-05,2013,35.95523,-86.82587,False,0,0,0,,,,,,,,
100312565,Crashes_2010_2019_MPO,2013-04-05,2013,35.92946,-86.82438,False,0,0,0,,,,,,,,
100313341,Crashes_2010_2019_MPO,2013-04-05,2013,35.94068,-86.83938,False,0,0,0,,,,,,,,
100312791,Crashes_2010_2019_MPO,2013-04-05,2013,35.92586,-86.87122,False,0,0,0,,,,,,,,
100312446,Crashes_2010_2019_MPO,2013-04-05,2013,36.00452,-86.84167,False,0,0,0,,,,,,,,
100312546,Crashes_2010_2019_MPO,2013-04-05,2013,36.00115,-86.79426,True,0,0,1,,,,,,,,
100313376,Crashes_2010_2019_MPO,2013-04-06,2013,36.0082,-86.7871,True,0,0,0,,,,,,,,
100313001,Crashes_2010_2019_MPO,2013-04-06,2013,35.98729,-86.70795,True,0,0,0,,,,,,,,
100313256,Crashes_2010_2019_MPO,2013-04-06,2013,35.96203,-86.81531,False,0,0,0,,,,,,,,
100313524,Crashes_2010_2019_MPO,2013-04-06,2013,36.01102,-86.78494,True,0,0,0,,,,,,,,
100313377,Crashes_2010_2019_MPO,2013-04-06,2013,36.0107,-86.7849,True,0,0,1,,,,,,,,
100312704,Crashes_2010_2019_MPO,2013-04-06,2013,35.93779,-86.68892,False,0,0,0,,,,,,,,
100312940,Crashes_2010_2019_MPO,2013-04-06,2013,36.03121,-86.87558,False,0,0,0,,,,,,,,
100313021,Crashes_2010_2019_MPO,2013-04-07,2013,35.95214,-86.81803,False,0,0,0,,,,,,,,
100313391,Crashes_2010_2019_MPO,2013-04-08,2013,35.94878,-86.74516,True,0,0,0,,,,,,,,
100313528,Crashes_2010_2019_MPO,2013-04-08,2013,35.97316,-86.72625,True,0,0,0,,,,,,,,
100313679,Crashes_2010_2019_MPO,2013-04-08,2013,35.94471,-86.84678,False,0,0,0,,,,,,,,
100314027,Crashes_2010_2019_MPO,2013-04-09,2013,35.92392,-86.87906,False,0,0,0,,,,,,,,
100313982,Crashes_2010_2019_MPO,2013-04-09,2013,35.92831,-86.75727,False,0,0,0,,,,,,,,
100313882,Crashes_2010_2019_MPO,2013-04-09,2013,35.93445,-86.87801,False,0,0,0,,,,,,,,
100314083,Crashes_2010_2019_MPO,2013-04-09,2013,35.92405,-86.86991,False,0,0,0,,,,,,,,
100313792,Crashes_2010_2019_MPO,2013-04-09,2013,35.92471,-86.87219,False,0,0,0,,,,,,,,
100313701,Crashes_2010_2019_MPO,2013-04-09,2013,35.99743,-86.79546,True,0,0,1,,,,,,,,
100316610,Crashes_2010_2019_MPO,2013-04-10,2013,36.03166,-86.78966,True,0,0,0,,,,,,,,
100314308,Crashes_2010_2019_MPO,2013-04-10,2013,35.93777,-86.83833,False,0,0,0,,,,,,,,
100316483,Crashes_2010_2019_MPO,2013-04-10,2013,35.94816,-86.81779,False,0,0,1,,,,,,,,
100314442,Crashes_2010_2019_MPO,2013-04-10,2013,35.94564,-86.82315,False,0,0,0,,,,,,,,
100314660,Crashes_2010_2019_MPO,2013-04-11,2013,35.92365,-86.86783,False,0,0,1,,,,,,,,
100314872,Crashes_2010_2019_MPO,2013-04-11,2013,35.95213,-86.81797,False,0,0,0,,,,,,,,
100314779,Crashes_2010_2019_MPO,2013-04-11,2013,35.94972,-86.86476,False,0,0,0,,,,,,,,
100317174,Crashes_2010_2019_MPO,2013-04-12,2013,36.0036,-86.81289,True,0,0,0,,,,,,,,
100315083,Crashes_2010_2019_MPO,2013-04-12,2013,35.97332,-86.83308,True,0,0,0,,,,,,,,
100318041,Crashes_2010_2019_MPO,2013-04-12,2013,35.94743,-86.85714,False,0,0,0,,,,,,,,
100317201,Crashes_2010_2019_MPO,2013-04-12,2013,35.95369,-86.80275,False,0,0,0,,,,,,,,
100315112,Crashes_2010_2019_MPO,2013-04-12,2013,35.9563,-86.81433,False,0,0,0,,,,,,,,
100315271,Crashes_2010_2019_MPO,2013-04-12,2013,35.92676,-86.82441,False,0,0,0,,,,,,,,
100318457,Crashes_2010_2019_MPO,2013-04-12,2013,35.97099,-86.80617,True,0,0,0,,,,,,,,
100315353,Crashes_2010_2019_MPO,2013-04-12,2013,35.96751,-86.81634,True,0,0,0,,,,,,,,
100315540,Crashes_2010_2019_MPO,2013-04-13,2013,35.94649,-86.85207,False,0,0,0,,,,,,,,
100315546,Crashes_2010_2019_MPO,2013-04-13,2013,35.92909,-86.84657,False,0,0,0,,,,,,,,
100315813,Crashes_2010_2019_MPO,2013-04-13,2013,35.95921,-86.81248,False,0,0,0,,,,,,,,
100315814,Crashes_2010_2019_MPO,2013-04-13,2013,35.94762,-86.81972,False,0,0,0,,,,,,,,
100317202,Crashes_2010_2019_MPO,2013-04-14,2013,35.96374,-86.8731,False,0,0,0,,,,,,,,
100316118,Crashes_2010_2019_MPO,2013-04-14,2013,35.99924,-86.80919,True,0,0,0,,,,,,,,
100316645,Crashes_2010_2019_MPO,2013-04-15,2013,35.94638,-86.8087,False,0,0,0,,,,,,,,
100316953,Crashes_2010_2019_MPO,2013-04-15,2013,35.95179,-86.8185,False,0,0,1,,,,,,,,
100317267,Crashes_2010_2019_MPO,2013-04-16,2013,35.9348,-86.82116,False,0,0,0,,,,,,,,
100317162,Crashes_2010_2019_MPO,2013-04-16,2013,35.95008,-86.8491,False,0,0,0,,,,,,,,
100317254,Crashes_2010_2019_MPO,2013-04-16,2013,35.94618,-86.80856,False,0,0,0,,,,,,,,
100317163,Crashes_2010_2019_MPO,2013-04-16,2013,35.96203,-86.81531,False,0,0,0,,,,,,,,
100317583,Crashes_2010_2019_MPO,2013-04-17,2013,35.92547,-86.87275,False,0,0,1,,,,,,,,
100317584,Crashes_2010_2019_MPO,2013-04-17,2013,35.96378,-86.81047,False,0,0,0,,,,,,,,
100317518,Crashes_2010_2019_MPO,2013-04-17,2013,35.94603,-86.85229,False,0,0,0,,,,,,,,
100317624,Crashes_2010_2019_MPO,2013-04-17,2013,35.96501,-86.80061,True,0,0,0,,,,,,,,
100318676,Crashes_2010_2019_MPO,2013-04-18,2013,35.9486,-86.81972,False,0,0,0,,,,,,,,
100317902,Crashes_2010_2019_MPO,2013-04-18,2013,35.94761,-86.81992,False,0,0,0,,,,,,,,
100318086,Crashes_2010_2019_MPO,2013-04-18,2013,35.97665,-86.79098,True,0,0,0,,,,,,,,
100317898,Crashes_2010_2019_MPO,2013-04-18,2013,35.96518,-86.80021,True,0,0,0,,,,,,,,
100318905,Crashes_2010_2019_MPO,2013-04-19,2013,35.93434,-86.81904,False,0,0,0,,,,,,,,
100318485,Crashes_2010_2019_MPO,2013-04-19,2013,35.96559,-86.80067,True,0,0,0,,,,,,,,
100318529,Crashes_2010_2019_MPO,2013-04-19,2013,35.92951,-86.84167,False,0,0,1,,,,,,,,
100318530,Crashes_2010_2019_MPO,2013-04-19,2013,35.96522,-86.81265,False,0,0,0,,,,,,,,
100318344,Crashes_2010_2019_MPO,2013-04-19,2013,36.04663,-86.71437,False,0,1,0,,,,,,,,
100318904,Crashes_2010_2019_MPO,2013-04-19,2013,35.929,-86.87525,False,0,0,0,,,,,,,,
100318621,Crashes_2010_2019_MPO,2013-04-20,2013,35.96349,-86.80877,False,0,0,0,,,,,,,,
100318857,Crashes_2010_2019_MPO,2013-04-20,2013,35.96923,-86.81222,True,0,0,0,,,,,,,,
100318858,Crashes_2010_2019_MPO,2013-04-20,2013,35.92919,-86.83931,False,0,0,0,,,,,,,,
100319492,Crashes_2010_2019_MPO,2013-04-20,2013,35.94648,-86.81467,False,0,0,0,,,,,,,,
100318693,Crashes_2010_2019_MPO,2013-04-20,2013,35.94068,-86.83938,False,0,0,0,,,,,,,,
100318739,Crashes_2010_2019_MPO,2013-04-20,2013,35.96288,-86.87661,False,0,0,0,,,,,,,,
100319118,Crashes_2010_2019_MPO,2013-04-21,2013,35.94032,-86.81064,False,0,0,0,,,,,,,,
100319348,Crashes_2010_2019_MPO,2013-04-21,2013,35.9373,-86.8224,False,0,0,0,,,,,,,,
100319607,Crashes_2010_2019_MPO,2013-04-21,2013,35.94558,-86.84852,False,0,0,0,,,,,,,,
100319962,Crashes_2010_2019_MPO,2013-04-21,2013,35.93932,-86.87937,False,0,0,0,,,,,,,,
100319347,Crashes_2010_2019_MPO,2013-04-21,2013,35.92738,-86.86871,False,0,0,0,,,,,,,,
100319999,Crashes_2010_2019_MPO,2013-04-22,2013,35.94804,-86.8077,False,0,0,0,,,,,,,,
100319710,Crashes_2010_2019_MPO,2013-04-22,2013,35.97814,-86.75854,True,0,0,0,,,,,,,,
100319718,Crashes_2010_2019_MPO,2013-04-22,2013,36.01357,-86.78539,True,0,0,0,,,,,,,,
100319711,Crashes_2010_2019_MPO,2013-04-22,2013,35.99541,-86.7778,True,0,0,0,,,,,,,,
100319738,Crashes_2010_2019_MPO,2013-04-22,2013,35.99523,-86.77583,True,0,0,0,,,,,,,,
100319475,Crashes_2010_2019_MPO,2013-04-22,2013,35.92254,-86.87194,False,0,0,0,,,,,,,,
100320103,Crashes_2010_2019_MPO,2013-04-23,2013,35.92862,-86.83529,False,0,0,0,,,,,,,,
100319849,Crashes_2010_2019_MPO,2013-04-23,2013,35.99643,-86.8107,True,0,0,0,,,,,,,,
100320553,Crashes_2010_2019_MPO,2013-04-23,2013,35.9346,-86.82388,False,0,0,0,,,,,,,,
100320200,Crashes_2010_2019_MPO,2013-04-23,2013,35.97233,-86.67764,False,0,0,0,,,,,,,,
100319836,Crashes_2010_2019_MPO,2013-04-23,2013,36.00417,-86.79083,True,0,0,0,,,,,,,,
100320155,Crashes_2010_2019_MPO,2013-04-23,2013,35.92547,-86.87275,False,0,0,1,,,,,,,,
100320603,Crashes_2010_2019_MPO,2013-04-24,2013,35.94093,-86.83949,False,0,0,0,,,,,,,,
100320640,Crashes_2010_2019_MPO,2013-04-24,2013,35.94769,-86.85774,False,0,0,0,,,,,,,,
100320321,Crashes_2010_2019_MPO,2013-04-24,2013,35.95366,-86.7193,False,0,0,0,,,,,,,,
100320736,Crashes_2010_2019_MPO,2013-04-24,2013,35.9355,-86.82359,False,0,0,0,,,,,,,,
100321805,Crashes_2010_2019_MPO,2013-04-24,2013,35.96588,-86.81387,False,0,0,0,,,,,,,,
100321001,Crashes_2010_2019_MPO,2013-04-25,2013,35.98555,-86.73239,True,0,0,0,,,,,,,,
100321345,Crashes_2010_2019_MPO,2013-04-26,2013,35.95238,-86.81976,False,0,0,0,,,,,,,,
100321470,Crashes_2010_2019_MPO,2013-04-26,2013,35.9348,-86.8208,False,0,0,0,,,,,,,,
100321808,Crashes_2010_2019_MPO,2013-04-26,2013,35.94595,-86.81638,False,0,0,0,,,,,,,,
100321428,Crashes_2010_2019_MPO,2013-04-26,2013,35.92935,-86.84421,False,0,0,0,,,,,,,,
100321343,Crashes_2010_2019_MPO,2013-04-26,2013,35.94426,-86.82182,False,0,0,0,,,,,,,,
100321506,Crashes_2010_2019_MPO,2013-04-26,2013,35.9709,-86.80596,True,0,0,0,,,,,,,,
100321713,Crashes_2010_2019_MPO,2013-04-27,2013,35.95661,-86.81168,False,0,0,0,,,,,,,,
100321807,Crashes_2010_2019_MPO,2013-04-27,2013,35.94534,-86.84802,False,0,0,0,,,,,,,,
100322107,Crashes_2010_2019_MPO,2013-04-27,2013,35.93251,-86.78794,False,0,0,0,,,,,,,,
100322434,Crashes_2010_2019_MPO,2013-04-28,2013,35.99488,-86.70135,True,0,0,0,,,,,,,,
100321950,Crashes_2010_2019_MPO,2013-04-28,2013,35.92909,-86.85046,False,0,0,0,,,,,,,,
100322728,Crashes_2010_2019_MPO,2013-04-29,2013,35.99644,-86.788,True,0,0,0,,,,,,,,
100322576,Crashes_2010_2019_MPO,2013-04-29,2013,35.96176,-86.80191,True,0,0,0,,,,,,,,
100322725,Crashes_2010_2019_MPO,2013-04-29,2013,35.95655,-86.82564,False,0,0,0,,,,,,,,
100322856,Crashes_2010_2019_MPO,2013-04-29,2013,35.99788,-86.79947,True,0,0,0,,,,,,,,
100322941,Crashes_2010_2019_MPO,2013-04-30,2013,35.99078,-86.75109,True,0,0,0,,,,,,,,
100323318,Crashes_2010_2019_MPO,2013-04-30,2013,35.92391,-86.87162,False,0,0,0,,,,,,,,
100323022,Crashes_2010_2019_MPO,2013-04-30,2013,35.94813,-86.81868,False,0,0,0,,,,,,,,
100323084,Crashes_2010_2019_MPO,2013-04-30,2013,35.96593,-86.80398,True,0,0,0,,,,,,,,
100323135,Crashes_2010_2019_MPO,2013-04-30,2013,36.03175,-86.78961,True,0,0,0,,,,,,,,
100323159,Crashes_2010_2019_MPO,2013-04-30,2013,35.94761,-86.81992,False,0,0,0,,,,,,,,
100323240,Crashes_2010_2019_MPO,2013-05-01,2013,36.03029,-86.87593,False,0,0,0,,,,,,,,
100323546,Crashes_2010_2019_MPO,2013-05-01,2013,35.96062,-86.81551,False,0,0,0,,,,,,,,
10685424,Crashes_2010_2019_MPO,2013-05-01,2013,36.04106,-86.746282,False,0,0,0,,,,,,,,
100323485,Crashes_2010_2019_MPO,2013-05-01,2013,36.03522,-86.80733,True,0,0,0,,,,,,,,
100323377,Crashes_2010_2019_MPO,2013-05-01,2013,35.96113,-86.75764,True,0,0,0,,,,,,,,
100323604,Crashes_2010_2019_MPO,2013-05-02,2013,35.97639,-86.82788,True,0,0,0,,,,,,,,
100323974,Crashes_2010_2019_MPO,2013-05-02,2013,35.94784,-86.81975,False,0,0,0,,,,,,,,
100323759,Crashes_2010_2019_MPO,2013-05-02,2013,35.92464,-86.87451,False,0,2,0,,,,,,,,
100326307,Crashes_2010_2019_MPO,2013-05-02,2013,35.95008,-86.8491,False,0,0,0,,,,,,,,
100323686,Crashes_2010_2019_MPO,2013-05-02,2013,35.97357,-86.83378,False,0,0,0,,,,,,,,
100324295,Crashes_2010_2019_MPO,2013-05-03,2013,36.01689,-86.78609,True,0,0,0,,,,,,,,
100324127,Crashes_2010_2019_MPO,2013-05-03,2013,35.9266,-86.7672,False,0,0,0,,,,,,,,
100324817,Crashes_2010_2019_MPO,2013-05-04,2013,35.9238,-86.79461,False,0,0,0,,,,,,,,
100324619,Crashes_2010_2019_MPO,2013-05-04,2013,35.96846,-86.81002,True,0,0,0,,,,,,,,
100324664,Crashes_2010_2019_MPO,2013-05-04,2013,35.96591,-86.80546,True,0,0,0,,,,,,,,
100324675,Crashes_2010_2019_MPO,2013-05-04,2013,35.95947,-86.81353,False,0,0,0,,,,,,,,
100324428,Crashes_2010_2019_MPO,2013-05-04,2013,35.93561,-86.82388,False,0,0,0,,,,,,,,
100325509,Crashes_2010_2019_MPO,2013-05-04,2013,35.94709,-86.83266,False,0,0,0,,,,,,,,
100324848,Crashes_2010_2019_MPO,2013-05-04,2013,35.92666,-86.82158,False,0,0,0,,,,,,,,
100325103,Crashes_2010_2019_MPO,2013-05-05,2013,35.92738,-86.86871,False,0,0,0,,,,,,,,
100325480,Crashes_2010_2019_MPO,2013-05-06,2013,35.94657,-86.81977,False,0,0,0,,,,,,,,
100325647,Crashes_2010_2019_MPO,2013-05-06,2013,35.92636,-86.86848,False,0,0,0,,,,,,,,
100326065,Crashes_2010_2019_MPO,2013-05-07,2013,35.93091,-86.85823,False,0,0,0,,,,,,,,
100325900,Crashes_2010_2019_MPO,2013-05-07,2013,35.93554,-86.82375,False,0,0,0,,,,,,,,
100326308,Crashes_2010_2019_MPO,2013-05-07,2013,35.94762,-86.85116,False,0,0,0,,,,,,,,
100325892,Crashes_2010_2019_MPO,2013-05-07,2013,35.96665,-86.80923,True,0,0,0,,,,,,,,
100325896,Crashes_2010_2019_MPO,2013-05-07,2013,35.98118,-86.84616,False,0,0,0,,,,,,,,