record_no,source_layer,collision_ts,crash_year,latitude,longitude,in_city,fatalities,non_motorists,truck_involved,serious_injuries,pedestrian,bicycle,crash_type,manner_of_collision,lighting,weather,first_harmful_event
100326040,Crashes_2010_2019_MPO,2013-05-07,2013,36.00453,-86.80647,True,0,1,0,,,,,,,,
100332085,Crashes_2010_2019_MPO,2013-05-07,2013,36.0376,-86.8709,False,0,0,0,,,,,,,,
100328482,Crashes_2010_2019_MPO,2013-05-07,2013,36.03958,-86.86944,False,0,0,0,,,,,,,,
100326463,Crashes_2010_2019_MPO,2013-05-08,2013,35.95736,-86.80335,False,0,0,0,,,,,,,,
100326464,Crashes_2010_2019_MPO,2013-05-08,2013,35.96432,-86.81441,False,0,0,0,,,,,,,,
100326274,Crashes_2010_2019_MPO,2013-05-08,2013,35.94646,-86.8233,False,0,0,0,,,,,,,,
100326465,Crashes_2010_2019_MPO,2013-05-08,2013,35.94096,-86.83954,False,0,0,0,,,,,,,,
100326454,Crashes_2010_2019_MPO,2013-05-08,2013,35.9261,-86.8714,False,0,0,0,,,,,,,,
100326781,Crashes_2010_2019_MPO,2013-05-08,2013,35.94496,-86.87949,False,0,0,0,,,,,,,,
100330562,Crashes_2010_2019_MPO,2013-05-08,2013,36.01408,-86.78529,True,0,0,0,,,,,,,,
100326545,Crashes_2010_2019_MPO,2013-05-08,2013,35.9341,-86.87788,False,0,0,0,,,,,,,,
100326319,Crashes_2010_2019_MPO,2013-05-08,2013,35.96665,-86.80927,True,0,0,0,,,,,,,,
100326778,Crashes_2010_2019_MPO,2013-05-09,2013,35.9353,-86.87829,False,0,0,0,,,,,,,,
100326749,Crashes_2010_2019_MPO,2013-05-09,2013,35.9659,-86.80587,True,0,0,0,,,,,,,,
100327123,Crashes_2010_2019_MPO,2013-05-10,2013,35.94876,-86.81967,False,0,0,0,,,,,,,,
100327386,Crashes_2010_2019_MPO,2013-05-10,2013,35.94877,-86.81988,False,0,0,0,,,,,,,,
100327046,Crashes_2010_2019_MPO,2013-05-10,2013,35.94811,-86.81673,False,0,0,0,,,,,,,,
100327604,Crashes_2010_2019_MPO,2013-05-10,2013,35.92731,-86.87227,False,0,0,0,,,,,,,,
100327177,Crashes_2010_2019_MPO,2013-05-10,2013,35.99442,-86.8173,True,0,0,0,,,,,,,,
100328639,Crashes_2010_2019_MPO,2013-05-10,2013,35.92739,-86.84234,False,0,0,0,,,,,,,,
100327141,Crashes_2010_2019_MPO,2013-05-10,2013,36.01416,-86.78556,True,0,0,1,,,,,,,,
100327367,Crashes_2010_2019_MPO,2013-05-10,2013,35.94613,-86.82347,False,0,0,0,,,,,,,,
100327631,Crashes_2010_2019_MPO,2013-05-10,2013,35.94421,-86.81975,False,0,0,0,,,,,,,,
100327398,Crashes_2010_2019_MPO,2013-05-10,2013,35.95084,-86.81864,False,0,0,0,,,,,,,,
100328668,Crashes_2010_2019_MPO,2013-05-11,2013,35.92738,-86.86871,False,0,0,0,,,,,,,,
100327653,Crashes_2010_2019_MPO,2013-05-11,2013,35.92688,-86.83106,False,0,0,0,,,,,,,,
100328682,Crashes_2010_2019_MPO,2013-05-11,2013,35.93107,-86.85925,False,0,0,0,,,,,,,,
100328176,Crashes_2010_2019_MPO,2013-05-12,2013,35.97728,-86.72554,True,0,0,0,,,,,,,,
100328516,Crashes_2010_2019_MPO,2013-05-13,2013,35.93117,-86.79409,False,0,0,0,,,,,,,,
100328464,Crashes_2010_2019_MPO,2013-05-13,2013,36.03959,-86.86943,False,0,0,0,,,,,,,,
100328508,Crashes_2010_2019_MPO,2013-05-13,2013,35.99621,-86.78605,True,0,0,0,,,,,,,,
100328489,Crashes_2010_2019_MPO,2013-05-13,2013,35.96577,-86.81407,False,0,0,0,,,,,,,,
100328711,Crashes_2010_2019_MPO,2013-05-14,2013,35.94803,-86.86369,False,0,0,0,,,,,,,,
100330023,Crashes_2010_2019_MPO,2013-05-14,2013,36.0099,-86.78532,True,0,0,0,,,,,,,,
100328958,Crashes_2010_2019_MPO,2013-05-14,2013,35.95681,-86.8184,False,0,0,0,,,,,,,,
100328862,Crashes_2010_2019_MPO,2013-05-14,2013,35.93324,-86.84055,False,0,0,0,,,,,,,,
100328738,Crashes_2010_2019_MPO,2013-05-14,2013,35.99458,-86.76767,True,0,0,0,,,,,,,,
100328659,Crashes_2010_2019_MPO,2013-05-14,2013,36.0302,-86.79046,True,0,0,0,,,,,,,,
100328701,Crashes_2010_2019_MPO,2013-05-14,2013,35.99315,-86.69646,True,0,0,0,,,,,,,,
100329834,Crashes_2010_2019_MPO,2013-05-15,2013,35.95204,-86.81806,False,0,0,0,,,,,,,,
100330109,Crashes_2010_2019_MPO,2013-05-15,2013,35.92924,-86.83968,False,0,0,0,,,,,,,,
100329271,Crashes_2010_2019_MPO,2013-05-15,2013,35.96584,-86.8336,False,0,0,0,,,,,,,,
100329126,Crashes_2010_2019_MPO,2013-05-15,2013,35.96687,-86.80894,True,0,0,0,,,,,,,,
100329156,Crashes_2010_2019_MPO,2013-05-15,2013,36.02907,-86.8764,False,0,0,0,,,,,,,,
100330217,Crashes_2010_2019_MPO,2013-05-15,2013,35.95119,-86.81758,False,0,0,0,,,,,,,,
100329638,Crashes_2010_2019_MPO,2013-05-16,2013,35.99551,-86.77889,True,0,0,0,,,,,,,,
100329666,Crashes_2010_2019_MPO,2013-05-16,2013,35.93445,-86.86101,False,0,0,0,,,,,,,,
100329496,Crashes_2010_2019_MPO,2013-05-16,2013,35.96708,-86.81356,True,0,0,0,,,,,,,,
100330005,Crashes_2010_2019_MPO,2013-05-17,2013,35.96649,-86.80998,True,0,0,0,,,,,,,,
100331373,Crashes_2010_2019_MPO,2013-05-17,2013,35.98242,-86.84628,False,0,0,0,,,,,,,,
100330216,Crashes_2010_2019_MPO,2013-05-17,2013,35.94797,-86.81918,False,0,0,0,,,,,,,,
100330136,Crashes_2010_2019_MPO,2013-05-17,2013,35.97014,-86.80912,True,0,0,0,,,,,,,,
100330190,Crashes_2010_2019_MPO,2013-05-17,2013,35.94659,-86.85184,False,0,0,0,,,,,,,,
100330110,Crashes_2010_2019_MPO,2013-05-17,2013,35.92943,-86.84103,False,0,0,0,,,,,,,,
100330219,Crashes_2010_2019_MPO,2013-05-17,2013,35.94354,-86.81998,False,0,0,0,,,,,,,,
100330218,Crashes_2010_2019_MPO,2013-05-17,2013,35.95077,-86.81845,False,0,0,0,,,,,,,,
100330191,Crashes_2010_2019_MPO,2013-05-17,2013,35.94697,-86.81151,False,0,0,0,,,,,,,,
100333095,Crashes_2010_2019_MPO,2013-05-18,2013,35.9941,-86.79793,True,0,0,1,,,,,,,,
100330403,Crashes_2010_2019_MPO,2013-05-18,2013,35.97596,-86.82953,True,0,0,0,,,,,,,,
100332892,Crashes_2010_2019_MPO,2013-05-18,2013,35.95084,-86.81864,False,0,0,0,,,,,,,,
100330836,Crashes_2010_2019_MPO,2013-05-19,2013,35.98742,-86.70768,True,0,0,0,,,,,,,,
100332423,Crashes_2010_2019_MPO,2013-05-19,2013,35.92547,-86.87275,False,0,0,0,,,,,,,,
100331026,Crashes_2010_2019_MPO,2013-05-19,2013,35.93126,-86.87663,False,0,0,0,,,,,,,,
100331100,Crashes_2010_2019_MPO,2013-05-19,2013,35.94707,-86.8219,False,0,0,0,,,,,,,,
100331582,Crashes_2010_2019_MPO,2013-05-20,2013,35.94377,-86.84493,False,0,0,0,,,,,,,,
100331568,Crashes_2010_2019_MPO,2013-05-20,2013,35.97318,-86.83112,True,0,0,0,,,,,,,,
100338733,Crashes_2010_2019_MPO,2013-05-20,2013,35.93117,-86.79409,False,0,0,0,,,,,,,,
100331580,Crashes_2010_2019_MPO,2013-05-20,2013,35.92669,-86.82442,False,0,0,0,,,,,,,,
100331400,Crashes_2010_2019_MPO,2013-05-20,2013,35.94704,-86.85351,False,0,0,0,,,,,,,,
100331547,Crashes_2010_2019_MPO,2013-05-20,2013,35.94529,-86.84791,False,0,0,0,,,,,,,,
100331399,Crashes_2010_2019_MPO,2013-05-20,2013,35.94068,-86.83938,False,0,0,0,,,,,,,,
100332032,Crashes_2010_2019_MPO,2013-05-21,2013,35.96174,-86.80177,True,0,0,0,,,,,,,,
100332009,Crashes_2010_2019_MPO,2013-05-21,2013,36.00771,-86.87879,False,0,0,0,,,,,,,,
100331806,Crashes_2010_2019_MPO,2013-05-21,2013,36.03521,-86.78691,True,0,0,0,,,,,,,,
100331835,Crashes_2010_2019_MPO,2013-05-21,2013,35.97309,-86.86803,False,0,0,0,,,,,,,,
100332320,Crashes_2010_2019_MPO,2013-05-21,2013,35.92421,-86.87184,False,0,0,0,,,,,,,,
100333280,Crashes_2010_2019_MPO,2013-05-21,2013,36.02975,-86.7837,True,0,0,0,,,,,,,,
100332434,Crashes_2010_2019_MPO,2013-05-21,2013,35.96688,-86.81362,True,0,0,0,,,,,,,,
100332081,Crashes_2010_2019_MPO,2013-05-21,2013,35.99557,-86.79742,True,0,0,0,,,,,,,,
100331758,Crashes_2010_2019_MPO,2013-05-21,2013,35.98431,-86.72412,True,0,0,0,,,,,,,,
100332080,Crashes_2010_2019_MPO,2013-05-21,2013,35.99739,-86.79678,True,0,0,1,,,,,,,,
100332033,Crashes_2010_2019_MPO,2013-05-21,2013,36.03326,-86.78326,True,0,0,0,,,,,,,,
100332427,Crashes_2010_2019_MPO,2013-05-21,2013,35.9464,-86.85021,False,0,0,0,,,,,,,,
100331838,Crashes_2010_2019_MPO,2013-05-21,2013,35.93025,-86.86416,False,0,0,0,,,,,,,,
100331947,Crashes_2010_2019_MPO,2013-05-21,2013,35.94089,-86.83905,False,0,0,0,,,,,,,,
100331769,Crashes_2010_2019_MPO,2013-05-21,2013,36.0235,-86.78661,True,0,0,0,,,,,,,,
100331768,Crashes_2010_2019_MPO,2013-05-21,2013,35.9667,-86.80912,True,0,0,0,,,,,,,,
100331786,Crashes_2010_2019_MPO,2013-05-21,2013,36.03296,-86.78354,True,0,0,0,,,,,,,,
100331798,Crashes_2010_2019_MPO,2013-05-21,2013,35.93887,-86.68507,False,0,0,0,,,,,,,,
100332175,Crashes_2010_2019_MPO,2013-05-21,2013,35.95615,-86.8164,False,0,0,0,,,,,,,,
100334817,Crashes_2010_2019_MPO,2013-05-22,2013,35.95031,-86.81876,False,0,0,0,,,,,,,,
100333221,Crashes_2010_2019_MPO,2013-05-22,2013,35.93278,-86.86225,False,0,0,0,,,,,,,,
100334506,Crashes_2010_2019_MPO,2013-05-22,2013,35.96016,-86.81579,False,0,0,0,,,,,,,,
100332172,Crashes_2010_2019_MPO,2013-05-22,2013,35.97035,-86.75589,True,0,0,0,,,,,,,,
100333223,Crashes_2010_2019_MPO,2013-05-23,2013,35.94488,-86.87921,False,0,0,0,,,,,,,,
100332794,Crashes_2010_2019_MPO,2013-05-23,2013,35.96708,-86.81356,True,0,0,0,,,,,,,,
100332634,Crashes_2010_2019_MPO,2013-05-23,2013,35.94008,-86.67837,False,0,0,0,,,,,,,,
100338057,Crashes_2010_2019_MPO,2013-05-23,2013,35.95651,-86.81095,False,0,0,0,,,,,,,,
100332711,Crashes_2010_2019_MPO,2013-05-23,2013,35.95785,-86.81643,False,0,0,0,,,,,,,,
100334508,Crashes_2010_2019_MPO,2013-05-23,2013,35.95535,-86.80413,False,0,0,0,,,,,,,,
100333184,Crashes_2010_2019_MPO,2013-05-23,2013,35.93796,-86.82869,False,0,0,0,,,,,,,,
100333207,Crashes_2010_2019_MPO,2013-05-24,2013,36.03656,-86.80116,True,0,0,0,,,,,,,,
100333244,Crashes_2010_2019_MPO,2013-05-24,2013,35.98257,-86.79001,True,0,0,1,,,,,,,,
100333275,Crashes_2010_2019_MPO,2013-05-24,2013,35.94707,-86.8219,False,0,0,0,,,,,,,,
100333276,Crashes_2010_2019_MPO,2013-05-24,2013,35.92738,-86.86871,False,0,0,0,,,,,,,,
100334792,Crashes_2010_2019_MPO,2013-05-25,2013,35.93369,-86.82977,False,0,0,0,,,,,,,,
100334827,Crashes_2010_2019_MPO,2013-05-28,2013,36.03662,-86.78684,False,0,0,0,,,,,,,,
100335303,Crashes_2010_2019_MPO,2013-05-29,2013,35.92547,-86.87275,False,0,0,0,,,,,,,,
100335450,Crashes_2010_2019_MPO,2013-05-29,2013,35.96074,-86.81286,False,0,0,0,,,,,,,,
100335134,Crashes_2010_2019_MPO,2013-05-29,2013,35.93486,-86.82108,False,0,0,0,,,,,,,,
100335660,Crashes_2010_2019_MPO,2013-05-29,2013,35.94068,-86.83938,False,0,0,0,,,,,,,,
100335305,Crashes_2010_2019_MPO,2013-05-29,2013,35.94637,-86.82436,False,0,0,0,,,,,,,,
100335732,Crashes_2010_2019_MPO,2013-05-29,2013,35.99615,-86.78553,True,0,0,1,,,,,,,,
100335694,Crashes_2010_2019_MPO,2013-05-30,2013,35.9452,-86.84772,False,0,0,0,,,,,,,,
100336350,Crashes_2010_2019_MPO,2013-05-30,2013,36.02945,-86.87625,False,0,0,0,,,,,,,,
100335532,Crashes_2010_2019_MPO,2013-05-30,2013,35.99551,-86.77889,True,0,0,0,,,,,,,,
100335743,Crashes_2010_2019_MPO,2013-05-30,2013,35.95605,-86.81111,False,0,0,0,,,,,,,,
100335969,Crashes_2010_2019_MPO,2013-05-30,2013,35.9245,-86.80681,False,0,0,0,,,,,,,,
100335968,Crashes_2010_2019_MPO,2013-05-30,2013,35.94002,-86.87955,False,0,0,0,,,,,,,,
100336321,Crashes_2010_2019_MPO,2013-05-30,2013,35.95842,-86.80225,False,0,0,0,,,,,,,,
100335880,Crashes_2010_2019_MPO,2013-05-30,2013,35.94175,-86.8212,False,0,0,0,,,,,,,,
100336322,Crashes_2010_2019_MPO,2013-05-30,2013,35.9498,-86.81328,False,0,0,0,,,,,,,,
100335681,Crashes_2010_2019_MPO,2013-05-30,2013,35.97318,-86.83115,True,0,0,0,,,,,,,,
100335693,Crashes_2010_2019_MPO,2013-05-30,2013,35.94732,-86.8144,False,0,0,0,,,,,,,,
100336101,Crashes_2010_2019_MPO,2013-05-31,2013,35.99511,-86.79758,True,0,0,0,,,,,,,,
100336320,Crashes_2010_2019_MPO,2013-05-31,2013,35.9262,-86.8245,False,0,0,0,,,,,,,,
100337499,Crashes_2010_2019_MPO,2013-05-31,2013,35.93517,-86.81903,False,0,0,0,,,,,,,,
100336664,Crashes_2010_2019_MPO,2013-06-01,2013,36.01331,-86.8623,False,0,0,0,,,,,,,,
100341480,Crashes_2010_2019_MPO,2013-06-01,2013,35.96203,-86.81531,False,0,0,0,,,,,,,,
100336546,Crashes_2010_2019_MPO,2013-06-01,2013,35.96986,-86.72471,True,0,0,0,,,,,,,,
100336950,Crashes_2010_2019_MPO,2013-06-02,2013,35.96986,-86.71448,True,0,0,0,,,,,,,,
100336915,Crashes_2010_2019_MPO,2013-06-02,2013,35.95292,-86.84683,False,0,0,0,,,,,,,,
100343838,Crashes_2010_2019_MPO,2013-06-02,2013,35.93274,-86.82375,False,0,0,0,,,,,,,,
100336903,Crashes_2010_2019_MPO,2013-06-02,2013,36.02663,-86.79245,True,0,0,0,,,,,,,,
100337163,Crashes_2010_2019_MPO,2013-06-03,2013,35.96512,-86.80035,True,0,0,0,,,,,,,,
100337385,Crashes_2010_2019_MPO,2013-06-03,2013,35.93219,-86.79404,False,0,0,0,,,,,,,,
100337500,Crashes_2010_2019_MPO,2013-06-03,2013,35.9334,-86.87762,False,0,0,0,,,,,,,,
100337254,Crashes_2010_2019_MPO,2013-06-03,2013,35.94666,-86.82383,False,0,0,0,,,,,,,,
100337255,Crashes_2010_2019_MPO,2013-06-03,2013,35.99551,-86.77889,True,0,0,1,,,,,,,,
100337152,Crashes_2010_2019_MPO,2013-06-03,2013,36.02252,-86.78709,True,0,0,0,,,,,,,,
100337299,Crashes_2010_2019_MPO,2013-06-03,2013,35.96687,-86.81226,True,0,0,0,,,,,,,,
100338446,Crashes_2010_2019_MPO,2013-06-04,2013,36.02918,-86.78377,True,0,0,0,,,,,,,,
100338445,Crashes_2010_2019_MPO,2013-06-04,2013,36.00388,-86.79145,True,0,0,0,,,,,,,,
100337838,Crashes_2010_2019_MPO,2013-06-04,2013,35.98722,-86.80056,True,0,0,0,,,,,,,,
100338062,Crashes_2010_2019_MPO,2013-06-05,2013,35.95739,-86.75506,True,0,0,0,,,,,,,,
100338016,Crashes_2010_2019_MPO,2013-06-05,2013,35.96981,-86.72395,True,0,0,0,,,,,,,,
100338297,Crashes_2010_2019_MPO,2013-06-05,2013,35.95085,-86.80667,False,0,0,0,,,,,,,,
100338030,Crashes_2010_2019_MPO,2013-06-05,2013,35.96071,-86.81515,False,0,0,0,,,,,,,,
100338554,Crashes_2010_2019_MPO,2013-06-06,2013,35.94068,-86.83938,False,0,0,0,,,,,,,,
100338444,Crashes_2010_2019_MPO,2013-06-06,2013,35.95796,-86.80221,False,0,0,0,,,,,,,,
100338441,Crashes_2010_2019_MPO,2013-06-06,2013,35.94822,-86.81997,False,0,0,0,,,,,,,,
100338406,Crashes_2010_2019_MPO,2013-06-06,2013,36.0346,-86.80132,True,0,0,0,,,,,,,,
100338550,Crashes_2010_2019_MPO,2013-06-06,2013,35.95614,-86.84425,False,0,0,0,,,,,,,,
100338551,Crashes_2010_2019_MPO,2013-06-06,2013,35.93691,-86.69268,False,0,0,0,,,,,,,,
100338364,Crashes_2010_2019_MPO,2013-06-06,2013,36.00343,-86.79191,True,0,0,0,,,,,,,,
100338440,Crashes_2010_2019_MPO,2013-06-06,2013,35.94599,-86.82337,False,0,0,0,,,,,,,,
100338424,Crashes_2010_2019_MPO,2013-06-06,2013,35.92296,-86.74416,False,0,0,1,,,,,,,,
100338887,Crashes_2010_2019_MPO,2013-06-06,2013,36.01745,-86.78625,True,0,0,0,,,,,,,,
100338443,Crashes_2010_2019_MPO,2013-06-06,2013,35.95192,-86.70512,True,0,0,0,,,,,,,,
100339063,Crashes_2010_2019_MPO,2013-06-07,2013,35.92391,-86.87162,False,0,0,0,,,,,,,,
100339036,Crashes_2010_2019_MPO,2013-06-07,2013,35.97102,-86.72644,True,0,0,0,,,,,,,,
100339038,Crashes_2010_2019_MPO,2013-06-07,2013,35.97102,-86.72644,True,0,0,0,,,,,,,,
100339168,Crashes_2010_2019_MPO,2013-06-07,2013,35.99517,-86.81922,True,0,0,0,,,,,,,,
100339281,Crashes_2010_2019_MPO,2013-06-07,2013,35.96203,-86.81531,False,0,0,0,,,,,,,,
100339066,Crashes_2010_2019_MPO,2013-06-07,2013,35.93399,-86.7788,False,0,0,0,,,,,,,,
100340683,Crashes_2010_2019_MPO,2013-06-07,2013,35.95617,-86.81713,False,0,0,0,,,,,,,,
100338865,Crashes_2010_2019_MPO,2013-06-07,2013,35.95121,-86.8184,False,0,0,0,,,,,,,,
100339182,Crashes_2010_2019_MPO,2013-06-08,2013,35.92738,-86.86871,False,0,0,0,,,,,,,,
100339503,Crashes_2010_2019_MPO,2013-06-08,2013,35.98117,-86.81951,True,0,0,0,,,,,,,,
100339350,Crashes_2010_2019_MPO,2013-06-08,2013,35.94712,-86.8543,False,0,0,0,,,,,,,,
100339995,Crashes_2010_2019_MPO,2013-06-09,2013,35.94803,-86.86369,False,0,0,0,,,,,,,,
100339771,Crashes_2010_2019_MPO,2013-06-09,2013,36.00671,-86.78853,True,0,0,0,,,,,,,,
100340045,Crashes_2010_2019_MPO,2013-06-09,2013,35.93561,-86.82388,False,0,0,0,,,,,,,,
100339661,Crashes_2010_2019_MPO,2013-06-09,2013,35.96995,-86.72487,True,0,0,0,,,,,,,,
100339572,Crashes_2010_2019_MPO,2013-06-09,2013,35.94489,-86.82843,False,0,0,0,,,,,,,,
100340282,Crashes_2010_2019_MPO,2013-06-10,2013,36.032,-86.79926,True,0,0,0,,,,,,,,
100340247,Crashes_2010_2019_MPO,2013-06-10,2013,35.99022,-86.74677,True,0,0,1,,,,,,,,
100340252,Crashes_2010_2019_MPO,2013-06-10,2013,35.95261,-86.84708,False,0,0,0,,,,,,,,
100340449,Crashes_2010_2019_MPO,2013-06-10,2013,35.92674,-86.87005,False,0,0,0,,,,,,,,
100340684,Crashes_2010_2019_MPO,2013-06-10,2013,35.9434,-86.84419,False,0,0,0,,,,,,,,
100340251,Crashes_2010_2019_MPO,2013-06-10,2013,35.99639,-86.78763,True,0,0,0,,,,,,,,
100340783,Crashes_2010_2019_MPO,2013-06-10,2013,35.97881,-86.67821,False,0,0,0,,,,,,,,
100340122,Crashes_2010_2019_MPO,2013-06-10,2013,35.96595,-86.80315,True,0,0,0,,,,,,,,
100340051,Crashes_2010_2019_MPO,2013-06-10,2013,35.94069,-86.8316,False,0,0,0,,,,,,,,
100340038,Crashes_2010_2019_MPO,2013-06-10,2013,35.99529,-86.77646,True,0,0,0,,,,,,,,
100340236,Crashes_2010_2019_MPO,2013-06-10,2013,35.94779,-86.81915,False,0,0,0,,,,,,,,
100340682,Crashes_2010_2019_MPO,2013-06-11,2013,35.93131,-86.87652,False,0,0,0,,,,,,,,
100340687,Crashes_2010_2019_MPO,2013-06-11,2013,35.95796,-86.80256,False,0,0,0,,,,,,,,
100340612,Crashes_2010_2019_MPO,2013-06-11,2013,36.00871,-86.78649,True,0,0,0,,,,,,,,
100340828,Crashes_2010_2019_MPO,2013-06-11,2013,35.92259,-86.78026,False,0,0,0,,,,,,,,
100340789,Crashes_2010_2019_MPO,2013-06-11,2013,36.0235,-86.81987,True,0,0,0,,,,,,,,
100341405,Crashes_2010_2019_MPO,2013-06-11,2013,35.94763,-86.85114,False,0,0,0,,,,,,,,
100340686,Crashes_2010_2019_MPO,2013-06-11,2013,35.96689,-86.81362,True,0,0,0,,,,,,,,
100341187,Crashes_2010_2019_MPO,2013-06-12,2013,35.94706,-86.85172,False,0,0,0,,,,,,,,
100340956,Crashes_2010_2019_MPO,2013-06-12,2013,35.96476,-86.81443,False,0,0,0,,,,,,,,
100341557,Crashes_2010_2019_MPO,2013-06-12,2013,35.96708,-86.81356,True,0,0,0,,,,,,,,
100342295,Crashes_2010_2019_MPO,2013-06-12,2013,35.96564,-86.8033,True,0,0,1,,,,,,,,
100341607,Crashes_2010_2019_MPO,2013-06-13,2013,36.02866,-86.78409,True,0,0,0,,,,,,,,
100341536,Crashes_2010_2019_MPO,2013-06-13,2013,35.95853,-86.84233,False,0,0,0,,,,,,,,
100342084,Crashes_2010_2019_MPO,2013-06-14,2013,35.98717,-86.70821,True,0,0,0,,,,,,,,
100341830,Crashes_2010_2019_MPO,2013-06-14,2013,35.99782,-86.7989,True,0,0,1,,,,,,,,
100342095,Crashes_2010_2019_MPO,2013-06-14,2013,35.94673,-86.85172,False,0,0,0,,,,,,,,
100342735,Crashes_2010_2019_MPO,2013-06-15,2013,35.9954,-86.7978,True,0,0,0,,,,,,,,
100342370,Crashes_2010_2019_MPO,2013-06-15,2013,35.92564,-86.87237,False,0,0,0,,,,,,,,
100342474,Crashes_2010_2019_MPO,2013-06-15,2013,35.94695,-86.81962,False,0,0,0,,,,,,,,
100342801,Crashes_2010_2019_MPO,2013-06-16,2013,35.97249,-86.83802,False,0,0,0,,,,,,,,
100342802,Crashes_2010_2019_MPO,2013-06-16,2013,35.96268,-86.80881,False,0,0,0,,,,,,,,
100343189,Crashes_2010_2019_MPO,2013-06-16,2013,35.94088,-86.83929,False,0,0,0,,,,,,,,
100343356,Crashes_2010_2019_MPO,2013-06-17,2013,35.95201,-86.81786,False,0,0,0,,,,,,,,
100343781,Crashes_2010_2019_MPO,2013-06-17,2013,35.95442,-86.71376,False,0,0,0,,,,,,,,
100343152,Crashes_2010_2019_MPO,2013-06-17,2013,35.95104,-86.81851,False,0,0,0,,,,,,,,
100343263,Crashes_2010_2019_MPO,2013-06-17,2013,35.97764,-86.77681,True,0,0,0,,,,,,,,
100346593,Crashes_2010_2019_MPO,2013-06-18,2013,36.00256,-86.79249,True,0,0,0,,,,,,,,
100344005,Crashes_2010_2019_MPO,2013-06-18,2013,35.94623,-86.80879,False,0,0,0,,,,,,,,
100343715,Crashes_2010_2019_MPO,2013-06-18,2013,35.99061,-86.82904,False,0,0,0,,,,,,,,
100344052,Crashes_2010_2019_MPO,2013-06-18,2013,35.94441,-86.72956,False,0,0,0,,,,,,,,
100344188,Crashes_2010_2019_MPO,2013-06-19,2013,35.99924,-86.80919,True,0,0,0,,,,,,,,
100344212,Crashes_2010_2019_MPO,2013-06-19,2013,35.96765,-86.81734,True,0,0,0,,,,,,,,
100344977,Crashes_2010_2019_MPO,2013-06-19,2013,35.92538,-86.79991,False,0,0,0,,,,,,,,
100344464,Crashes_2010_2019_MPO,2013-06-19,2013,35.92414,-86.87116,False,0,0,0,,,,,,,,
100344457,Crashes_2010_2019_MPO,2013-06-20,2013,35.94068,-86.83938,False,0,0,0,,,,,,,,
100344773,Crashes_2010_2019_MPO,2013-06-20,2013,35.92924,-86.83968,False,0,0,0,,,,,,,,
100344843,Crashes_2010_2019_MPO,2013-06-20,2013,35.98044,-86.7615,True,0,0,0,,,,,,,,
100344481,Crashes_2010_2019_MPO,2013-06-20,2013,36.03514,-86.80579,True,0,0,1,,,,,,,,
100344891,Crashes_2010_2019_MPO,2013-06-20,2013,35.94707,-86.8219,False,0,0,0,,,,,,,,
100345230,Crashes_2010_2019_MPO,2013-06-21,2013,35.95309,-86.81498,False,0,0,0,,,,,,,,
100346078,Crashes_2010_2019_MPO,2013-06-21,2013,35.99782,-86.79885,True,0,0,0,,,,,,,,
100344790,Crashes_2010_2019_MPO,2013-06-21,2013,35.96192,-86.81483,False,0,0,0,,,,,,,,
100344791,Crashes_2010_2019_MPO,2013-06-21,2013,35.99004,-86.74527,True,0,0,0,,,,,,,,
100344828,Crashes_2010_2019_MPO,2013-06-21,2013,35.92638,-86.87082,False,0,0,0,,,,,,,,
100345010,Crashes_2010_2019_MPO,2013-06-21,2013,35.9451,-86.84754,False,0,0,0,,,,,,,,
100345708,Crashes_2010_2019_MPO,2013-06-22,2013,35.93499,-86.84706,False,0,0,0,,,,,,,,
100345295,Crashes_2010_2019_MPO,2013-06-22,2013,35.93205,-86.85957,False,0,0,0,,,,,,,,
100345660,Crashes_2010_2019_MPO,2013-06-23,2013,35.99831,-86.80315,True,0,0,0,,,,,,,,
100345872,Crashes_2010_2019_MPO,2013-06-23,2013,35.93459,-86.81991,False,0,0,0,,,,,,,,
100346245,Crashes_2010_2019_MPO,2013-06-24,2013,35.99617,-86.82861,True,0,0,0,,,,,,,,
100346233,Crashes_2010_2019_MPO,2013-06-24,2013,35.95692,-86.84124,False,0,0,0,,,,,,,,
100346197,Crashes_2010_2019_MPO,2013-06-24,2013,35.99349,-86.73731,True,0,0,0,,,,,,,,
100346479,Crashes_2010_2019_MPO,2013-06-24,2013,35.93087,-86.82012,False,0,0,0,,,,,,,,
100346218,Crashes_2010_2019_MPO,2013-06-24,2013,35.9292,-86.82443,False,0,0,0,,,,,,,,
100346560,Crashes_2010_2019_MPO,2013-06-25,2013,35.92521,-86.82466,False,0,0,0,,,,,,,,
100346536,Crashes_2010_2019_MPO,2013-06-25,2013,35.9326,-86.80743,False,0,0,0,,,,,,,,
100346559,Crashes_2010_2019_MPO,2013-06-25,2013,35.94645,-86.82369,False,0,0,0,,,,,,,,
100346818,Crashes_2010_2019_MPO,2013-06-25,2013,35.92654,-86.86596,False,0,0,0,,,,,,,,
100348665,Crashes_2010_2019_MPO,2013-06-26,2013,35.94633,-86.80851,False,0,0,0,,,,,,,,
100346898,Crashes_2010_2019_MPO,2013-06-26,2013,35.92926,-86.71668,False,0,0,0,,,,,,,,
100346883,Crashes_2010_2019_MPO,2013-06-26,2013,35.92999,-86.84178,False,0,0,0,,,,,,,,
100347395,Crashes_2010_2019_MPO,2013-06-26,2013,35.94428,-86.81993,False,0,0,0,,,,,,,,
100347103,Crashes_2010_2019_MPO,2013-06-27,2013,35.9663,-86.83823,False,0,0,0,,,,,,,,
100349088,Crashes_2010_2019_MPO,2013-06-27,2013,35.94465,-86.84666,False,0,0,0,,,,,,,,
100347421,Crashes_2010_2019_MPO,2013-06-27,2013,35.92826,-86.8208,False,0,0,0,,,,,,,,
100347106,Crashes_2010_2019_MPO,2013-06-27,2013,35.94757,-86.81398,False,0,0,0,,,,,,,,
100346960,Crashes_2010_2019_MPO,2013-06-27,2013,35.95522,-86.84498,False,0,0,0,,,,,,,,