record_no,source_layer,collision_ts,crash_year,latitude,longitude,in_city,fatalities,non_motorists,truck_involved,serious_injuries,pedestrian,bicycle,crash_type,manner_of_collision,lighting,weather,first_harmful_event
100348731,Crashes_2010_2019_MPO,2013-06-27,2013,35.95338,-86.81228,False,0,0,0,,,,,,,,
100347099,Crashes_2010_2019_MPO,2013-06-27,2013,35.93564,-86.83922,False,0,0,0,,,,,,,,
100355307,Crashes_2010_2019_MPO,2013-06-27,2013,36.03991,-86.74203,False,0,0,0,,,,,,,,
100347645,Crashes_2010_2019_MPO,2013-06-28,2013,35.95798,-86.80256,False,0,0,0,,,,,,,,
100347906,Crashes_2010_2019_MPO,2013-06-28,2013,35.9506,-86.80045,False,0,0,0,,,,,,,,
100347741,Crashes_2010_2019_MPO,2013-06-28,2013,35.92434,-86.87193,False,0,0,0,,,,,,,,
100347618,Crashes_2010_2019_MPO,2013-06-28,2013,35.99551,-86.77889,True,0,0,0,,,,,,,,
100347904,Crashes_2010_2019_MPO,2013-06-28,2013,35.95581,-86.83102,False,0,0,0,,,,,,,,
100348080,Crashes_2010_2019_MPO,2013-06-29,2013,35.94498,-86.82835,False,0,0,0,,,,,,,,
100349063,Crashes_2010_2019_MPO,2013-06-29,2013,35.94292,-86.85485,False,0,0,0,,,,,,,,
100349014,Crashes_2010_2019_MPO,2013-06-29,2013,35.94053,-86.83924,False,0,0,0,,,,,,,,
100348002,Crashes_2010_2019_MPO,2013-06-29,2013,35.93156,-86.87591,False,0,0,0,,,,,,,,
100348097,Crashes_2010_2019_MPO,2013-06-29,2013,36.02966,-86.78327,True,0,0,0,,,,,,,,
100348571,Crashes_2010_2019_MPO,2013-07-01,2013,35.96036,-86.87325,False,0,0,0,,,,,,,,
100348650,Crashes_2010_2019_MPO,2013-07-01,2013,35.94467,-86.82831,False,0,0,0,,,,,,,,
100348696,Crashes_2010_2019_MPO,2013-07-01,2013,35.96512,-86.80035,True,0,0,0,,,,,,,,
100348851,Crashes_2010_2019_MPO,2013-07-01,2013,35.94548,-86.87509,False,0,0,0,,,,,,,,
100349079,Crashes_2010_2019_MPO,2013-07-01,2013,35.92547,-86.87275,False,0,0,0,,,,,,,,
100348869,Crashes_2010_2019_MPO,2013-07-01,2013,35.96502,-86.80209,True,0,0,0,,,,,,,,
100348761,Crashes_2010_2019_MPO,2013-07-01,2013,35.9667,-86.81117,True,0,0,0,,,,,,,,
100348850,Crashes_2010_2019_MPO,2013-07-01,2013,35.94689,-86.81961,False,0,0,0,,,,,,,,
100348867,Crashes_2010_2019_MPO,2013-07-01,2013,35.96453,-86.81434,False,0,0,0,,,,,,,,
100348918,Crashes_2010_2019_MPO,2013-07-01,2013,35.94673,-86.85172,False,0,0,0,,,,,,,,
100348957,Crashes_2010_2019_MPO,2013-07-01,2013,35.9278,-86.75452,False,0,0,0,,,,,,,,
100349491,Crashes_2010_2019_MPO,2013-07-02,2013,35.94894,-86.81358,False,0,0,0,,,,,,,,
100349131,Crashes_2010_2019_MPO,2013-07-02,2013,35.92704,-86.87388,False,0,0,1,,,,,,,,
100349509,Crashes_2010_2019_MPO,2013-07-02,2013,35.94632,-86.8236,False,0,0,0,,,,,,,,
100349355,Crashes_2010_2019_MPO,2013-07-02,2013,35.9649,-86.79312,True,0,0,0,,,,,,,,
100349293,Crashes_2010_2019_MPO,2013-07-02,2013,35.9594,-86.81322,False,0,0,0,,,,,,,,
100349292,Crashes_2010_2019_MPO,2013-07-02,2013,35.97779,-86.84046,False,0,0,0,,,,,,,,
100349734,Crashes_2010_2019_MPO,2013-07-03,2013,35.92333,-86.87506,False,0,0,0,,,,,,,,
100349809,Crashes_2010_2019_MPO,2013-07-03,2013,35.97332,-86.83308,True,0,0,0,,,,,,,,
100349803,Crashes_2010_2019_MPO,2013-07-03,2013,35.95979,-86.81369,False,0,0,0,,,,,,,,
100350563,Crashes_2010_2019_MPO,2013-07-03,2013,35.94468,-86.84671,False,0,0,0,,,,,,,,
100349735,Crashes_2010_2019_MPO,2013-07-03,2013,36.03399,-86.78316,True,0,0,0,,,,,,,,
100349662,Crashes_2010_2019_MPO,2013-07-03,2013,35.94596,-86.82687,False,0,0,0,,,,,,,,
100350202,Crashes_2010_2019_MPO,2013-07-04,2013,35.94594,-86.82399,False,0,0,0,,,,,,,,
100350401,Crashes_2010_2019_MPO,2013-07-04,2013,35.92339,-86.82266,False,0,0,0,,,,,,,,
100350188,Crashes_2010_2019_MPO,2013-07-04,2013,35.95211,-86.81783,False,0,0,0,,,,,,,,
100350152,Crashes_2010_2019_MPO,2013-07-04,2013,35.93335,-86.78022,False,0,0,0,,,,,,,,
100350326,Crashes_2010_2019_MPO,2013-07-04,2013,35.96698,-86.69987,False,0,0,0,,,,,,,,
100350065,Crashes_2010_2019_MPO,2013-07-04,2013,35.96512,-86.80035,True,0,0,1,,,,,,,,
100350573,Crashes_2010_2019_MPO,2013-07-05,2013,35.9465,-86.86924,False,0,0,0,,,,,,,,
100351821,Crashes_2010_2019_MPO,2013-07-05,2013,35.96203,-86.80928,False,0,0,0,,,,,,,,
100350574,Crashes_2010_2019_MPO,2013-07-05,2013,35.94304,-86.81588,False,0,0,0,,,,,,,,
100351343,Crashes_2010_2019_MPO,2013-07-06,2013,35.93561,-86.82388,False,0,0,0,,,,,,,,
100352487,Crashes_2010_2019_MPO,2013-07-06,2013,35.92264,-86.8229,False,0,0,0,,,,,,,,
100351005,Crashes_2010_2019_MPO,2013-07-06,2013,35.96466,-86.81485,True,0,0,0,,,,,,,,
100351658,Crashes_2010_2019_MPO,2013-07-07,2013,35.93315,-86.85254,False,0,0,0,,,,,,,,
100351693,Crashes_2010_2019_MPO,2013-07-07,2013,35.93393,-86.81752,False,0,0,0,,,,,,,,
100351570,Crashes_2010_2019_MPO,2013-07-07,2013,35.93546,-86.82377,False,0,0,0,,,,,,,,
100352068,Crashes_2010_2019_MPO,2013-07-08,2013,35.95846,-86.80194,False,0,0,0,,,,,,,,
100352113,Crashes_2010_2019_MPO,2013-07-08,2013,36.03448,-86.78807,True,0,0,0,,,,,,,,
100351889,Crashes_2010_2019_MPO,2013-07-08,2013,36.03336,-86.78872,True,0,0,0,,,,,,,,
100351996,Crashes_2010_2019_MPO,2013-07-08,2013,35.99735,-86.79489,True,0,0,0,,,,,,,,
100351945,Crashes_2010_2019_MPO,2013-07-08,2013,36.03123,-86.78819,True,0,0,0,,,,,,,,
100352775,Crashes_2010_2019_MPO,2013-07-09,2013,36.00219,-86.79319,True,0,0,0,,,,,,,,
100352431,Crashes_2010_2019_MPO,2013-07-09,2013,35.96175,-86.80191,True,0,0,0,,,,,,,,
100352829,Crashes_2010_2019_MPO,2013-07-09,2013,35.95106,-86.81963,False,0,0,0,,,,,,,,
100352446,Crashes_2010_2019_MPO,2013-07-09,2013,35.94659,-86.82379,False,0,0,0,,,,,,,,
100352638,Crashes_2010_2019_MPO,2013-07-09,2013,35.9583,-86.80229,False,0,0,0,,,,,,,,
100352566,Crashes_2010_2019_MPO,2013-07-09,2013,35.93496,-86.81912,False,0,0,0,,,,,,,,
100352447,Crashes_2010_2019_MPO,2013-07-09,2013,35.93486,-86.8211,False,0,0,0,,,,,,,,
100354212,Crashes_2010_2019_MPO,2013-07-09,2013,35.96722,-86.81353,True,0,0,0,,,,,,,,
100353073,Crashes_2010_2019_MPO,2013-07-09,2013,35.93466,-86.86086,False,0,0,0,,,,,,,,
100353125,Crashes_2010_2019_MPO,2013-07-10,2013,35.97055,-86.82609,False,0,0,0,,,,,,,,
100353328,Crashes_2010_2019_MPO,2013-07-10,2013,35.92648,-86.82524,False,0,0,0,,,,,,,,
100352830,Crashes_2010_2019_MPO,2013-07-10,2013,35.94689,-86.85175,False,0,0,0,,,,,,,,
100352848,Crashes_2010_2019_MPO,2013-07-10,2013,35.99782,-86.7989,True,0,0,0,,,,,,,,
100353501,Crashes_2010_2019_MPO,2013-07-10,2013,35.95222,-86.81879,False,0,0,0,,,,,,,,
100352687,Crashes_2010_2019_MPO,2013-07-10,2013,35.94701,-86.8533,False,0,0,0,,,,,,,,
100352858,Crashes_2010_2019_MPO,2013-07-10,2013,35.94775,-86.85995,False,0,0,0,,,,,,,,
100352888,Crashes_2010_2019_MPO,2013-07-10,2013,35.93126,-86.87663,False,0,0,0,,,,,,,,
100352887,Crashes_2010_2019_MPO,2013-07-10,2013,35.93296,-86.78252,False,0,0,0,,,,,,,,
100353180,Crashes_2010_2019_MPO,2013-07-11,2013,35.94088,-86.83925,False,0,0,0,,,,,,,,
100353181,Crashes_2010_2019_MPO,2013-07-11,2013,35.93744,-86.7701,False,0,0,0,,,,,,,,
100353003,Crashes_2010_2019_MPO,2013-07-11,2013,35.98403,-86.72286,True,0,0,0,,,,,,,,
100356002,Crashes_2010_2019_MPO,2013-07-11,2013,35.94823,-86.81997,False,0,0,0,,,,,,,,
100353400,Crashes_2010_2019_MPO,2013-07-11,2013,36.03039,-86.87019,False,0,0,0,,,,,,,,
100354785,Crashes_2010_2019_MPO,2013-07-11,2013,35.94797,-86.81914,False,0,0,0,,,,,,,,
100355091,Crashes_2010_2019_MPO,2013-07-11,2013,35.93033,-86.86409,False,0,0,0,,,,,,,,
100353454,Crashes_2010_2019_MPO,2013-07-11,2013,35.94951,-86.81931,False,0,0,0,,,,,,,,
100355088,Crashes_2010_2019_MPO,2013-07-11,2013,35.92254,-86.87194,False,0,0,0,,,,,,,,
100354786,Crashes_2010_2019_MPO,2013-07-12,2013,35.96611,-86.8383,False,0,0,0,,,,,,,,
100353635,Crashes_2010_2019_MPO,2013-07-12,2013,35.97164,-86.81117,True,0,0,0,,,,,,,,
100353461,Crashes_2010_2019_MPO,2013-07-12,2013,35.99666,-86.78991,True,0,0,0,,,,,,,,
100353659,Crashes_2010_2019_MPO,2013-07-12,2013,35.96672,-86.8113,True,0,0,0,,,,,,,,
100354795,Crashes_2010_2019_MPO,2013-07-12,2013,35.92988,-86.82023,False,0,0,0,,,,,,,,
100353658,Crashes_2010_2019_MPO,2013-07-12,2013,35.94069,-86.8316,False,0,0,0,,,,,,,,
100353853,Crashes_2010_2019_MPO,2013-07-13,2013,36.02959,-86.79078,True,0,0,0,,,,,,,,
100356472,Crashes_2010_2019_MPO,2013-07-13,2013,35.94701,-86.85225,False,0,0,0,,,,,,,,
100354399,Crashes_2010_2019_MPO,2013-07-13,2013,35.96194,-86.7103,True,0,0,0,,,,,,,,
100355353,Crashes_2010_2019_MPO,2013-07-13,2013,35.94422,-86.82862,False,0,0,0,,,,,,,,
100354661,Crashes_2010_2019_MPO,2013-07-14,2013,35.94778,-86.81995,False,0,0,0,,,,,,,,
100363787,Crashes_2010_2019_MPO,2013-07-14,2013,35.96411,-86.81063,False,0,0,0,,,,,,,,
100354753,Crashes_2010_2019_MPO,2013-07-15,2013,35.96734,-86.81494,True,0,0,0,,,,,,,,
100354724,Crashes_2010_2019_MPO,2013-07-15,2013,35.94713,-86.82172,False,0,0,0,,,,,,,,
100354517,Crashes_2010_2019_MPO,2013-07-15,2013,35.92962,-86.84185,False,0,0,0,,,,,,,,
100354655,Crashes_2010_2019_MPO,2013-07-15,2013,35.96172,-86.80191,True,0,0,0,,,,,,,,
100354820,Crashes_2010_2019_MPO,2013-07-15,2013,35.95092,-86.81919,False,0,0,0,,,,,,,,
100354570,Crashes_2010_2019_MPO,2013-07-15,2013,35.93459,-86.81988,False,0,0,0,,,,,,,,
100354710,Crashes_2010_2019_MPO,2013-07-15,2013,35.98742,-86.73816,True,0,0,0,,,,,,,,
100354635,Crashes_2010_2019_MPO,2013-07-15,2013,35.96312,-86.81899,True,0,0,0,,,,,,,,
100356001,Crashes_2010_2019_MPO,2013-07-16,2013,35.92672,-86.82442,False,0,0,0,,,,,,,,
100355090,Crashes_2010_2019_MPO,2013-07-16,2013,35.93546,-86.82377,False,0,0,0,,,,,,,,
100356003,Crashes_2010_2019_MPO,2013-07-16,2013,35.94436,-86.80918,False,0,0,0,,,,,,,,
100355125,Crashes_2010_2019_MPO,2013-07-16,2013,35.96891,-86.8093,True,0,0,0,,,,,,,,
100355323,Crashes_2010_2019_MPO,2013-07-17,2013,35.99735,-86.79489,True,0,0,0,,,,,,,,
100355380,Crashes_2010_2019_MPO,2013-07-17,2013,35.95211,-86.81783,False,0,0,0,,,,,,,,
100355531,Crashes_2010_2019_MPO,2013-07-17,2013,35.93847,-86.68614,False,0,0,0,,,,,,,,
100355267,Crashes_2010_2019_MPO,2013-07-17,2013,35.9975,-86.79664,True,0,0,0,,,,,,,,
100360454,Crashes_2010_2019_MPO,2013-07-18,2013,35.92308,-86.81718,False,0,0,0,,,,,,,,
100356224,Crashes_2010_2019_MPO,2013-07-18,2013,35.94465,-86.82817,False,0,0,0,,,,,,,,
100358671,Crashes_2010_2019_MPO,2013-07-18,2013,35.9261,-86.8714,False,0,0,0,,,,,,,,
100355980,Crashes_2010_2019_MPO,2013-07-18,2013,35.97424,-86.8322,True,0,0,0,,,,,,,,
100358490,Crashes_2010_2019_MPO,2013-07-18,2013,36.02404,-86.78602,True,0,0,1,,,,,,,,
100356225,Crashes_2010_2019_MPO,2013-07-18,2013,35.94816,-86.81782,False,0,0,0,,,,,,,,
100356006,Crashes_2010_2019_MPO,2013-07-18,2013,35.95578,-86.83054,False,0,0,0,,,,,,,,
100356025,Crashes_2010_2019_MPO,2013-07-18,2013,35.97005,-86.78991,True,0,0,0,,,,,,,,
100356412,Crashes_2010_2019_MPO,2013-07-19,2013,35.95713,-86.81532,False,0,0,0,,,,,,,,
100356440,Crashes_2010_2019_MPO,2013-07-19,2013,35.96532,-86.81138,False,0,0,0,,,,,,,,
100358669,Crashes_2010_2019_MPO,2013-07-19,2013,35.96627,-86.81129,False,0,0,0,,,,,,,,
100356537,Crashes_2010_2019_MPO,2013-07-19,2013,35.96478,-86.81134,False,0,0,0,,,,,,,,
100356441,Crashes_2010_2019_MPO,2013-07-19,2013,35.95236,-86.80141,False,0,0,0,,,,,,,,
100356271,Crashes_2010_2019_MPO,2013-07-19,2013,35.96505,-86.81607,True,0,0,0,,,,,,,,
100356782,Crashes_2010_2019_MPO,2013-07-20,2013,35.95855,-86.81024,False,0,0,0,,,,,,,,
100356665,Crashes_2010_2019_MPO,2013-07-20,2013,35.92641,-86.82446,False,0,0,0,,,,,,,,
100356591,Crashes_2010_2019_MPO,2013-07-20,2013,35.92392,-86.87238,False,0,0,0,,,,,,,,
100356747,Crashes_2010_2019_MPO,2013-07-20,2013,35.94759,-86.81109,False,0,0,0,,,,,,,,
100357254,Crashes_2010_2019_MPO,2013-07-21,2013,35.94702,-86.85137,False,0,0,0,,,,,,,,
100356987,Crashes_2010_2019_MPO,2013-07-21,2013,35.99004,-86.74527,True,0,0,0,,,,,,,,
100357065,Crashes_2010_2019_MPO,2013-07-21,2013,35.97625,-86.82846,True,0,0,0,,,,,,,,
100357489,Crashes_2010_2019_MPO,2013-07-22,2013,35.95224,-86.81916,False,0,0,0,,,,,,,,
100357605,Crashes_2010_2019_MPO,2013-07-22,2013,35.95576,-86.83055,False,0,0,0,,,,,,,,
100357576,Crashes_2010_2019_MPO,2013-07-22,2013,35.96716,-86.81405,True,0,0,0,,,,,,,,
100357607,Crashes_2010_2019_MPO,2013-07-22,2013,35.99404,-86.7982,True,0,0,0,,,,,,,,
100357416,Crashes_2010_2019_MPO,2013-07-22,2013,35.9698,-86.72399,True,0,0,0,,,,,,,,
100358670,Crashes_2010_2019_MPO,2013-07-22,2013,35.94044,-86.83234,False,0,0,0,,,,,,,,
100357524,Crashes_2010_2019_MPO,2013-07-22,2013,35.92315,-86.82274,False,0,0,0,,,,,,,,
100357490,Crashes_2010_2019_MPO,2013-07-22,2013,35.96577,-86.82065,True,0,0,0,,,,,,,,
100357525,Crashes_2010_2019_MPO,2013-07-22,2013,35.99417,-86.76405,True,0,0,0,,,,,,,,
100357439,Crashes_2010_2019_MPO,2013-07-22,2013,35.962,-86.81517,False,0,0,0,,,,,,,,
100357563,Crashes_2010_2019_MPO,2013-07-22,2013,35.96982,-86.7238,True,0,0,0,,,,,,,,
100358005,Crashes_2010_2019_MPO,2013-07-23,2013,35.95522,-86.84498,False,0,0,0,,,,,,,,
100358020,Crashes_2010_2019_MPO,2013-07-23,2013,36.03723,-86.78931,False,0,0,0,,,,,,,,
100358018,Crashes_2010_2019_MPO,2013-07-23,2013,35.94632,-86.8236,False,0,0,0,,,,,,,,
100358188,Crashes_2010_2019_MPO,2013-07-23,2013,35.92772,-86.84227,False,0,0,0,,,,,,,,
100358259,Crashes_2010_2019_MPO,2013-07-24,2013,35.96666,-86.80919,True,0,0,0,,,,,,,,
100358420,Crashes_2010_2019_MPO,2013-07-24,2013,35.96649,-86.80966,True,0,0,0,,,,,,,,
100358431,Crashes_2010_2019_MPO,2013-07-24,2013,35.96687,-86.81113,True,0,0,0,,,,,,,,
100358620,Crashes_2010_2019_MPO,2013-07-24,2013,36.0343,-86.79174,True,0,0,0,,,,,,,,
100358497,Crashes_2010_2019_MPO,2013-07-24,2013,36.0079,-86.86216,False,0,0,0,,,,,,,,
100358263,Crashes_2010_2019_MPO,2013-07-24,2013,36.03456,-86.80282,True,0,0,1,,,,,,,,
100358386,Crashes_2010_2019_MPO,2013-07-24,2013,35.96302,-86.815,False,0,0,0,,,,,,,,
100358579,Crashes_2010_2019_MPO,2013-07-25,2013,36.00166,-86.80793,True,0,0,0,,,,,,,,
100358625,Crashes_2010_2019_MPO,2013-07-25,2013,35.97921,-86.7265,True,0,0,0,,,,,,,,
100358629,Crashes_2010_2019_MPO,2013-07-25,2013,35.92483,-86.87228,False,0,0,0,,,,,,,,
100359026,Crashes_2010_2019_MPO,2013-07-26,2013,35.96665,-86.80939,True,0,0,0,,,,,,,,
100359046,Crashes_2010_2019_MPO,2013-07-26,2013,35.92303,-86.81661,False,0,0,0,,,,,,,,
100359201,Crashes_2010_2019_MPO,2013-07-26,2013,35.92558,-86.87283,False,0,0,0,,,,,,,,
100384967,Crashes_2010_2019_MPO,2013-07-26,2013,35.92646,-86.82496,False,0,0,0,,,,,,,,
100359147,Crashes_2010_2019_MPO,2013-07-26,2013,35.93309,-86.86201,False,0,0,0,,,,,,,,
100359200,Crashes_2010_2019_MPO,2013-07-26,2013,35.99054,-86.81397,True,0,0,0,,,,,,,,
100359711,Crashes_2010_2019_MPO,2013-07-27,2013,35.96536,-86.79757,True,0,0,0,,,,,,,,
100359443,Crashes_2010_2019_MPO,2013-07-27,2013,35.96665,-86.80941,True,0,0,0,,,,,,,,
100359566,Crashes_2010_2019_MPO,2013-07-27,2013,35.95789,-86.80256,False,0,0,0,,,,,,,,
100359693,Crashes_2010_2019_MPO,2013-07-28,2013,35.94338,-86.85448,False,0,0,0,,,,,,,,
100360193,Crashes_2010_2019_MPO,2013-07-29,2013,35.94951,-86.81931,False,0,0,0,,,,,,,,
100360176,Crashes_2010_2019_MPO,2013-07-29,2013,35.93188,-86.86131,False,0,0,1,,,,,,,,
100360146,Crashes_2010_2019_MPO,2013-07-29,2013,35.96595,-86.80315,True,0,0,0,,,,,,,,
100360603,Crashes_2010_2019_MPO,2013-07-30,2013,35.93487,-86.82114,False,0,0,0,,,,,,,,
100360453,Crashes_2010_2019_MPO,2013-07-30,2013,35.9583,-86.80229,False,0,0,0,,,,,,,,
100360584,Crashes_2010_2019_MPO,2013-07-30,2013,35.9325,-86.86245,False,0,0,0,,,,,,,,
100360516,Crashes_2010_2019_MPO,2013-07-30,2013,36.03315,-86.79955,True,0,0,0,,,,,,,,
100360529,Crashes_2010_2019_MPO,2013-07-30,2013,35.92944,-86.84352,False,0,0,0,,,,,,,,
100360586,Crashes_2010_2019_MPO,2013-07-30,2013,35.95445,-86.81243,False,0,0,0,,,,,,,,
100360673,Crashes_2010_2019_MPO,2013-07-30,2013,35.95579,-86.83083,False,0,0,0,,,,,,,,
100361067,Crashes_2010_2019_MPO,2013-07-31,2013,35.95508,-86.7387,True,0,0,0,,,,,,,,
100361020,Crashes_2010_2019_MPO,2013-07-31,2013,35.97322,-86.83318,True,0,0,0,,,,,,,,
100360938,Crashes_2010_2019_MPO,2013-07-31,2013,35.952,-86.81699,False,0,0,0,,,,,,,,
100365382,Crashes_2010_2019_MPO,2013-07-31,2013,35.94707,-86.8219,False,0,0,0,,,,,,,,
100361466,Crashes_2010_2019_MPO,2013-07-31,2013,35.96745,-86.69699,False,0,0,0,,,,,,,,
100361989,Crashes_2010_2019_MPO,2013-07-31,2013,36.01641,-86.78595,True,0,0,0,,,,,,,,
100361135,Crashes_2010_2019_MPO,2013-07-31,2013,35.95357,-86.81782,False,0,0,0,,,,,,,,
100361442,Crashes_2010_2019_MPO,2013-07-31,2013,35.95842,-86.80225,False,0,0,0,,,,,,,,
100361111,Crashes_2010_2019_MPO,2013-07-31,2013,35.94586,-86.82571,False,0,0,0,,,,,,,,
100360836,Crashes_2010_2019_MPO,2013-07-31,2013,35.96463,-86.81476,True,0,0,0,,,,,,,,
100361069,Crashes_2010_2019_MPO,2013-08-01,2013,35.96385,-86.79905,True,0,0,0,,,,,,,,
100361346,Crashes_2010_2019_MPO,2013-08-01,2013,35.96708,-86.81356,True,0,0,0,,,,,,,,
100361444,Crashes_2010_2019_MPO,2013-08-01,2013,35.95195,-86.81809,False,0,0,0,,,,,,,,
100361296,Crashes_2010_2019_MPO,2013-08-01,2013,35.94778,-86.81919,False,0,0,0,,,,,,,,
100361812,Crashes_2010_2019_MPO,2013-08-01,2013,35.98014,-86.80275,True,0,0,0,,,,,,,,
100361631,Crashes_2010_2019_MPO,2013-08-02,2013,35.93566,-86.86346,False,0,0,0,,,,,,,,
100361685,Crashes_2010_2019_MPO,2013-08-02,2013,35.9667,-86.81117,True,0,0,0,,,,,,,,
100361772,Crashes_2010_2019_MPO,2013-08-02,2013,35.96572,-86.70651,True,0,0,0,,,,,,,,
100362096,Crashes_2010_2019_MPO,2013-08-02,2013,35.94455,-86.82075,False,0,0,0,,,,,,,,
100363144,Crashes_2010_2019_MPO,2013-08-02,2013,35.95271,-86.8214,False,0,0,0,,,,,,,,
100362097,Crashes_2010_2019_MPO,2013-08-02,2013,35.93221,-86.79433,False,0,0,0,,,,,,,,
100361914,Crashes_2010_2019_MPO,2013-08-02,2013,36.0343,-86.8737,False,0,0,0,,,,,,,,
100361703,Crashes_2010_2019_MPO,2013-08-02,2013,35.93756,-86.76808,False,0,0,0,,,,,,,,
100362237,Crashes_2010_2019_MPO,2013-08-03,2013,35.95801,-86.80257,False,0,0,0,,,,,,,,
100362291,Crashes_2010_2019_MPO,2013-08-03,2013,35.95968,-86.81304,False,0,0,0,,,,,,,,
100362573,Crashes_2010_2019_MPO,2013-08-04,2013,35.98098,-86.71475,True,0,0,0,,,,,,,,
100362616,Crashes_2010_2019_MPO,2013-08-04,2013,35.92947,-86.84135,False,0,0,0,,,,,,,,
100362484,Crashes_2010_2019_MPO,2013-08-04,2013,35.92367,-86.76694,False,0,0,0,,,,,,,,
100363016,Crashes_2010_2019_MPO,2013-08-05,2013,35.95407,-86.81263,False,0,0,0,,,,,,,,
100363063,Crashes_2010_2019_MPO,2013-08-05,2013,35.94766,-86.81973,False,0,0,0,,,,,,,,
100363575,Crashes_2010_2019_MPO,2013-08-06,2013,35.9261,-86.8714,False,0,0,0,,,,,,,,
100363454,Crashes_2010_2019_MPO,2013-08-06,2013,35.94613,-86.82347,False,0,0,0,,,,,,,,
100363251,Crashes_2010_2019_MPO,2013-08-06,2013,35.92912,-86.7503,False,0,0,0,,,,,,,,
100363604,Crashes_2010_2019_MPO,2013-08-06,2013,35.94686,-86.85162,False,0,0,0,,,,,,,,
100363460,Crashes_2010_2019_MPO,2013-08-06,2013,35.94757,-86.81473,False,0,0,0,,,,,,,,
100363410,Crashes_2010_2019_MPO,2013-08-06,2013,35.95675,-86.83967,False,0,0,0,,,,,,,,
100363779,Crashes_2010_2019_MPO,2013-08-07,2013,35.96665,-86.80941,True,0,0,0,,,,,,,,
100364292,Crashes_2010_2019_MPO,2013-08-07,2013,35.94816,-86.81784,False,0,0,0,,,,,,,,
100363768,Crashes_2010_2019_MPO,2013-08-07,2013,35.95538,-86.80582,False,0,0,0,,,,,,,,
100363900,Crashes_2010_2019_MPO,2013-08-07,2013,35.94659,-86.80966,False,0,0,0,,,,,,,,
100363896,Crashes_2010_2019_MPO,2013-08-07,2013,35.94873,-86.83188,False,0,0,0,,,,,,,,
100364338,Crashes_2010_2019_MPO,2013-08-08,2013,35.9448,-86.82822,False,0,0,0,,,,,,,,
100364297,Crashes_2010_2019_MPO,2013-08-08,2013,35.94489,-86.82843,False,0,0,0,,,,,,,,
100365991,Crashes_2010_2019_MPO,2013-08-08,2013,35.962,-86.81517,False,0,0,0,,,,,,,,
100364820,Crashes_2010_2019_MPO,2013-08-08,2013,35.9288,-86.76743,False,0,0,0,,,,,,,,
100364304,Crashes_2010_2019_MPO,2013-08-08,2013,35.96131,-86.80179,True,0,0,0,,,,,,,,
100364200,Crashes_2010_2019_MPO,2013-08-08,2013,35.97021,-86.72533,True,0,0,0,,,,,,,,
100364069,Crashes_2010_2019_MPO,2013-08-08,2013,35.94818,-86.81703,False,0,0,0,,,,,,,,
100364303,Crashes_2010_2019_MPO,2013-08-08,2013,35.93161,-86.79138,False,0,0,0,,,,,,,,
100363977,Crashes_2010_2019_MPO,2013-08-08,2013,35.92641,-86.82446,False,0,0,0,,,,,,,,
100364215,Crashes_2010_2019_MPO,2013-08-08,2013,35.95221,-86.81873,False,0,0,0,,,,,,,,
100364067,Crashes_2010_2019_MPO,2013-08-08,2013,35.94817,-86.8174,False,0,0,0,,,,,,,,
100364562,Crashes_2010_2019_MPO,2013-08-09,2013,35.95182,-86.81792,False,0,0,0,,,,,,,,
100364575,Crashes_2010_2019_MPO,2013-08-09,2013,35.92333,-86.86759,False,0,0,0,,,,,,,,
100364717,Crashes_2010_2019_MPO,2013-08-09,2013,35.97447,-86.77602,True,0,0,0,,,,,,,,
100365462,Crashes_2010_2019_MPO,2013-08-09,2013,35.94068,-86.83938,False,0,0,0,,,,,,,,
100365357,Crashes_2010_2019_MPO,2013-08-11,2013,35.97573,-86.83014,True,0,0,1,,,,,,,,
100365463,Crashes_2010_2019_MPO,2013-08-11,2013,35.92988,-86.82023,False,0,0,0,,,,,,,,
100365929,Crashes_2010_2019_MPO,2013-08-12,2013,35.93474,-86.82061,False,0,0,0,,,,,,,,
100365617,Crashes_2010_2019_MPO,2013-08-12,2013,35.98482,-86.71583,True,0,0,0,,,,,,,,
100365878,Crashes_2010_2019_MPO,2013-08-12,2013,35.94428,-86.81993,False,0,0,0,,,,,,,,
100365877,Crashes_2010_2019_MPO,2013-08-12,2013,35.95899,-86.80228,False,0,0,0,,,,,,,,
100365935,Crashes_2010_2019_MPO,2013-08-12,2013,35.96597,-86.814,False,0,0,0,,,,,,,,
100366334,Crashes_2010_2019_MPO,2013-08-13,2013,35.95842,-86.80225,False,0,0,0,,,,,,,,
100366476,Crashes_2010_2019_MPO,2013-08-13,2013,35.94344,-86.81013,False,0,0,0,,,,,,,,
100366791,Crashes_2010_2019_MPO,2013-08-13,2013,35.95784,-86.82529,False,0,0,0,,,,,,,,
100366294,Crashes_2010_2019_MPO,2013-08-13,2013,36.03408,-86.80157,True,0,0,0,,,,,,,,
100366454,Crashes_2010_2019_MPO,2013-08-13,2013,36.03626,-86.80561,True,0,0,0,,,,,,,,
100366518,Crashes_2010_2019_MPO,2013-08-13,2013,35.93742,-86.69076,False,0,0,0,,,,,,,,
100371739,Crashes_2010_2019_MPO,2013-08-13,2013,35.94766,-86.81973,False,0,0,0,,,,,,,,
100367345,Crashes_2010_2019_MPO,2013-08-14,2013,35.93756,-86.76808,False,0,0,0,,,,,,,,
100369258,Crashes_2010_2019_MPO,2013-08-14,2013,35.93116,-86.79419,False,0,0,0,,,,,,,,
100367778,Crashes_2010_2019_MPO,2013-08-14,2013,36.03324,-86.81738,True,0,0,0,,,,,,,,
100367371,Crashes_2010_2019_MPO,2013-08-14,2013,35.92637,-86.86647,False,0,0,0,,,,,,,,
100366931,Crashes_2010_2019_MPO,2013-08-14,2013,35.95226,-86.81903,False,0,0,0,,,,,,,,
100367344,Crashes_2010_2019_MPO,2013-08-14,2013,35.93737,-86.87845,False,0,0,0,,,,,,,,
100367266,Crashes_2010_2019_MPO,2013-08-15,2013,36.0017,-86.77984,True,0,0,1,,,,,,,,