record_no,source_layer,collision_ts,crash_year,latitude,longitude,in_city,fatalities,non_motorists,truck_involved,serious_injuries,pedestrian,bicycle,crash_type,manner_of_collision,lighting,weather,first_harmful_event
100367417,Crashes_2010_2019_MPO,2013-08-15,2013,36.03123,-86.87562,False,0,0,0,,,,,,,,
100367363,Crashes_2010_2019_MPO,2013-08-15,2013,35.9667,-86.80978,True,0,0,1,,,,,,,,
100367372,Crashes_2010_2019_MPO,2013-08-15,2013,35.93335,-86.86182,False,0,0,0,,,,,,,,
100367354,Crashes_2010_2019_MPO,2013-08-15,2013,35.94466,-86.82142,False,0,0,1,,,,,,,,
100368128,Crashes_2010_2019_MPO,2013-08-15,2013,35.9467,-86.82278,False,0,0,0,,,,,,,,
100368126,Crashes_2010_2019_MPO,2013-08-15,2013,35.93552,-86.82612,False,0,0,0,,,,,,,,
100367792,Crashes_2010_2019_MPO,2013-08-16,2013,35.99376,-86.76027,True,0,0,0,,,,,,,,
100367582,Crashes_2010_2019_MPO,2013-08-16,2013,35.94793,-86.86163,False,0,0,1,,,,,,,,
100367777,Crashes_2010_2019_MPO,2013-08-16,2013,35.96725,-86.81465,True,0,0,0,,,,,,,,
100367538,Crashes_2010_2019_MPO,2013-08-16,2013,35.98573,-86.68898,True,0,0,0,,,,,,,,
100367776,Crashes_2010_2019_MPO,2013-08-16,2013,35.9433,-86.84399,False,0,0,0,,,,,,,,
100368022,Crashes_2010_2019_MPO,2013-08-17,2013,35.92486,-86.87406,False,0,0,0,,,,,,,,
100368171,Crashes_2010_2019_MPO,2013-08-17,2013,35.95576,-86.81513,False,0,0,0,,,,,,,,
100368129,Crashes_2010_2019_MPO,2013-08-17,2013,35.96062,-86.8138,False,0,0,0,,,,,,,,
100368172,Crashes_2010_2019_MPO,2013-08-17,2013,35.94766,-86.81973,False,0,0,0,,,,,,,,
100368216,Crashes_2010_2019_MPO,2013-08-17,2013,35.92954,-86.84187,False,0,0,0,,,,,,,,
100368019,Crashes_2010_2019_MPO,2013-08-17,2013,35.93502,-86.77607,False,0,0,0,,,,,,,,
10741768,Crashes_2010_2019_MPO,2013-08-17,2013,36.05437,-86.71577,False,0,0,0,,,,,,,,
100368098,Crashes_2010_2019_MPO,2013-08-17,2013,35.95657,-86.8164,False,0,0,0,,,,,,,,
100369515,Crashes_2010_2019_MPO,2013-08-18,2013,35.94707,-86.8219,False,0,0,0,,,,,,,,
100368554,Crashes_2010_2019_MPO,2013-08-18,2013,35.93206,-86.80172,False,0,0,0,,,,,,,,
100370828,Crashes_2010_2019_MPO,2013-08-19,2013,35.97218,-86.80576,True,0,0,0,,,,,,,,
100368915,Crashes_2010_2019_MPO,2013-08-19,2013,35.94556,-86.80877,False,0,0,0,,,,,,,,
100368772,Crashes_2010_2019_MPO,2013-08-19,2013,35.9583,-86.80229,False,0,0,0,,,,,,,,
100369177,Crashes_2010_2019_MPO,2013-08-19,2013,35.94553,-86.82775,False,0,0,0,,,,,,,,
100369003,Crashes_2010_2019_MPO,2013-08-19,2013,35.94686,-86.85162,False,0,0,0,,,,,,,,
100369506,Crashes_2010_2019_MPO,2013-08-19,2013,35.92941,-86.82062,False,0,0,0,,,,,,,,
100370827,Crashes_2010_2019_MPO,2013-08-19,2013,35.97218,-86.80576,True,0,0,1,,,,,,,,
100369311,Crashes_2010_2019_MPO,2013-08-20,2013,35.94722,-86.82095,False,0,0,0,,,,,,,,
100369274,Crashes_2010_2019_MPO,2013-08-20,2013,35.96672,-86.8113,True,0,0,0,,,,,,,,
100369583,Crashes_2010_2019_MPO,2013-08-20,2013,35.96441,-86.8131,False,0,0,0,,,,,,,,
100369370,Crashes_2010_2019_MPO,2013-08-20,2013,35.94463,-86.84661,False,0,0,0,,,,,,,,
100369182,Crashes_2010_2019_MPO,2013-08-20,2013,35.98437,-86.72434,True,0,0,0,,,,,,,,
100369159,Crashes_2010_2019_MPO,2013-08-20,2013,36.03273,-86.81114,True,0,0,0,,,,,,,,
100369324,Crashes_2010_2019_MPO,2013-08-20,2013,35.93461,-86.82012,False,0,0,0,,,,,,,,
100369978,Crashes_2010_2019_MPO,2013-08-20,2013,36.04565,-86.71068,False,0,0,0,,,,,,,,
100369203,Crashes_2010_2019_MPO,2013-08-20,2013,35.93313,-86.81153,False,0,0,0,,,,,,,,
100369369,Crashes_2010_2019_MPO,2013-08-20,2013,35.95118,-86.80642,False,0,0,0,,,,,,,,
100369553,Crashes_2010_2019_MPO,2013-08-21,2013,35.99675,-86.79072,True,0,0,0,,,,,,,,
100369824,Crashes_2010_2019_MPO,2013-08-21,2013,35.96607,-86.83832,False,0,0,0,,,,,,,,
100369687,Crashes_2010_2019_MPO,2013-08-21,2013,35.93314,-86.81159,False,0,0,0,,,,,,,,
100369722,Crashes_2010_2019_MPO,2013-08-21,2013,35.94355,-86.8445,False,0,0,0,,,,,,,,
100369799,Crashes_2010_2019_MPO,2013-08-21,2013,35.94607,-86.82569,False,0,0,0,,,,,,,,
100369723,Crashes_2010_2019_MPO,2013-08-21,2013,35.9564,-86.84404,False,0,0,0,,,,,,,,
100369748,Crashes_2010_2019_MPO,2013-08-21,2013,35.99298,-86.70016,True,0,0,0,,,,,,,,
100370509,Crashes_2010_2019_MPO,2013-08-22,2013,35.94419,-86.82864,False,0,0,0,,,,,,,,
100372876,Crashes_2010_2019_MPO,2013-08-22,2013,35.96473,-86.81131,False,0,0,0,,,,,,,,
100369910,Crashes_2010_2019_MPO,2013-08-22,2013,35.97776,-86.80359,True,0,0,0,,,,,,,,
100370102,Crashes_2010_2019_MPO,2013-08-22,2013,35.94793,-86.69533,False,0,0,0,,,,,,,,
100370358,Crashes_2010_2019_MPO,2013-08-23,2013,36.00417,-86.79083,True,0,0,1,,,,,,,,
100370391,Crashes_2010_2019_MPO,2013-08-23,2013,35.93483,-86.82095,False,0,0,0,,,,,,,,
100391455,Crashes_2010_2019_MPO,2013-08-23,2013,35.93912,-86.79713,False,0,0,0,,,,,,,,
100370347,Crashes_2010_2019_MPO,2013-08-23,2013,35.92474,-86.87429,False,0,0,0,,,,,,,,
100370537,Crashes_2010_2019_MPO,2013-08-23,2013,35.9325,-86.86245,False,0,0,0,,,,,,,,
100370387,Crashes_2010_2019_MPO,2013-08-23,2013,35.95223,-86.81917,False,0,0,0,,,,,,,,
100372257,Crashes_2010_2019_MPO,2013-08-23,2013,35.99004,-86.79934,True,0,0,0,,,,,,,,
100370885,Crashes_2010_2019_MPO,2013-08-24,2013,35.94844,-86.82312,False,0,0,0,,,,,,,,
100370958,Crashes_2010_2019_MPO,2013-08-24,2013,35.96269,-86.81138,False,0,0,0,,,,,,,,
100370959,Crashes_2010_2019_MPO,2013-08-24,2013,35.95826,-86.80208,False,0,0,0,,,,,,,,
100373374,Crashes_2010_2019_MPO,2013-08-25,2013,35.94778,-86.81995,False,0,0,1,,,,,,,,
100371547,Crashes_2010_2019_MPO,2013-08-26,2013,36.03328,-86.78825,True,0,0,0,,,,,,,,
100371525,Crashes_2010_2019_MPO,2013-08-26,2013,35.92611,-86.86701,False,0,0,0,,,,,,,,
100371805,Crashes_2010_2019_MPO,2013-08-26,2013,35.95201,-86.81729,False,0,0,0,,,,,,,,
100371546,Crashes_2010_2019_MPO,2013-08-26,2013,35.99642,-86.78789,True,0,0,0,,,,,,,,
100372592,Crashes_2010_2019_MPO,2013-08-27,2013,35.96595,-86.80696,True,0,0,0,,,,,,,,
100372704,Crashes_2010_2019_MPO,2013-08-27,2013,35.92642,-86.82458,False,0,0,0,,,,,,,,
100371953,Crashes_2010_2019_MPO,2013-08-27,2013,35.93955,-86.77112,False,0,0,0,,,,,,,,
100372057,Crashes_2010_2019_MPO,2013-08-27,2013,35.96689,-86.81126,True,0,0,0,,,,,,,,
100371911,Crashes_2010_2019_MPO,2013-08-27,2013,35.96618,-86.81144,False,0,0,0,,,,,,,,
100372397,Crashes_2010_2019_MPO,2013-08-28,2013,35.97776,-86.80359,True,0,0,1,,,,,,,,
100372273,Crashes_2010_2019_MPO,2013-08-28,2013,35.92641,-86.82446,False,0,0,0,,,,,,,,
100372282,Crashes_2010_2019_MPO,2013-08-28,2013,35.99675,-86.79074,True,0,0,0,,,,,,,,
100372877,Crashes_2010_2019_MPO,2013-08-29,2013,35.93459,-86.81995,False,0,0,0,,,,,,,,
100372639,Crashes_2010_2019_MPO,2013-08-29,2013,35.93138,-86.87766,False,0,0,0,,,,,,,,
100372754,Crashes_2010_2019_MPO,2013-08-29,2013,35.93712,-86.80984,False,0,0,0,,,,,,,,
100372756,Crashes_2010_2019_MPO,2013-08-29,2013,35.96275,-86.81146,False,0,0,0,,,,,,,,
100372794,Crashes_2010_2019_MPO,2013-08-29,2013,35.97585,-86.83922,False,0,0,0,,,,,,,,
100372927,Crashes_2010_2019_MPO,2013-08-29,2013,36.01233,-86.82654,True,0,0,0,,,,,,,,
100373125,Crashes_2010_2019_MPO,2013-08-29,2013,35.93098,-86.8636,False,0,0,0,,,,,,,,
100374085,Crashes_2010_2019_MPO,2013-08-30,2013,35.97107,-86.67836,False,0,0,0,,,,,,,,
100374312,Crashes_2010_2019_MPO,2013-08-30,2013,36.00417,-86.79083,True,0,0,0,,,,,,,,
100373975,Crashes_2010_2019_MPO,2013-08-30,2013,35.94403,-86.81256,False,0,0,0,,,,,,,,
100373073,Crashes_2010_2019_MPO,2013-08-30,2013,35.94622,-86.80876,False,0,0,0,,,,,,,,
100373653,Crashes_2010_2019_MPO,2013-08-30,2013,35.94662,-86.85133,False,0,0,0,,,,,,,,
100373499,Crashes_2010_2019_MPO,2013-08-30,2013,35.92641,-86.82446,False,0,0,0,,,,,,,,
100373685,Crashes_2010_2019_MPO,2013-08-31,2013,35.94514,-86.82037,False,0,0,0,,,,,,,,
100373815,Crashes_2010_2019_MPO,2013-08-31,2013,35.93189,-86.79438,False,0,0,0,,,,,,,,
100373714,Crashes_2010_2019_MPO,2013-08-31,2013,35.94951,-86.81931,False,0,0,0,,,,,,,,
100374126,Crashes_2010_2019_MPO,2013-09-01,2013,35.97102,-86.72644,True,0,0,0,,,,,,,,
100374045,Crashes_2010_2019_MPO,2013-09-01,2013,35.96049,-86.81518,False,0,0,0,,,,,,,,
100374333,Crashes_2010_2019_MPO,2013-09-01,2013,35.92365,-86.86783,False,0,0,0,,,,,,,,
100374163,Crashes_2010_2019_MPO,2013-09-01,2013,35.92941,-86.82062,False,0,0,0,,,,,,,,
100374311,Crashes_2010_2019_MPO,2013-09-01,2013,35.94774,-86.81938,False,0,0,0,,,,,,,,
100374070,Crashes_2010_2019_MPO,2013-09-01,2013,35.97123,-86.72649,True,0,0,0,,,,,,,,
100374376,Crashes_2010_2019_MPO,2013-09-02,2013,35.96665,-86.80931,True,0,0,0,,,,,,,,
100374420,Crashes_2010_2019_MPO,2013-09-02,2013,35.94714,-86.81985,False,0,0,0,,,,,,,,
100374880,Crashes_2010_2019_MPO,2013-09-03,2013,35.93054,-86.86393,False,0,0,0,,,,,,,,
100377164,Crashes_2010_2019_MPO,2013-09-03,2013,35.94727,-86.82136,False,0,0,0,,,,,,,,
100374881,Crashes_2010_2019_MPO,2013-09-03,2013,35.93384,-86.87778,False,0,0,0,,,,,,,,
100374792,Crashes_2010_2019_MPO,2013-09-03,2013,35.96536,-86.79757,True,0,0,0,,,,,,,,
100374899,Crashes_2010_2019_MPO,2013-09-03,2013,35.99339,-86.69953,True,0,0,0,,,,,,,,
100374839,Crashes_2010_2019_MPO,2013-09-03,2013,35.9771,-86.77135,True,0,0,0,,,,,,,,
100374884,Crashes_2010_2019_MPO,2013-09-03,2013,35.96256,-86.81063,False,0,0,0,,,,,,,,
100374793,Crashes_2010_2019_MPO,2013-09-03,2013,35.99335,-86.69968,True,0,0,0,,,,,,,,
100375570,Crashes_2010_2019_MPO,2013-09-03,2013,36.03336,-86.78872,True,0,0,0,,,,,,,,
100375271,Crashes_2010_2019_MPO,2013-09-04,2013,35.94285,-86.81572,False,0,0,0,,,,,,,,
100375259,Crashes_2010_2019_MPO,2013-09-04,2013,35.96364,-86.81067,False,0,0,0,,,,,,,,
100375299,Crashes_2010_2019_MPO,2013-09-04,2013,35.99813,-86.79646,True,0,0,0,,,,,,,,
100375559,Crashes_2010_2019_MPO,2013-09-04,2013,35.99533,-86.79751,True,0,0,0,,,,,,,,
100375285,Crashes_2010_2019_MPO,2013-09-04,2013,35.9664,-86.80899,True,0,0,0,,,,,,,,
100375298,Crashes_2010_2019_MPO,2013-09-04,2013,36.01425,-86.78559,True,0,0,0,,,,,,,,
100375690,Crashes_2010_2019_MPO,2013-09-05,2013,35.95014,-86.81888,False,0,0,0,,,,,,,,
100375566,Crashes_2010_2019_MPO,2013-09-05,2013,35.93546,-86.82377,False,0,0,0,,,,,,,,
100375692,Crashes_2010_2019_MPO,2013-09-05,2013,35.92413,-86.87118,False,0,0,0,,,,,,,,
100375642,Crashes_2010_2019_MPO,2013-09-05,2013,35.95084,-86.81864,False,0,0,0,,,,,,,,
100375667,Crashes_2010_2019_MPO,2013-09-05,2013,35.93202,-86.79444,False,0,0,0,,,,,,,,
100375526,Crashes_2010_2019_MPO,2013-09-05,2013,35.95655,-86.81715,False,0,0,0,,,,,,,,
100375548,Crashes_2010_2019_MPO,2013-09-05,2013,36.05331,-86.71055,False,0,0,1,,,,,,,,
100378467,Crashes_2010_2019_MPO,2013-09-06,2013,35.987389,-86.800247,True,2,2,0,,,,,,,,
100375916,Crashes_2010_2019_MPO,2013-09-06,2013,35.94492,-86.80921,False,0,0,0,,,,,,,,
100376113,Crashes_2010_2019_MPO,2013-09-06,2013,35.94359,-86.84457,False,0,0,0,,,,,,,,
100376118,Crashes_2010_2019_MPO,2013-09-06,2013,35.99503,-86.77324,True,0,0,0,,,,,,,,
100376357,Crashes_2010_2019_MPO,2013-09-06,2013,35.95523,-86.82587,False,0,0,0,,,,,,,,
100376175,Crashes_2010_2019_MPO,2013-09-06,2013,35.9235,-86.86952,False,0,0,0,,,,,,,,
100376154,Crashes_2010_2019_MPO,2013-09-06,2013,35.97735,-86.75226,True,0,0,1,,,,,,,,
100377721,Crashes_2010_2019_MPO,2013-09-06,2013,35.98722,-86.80031,True,0,0,0,,,,,,,,
100376910,Crashes_2010_2019_MPO,2013-09-06,2013,35.96255,-86.80885,False,0,0,1,,,,,,,,
100377075,Crashes_2010_2019_MPO,2013-09-06,2013,35.93368,-86.81916,False,0,0,0,,,,,,,,
100376130,Crashes_2010_2019_MPO,2013-09-06,2013,35.92888,-86.83704,False,0,0,0,,,,,,,,
100376558,Crashes_2010_2019_MPO,2013-09-07,2013,36.00346,-86.72056,True,0,0,0,,,,,,,,
100377678,Crashes_2010_2019_MPO,2013-09-07,2013,35.9229,-86.82635,False,0,0,0,,,,,,,,
100376730,Crashes_2010_2019_MPO,2013-09-07,2013,35.99107,-86.77834,True,0,0,0,,,,,,,,
100376470,Crashes_2010_2019_MPO,2013-09-07,2013,35.92701,-86.76726,False,0,0,0,,,,,,,,
100377106,Crashes_2010_2019_MPO,2013-09-09,2013,35.99137,-86.81338,True,0,0,0,,,,,,,,
100377204,Crashes_2010_2019_MPO,2013-09-09,2013,35.93193,-86.79397,False,0,0,0,,,,,,,,
100378007,Crashes_2010_2019_MPO,2013-09-09,2013,35.95952,-86.80185,False,0,0,0,,,,,,,,
100377165,Crashes_2010_2019_MPO,2013-09-09,2013,35.94113,-86.83624,False,0,0,0,,,,,,,,
100377094,Crashes_2010_2019_MPO,2013-09-09,2013,35.93097,-86.87647,False,0,0,0,,,,,,,,
100377073,Crashes_2010_2019_MPO,2013-09-09,2013,36.03046,-86.87587,False,0,0,0,,,,,,,,
100377558,Crashes_2010_2019_MPO,2013-09-10,2013,35.93289,-86.84076,False,0,0,0,,,,,,,,
100377429,Crashes_2010_2019_MPO,2013-09-10,2013,35.96734,-86.81494,True,0,0,0,,,,,,,,
100377824,Crashes_2010_2019_MPO,2013-09-11,2013,36.03311,-86.78656,True,0,0,0,,,,,,,,
100377867,Crashes_2010_2019_MPO,2013-09-11,2013,35.94296,-86.82069,False,0,0,0,,,,,,,,
100377941,Crashes_2010_2019_MPO,2013-09-11,2013,35.93346,-86.86174,False,0,0,0,,,,,,,,
100377714,Crashes_2010_2019_MPO,2013-09-11,2013,35.94592,-86.80683,False,0,0,0,,,,,,,,
100377868,Crashes_2010_2019_MPO,2013-09-11,2013,35.93536,-86.84696,False,0,0,0,,,,,,,,
100377859,Crashes_2010_2019_MPO,2013-09-11,2013,35.93129,-86.79323,False,0,0,0,,,,,,,,
100377860,Crashes_2010_2019_MPO,2013-09-11,2013,35.94864,-86.81971,False,0,0,0,,,,,,,,
100378031,Crashes_2010_2019_MPO,2013-09-11,2013,35.96708,-86.81356,True,0,0,0,,,,,,,,
100377810,Crashes_2010_2019_MPO,2013-09-11,2013,35.9975,-86.79501,True,0,0,0,,,,,,,,
100377971,Crashes_2010_2019_MPO,2013-09-11,2013,35.94816,-86.81772,False,0,0,0,,,,,,,,
100378299,Crashes_2010_2019_MPO,2013-09-12,2013,35.9684,-86.82764,False,0,0,0,,,,,,,,
100378082,Crashes_2010_2019_MPO,2013-09-12,2013,36.01689,-86.78609,True,0,0,0,,,,,,,,
100378416,Crashes_2010_2019_MPO,2013-09-12,2013,35.9506,-86.84869,False,0,0,0,,,,,,,,
100378417,Crashes_2010_2019_MPO,2013-09-12,2013,35.92954,-86.84187,False,0,0,0,,,,,,,,
100378966,Crashes_2010_2019_MPO,2013-09-13,2013,35.95793,-86.80174,False,0,0,0,,,,,,,,
100378773,Crashes_2010_2019_MPO,2013-09-13,2013,35.95992,-86.80184,False,0,0,0,,,,,,,,
100379679,Crashes_2010_2019_MPO,2013-09-13,2013,35.98786,-86.80033,True,0,0,0,,,,,,,,
100379182,Crashes_2010_2019_MPO,2013-09-14,2013,36.00616,-86.8651,False,0,0,0,,,,,,,,
100379766,Crashes_2010_2019_MPO,2013-09-15,2013,35.94686,-86.85162,False,0,0,0,,,,,,,,
100379419,Crashes_2010_2019_MPO,2013-09-15,2013,36.0343,-86.79174,True,0,0,0,,,,,,,,
100380305,Crashes_2010_2019_MPO,2013-09-15,2013,35.94671,-86.85098,False,0,0,0,,,,,,,,
100379462,Crashes_2010_2019_MPO,2013-09-15,2013,35.9667,-86.81117,True,0,0,0,,,,,,,,
100380560,Crashes_2010_2019_MPO,2013-09-16,2013,35.92661,-86.82638,False,0,0,0,,,,,,,,
100379916,Crashes_2010_2019_MPO,2013-09-16,2013,36.03324,-86.78506,True,0,0,0,,,,,,,,
100379849,Crashes_2010_2019_MPO,2013-09-16,2013,35.9481,-86.81834,False,0,0,0,,,,,,,,
100380064,Crashes_2010_2019_MPO,2013-09-17,2013,35.96492,-86.7936,True,0,0,0,,,,,,,,
100380285,Crashes_2010_2019_MPO,2013-09-17,2013,35.92459,-86.824,False,0,0,0,,,,,,,,
100380282,Crashes_2010_2019_MPO,2013-09-17,2013,36.03307,-86.78195,True,0,0,0,,,,,,,,
100380083,Crashes_2010_2019_MPO,2013-09-17,2013,35.99758,-86.79685,True,0,0,0,,,,,,,,
100380524,Crashes_2010_2019_MPO,2013-09-17,2013,35.94744,-86.82038,False,0,0,0,,,,,,,,
100380298,Crashes_2010_2019_MPO,2013-09-17,2013,35.94615,-86.82853,False,0,0,0,,,,,,,,
100380499,Crashes_2010_2019_MPO,2013-09-18,2013,35.95177,-86.8189,False,0,0,0,,,,,,,,
100380566,Crashes_2010_2019_MPO,2013-09-18,2013,36.03336,-86.78872,True,0,0,1,,,,,,,,
100380489,Crashes_2010_2019_MPO,2013-09-18,2013,35.94689,-86.85175,False,0,0,0,,,,,,,,
100380549,Crashes_2010_2019_MPO,2013-09-18,2013,35.94069,-86.8316,False,0,0,0,,,,,,,,
100380837,Crashes_2010_2019_MPO,2013-09-19,2013,35.94948,-86.81932,False,0,0,0,,,,,,,,
100381064,Crashes_2010_2019_MPO,2013-09-19,2013,36.03026,-86.86886,False,0,0,0,,,,,,,,
100381022,Crashes_2010_2019_MPO,2013-09-19,2013,35.95784,-86.80256,False,0,0,0,,,,,,,,
100381011,Crashes_2010_2019_MPO,2013-09-19,2013,35.97316,-86.83085,True,0,0,0,,,,,,,,
100380949,Crashes_2010_2019_MPO,2013-09-19,2013,35.96583,-86.81389,False,0,0,0,,,,,,,,
100381259,Crashes_2010_2019_MPO,2013-09-19,2013,35.94003,-86.82148,False,0,0,0,,,,,,,,
100381430,Crashes_2010_2019_MPO,2013-09-20,2013,35.9572,-86.81647,False,0,0,0,,,,,,,,
100381191,Crashes_2010_2019_MPO,2013-09-20,2013,35.94467,-86.82831,False,0,0,0,,,,,,,,
100381512,Crashes_2010_2019_MPO,2013-09-20,2013,35.95008,-86.8491,False,0,0,0,,,,,,,,
100381231,Crashes_2010_2019_MPO,2013-09-20,2013,35.93394,-86.86139,False,0,0,0,,,,,,,,
100381369,Crashes_2010_2019_MPO,2013-09-20,2013,36.03322,-86.78532,True,0,0,0,,,,,,,,
100381698,Crashes_2010_2019_MPO,2013-09-20,2013,35.96683,-86.81078,True,0,0,0,,,,,,,,
100383057,Crashes_2010_2019_MPO,2013-09-21,2013,35.92859,-86.87498,False,0,0,0,,,,,,,,
100382881,Crashes_2010_2019_MPO,2013-09-21,2013,35.92641,-86.86611,False,0,0,0,,,,,,,,
100382166,Crashes_2010_2019_MPO,2013-09-22,2013,35.97738,-86.77378,True,0,0,0,,,,,,,,
100382296,Crashes_2010_2019_MPO,2013-09-22,2013,35.92556,-86.87281,False,0,0,0,,,,,,,,
100382196,Crashes_2010_2019_MPO,2013-09-22,2013,35.93915,-86.82004,False,0,0,0,,,,,,,,
100382314,Crashes_2010_2019_MPO,2013-09-22,2013,35.94689,-86.85175,False,0,0,0,,,,,,,,
100382604,Crashes_2010_2019_MPO,2013-09-23,2013,35.96762,-86.81858,True,0,0,1,,,,,,,,
100382555,Crashes_2010_2019_MPO,2013-09-23,2013,35.94949,-86.81409,False,0,0,0,,,,,,,,
100384285,Crashes_2010_2019_MPO,2013-09-23,2013,35.93913,-86.68342,False,0,0,0,,,,,,,,
100382706,Crashes_2010_2019_MPO,2013-09-23,2013,36.03461,-86.7831,True,0,0,0,,,,,,,,
100382565,Crashes_2010_2019_MPO,2013-09-23,2013,35.92508,-86.87357,False,0,0,1,,,,,,,,
100382445,Crashes_2010_2019_MPO,2013-09-23,2013,35.99474,-86.76961,True,0,0,0,,,,,,,,
100382552,Crashes_2010_2019_MPO,2013-09-23,2013,35.97313,-86.83326,False,0,0,0,,,,,,,,
100382544,Crashes_2010_2019_MPO,2013-09-23,2013,35.95399,-86.80189,False,0,0,0,,,,,,,,
100382553,Crashes_2010_2019_MPO,2013-09-23,2013,35.95596,-86.83237,False,0,0,0,,,,,,,,
100382554,Crashes_2010_2019_MPO,2013-09-23,2013,35.9518,-86.832,False,0,0,0,,,,,,,,
100382695,Crashes_2010_2019_MPO,2013-09-23,2013,35.9369,-86.79619,False,0,0,0,,,,,,,,
100383154,Crashes_2010_2019_MPO,2013-09-24,2013,35.93918,-86.79687,False,0,0,0,,,,,,,,
100383817,Crashes_2010_2019_MPO,2013-09-24,2013,35.96075,-86.80937,False,0,0,0,,,,,,,,
100383536,Crashes_2010_2019_MPO,2013-09-24,2013,35.9498,-86.81328,False,0,0,0,,,,,,,,
100383040,Crashes_2010_2019_MPO,2013-09-24,2013,35.95768,-86.76765,True,0,0,0,,,,,,,,
100383076,Crashes_2010_2019_MPO,2013-09-24,2013,35.92928,-86.86488,False,0,0,0,,,,,,,,
100383182,Crashes_2010_2019_MPO,2013-09-24,2013,35.92627,-86.82171,False,0,0,0,,,,,,,,
100383097,Crashes_2010_2019_MPO,2013-09-24,2013,35.9339,-86.84919,False,0,0,0,,,,,,,,
100384286,Crashes_2010_2019_MPO,2013-09-24,2013,35.96734,-86.80719,True,0,0,1,,,,,,,,
100383288,Crashes_2010_2019_MPO,2013-09-25,2013,36.00417,-86.79083,True,0,0,0,,,,,,,,
100383237,Crashes_2010_2019_MPO,2013-09-25,2013,35.9659,-86.80587,True,0,0,1,,,,,,,,
100383852,Crashes_2010_2019_MPO,2013-09-25,2013,35.93519,-86.82384,False,0,0,0,,,,,,,,
100383325,Crashes_2010_2019_MPO,2013-09-25,2013,35.99078,-86.75109,True,0,0,0,,,,,,,,
100383957,Crashes_2010_2019_MPO,2013-09-26,2013,35.95769,-86.81648,False,0,0,0,,,,,,,,
100383841,Crashes_2010_2019_MPO,2013-09-26,2013,35.93157,-86.87648,False,0,0,0,,,,,,,,
100383944,Crashes_2010_2019_MPO,2013-09-26,2013,35.92725,-86.86861,False,0,0,0,,,,,,,,
100384445,Crashes_2010_2019_MPO,2013-09-27,2013,35.92979,-86.85586,False,0,0,0,,,,,,,,
100384418,Crashes_2010_2019_MPO,2013-09-27,2013,35.99174,-86.79875,True,0,0,0,,,,,,,,
100384308,Crashes_2010_2019_MPO,2013-09-27,2013,35.92417,-86.86967,False,0,0,0,,,,,,,,
100384183,Crashes_2010_2019_MPO,2013-09-27,2013,35.94173,-86.82105,False,0,0,0,,,,,,,,
100384374,Crashes_2010_2019_MPO,2013-09-27,2013,35.92983,-86.82417,False,0,0,0,,,,,,,,
100384370,Crashes_2010_2019_MPO,2013-09-27,2013,35.99136,-86.75249,True,0,0,0,,,,,,,,
100384417,Crashes_2010_2019_MPO,2013-09-27,2013,36.02327,-86.78646,True,0,0,0,,,,,,,,
100384247,Crashes_2010_2019_MPO,2013-09-27,2013,35.93126,-86.87663,False,0,0,1,,,,,,,,
100384759,Crashes_2010_2019_MPO,2013-09-28,2013,35.93554,-86.82375,False,0,0,0,,,,,,,,
100385020,Crashes_2010_2019_MPO,2013-09-28,2013,35.96074,-86.81286,False,0,0,0,,,,,,,,
100385016,Crashes_2010_2019_MPO,2013-09-28,2013,35.97754,-86.85326,False,0,0,0,,,,,,,,
100384764,Crashes_2010_2019_MPO,2013-09-28,2013,35.9486,-86.81972,False,0,0,0,,,,,,,,
100385093,Crashes_2010_2019_MPO,2013-09-29,2013,35.96584,-86.80317,True,0,0,0,,,,,,,,
100385122,Crashes_2010_2019_MPO,2013-09-29,2013,35.93393,-86.81752,False,0,0,0,,,,,,,,
100384970,Crashes_2010_2019_MPO,2013-09-29,2013,36.01782,-86.78635,True,0,0,0,,,,,,,,
100385347,Crashes_2010_2019_MPO,2013-09-29,2013,35.94689,-86.85175,False,0,0,0,,,,,,,,
100385394,Crashes_2010_2019_MPO,2013-09-30,2013,35.94654,-86.8506,False,0,0,0,,,,,,,,
100385542,Crashes_2010_2019_MPO,2013-09-30,2013,35.97332,-86.83308,True,0,0,0,,,,,,,,
100385902,Crashes_2010_2019_MPO,2013-09-30,2013,35.92547,-86.87275,False,0,0,0,,,,,,,,
100385363,Crashes_2010_2019_MPO,2013-09-30,2013,35.93414,-86.87789,False,0,0,0,,,,,,,,
100385283,Crashes_2010_2019_MPO,2013-09-30,2013,36.00984,-86.84524,False,0,0,0,,,,,,,,
100385328,Crashes_2010_2019_MPO,2013-09-30,2013,35.96427,-86.78649,True,0,0,0,,,,,,,,
100385499,Crashes_2010_2019_MPO,2013-09-30,2013,35.93671,-86.87867,False,0,0,1,,,,,,,,
100386366,Crashes_2010_2019_MPO,2013-10-01,2013,35.97125,-86.80584,True,0,0,0,,,,,,,,
100385983,Crashes_2010_2019_MPO,2013-10-01,2013,35.96736,-86.81512,True,0,0,0,,,,,,,,
100385855,Crashes_2010_2019_MPO,2013-10-01,2013,35.9261,-86.8714,False,0,0,0,,,,,,,,
100386051,Crashes_2010_2019_MPO,2013-10-01,2013,35.99644,-86.788,True,0,0,0,,,,,,,,
100385842,Crashes_2010_2019_MPO,2013-10-01,2013,36.00376,-86.77137,True,0,0,0,,,,,,,,
100385778,Crashes_2010_2019_MPO,2013-10-01,2013,35.94708,-86.82187,False,0,0,0,,,,,,,,
100386250,Crashes_2010_2019_MPO,2013-10-02,2013,35.94068,-86.83938,False,0,0,0,,,,,,,,
100386386,Crashes_2010_2019_MPO,2013-10-02,2013,35.99644,-86.788,True,0,0,0,,,,,,,,
100386414,Crashes_2010_2019_MPO,2013-10-02,2013,35.94424,-86.84585,False,0,0,0,,,,,,,,
100386285,Crashes_2010_2019_MPO,2013-10-02,2013,36.047,-86.71135,False,0,0,1,,,,,,,,