record_no,source_layer,collision_ts,crash_year,latitude,longitude,in_city,fatalities,non_motorists,truck_involved,serious_injuries,pedestrian,bicycle,crash_type,manner_of_collision,lighting,weather,first_harmful_event
100386198,Crashes_2010_2019_MPO,2013-10-02,2013,36.01575,-86.82117,True,0,0,0,,,,,,,,
100386744,Crashes_2010_2019_MPO,2013-10-02,2013,35.95081,-86.84852,False,0,0,0,,,,,,,,
100389116,Crashes_2010_2019_MPO,2013-10-03,2013,36.00225,-86.79282,True,0,0,1,,,,,,,,
100387062,Crashes_2010_2019_MPO,2013-10-03,2013,35.94255,-86.84249,False,0,0,0,,,,,,,,
100386688,Crashes_2010_2019_MPO,2013-10-03,2013,35.94531,-86.82307,False,0,0,0,,,,,,,,
100386735,Crashes_2010_2019_MPO,2013-10-03,2013,35.92382,-86.87404,False,0,0,0,,,,,,,,
100387291,Crashes_2010_2019_MPO,2013-10-04,2013,35.95085,-86.80667,False,0,0,1,,,,,,,,
100387289,Crashes_2010_2019_MPO,2013-10-04,2013,35.93559,-86.82433,False,0,0,0,,,,,,,,
100387886,Crashes_2010_2019_MPO,2013-10-04,2013,35.92649,-86.82445,False,0,0,0,,,,,,,,
100387432,Crashes_2010_2019_MPO,2013-10-04,2013,35.98288,-86.73106,True,0,0,0,,,,,,,,
100387210,Crashes_2010_2019_MPO,2013-10-04,2013,35.93554,-86.82375,False,0,0,0,,,,,,,,
100387366,Crashes_2010_2019_MPO,2013-10-04,2013,35.93222,-86.82394,False,0,0,0,,,,,,,,
100387290,Crashes_2010_2019_MPO,2013-10-04,2013,35.93315,-86.87923,False,0,0,0,,,,,,,,
100387903,Crashes_2010_2019_MPO,2013-10-05,2013,35.94688,-86.85233,False,0,0,0,,,,,,,,
100387975,Crashes_2010_2019_MPO,2013-10-05,2013,35.97131,-86.80582,True,0,0,0,,,,,,,,
100387784,Crashes_2010_2019_MPO,2013-10-05,2013,35.92738,-86.86871,False,0,0,0,,,,,,,,
100387853,Crashes_2010_2019_MPO,2013-10-06,2013,35.97117,-86.72648,True,0,0,0,,,,,,,,
100387892,Crashes_2010_2019_MPO,2013-10-06,2013,35.95328,-86.81208,False,0,0,0,,,,,,,,
100388556,Crashes_2010_2019_MPO,2013-10-06,2013,35.94053,-86.83924,False,0,0,0,,,,,,,,
100394515,Crashes_2010_2019_MPO,2013-10-06,2013,35.92722,-86.86904,False,0,0,0,,,,,,,,
100387984,Crashes_2010_2019_MPO,2013-10-06,2013,35.95655,-86.87545,False,0,0,0,,,,,,,,
100388130,Crashes_2010_2019_MPO,2013-10-06,2013,35.94653,-86.82315,False,0,0,0,,,,,,,,
100388539,Crashes_2010_2019_MPO,2013-10-07,2013,36.00299,-86.74259,True,0,0,0,,,,,,,,
100388210,Crashes_2010_2019_MPO,2013-10-07,2013,35.96247,-86.80917,False,0,0,0,,,,,,,,
100388282,Crashes_2010_2019_MPO,2013-10-07,2013,35.99529,-86.77648,True,0,0,0,,,,,,,,
100388933,Crashes_2010_2019_MPO,2013-10-07,2013,35.94613,-86.82347,False,0,0,0,,,,,,,,
100388516,Crashes_2010_2019_MPO,2013-10-07,2013,36.00417,-86.79083,True,0,0,0,,,,,,,,
100388388,Crashes_2010_2019_MPO,2013-10-07,2013,35.95949,-86.80127,False,0,0,0,,,,,,,,
100388479,Crashes_2010_2019_MPO,2013-10-07,2013,35.93756,-86.80996,False,0,0,0,,,,,,,,
100388807,Crashes_2010_2019_MPO,2013-10-08,2013,36.03336,-86.78872,True,0,0,0,,,,,,,,
100388821,Crashes_2010_2019_MPO,2013-10-08,2013,35.93193,-86.79397,False,0,0,0,,,,,,,,
100388835,Crashes_2010_2019_MPO,2013-10-08,2013,35.93756,-86.76808,False,0,0,0,,,,,,,,
100388926,Crashes_2010_2019_MPO,2013-10-08,2013,35.93461,-86.82012,False,0,0,0,,,,,,,,
100389048,Crashes_2010_2019_MPO,2013-10-08,2013,35.9261,-86.8714,False,0,0,0,,,,,,,,
100389677,Crashes_2010_2019_MPO,2013-10-08,2013,35.92509,-86.7671,False,0,0,0,,,,,,,,
100388967,Crashes_2010_2019_MPO,2013-10-08,2013,35.95896,-86.80212,False,0,0,0,,,,,,,,
100388702,Crashes_2010_2019_MPO,2013-10-08,2013,35.92672,-86.82709,False,0,0,0,,,,,,,,
100389374,Crashes_2010_2019_MPO,2013-10-09,2013,35.9665,-86.80974,True,0,0,0,,,,,,,,
100389578,Crashes_2010_2019_MPO,2013-10-09,2013,35.95105,-86.80653,False,0,0,0,,,,,,,,
100389474,Crashes_2010_2019_MPO,2013-10-09,2013,35.94737,-86.85507,False,0,0,0,,,,,,,,
100389147,Crashes_2010_2019_MPO,2013-10-09,2013,35.94624,-86.80883,False,0,0,0,,,,,,,,
100389331,Crashes_2010_2019_MPO,2013-10-09,2013,35.94591,-86.80683,False,0,0,0,,,,,,,,
100389338,Crashes_2010_2019_MPO,2013-10-09,2013,35.99551,-86.77889,True,0,0,0,,,,,,,,
100389579,Crashes_2010_2019_MPO,2013-10-09,2013,35.96487,-86.81138,False,0,0,0,,,,,,,,
100389132,Crashes_2010_2019_MPO,2013-10-09,2013,35.93672,-86.79614,False,0,0,0,,,,,,,,
100389846,Crashes_2010_2019_MPO,2013-10-10,2013,35.92491,-86.82471,False,0,0,0,,,,,,,,
100389651,Crashes_2010_2019_MPO,2013-10-10,2013,35.94954,-86.81928,False,0,0,0,,,,,,,,
100389791,Crashes_2010_2019_MPO,2013-10-10,2013,35.97406,-86.83504,False,0,0,0,,,,,,,,
100391692,Crashes_2010_2019_MPO,2013-10-10,2013,36.03998,-86.74265,False,0,0,0,,,,,,,,
100389683,Crashes_2010_2019_MPO,2013-10-10,2013,35.93872,-86.87921,False,0,0,0,,,,,,,,
100390027,Crashes_2010_2019_MPO,2013-10-11,2013,36.03473,-86.87335,False,0,0,0,,,,,,,,
100390200,Crashes_2010_2019_MPO,2013-10-11,2013,35.94663,-86.82381,False,0,0,0,,,,,,,,
100390168,Crashes_2010_2019_MPO,2013-10-11,2013,35.99781,-86.79885,True,0,0,0,,,,,,,,
100389941,Crashes_2010_2019_MPO,2013-10-11,2013,35.95239,-86.84726,False,0,0,0,,,,,,,,
100390679,Crashes_2010_2019_MPO,2013-10-11,2013,36.03263,-86.78333,True,0,0,0,,,,,,,,
100390877,Crashes_2010_2019_MPO,2013-10-12,2013,35.93549,-86.82394,False,0,0,0,,,,,,,,
100390446,Crashes_2010_2019_MPO,2013-10-12,2013,36.03552,-86.78747,True,0,0,0,,,,,,,,
100390438,Crashes_2010_2019_MPO,2013-10-12,2013,36.0278,-86.79179,True,0,0,0,,,,,,,,
100391353,Crashes_2010_2019_MPO,2013-10-14,2013,35.99551,-86.77889,True,0,0,0,,,,,,,,
100391148,Crashes_2010_2019_MPO,2013-10-14,2013,35.9537,-86.81193,False,0,0,0,,,,,,,,
100391231,Crashes_2010_2019_MPO,2013-10-14,2013,35.962,-86.81517,False,0,0,1,,,,,,,,
100391668,Crashes_2010_2019_MPO,2013-10-14,2013,35.94742,-86.81405,False,0,0,0,,,,,,,,
100393408,Crashes_2010_2019_MPO,2013-10-15,2013,36.0251,-86.78541,True,0,0,0,,,,,,,,
100392020,Crashes_2010_2019_MPO,2013-10-15,2013,36.04017,-86.74467,False,0,0,0,,,,,,,,
100392415,Crashes_2010_2019_MPO,2013-10-15,2013,36.03719,-86.78817,False,0,0,0,,,,,,,,
100391660,Crashes_2010_2019_MPO,2013-10-15,2013,35.94003,-86.83114,False,0,0,0,,,,,,,,
100391850,Crashes_2010_2019_MPO,2013-10-16,2013,35.97776,-86.80359,True,0,0,1,,,,,,,,
100392067,Crashes_2010_2019_MPO,2013-10-16,2013,35.93117,-86.82395,False,0,0,0,,,,,,,,
100391843,Crashes_2010_2019_MPO,2013-10-16,2013,35.9667,-86.81117,True,0,0,0,,,,,,,,
100391820,Crashes_2010_2019_MPO,2013-10-16,2013,35.98288,-86.71857,True,0,0,0,,,,,,,,
100392152,Crashes_2010_2019_MPO,2013-10-16,2013,35.9572,-86.81647,False,0,0,0,,,,,,,,
100392568,Crashes_2010_2019_MPO,2013-10-16,2013,35.92672,-86.82709,False,0,0,0,,,,,,,,
10737890,Crashes_2010_2019_MPO,2013-10-16,2013,36.0338,-86.691267,False,0,0,0,,,,,,,,
100392232,Crashes_2010_2019_MPO,2013-10-16,2013,35.96716,-86.69622,False,0,0,0,,,,,,,,
100392076,Crashes_2010_2019_MPO,2013-10-16,2013,35.97764,-86.77619,True,0,0,0,,,,,,,,
100392685,Crashes_2010_2019_MPO,2013-10-16,2013,35.93502,-86.77607,False,0,0,0,,,,,,,,
100392548,Crashes_2010_2019_MPO,2013-10-16,2013,36.02307,-86.78685,True,0,0,0,,,,,,,,
100391925,Crashes_2010_2019_MPO,2013-10-16,2013,35.93132,-86.79297,False,0,0,0,,,,,,,,
100392691,Crashes_2010_2019_MPO,2013-10-17,2013,36.03514,-86.80579,True,0,0,0,,,,,,,,
100393790,Crashes_2010_2019_MPO,2013-10-17,2013,36.0159,-86.78171,True,0,0,0,,,,,,,,
100393352,Crashes_2010_2019_MPO,2013-10-17,2013,35.93368,-86.8784,False,0,0,0,,,,,,,,
100392681,Crashes_2010_2019_MPO,2013-10-17,2013,35.95769,-86.81368,False,0,1,0,,,,,,,,
100392320,Crashes_2010_2019_MPO,2013-10-17,2013,35.94642,-86.81448,False,0,0,1,,,,,,,,
100392519,Crashes_2010_2019_MPO,2013-10-17,2013,35.97813,-86.75834,True,0,0,0,,,,,,,,
100392637,Crashes_2010_2019_MPO,2013-10-17,2013,35.96157,-86.81328,False,0,0,0,,,,,,,,
100393236,Crashes_2010_2019_MPO,2013-10-18,2013,35.96012,-86.80183,False,0,0,0,,,,,,,,
100393038,Crashes_2010_2019_MPO,2013-10-18,2013,35.96166,-86.8792,False,0,0,0,,,,,,,,
100393281,Crashes_2010_2019_MPO,2013-10-18,2013,35.94592,-86.8724,False,0,0,0,,,,,,,,
100393164,Crashes_2010_2019_MPO,2013-10-18,2013,35.95223,-86.81887,False,0,0,0,,,,,,,,
100393751,Crashes_2010_2019_MPO,2013-10-18,2013,35.92893,-86.74811,False,0,0,0,,,,,,,,
100393235,Crashes_2010_2019_MPO,2013-10-18,2013,35.95194,-86.81253,False,0,0,0,,,,,,,,
100393647,Crashes_2010_2019_MPO,2013-10-19,2013,35.94746,-86.82267,False,0,0,0,,,,,,,,
100393673,Crashes_2010_2019_MPO,2013-10-19,2013,35.96041,-86.80984,False,0,0,0,,,,,,,,
100393654,Crashes_2010_2019_MPO,2013-10-19,2013,35.9932,-86.84784,False,0,0,0,,,,,,,,
100393798,Crashes_2010_2019_MPO,2013-10-19,2013,35.92919,-86.75137,False,0,0,0,,,,,,,,
100393805,Crashes_2010_2019_MPO,2013-10-20,2013,36.01881,-86.80186,True,0,0,0,,,,,,,,
100394514,Crashes_2010_2019_MPO,2013-10-21,2013,35.99004,-86.74527,True,0,0,0,,,,,,,,
100395023,Crashes_2010_2019_MPO,2013-10-21,2013,36.01295,-86.80104,True,0,0,0,,,,,,,,
100394289,Crashes_2010_2019_MPO,2013-10-21,2013,35.94334,-86.80979,False,0,0,0,,,,,,,,
100394171,Crashes_2010_2019_MPO,2013-10-21,2013,35.97211,-86.71254,True,0,0,0,,,,,,,,
100394540,Crashes_2010_2019_MPO,2013-10-21,2013,35.9912,-86.68349,False,0,0,0,,,,,,,,
100394462,Crashes_2010_2019_MPO,2013-10-21,2013,35.97878,-86.75281,True,0,0,0,,,,,,,,
100394273,Crashes_2010_2019_MPO,2013-10-21,2013,35.95137,-86.87431,False,0,0,0,,,,,,,,
100394406,Crashes_2010_2019_MPO,2013-10-21,2013,35.93171,-86.86306,False,0,0,0,,,,,,,,
100394605,Crashes_2010_2019_MPO,2013-10-22,2013,35.99644,-86.788,True,0,0,1,,,,,,,,
100394840,Crashes_2010_2019_MPO,2013-10-22,2013,35.96287,-86.81148,False,0,0,0,,,,,,,,
100394557,Crashes_2010_2019_MPO,2013-10-22,2013,35.94618,-86.80856,False,0,0,0,,,,,,,,
100394600,Crashes_2010_2019_MPO,2013-10-22,2013,35.92455,-86.82477,False,0,0,0,,,,,,,,
100394716,Crashes_2010_2019_MPO,2013-10-22,2013,35.98546,-86.73175,True,0,0,0,,,,,,,,
100394832,Crashes_2010_2019_MPO,2013-10-22,2013,36.01736,-86.78622,True,0,0,0,,,,,,,,
100395193,Crashes_2010_2019_MPO,2013-10-23,2013,35.95457,-86.82343,False,0,0,0,,,,,,,,
100395228,Crashes_2010_2019_MPO,2013-10-23,2013,35.98875,-86.73018,True,0,0,0,,,,,,,,
100395308,Crashes_2010_2019_MPO,2013-10-23,2013,35.93918,-86.79687,False,0,0,0,,,,,,,,
100395774,Crashes_2010_2019_MPO,2013-10-24,2013,36.00115,-86.79426,True,0,0,0,,,,,,,,
100395824,Crashes_2010_2019_MPO,2013-10-24,2013,36.03589,-86.78727,True,0,0,0,,,,,,,,
100395675,Crashes_2010_2019_MPO,2013-10-24,2013,35.92613,-86.87268,False,0,0,0,,,,,,,,
100395907,Crashes_2010_2019_MPO,2013-10-24,2013,36.00094,-86.79461,True,0,0,0,,,,,,,,
100395605,Crashes_2010_2019_MPO,2013-10-24,2013,35.95698,-86.84359,False,0,0,0,,,,,,,,
100395418,Crashes_2010_2019_MPO,2013-10-24,2013,35.92474,-86.87429,False,0,0,0,,,,,,,,
100397512,Crashes_2010_2019_MPO,2013-10-24,2013,35.94305,-86.82063,False,0,0,0,,,,,,,,
100395616,Crashes_2010_2019_MPO,2013-10-24,2013,35.93838,-86.82182,False,0,0,0,,,,,,,,
10746438,Crashes_2010_2019_MPO,2013-10-24,2013,36.02435,-86.70844,False,0,0,0,,,,,,,,
100396010,Crashes_2010_2019_MPO,2013-10-25,2013,36.01317,-86.80172,True,0,0,0,,,,,,,,
100396035,Crashes_2010_2019_MPO,2013-10-25,2013,35.94632,-86.8236,False,0,0,0,,,,,,,,
100395974,Crashes_2010_2019_MPO,2013-10-25,2013,35.9593,-86.8182,True,0,0,0,,,,,,,,
100396049,Crashes_2010_2019_MPO,2013-10-25,2013,35.93486,-86.84897,False,0,0,0,,,,,,,,
100396534,Crashes_2010_2019_MPO,2013-10-25,2013,35.95701,-86.76748,True,0,0,0,,,,,,,,
100396703,Crashes_2010_2019_MPO,2013-10-25,2013,35.99743,-86.79556,True,0,0,0,,,,,,,,
100396039,Crashes_2010_2019_MPO,2013-10-25,2013,35.94638,-86.8087,False,0,0,0,,,,,,,,
100396117,Crashes_2010_2019_MPO,2013-10-25,2013,35.948,-86.81997,False,0,0,0,,,,,,,,
100396905,Crashes_2010_2019_MPO,2013-10-26,2013,35.96756,-86.80736,True,0,0,0,,,,,,,,
100396429,Crashes_2010_2019_MPO,2013-10-26,2013,35.96615,-86.80532,True,0,0,0,,,,,,,,
100396835,Crashes_2010_2019_MPO,2013-10-27,2013,35.92254,-86.87194,False,0,0,0,,,,,,,,
100397267,Crashes_2010_2019_MPO,2013-10-28,2013,35.94766,-86.81973,False,0,0,0,,,,,,,,
100397307,Crashes_2010_2019_MPO,2013-10-28,2013,35.94476,-86.82852,False,0,0,0,,,,,,,,
100397240,Crashes_2010_2019_MPO,2013-10-28,2013,35.97646,-86.82754,True,0,0,0,,,,,,,,
100397300,Crashes_2010_2019_MPO,2013-10-28,2013,35.95775,-86.80259,False,0,0,0,,,,,,,,
100397277,Crashes_2010_2019_MPO,2013-10-28,2013,35.96685,-86.81096,True,0,0,0,,,,,,,,
100397147,Crashes_2010_2019_MPO,2013-10-28,2013,35.97102,-86.72644,True,0,0,0,,,,,,,,
100397084,Crashes_2010_2019_MPO,2013-10-28,2013,35.96689,-86.81126,True,0,0,1,,,,,,,,
100397101,Crashes_2010_2019_MPO,2013-10-28,2013,35.97102,-86.72644,True,0,0,0,,,,,,,,
100397369,Crashes_2010_2019_MPO,2013-10-28,2013,35.93416,-86.77842,False,0,0,0,,,,,,,,
100397725,Crashes_2010_2019_MPO,2013-10-29,2013,35.949,-86.81959,False,0,0,0,,,,,,,,
100407183,Crashes_2010_2019_MPO,2013-10-29,2013,36.048141,-86.71347,False,1,0,0,,,,,,,,
100397733,Crashes_2010_2019_MPO,2013-10-29,2013,35.96539,-86.81404,False,0,0,0,,,,,,,,
100397732,Crashes_2010_2019_MPO,2013-10-29,2013,35.92315,-86.87106,False,0,0,0,,,,,,,,
100397547,Crashes_2010_2019_MPO,2013-10-29,2013,35.94707,-86.8219,False,0,0,0,,,,,,,,
100397495,Crashes_2010_2019_MPO,2013-10-29,2013,35.99156,-86.79881,True,0,0,1,,,,,,,,
100397708,Crashes_2010_2019_MPO,2013-10-29,2013,35.93583,-86.8255,False,0,0,0,,,,,,,,
100397901,Crashes_2010_2019_MPO,2013-10-29,2013,35.96745,-86.78577,True,0,0,0,,,,,,,,
100397594,Crashes_2010_2019_MPO,2013-10-29,2013,35.96358,-86.83931,False,0,0,0,,,,,,,,
100397714,Crashes_2010_2019_MPO,2013-10-29,2013,35.96162,-86.8135,False,0,0,0,,,,,,,,
100397515,Crashes_2010_2019_MPO,2013-10-29,2013,35.92955,-86.84264,False,0,0,0,,,,,,,,
100397991,Crashes_2010_2019_MPO,2013-10-30,2013,36.03644,-86.79994,True,0,0,0,,,,,,,,
100398379,Crashes_2010_2019_MPO,2013-10-30,2013,35.99662,-86.78963,True,0,0,0,,,,,,,,
100397939,Crashes_2010_2019_MPO,2013-10-30,2013,35.92486,-86.87231,False,0,0,0,,,,,,,,
100397898,Crashes_2010_2019_MPO,2013-10-30,2013,35.99612,-86.7852,True,0,0,0,,,,,,,,
100398126,Crashes_2010_2019_MPO,2013-10-30,2013,35.97332,-86.83308,True,0,0,0,,,,,,,,
100397913,Crashes_2010_2019_MPO,2013-10-30,2013,35.95895,-86.80557,False,0,0,0,,,,,,,,
100398116,Crashes_2010_2019_MPO,2013-10-30,2013,35.96722,-86.81353,True,0,0,0,,,,,,,,
100398566,Crashes_2010_2019_MPO,2013-10-31,2013,35.96276,-86.81195,False,0,0,0,,,,,,,,
100401036,Crashes_2010_2019_MPO,2013-10-31,2013,35.95978,-86.80706,False,0,0,1,,,,,,,,
100398582,Crashes_2010_2019_MPO,2013-10-31,2013,35.96631,-86.81376,False,0,0,0,,,,,,,,
100398327,Crashes_2010_2019_MPO,2013-10-31,2013,35.96076,-86.80972,False,0,0,0,,,,,,,,
100398667,Crashes_2010_2019_MPO,2013-10-31,2013,35.97102,-86.72644,True,0,0,0,,,,,,,,
100399342,Crashes_2010_2019_MPO,2013-10-31,2013,35.97245,-86.86688,False,0,0,0,,,,,,,,
100398619,Crashes_2010_2019_MPO,2013-10-31,2013,35.95674,-86.76741,True,0,0,0,,,,,,,,
100398452,Crashes_2010_2019_MPO,2013-10-31,2013,35.95084,-86.81864,False,0,0,0,,,,,,,,
100403433,Crashes_2010_2019_MPO,2013-10-31,2013,35.94812,-86.81873,False,0,0,0,,,,,,,,
100398731,Crashes_2010_2019_MPO,2013-10-31,2013,35.94739,-86.86566,False,0,0,0,,,,,,,,
100399185,Crashes_2010_2019_MPO,2013-11-01,2013,35.9261,-86.8714,False,0,0,0,,,,,,,,
100399108,Crashes_2010_2019_MPO,2013-11-01,2013,35.93961,-86.82141,False,0,0,0,,,,,,,,
100398929,Crashes_2010_2019_MPO,2013-11-01,2013,35.92474,-86.87429,False,0,0,0,,,,,,,,
100399174,Crashes_2010_2019_MPO,2013-11-01,2013,35.99145,-86.77837,True,0,0,0,,,,,,,,
100400564,Crashes_2010_2019_MPO,2013-11-01,2013,35.98655,-86.68033,False,0,0,0,,,,,,,,
100399189,Crashes_2010_2019_MPO,2013-11-01,2013,36.00129,-86.80811,True,0,0,0,,,,,,,,
100399499,Crashes_2010_2019_MPO,2013-11-02,2013,35.96607,-86.85947,False,0,0,0,,,,,,,,
100400315,Crashes_2010_2019_MPO,2013-11-02,2013,35.924,-86.86987,False,0,0,0,,,,,,,,
100400218,Crashes_2010_2019_MPO,2013-11-02,2013,35.92785,-86.84224,False,0,0,0,,,,,,,,
100400250,Crashes_2010_2019_MPO,2013-11-03,2013,35.98228,-86.74325,True,0,0,0,,,,,,,,
100400053,Crashes_2010_2019_MPO,2013-11-03,2013,35.96245,-86.81637,True,0,0,0,,,,,,,,
100400572,Crashes_2010_2019_MPO,2013-11-03,2013,35.93546,-86.82377,False,0,0,0,,,,,,,,
100400201,Crashes_2010_2019_MPO,2013-11-03,2013,36.0205,-86.78268,True,0,0,0,,,,,,,,
100400549,Crashes_2010_2019_MPO,2013-11-03,2013,35.94549,-86.84831,False,0,0,0,,,,,,,,
100403120,Crashes_2010_2019_MPO,2013-11-03,2013,36.02341,-86.78666,True,0,0,0,,,,,,,,
100403136,Crashes_2010_2019_MPO,2013-11-04,2013,35.99562,-86.7974,True,0,0,0,,,,,,,,
100400311,Crashes_2010_2019_MPO,2013-11-04,2013,35.9266,-86.7331,False,0,0,0,,,,,,,,
100400662,Crashes_2010_2019_MPO,2013-11-04,2013,35.96225,-86.81192,False,0,0,0,,,,,,,,
100402977,Crashes_2010_2019_MPO,2013-11-04,2013,35.98907,-86.68166,False,0,0,0,,,,,,,,
100400538,Crashes_2010_2019_MPO,2013-11-04,2013,35.93126,-86.87663,False,0,0,0,,,,,,,,
100400566,Crashes_2010_2019_MPO,2013-11-04,2013,35.94638,-86.8087,False,0,0,0,,,,,,,,
100401557,Crashes_2010_2019_MPO,2013-11-05,2013,35.95051,-86.76621,True,0,0,0,,,,,,,,
10737910,Crashes_2010_2019_MPO,2013-11-05,2013,36.031979,-86.743892,False,0,0,0,,,,,,,,
100401001,Crashes_2010_2019_MPO,2013-11-05,2013,35.9346,-86.81972,False,0,0,0,,,,,,,,
100401290,Crashes_2010_2019_MPO,2013-11-05,2013,35.96151,-86.80178,True,0,0,0,,,,,,,,
100400965,Crashes_2010_2019_MPO,2013-11-05,2013,35.991,-86.75171,True,0,0,0,,,,,,,,
100401462,Crashes_2010_2019_MPO,2013-11-06,2013,36.00176,-86.79363,True,0,0,0,,,,,,,,
100401420,Crashes_2010_2019_MPO,2013-11-06,2013,35.93574,-86.83917,False,0,0,0,,,,,,,,
100401446,Crashes_2010_2019_MPO,2013-11-06,2013,35.99782,-86.7989,True,0,0,0,,,,,,,,
100401793,Crashes_2010_2019_MPO,2013-11-06,2013,35.93042,-86.85696,False,0,0,0,,,,,,,,
100401484,Crashes_2010_2019_MPO,2013-11-06,2013,35.96146,-86.80178,True,0,0,0,,,,,,,,
100401517,Crashes_2010_2019_MPO,2013-11-06,2013,35.94622,-86.80876,False,0,0,0,,,,,,,,
100401855,Crashes_2010_2019_MPO,2013-11-07,2013,35.9261,-86.8714,False,0,0,0,,,,,,,,
100401943,Crashes_2010_2019_MPO,2013-11-07,2013,35.95411,-86.81776,False,0,0,0,,,,,,,,
100401682,Crashes_2010_2019_MPO,2013-11-07,2013,35.93917,-86.68313,False,0,0,0,,,,,,,,
100401944,Crashes_2010_2019_MPO,2013-11-07,2013,35.95859,-86.80414,False,0,0,0,,,,,,,,
100402076,Crashes_2010_2019_MPO,2013-11-07,2013,35.97708,-86.80383,True,0,0,0,,,,,,,,
100401941,Crashes_2010_2019_MPO,2013-11-07,2013,35.94546,-86.87535,False,0,0,0,,,,,,,,
100402290,Crashes_2010_2019_MPO,2013-11-07,2013,35.95787,-86.81048,False,0,0,0,,,,,,,,
100401760,Crashes_2010_2019_MPO,2013-11-07,2013,35.98967,-86.79971,True,0,0,0,,,,,,,,
100401836,Crashes_2010_2019_MPO,2013-11-07,2013,35.99609,-86.78496,True,0,0,0,,,,,,,,
100402428,Crashes_2010_2019_MPO,2013-11-08,2013,36.00432,-86.79099,True,0,0,0,,,,,,,,
100402285,Crashes_2010_2019_MPO,2013-11-08,2013,36.02224,-86.7876,True,0,0,0,,,,,,,,
100402318,Crashes_2010_2019_MPO,2013-11-08,2013,35.96513,-86.81645,True,0,0,0,,,,,,,,
100402336,Crashes_2010_2019_MPO,2013-11-08,2013,35.94637,-86.80943,False,0,0,0,,,,,,,,
100402166,Crashes_2010_2019_MPO,2013-11-08,2013,36.04052,-86.86864,True,0,0,0,,,,,,,,
100402483,Crashes_2010_2019_MPO,2013-11-08,2013,35.9318,-86.81979,False,0,0,0,,,,,,,,
100402305,Crashes_2010_2019_MPO,2013-11-08,2013,35.95814,-86.80262,False,0,0,0,,,,,,,,
100402468,Crashes_2010_2019_MPO,2013-11-08,2013,36.00537,-86.78991,True,0,0,0,,,,,,,,
100402270,Crashes_2010_2019_MPO,2013-11-08,2013,35.95826,-86.80208,False,0,0,0,,,,,,,,
100402394,Crashes_2010_2019_MPO,2013-11-08,2013,35.92379,-86.79462,False,0,0,0,,,,,,,,
100402379,Crashes_2010_2019_MPO,2013-11-08,2013,35.93058,-86.82405,False,0,0,0,,,,,,,,
100402664,Crashes_2010_2019_MPO,2013-11-08,2013,35.9349,-86.82125,False,0,0,0,,,,,,,,
100402850,Crashes_2010_2019_MPO,2013-11-09,2013,35.99579,-86.78176,True,0,0,0,,,,,,,,
100402711,Crashes_2010_2019_MPO,2013-11-09,2013,35.93701,-86.87875,False,0,0,0,,,,,,,,
100402605,Crashes_2010_2019_MPO,2013-11-09,2013,35.95919,-86.81079,False,0,0,0,,,,,,,,
100402792,Crashes_2010_2019_MPO,2013-11-09,2013,35.94788,-86.81111,False,0,0,0,,,,,,,,
100402763,Crashes_2010_2019_MPO,2013-11-09,2013,35.93855,-86.82054,False,0,0,0,,,,,,,,
100403387,Crashes_2010_2019_MPO,2013-11-11,2013,35.9698,-86.72403,True,0,0,0,,,,,,,,
100403708,Crashes_2010_2019_MPO,2013-11-11,2013,35.95533,-86.80391,False,0,0,0,,,,,,,,
100403569,Crashes_2010_2019_MPO,2013-11-11,2013,35.96678,-86.81038,True,0,0,0,,,,,,,,
100404986,Crashes_2010_2019_MPO,2013-11-11,2013,35.94761,-86.81992,False,0,0,0,,,,,,,,
100403633,Crashes_2010_2019_MPO,2013-11-11,2013,35.96708,-86.81356,True,0,0,0,,,,,,,,
100403405,Crashes_2010_2019_MPO,2013-11-11,2013,35.9346,-86.81884,False,0,0,1,,,,,,,,
100403933,Crashes_2010_2019_MPO,2013-11-12,2013,35.96681,-86.81059,True,0,0,0,,,,,,,,
100404143,Crashes_2010_2019_MPO,2013-11-12,2013,35.93581,-86.81814,False,0,0,1,,,,,,,,
100404371,Crashes_2010_2019_MPO,2013-11-12,2013,36.03336,-86.78872,True,0,0,0,,,,,,,,
100403907,Crashes_2010_2019_MPO,2013-11-12,2013,35.99604,-86.78454,True,0,0,0,,,,,,,,
100404125,Crashes_2010_2019_MPO,2013-11-12,2013,35.96516,-86.81665,True,0,0,0,,,,,,,,
100404108,Crashes_2010_2019_MPO,2013-11-12,2013,35.96255,-86.80885,False,0,0,0,,,,,,,,
100403932,Crashes_2010_2019_MPO,2013-11-12,2013,35.96182,-86.81436,False,0,0,0,,,,,,,,
100403931,Crashes_2010_2019_MPO,2013-11-12,2013,35.93407,-86.8613,False,0,0,0,,,,,,,,
100404025,Crashes_2010_2019_MPO,2013-11-12,2013,36.03408,-86.80157,True,0,0,0,,,,,,,,
100403902,Crashes_2010_2019_MPO,2013-11-12,2013,36.03093,-86.78699,True,0,0,0,,,,,,,,
100404057,Crashes_2010_2019_MPO,2013-11-12,2013,35.93034,-86.82424,False,0,0,0,,,,,,,,
100404047,Crashes_2010_2019_MPO,2013-11-12,2013,35.92947,-86.84135,False,0,0,0,,,,,,,,
10735784,Crashes_2010_2019_MPO,2013-11-12,2013,36.02556,-86.71268,False,0,0,0,,,,,,,,
100403865,Crashes_2010_2019_MPO,2013-11-12,2013,36.01485,-86.81162,True,0,0,0,,,,,,,,
100404987,Crashes_2010_2019_MPO,2013-11-13,2013,35.95204,-86.81806,False,0,0,0,,,,,,,,
100404463,Crashes_2010_2019_MPO,2013-11-13,2013,35.96708,-86.81356,True,0,0,0,,,,,,,,
100404820,Crashes_2010_2019_MPO,2013-11-13,2013,35.99545,-86.77821,True,0,0,0,,,,,,,,
100404514,Crashes_2010_2019_MPO,2013-11-13,2013,35.96556,-86.82097,True,0,0,1,,,,,,,,
100404304,Crashes_2010_2019_MPO,2013-11-13,2013,35.98445,-86.72468,True,0,0,0,,,,,,,,
100404618,Crashes_2010_2019_MPO,2013-11-13,2013,35.92475,-86.86679,False,0,0,0,,,,,,,,