record_no,source_layer,collision_ts,crash_year,latitude,longitude,in_city,fatalities,non_motorists,truck_involved,serious_injuries,pedestrian,bicycle,crash_type,manner_of_collision,lighting,weather,first_harmful_event
100404540,Crashes_2010_2019_MPO,2013-11-13,2013,35.9266,-86.87035,False,0,0,0,,,,,,,,
100405409,Crashes_2010_2019_MPO,2013-11-14,2013,35.92443,-86.872,False,0,0,0,,,,,,,,
100405837,Crashes_2010_2019_MPO,2013-11-14,2013,35.98545,-86.82958,False,0,0,0,,,,,,,,
100404988,Crashes_2010_2019_MPO,2013-11-14,2013,35.94531,-86.82307,False,0,0,0,,,,,,,,
100404945,Crashes_2010_2019_MPO,2013-11-14,2013,35.93958,-86.81719,False,0,0,0,,,,,,,,
100405137,Crashes_2010_2019_MPO,2013-11-14,2013,35.95301,-86.72278,False,0,0,0,,,,,,,,
100405961,Crashes_2010_2019_MPO,2013-11-14,2013,35.95723,-86.81423,False,0,0,0,,,,,,,,
100405683,Crashes_2010_2019_MPO,2013-11-15,2013,35.99022,-86.79952,True,0,0,0,,,,,,,,
100405475,Crashes_2010_2019_MPO,2013-11-15,2013,36.03322,-86.78532,True,0,0,0,,,,,,,,
100405531,Crashes_2010_2019_MPO,2013-11-15,2013,35.99628,-86.78673,True,0,0,0,,,,,,,,
100407251,Crashes_2010_2019_MPO,2013-11-15,2013,35.94761,-86.81992,False,0,0,0,,,,,,,,
100407119,Crashes_2010_2019_MPO,2013-11-15,2013,35.99541,-86.77779,True,0,0,0,,,,,,,,
100405439,Crashes_2010_2019_MPO,2013-11-15,2013,35.96981,-86.72456,True,0,0,0,,,,,,,,
100405391,Crashes_2010_2019_MPO,2013-11-15,2013,36.01382,-86.80587,True,0,0,0,,,,,,,,
100405417,Crashes_2010_2019_MPO,2013-11-15,2013,35.97059,-86.72595,True,0,0,0,,,,,,,,
100405367,Crashes_2010_2019_MPO,2013-11-15,2013,36.03466,-86.80277,True,0,0,0,,,,,,,,
100405429,Crashes_2010_2019_MPO,2013-11-15,2013,36.03495,-86.80519,True,0,0,0,,,,,,,,
100405823,Crashes_2010_2019_MPO,2013-11-16,2013,35.97102,-86.72644,True,0,0,0,,,,,,,,
100406077,Crashes_2010_2019_MPO,2013-11-16,2013,35.9656,-86.72694,True,0,0,0,,,,,,,,
100405827,Crashes_2010_2019_MPO,2013-11-16,2013,36.005,-86.78998,True,0,0,0,,,,,,,,
100405906,Crashes_2010_2019_MPO,2013-11-16,2013,36.00817,-86.78702,True,0,0,0,,,,,,,,
100405921,Crashes_2010_2019_MPO,2013-11-16,2013,35.96614,-86.80766,True,0,0,1,,,,,,,,
100406199,Crashes_2010_2019_MPO,2013-11-16,2013,35.94529,-86.81323,False,0,0,0,,,,,,,,
100406083,Crashes_2010_2019_MPO,2013-11-16,2013,35.94959,-86.81948,False,0,0,0,,,,,,,,
100405749,Crashes_2010_2019_MPO,2013-11-16,2013,35.95114,-86.80224,False,0,0,0,,,,,,,,
100409935,Crashes_2010_2019_MPO,2013-11-17,2013,35.97217,-86.86561,False,0,0,0,,,,,,,,
100406279,Crashes_2010_2019_MPO,2013-11-17,2013,36.01511,-86.81353,True,0,0,0,,,,,,,,
100406579,Crashes_2010_2019_MPO,2013-11-17,2013,35.96978,-86.72442,True,0,0,0,,,,,,,,
100406721,Crashes_2010_2019_MPO,2013-11-17,2013,35.92495,-86.82213,False,0,0,0,,,,,,,,
100407134,Crashes_2010_2019_MPO,2013-11-18,2013,35.96532,-86.79991,True,0,0,0,,,,,,,,
100407240,Crashes_2010_2019_MPO,2013-11-18,2013,35.96086,-86.6805,False,0,0,0,,,,,,,,
100412014,Crashes_2010_2019_MPO,2013-11-18,2013,35.999,-86.79622,True,0,0,0,,,,,,,,
100407798,Crashes_2010_2019_MPO,2013-11-18,2013,35.95723,-86.81662,False,0,0,0,,,,,,,,
100409222,Crashes_2010_2019_MPO,2013-11-18,2013,36.00454,-86.79044,True,0,0,0,,,,,,,,
100407753,Crashes_2010_2019_MPO,2013-11-18,2013,35.93581,-86.81814,False,0,0,0,,,,,,,,
100407260,Crashes_2010_2019_MPO,2013-11-18,2013,35.92373,-86.86968,False,0,0,0,,,,,,,,
100407732,Crashes_2010_2019_MPO,2013-11-19,2013,36.04148,-86.86779,True,0,0,0,,,,,,,,
100407790,Crashes_2010_2019_MPO,2013-11-19,2013,35.98158,-86.67843,False,0,0,0,,,,,,,,
100408059,Crashes_2010_2019_MPO,2013-11-19,2013,35.99739,-86.79488,True,0,0,0,,,,,,,,
100408162,Crashes_2010_2019_MPO,2013-11-19,2013,35.93283,-86.8774,False,0,0,0,,,,,,,,
100407480,Crashes_2010_2019_MPO,2013-11-19,2013,35.93554,-86.82375,False,0,0,0,,,,,,,,
100407605,Crashes_2010_2019_MPO,2013-11-19,2013,36.0344,-86.7917,True,0,0,0,,,,,,,,
100407831,Crashes_2010_2019_MPO,2013-11-19,2013,35.94068,-86.83938,False,0,0,0,,,,,,,,
100407527,Crashes_2010_2019_MPO,2013-11-19,2013,36.02127,-86.77071,True,0,0,1,,,,,,,,
100407445,Crashes_2010_2019_MPO,2013-11-19,2013,36.01484,-86.8115,True,0,0,0,,,,,,,,
100407926,Crashes_2010_2019_MPO,2013-11-20,2013,35.93275,-86.78515,False,0,0,0,,,,,,,,
100408156,Crashes_2010_2019_MPO,2013-11-20,2013,35.93459,-86.81976,False,0,0,0,,,,,,,,
100408081,Crashes_2010_2019_MPO,2013-11-20,2013,35.94176,-86.83719,False,0,0,0,,,,,,,,
100408674,Crashes_2010_2019_MPO,2013-11-21,2013,35.95523,-86.82587,False,0,0,0,,,,,,,,
100409180,Crashes_2010_2019_MPO,2013-11-21,2013,35.98469,-86.80117,True,0,0,1,,,,,,,,
100408498,Crashes_2010_2019_MPO,2013-11-21,2013,35.96729,-86.84247,False,0,0,0,,,,,,,,
100409181,Crashes_2010_2019_MPO,2013-11-21,2013,36.01391,-86.78524,True,0,0,0,,,,,,,,
100408598,Crashes_2010_2019_MPO,2013-11-21,2013,35.9322,-86.86188,False,0,0,0,,,,,,,,
100408333,Crashes_2010_2019_MPO,2013-11-21,2013,36.03552,-86.78747,True,0,0,0,,,,,,,,
100413414,Crashes_2010_2019_MPO,2013-11-21,2013,35.94066,-86.83419,False,0,0,0,,,,,,,,
100408607,Crashes_2010_2019_MPO,2013-11-21,2013,35.95621,-86.8442,False,0,0,0,,,,,,,,
100408621,Crashes_2010_2019_MPO,2013-11-21,2013,35.94413,-86.82896,False,0,0,0,,,,,,,,
100409008,Crashes_2010_2019_MPO,2013-11-21,2013,35.93598,-86.85988,False,0,0,0,,,,,,,,
100408633,Crashes_2010_2019_MPO,2013-11-21,2013,35.96055,-86.84091,False,0,0,0,,,,,,,,
100408991,Crashes_2010_2019_MPO,2013-11-21,2013,35.92506,-86.86702,False,0,0,0,,,,,,,,
100411702,Crashes_2010_2019_MPO,2013-11-21,2013,36.01391,-86.78524,True,0,0,1,,,,,,,,
100408548,Crashes_2010_2019_MPO,2013-11-21,2013,35.94374,-86.84488,False,0,0,0,,,,,,,,
100409385,Crashes_2010_2019_MPO,2013-11-22,2013,36.0077,-86.78719,True,0,0,0,,,,,,,,
100409187,Crashes_2010_2019_MPO,2013-11-22,2013,35.96499,-86.72751,True,0,0,0,,,,,,,,
100409252,Crashes_2010_2019_MPO,2013-11-22,2013,35.97029,-86.72545,True,0,0,0,,,,,,,,
100409253,Crashes_2010_2019_MPO,2013-11-22,2013,36.01289,-86.80078,True,0,0,0,,,,,,,,
100409005,Crashes_2010_2019_MPO,2013-11-22,2013,35.94893,-86.81962,False,0,0,0,,,,,,,,
100409700,Crashes_2010_2019_MPO,2013-11-22,2013,35.94761,-86.81992,False,0,0,1,,,,,,,,
100408959,Crashes_2010_2019_MPO,2013-11-22,2013,35.95889,-86.81597,False,0,0,0,,,,,,,,
100408977,Crashes_2010_2019_MPO,2013-11-22,2013,35.93546,-86.82342,False,0,0,0,,,,,,,,
100409254,Crashes_2010_2019_MPO,2013-11-22,2013,35.99505,-86.7735,True,0,0,1,,,,,,,,
100408957,Crashes_2010_2019_MPO,2013-11-22,2013,35.97338,-86.83324,True,0,0,0,,,,,,,,
100409161,Crashes_2010_2019_MPO,2013-11-22,2013,36.03315,-86.79955,True,0,0,0,,,,,,,,
100409939,Crashes_2010_2019_MPO,2013-11-22,2013,36.00161,-86.79347,True,0,0,0,,,,,,,,
100409632,Crashes_2010_2019_MPO,2013-11-23,2013,35.97391,-86.83251,True,0,0,0,,,,,,,,
100410484,Crashes_2010_2019_MPO,2013-11-23,2013,35.94689,-86.85175,False,0,0,0,,,,,,,,
100409859,Crashes_2010_2019_MPO,2013-11-23,2013,35.93074,-86.84164,False,0,0,0,,,,,,,,
100409577,Crashes_2010_2019_MPO,2013-11-23,2013,35.93712,-86.81769,False,0,0,0,,,,,,,,
100410199,Crashes_2010_2019_MPO,2013-11-24,2013,35.96505,-86.80329,True,0,0,0,,,,,,,,
100410747,Crashes_2010_2019_MPO,2013-11-25,2013,35.96512,-86.80035,True,0,0,0,,,,,,,,
100410995,Crashes_2010_2019_MPO,2013-11-25,2013,35.97776,-86.80359,True,0,0,0,,,,,,,,
100410700,Crashes_2010_2019_MPO,2013-11-25,2013,35.94952,-86.81215,False,0,0,0,,,,,,,,
100410922,Crashes_2010_2019_MPO,2013-11-25,2013,35.96385,-86.8004,True,0,0,0,,,,,,,,
100411291,Crashes_2010_2019_MPO,2013-11-25,2013,35.97313,-86.83504,False,0,0,0,,,,,,,,
10746445,Crashes_2010_2019_MPO,2013-11-25,2013,36.0508,-86.6787,False,0,0,0,,,,,,,,
100413460,Crashes_2010_2019_MPO,2013-11-25,2013,36.04043,-86.76958,False,0,0,0,,,,,,,,
100410801,Crashes_2010_2019_MPO,2013-11-25,2013,35.96203,-86.81531,False,0,0,0,,,,,,,,
100410799,Crashes_2010_2019_MPO,2013-11-25,2013,35.94135,-86.83796,False,0,0,0,,,,,,,,
100411351,Crashes_2010_2019_MPO,2013-11-26,2013,35.94467,-86.82831,False,0,0,0,,,,,,,,
100411237,Crashes_2010_2019_MPO,2013-11-26,2013,35.99782,-86.7989,True,0,0,0,,,,,,,,
100411143,Crashes_2010_2019_MPO,2013-11-26,2013,35.94911,-86.74334,True,0,0,0,,,,,,,,
100411289,Crashes_2010_2019_MPO,2013-11-26,2013,35.97102,-86.72644,True,0,0,0,,,,,,,,
100412033,Crashes_2010_2019_MPO,2013-11-26,2013,35.97658,-86.80424,True,0,0,0,,,,,,,,
100411046,Crashes_2010_2019_MPO,2013-11-26,2013,35.99936,-86.79568,True,0,0,0,,,,,,,,
100411258,Crashes_2010_2019_MPO,2013-11-26,2013,35.99576,-86.78148,True,0,0,0,,,,,,,,
100411190,Crashes_2010_2019_MPO,2013-11-26,2013,35.94805,-86.8324,False,0,0,0,,,,,,,,
100411660,Crashes_2010_2019_MPO,2013-11-26,2013,36.00448,-86.84162,False,0,0,0,,,,,,,,
100411300,Crashes_2010_2019_MPO,2013-11-26,2013,35.95582,-86.83107,False,0,0,0,,,,,,,,
100412051,Crashes_2010_2019_MPO,2013-11-27,2013,35.98139,-86.84411,False,0,0,0,,,,,,,,
100411602,Crashes_2010_2019_MPO,2013-11-27,2013,35.95165,-86.8015,False,0,0,0,,,,,,,,
100411940,Crashes_2010_2019_MPO,2013-11-27,2013,35.9912,-86.68349,False,0,0,0,,,,,,,,
100411899,Crashes_2010_2019_MPO,2013-11-27,2013,35.94757,-86.82006,False,0,0,0,,,,,,,,
100411907,Crashes_2010_2019_MPO,2013-11-27,2013,35.94678,-86.82258,False,0,0,0,,,,,,,,
100411704,Crashes_2010_2019_MPO,2013-11-27,2013,35.95581,-86.83101,False,0,0,0,,,,,,,,
100411606,Crashes_2010_2019_MPO,2013-11-27,2013,35.99414,-86.76374,True,0,0,0,,,,,,,,
100412305,Crashes_2010_2019_MPO,2013-11-28,2013,36.00254,-86.83819,False,0,0,0,,,,,,,,
100412072,Crashes_2010_2019_MPO,2013-11-28,2013,35.9302,-86.84537,False,0,0,0,,,,,,,,
100412251,Crashes_2010_2019_MPO,2013-11-29,2013,35.99782,-86.7989,True,0,0,0,,,,,,,,
100412284,Crashes_2010_2019_MPO,2013-11-29,2013,35.9667,-86.81117,True,0,0,0,,,,,,,,
100412546,Crashes_2010_2019_MPO,2013-11-29,2013,35.9344,-86.82019,False,0,0,0,,,,,,,,
100412148,Crashes_2010_2019_MPO,2013-11-29,2013,35.95997,-86.8139,False,0,0,0,,,,,,,,
100413954,Crashes_2010_2019_MPO,2013-11-30,2013,35.96237,-86.81185,False,0,0,0,,,,,,,,
100412739,Crashes_2010_2019_MPO,2013-11-30,2013,35.92689,-86.82439,False,0,0,0,,,,,,,,
100412785,Crashes_2010_2019_MPO,2013-11-30,2013,35.9338,-86.80823,False,0,0,1,,,,,,,,
100413148,Crashes_2010_2019_MPO,2013-11-30,2013,35.96627,-86.78595,True,0,0,0,,,,,,,,
100413528,Crashes_2010_2019_MPO,2013-12-01,2013,35.94632,-86.8236,False,0,0,0,,,,,,,,
100413221,Crashes_2010_2019_MPO,2013-12-01,2013,35.96672,-86.8113,True,0,0,0,,,,,,,,
100412944,Crashes_2010_2019_MPO,2013-12-01,2013,35.99551,-86.77889,True,0,0,0,,,,,,,,
100413244,Crashes_2010_2019_MPO,2013-12-01,2013,35.94707,-86.8219,False,0,0,0,,,,,,,,
100413141,Crashes_2010_2019_MPO,2013-12-01,2013,35.99315,-86.69646,True,0,0,0,,,,,,,,
100414676,Crashes_2010_2019_MPO,2013-12-02,2013,35.93193,-86.79397,False,0,0,0,,,,,,,,
100413895,Crashes_2010_2019_MPO,2013-12-02,2013,35.97889,-86.80319,True,0,0,0,,,,,,,,
100416202,Crashes_2010_2019_MPO,2013-12-02,2013,36.00418,-86.79114,True,0,0,0,,,,,,,,
100413605,Crashes_2010_2019_MPO,2013-12-02,2013,35.94829,-86.81997,False,0,0,0,,,,,,,,
100413706,Crashes_2010_2019_MPO,2013-12-02,2013,35.9583,-86.80229,False,0,0,0,,,,,,,,
100413652,Crashes_2010_2019_MPO,2013-12-02,2013,35.97325,-86.83282,True,0,0,0,,,,,,,,
100413880,Crashes_2010_2019_MPO,2013-12-02,2013,35.9672,-86.81427,True,0,0,0,,,,,,,,
100414413,Crashes_2010_2019_MPO,2013-12-03,2013,35.92811,-86.8655,False,0,0,0,,,,,,,,
100414060,Crashes_2010_2019_MPO,2013-12-03,2013,35.92685,-86.81962,False,0,0,0,,,,,,,,
100414365,Crashes_2010_2019_MPO,2013-12-03,2013,35.92994,-86.82431,False,0,0,0,,,,,,,,
100413973,Crashes_2010_2019_MPO,2013-12-03,2013,35.99004,-86.74527,True,0,0,1,,,,,,,,
100415696,Crashes_2010_2019_MPO,2013-12-03,2013,35.93968,-86.67976,False,0,0,0,,,,,,,,
100414100,Crashes_2010_2019_MPO,2013-12-03,2013,35.98076,-86.67835,False,0,0,0,,,,,,,,
100414104,Crashes_2010_2019_MPO,2013-12-03,2013,35.94761,-86.81992,False,0,0,0,,,,,,,,
100413818,Crashes_2010_2019_MPO,2013-12-03,2013,35.99779,-86.79487,True,0,0,0,,,,,,,,
100414677,Crashes_2010_2019_MPO,2013-12-03,2013,35.93315,-86.82375,False,0,0,0,,,,,,,,
100414611,Crashes_2010_2019_MPO,2013-12-03,2013,35.96457,-86.81449,False,0,0,0,,,,,,,,
100414137,Crashes_2010_2019_MPO,2013-12-03,2013,35.94507,-86.87854,False,0,0,0,,,,,,,,
100414606,Crashes_2010_2019_MPO,2013-12-04,2013,35.96622,-86.808,True,0,0,0,,,,,,,,
100414942,Crashes_2010_2019_MPO,2013-12-04,2013,35.99115,-86.79895,True,0,0,0,,,,,,,,
100417937,Crashes_2010_2019_MPO,2013-12-04,2013,35.92381,-86.86974,False,0,1,0,,,,,,,,
100414429,Crashes_2010_2019_MPO,2013-12-04,2013,35.97102,-86.72644,True,0,0,0,,,,,,,,
100418594,Crashes_2010_2019_MPO,2013-12-04,2013,35.92674,-86.86647,False,0,0,0,,,,,,,,
100414596,Crashes_2010_2019_MPO,2013-12-04,2013,35.94426,-86.82182,False,0,0,0,,,,,,,,
100414679,Crashes_2010_2019_MPO,2013-12-04,2013,35.9352,-86.87826,False,0,0,0,,,,,,,,
100418592,Crashes_2010_2019_MPO,2013-12-04,2013,35.92522,-86.86918,False,0,0,0,,,,,,,,
100414532,Crashes_2010_2019_MPO,2013-12-04,2013,36.0205,-86.78268,True,0,0,0,,,,,,,,
100415246,Crashes_2010_2019_MPO,2013-12-05,2013,35.92459,-86.82225,False,0,0,0,,,,,,,,
100415131,Crashes_2010_2019_MPO,2013-12-05,2013,36.01401,-86.8383,False,0,0,1,,,,,,,,
100415509,Crashes_2010_2019_MPO,2013-12-05,2013,35.99306,-86.79829,True,0,0,0,,,,,,,,
100415197,Crashes_2010_2019_MPO,2013-12-05,2013,35.94471,-86.81973,False,0,0,0,,,,,,,,
100416135,Crashes_2010_2019_MPO,2013-12-05,2013,35.94676,-86.76682,True,0,0,0,,,,,,,,
100415160,Crashes_2010_2019_MPO,2013-12-05,2013,35.95947,-86.80185,False,0,0,0,,,,,,,,
100415195,Crashes_2010_2019_MPO,2013-12-05,2013,35.93215,-86.86272,False,0,0,0,,,,,,,,
100414957,Crashes_2010_2019_MPO,2013-12-05,2013,35.92259,-86.87288,False,0,1,0,,,,,,,,
100415044,Crashes_2010_2019_MPO,2013-12-05,2013,35.94757,-86.81473,False,0,0,0,,,,,,,,
100415070,Crashes_2010_2019_MPO,2013-12-05,2013,36.01274,-86.78491,True,0,0,0,,,,,,,,
100415263,Crashes_2010_2019_MPO,2013-12-05,2013,35.93253,-86.80682,False,0,0,0,,,,,,,,
100415407,Crashes_2010_2019_MPO,2013-12-05,2013,35.92253,-86.82293,False,0,0,0,,,,,,,,
100417167,Crashes_2010_2019_MPO,2013-12-05,2013,35.94626,-86.80893,False,0,0,0,,,,,,,,
100415687,Crashes_2010_2019_MPO,2013-12-06,2013,35.92921,-86.83943,False,0,0,1,,,,,,,,
100417161,Crashes_2010_2019_MPO,2013-12-06,2013,35.93008,-86.82428,False,0,0,0,,,,,,,,
100415432,Crashes_2010_2019_MPO,2013-12-06,2013,35.92287,-86.82283,False,0,0,0,,,,,,,,
100415549,Crashes_2010_2019_MPO,2013-12-06,2013,35.96476,-86.81443,False,0,0,0,,,,,,,,
100415393,Crashes_2010_2019_MPO,2013-12-06,2013,35.95313,-86.81509,False,0,0,0,,,,,,,,
100415548,Crashes_2010_2019_MPO,2013-12-06,2013,35.97026,-86.7738,True,0,0,0,,,,,,,,
100415688,Crashes_2010_2019_MPO,2013-12-06,2013,35.94062,-86.83248,False,0,0,0,,,,,,,,
100421444,Crashes_2010_2019_MPO,2013-12-06,2013,35.93128,-86.84512,False,0,0,0,,,,,,,,
100416160,Crashes_2010_2019_MPO,2013-12-07,2013,35.96732,-86.69644,False,0,0,0,,,,,,,,
100415791,Crashes_2010_2019_MPO,2013-12-07,2013,35.94508,-86.72975,False,0,0,0,,,,,,,,
100415980,Crashes_2010_2019_MPO,2013-12-07,2013,35.95598,-86.81842,False,0,0,1,,,,,,,,
100417162,Crashes_2010_2019_MPO,2013-12-07,2013,35.95842,-86.81358,False,0,1,0,,,,,,,,
100416087,Crashes_2010_2019_MPO,2013-12-07,2013,35.97872,-86.77,True,0,2,0,,,,,,,,
100415958,Crashes_2010_2019_MPO,2013-12-07,2013,35.99876,-86.80691,True,0,0,0,,,,,,,,
100417534,Crashes_2010_2019_MPO,2013-12-07,2013,35.94776,-86.83684,False,0,0,0,,,,,,,,
100416083,Crashes_2010_2019_MPO,2013-12-08,2013,36.00274,-86.83886,False,0,0,0,,,,,,,,
100416333,Crashes_2010_2019_MPO,2013-12-08,2013,35.97046,-86.72573,True,0,0,0,,,,,,,,
100416242,Crashes_2010_2019_MPO,2013-12-08,2013,35.9912,-86.68349,False,0,0,0,,,,,,,,
100416108,Crashes_2010_2019_MPO,2013-12-08,2013,35.94761,-86.81992,False,0,0,0,,,,,,,,
100416046,Crashes_2010_2019_MPO,2013-12-08,2013,35.99381,-86.76074,True,0,0,0,,,,,,,,
100416107,Crashes_2010_2019_MPO,2013-12-08,2013,35.93193,-86.79397,False,0,0,0,,,,,,,,
100416804,Crashes_2010_2019_MPO,2013-12-09,2013,35.95201,-86.81786,False,0,0,0,,,,,,,,
100416721,Crashes_2010_2019_MPO,2013-12-09,2013,35.97302,-86.80523,True,0,0,0,,,,,,,,
100417164,Crashes_2010_2019_MPO,2013-12-09,2013,35.96688,-86.80391,True,0,0,0,,,,,,,,
100417428,Crashes_2010_2019_MPO,2013-12-09,2013,35.92451,-86.87478,False,0,0,0,,,,,,,,
100416864,Crashes_2010_2019_MPO,2013-12-09,2013,35.96608,-86.80615,True,0,0,0,,,,,,,,
100417936,Crashes_2010_2019_MPO,2013-12-09,2013,35.95093,-86.81858,False,0,0,0,,,,,,,,
100418593,Crashes_2010_2019_MPO,2013-12-09,2013,35.94761,-86.81992,False,0,0,0,,,,,,,,
100416743,Crashes_2010_2019_MPO,2013-12-09,2013,35.96197,-86.81502,False,0,0,0,,,,,,,,
100416753,Crashes_2010_2019_MPO,2013-12-09,2013,35.93164,-86.79973,False,0,0,0,,,,,,,,
100416803,Crashes_2010_2019_MPO,2013-12-09,2013,35.94884,-86.81965,False,0,0,0,,,,,,,,
100417734,Crashes_2010_2019_MPO,2013-12-10,2013,35.94762,-86.81396,False,0,0,0,,,,,,,,
100417372,Crashes_2010_2019_MPO,2013-12-10,2013,36.00182,-86.79357,True,0,0,0,,,,,,,,
100417417,Crashes_2010_2019_MPO,2013-12-10,2013,35.96665,-86.80941,True,0,0,0,,,,,,,,
100417363,Crashes_2010_2019_MPO,2013-12-10,2013,35.94053,-86.83924,False,0,0,0,,,,,,,,
100417768,Crashes_2010_2019_MPO,2013-12-10,2013,36.03209,-86.78942,True,0,0,0,,,,,,,,
100417168,Crashes_2010_2019_MPO,2013-12-10,2013,35.96202,-86.84005,False,0,0,0,,,,,,,,
100417002,Crashes_2010_2019_MPO,2013-12-10,2013,35.92931,-86.81598,False,0,0,0,,,,,,,,
100416994,Crashes_2010_2019_MPO,2013-12-10,2013,35.97343,-86.80508,True,0,0,0,,,,,,,,
100417408,Crashes_2010_2019_MPO,2013-12-10,2013,35.973,-86.80548,True,0,0,0,,,,,,,,
100417315,Crashes_2010_2019_MPO,2013-12-10,2013,35.95979,-86.80981,False,0,0,0,,,,,,,,
100417148,Crashes_2010_2019_MPO,2013-12-10,2013,35.9256,-86.87284,False,0,0,0,,,,,,,,
100417163,Crashes_2010_2019_MPO,2013-12-10,2013,35.95795,-86.80256,False,0,0,0,,,,,,,,
100417001,Crashes_2010_2019_MPO,2013-12-10,2013,35.92368,-86.82238,False,0,0,0,,,,,,,,
100417024,Crashes_2010_2019_MPO,2013-12-10,2013,35.97171,-86.80592,True,0,0,0,,,,,,,,
100417362,Crashes_2010_2019_MPO,2013-12-10,2013,35.92451,-86.87108,False,0,0,0,,,,,,,,
100417699,Crashes_2010_2019_MPO,2013-12-10,2013,35.98072,-86.80279,True,0,0,0,,,,,,,,
100417572,Crashes_2010_2019_MPO,2013-12-10,2013,35.94929,-86.81865,False,0,0,0,,,,,,,,
100417000,Crashes_2010_2019_MPO,2013-12-10,2013,35.9386,-86.85798,False,0,0,0,,,,,,,,
100417169,Crashes_2010_2019_MPO,2013-12-10,2013,35.92974,-86.85584,False,0,0,0,,,,,,,,
100418006,Crashes_2010_2019_MPO,2013-12-11,2013,35.9295,-86.82438,False,0,0,0,,,,,,,,
100418342,Crashes_2010_2019_MPO,2013-12-11,2013,35.92369,-86.76689,False,0,0,1,,,,,,,,
100417874,Crashes_2010_2019_MPO,2013-12-11,2013,35.92789,-86.8245,False,0,0,0,,,,,,,,
100417947,Crashes_2010_2019_MPO,2013-12-11,2013,35.9459,-86.80673,False,0,0,0,,,,,,,,
100418722,Crashes_2010_2019_MPO,2013-12-11,2013,35.9765,-86.82734,True,0,0,0,,,,,,,,
100418506,Crashes_2010_2019_MPO,2013-12-12,2013,35.95872,-86.82469,False,0,0,0,,,,,,,,
100418505,Crashes_2010_2019_MPO,2013-12-12,2013,35.94689,-86.85175,False,0,0,0,,,,,,,,
100418575,Crashes_2010_2019_MPO,2013-12-12,2013,35.93117,-86.79409,False,0,0,0,,,,,,,,
100418504,Crashes_2010_2019_MPO,2013-12-12,2013,35.93287,-86.86127,False,0,0,0,,,,,,,,
100418520,Crashes_2010_2019_MPO,2013-12-12,2013,35.99624,-86.78632,True,0,0,0,,,,,,,,
100418615,Crashes_2010_2019_MPO,2013-12-12,2013,35.99221,-86.8006,True,0,0,0,,,,,,,,
100418568,Crashes_2010_2019_MPO,2013-12-12,2013,35.94738,-86.86652,False,0,0,0,,,,,,,,
100418742,Crashes_2010_2019_MPO,2013-12-12,2013,35.93316,-86.87753,False,0,0,0,,,,,,,,
100421130,Crashes_2010_2019_MPO,2013-12-13,2013,35.9709,-86.80639,True,0,0,0,,,,,,,,
100420336,Crashes_2010_2019_MPO,2013-12-13,2013,35.95011,-86.8189,False,0,0,0,,,,,,,,
100418854,Crashes_2010_2019_MPO,2013-12-13,2013,35.9865,-86.73688,True,0,0,0,,,,,,,,
100419963,Crashes_2010_2019_MPO,2013-12-13,2013,35.92526,-86.87078,False,0,0,0,,,,,,,,
100419043,Crashes_2010_2019_MPO,2013-12-13,2013,35.93849,-86.87915,False,0,0,1,,,,,,,,
100418658,Crashes_2010_2019_MPO,2013-12-13,2013,35.99795,-86.79905,True,0,0,0,,,,,,,,
100418729,Crashes_2010_2019_MPO,2013-12-13,2013,35.92641,-86.82446,False,0,0,0,,,,,,,,
100419005,Crashes_2010_2019_MPO,2013-12-13,2013,35.94757,-86.81398,False,0,0,0,,,,,,,,
100419486,Crashes_2010_2019_MPO,2013-12-14,2013,36.01289,-86.80078,True,0,0,0,,,,,,,,
100419442,Crashes_2010_2019_MPO,2013-12-14,2013,35.92939,-86.84202,False,0,0,0,,,,,,,,
100419158,Crashes_2010_2019_MPO,2013-12-14,2013,36.03408,-86.80157,True,0,0,0,,,,,,,,
100419279,Crashes_2010_2019_MPO,2013-12-14,2013,35.97298,-86.86793,False,0,0,0,,,,,,,,
100421401,Crashes_2010_2019_MPO,2013-12-14,2013,35.96654,-86.80789,True,0,0,1,,,,,,,,
100419809,Crashes_2010_2019_MPO,2013-12-14,2013,36.03476,-86.87332,False,0,0,0,,,,,,,,
100422048,Crashes_2010_2019_MPO,2013-12-14,2013,35.924,-86.86912,False,0,0,0,,,,,,,,
100419735,Crashes_2010_2019_MPO,2013-12-15,2013,35.94632,-86.8236,False,0,0,0,,,,,,,,
100419710,Crashes_2010_2019_MPO,2013-12-15,2013,35.92606,-86.87148,False,0,0,0,,,,,,,,
100419634,Crashes_2010_2019_MPO,2013-12-15,2013,35.92638,-86.86622,False,0,0,0,,,,,,,,
100419616,Crashes_2010_2019_MPO,2013-12-15,2013,36.01284,-86.80082,True,0,0,0,,,,,,,,
100419670,Crashes_2010_2019_MPO,2013-12-15,2013,35.96997,-86.83602,False,0,0,0,,,,,,,,
10735790,Crashes_2010_2019_MPO,2013-12-15,2013,36.04505,-86.71281,False,0,0,0,,,,,,,,
100421081,Crashes_2010_2019_MPO,2013-12-16,2013,35.92261,-86.87223,False,0,0,0,,,,,,,,
100419969,Crashes_2010_2019_MPO,2013-12-16,2013,35.97888,-86.75177,True,0,0,0,,,,,,,,
100420823,Crashes_2010_2019_MPO,2013-12-16,2013,35.96461,-86.81469,True,0,0,0,,,,,,,,
100419979,Crashes_2010_2019_MPO,2013-12-16,2013,35.92361,-86.81902,False,0,0,0,,,,,,,,
100420091,Crashes_2010_2019_MPO,2013-12-16,2013,35.92339,-86.85047,False,0,0,0,,,,,,,,
100420168,Crashes_2010_2019_MPO,2013-12-16,2013,35.9612,-86.80179,True,0,0,0,,,,,,,,
100420824,Crashes_2010_2019_MPO,2013-12-16,2013,35.92254,-86.87194,False,0,0,0,,,,,,,,
100422384,Crashes_2010_2019_MPO,2013-12-17,2013,35.92768,-86.76733,False,0,0,0,,,,,,,,
100422443,Crashes_2010_2019_MPO,2013-12-17,2013,35.96957,-86.80666,True,0,0,1,,,,,,,,