record_no,source_layer,collision_ts,crash_year,latitude,longitude,in_city,fatalities,non_motorists,truck_involved,serious_injuries,pedestrian,bicycle,crash_type,manner_of_collision,lighting,weather,first_harmful_event
100420557,Crashes_2010_2019_MPO,2013-12-17,2013,36.00977,-86.78539,True,0,0,0,,,,,,,,
100420622,Crashes_2010_2019_MPO,2013-12-17,2013,35.95226,-86.81915,False,0,0,0,,,,,,,,
100420621,Crashes_2010_2019_MPO,2013-12-17,2013,35.9483,-86.80754,False,0,0,0,,,,,,,,
100421339,Crashes_2010_2019_MPO,2013-12-17,2013,35.95912,-86.8159,False,0,0,0,,,,,,,,
100420448,Crashes_2010_2019_MPO,2013-12-17,2013,35.96682,-86.8119,True,0,0,0,,,,,,,,
100420683,Crashes_2010_2019_MPO,2013-12-17,2013,35.99332,-86.69301,True,0,0,0,,,,,,,,
100420437,Crashes_2010_2019_MPO,2013-12-17,2013,35.92641,-86.82446,False,0,0,0,,,,,,,,
100420918,Crashes_2010_2019_MPO,2013-12-17,2013,35.94662,-86.80981,False,0,0,0,,,,,,,,
100420688,Crashes_2010_2019_MPO,2013-12-17,2013,36.03067,-86.8731,False,0,0,0,,,,,,,,
100420436,Crashes_2010_2019_MPO,2013-12-17,2013,35.9543,-86.81753,False,0,0,0,,,,,,,,
100420430,Crashes_2010_2019_MPO,2013-12-17,2013,35.94755,-86.81391,False,0,0,0,,,,,,,,
100421054,Crashes_2010_2019_MPO,2013-12-18,2013,35.9787,-86.75365,True,0,0,0,,,,,,,,
100422323,Crashes_2010_2019_MPO,2013-12-18,2013,35.92402,-86.86908,False,0,0,0,,,,,,,,
100420998,Crashes_2010_2019_MPO,2013-12-18,2013,36.03474,-86.78792,True,0,0,0,,,,,,,,
100421064,Crashes_2010_2019_MPO,2013-12-18,2013,35.99744,-86.79527,True,0,0,0,,,,,,,,
100421574,Crashes_2010_2019_MPO,2013-12-18,2013,35.97372,-86.83427,False,0,0,0,,,,,,,,
100421385,Crashes_2010_2019_MPO,2013-12-18,2013,36.03469,-86.79538,True,0,0,0,,,,,,,,
100421615,Crashes_2010_2019_MPO,2013-12-19,2013,35.96598,-86.80791,False,0,0,0,,,,,,,,
100424256,Crashes_2010_2019_MPO,2013-12-19,2013,35.95895,-86.81581,False,0,0,0,,,,,,,,
100421591,Crashes_2010_2019_MPO,2013-12-19,2013,35.97131,-86.7265,True,0,0,0,,,,,,,,
100421749,Crashes_2010_2019_MPO,2013-12-19,2013,35.94173,-86.82105,False,0,0,0,,,,,,,,
100421465,Crashes_2010_2019_MPO,2013-12-19,2013,35.97317,-86.83093,True,0,0,0,,,,,,,,
100423240,Crashes_2010_2019_MPO,2013-12-19,2013,36.03217,-86.78339,True,0,0,0,,,,,,,,
100422044,Crashes_2010_2019_MPO,2013-12-19,2013,35.95339,-86.82244,False,0,0,0,,,,,,,,
100421569,Crashes_2010_2019_MPO,2013-12-19,2013,35.93226,-86.86263,False,0,0,0,,,,,,,,
100423857,Crashes_2010_2019_MPO,2013-12-19,2013,35.96341,-86.8088,False,0,0,1,,,,,,,,
100421550,Crashes_2010_2019_MPO,2013-12-19,2013,35.95133,-86.81834,False,0,0,0,,,,,,,,
100421583,Crashes_2010_2019_MPO,2013-12-19,2013,35.96593,-86.80513,True,0,0,0,,,,,,,,
100421573,Crashes_2010_2019_MPO,2013-12-19,2013,35.95427,-86.81249,False,0,0,0,,,,,,,,
100423305,Crashes_2010_2019_MPO,2013-12-19,2013,36.03178,-86.78369,True,0,0,1,,,,,,,,
100422271,Crashes_2010_2019_MPO,2013-12-20,2013,35.92365,-86.76698,False,0,0,0,,,,,,,,
100422053,Crashes_2010_2019_MPO,2013-12-20,2013,35.99578,-86.78172,True,0,0,0,,,,,,,,
100422047,Crashes_2010_2019_MPO,2013-12-20,2013,35.96551,-86.80825,False,0,0,0,,,,,,,,
100421810,Crashes_2010_2019_MPO,2013-12-20,2013,35.93459,-86.81991,False,0,0,0,,,,,,,,
100422065,Crashes_2010_2019_MPO,2013-12-20,2013,35.9595,-86.80574,False,0,0,0,,,,,,,,
100422089,Crashes_2010_2019_MPO,2013-12-20,2013,35.97666,-86.80397,True,0,0,0,,,,,,,,
100422364,Crashes_2010_2019_MPO,2013-12-21,2013,35.92799,-86.7175,False,0,0,0,,,,,,,,
100423325,Crashes_2010_2019_MPO,2013-12-21,2013,35.9667,-86.81117,True,0,0,0,,,,,,,,
100422463,Crashes_2010_2019_MPO,2013-12-21,2013,35.99564,-86.7802,True,0,0,0,,,,,,,,
100422478,Crashes_2010_2019_MPO,2013-12-21,2013,35.92365,-86.86783,False,0,0,0,,,,,,,,
100422765,Crashes_2010_2019_MPO,2013-12-21,2013,35.96561,-86.70619,True,0,0,0,,,,,,,,
100422602,Crashes_2010_2019_MPO,2013-12-21,2013,35.92947,-86.84135,False,0,0,0,,,,,,,,
100422321,Crashes_2010_2019_MPO,2013-12-21,2013,36.0239,-86.78637,True,0,0,0,,,,,,,,
100422960,Crashes_2010_2019_MPO,2013-12-22,2013,35.96604,-86.8072,True,0,0,0,,,,,,,,
100422722,Crashes_2010_2019_MPO,2013-12-22,2013,35.98284,-86.71098,True,0,0,0,,,,,,,,
100422786,Crashes_2010_2019_MPO,2013-12-22,2013,35.96672,-86.8113,True,0,0,0,,,,,,,,
100423091,Crashes_2010_2019_MPO,2013-12-22,2013,35.92641,-86.82446,False,0,0,0,,,,,,,,
100422926,Crashes_2010_2019_MPO,2013-12-22,2013,35.96645,-86.81124,False,0,0,0,,,,,,,,
100423286,Crashes_2010_2019_MPO,2013-12-23,2013,35.92259,-86.79465,False,0,0,0,,,,,,,,
100423723,Crashes_2010_2019_MPO,2013-12-23,2013,35.93003,-86.84077,False,0,0,0,,,,,,,,
100423404,Crashes_2010_2019_MPO,2013-12-23,2013,35.9622,-86.8118,False,0,0,0,,,,,,,,
100423408,Crashes_2010_2019_MPO,2013-12-23,2013,36.01284,-86.80082,True,0,0,0,,,,,,,,
100423893,Crashes_2010_2019_MPO,2013-12-24,2013,35.9254,-86.78307,False,0,0,0,,,,,,,,
100423837,Crashes_2010_2019_MPO,2013-12-24,2013,35.94873,-86.83188,False,0,0,0,,,,,,,,
100423761,Crashes_2010_2019_MPO,2013-12-24,2013,35.9498,-86.81328,False,0,0,0,,,,,,,,
100423760,Crashes_2010_2019_MPO,2013-12-24,2013,35.94645,-86.82369,False,0,0,0,,,,,,,,
100423806,Crashes_2010_2019_MPO,2013-12-24,2013,35.99735,-86.79489,True,0,0,0,,,,,,,,
100423680,Crashes_2010_2019_MPO,2013-12-24,2013,35.95207,-86.81821,False,0,0,0,,,,,,,,
100423793,Crashes_2010_2019_MPO,2013-12-24,2013,35.92983,-86.6808,False,0,0,0,,,,,,,,
100424550,Crashes_2010_2019_MPO,2013-12-26,2013,35.95031,-86.81876,False,0,0,0,,,,,,,,
100424353,Crashes_2010_2019_MPO,2013-12-26,2013,35.92645,-86.82439,False,0,0,0,,,,,,,,
100424610,Crashes_2010_2019_MPO,2013-12-27,2013,35.97803,-86.80373,True,0,0,0,,,,,,,,
100425216,Crashes_2010_2019_MPO,2013-12-27,2013,36.02641,-86.87851,False,0,0,0,,,,,,,,
100424708,Crashes_2010_2019_MPO,2013-12-27,2013,35.92375,-86.77398,False,0,0,0,,,,,,,,
100424963,Crashes_2010_2019_MPO,2013-12-28,2013,35.98383,-86.73358,True,0,0,0,,,,,,,,
100425088,Crashes_2010_2019_MPO,2013-12-28,2013,35.92471,-86.82203,False,0,0,0,,,,,,,,
100425430,Crashes_2010_2019_MPO,2013-12-29,2013,35.92495,-86.78107,False,0,0,0,,,,,,,,
100425489,Crashes_2010_2019_MPO,2013-12-30,2013,35.99755,-86.79662,True,0,0,0,,,,,,,,
100425637,Crashes_2010_2019_MPO,2013-12-30,2013,36.03694,-86.80194,True,0,0,0,,,,,,,,
100425687,Crashes_2010_2019_MPO,2013-12-30,2013,35.95214,-86.81803,False,0,0,0,,,,,,,,
100425911,Crashes_2010_2019_MPO,2013-12-31,2013,36.03066,-86.78358,True,0,0,0,,,,,,,,
100425934,Crashes_2010_2019_MPO,2013-12-31,2013,35.95674,-86.81437,False,0,0,0,,,,,,,,
100425954,Crashes_2010_2019_MPO,2013-12-31,2013,35.9974,-86.79452,True,0,0,0,,,,,,,,
100425921,Crashes_2010_2019_MPO,2013-12-31,2013,36.02187,-86.78701,True,0,0,0,,,,,,,,
100426160,Crashes_2010_2019_MPO,2014-01-01,2014,35.9337,-86.81761,False,0,0,0,,,,,,,,
100426159,Crashes_2010_2019_MPO,2014-01-01,2014,35.95789,-86.8131,False,0,0,0,,,,,,,,
100426489,Crashes_2010_2019_MPO,2014-01-02,2014,35.93474,-86.82061,False,0,0,0,,,,,,,,
100426647,Crashes_2010_2019_MPO,2014-01-02,2014,35.94175,-86.8212,False,0,0,0,,,,,,,,
100426599,Crashes_2010_2019_MPO,2014-01-02,2014,35.98455,-86.81853,True,0,0,0,,,,,,,,
100426540,Crashes_2010_2019_MPO,2014-01-02,2014,35.93459,-86.81994,False,0,0,0,,,,,,,,
100426686,Crashes_2010_2019_MPO,2014-01-02,2014,35.9343,-86.86112,False,0,0,0,,,,,,,,
100426371,Crashes_2010_2019_MPO,2014-01-02,2014,35.94686,-86.82177,False,0,0,0,,,,,,,,
100426976,Crashes_2010_2019_MPO,2014-01-03,2014,35.96687,-86.81113,True,0,0,0,,,,,,,,
100426930,Crashes_2010_2019_MPO,2014-01-03,2014,35.93707,-86.82279,False,0,0,0,,,,,,,,
100427928,Crashes_2010_2019_MPO,2014-01-03,2014,35.95772,-86.8026,False,0,0,0,,,,,,,,
100426928,Crashes_2010_2019_MPO,2014-01-03,2014,35.93429,-86.86113,False,0,0,0,,,,,,,,
100427313,Crashes_2010_2019_MPO,2014-01-04,2014,36.02435,-86.78611,True,0,0,0,,,,,,,,
100427499,Crashes_2010_2019_MPO,2014-01-05,2014,35.96793,-86.83743,False,0,0,0,,,,,,,,
100427596,Crashes_2010_2019_MPO,2014-01-05,2014,35.96708,-86.81356,True,0,0,0,,,,,,,,
100428076,Crashes_2010_2019_MPO,2014-01-07,2014,35.9479,-86.81949,False,0,0,0,,,,,,,,
100428446,Crashes_2010_2019_MPO,2014-01-07,2014,36.02465,-86.78594,True,0,0,0,,,,,,,,
100428287,Crashes_2010_2019_MPO,2014-01-07,2014,35.94476,-86.82852,False,0,0,0,,,,,,,,
100429319,Crashes_2010_2019_MPO,2014-01-08,2014,35.9261,-86.8714,False,0,0,1,,,,,,,,
100428637,Crashes_2010_2019_MPO,2014-01-08,2014,35.93492,-86.79474,False,0,0,0,,,,,,,,
100428650,Crashes_2010_2019_MPO,2014-01-08,2014,35.9521,-86.81836,False,0,0,0,,,,,,,,
100428625,Crashes_2010_2019_MPO,2014-01-08,2014,35.94873,-86.83188,False,0,0,0,,,,,,,,
100428655,Crashes_2010_2019_MPO,2014-01-08,2014,35.92985,-86.86446,False,0,0,0,,,,,,,,
100428678,Crashes_2010_2019_MPO,2014-01-08,2014,35.99551,-86.77889,True,0,0,0,,,,,,,,
100429473,Crashes_2010_2019_MPO,2014-01-08,2014,35.938969,-86.838387,False,1,0,0,,,,,,,,
100428640,Crashes_2010_2019_MPO,2014-01-08,2014,35.93996,-86.82135,False,0,0,0,,,,,,,,
100428632,Crashes_2010_2019_MPO,2014-01-08,2014,35.99735,-86.79484,True,0,0,1,,,,,,,,
100428871,Crashes_2010_2019_MPO,2014-01-08,2014,35.96639,-86.80894,True,0,0,0,,,,,,,,
100428654,Crashes_2010_2019_MPO,2014-01-08,2014,35.95104,-86.80653,False,0,0,0,,,,,,,,
100429294,Crashes_2010_2019_MPO,2014-01-09,2014,36.01322,-86.80201,True,0,0,0,,,,,,,,
100428800,Crashes_2010_2019_MPO,2014-01-09,2014,36.01234,-86.80117,True,0,0,0,,,,,,,,
100429032,Crashes_2010_2019_MPO,2014-01-09,2014,35.95243,-86.82008,False,0,0,0,,,,,,,,
100429360,Crashes_2010_2019_MPO,2014-01-09,2014,36.01746,-86.75962,True,0,0,0,,,,,,,,
100429163,Crashes_2010_2019_MPO,2014-01-09,2014,36.01568,-86.82015,True,0,0,0,,,,,,,,
100429060,Crashes_2010_2019_MPO,2014-01-09,2014,35.9627,-86.81139,False,0,0,0,,,,,,,,
100429025,Crashes_2010_2019_MPO,2014-01-09,2014,35.95244,-86.84721,False,0,0,0,,,,,,,,
100429092,Crashes_2010_2019_MPO,2014-01-09,2014,35.95892,-86.81612,False,0,0,0,,,,,,,,
100429061,Crashes_2010_2019_MPO,2014-01-09,2014,35.93313,-86.81153,False,0,0,0,,,,,,,,
100429468,Crashes_2010_2019_MPO,2014-01-10,2014,36.02198,-86.79508,True,0,0,0,,,,,,,,
100431644,Crashes_2010_2019_MPO,2014-01-10,2014,35.94948,-86.80721,False,0,0,0,,,,,,,,
100429465,Crashes_2010_2019_MPO,2014-01-10,2014,35.99107,-86.77834,True,0,0,0,,,,,,,,
100431643,Crashes_2010_2019_MPO,2014-01-10,2014,35.94295,-86.80019,False,0,0,0,,,,,,,,
100429532,Crashes_2010_2019_MPO,2014-01-10,2014,35.96654,-86.81004,True,0,0,1,,,,,,,,
100430175,Crashes_2010_2019_MPO,2014-01-10,2014,36.00696,-86.78794,True,0,0,0,,,,,,,,
100431203,Crashes_2010_2019_MPO,2014-01-11,2014,35.96136,-86.81234,False,0,0,0,,,,,,,,
100429883,Crashes_2010_2019_MPO,2014-01-11,2014,35.99705,-86.7931,True,0,0,0,,,,,,,,
100431462,Crashes_2010_2019_MPO,2014-01-11,2014,35.93107,-86.85925,False,0,0,0,,,,,,,,
100431658,Crashes_2010_2019_MPO,2014-01-13,2014,35.95079,-86.81844,False,0,0,0,,,,,,,,
100430530,Crashes_2010_2019_MPO,2014-01-13,2014,35.96453,-86.81434,False,0,0,0,,,,,,,,
100430430,Crashes_2010_2019_MPO,2014-01-13,2014,35.95879,-86.81551,False,0,0,0,,,,,,,,
100430153,Crashes_2010_2019_MPO,2014-01-13,2014,35.94686,-86.85162,False,0,0,0,,,,,,,,
100430148,Crashes_2010_2019_MPO,2014-01-13,2014,35.93313,-86.81153,False,0,0,0,,,,,,,,
100430600,Crashes_2010_2019_MPO,2014-01-13,2014,35.97036,-86.77419,True,0,0,0,,,,,,,,
100430261,Crashes_2010_2019_MPO,2014-01-13,2014,35.96981,-86.72457,True,0,0,0,,,,,,,,
100430257,Crashes_2010_2019_MPO,2014-01-13,2014,35.92954,-86.84187,False,0,0,0,,,,,,,,
100430186,Crashes_2010_2019_MPO,2014-01-13,2014,35.92312,-86.82275,False,0,0,0,,,,,,,,
100431366,Crashes_2010_2019_MPO,2014-01-13,2014,35.92547,-86.87275,False,0,0,0,,,,,,,,
100430750,Crashes_2010_2019_MPO,2014-01-13,2014,35.94826,-86.80783,False,0,0,0,,,,,,,,
100431200,Crashes_2010_2019_MPO,2014-01-14,2014,35.95739,-86.82547,False,0,0,0,,,,,,,,
100431204,Crashes_2010_2019_MPO,2014-01-14,2014,35.96158,-86.81529,False,0,0,0,,,,,,,,
100431201,Crashes_2010_2019_MPO,2014-01-14,2014,35.96132,-86.81219,False,0,0,0,,,,,,,,
100431645,Crashes_2010_2019_MPO,2014-01-14,2014,35.93554,-86.82375,False,0,0,0,,,,,,,,
100430718,Crashes_2010_2019_MPO,2014-01-14,2014,35.99745,-86.79571,True,0,0,0,,,,,,,,
100430618,Crashes_2010_2019_MPO,2014-01-14,2014,35.97764,-86.77681,True,0,0,0,,,,,,,,
100430567,Crashes_2010_2019_MPO,2014-01-14,2014,36.00477,-86.79053,True,0,0,0,,,,,,,,
100431458,Crashes_2010_2019_MPO,2014-01-15,2014,35.97361,-86.85947,False,0,0,0,,,,,,,,
100431469,Crashes_2010_2019_MPO,2014-01-15,2014,35.962,-86.81517,False,0,0,0,,,,,,,,
100431475,Crashes_2010_2019_MPO,2014-01-15,2014,35.93145,-86.86325,False,0,0,0,,,,,,,,
100431470,Crashes_2010_2019_MPO,2014-01-15,2014,35.94798,-86.8603,False,0,0,0,,,,,,,,
100431464,Crashes_2010_2019_MPO,2014-01-15,2014,35.94622,-86.80876,False,0,0,0,,,,,,,,
100431465,Crashes_2010_2019_MPO,2014-01-15,2014,35.94432,-86.82003,False,0,0,0,,,,,,,,
100431614,Crashes_2010_2019_MPO,2014-01-15,2014,35.93461,-86.82012,False,0,0,0,,,,,,,,
100433344,Crashes_2010_2019_MPO,2014-01-16,2014,35.97218,-86.82692,True,0,0,0,,,,,,,,
100433321,Crashes_2010_2019_MPO,2014-01-16,2014,35.98184,-86.80216,True,0,0,1,,,,,,,,
100431698,Crashes_2010_2019_MPO,2014-01-16,2014,36.0226,-86.78679,True,0,0,0,,,,,,,,
100431667,Crashes_2010_2019_MPO,2014-01-16,2014,35.94778,-86.81995,False,0,0,0,,,,,,,,
100431646,Crashes_2010_2019_MPO,2014-01-16,2014,35.9508,-86.81867,False,0,0,0,,,,,,,,
100432076,Crashes_2010_2019_MPO,2014-01-17,2014,35.95077,-86.81845,False,0,0,0,,,,,,,,
100432214,Crashes_2010_2019_MPO,2014-01-17,2014,35.94689,-86.85175,False,0,0,0,,,,,,,,
100432189,Crashes_2010_2019_MPO,2014-01-17,2014,35.98325,-86.71739,True,0,0,0,,,,,,,,
100432017,Crashes_2010_2019_MPO,2014-01-17,2014,35.9885,-86.8469,False,0,0,0,,,,,,,,
100431850,Crashes_2010_2019_MPO,2014-01-17,2014,36.01322,-86.83585,True,0,0,0,,,,,,,,
100433409,Crashes_2010_2019_MPO,2014-01-17,2014,35.92954,-86.84187,False,0,0,0,,,,,,,,
100432055,Crashes_2010_2019_MPO,2014-01-17,2014,35.966,-86.82032,True,0,0,0,,,,,,,,
100431859,Crashes_2010_2019_MPO,2014-01-17,2014,35.99654,-86.82854,True,0,0,0,,,,,,,,
100432365,Crashes_2010_2019_MPO,2014-01-18,2014,35.96695,-86.82545,False,0,0,0,,,,,,,,
100432457,Crashes_2010_2019_MPO,2014-01-18,2014,35.94557,-86.82313,False,0,0,0,,,,,,,,
100432438,Crashes_2010_2019_MPO,2014-01-18,2014,35.96558,-86.81398,False,0,0,0,,,,,,,,
100432378,Crashes_2010_2019_MPO,2014-01-18,2014,35.99697,-86.79694,True,0,0,0,,,,,,,,
100432740,Crashes_2010_2019_MPO,2014-01-19,2014,35.94632,-86.8236,False,0,0,0,,,,,,,,
100432821,Crashes_2010_2019_MPO,2014-01-19,2014,35.93422,-86.8186,False,0,0,0,,,,,,,,
100433106,Crashes_2010_2019_MPO,2014-01-20,2014,35.94638,-86.8087,False,0,0,0,,,,,,,,
100433076,Crashes_2010_2019_MPO,2014-01-20,2014,35.95565,-86.8295,False,0,0,0,,,,,,,,
100433010,Crashes_2010_2019_MPO,2014-01-20,2014,35.95008,-86.81318,False,0,0,0,,,,,,,,
100433059,Crashes_2010_2019_MPO,2014-01-20,2014,36.0315,-86.79012,True,0,0,0,,,,,,,,
100433134,Crashes_2010_2019_MPO,2014-01-20,2014,35.95934,-86.80186,False,0,0,0,,,,,,,,
100433049,Crashes_2010_2019_MPO,2014-01-20,2014,35.96453,-86.81434,False,0,0,0,,,,,,,,
100433017,Crashes_2010_2019_MPO,2014-01-20,2014,35.94789,-86.81951,False,0,0,0,,,,,,,,
100433155,Crashes_2010_2019_MPO,2014-01-20,2014,35.9667,-86.81117,True,0,0,0,,,,,,,,
100433410,Crashes_2010_2019_MPO,2014-01-20,2014,35.94782,-86.81897,False,0,0,0,,,,,,,,
100432935,Crashes_2010_2019_MPO,2014-01-20,2014,35.99644,-86.788,True,0,0,0,,,,,,,,
100434308,Crashes_2010_2019_MPO,2014-01-21,2014,35.97386,-86.68951,False,0,0,0,,,,,,,,
100433240,Crashes_2010_2019_MPO,2014-01-21,2014,35.94416,-86.8457,False,0,0,0,,,,,,,,
100433363,Crashes_2010_2019_MPO,2014-01-21,2014,35.94697,-86.85294,False,0,0,0,,,,,,,,
100433425,Crashes_2010_2019_MPO,2014-01-21,2014,35.93189,-86.79438,False,0,0,0,,,,,,,,
100435445,Crashes_2010_2019_MPO,2014-01-21,2014,36.00139,-86.77375,True,0,0,0,,,,,,,,
100433306,Crashes_2010_2019_MPO,2014-01-21,2014,35.95968,-86.82354,False,0,0,0,,,,,,,,
100433196,Crashes_2010_2019_MPO,2014-01-21,2014,35.93128,-86.87659,False,0,0,0,,,,,,,,
100434600,Crashes_2010_2019_MPO,2014-01-22,2014,36.02644,-86.78491,True,0,0,0,,,,,,,,
100433682,Crashes_2010_2019_MPO,2014-01-22,2014,35.9261,-86.8714,False,0,0,0,,,,,,,,
100433820,Crashes_2010_2019_MPO,2014-01-22,2014,35.94366,-86.84471,False,0,0,0,,,,,,,,
100433644,Crashes_2010_2019_MPO,2014-01-22,2014,35.92304,-86.81684,False,0,0,0,,,,,,,,
100433755,Crashes_2010_2019_MPO,2014-01-22,2014,35.97044,-86.7738,True,0,0,0,,,,,,,,
100434001,Crashes_2010_2019_MPO,2014-01-22,2014,35.96784,-86.81327,True,0,0,0,,,,,,,,
100433785,Crashes_2010_2019_MPO,2014-01-22,2014,35.95993,-86.80204,False,0,0,0,,,,,,,,
10722227,Crashes_2010_2019_MPO,2014-01-22,2014,35.998859,-86.691338,False,0,0,0,,,,,,,,
100434345,Crashes_2010_2019_MPO,2014-01-23,2014,35.93059,-86.82405,False,0,0,0,,,,,,,,
100434346,Crashes_2010_2019_MPO,2014-01-23,2014,35.94859,-86.85038,False,0,0,0,,,,,,,,
100434157,Crashes_2010_2019_MPO,2014-01-23,2014,35.96,-86.81489,False,0,0,0,,,,,,,,
100434133,Crashes_2010_2019_MPO,2014-01-23,2014,35.9903,-86.74745,True,0,0,0,,,,,,,,
100437446,Crashes_2010_2019_MPO,2014-01-23,2014,36.03175,-86.78961,True,0,0,0,,,,,,,,
100434296,Crashes_2010_2019_MPO,2014-01-23,2014,35.95076,-86.80431,False,0,0,0,,,,,,,,
100434638,Crashes_2010_2019_MPO,2014-01-24,2014,36.0133,-86.78117,True,0,0,0,,,,,,,,
100443889,Crashes_2010_2019_MPO,2014-01-24,2014,36.03919,-86.7825,False,0,0,0,,,,,,,,
100434688,Crashes_2010_2019_MPO,2014-01-24,2014,35.96395,-86.8147,False,0,0,0,,,,,,,,
100434639,Crashes_2010_2019_MPO,2014-01-24,2014,35.98589,-86.81052,True,0,0,1,,,,,,,,
100435171,Crashes_2010_2019_MPO,2014-01-24,2014,35.92394,-86.86983,False,0,0,0,,,,,,,,
100434602,Crashes_2010_2019_MPO,2014-01-24,2014,36.00215,-86.86088,False,0,0,0,,,,,,,,
100434793,Crashes_2010_2019_MPO,2014-01-25,2014,35.99551,-86.77889,True,0,0,0,,,,,,,,
100434861,Crashes_2010_2019_MPO,2014-01-25,2014,35.95269,-86.81794,False,0,0,0,,,,,,,,
100435010,Crashes_2010_2019_MPO,2014-01-25,2014,35.96055,-86.80046,False,0,0,0,,,,,,,,
100434923,Crashes_2010_2019_MPO,2014-01-25,2014,35.92574,-86.87011,False,0,0,0,,,,,,,,
100435176,Crashes_2010_2019_MPO,2014-01-26,2014,35.99456,-86.76751,True,0,0,0,,,,,,,,
100435574,Crashes_2010_2019_MPO,2014-01-27,2014,35.92474,-86.87429,False,0,0,0,,,,,,,,
100435792,Crashes_2010_2019_MPO,2014-01-27,2014,35.94677,-86.85185,False,0,0,0,,,,,,,,
100435633,Crashes_2010_2019_MPO,2014-01-27,2014,35.94825,-86.86001,False,0,0,0,,,,,,,,
100435505,Crashes_2010_2019_MPO,2014-01-27,2014,35.94761,-86.81992,False,0,0,0,,,,,,,,
100435438,Crashes_2010_2019_MPO,2014-01-27,2014,35.96665,-86.80921,True,0,0,0,,,,,,,,
100436067,Crashes_2010_2019_MPO,2014-01-28,2014,35.95257,-86.6841,False,0,0,0,,,,,,,,
100436163,Crashes_2010_2019_MPO,2014-01-28,2014,36.0022,-86.79287,True,0,0,0,,,,,,,,
100435994,Crashes_2010_2019_MPO,2014-01-28,2014,35.9315,-86.86055,False,0,0,0,,,,,,,,
100435751,Crashes_2010_2019_MPO,2014-01-28,2014,36.00417,-86.79083,True,0,0,0,,,,,,,,
100436297,Crashes_2010_2019_MPO,2014-01-29,2014,35.95922,-86.76766,True,0,0,0,,,,,,,,
100438282,Crashes_2010_2019_MPO,2014-01-29,2014,35.9321,-86.87705,False,0,0,0,,,,,,,,
100436360,Crashes_2010_2019_MPO,2014-01-29,2014,35.95008,-86.8491,False,0,0,0,,,,,,,,
100436377,Crashes_2010_2019_MPO,2014-01-29,2014,35.94778,-86.81995,False,0,0,0,,,,,,,,
100436150,Crashes_2010_2019_MPO,2014-01-29,2014,35.93466,-86.82107,False,0,0,0,,,,,,,,
100436307,Crashes_2010_2019_MPO,2014-01-29,2014,35.94689,-86.85175,False,0,0,0,,,,,,,,
100436117,Crashes_2010_2019_MPO,2014-01-29,2014,35.93511,-86.82208,False,0,0,0,,,,,,,,
100436665,Crashes_2010_2019_MPO,2014-01-29,2014,35.97649,-86.82742,True,0,0,0,,,,,,,,
100436376,Crashes_2010_2019_MPO,2014-01-29,2014,35.94697,-86.82184,False,0,0,0,,,,,,,,
100436440,Crashes_2010_2019_MPO,2014-01-29,2014,35.93495,-86.82144,False,0,0,0,,,,,,,,
100436207,Crashes_2010_2019_MPO,2014-01-29,2014,35.94731,-86.80838,False,0,0,0,,,,,,,,
100436828,Crashes_2010_2019_MPO,2014-01-30,2014,36.03507,-86.80877,True,0,0,0,,,,,,,,
100436496,Crashes_2010_2019_MPO,2014-01-30,2014,36.036781,-86.814629,True,0,0,0,,,,,,,,
100436846,Crashes_2010_2019_MPO,2014-01-30,2014,35.93286,-86.87741,False,0,0,0,,,,,,,,
100436700,Crashes_2010_2019_MPO,2014-01-30,2014,35.95415,-86.82636,False,0,0,0,,,,,,,,
100436683,Crashes_2010_2019_MPO,2014-01-30,2014,35.94677,-86.85185,False,0,0,0,,,,,,,,
100437828,Crashes_2010_2019_MPO,2014-01-31,2014,35.9912,-86.68349,False,0,0,0,,,,,,,,
100437188,Crashes_2010_2019_MPO,2014-01-31,2014,36.03968,-86.78165,False,0,0,1,,,,,,,,
100437107,Crashes_2010_2019_MPO,2014-01-31,2014,35.94068,-86.83938,False,0,0,0,,,,,,,,
100437264,Crashes_2010_2019_MPO,2014-01-31,2014,35.94658,-86.85072,False,0,0,0,,,,,,,,
100437398,Crashes_2010_2019_MPO,2014-01-31,2014,35.94618,-86.80856,False,0,0,0,,,,,,,,
100437703,Crashes_2010_2019_MPO,2014-02-01,2014,35.99822,-86.82896,True,0,0,0,,,,,,,,
100437743,Crashes_2010_2019_MPO,2014-02-01,2014,35.94951,-86.81931,False,0,0,0,,,,,,,,
100437667,Crashes_2010_2019_MPO,2014-02-01,2014,35.95581,-86.81484,False,0,0,0,,,,,,,,
100438104,Crashes_2010_2019_MPO,2014-02-02,2014,35.92418,-86.8224,False,0,0,0,,,,,,,,
100438113,Crashes_2010_2019_MPO,2014-02-02,2014,35.92254,-86.82293,False,0,0,0,,,,,,,,
100437791,Crashes_2010_2019_MPO,2014-02-02,2014,35.98195,-86.67849,False,0,0,0,,,,,,,,
100440079,Crashes_2010_2019_MPO,2014-02-02,2014,35.92543,-86.86728,False,0,0,0,,,,,,,,
100438560,Crashes_2010_2019_MPO,2014-02-03,2014,35.93874,-86.80965,False,0,0,0,,,,,,,,
100438457,Crashes_2010_2019_MPO,2014-02-03,2014,35.94715,-86.85154,False,0,0,0,,,,,,,,
100438497,Crashes_2010_2019_MPO,2014-02-03,2014,35.93395,-86.86139,False,0,0,0,,,,,,,,
100438577,Crashes_2010_2019_MPO,2014-02-03,2014,35.99594,-86.78345,True,0,0,0,,,,,,,,
100439051,Crashes_2010_2019_MPO,2014-02-04,2014,36.03474,-86.78792,True,0,0,0,,,,,,,,
100439163,Crashes_2010_2019_MPO,2014-02-04,2014,35.94797,-86.86248,False,0,0,0,,,,,,,,
100439048,Crashes_2010_2019_MPO,2014-02-04,2014,35.93654,-86.85947,False,0,0,0,,,,,,,,
100441943,Crashes_2010_2019_MPO,2014-02-04,2014,36.00681,-86.87248,False,0,0,0,,,,,,,,
100438843,Crashes_2010_2019_MPO,2014-02-04,2014,35.99635,-86.79715,True,0,0,0,,,,,,,,
100441771,Crashes_2010_2019_MPO,2014-02-05,2014,35.98488,-86.80111,True,0,0,0,,,,,,,,