record_no,source_layer,collision_ts,crash_year,latitude,longitude,in_city,fatalities,non_motorists,truck_involved,serious_injuries,pedestrian,bicycle,crash_type,manner_of_collision,lighting,weather,first_harmful_event
100439703,Crashes_2010_2019_MPO,2014-02-06,2014,36.02728,-86.78493,True,0,0,0,,,,,,,,
100439802,Crashes_2010_2019_MPO,2014-02-06,2014,35.95076,-86.81842,False,0,0,0,,,,,,,,
100439769,Crashes_2010_2019_MPO,2014-02-06,2014,35.96716,-86.81405,True,0,0,0,,,,,,,,
100439754,Crashes_2010_2019_MPO,2014-02-06,2014,35.94761,-86.81992,False,0,0,0,,,,,,,,
100440155,Crashes_2010_2019_MPO,2014-02-06,2014,36.0345,-86.86302,False,0,0,0,,,,,,,,
100440942,Crashes_2010_2019_MPO,2014-02-06,2014,36.03391,-86.86309,False,0,0,0,,,,,,,,
100439783,Crashes_2010_2019_MPO,2014-02-06,2014,35.96653,-86.80997,True,0,0,0,,,,,,,,
100439843,Crashes_2010_2019_MPO,2014-02-06,2014,35.96453,-86.81434,False,0,0,0,,,,,,,,
100440093,Crashes_2010_2019_MPO,2014-02-07,2014,36.033198,-86.787579,True,0,0,0,,,,,,,,
100440964,Crashes_2010_2019_MPO,2014-02-07,2014,36.0166,-86.78601,True,0,0,0,,,,,,,,
100440513,Crashes_2010_2019_MPO,2014-02-07,2014,35.94109,-86.83863,False,0,0,0,,,,,,,,
100440712,Crashes_2010_2019_MPO,2014-02-08,2014,35.95675,-86.83967,False,0,0,0,,,,,,,,
100440502,Crashes_2010_2019_MPO,2014-02-08,2014,35.94755,-86.81389,False,0,0,0,,,,,,,,
100441382,Crashes_2010_2019_MPO,2014-02-08,2014,35.92641,-86.82446,False,0,0,0,,,,,,,,
100441258,Crashes_2010_2019_MPO,2014-02-10,2014,35.92587,-86.82455,False,0,0,0,,,,,,,,
100441499,Crashes_2010_2019_MPO,2014-02-10,2014,35.94491,-86.84717,False,0,0,0,,,,,,,,
100441247,Crashes_2010_2019_MPO,2014-02-10,2014,35.94127,-86.8165,False,0,0,1,,,,,,,,
100441386,Crashes_2010_2019_MPO,2014-02-10,2014,35.93757,-86.81778,False,0,0,0,,,,,,,,
100441149,Crashes_2010_2019_MPO,2014-02-10,2014,35.92797,-86.84222,False,0,0,0,,,,,,,,
100441498,Crashes_2010_2019_MPO,2014-02-10,2014,35.94068,-86.83938,False,0,0,0,,,,,,,,
100441298,Crashes_2010_2019_MPO,2014-02-10,2014,35.95864,-86.80445,False,0,0,0,,,,,,,,
100441975,Crashes_2010_2019_MPO,2014-02-11,2014,35.95065,-86.80213,False,0,0,0,,,,,,,,
100441618,Crashes_2010_2019_MPO,2014-02-11,2014,35.962,-86.81517,False,0,0,0,,,,,,,,
100441555,Crashes_2010_2019_MPO,2014-02-11,2014,35.97694,-86.82541,True,0,0,0,,,,,,,,
100441549,Crashes_2010_2019_MPO,2014-02-11,2014,35.93387,-86.81836,False,0,0,0,,,,,,,,
100441790,Crashes_2010_2019_MPO,2014-02-11,2014,35.92954,-86.84187,False,0,0,0,,,,,,,,
100442159,Crashes_2010_2019_MPO,2014-02-11,2014,36.03111,-86.78353,True,0,0,0,,,,,,,,
100441875,Crashes_2010_2019_MPO,2014-02-12,2014,36.03318,-86.78284,True,0,0,0,,,,,,,,
100442027,Crashes_2010_2019_MPO,2014-02-12,2014,35.9294,-86.84078,False,0,0,0,,,,,,,,
100441995,Crashes_2010_2019_MPO,2014-02-12,2014,35.96743,-86.69724,False,0,0,0,,,,,,,,
100442413,Crashes_2010_2019_MPO,2014-02-13,2014,36.0008,-86.7943,True,0,0,0,,,,,,,,
100442386,Crashes_2010_2019_MPO,2014-02-13,2014,35.92366,-86.76697,False,0,0,0,,,,,,,,
100442385,Crashes_2010_2019_MPO,2014-02-13,2014,35.96595,-86.80488,True,0,0,0,,,,,,,,
100442222,Crashes_2010_2019_MPO,2014-02-13,2014,35.92936,-86.84054,False,0,0,0,,,,,,,,
100442404,Crashes_2010_2019_MPO,2014-02-13,2014,35.95634,-86.81704,False,0,0,0,,,,,,,,
100442922,Crashes_2010_2019_MPO,2014-02-14,2014,35.92449,-86.87044,False,0,0,0,,,,,,,,
100442923,Crashes_2010_2019_MPO,2014-02-14,2014,35.93461,-86.8196,False,0,0,0,,,,,,,,
100442924,Crashes_2010_2019_MPO,2014-02-14,2014,35.92443,-86.80252,False,0,0,0,,,,,,,,
100442873,Crashes_2010_2019_MPO,2014-02-14,2014,35.94955,-86.81944,False,0,0,0,,,,,,,,
100443048,Crashes_2010_2019_MPO,2014-02-14,2014,35.92547,-86.87275,False,0,0,0,,,,,,,,
100442925,Crashes_2010_2019_MPO,2014-02-14,2014,35.92843,-86.83346,False,0,0,0,,,,,,,,
100442748,Crashes_2010_2019_MPO,2014-02-14,2014,35.96733,-86.81492,True,0,0,0,,,,,,,,
100442578,Crashes_2010_2019_MPO,2014-02-14,2014,35.92522,-86.86867,False,0,0,0,,,,,,,,
100443815,Crashes_2010_2019_MPO,2014-02-14,2014,35.95644,-86.81262,False,0,0,0,,,,,,,,
100443284,Crashes_2010_2019_MPO,2014-02-15,2014,35.98072,-86.80279,True,0,0,0,,,,,,,,
100443300,Crashes_2010_2019_MPO,2014-02-15,2014,35.95227,-86.81914,False,0,0,0,,,,,,,,
100443401,Crashes_2010_2019_MPO,2014-02-15,2014,35.92924,-86.83366,False,0,1,0,,,,,,,,
100443194,Crashes_2010_2019_MPO,2014-02-15,2014,35.93126,-86.87663,False,0,0,0,,,,,,,,
100444751,Crashes_2010_2019_MPO,2014-02-15,2014,35.95821,-86.81061,False,0,1,0,,,,,,,,
100443558,Crashes_2010_2019_MPO,2014-02-16,2014,35.94539,-86.82762,False,0,0,0,,,,,,,,
100443921,Crashes_2010_2019_MPO,2014-02-16,2014,35.92391,-86.87162,False,0,0,0,,,,,,,,
100443812,Crashes_2010_2019_MPO,2014-02-16,2014,35.93853,-86.82161,False,0,0,0,,,,,,,,
100443573,Crashes_2010_2019_MPO,2014-02-16,2014,35.96612,-86.80505,True,0,0,0,,,,,,,,
100443995,Crashes_2010_2019_MPO,2014-02-17,2014,35.94766,-86.81973,False,0,0,0,,,,,,,,
10722679,Crashes_2010_2019_MPO,2014-02-17,2014,36.04049,-86.71275,False,0,0,0,,,,,,,,
100444348,Crashes_2010_2019_MPO,2014-02-18,2014,35.93734,-86.87817,False,0,0,0,,,,,,,,
100444307,Crashes_2010_2019_MPO,2014-02-18,2014,35.95802,-86.80257,False,0,0,0,,,,,,,,
100444155,Crashes_2010_2019_MPO,2014-02-18,2014,35.97926,-86.72521,True,0,0,0,,,,,,,,
100455920,Crashes_2010_2019_MPO,2014-02-19,2014,36.00639,-86.78853,True,0,0,0,,,,,,,,
100454941,Crashes_2010_2019_MPO,2014-02-19,2014,35.99156,-86.68383,False,0,0,0,,,,,,,,
100444851,Crashes_2010_2019_MPO,2014-02-19,2014,35.96586,-86.81404,False,0,0,0,,,,,,,,
100455176,Crashes_2010_2019_MPO,2014-02-19,2014,35.93071,-86.86381,False,0,0,0,,,,,,,,
100444830,Crashes_2010_2019_MPO,2014-02-19,2014,35.94804,-86.81931,False,0,0,0,,,,,,,,
100444712,Crashes_2010_2019_MPO,2014-02-19,2014,35.94656,-86.83141,False,0,0,0,,,,,,,,
100455999,Crashes_2010_2019_MPO,2014-02-19,2014,36.03619,-86.78709,True,0,0,0,,,,,,,,
100455220,Crashes_2010_2019_MPO,2014-02-20,2014,35.95172,-86.76612,True,0,0,0,,,,,,,,
100455280,Crashes_2010_2019_MPO,2014-02-20,2014,35.95584,-86.81143,False,0,0,0,,,,,,,,
100455026,Crashes_2010_2019_MPO,2014-02-20,2014,35.97242,-86.83388,False,0,0,0,,,,,,,,
100455348,Crashes_2010_2019_MPO,2014-02-20,2014,35.9915,-86.79883,True,0,0,0,,,,,,,,
100455316,Crashes_2010_2019_MPO,2014-02-20,2014,35.96994,-86.83605,False,0,0,0,,,,,,,,
100455237,Crashes_2010_2019_MPO,2014-02-20,2014,35.96142,-86.8126,False,0,0,0,,,,,,,,
100455108,Crashes_2010_2019_MPO,2014-02-20,2014,35.96382,-86.80841,False,0,0,0,,,,,,,,
100456327,Crashes_2010_2019_MPO,2014-02-21,2014,35.94677,-86.85185,False,0,0,0,,,,,,,,
100455707,Crashes_2010_2019_MPO,2014-02-21,2014,35.99658,-86.78926,True,0,0,0,,,,,,,,
100455515,Crashes_2010_2019_MPO,2014-02-21,2014,35.93725,-86.78603,False,0,0,0,,,,,,,,
100456160,Crashes_2010_2019_MPO,2014-02-22,2014,35.93021,-86.87586,False,0,0,0,,,,,,,,
100456417,Crashes_2010_2019_MPO,2014-02-23,2014,35.92954,-86.84187,False,0,0,0,,,,,,,,
100456680,Crashes_2010_2019_MPO,2014-02-24,2014,36.01284,-86.80082,True,0,0,1,,,,,,,,
100456761,Crashes_2010_2019_MPO,2014-02-24,2014,35.93193,-86.79397,False,0,0,0,,,,,,,,
100456692,Crashes_2010_2019_MPO,2014-02-24,2014,35.92823,-86.76738,False,0,0,0,,,,,,,,
100456875,Crashes_2010_2019_MPO,2014-02-24,2014,35.94468,-86.80929,False,0,0,0,,,,,,,,
100457059,Crashes_2010_2019_MPO,2014-02-24,2014,35.9812,-86.8461,False,0,0,0,,,,,,,,
100457218,Crashes_2010_2019_MPO,2014-02-25,2014,36.03377,-86.78742,True,0,0,0,,,,,,,,
100457260,Crashes_2010_2019_MPO,2014-02-25,2014,35.98076,-86.67835,False,0,0,1,,,,,,,,
100459287,Crashes_2010_2019_MPO,2014-02-25,2014,36.01689,-86.78609,True,0,0,0,,,,,,,,
100457563,Crashes_2010_2019_MPO,2014-02-25,2014,36.00417,-86.79083,True,0,0,1,,,,,,,,
100457296,Crashes_2010_2019_MPO,2014-02-25,2014,35.93621,-86.77424,False,0,0,0,,,,,,,,
100457752,Crashes_2010_2019_MPO,2014-02-26,2014,35.94511,-86.87821,False,0,0,0,,,,,,,,
100457697,Crashes_2010_2019_MPO,2014-02-26,2014,35.94463,-86.80908,False,0,0,0,,,,,,,,
100457487,Crashes_2010_2019_MPO,2014-02-26,2014,36.03319,-86.78761,True,0,0,0,,,,,,,,
100458090,Crashes_2010_2019_MPO,2014-02-26,2014,35.9254,-86.86851,False,0,0,0,,,,,,,,
100457528,Crashes_2010_2019_MPO,2014-02-26,2014,35.96708,-86.81356,True,0,0,0,,,,,,,,
100457713,Crashes_2010_2019_MPO,2014-02-26,2014,35.94531,-86.82307,False,0,0,0,,,,,,,,
100457741,Crashes_2010_2019_MPO,2014-02-26,2014,35.92547,-86.87275,False,0,0,0,,,,,,,,
100458122,Crashes_2010_2019_MPO,2014-02-27,2014,35.9551,-86.8259,False,0,0,0,,,,,,,,
100459376,Crashes_2010_2019_MPO,2014-02-27,2014,35.96852,-86.67763,False,0,0,0,,,,,,,,
100458234,Crashes_2010_2019_MPO,2014-02-27,2014,35.97764,-86.77681,True,0,0,0,,,,,,,,
100457986,Crashes_2010_2019_MPO,2014-02-27,2014,36.03446,-86.79319,True,0,0,0,,,,,,,,
100458121,Crashes_2010_2019_MPO,2014-02-27,2014,35.9561,-86.81716,False,0,0,0,,,,,,,,
100458144,Crashes_2010_2019_MPO,2014-02-27,2014,35.96705,-86.81341,True,0,0,0,,,,,,,,
100458123,Crashes_2010_2019_MPO,2014-02-27,2014,35.94761,-86.81992,False,0,0,0,,,,,,,,
100458337,Crashes_2010_2019_MPO,2014-02-27,2014,35.9354,-86.82528,False,0,0,0,,,,,,,,
100458355,Crashes_2010_2019_MPO,2014-02-28,2014,35.95265,-86.81229,False,0,0,0,,,,,,,,
100458514,Crashes_2010_2019_MPO,2014-02-28,2014,35.92682,-86.8244,False,0,0,0,,,,,,,,
100458556,Crashes_2010_2019_MPO,2014-02-28,2014,35.92762,-86.84229,False,0,0,0,,,,,,,,
100458907,Crashes_2010_2019_MPO,2014-02-28,2014,35.97776,-86.80359,True,0,0,0,,,,,,,,
100458544,Crashes_2010_2019_MPO,2014-02-28,2014,35.96464,-86.8148,True,0,0,0,,,,,,,,
100458245,Crashes_2010_2019_MPO,2014-02-28,2014,35.98325,-86.71739,True,0,0,0,,,,,,,,
100458334,Crashes_2010_2019_MPO,2014-02-28,2014,35.92818,-86.84217,False,0,0,0,,,,,,,,
100458969,Crashes_2010_2019_MPO,2014-03-01,2014,35.99315,-86.69646,True,0,0,0,,,,,,,,
100458740,Crashes_2010_2019_MPO,2014-03-01,2014,35.94069,-86.85653,False,0,0,0,,,,,,,,
100458871,Crashes_2010_2019_MPO,2014-03-01,2014,35.99315,-86.69646,True,0,0,0,,,,,,,,
100459242,Crashes_2010_2019_MPO,2014-03-02,2014,35.92282,-86.82284,False,0,0,0,,,,,,,,
100459382,Crashes_2010_2019_MPO,2014-03-03,2014,35.94711,-86.81099,False,0,0,0,,,,,,,,
100459417,Crashes_2010_2019_MPO,2014-03-03,2014,36.00565,-86.74282,True,0,0,0,,,,,,,,
100460037,Crashes_2010_2019_MPO,2014-03-03,2014,35.96411,-86.81063,False,0,0,0,,,,,,,,
100459474,Crashes_2010_2019_MPO,2014-03-03,2014,35.95157,-86.81291,False,0,0,0,,,,,,,,
100459507,Crashes_2010_2019_MPO,2014-03-03,2014,35.94718,-86.81104,False,0,0,0,,,,,,,,
100459384,Crashes_2010_2019_MPO,2014-03-03,2014,35.95376,-86.80431,False,0,0,0,,,,,,,,
100459427,Crashes_2010_2019_MPO,2014-03-03,2014,35.94766,-86.85112,False,0,0,0,,,,,,,,
100460116,Crashes_2010_2019_MPO,2014-03-04,2014,35.9715,-86.80818,True,0,0,0,,,,,,,,
100459967,Crashes_2010_2019_MPO,2014-03-04,2014,35.92534,-86.87302,False,0,0,0,,,,,,,,
100460230,Crashes_2010_2019_MPO,2014-03-04,2014,35.94491,-86.80899,False,0,0,0,,,,,,,,
100460285,Crashes_2010_2019_MPO,2014-03-04,2014,35.99669,-86.79704,True,0,0,0,,,,,,,,
100460229,Crashes_2010_2019_MPO,2014-03-04,2014,35.9626,-86.81514,False,0,0,0,,,,,,,,
100460242,Crashes_2010_2019_MPO,2014-03-04,2014,35.94694,-86.8116,False,0,0,0,,,,,,,,
100459931,Crashes_2010_2019_MPO,2014-03-04,2014,36.01616,-86.83062,True,0,0,0,,,,,,,,
100460053,Crashes_2010_2019_MPO,2014-03-04,2014,35.95723,-86.81662,False,0,0,0,,,,,,,,
100460070,Crashes_2010_2019_MPO,2014-03-04,2014,35.94575,-86.8238,False,0,1,0,,,,,,,,
100460493,Crashes_2010_2019_MPO,2014-03-05,2014,35.92276,-86.8697,False,0,0,0,,,,,,,,
100460659,Crashes_2010_2019_MPO,2014-03-05,2014,35.92953,-86.8647,False,0,0,0,,,,,,,,
100460816,Crashes_2010_2019_MPO,2014-03-05,2014,35.97709,-86.76291,True,0,0,1,,,,,,,,
100460657,Crashes_2010_2019_MPO,2014-03-05,2014,35.94555,-86.82774,False,0,0,0,,,,,,,,
10722690,Crashes_2010_2019_MPO,2014-03-05,2014,36.045707,-86.706323,False,0,0,0,,,,,,,,
100460459,Crashes_2010_2019_MPO,2014-03-05,2014,35.92788,-86.71754,False,0,0,0,,,,,,,,
100460364,Crashes_2010_2019_MPO,2014-03-05,2014,35.93127,-86.87695,False,0,0,0,,,,,,,,
100460658,Crashes_2010_2019_MPO,2014-03-05,2014,35.94882,-86.81966,False,0,0,0,,,,,,,,
100464090,Crashes_2010_2019_MPO,2014-03-05,2014,36.03989,-86.78132,False,0,0,0,,,,,,,,
100460952,Crashes_2010_2019_MPO,2014-03-06,2014,35.96708,-86.81356,True,0,0,0,,,,,,,,
100460954,Crashes_2010_2019_MPO,2014-03-06,2014,35.93503,-86.82175,False,0,0,0,,,,,,,,
100461100,Crashes_2010_2019_MPO,2014-03-06,2014,35.92616,-86.86781,False,0,0,0,,,,,,,,
100460982,Crashes_2010_2019_MPO,2014-03-06,2014,35.99894,-86.80817,True,0,0,0,,,,,,,,
100460973,Crashes_2010_2019_MPO,2014-03-06,2014,35.94334,-86.80979,False,0,0,0,,,,,,,,
100462954,Crashes_2010_2019_MPO,2014-03-06,2014,35.92435,-86.87294,False,0,0,0,,,,,,,,
100461030,Crashes_2010_2019_MPO,2014-03-06,2014,35.93732,-86.87883,False,0,0,0,,,,,,,,
100462983,Crashes_2010_2019_MPO,2014-03-06,2014,35.96508,-86.82234,True,0,0,0,,,,,,,,
100463452,Crashes_2010_2019_MPO,2014-03-07,2014,35.95482,-86.81451,False,0,0,0,,,,,,,,
100461630,Crashes_2010_2019_MPO,2014-03-07,2014,35.92837,-86.83283,False,0,0,0,,,,,,,,
100463720,Crashes_2010_2019_MPO,2014-03-07,2014,35.92648,-86.86629,False,0,0,0,,,,,,,,
100461566,Crashes_2010_2019_MPO,2014-03-07,2014,35.99661,-86.78951,True,0,0,0,,,,,,,,
100461350,Crashes_2010_2019_MPO,2014-03-07,2014,35.99626,-86.78653,True,0,0,0,,,,,,,,
100461301,Crashes_2010_2019_MPO,2014-03-07,2014,35.99702,-86.79293,True,0,0,0,,,,,,,,
100461604,Crashes_2010_2019_MPO,2014-03-07,2014,35.99615,-86.78546,True,0,0,0,,,,,,,,
100461360,Crashes_2010_2019_MPO,2014-03-07,2014,35.92558,-86.87102,False,0,0,0,,,,,,,,
100461936,Crashes_2010_2019_MPO,2014-03-08,2014,35.93581,-86.81814,False,0,0,0,,,,,,,,
100463438,Crashes_2010_2019_MPO,2014-03-08,2014,35.92954,-86.84187,False,0,0,0,,,,,,,,
100461938,Crashes_2010_2019_MPO,2014-03-08,2014,35.95211,-86.81841,False,0,0,0,,,,,,,,
100461854,Crashes_2010_2019_MPO,2014-03-08,2014,36.02606,-86.87904,False,0,1,0,,,,,,,,
100462538,Crashes_2010_2019_MPO,2014-03-08,2014,35.94583,-86.82515,False,0,0,0,,,,,,,,
100462085,Crashes_2010_2019_MPO,2014-03-08,2014,35.9259,-86.87306,False,0,0,0,,,,,,,,
100461689,Crashes_2010_2019_MPO,2014-03-08,2014,35.97276,-86.80556,True,0,0,0,,,,,,,,
100461861,Crashes_2010_2019_MPO,2014-03-08,2014,35.97214,-86.82679,True,0,0,0,,,,,,,,
100461937,Crashes_2010_2019_MPO,2014-03-08,2014,35.94603,-86.82371,False,0,0,0,,,,,,,,
100461935,Crashes_2010_2019_MPO,2014-03-08,2014,35.92529,-86.86916,False,0,0,0,,,,,,,,
100462285,Crashes_2010_2019_MPO,2014-03-09,2014,35.962,-86.81517,False,0,0,0,,,,,,,,
100462259,Crashes_2010_2019_MPO,2014-03-09,2014,35.94809,-86.81895,False,0,0,0,,,,,,,,
100462700,Crashes_2010_2019_MPO,2014-03-10,2014,35.94633,-86.80851,False,0,0,0,,,,,,,,
100462792,Crashes_2010_2019_MPO,2014-03-10,2014,35.94613,-86.82881,False,0,0,0,,,,,,,,
100462486,Crashes_2010_2019_MPO,2014-03-10,2014,36.01476,-86.81102,True,0,0,0,,,,,,,,
100462578,Crashes_2010_2019_MPO,2014-03-10,2014,36.03307,-86.78195,True,0,0,0,,,,,,,,
100462635,Crashes_2010_2019_MPO,2014-03-10,2014,35.94689,-86.85175,False,0,0,0,,,,,,,,
10722696,Crashes_2010_2019_MPO,2014-03-10,2014,36.049071,-86.714413,False,0,0,0,,,,,,,,
100462636,Crashes_2010_2019_MPO,2014-03-10,2014,35.93081,-86.86373,False,0,0,0,,,,,,,,
100462637,Crashes_2010_2019_MPO,2014-03-10,2014,36.00097,-86.80827,True,0,0,0,,,,,,,,
100463132,Crashes_2010_2019_MPO,2014-03-11,2014,35.9327,-86.78593,False,0,0,0,,,,,,,,
100463042,Crashes_2010_2019_MPO,2014-03-11,2014,35.95827,-86.84253,False,0,0,0,,,,,,,,
100463104,Crashes_2010_2019_MPO,2014-03-11,2014,35.97576,-86.83007,True,0,0,0,,,,,,,,
100463092,Crashes_2010_2019_MPO,2014-03-11,2014,36.00913,-86.7858,True,0,0,0,,,,,,,,
100462944,Crashes_2010_2019_MPO,2014-03-11,2014,35.95346,-86.81201,False,0,0,0,,,,,,,,
100463982,Crashes_2010_2019_MPO,2014-03-11,2014,35.97738,-86.80372,True,0,0,0,,,,,,,,
100463023,Crashes_2010_2019_MPO,2014-03-11,2014,35.93094,-86.85841,False,0,0,0,,,,,,,,
100462911,Crashes_2010_2019_MPO,2014-03-11,2014,35.98325,-86.71739,True,0,0,0,,,,,,,,
100463723,Crashes_2010_2019_MPO,2014-03-11,2014,35.94286,-86.80034,False,0,0,0,,,,,,,,
100463536,Crashes_2010_2019_MPO,2014-03-12,2014,35.93411,-86.81886,False,0,0,0,,,,,,,,
100463288,Crashes_2010_2019_MPO,2014-03-12,2014,35.9507,-86.76616,True,0,0,0,,,,,,,,
100463290,Crashes_2010_2019_MPO,2014-03-12,2014,35.97,-86.72496,True,0,0,0,,,,,,,,
100463523,Crashes_2010_2019_MPO,2014-03-12,2014,35.94222,-86.84184,False,0,0,0,,,,,,,,
100463278,Crashes_2010_2019_MPO,2014-03-12,2014,36.03066,-86.78358,True,0,0,0,,,,,,,,
100463605,Crashes_2010_2019_MPO,2014-03-12,2014,35.94766,-86.81973,False,0,0,0,,,,,,,,
100463503,Crashes_2010_2019_MPO,2014-03-12,2014,35.94896,-86.81961,False,0,0,0,,,,,,,,
100463535,Crashes_2010_2019_MPO,2014-03-12,2014,35.94706,-86.82191,False,0,0,0,,,,,,,,
100463693,Crashes_2010_2019_MPO,2014-03-13,2014,35.94676,-86.83175,False,0,0,0,,,,,,,,
100463757,Crashes_2010_2019_MPO,2014-03-13,2014,35.99766,-86.79756,True,0,0,0,,,,,,,,
100463875,Crashes_2010_2019_MPO,2014-03-13,2014,35.95078,-86.80645,False,0,0,0,,,,,,,,
100465383,Crashes_2010_2019_MPO,2014-03-13,2014,36.01683,-86.78607,True,0,0,0,,,,,,,,
100463686,Crashes_2010_2019_MPO,2014-03-13,2014,35.99782,-86.7989,True,0,0,0,,,,,,,,
100463789,Crashes_2010_2019_MPO,2014-03-13,2014,35.96312,-86.81899,True,0,0,0,,,,,,,,
100464168,Crashes_2010_2019_MPO,2014-03-14,2014,35.94594,-86.82334,False,0,0,0,,,,,,,,
100464160,Crashes_2010_2019_MPO,2014-03-14,2014,35.94536,-86.84805,False,0,0,0,,,,,,,,
100464070,Crashes_2010_2019_MPO,2014-03-14,2014,35.9744,-86.83204,True,0,0,0,,,,,,,,
100464295,Crashes_2010_2019_MPO,2014-03-14,2014,35.95416,-86.80401,False,0,0,0,,,,,,,,
100464042,Crashes_2010_2019_MPO,2014-03-14,2014,35.99644,-86.788,True,0,0,0,,,,,,,,
100464662,Crashes_2010_2019_MPO,2014-03-15,2014,35.94082,-86.83911,False,0,0,0,,,,,,,,
100464613,Crashes_2010_2019_MPO,2014-03-15,2014,35.9926,-86.68478,False,0,0,0,,,,,,,,
100464517,Crashes_2010_2019_MPO,2014-03-15,2014,36.03397,-86.80165,True,0,0,0,,,,,,,,
100465430,Crashes_2010_2019_MPO,2014-03-16,2014,35.95586,-86.875,False,0,0,0,,,,,,,,
100464995,Crashes_2010_2019_MPO,2014-03-16,2014,35.94534,-86.81962,False,0,0,0,,,,,,,,
100464849,Crashes_2010_2019_MPO,2014-03-16,2014,35.92342,-86.82247,False,0,0,0,,,,,,,,
100464912,Crashes_2010_2019_MPO,2014-03-16,2014,35.99107,-86.77834,True,0,0,0,,,,,,,,
100465491,Crashes_2010_2019_MPO,2014-03-17,2014,36.01289,-86.80078,True,0,0,0,,,,,,,,
100465230,Crashes_2010_2019_MPO,2014-03-17,2014,35.97776,-86.80359,True,0,0,0,,,,,,,,
100465215,Crashes_2010_2019_MPO,2014-03-17,2014,35.95394,-86.73925,True,0,0,0,,,,,,,,
100466658,Crashes_2010_2019_MPO,2014-03-18,2014,35.92954,-86.84187,False,0,0,0,,,,,,,,
100465813,Crashes_2010_2019_MPO,2014-03-18,2014,35.94489,-86.82843,False,0,0,0,,,,,,,,
100465815,Crashes_2010_2019_MPO,2014-03-18,2014,35.93356,-86.81837,False,0,0,0,,,,,,,,
100465797,Crashes_2010_2019_MPO,2014-03-18,2014,36.03336,-86.78872,True,0,0,0,,,,,,,,
100465931,Crashes_2010_2019_MPO,2014-03-18,2014,35.94686,-86.85162,False,0,0,0,,,,,,,,
100466027,Crashes_2010_2019_MPO,2014-03-19,2014,35.96117,-86.80194,True,0,0,0,,,,,,,,
100466178,Crashes_2010_2019_MPO,2014-03-19,2014,35.93291,-86.84741,False,0,0,0,,,,,,,,
100466210,Crashes_2010_2019_MPO,2014-03-19,2014,36.00535,-86.86639,False,0,0,0,,,,,,,,
100466036,Crashes_2010_2019_MPO,2014-03-19,2014,35.95202,-86.81736,False,0,0,0,,,,,,,,
100466739,Crashes_2010_2019_MPO,2014-03-20,2014,35.9475,-86.8197,False,0,0,0,,,,,,,,
100466397,Crashes_2010_2019_MPO,2014-03-20,2014,35.92471,-86.87219,False,0,0,0,,,,,,,,
100466601,Crashes_2010_2019_MPO,2014-03-20,2014,35.97135,-86.80687,True,0,0,0,,,,,,,,
100466391,Crashes_2010_2019_MPO,2014-03-20,2014,35.9583,-86.80229,False,0,0,0,,,,,,,,
100466575,Crashes_2010_2019_MPO,2014-03-20,2014,35.96269,-86.81138,False,0,0,0,,,,,,,,
100466389,Crashes_2010_2019_MPO,2014-03-20,2014,35.9337,-86.81761,False,0,0,0,,,,,,,,
100466429,Crashes_2010_2019_MPO,2014-03-20,2014,36.03326,-86.78494,True,0,0,0,,,,,,,,
100466666,Crashes_2010_2019_MPO,2014-03-20,2014,36.02303,-86.78659,True,0,0,0,,,,,,,,
100466771,Crashes_2010_2019_MPO,2014-03-21,2014,35.98437,-86.72434,True,0,0,0,,,,,,,,
100466994,Crashes_2010_2019_MPO,2014-03-21,2014,35.96672,-86.8113,True,0,0,0,,,,,,,,
100467388,Crashes_2010_2019_MPO,2014-03-22,2014,35.92387,-86.76681,False,0,0,0,,,,,,,,
100467308,Crashes_2010_2019_MPO,2014-03-22,2014,35.94188,-86.82239,False,0,0,0,,,,,,,,
100467628,Crashes_2010_2019_MPO,2014-03-23,2014,35.97132,-86.82465,True,0,0,0,,,,,,,,
100467992,Crashes_2010_2019_MPO,2014-03-24,2014,35.98306,-86.71974,True,0,0,0,,,,,,,,
100467813,Crashes_2010_2019_MPO,2014-03-24,2014,35.98256,-86.8207,True,0,0,0,,,,,,,,
100468040,Crashes_2010_2019_MPO,2014-03-24,2014,35.93749,-86.7692,False,0,0,0,,,,,,,,
100468057,Crashes_2010_2019_MPO,2014-03-24,2014,35.99749,-86.79477,True,0,0,0,,,,,,,,
100468055,Crashes_2010_2019_MPO,2014-03-24,2014,35.92317,-86.86747,False,0,0,0,,,,,,,,
100468198,Crashes_2010_2019_MPO,2014-03-24,2014,35.9346,-86.81964,False,0,0,0,,,,,,,,
100479497,Crashes_2010_2019_MPO,2014-03-25,2014,35.97413,-86.67835,False,0,0,1,,,,,,,,
100468395,Crashes_2010_2019_MPO,2014-03-25,2014,36.03421,-86.78314,True,0,0,0,,,,,,,,
100479023,Crashes_2010_2019_MPO,2014-03-25,2014,35.95214,-86.81803,False,0,0,0,,,,,,,,
100479036,Crashes_2010_2019_MPO,2014-03-25,2014,36.01697,-86.78637,True,0,0,0,,,,,,,,
100478825,Crashes_2010_2019_MPO,2014-03-26,2014,36.01625,-86.78591,True,0,0,0,,,,,,,,
100468525,Crashes_2010_2019_MPO,2014-03-26,2014,35.96423,-86.78595,True,0,0,0,,,,,,,,
100468516,Crashes_2010_2019_MPO,2014-03-26,2014,35.94689,-86.85175,False,0,0,1,,,,,,,,
100478848,Crashes_2010_2019_MPO,2014-03-26,2014,35.92541,-86.87286,False,0,0,0,,,,,,,,
100478788,Crashes_2010_2019_MPO,2014-03-26,2014,35.96727,-86.81398,True,0,0,0,,,,,,,,
100468728,Crashes_2010_2019_MPO,2014-03-26,2014,35.94064,-86.83238,False,0,0,0,,,,,,,,
100479025,Crashes_2010_2019_MPO,2014-03-27,2014,35.94629,-86.84992,False,0,0,0,,,,,,,,
100479625,Crashes_2010_2019_MPO,2014-03-28,2014,35.93557,-86.83926,False,0,0,0,,,,,,,,
100479518,Crashes_2010_2019_MPO,2014-03-28,2014,35.92699,-86.87384,False,0,0,1,,,,,,,,