record_no,source_layer,collision_ts,crash_year,latitude,longitude,in_city,fatalities,non_motorists,truck_involved,serious_injuries,pedestrian,bicycle,crash_type,manner_of_collision,lighting,weather,first_harmful_event
100479414,Crashes_2010_2019_MPO,2014-03-28,2014,35.99781,-86.79885,True,0,0,0,,,,,,,,
100479506,Crashes_2010_2019_MPO,2014-03-28,2014,35.93004,-86.8204,False,0,0,0,,,,,,,,
100479592,Crashes_2010_2019_MPO,2014-03-28,2014,35.9593,-86.80186,False,0,0,0,,,,,,,,
100480585,Crashes_2010_2019_MPO,2014-03-29,2014,36.03336,-86.78872,True,0,0,0,,,,,,,,
100479948,Crashes_2010_2019_MPO,2014-03-29,2014,35.9448,-86.81342,False,0,0,0,,,,,,,,
100480742,Crashes_2010_2019_MPO,2014-03-29,2014,35.99201,-86.79866,True,0,0,0,,,,,,,,
100480507,Crashes_2010_2019_MPO,2014-03-30,2014,35.93985,-86.87951,False,0,0,0,,,,,,,,
100484063,Crashes_2010_2019_MPO,2014-03-30,2014,35.96849,-86.81911,True,0,0,0,,,,,,,,
100480528,Crashes_2010_2019_MPO,2014-03-31,2014,35.94068,-86.83938,False,0,0,0,,,,,,,,
100480587,Crashes_2010_2019_MPO,2014-03-31,2014,36.03552,-86.78747,True,0,0,0,,,,,,,,
100480467,Crashes_2010_2019_MPO,2014-03-31,2014,35.96382,-86.80841,False,0,0,0,,,,,,,,
100480442,Crashes_2010_2019_MPO,2014-03-31,2014,35.96665,-86.80928,True,0,0,0,,,,,,,,
100480646,Crashes_2010_2019_MPO,2014-03-31,2014,35.96382,-86.80841,False,0,0,0,,,,,,,,
100480624,Crashes_2010_2019_MPO,2014-03-31,2014,36.02395,-86.81964,True,0,0,0,,,,,,,,
100480799,Crashes_2010_2019_MPO,2014-04-01,2014,35.99742,-86.79455,True,0,0,0,,,,,,,,
100481404,Crashes_2010_2019_MPO,2014-04-01,2014,35.95068,-86.84863,False,0,0,0,,,,,,,,
100481746,Crashes_2010_2019_MPO,2014-04-01,2014,35.92541,-86.86733,False,0,0,0,,,,,,,,
100481180,Crashes_2010_2019_MPO,2014-04-01,2014,35.95864,-86.80445,False,0,0,0,,,,,,,,
100481498,Crashes_2010_2019_MPO,2014-04-01,2014,36.02321,-86.7865,True,0,0,0,,,,,,,,
100481241,Crashes_2010_2019_MPO,2014-04-02,2014,35.94632,-86.8236,False,0,0,0,,,,,,,,
100481858,Crashes_2010_2019_MPO,2014-04-02,2014,35.95878,-86.80441,False,0,0,0,,,,,,,,
100481779,Crashes_2010_2019_MPO,2014-04-02,2014,35.96671,-86.80985,True,0,0,0,,,,,,,,
100481394,Crashes_2010_2019_MPO,2014-04-02,2014,35.92415,-86.87179,False,0,0,0,,,,,,,,
100481454,Crashes_2010_2019_MPO,2014-04-02,2014,35.93873,-86.82061,False,0,0,0,,,,,,,,
100481294,Crashes_2010_2019_MPO,2014-04-02,2014,35.93461,-86.82012,False,0,0,0,,,,,,,,
100481689,Crashes_2010_2019_MPO,2014-04-02,2014,35.93467,-86.83974,False,0,0,0,,,,,,,,
100481183,Crashes_2010_2019_MPO,2014-04-02,2014,35.98437,-86.72434,True,0,0,0,,,,,,,,
100481718,Crashes_2010_2019_MPO,2014-04-03,2014,35.99551,-86.77889,True,0,0,0,,,,,,,,
100481874,Crashes_2010_2019_MPO,2014-04-03,2014,35.94589,-86.80866,False,0,0,0,,,,,,,,
100481780,Crashes_2010_2019_MPO,2014-04-03,2014,35.92911,-86.83869,False,0,0,0,,,,,,,,
100481537,Crashes_2010_2019_MPO,2014-04-03,2014,35.9976,-86.79671,True,0,0,0,,,,,,,,
100482173,Crashes_2010_2019_MPO,2014-04-03,2014,35.94638,-86.8087,False,0,0,0,,,,,,,,
100482061,Crashes_2010_2019_MPO,2014-04-03,2014,36.0303,-86.7904,True,0,0,0,,,,,,,,
100482734,Crashes_2010_2019_MPO,2014-04-03,2014,35.93812,-86.68705,False,0,0,0,,,,,,,,
100481838,Crashes_2010_2019_MPO,2014-04-03,2014,35.92907,-86.83846,False,0,0,0,,,,,,,,
100481889,Crashes_2010_2019_MPO,2014-04-03,2014,35.99614,-86.78544,True,0,0,0,,,,,,,,
100481919,Crashes_2010_2019_MPO,2014-04-03,2014,35.96704,-86.6769,False,0,0,0,,,,,,,,
100484099,Crashes_2010_2019_MPO,2014-04-04,2014,36.00195,-86.75473,True,0,0,0,,,,,,,,
100482019,Crashes_2010_2019_MPO,2014-04-04,2014,35.92355,-86.82261,False,0,0,0,,,,,,,,
100483593,Crashes_2010_2019_MPO,2014-04-04,2014,35.95116,-86.80776,False,0,0,0,,,,,,,,
100482017,Crashes_2010_2019_MPO,2014-04-04,2014,35.92282,-86.82284,False,0,0,0,,,,,,,,
100482531,Crashes_2010_2019_MPO,2014-04-05,2014,36.01856,-86.82086,True,0,0,0,,,,,,,,
100482538,Crashes_2010_2019_MPO,2014-04-05,2014,35.92547,-86.87275,False,0,0,0,,,,,,,,
100498859,Crashes_2010_2019_MPO,2014-04-05,2014,35.93353,-86.77982,False,0,0,0,,,,,,,,
100483269,Crashes_2010_2019_MPO,2014-04-05,2014,35.94686,-86.85162,False,0,0,0,,,,,,,,
100482577,Crashes_2010_2019_MPO,2014-04-05,2014,35.9474,-86.81989,False,0,0,0,,,,,,,,
100483065,Crashes_2010_2019_MPO,2014-04-06,2014,35.97764,-86.77681,True,0,0,1,,,,,,,,
100483250,Crashes_2010_2019_MPO,2014-04-07,2014,35.92594,-86.87742,False,0,0,0,,,,,,,,
100483780,Crashes_2010_2019_MPO,2014-04-07,2014,35.97303,-86.83015,True,0,0,0,,,,,,,,
100483862,Crashes_2010_2019_MPO,2014-04-08,2014,36.00378,-86.80686,True,0,0,0,,,,,,,,
100483881,Crashes_2010_2019_MPO,2014-04-08,2014,35.94808,-86.82207,False,0,0,0,,,,,,,,
100483874,Crashes_2010_2019_MPO,2014-04-08,2014,36.03679,-86.81486,True,0,0,0,,,,,,,,
100483952,Crashes_2010_2019_MPO,2014-04-08,2014,35.96595,-86.80315,True,0,0,0,,,,,,,,
100483848,Crashes_2010_2019_MPO,2014-04-08,2014,35.95584,-86.83117,False,0,0,0,,,,,,,,
100483945,Crashes_2010_2019_MPO,2014-04-08,2014,35.96741,-86.83771,False,0,0,0,,,,,,,,
100483614,Crashes_2010_2019_MPO,2014-04-08,2014,35.99745,-86.79459,True,0,0,0,,,,,,,,
100483716,Crashes_2010_2019_MPO,2014-04-08,2014,35.92474,-86.87429,False,0,0,0,,,,,,,,
100484287,Crashes_2010_2019_MPO,2014-04-09,2014,35.95085,-86.80667,False,0,0,0,,,,,,,,
100484319,Crashes_2010_2019_MPO,2014-04-09,2014,35.94435,-86.84607,False,0,0,0,,,,,,,,
100484323,Crashes_2010_2019_MPO,2014-04-09,2014,35.97332,-86.83308,True,0,0,0,,,,,,,,
100484260,Crashes_2010_2019_MPO,2014-04-09,2014,35.94454,-86.82738,False,0,0,0,,,,,,,,
100484178,Crashes_2010_2019_MPO,2014-04-09,2014,35.96665,-86.80938,True,0,0,0,,,,,,,,
100484815,Crashes_2010_2019_MPO,2014-04-10,2014,35.93896,-86.82152,False,0,0,0,,,,,,,,
100484596,Crashes_2010_2019_MPO,2014-04-10,2014,35.9774,-86.84057,False,0,0,0,,,,,,,,
100484601,Crashes_2010_2019_MPO,2014-04-10,2014,36.01625,-86.78591,True,0,0,0,,,,,,,,
100484814,Crashes_2010_2019_MPO,2014-04-10,2014,35.94087,-86.83171,False,0,0,0,,,,,,,,
100485322,Crashes_2010_2019_MPO,2014-04-10,2014,35.9987,-86.80651,True,0,0,0,,,,,,,,
100484586,Crashes_2010_2019_MPO,2014-04-10,2014,35.93333,-86.86184,False,0,0,0,,,,,,,,
100484574,Crashes_2010_2019_MPO,2014-04-10,2014,35.93231,-86.81158,False,0,0,0,,,,,,,,
100484578,Crashes_2010_2019_MPO,2014-04-10,2014,36.01689,-86.78609,True,0,0,0,,,,,,,,
100484669,Crashes_2010_2019_MPO,2014-04-10,2014,35.99946,-86.80907,True,0,0,0,,,,,,,,
100485487,Crashes_2010_2019_MPO,2014-04-10,2014,35.92951,-86.84313,False,0,0,0,,,,,,,,
100484579,Crashes_2010_2019_MPO,2014-04-10,2014,35.96592,-86.80287,True,0,0,1,,,,,,,,
100484990,Crashes_2010_2019_MPO,2014-04-10,2014,35.99004,-86.74527,True,0,0,0,,,,,,,,
100485508,Crashes_2010_2019_MPO,2014-04-11,2014,35.94687,-86.82178,False,0,0,0,,,,,,,,
100484934,Crashes_2010_2019_MPO,2014-04-11,2014,35.93694,-86.87873,False,0,0,0,,,,,,,,
100485072,Crashes_2010_2019_MPO,2014-04-11,2014,35.94761,-86.81992,False,0,0,0,,,,,,,,
100485482,Crashes_2010_2019_MPO,2014-04-11,2014,35.9772,-86.87621,False,0,0,0,,,,,,,,
100484906,Crashes_2010_2019_MPO,2014-04-11,2014,35.96701,-86.81212,True,0,0,0,,,,,,,,
100484886,Crashes_2010_2019_MPO,2014-04-11,2014,35.9325,-86.80529,False,0,0,0,,,,,,,,
100485236,Crashes_2010_2019_MPO,2014-04-11,2014,35.94677,-86.85185,False,0,0,0,,,,,,,,
100485370,Crashes_2010_2019_MPO,2014-04-12,2014,35.92923,-86.84511,False,0,0,0,,,,,,,,
100485548,Crashes_2010_2019_MPO,2014-04-12,2014,35.95213,-86.81617,False,0,0,0,,,,,,,,
100485266,Crashes_2010_2019_MPO,2014-04-12,2014,36.02512,-86.7854,True,0,0,0,,,,,,,,
100486075,Crashes_2010_2019_MPO,2014-04-12,2014,35.956,-86.86606,False,0,0,0,,,,,,,,
100486300,Crashes_2010_2019_MPO,2014-04-13,2014,35.93227,-86.87713,False,0,0,0,,,,,,,,
100485978,Crashes_2010_2019_MPO,2014-04-13,2014,35.93095,-86.84159,False,0,0,0,,,,,,,,
100485717,Crashes_2010_2019_MPO,2014-04-13,2014,35.94692,-86.81452,False,0,0,0,,,,,,,,
100486136,Crashes_2010_2019_MPO,2014-04-14,2014,35.986,-86.73529,True,0,0,0,,,,,,,,
100486722,Crashes_2010_2019_MPO,2014-04-14,2014,35.99644,-86.788,True,0,0,0,,,,,,,,
100486451,Crashes_2010_2019_MPO,2014-04-14,2014,35.96077,-86.8126,False,0,0,0,,,,,,,,
100486916,Crashes_2010_2019_MPO,2014-04-14,2014,35.93561,-86.82388,False,0,0,0,,,,,,,,
100486139,Crashes_2010_2019_MPO,2014-04-14,2014,35.93063,-86.86387,False,0,0,0,,,,,,,,
100486381,Crashes_2010_2019_MPO,2014-04-14,2014,35.94585,-86.84897,False,0,0,0,,,,,,,,
100487043,Crashes_2010_2019_MPO,2014-04-15,2014,35.94563,-86.80627,False,0,0,0,,,,,,,,
100486545,Crashes_2010_2019_MPO,2014-04-15,2014,35.94294,-86.84328,False,0,0,0,,,,,,,,
100486844,Crashes_2010_2019_MPO,2014-04-15,2014,35.96382,-86.80841,False,0,0,0,,,,,,,,
100486704,Crashes_2010_2019_MPO,2014-04-15,2014,36.02718,-86.76872,True,0,0,1,,,,,,,,
100497289,Crashes_2010_2019_MPO,2014-04-16,2014,35.99755,-86.79662,True,0,0,0,,,,,,,,
100497475,Crashes_2010_2019_MPO,2014-04-16,2014,35.9368,-86.69649,False,0,0,0,,,,,,,,
100497750,Crashes_2010_2019_MPO,2014-04-16,2014,36.01756,-86.78654,True,0,0,0,,,,,,,,
100487109,Crashes_2010_2019_MPO,2014-04-16,2014,35.97206,-86.8058,True,0,0,0,,,,,,,,
100487287,Crashes_2010_2019_MPO,2014-04-16,2014,35.97878,-86.75281,True,0,0,0,,,,,,,,
100487223,Crashes_2010_2019_MPO,2014-04-16,2014,35.92923,-86.85318,False,0,0,0,,,,,,,,
100487252,Crashes_2010_2019_MPO,2014-04-16,2014,35.95078,-86.80645,False,0,0,0,,,,,,,,
100497531,Crashes_2010_2019_MPO,2014-04-17,2014,35.94825,-86.80872,False,0,0,0,,,,,,,,
100497641,Crashes_2010_2019_MPO,2014-04-17,2014,35.94147,-86.82109,False,0,0,0,,,,,,,,
100497754,Crashes_2010_2019_MPO,2014-04-17,2014,35.97248,-86.67846,False,0,0,0,,,,,,,,
100497417,Crashes_2010_2019_MPO,2014-04-17,2014,35.96116,-86.76535,True,0,0,0,,,,,,,,
100498291,Crashes_2010_2019_MPO,2014-04-17,2014,35.93732,-86.87883,False,0,0,0,,,,,,,,
100497640,Crashes_2010_2019_MPO,2014-04-17,2014,35.94686,-86.82181,False,0,0,0,,,,,,,,
100497442,Crashes_2010_2019_MPO,2014-04-17,2014,35.92547,-86.87275,False,0,0,0,,,,,,,,
100497468,Crashes_2010_2019_MPO,2014-04-17,2014,35.99935,-86.80913,True,0,0,0,,,,,,,,
100497832,Crashes_2010_2019_MPO,2014-04-18,2014,35.9976,-86.79706,True,0,0,0,,,,,,,,
100498104,Crashes_2010_2019_MPO,2014-04-18,2014,35.9343,-86.82196,False,0,0,0,,,,,,,,
100498085,Crashes_2010_2019_MPO,2014-04-18,2014,35.92985,-86.84181,False,0,0,0,,,,,,,,
100497893,Crashes_2010_2019_MPO,2014-04-18,2014,35.95639,-86.81702,False,0,0,0,,,,,,,,
100497947,Crashes_2010_2019_MPO,2014-04-18,2014,35.93188,-86.86293,False,0,0,0,,,,,,,,
100498687,Crashes_2010_2019_MPO,2014-04-19,2014,35.99293,-86.69311,True,0,0,0,,,,,,,,
100498206,Crashes_2010_2019_MPO,2014-04-19,2014,35.99733,-86.70331,True,0,0,0,,,,,,,,
100498656,Crashes_2010_2019_MPO,2014-04-19,2014,35.96708,-86.81356,True,0,0,0,,,,,,,,
100498618,Crashes_2010_2019_MPO,2014-04-20,2014,36.03322,-86.78532,True,0,0,0,,,,,,,,
100498811,Crashes_2010_2019_MPO,2014-04-20,2014,36.01289,-86.80078,True,0,0,0,,,,,,,,
100498755,Crashes_2010_2019_MPO,2014-04-20,2014,35.94159,-86.85591,False,0,0,0,,,,,,,,
100499051,Crashes_2010_2019_MPO,2014-04-21,2014,35.92924,-86.83968,False,0,0,0,,,,,,,,
100500787,Crashes_2010_2019_MPO,2014-04-21,2014,35.99306,-86.79829,True,0,0,1,,,,,,,,
100499263,Crashes_2010_2019_MPO,2014-04-21,2014,35.99621,-86.78603,True,0,0,0,,,,,,,,
100499523,Crashes_2010_2019_MPO,2014-04-21,2014,35.93841,-86.8277,False,0,0,0,,,,,,,,
100499089,Crashes_2010_2019_MPO,2014-04-21,2014,35.95257,-86.6841,False,0,0,0,,,,,,,,
100498864,Crashes_2010_2019_MPO,2014-04-21,2014,35.9584,-86.76716,True,0,0,0,,,,,,,,
100499312,Crashes_2010_2019_MPO,2014-04-21,2014,35.94804,-86.81927,False,0,0,0,,,,,,,,
100499246,Crashes_2010_2019_MPO,2014-04-21,2014,35.9325,-86.86245,False,0,0,0,,,,,,,,
100499104,Crashes_2010_2019_MPO,2014-04-21,2014,35.99107,-86.77834,True,0,0,0,,,,,,,,
100499070,Crashes_2010_2019_MPO,2014-04-21,2014,35.94889,-86.80745,False,0,0,0,,,,,,,,
100500262,Crashes_2010_2019_MPO,2014-04-21,2014,35.94392,-86.80706,False,0,0,0,,,,,,,,
100499610,Crashes_2010_2019_MPO,2014-04-22,2014,35.96697,-86.67686,False,0,0,0,,,,,,,,
100499541,Crashes_2010_2019_MPO,2014-04-22,2014,36.03742,-86.7873,False,0,0,0,,,,,,,,
100499582,Crashes_2010_2019_MPO,2014-04-22,2014,35.92836,-86.83266,False,0,0,0,,,,,,,,
100499462,Crashes_2010_2019_MPO,2014-04-22,2014,35.96312,-86.81084,False,0,0,0,,,,,,,,
100499557,Crashes_2010_2019_MPO,2014-04-22,2014,35.97878,-86.75281,True,0,0,0,,,,,,,,
100500140,Crashes_2010_2019_MPO,2014-04-22,2014,36.03583,-86.87246,False,0,0,0,,,,,,,,
100499394,Crashes_2010_2019_MPO,2014-04-22,2014,35.94951,-86.8193,False,0,0,0,,,,,,,,
100499740,Crashes_2010_2019_MPO,2014-04-23,2014,35.99772,-86.79469,True,0,0,0,,,,,,,,
100499938,Crashes_2010_2019_MPO,2014-04-23,2014,35.94415,-86.84567,False,0,0,0,,,,,,,,
100499750,Crashes_2010_2019_MPO,2014-04-23,2014,35.99403,-86.76266,True,0,0,0,,,,,,,,
100499943,Crashes_2010_2019_MPO,2014-04-23,2014,35.93045,-86.82422,False,0,0,0,,,,,,,,
100499839,Crashes_2010_2019_MPO,2014-04-23,2014,35.96312,-86.81899,True,0,0,0,,,,,,,,
100499986,Crashes_2010_2019_MPO,2014-04-23,2014,35.98642,-86.80058,True,0,0,0,,,,,,,,
100499749,Crashes_2010_2019_MPO,2014-04-23,2014,36.03319,-86.78761,True,0,0,0,,,,,,,,
100500152,Crashes_2010_2019_MPO,2014-04-24,2014,35.94794,-86.86186,False,0,0,0,,,,,,,,
100500527,Crashes_2010_2019_MPO,2014-04-24,2014,36.02479,-86.78559,True,0,0,0,,,,,,,,
100500337,Crashes_2010_2019_MPO,2014-04-24,2014,35.96515,-86.81413,False,0,0,0,,,,,,,,
100500252,Crashes_2010_2019_MPO,2014-04-24,2014,35.92278,-86.87401,False,0,0,0,,,,,,,,
100500320,Crashes_2010_2019_MPO,2014-04-24,2014,35.93546,-86.82377,False,0,0,0,,,,,,,,
100502508,Crashes_2010_2019_MPO,2014-04-24,2014,36.03419,-86.87379,False,0,0,0,,,,,,,,
100500213,Crashes_2010_2019_MPO,2014-04-24,2014,36.036827,-86.81492,True,0,0,0,,,,,,,,
100500257,Crashes_2010_2019_MPO,2014-04-24,2014,35.96481,-86.76401,True,0,0,0,,,,,,,,
100500211,Crashes_2010_2019_MPO,2014-04-24,2014,35.92391,-86.87162,False,0,0,0,,,,,,,,
100500319,Crashes_2010_2019_MPO,2014-04-24,2014,35.95785,-86.80256,False,0,0,0,,,,,,,,
100503516,Crashes_2010_2019_MPO,2014-04-25,2014,35.92776,-86.86564,False,0,0,0,,,,,,,,
100501360,Crashes_2010_2019_MPO,2014-04-25,2014,35.92924,-86.83968,False,0,0,0,,,,,,,,
100500557,Crashes_2010_2019_MPO,2014-04-25,2014,36.024147,-86.785727,True,0,0,0,,,,,,,,
100500761,Crashes_2010_2019_MPO,2014-04-25,2014,35.9261,-86.8714,False,0,0,0,,,,,,,,
100500704,Crashes_2010_2019_MPO,2014-04-25,2014,35.96507,-86.795,True,0,0,0,,,,,,,,
100501048,Crashes_2010_2019_MPO,2014-04-26,2014,35.92547,-86.87275,False,0,0,0,,,,,,,,
100501281,Crashes_2010_2019_MPO,2014-04-26,2014,35.9445,-86.81295,False,0,0,0,,,,,,,,
100501143,Crashes_2010_2019_MPO,2014-04-26,2014,35.96486,-86.81439,False,0,0,0,,,,,,,,
100501725,Crashes_2010_2019_MPO,2014-04-26,2014,36.02239,-86.78713,True,0,0,0,,,,,,,,
100501480,Crashes_2010_2019_MPO,2014-04-27,2014,35.94961,-86.81404,False,0,0,0,,,,,,,,
100501906,Crashes_2010_2019_MPO,2014-04-27,2014,35.92842,-86.83093,False,0,0,0,,,,,,,,
100501848,Crashes_2010_2019_MPO,2014-04-27,2014,35.96877,-86.80694,True,0,0,0,,,,,,,,
100501943,Crashes_2010_2019_MPO,2014-04-27,2014,35.96501,-86.72745,True,0,0,0,,,,,,,,
100501970,Crashes_2010_2019_MPO,2014-04-27,2014,35.96681,-86.81364,True,0,0,0,,,,,,,,
100501292,Crashes_2010_2019_MPO,2014-04-27,2014,36.0059,-86.8627,False,0,0,0,,,,,,,,
100501868,Crashes_2010_2019_MPO,2014-04-28,2014,35.93776,-86.82825,False,0,0,0,,,,,,,,
100543585,Crashes_2010_2019_MPO,2014-04-28,2014,36.0156,-86.70514,False,0,0,0,,,,,,,,
100504836,Crashes_2010_2019_MPO,2014-04-28,2014,35.92702,-86.76726,False,0,0,0,,,,,,,,
100502160,Crashes_2010_2019_MPO,2014-04-28,2014,36.01526,-86.81556,True,0,0,0,,,,,,,,
100502130,Crashes_2010_2019_MPO,2014-04-28,2014,36.03513,-86.80579,True,0,0,0,,,,,,,,
100501803,Crashes_2010_2019_MPO,2014-04-28,2014,35.93283,-86.8774,False,0,0,0,,,,,,,,
100502073,Crashes_2010_2019_MPO,2014-04-28,2014,36.02257,-86.7868,True,0,0,0,,,,,,,,
100502178,Crashes_2010_2019_MPO,2014-04-28,2014,35.95593,-86.84442,False,0,0,0,,,,,,,,
100502269,Crashes_2010_2019_MPO,2014-04-29,2014,35.95803,-86.81637,False,0,0,0,,,,,,,,
100502419,Crashes_2010_2019_MPO,2014-04-29,2014,35.9972,-86.79391,True,0,0,0,,,,,,,,
100502282,Crashes_2010_2019_MPO,2014-04-29,2014,35.95078,-86.80645,False,0,0,0,,,,,,,,
100502471,Crashes_2010_2019_MPO,2014-04-29,2014,35.95548,-86.81156,False,0,0,0,,,,,,,,
100502170,Crashes_2010_2019_MPO,2014-04-29,2014,35.94784,-86.81975,False,0,0,0,,,,,,,,
100502470,Crashes_2010_2019_MPO,2014-04-29,2014,35.95328,-86.81232,False,0,0,0,,,,,,,,
100502686,Crashes_2010_2019_MPO,2014-04-30,2014,35.97828,-86.79073,True,0,1,1,,,,,,,,
100502954,Crashes_2010_2019_MPO,2014-04-30,2014,35.94248,-86.79976,False,0,0,0,,,,,,,,
100502916,Crashes_2010_2019_MPO,2014-04-30,2014,36.03798,-86.79898,False,0,0,0,,,,,,,,
100502757,Crashes_2010_2019_MPO,2014-04-30,2014,35.92963,-86.82269,False,0,0,0,,,,,,,,
100502747,Crashes_2010_2019_MPO,2014-04-30,2014,35.9261,-86.8714,False,0,0,0,,,,,,,,
100502723,Crashes_2010_2019_MPO,2014-04-30,2014,36.03521,-86.78691,True,0,0,0,,,,,,,,
100502624,Crashes_2010_2019_MPO,2014-04-30,2014,35.99743,-86.79556,True,0,0,0,,,,,,,,
100503102,Crashes_2010_2019_MPO,2014-05-01,2014,35.92884,-86.83681,False,0,0,0,,,,,,,,
100503172,Crashes_2010_2019_MPO,2014-05-01,2014,35.94202,-86.82058,False,0,0,0,,,,,,,,
100502941,Crashes_2010_2019_MPO,2014-05-01,2014,35.99004,-86.74527,True,0,0,0,,,,,,,,
100503160,Crashes_2010_2019_MPO,2014-05-01,2014,35.96174,-86.80177,True,0,0,0,,,,,,,,
100503163,Crashes_2010_2019_MPO,2014-05-01,2014,35.93564,-86.86013,False,0,0,0,,,,,,,,
100504014,Crashes_2010_2019_MPO,2014-05-02,2014,35.93193,-86.79397,False,0,0,0,,,,,,,,
100503458,Crashes_2010_2019_MPO,2014-05-02,2014,35.99156,-86.79881,True,0,0,0,,,,,,,,
100503639,Crashes_2010_2019_MPO,2014-05-02,2014,35.96577,-86.82065,True,0,0,0,,,,,,,,
100506505,Crashes_2010_2019_MPO,2014-05-02,2014,36.03904,-86.78273,False,0,0,0,,,,,,,,
100503734,Crashes_2010_2019_MPO,2014-05-02,2014,35.95085,-86.80667,False,0,0,0,,,,,,,,
100504061,Crashes_2010_2019_MPO,2014-05-02,2014,35.9263,-86.76719,False,0,0,1,,,,,,,,
100504961,Crashes_2010_2019_MPO,2014-05-02,2014,36.01717,-86.78617,True,0,0,0,,,,,,,,
100504263,Crashes_2010_2019_MPO,2014-05-03,2014,35.94573,-86.81945,False,0,0,0,,,,,,,,
100504247,Crashes_2010_2019_MPO,2014-05-03,2014,35.96518,-86.80021,True,0,0,0,,,,,,,,
100504015,Crashes_2010_2019_MPO,2014-05-03,2014,35.95036,-86.84888,False,0,0,0,,,,,,,,
100504110,Crashes_2010_2019_MPO,2014-05-03,2014,36.01249,-86.80111,True,0,0,0,,,,,,,,
100503897,Crashes_2010_2019_MPO,2014-05-03,2014,35.99294,-86.69444,True,0,0,0,,,,,,,,
100504016,Crashes_2010_2019_MPO,2014-05-03,2014,35.92846,-86.83378,False,0,0,0,,,,,,,,
100504341,Crashes_2010_2019_MPO,2014-05-04,2014,35.96849,-86.81911,True,0,0,0,,,,,,,,
100504907,Crashes_2010_2019_MPO,2014-05-05,2014,35.94314,-86.84367,False,0,0,0,,,,,,,,
100504764,Crashes_2010_2019_MPO,2014-05-05,2014,36.02395,-86.81964,True,0,0,0,,,,,,,,
100563280,Crashes_2010_2019_MPO,2014-05-05,2014,36.04549,-86.71233,False,0,1,0,,,,,,,,
100505113,Crashes_2010_2019_MPO,2014-05-05,2014,35.93581,-86.81814,False,0,0,1,,,,,,,,
100508698,Crashes_2010_2019_MPO,2014-05-05,2014,35.99665,-86.78986,True,0,0,0,,,,,,,,
100505265,Crashes_2010_2019_MPO,2014-05-06,2014,35.95859,-86.83145,False,0,0,0,,,,,,,,
100505861,Crashes_2010_2019_MPO,2014-05-06,2014,35.9976,-86.7967,True,0,0,0,,,,,,,,
100505140,Crashes_2010_2019_MPO,2014-05-06,2014,36.01482,-86.7855,True,0,0,0,,,,,,,,
100505142,Crashes_2010_2019_MPO,2014-05-06,2014,36.03614,-86.79516,True,0,0,0,,,,,,,,
100505461,Crashes_2010_2019_MPO,2014-05-06,2014,35.98398,-86.6992,True,0,0,0,,,,,,,,
100505339,Crashes_2010_2019_MPO,2014-05-06,2014,35.99102,-86.75176,True,0,0,0,,,,,,,,
100505772,Crashes_2010_2019_MPO,2014-05-07,2014,36.03521,-86.78691,True,0,0,0,,,,,,,,
100505526,Crashes_2010_2019_MPO,2014-05-07,2014,35.93356,-86.81837,False,0,0,0,,,,,,,,
100505614,Crashes_2010_2019_MPO,2014-05-07,2014,35.92761,-86.87249,False,0,0,0,,,,,,,,
100506463,Crashes_2010_2019_MPO,2014-05-07,2014,35.97175,-86.83446,False,0,0,0,,,,,,,,
100505512,Crashes_2010_2019_MPO,2014-05-07,2014,35.99709,-86.79333,True,0,0,0,,,,,,,,
100505836,Crashes_2010_2019_MPO,2014-05-07,2014,35.98926,-86.70376,True,0,0,0,,,,,,,,
100506211,Crashes_2010_2019_MPO,2014-05-08,2014,35.96715,-86.81399,True,0,0,0,,,,,,,,
100506049,Crashes_2010_2019_MPO,2014-05-08,2014,35.95993,-86.80204,False,0,0,0,,,,,,,,
100506709,Crashes_2010_2019_MPO,2014-05-08,2014,35.94353,-86.81045,False,0,0,0,,,,,,,,
100506160,Crashes_2010_2019_MPO,2014-05-08,2014,35.95878,-86.816,False,0,0,0,,,,,,,,
100506000,Crashes_2010_2019_MPO,2014-05-08,2014,36.00417,-86.79083,True,0,0,0,,,,,,,,
100506153,Crashes_2010_2019_MPO,2014-05-08,2014,35.92904,-86.84936,False,0,0,0,,,,,,,,
100507325,Crashes_2010_2019_MPO,2014-05-08,2014,35.95548,-86.828,False,0,0,0,,,,,,,,
100506589,Crashes_2010_2019_MPO,2014-05-09,2014,35.9647,-86.81498,True,0,0,0,,,,,,,,
100506491,Crashes_2010_2019_MPO,2014-05-09,2014,35.95892,-86.81612,False,0,1,0,,,,,,,,
100507561,Crashes_2010_2019_MPO,2014-05-09,2014,35.94513,-86.81963,False,0,0,0,,,,,,,,
100506405,Crashes_2010_2019_MPO,2014-05-09,2014,36.01689,-86.78609,True,0,0,0,,,,,,,,
100507069,Crashes_2010_2019_MPO,2014-05-10,2014,35.99157,-86.75394,True,0,0,0,,,,,,,,
100507169,Crashes_2010_2019_MPO,2014-05-10,2014,35.92846,-86.83378,False,0,0,0,,,,,,,,
100506993,Crashes_2010_2019_MPO,2014-05-10,2014,35.93189,-86.79438,False,0,0,0,,,,,,,,
100506942,Crashes_2010_2019_MPO,2014-05-10,2014,35.94803,-86.86369,False,0,0,0,,,,,,,,
100507028,Crashes_2010_2019_MPO,2014-05-10,2014,35.94478,-86.8195,False,0,0,0,,,,,,,,
100550281,Crashes_2010_2019_MPO,2014-05-10,2014,36.0429,-86.781677,False,1,1,0,,,,,,,,
100507187,Crashes_2010_2019_MPO,2014-05-10,2014,35.96498,-86.80252,True,0,1,0,,,,,,,,
100507047,Crashes_2010_2019_MPO,2014-05-10,2014,35.94315,-86.82081,False,0,0,0,,,,,,,,
100509639,Crashes_2010_2019_MPO,2014-05-10,2014,35.93549,-86.8255,False,0,0,0,,,,,,,,
100507233,Crashes_2010_2019_MPO,2014-05-10,2014,35.92456,-86.87028,False,0,0,0,,,,,,,,
100507208,Crashes_2010_2019_MPO,2014-05-10,2014,35.92454,-86.87207,False,0,0,0,,,,,,,,
100507092,Crashes_2010_2019_MPO,2014-05-10,2014,35.99686,-86.68989,False,0,0,0,,,,,,,,