record_no,source_layer,collision_ts,crash_year,latitude,longitude,in_city,fatalities,non_motorists,truck_involved,serious_injuries,pedestrian,bicycle,crash_type,manner_of_collision,lighting,weather,first_harmful_event
100507168,Crashes_2010_2019_MPO,2014-05-10,2014,35.9727,-86.83364,False,0,0,0,,,,,,,,
100508315,Crashes_2010_2019_MPO,2014-05-11,2014,36.02904,-86.79108,True,0,0,0,,,,,,,,
100508023,Crashes_2010_2019_MPO,2014-05-11,2014,35.97665,-86.79098,True,0,0,0,,,,,,,,
100507511,Crashes_2010_2019_MPO,2014-05-11,2014,35.94066,-86.83158,False,0,0,0,,,,,,,,
100507920,Crashes_2010_2019_MPO,2014-05-12,2014,35.9459,-86.80673,False,0,0,0,,,,,,,,
100507873,Crashes_2010_2019_MPO,2014-05-12,2014,35.93132,-86.86335,False,0,0,0,,,,,,,,
100507752,Crashes_2010_2019_MPO,2014-05-12,2014,35.97593,-86.82962,True,0,0,0,,,,,,,,
100508242,Crashes_2010_2019_MPO,2014-05-12,2014,35.9816,-86.84479,False,0,0,0,,,,,,,,
100507974,Crashes_2010_2019_MPO,2014-05-12,2014,36.02587,-86.79288,True,0,0,0,,,,,,,,
100508071,Crashes_2010_2019_MPO,2014-05-12,2014,35.9981,-86.7792,True,0,0,0,,,,,,,,
100508333,Crashes_2010_2019_MPO,2014-05-13,2014,35.92954,-86.84187,False,0,0,0,,,,,,,,
100508316,Crashes_2010_2019_MPO,2014-05-13,2014,35.9346,-86.82002,False,0,0,0,,,,,,,,
100508144,Crashes_2010_2019_MPO,2014-05-13,2014,35.97745,-86.7768,True,0,0,0,,,,,,,,
100508080,Crashes_2010_2019_MPO,2014-05-13,2014,36.01831,-86.75518,True,0,0,0,,,,,,,,
100508232,Crashes_2010_2019_MPO,2014-05-13,2014,35.97034,-86.77423,True,0,0,0,,,,,,,,
100508550,Crashes_2010_2019_MPO,2014-05-13,2014,35.92303,-86.8226,False,0,0,0,,,,,,,,
100508231,Crashes_2010_2019_MPO,2014-05-13,2014,35.96721,-86.80861,True,0,0,0,,,,,,,,
100508792,Crashes_2010_2019_MPO,2014-05-14,2014,35.95576,-86.80377,False,0,0,0,,,,,,,,
100508749,Crashes_2010_2019_MPO,2014-05-14,2014,35.93739,-86.87833,False,0,0,0,,,,,,,,
100508640,Crashes_2010_2019_MPO,2014-05-14,2014,35.96561,-86.70619,True,0,0,0,,,,,,,,
100508507,Crashes_2010_2019_MPO,2014-05-14,2014,35.92402,-86.82245,False,0,0,0,,,,,,,,
100508656,Crashes_2010_2019_MPO,2014-05-14,2014,35.96843,-86.80313,True,0,0,0,,,,,,,,
100508791,Crashes_2010_2019_MPO,2014-05-14,2014,35.92621,-86.86527,False,0,0,0,,,,,,,,
100508878,Crashes_2010_2019_MPO,2014-05-14,2014,36.03448,-86.87355,False,0,0,0,,,,,,,,
100508764,Crashes_2010_2019_MPO,2014-05-14,2014,35.93515,-86.77584,False,0,0,0,,,,,,,,
100508688,Crashes_2010_2019_MPO,2014-05-14,2014,36.02651,-86.79252,True,0,0,0,,,,,,,,
100508768,Crashes_2010_2019_MPO,2014-05-14,2014,35.95051,-86.76621,True,0,0,0,,,,,,,,
100509276,Crashes_2010_2019_MPO,2014-05-15,2014,35.9447,-86.81973,False,0,0,0,,,,,,,,
100509218,Crashes_2010_2019_MPO,2014-05-15,2014,36.02785,-86.79176,True,0,0,0,,,,,,,,
100509365,Crashes_2010_2019_MPO,2014-05-15,2014,36.02788,-86.78402,True,0,0,0,,,,,,,,
100509488,Crashes_2010_2019_MPO,2014-05-15,2014,35.92846,-86.75676,False,0,0,0,,,,,,,,
100509292,Crashes_2010_2019_MPO,2014-05-15,2014,35.9524,-86.68201,False,0,0,0,,,,,,,,
100541798,Crashes_2010_2019_MPO,2014-05-15,2014,35.93664,-86.81838,False,0,0,0,,,,,,,,
100509482,Crashes_2010_2019_MPO,2014-05-15,2014,35.92402,-86.86989,False,0,0,0,,,,,,,,
100509204,Crashes_2010_2019_MPO,2014-05-15,2014,35.99842,-86.79882,True,0,0,0,,,,,,,,
100509710,Crashes_2010_2019_MPO,2014-05-16,2014,35.94766,-86.81973,False,0,0,0,,,,,,,,
100509763,Crashes_2010_2019_MPO,2014-05-16,2014,35.96132,-86.81219,False,0,0,0,,,,,,,,
100511073,Crashes_2010_2019_MPO,2014-05-16,2014,35.93756,-86.76808,False,0,0,0,,,,,,,,
100511076,Crashes_2010_2019_MPO,2014-05-16,2014,35.92456,-86.87028,False,0,0,0,,,,,,,,
100509777,Crashes_2010_2019_MPO,2014-05-16,2014,36.01639,-86.78595,True,0,0,0,,,,,,,,
100509655,Crashes_2010_2019_MPO,2014-05-16,2014,35.94925,-86.81947,False,0,0,0,,,,,,,,
100509743,Crashes_2010_2019_MPO,2014-05-16,2014,35.9318,-86.87825,False,0,0,0,,,,,,,,
100509720,Crashes_2010_2019_MPO,2014-05-16,2014,35.9583,-86.80229,False,0,0,0,,,,,,,,
100510156,Crashes_2010_2019_MPO,2014-05-17,2014,35.9295,-86.85274,False,0,0,0,,,,,,,,
100510226,Crashes_2010_2019_MPO,2014-05-17,2014,35.94089,-86.83939,False,0,0,0,,,,,,,,
100510278,Crashes_2010_2019_MPO,2014-05-17,2014,35.97463,-86.79128,True,0,0,0,,,,,,,,
100510588,Crashes_2010_2019_MPO,2014-05-18,2014,35.95201,-86.81786,False,0,0,0,,,,,,,,
100510562,Crashes_2010_2019_MPO,2014-05-18,2014,35.94749,-86.81754,False,0,0,0,,,,,,,,
100510629,Crashes_2010_2019_MPO,2014-05-18,2014,35.96471,-86.80514,True,0,0,0,,,,,,,,
100510717,Crashes_2010_2019_MPO,2014-05-18,2014,35.98543,-86.73154,True,0,0,0,,,,,,,,
100511358,Crashes_2010_2019_MPO,2014-05-19,2014,35.99142,-86.79886,True,0,0,0,,,,,,,,
100510886,Crashes_2010_2019_MPO,2014-05-19,2014,36.03243,-86.80283,True,0,0,0,,,,,,,,
100510742,Crashes_2010_2019_MPO,2014-05-19,2014,35.95008,-86.8491,False,0,0,0,,,,,,,,
100510903,Crashes_2010_2019_MPO,2014-05-19,2014,35.93189,-86.79438,False,0,0,0,,,,,,,,
100510904,Crashes_2010_2019_MPO,2014-05-19,2014,35.93065,-86.87631,False,0,0,0,,,,,,,,
100510820,Crashes_2010_2019_MPO,2014-05-19,2014,36.03492,-86.78339,True,0,0,0,,,,,,,,
100510902,Crashes_2010_2019_MPO,2014-05-19,2014,36.03336,-86.77737,False,0,0,0,,,,,,,,
100510901,Crashes_2010_2019_MPO,2014-05-19,2014,35.93055,-86.83673,False,0,0,0,,,,,,,,
100511285,Crashes_2010_2019_MPO,2014-05-20,2014,35.94673,-86.85172,False,0,0,0,,,,,,,,
100511236,Crashes_2010_2019_MPO,2014-05-20,2014,35.92514,-86.8707,False,0,0,0,,,,,,,,
100511320,Crashes_2010_2019_MPO,2014-05-20,2014,36.02866,-86.79035,True,0,0,0,,,,,,,,
100511080,Crashes_2010_2019_MPO,2014-05-20,2014,35.92467,-86.87216,False,0,0,0,,,,,,,,
100542560,Crashes_2010_2019_MPO,2014-05-20,2014,35.9238,-86.7668,False,0,0,0,,,,,,,,
100511212,Crashes_2010_2019_MPO,2014-05-20,2014,35.92525,-86.86866,False,0,0,0,,,,,,,,
100521696,Crashes_2010_2019_MPO,2014-05-21,2014,36.03351,-86.78322,True,0,0,0,,,,,,,,
100511664,Crashes_2010_2019_MPO,2014-05-21,2014,35.97607,-86.8292,True,0,0,0,,,,,,,,
100521719,Crashes_2010_2019_MPO,2014-05-21,2014,35.92622,-86.82173,False,0,0,0,,,,,,,,
100511604,Crashes_2010_2019_MPO,2014-05-21,2014,35.99684,-86.79698,True,0,0,0,,,,,,,,
100511647,Crashes_2010_2019_MPO,2014-05-21,2014,35.94954,-86.81928,False,0,0,0,,,,,,,,
100521667,Crashes_2010_2019_MPO,2014-05-21,2014,35.94338,-86.85448,False,0,0,0,,,,,,,,
100521676,Crashes_2010_2019_MPO,2014-05-21,2014,35.92572,-86.87458,False,0,0,0,,,,,,,,
100542165,Crashes_2010_2019_MPO,2014-05-22,2014,36.0295,-86.78397,True,0,0,0,,,,,,,,
100541913,Crashes_2010_2019_MPO,2014-05-22,2014,35.9232,-86.8675,False,0,0,0,,,,,,,,
100542004,Crashes_2010_2019_MPO,2014-05-22,2014,35.99001,-86.75126,True,0,0,0,,,,,,,,
100542082,Crashes_2010_2019_MPO,2014-05-22,2014,35.9249,-86.87397,False,0,0,0,,,,,,,,
100542028,Crashes_2010_2019_MPO,2014-05-22,2014,35.96532,-86.70293,False,0,0,0,,,,,,,,
100542457,Crashes_2010_2019_MPO,2014-05-22,2014,35.93407,-86.87787,False,0,0,0,,,,,,,,
100542222,Crashes_2010_2019_MPO,2014-05-22,2014,35.9512,-86.81304,False,0,0,0,,,,,,,,
100545524,Crashes_2010_2019_MPO,2014-05-22,2014,35.95227,-86.80223,False,0,0,0,,,,,,,,
100541956,Crashes_2010_2019_MPO,2014-05-22,2014,35.92687,-86.86598,False,0,0,0,,,,,,,,
100541882,Crashes_2010_2019_MPO,2014-05-22,2014,35.95523,-86.82587,False,0,0,0,,,,,,,,
100542397,Crashes_2010_2019_MPO,2014-05-23,2014,35.99735,-86.79484,True,0,0,1,,,,,,,,
100542412,Crashes_2010_2019_MPO,2014-05-23,2014,35.96132,-86.81219,False,0,0,0,,,,,,,,
100542516,Crashes_2010_2019_MPO,2014-05-23,2014,35.92537,-86.86875,False,0,0,0,,,,,,,,
100542818,Crashes_2010_2019_MPO,2014-05-24,2014,35.94649,-86.85207,False,0,0,0,,,,,,,,
100543436,Crashes_2010_2019_MPO,2014-05-26,2014,35.98364,-86.80178,True,0,1,1,,,,,,,,
100543470,Crashes_2010_2019_MPO,2014-05-26,2014,35.94811,-86.81956,False,0,0,0,,,,,,,,
100543345,Crashes_2010_2019_MPO,2014-05-26,2014,36.03066,-86.78358,True,0,0,0,,,,,,,,
100543394,Crashes_2010_2019_MPO,2014-05-26,2014,35.99321,-86.72245,True,0,0,0,,,,,,,,
100543719,Crashes_2010_2019_MPO,2014-05-27,2014,36.01724,-86.79778,True,0,0,0,,,,,,,,
100543847,Crashes_2010_2019_MPO,2014-05-27,2014,36.03434,-86.78312,True,0,0,0,,,,,,,,
100543749,Crashes_2010_2019_MPO,2014-05-27,2014,35.93199,-86.8763,False,0,1,0,,,,,,,,
100543738,Crashes_2010_2019_MPO,2014-05-27,2014,35.92902,-86.84902,False,0,0,0,,,,,,,,
100543720,Crashes_2010_2019_MPO,2014-05-27,2014,35.92367,-86.77997,False,0,0,0,,,,,,,,
100543839,Crashes_2010_2019_MPO,2014-05-27,2014,35.92738,-86.86871,False,0,0,0,,,,,,,,
100543599,Crashes_2010_2019_MPO,2014-05-27,2014,35.97781,-86.80357,True,0,0,0,,,,,,,,
100543804,Crashes_2010_2019_MPO,2014-05-27,2014,35.96888,-86.7733,True,0,0,0,,,,,,,,
100543853,Crashes_2010_2019_MPO,2014-05-27,2014,35.99769,-86.79666,True,0,0,0,,,,,,,,
100543626,Crashes_2010_2019_MPO,2014-05-27,2014,35.92547,-86.87275,False,0,0,0,,,,,,,,
100543791,Crashes_2010_2019_MPO,2014-05-27,2014,36.03336,-86.78872,True,0,0,0,,,,,,,,
100544174,Crashes_2010_2019_MPO,2014-05-28,2014,35.94635,-86.82299,False,0,0,0,,,,,,,,
100544175,Crashes_2010_2019_MPO,2014-05-28,2014,35.92539,-86.87269,False,0,0,0,,,,,,,,
100544609,Crashes_2010_2019_MPO,2014-05-28,2014,35.94676,-86.82205,False,0,0,0,,,,,,,,
100544347,Crashes_2010_2019_MPO,2014-05-28,2014,35.95051,-86.76621,True,0,0,0,,,,,,,,
100544261,Crashes_2010_2019_MPO,2014-05-28,2014,35.95051,-86.76621,True,0,0,0,,,,,,,,
100544264,Crashes_2010_2019_MPO,2014-05-28,2014,35.92878,-86.82084,False,0,0,0,,,,,,,,
100544723,Crashes_2010_2019_MPO,2014-05-29,2014,35.97346,-86.83311,True,0,0,0,,,,,,,,
100544572,Crashes_2010_2019_MPO,2014-05-29,2014,35.93315,-86.81169,False,0,0,0,,,,,,,,
100544622,Crashes_2010_2019_MPO,2014-05-29,2014,35.92798,-86.82111,False,0,0,0,,,,,,,,
100545144,Crashes_2010_2019_MPO,2014-05-30,2014,35.93546,-86.82377,False,0,0,0,,,,,,,,
100547055,Crashes_2010_2019_MPO,2014-05-30,2014,35.94027,-86.81684,False,0,0,0,,,,,,,,
100545216,Crashes_2010_2019_MPO,2014-05-30,2014,35.98672,-86.8167,True,0,0,0,,,,,,,,
100545163,Crashes_2010_2019_MPO,2014-05-30,2014,36.0143,-86.7856,True,0,0,0,,,,,,,,
100545276,Crashes_2010_2019_MPO,2014-05-30,2014,35.93393,-86.81752,False,0,0,0,,,,,,,,
100544881,Crashes_2010_2019_MPO,2014-05-30,2014,35.95034,-86.81334,False,0,0,0,,,,,,,,
100545034,Crashes_2010_2019_MPO,2014-05-30,2014,35.96665,-86.80924,True,0,0,0,,,,,,,,
100545065,Crashes_2010_2019_MPO,2014-05-30,2014,36.03175,-86.78961,True,0,0,0,,,,,,,,
100545003,Crashes_2010_2019_MPO,2014-05-30,2014,35.97437,-86.73696,True,0,0,0,,,,,,,,
100545506,Crashes_2010_2019_MPO,2014-05-31,2014,35.9498,-86.8648,False,0,0,0,,,,,,,,
100545501,Crashes_2010_2019_MPO,2014-05-31,2014,36.03322,-86.78532,True,0,0,0,,,,,,,,
100545596,Crashes_2010_2019_MPO,2014-05-31,2014,36.03336,-86.78872,True,0,0,0,,,,,,,,
100545513,Crashes_2010_2019_MPO,2014-05-31,2014,35.95165,-86.81819,False,0,0,0,,,,,,,,
100545928,Crashes_2010_2019_MPO,2014-06-01,2014,35.94674,-86.82388,False,0,0,0,,,,,,,,
100546194,Crashes_2010_2019_MPO,2014-06-01,2014,35.94761,-86.81992,False,0,0,0,,,,,,,,
100545912,Crashes_2010_2019_MPO,2014-06-01,2014,35.962,-86.81517,False,0,0,0,,,,,,,,
100546633,Crashes_2010_2019_MPO,2014-06-03,2014,35.95647,-86.84398,False,0,0,0,,,,,,,,
100546448,Crashes_2010_2019_MPO,2014-06-03,2014,36.02198,-86.79508,True,0,0,0,,,,,,,,
100546683,Crashes_2010_2019_MPO,2014-06-03,2014,36.02827,-86.78459,True,0,0,0,,,,,,,,
100546708,Crashes_2010_2019_MPO,2014-06-03,2014,35.92954,-86.84187,False,0,0,0,,,,,,,,
100546639,Crashes_2010_2019_MPO,2014-06-03,2014,35.96507,-86.795,True,0,0,0,,,,,,,,
100546999,Crashes_2010_2019_MPO,2014-06-04,2014,35.97172,-86.81369,True,0,0,0,,,,,,,,
100547044,Crashes_2010_2019_MPO,2014-06-04,2014,36.01289,-86.80078,True,0,0,0,,,,,,,,
100547033,Crashes_2010_2019_MPO,2014-06-04,2014,35.99291,-86.81252,True,0,0,0,,,,,,,,
100548271,Crashes_2010_2019_MPO,2014-06-04,2014,35.93488,-86.77716,False,0,0,0,,,,,,,,
100547003,Crashes_2010_2019_MPO,2014-06-04,2014,35.94528,-86.82307,False,0,0,0,,,,,,,,
100546917,Crashes_2010_2019_MPO,2014-06-04,2014,35.92812,-86.87465,False,0,0,0,,,,,,,,
100547151,Crashes_2010_2019_MPO,2014-06-05,2014,35.99534,-86.77708,True,0,0,0,,,,,,,,
100547466,Crashes_2010_2019_MPO,2014-06-05,2014,35.93488,-86.77716,False,0,0,0,,,,,,,,
100547443,Crashes_2010_2019_MPO,2014-06-05,2014,35.98411,-86.72438,True,0,0,0,,,,,,,,
100547107,Crashes_2010_2019_MPO,2014-06-05,2014,35.9424,-86.8161,False,0,0,0,,,,,,,,
100547449,Crashes_2010_2019_MPO,2014-06-05,2014,35.96362,-86.81464,False,0,0,0,,,,,,,,
100547224,Crashes_2010_2019_MPO,2014-06-05,2014,35.92893,-86.82078,False,0,0,0,,,,,,,,
100547570,Crashes_2010_2019_MPO,2014-06-05,2014,35.99156,-86.79881,True,0,0,0,,,,,,,,
100547676,Crashes_2010_2019_MPO,2014-06-06,2014,36.03576,-86.78734,True,0,0,0,,,,,,,,
100548276,Crashes_2010_2019_MPO,2014-06-06,2014,35.98448,-86.6892,True,0,0,0,,,,,,,,
100548612,Crashes_2010_2019_MPO,2014-06-06,2014,35.93314,-86.81159,False,0,0,0,,,,,,,,
100548097,Crashes_2010_2019_MPO,2014-06-06,2014,35.94452,-86.82056,False,0,0,0,,,,,,,,
100548595,Crashes_2010_2019_MPO,2014-06-07,2014,35.92432,-86.80115,False,0,0,0,,,,,,,,
100548052,Crashes_2010_2019_MPO,2014-06-07,2014,35.96987,-86.68281,False,0,0,0,,,,,,,,
100548200,Crashes_2010_2019_MPO,2014-06-07,2014,35.9605,-86.80199,False,0,0,0,,,,,,,,
100548232,Crashes_2010_2019_MPO,2014-06-07,2014,35.97013,-86.68254,False,0,0,0,,,,,,,,
100548201,Crashes_2010_2019_MPO,2014-06-07,2014,35.95083,-86.81934,False,0,0,0,,,,,,,,
100548863,Crashes_2010_2019_MPO,2014-06-08,2014,35.94855,-86.83617,False,0,0,0,,,,,,,,
100548691,Crashes_2010_2019_MPO,2014-06-08,2014,35.99004,-86.74527,True,0,0,0,,,,,,,,
100549001,Crashes_2010_2019_MPO,2014-06-09,2014,35.93949,-86.81688,False,0,0,0,,,,,,,,
100548851,Crashes_2010_2019_MPO,2014-06-09,2014,35.99551,-86.77889,True,0,0,0,,,,,,,,
100548949,Crashes_2010_2019_MPO,2014-06-09,2014,35.93048,-86.86398,False,0,0,0,,,,,,,,
100549003,Crashes_2010_2019_MPO,2014-06-09,2014,36.03322,-86.78532,True,0,0,0,,,,,,,,
100548987,Crashes_2010_2019_MPO,2014-06-09,2014,35.94804,-86.81619,False,0,0,0,,,,,,,,
100548740,Crashes_2010_2019_MPO,2014-06-09,2014,35.92351,-86.82263,False,0,0,0,,,,,,,,
100548993,Crashes_2010_2019_MPO,2014-06-09,2014,36.0282,-86.7835,True,0,0,0,,,,,,,,
100549352,Crashes_2010_2019_MPO,2014-06-10,2014,35.99401,-86.76249,True,0,0,1,,,,,,,,
100549461,Crashes_2010_2019_MPO,2014-06-10,2014,35.94609,-86.8195,False,0,0,0,,,,,,,,
100549463,Crashes_2010_2019_MPO,2014-06-10,2014,35.93126,-86.87663,False,0,0,0,,,,,,,,
100549909,Crashes_2010_2019_MPO,2014-06-11,2014,35.96281,-86.81153,False,0,0,0,,,,,,,,
100549869,Crashes_2010_2019_MPO,2014-06-11,2014,35.9258,-86.87,False,0,0,0,,,,,,,,
100549797,Crashes_2010_2019_MPO,2014-06-11,2014,36.03311,-86.78656,True,0,0,0,,,,,,,,
100550023,Crashes_2010_2019_MPO,2014-06-12,2014,35.9993,-86.80903,True,0,0,0,,,,,,,,
100550547,Crashes_2010_2019_MPO,2014-06-12,2014,35.92531,-86.87513,False,0,0,0,,,,,,,,
100550050,Crashes_2010_2019_MPO,2014-06-12,2014,35.98958,-86.74243,True,0,0,0,,,,,,,,
100550313,Crashes_2010_2019_MPO,2014-06-12,2014,35.94677,-86.85185,False,0,0,0,,,,,,,,
100550270,Crashes_2010_2019_MPO,2014-06-12,2014,35.99861,-86.80571,True,0,0,0,,,,,,,,
100550087,Crashes_2010_2019_MPO,2014-06-12,2014,35.93048,-86.84439,False,0,0,0,,,,,,,,
100550326,Crashes_2010_2019_MPO,2014-06-12,2014,35.99307,-86.84788,False,0,0,0,,,,,,,,
100550082,Crashes_2010_2019_MPO,2014-06-12,2014,35.94461,-86.80198,False,0,0,0,,,,,,,,
100550381,Crashes_2010_2019_MPO,2014-06-12,2014,35.95878,-86.80441,False,0,0,0,,,,,,,,
100550676,Crashes_2010_2019_MPO,2014-06-13,2014,35.99013,-86.77811,True,0,0,0,,,,,,,,
100550700,Crashes_2010_2019_MPO,2014-06-13,2014,36.03622,-86.78707,True,0,0,0,,,,,,,,
100550656,Crashes_2010_2019_MPO,2014-06-13,2014,35.9346,-86.81969,False,0,0,0,,,,,,,,
100551729,Crashes_2010_2019_MPO,2014-06-13,2014,35.9856,-86.73268,True,0,0,0,,,,,,,,
100550604,Crashes_2010_2019_MPO,2014-06-13,2014,35.93308,-86.81128,False,0,0,0,,,,,,,,
100550843,Crashes_2010_2019_MPO,2014-06-13,2014,35.94707,-86.8219,False,0,0,0,,,,,,,,
100551404,Crashes_2010_2019_MPO,2014-06-14,2014,35.93781,-86.70615,False,0,0,0,,,,,,,,
100551253,Crashes_2010_2019_MPO,2014-06-14,2014,35.94331,-86.82161,False,0,0,0,,,,,,,,
100551124,Crashes_2010_2019_MPO,2014-06-14,2014,35.93502,-86.82172,False,0,0,0,,,,,,,,
100552426,Crashes_2010_2019_MPO,2014-06-14,2014,35.93401,-86.85941,False,0,0,0,,,,,,,,
100551215,Crashes_2010_2019_MPO,2014-06-14,2014,35.92703,-86.82441,False,0,0,0,,,,,,,,
100551511,Crashes_2010_2019_MPO,2014-06-15,2014,35.93922,-86.8172,False,0,0,0,,,,,,,,
100551369,Crashes_2010_2019_MPO,2014-06-15,2014,35.92547,-86.87275,False,0,0,0,,,,,,,,
100551912,Crashes_2010_2019_MPO,2014-06-15,2014,35.92904,-86.83589,False,0,0,0,,,,,,,,
100551374,Crashes_2010_2019_MPO,2014-06-15,2014,35.9506,-86.80604,False,0,0,0,,,,,,,,
100552082,Crashes_2010_2019_MPO,2014-06-16,2014,36.01427,-86.80888,True,0,0,0,,,,,,,,
100551739,Crashes_2010_2019_MPO,2014-06-16,2014,36.01647,-86.79311,True,0,0,0,,,,,,,,
100551977,Crashes_2010_2019_MPO,2014-06-16,2014,35.94946,-86.81687,False,0,0,0,,,,,,,,
100551914,Crashes_2010_2019_MPO,2014-06-16,2014,35.96687,-86.81113,True,0,0,0,,,,,,,,
100551903,Crashes_2010_2019_MPO,2014-06-16,2014,35.99436,-86.7658,True,0,0,0,,,,,,,,
100551908,Crashes_2010_2019_MPO,2014-06-16,2014,35.96687,-86.81113,True,0,0,0,,,,,,,,
100551747,Crashes_2010_2019_MPO,2014-06-16,2014,36.0077,-86.78751,True,0,0,0,,,,,,,,
100551843,Crashes_2010_2019_MPO,2014-06-16,2014,35.94489,-86.82843,False,0,0,0,,,,,,,,
100552435,Crashes_2010_2019_MPO,2014-06-17,2014,35.92456,-86.87028,False,0,0,0,,,,,,,,
100552400,Crashes_2010_2019_MPO,2014-06-17,2014,35.95879,-86.8155,False,0,0,0,,,,,,,,
100552413,Crashes_2010_2019_MPO,2014-06-17,2014,36.03148,-86.77942,True,0,0,0,,,,,,,,
100552311,Crashes_2010_2019_MPO,2014-06-17,2014,35.96764,-86.80708,True,0,0,0,,,,,,,,
100552563,Crashes_2010_2019_MPO,2014-06-17,2014,35.93549,-86.82394,False,0,0,0,,,,,,,,
100552257,Crashes_2010_2019_MPO,2014-06-17,2014,35.9322,-86.86189,False,0,0,0,,,,,,,,
100552120,Crashes_2010_2019_MPO,2014-06-17,2014,35.95073,-86.81837,False,0,0,0,,,,,,,,
100552615,Crashes_2010_2019_MPO,2014-06-18,2014,36.0001,-86.79501,True,0,0,0,,,,,,,,
100552616,Crashes_2010_2019_MPO,2014-06-18,2014,35.94784,-86.81975,False,0,0,0,,,,,,,,
100552407,Crashes_2010_2019_MPO,2014-06-18,2014,35.97111,-86.71485,True,0,0,0,,,,,,,,
100567968,Crashes_2010_2019_MPO,2014-06-18,2014,36.03876,-86.73328,False,0,0,0,,,,,,,,
100552536,Crashes_2010_2019_MPO,2014-06-18,2014,35.95966,-86.80266,False,0,0,0,,,,,,,,
100552601,Crashes_2010_2019_MPO,2014-06-18,2014,35.95091,-86.8186,False,0,0,0,,,,,,,,
100562760,Crashes_2010_2019_MPO,2014-06-18,2014,36.01726,-86.7862,True,0,0,0,,,,,,,,
100562807,Crashes_2010_2019_MPO,2014-06-19,2014,36.03694,-86.80194,True,0,0,0,,,,,,,,
100563001,Crashes_2010_2019_MPO,2014-06-19,2014,35.99681,-86.79127,True,0,0,0,,,,,,,,
100562995,Crashes_2010_2019_MPO,2014-06-19,2014,35.96665,-86.80941,True,0,0,0,,,,,,,,
100563195,Crashes_2010_2019_MPO,2014-06-19,2014,35.95433,-86.80766,False,0,0,0,,,,,,,,
100563778,Crashes_2010_2019_MPO,2014-06-19,2014,35.94476,-86.82852,False,0,0,0,,,,,,,,
100562770,Crashes_2010_2019_MPO,2014-06-19,2014,35.92767,-86.74349,False,0,0,0,,,,,,,,
10651508,Crashes_2010_2019_MPO,2014-06-20,2014,36.040715,-86.779267,False,0,0,0,,,,,,,,
100563416,Crashes_2010_2019_MPO,2014-06-20,2014,35.98623,-86.77802,True,0,0,0,,,,,,,,
100563418,Crashes_2010_2019_MPO,2014-06-20,2014,35.9261,-86.8714,False,0,0,0,,,,,,,,
100568831,Crashes_2010_2019_MPO,2014-06-20,2014,35.97764,-86.77681,True,0,0,0,,,,,,,,
100563336,Crashes_2010_2019_MPO,2014-06-20,2014,35.94721,-86.82153,False,0,0,0,,,,,,,,
100563857,Crashes_2010_2019_MPO,2014-06-20,2014,35.96092,-86.76872,True,0,0,0,,,,,,,,
100563429,Crashes_2010_2019_MPO,2014-06-20,2014,35.93229,-86.82771,False,0,0,0,,,,,,,,
100563364,Crashes_2010_2019_MPO,2014-06-20,2014,35.96697,-86.81288,True,0,0,0,,,,,,,,
100563206,Crashes_2010_2019_MPO,2014-06-20,2014,35.93349,-86.87765,False,0,0,0,,,,,,,,
100563858,Crashes_2010_2019_MPO,2014-06-20,2014,35.96595,-86.80315,True,0,0,1,,,,,,,,
100563468,Crashes_2010_2019_MPO,2014-06-20,2014,35.95259,-86.81495,False,0,0,0,,,,,,,,
100563990,Crashes_2010_2019_MPO,2014-06-21,2014,35.92585,-86.86758,False,0,0,0,,,,,,,,
100563775,Crashes_2010_2019_MPO,2014-06-21,2014,35.93953,-86.81195,False,0,0,0,,,,,,,,
100564762,Crashes_2010_2019_MPO,2014-06-21,2014,36.00347,-86.79155,True,0,0,0,,,,,,,,
100564194,Crashes_2010_2019_MPO,2014-06-22,2014,35.95898,-86.81594,False,0,0,0,,,,,,,,
100564277,Crashes_2010_2019_MPO,2014-06-22,2014,35.98325,-86.71739,True,0,0,0,,,,,,,,
100564443,Crashes_2010_2019_MPO,2014-06-22,2014,35.93126,-86.87663,False,0,0,0,,,,,,,,
100564066,Crashes_2010_2019_MPO,2014-06-22,2014,35.93464,-86.81948,False,0,0,0,,,,,,,,
100564557,Crashes_2010_2019_MPO,2014-06-22,2014,35.98867,-86.82866,False,0,0,0,,,,,,,,
100565811,Crashes_2010_2019_MPO,2014-06-22,2014,36.052891,-86.687782,False,1,0,0,,,,,,,,
100564150,Crashes_2010_2019_MPO,2014-06-22,2014,35.94632,-86.8236,False,0,0,0,,,,,,,,
100564582,Crashes_2010_2019_MPO,2014-06-23,2014,35.94718,-86.81965,False,0,0,0,,,,,,,,
100564583,Crashes_2010_2019_MPO,2014-06-23,2014,35.9261,-86.8714,False,0,0,0,,,,,,,,
100564584,Crashes_2010_2019_MPO,2014-06-23,2014,35.94705,-86.82135,False,0,0,0,,,,,,,,
100567230,Crashes_2010_2019_MPO,2014-06-23,2014,35.93764,-86.76807,False,0,0,0,,,,,,,,
100564405,Crashes_2010_2019_MPO,2014-06-23,2014,35.92302,-86.87124,False,0,0,0,,,,,,,,
100564458,Crashes_2010_2019_MPO,2014-06-23,2014,35.9991,-86.70223,True,0,0,0,,,,,,,,
100564502,Crashes_2010_2019_MPO,2014-06-23,2014,35.96595,-86.80315,True,0,0,0,,,,,,,,
100567818,Crashes_2010_2019_MPO,2014-06-24,2014,35.99286,-86.82876,True,0,0,0,,,,,,,,
100565079,Crashes_2010_2019_MPO,2014-06-24,2014,35.9667,-86.6957,False,0,0,0,,,,,,,,
100564853,Crashes_2010_2019_MPO,2014-06-24,2014,35.93407,-86.8191,False,0,0,0,,,,,,,,
100564981,Crashes_2010_2019_MPO,2014-06-24,2014,35.94723,-86.85147,False,0,0,0,,,,,,,,
100565490,Crashes_2010_2019_MPO,2014-06-25,2014,35.92941,-86.85424,False,0,1,0,,,,,,,,
100565388,Crashes_2010_2019_MPO,2014-06-25,2014,35.94491,-86.82885,False,0,0,0,,,,,,,,
100565254,Crashes_2010_2019_MPO,2014-06-25,2014,35.96745,-86.81585,True,0,0,0,,,,,,,,