record_no,source_layer,collision_ts,crash_year,latitude,longitude,in_city,fatalities,non_motorists,truck_involved,serious_injuries,pedestrian,bicycle,crash_type,manner_of_collision,lighting,weather,first_harmful_event
100565337,Crashes_2010_2019_MPO,2014-06-25,2014,35.96233,-86.80223,True,0,0,0,,,,,,,,
100565434,Crashes_2010_2019_MPO,2014-06-25,2014,35.97347,-86.83344,False,0,0,0,,,,,,,,
100565599,Crashes_2010_2019_MPO,2014-06-25,2014,35.94959,-86.81948,False,0,0,0,,,,,,,,
100565308,Crashes_2010_2019_MPO,2014-06-25,2014,35.92539,-86.87699,False,0,0,0,,,,,,,,
100565365,Crashes_2010_2019_MPO,2014-06-25,2014,35.92421,-86.86945,False,0,0,0,,,,,,,,
100565732,Crashes_2010_2019_MPO,2014-06-26,2014,35.96376,-86.81061,False,0,0,0,,,,,,,,
100565757,Crashes_2010_2019_MPO,2014-06-26,2014,35.96734,-86.81494,True,0,0,0,,,,,,,,
100565794,Crashes_2010_2019_MPO,2014-06-26,2014,35.94733,-86.81968,False,0,0,0,,,,,,,,
100565546,Crashes_2010_2019_MPO,2014-06-26,2014,35.9583,-86.80229,False,0,0,0,,,,,,,,
100565792,Crashes_2010_2019_MPO,2014-06-26,2014,35.96175,-86.80191,True,0,0,0,,,,,,,,
100565775,Crashes_2010_2019_MPO,2014-06-26,2014,35.94586,-86.84899,False,0,0,0,,,,,,,,
100566467,Crashes_2010_2019_MPO,2014-06-27,2014,36.03175,-86.78961,True,0,0,0,,,,,,,,
100566112,Crashes_2010_2019_MPO,2014-06-27,2014,36.03322,-86.78532,True,0,0,0,,,,,,,,
100567936,Crashes_2010_2019_MPO,2014-06-27,2014,35.94897,-86.83659,False,0,0,0,,,,,,,,
100566549,Crashes_2010_2019_MPO,2014-06-28,2014,35.95416,-86.81573,False,0,0,0,,,,,,,,
100566585,Crashes_2010_2019_MPO,2014-06-28,2014,35.94681,-86.852,False,0,0,0,,,,,,,,
100566603,Crashes_2010_2019_MPO,2014-06-28,2014,35.94793,-86.81718,False,0,0,0,,,,,,,,
100566715,Crashes_2010_2019_MPO,2014-06-28,2014,35.96771,-86.81338,True,0,1,1,,,,,,,,
100567167,Crashes_2010_2019_MPO,2014-06-29,2014,35.97113,-86.80612,True,0,0,0,,,,,,,,
100566989,Crashes_2010_2019_MPO,2014-06-29,2014,35.96312,-86.81899,True,0,0,0,,,,,,,,
100567413,Crashes_2010_2019_MPO,2014-06-29,2014,35.94467,-86.82831,False,0,0,0,,,,,,,,
100567033,Crashes_2010_2019_MPO,2014-06-29,2014,35.96607,-86.8097,False,0,0,0,,,,,,,,
100567346,Crashes_2010_2019_MPO,2014-06-30,2014,35.93661,-86.8232,False,0,0,0,,,,,,,,
100567508,Crashes_2010_2019_MPO,2014-06-30,2014,35.92516,-86.81581,False,0,0,0,,,,,,,,
100567286,Crashes_2010_2019_MPO,2014-06-30,2014,35.9442,-86.85384,False,0,0,0,,,,,,,,
100567509,Crashes_2010_2019_MPO,2014-06-30,2014,35.95842,-86.80225,False,0,0,0,,,,,,,,
100567757,Crashes_2010_2019_MPO,2014-07-01,2014,35.99644,-86.788,True,0,0,0,,,,,,,,
100567942,Crashes_2010_2019_MPO,2014-07-01,2014,35.94152,-86.8191,False,0,0,0,,,,,,,,
100568037,Crashes_2010_2019_MPO,2014-07-01,2014,35.94698,-86.8115,False,0,0,0,,,,,,,,
100567998,Crashes_2010_2019_MPO,2014-07-01,2014,35.95725,-86.84337,False,0,0,0,,,,,,,,
100567918,Crashes_2010_2019_MPO,2014-07-01,2014,35.92399,-86.87368,False,0,0,0,,,,,,,,
100567976,Crashes_2010_2019_MPO,2014-07-01,2014,35.93461,-86.82012,False,0,0,0,,,,,,,,
100568545,Crashes_2010_2019_MPO,2014-07-02,2014,35.93588,-86.81838,False,0,0,0,,,,,,,,
100568277,Crashes_2010_2019_MPO,2014-07-02,2014,35.96689,-86.81126,True,0,0,0,,,,,,,,
100568103,Crashes_2010_2019_MPO,2014-07-02,2014,35.9452,-86.82938,False,0,0,0,,,,,,,,
100568238,Crashes_2010_2019_MPO,2014-07-02,2014,35.92322,-86.87308,False,0,0,0,,,,,,,,
100570596,Crashes_2010_2019_MPO,2014-07-02,2014,35.96685,-86.81096,True,0,0,0,,,,,,,,
100568290,Crashes_2010_2019_MPO,2014-07-02,2014,35.9667,-86.81117,True,0,0,0,,,,,,,,
100568049,Crashes_2010_2019_MPO,2014-07-02,2014,35.95632,-86.80374,False,0,0,0,,,,,,,,
100570288,Crashes_2010_2019_MPO,2014-07-03,2014,35.94677,-86.85185,False,0,1,0,,,,,,,,
100568660,Crashes_2010_2019_MPO,2014-07-03,2014,35.96722,-86.81353,True,0,0,0,,,,,,,,
100569085,Crashes_2010_2019_MPO,2014-07-03,2014,35.98884,-86.8,True,0,0,0,,,,,,,,
100569047,Crashes_2010_2019_MPO,2014-07-03,2014,35.96665,-86.80941,True,0,0,0,,,,,,,,
100572002,Crashes_2010_2019_MPO,2014-07-04,2014,35.93297,-86.87745,False,0,0,0,,,,,,,,
100569378,Crashes_2010_2019_MPO,2014-07-05,2014,35.94632,-86.8236,False,0,0,0,,,,,,,,
100569380,Crashes_2010_2019_MPO,2014-07-05,2014,35.92429,-86.79443,False,0,0,0,,,,,,,,
100569686,Crashes_2010_2019_MPO,2014-07-05,2014,35.92598,-86.82046,False,0,0,0,,,,,,,,
100569379,Crashes_2010_2019_MPO,2014-07-05,2014,35.92899,-86.82446,False,0,0,0,,,,,,,,
100569676,Crashes_2010_2019_MPO,2014-07-06,2014,35.93485,-86.81847,False,0,0,0,,,,,,,,
100570396,Crashes_2010_2019_MPO,2014-07-07,2014,35.92529,-86.87313,False,0,0,0,,,,,,,,
100570089,Crashes_2010_2019_MPO,2014-07-07,2014,35.92442,-86.86925,False,0,0,0,,,,,,,,
100584906,Crashes_2010_2019_MPO,2014-07-07,2014,36.02546,-86.7852,True,0,0,0,,,,,,,,
100570058,Crashes_2010_2019_MPO,2014-07-07,2014,36.00652,-86.78873,True,0,0,0,,,,,,,,
100570311,Crashes_2010_2019_MPO,2014-07-07,2014,35.99652,-86.79709,True,0,0,0,,,,,,,,
100570104,Crashes_2010_2019_MPO,2014-07-07,2014,35.94687,-86.82179,False,0,0,0,,,,,,,,
100570177,Crashes_2010_2019_MPO,2014-07-07,2014,35.962,-86.81517,False,0,0,0,,,,,,,,
100570924,Crashes_2010_2019_MPO,2014-07-08,2014,36.00824,-86.78694,True,0,0,0,,,,,,,,
100570512,Crashes_2010_2019_MPO,2014-07-08,2014,35.97102,-86.72644,True,0,0,0,,,,,,,,
100572908,Crashes_2010_2019_MPO,2014-07-08,2014,36.01848,-86.80116,True,0,0,0,,,,,,,,
100570472,Crashes_2010_2019_MPO,2014-07-08,2014,35.95931,-86.82403,False,0,0,0,,,,,,,,
100570651,Crashes_2010_2019_MPO,2014-07-08,2014,36.0167,-86.78188,True,0,0,0,,,,,,,,
100570520,Crashes_2010_2019_MPO,2014-07-08,2014,35.97102,-86.72644,True,0,0,0,,,,,,,,
100570505,Crashes_2010_2019_MPO,2014-07-08,2014,35.99669,-86.81057,True,0,0,0,,,,,,,,
100570653,Crashes_2010_2019_MPO,2014-07-08,2014,35.9335,-86.87797,False,0,0,0,,,,,,,,
100570672,Crashes_2010_2019_MPO,2014-07-08,2014,35.96421,-86.78571,True,0,0,0,,,,,,,,
100571131,Crashes_2010_2019_MPO,2014-07-09,2014,35.92707,-86.82444,False,0,0,0,,,,,,,,
100571028,Crashes_2010_2019_MPO,2014-07-09,2014,36.03571,-86.80845,True,0,0,0,,,,,,,,
100571424,Crashes_2010_2019_MPO,2014-07-10,2014,35.98153,-86.76138,True,0,0,0,,,,,,,,
100571430,Crashes_2010_2019_MPO,2014-07-10,2014,35.92471,-86.87219,False,0,0,0,,,,,,,,
100571481,Crashes_2010_2019_MPO,2014-07-10,2014,36.01724,-86.79778,True,0,0,0,,,,,,,,
100571515,Crashes_2010_2019_MPO,2014-07-10,2014,35.92648,-86.82518,False,0,0,0,,,,,,,,
100571348,Crashes_2010_2019_MPO,2014-07-10,2014,35.97183,-86.74204,True,0,0,0,,,,,,,,
100571511,Crashes_2010_2019_MPO,2014-07-10,2014,35.94613,-86.82347,False,0,0,0,,,,,,,,
100571541,Crashes_2010_2019_MPO,2014-07-10,2014,35.99991,-86.79609,True,0,0,0,,,,,,,,
100632382,Crashes_2010_2019_MPO,2014-07-10,2014,35.96675,-86.81147,True,0,0,0,,,,,,,,
100571406,Crashes_2010_2019_MPO,2014-07-10,2014,35.92394,-86.87686,False,0,0,0,,,,,,,,
100572041,Crashes_2010_2019_MPO,2014-07-11,2014,35.94778,-86.81995,False,0,0,0,,,,,,,,
100586787,Crashes_2010_2019_MPO,2014-07-11,2014,35.9512,-86.80147,False,0,0,0,,,,,,,,
100572042,Crashes_2010_2019_MPO,2014-07-11,2014,35.96508,-86.80845,False,0,0,0,,,,,,,,
100571924,Crashes_2010_2019_MPO,2014-07-11,2014,35.99859,-86.80553,True,0,0,0,,,,,,,,
100571713,Crashes_2010_2019_MPO,2014-07-11,2014,35.95644,-86.83689,False,0,0,0,,,,,,,,
100573605,Crashes_2010_2019_MPO,2014-07-11,2014,35.96124,-86.80194,True,0,0,0,,,,,,,,
100572003,Crashes_2010_2019_MPO,2014-07-11,2014,35.94055,-86.83302,False,0,0,0,,,,,,,,
100571639,Crashes_2010_2019_MPO,2014-07-11,2014,35.93719,-86.69944,False,0,0,0,,,,,,,,
100571657,Crashes_2010_2019_MPO,2014-07-11,2014,35.96665,-86.80941,True,0,0,0,,,,,,,,
100571849,Crashes_2010_2019_MPO,2014-07-11,2014,35.96362,-86.82326,True,0,0,0,,,,,,,,
100573039,Crashes_2010_2019_MPO,2014-07-12,2014,35.96765,-86.82104,True,0,0,0,,,,,,,,
100572094,Crashes_2010_2019_MPO,2014-07-12,2014,35.92694,-86.68115,False,0,0,0,,,,,,,,
100572211,Crashes_2010_2019_MPO,2014-07-12,2014,35.94803,-86.86369,False,0,0,0,,,,,,,,
100572526,Crashes_2010_2019_MPO,2014-07-12,2014,35.93471,-86.81935,False,0,0,0,,,,,,,,
100572298,Crashes_2010_2019_MPO,2014-07-12,2014,35.92648,-86.86629,False,0,0,0,,,,,,,,
100572248,Crashes_2010_2019_MPO,2014-07-12,2014,35.98732,-86.70789,True,0,0,0,,,,,,,,
100573101,Crashes_2010_2019_MPO,2014-07-13,2014,36.026067,-86.790023,True,0,0,0,,,,,,,,
100572819,Crashes_2010_2019_MPO,2014-07-14,2014,35.96675,-86.81149,True,0,0,0,,,,,,,,
100573335,Crashes_2010_2019_MPO,2014-07-14,2014,35.99655,-86.78899,True,0,0,0,,,,,,,,
100572861,Crashes_2010_2019_MPO,2014-07-14,2014,35.95078,-86.80645,False,0,0,0,,,,,,,,
100572862,Crashes_2010_2019_MPO,2014-07-14,2014,35.95201,-86.81786,False,0,0,0,,,,,,,,
100573270,Crashes_2010_2019_MPO,2014-07-14,2014,36.0335,-86.78921,True,0,0,0,,,,,,,,
100572980,Crashes_2010_2019_MPO,2014-07-14,2014,35.93494,-86.77692,False,0,0,0,,,,,,,,
100573055,Crashes_2010_2019_MPO,2014-07-14,2014,35.947,-86.81148,False,0,0,0,,,,,,,,
100583904,Crashes_2010_2019_MPO,2014-07-15,2014,35.94676,-86.85131,False,0,0,0,,,,,,,,
100573442,Crashes_2010_2019_MPO,2014-07-15,2014,36.03552,-86.78747,True,0,0,0,,,,,,,,
100573251,Crashes_2010_2019_MPO,2014-07-15,2014,35.92874,-86.82063,False,0,0,0,,,,,,,,
100573367,Crashes_2010_2019_MPO,2014-07-15,2014,35.94796,-86.81922,False,0,0,0,,,,,,,,
100573430,Crashes_2010_2019_MPO,2014-07-15,2014,36.03314,-86.78599,True,0,0,0,,,,,,,,
100584328,Crashes_2010_2019_MPO,2014-07-15,2014,35.93036,-86.82029,False,0,0,0,,,,,,,,
100573196,Crashes_2010_2019_MPO,2014-07-15,2014,35.97102,-86.72644,True,0,0,0,,,,,,,,
100573143,Crashes_2010_2019_MPO,2014-07-15,2014,35.92547,-86.87275,False,0,0,0,,,,,,,,
100573356,Crashes_2010_2019_MPO,2014-07-15,2014,35.96553,-86.79907,True,0,0,0,,,,,,,,
100573343,Crashes_2010_2019_MPO,2014-07-15,2014,36.02431,-86.74239,False,0,0,0,,,,,,,,
100573548,Crashes_2010_2019_MPO,2014-07-15,2014,35.99551,-86.77889,True,0,0,0,,,,,,,,
100573428,Crashes_2010_2019_MPO,2014-07-15,2014,36.03614,-86.79516,True,0,0,0,,,,,,,,
100573305,Crashes_2010_2019_MPO,2014-07-15,2014,35.97167,-86.75231,True,0,0,0,,,,,,,,
100573190,Crashes_2010_2019_MPO,2014-07-15,2014,35.96538,-86.72697,True,0,0,0,,,,,,,,
100583969,Crashes_2010_2019_MPO,2014-07-16,2014,35.92388,-86.87167,False,0,0,0,,,,,,,,
100573839,Crashes_2010_2019_MPO,2014-07-16,2014,35.96886,-86.77678,True,0,0,0,,,,,,,,
100584194,Crashes_2010_2019_MPO,2014-07-17,2014,35.96739,-86.81538,True,0,0,0,,,,,,,,
100585623,Crashes_2010_2019_MPO,2014-07-17,2014,35.92433,-86.87193,False,0,0,0,,,,,,,,
100583980,Crashes_2010_2019_MPO,2014-07-17,2014,35.94756,-86.80797,False,0,0,0,,,,,,,,
100584720,Crashes_2010_2019_MPO,2014-07-17,2014,35.92923,-86.85318,False,0,0,0,,,,,,,,
100585622,Crashes_2010_2019_MPO,2014-07-17,2014,35.95088,-86.80675,False,0,0,0,,,,,,,,
100584143,Crashes_2010_2019_MPO,2014-07-17,2014,35.94613,-86.82347,False,0,0,0,,,,,,,,
100585624,Crashes_2010_2019_MPO,2014-07-18,2014,35.93581,-86.81814,False,0,0,0,,,,,,,,
100585286,Crashes_2010_2019_MPO,2014-07-18,2014,35.947,-86.81148,False,0,0,0,,,,,,,,
100584950,Crashes_2010_2019_MPO,2014-07-18,2014,35.93126,-86.87663,False,0,0,0,,,,,,,,
100584932,Crashes_2010_2019_MPO,2014-07-18,2014,35.9667,-86.6957,False,0,0,0,,,,,,,,
100584692,Crashes_2010_2019_MPO,2014-07-18,2014,36.03402,-86.78835,True,0,0,0,,,,,,,,
100584927,Crashes_2010_2019_MPO,2014-07-18,2014,35.97776,-86.80359,True,0,0,0,,,,,,,,
100585627,Crashes_2010_2019_MPO,2014-07-18,2014,35.94603,-86.8234,False,0,0,0,,,,,,,,
100584641,Crashes_2010_2019_MPO,2014-07-18,2014,36.03568,-86.79096,True,0,0,0,,,,,,,,
100584678,Crashes_2010_2019_MPO,2014-07-18,2014,35.96753,-86.71091,True,0,0,0,,,,,,,,
100584661,Crashes_2010_2019_MPO,2014-07-18,2014,35.96717,-86.81317,True,0,0,0,,,,,,,,
100584557,Crashes_2010_2019_MPO,2014-07-18,2014,35.94701,-86.85222,False,0,0,0,,,,,,,,
100585177,Crashes_2010_2019_MPO,2014-07-18,2014,35.96661,-86.67668,False,0,0,0,,,,,,,,
100584898,Crashes_2010_2019_MPO,2014-07-18,2014,36.03245,-86.875,False,0,0,0,,,,,,,,
100584703,Crashes_2010_2019_MPO,2014-07-18,2014,35.96382,-86.80841,False,0,0,0,,,,,,,,
100584523,Crashes_2010_2019_MPO,2014-07-18,2014,35.92375,-86.8697,False,0,0,0,,,,,,,,
100584488,Crashes_2010_2019_MPO,2014-07-18,2014,35.94642,-86.80889,False,0,0,0,,,,,,,,
100587257,Crashes_2010_2019_MPO,2014-07-18,2014,35.98098,-86.82916,False,0,0,0,,,,,,,,
100584966,Crashes_2010_2019_MPO,2014-07-19,2014,35.99813,-86.74341,True,0,0,0,,,,,,,,
100585441,Crashes_2010_2019_MPO,2014-07-19,2014,35.96686,-86.81362,True,0,0,0,,,,,,,,
100585176,Crashes_2010_2019_MPO,2014-07-19,2014,35.94418,-86.81977,False,0,0,0,,,,,,,,
100585493,Crashes_2010_2019_MPO,2014-07-20,2014,35.93412,-86.81871,False,0,0,0,,,,,,,,
100585567,Crashes_2010_2019_MPO,2014-07-20,2014,35.99665,-86.78982,True,0,0,0,,,,,,,,
100585713,Crashes_2010_2019_MPO,2014-07-20,2014,35.92846,-86.83378,False,0,0,0,,,,,,,,
100585559,Crashes_2010_2019_MPO,2014-07-20,2014,35.98908,-86.68167,False,0,0,0,,,,,,,,
100585560,Crashes_2010_2019_MPO,2014-07-20,2014,35.98989,-86.6823,False,0,0,0,,,,,,,,
100585549,Crashes_2010_2019_MPO,2014-07-20,2014,35.94646,-86.85194,False,0,0,0,,,,,,,,
100585965,Crashes_2010_2019_MPO,2014-07-21,2014,35.96175,-86.81404,False,0,0,0,,,,,,,,
100585809,Crashes_2010_2019_MPO,2014-07-21,2014,35.93669,-86.82244,False,0,0,0,,,,,,,,
100586166,Crashes_2010_2019_MPO,2014-07-22,2014,36.02381,-86.78642,True,0,0,0,,,,,,,,
100586157,Crashes_2010_2019_MPO,2014-07-22,2014,35.96722,-86.81353,True,0,0,0,,,,,,,,
100586414,Crashes_2010_2019_MPO,2014-07-22,2014,35.96165,-86.81222,False,0,0,0,,,,,,,,
100586346,Crashes_2010_2019_MPO,2014-07-22,2014,35.92464,-86.8712,False,0,0,0,,,,,,,,
100586688,Crashes_2010_2019_MPO,2014-07-22,2014,35.92947,-86.84135,False,0,0,0,,,,,,,,
100586721,Crashes_2010_2019_MPO,2014-07-22,2014,35.96464,-86.81125,False,0,0,0,,,,,,,,
100586413,Crashes_2010_2019_MPO,2014-07-22,2014,35.96411,-86.81465,False,0,0,0,,,,,,,,
100586227,Crashes_2010_2019_MPO,2014-07-22,2014,36.03322,-86.78786,True,0,0,0,,,,,,,,
100586345,Crashes_2010_2019_MPO,2014-07-22,2014,35.94613,-86.82347,False,0,0,0,,,,,,,,
100586527,Crashes_2010_2019_MPO,2014-07-23,2014,35.92539,-86.86896,False,0,0,0,,,,,,,,
100586716,Crashes_2010_2019_MPO,2014-07-23,2014,35.96665,-86.81078,True,0,0,0,,,,,,,,
100586797,Crashes_2010_2019_MPO,2014-07-23,2014,35.99671,-86.82852,True,0,0,0,,,,,,,,
100586695,Crashes_2010_2019_MPO,2014-07-23,2014,35.95986,-86.8125,False,0,0,0,,,,,,,,
100586903,Crashes_2010_2019_MPO,2014-07-24,2014,35.94687,-86.82178,False,0,0,0,,,,,,,,
100587380,Crashes_2010_2019_MPO,2014-07-24,2014,35.94951,-86.81931,False,0,0,0,,,,,,,,
100587157,Crashes_2010_2019_MPO,2014-07-24,2014,35.93126,-86.87663,False,0,0,0,,,,,,,,
100586998,Crashes_2010_2019_MPO,2014-07-24,2014,35.93584,-86.82467,False,0,0,0,,,,,,,,
100586854,Crashes_2010_2019_MPO,2014-07-24,2014,35.94531,-86.82307,False,0,0,0,,,,,,,,
100586970,Crashes_2010_2019_MPO,2014-07-24,2014,35.94778,-86.81995,False,0,0,0,,,,,,,,
100587109,Crashes_2010_2019_MPO,2014-07-24,2014,35.92947,-86.84135,False,0,0,0,,,,,,,,
100587410,Crashes_2010_2019_MPO,2014-07-25,2014,35.93041,-86.87616,False,0,0,0,,,,,,,,
100587442,Crashes_2010_2019_MPO,2014-07-25,2014,35.97317,-86.83101,True,0,0,0,,,,,,,,
100587404,Crashes_2010_2019_MPO,2014-07-25,2014,35.94467,-86.82949,False,0,0,0,,,,,,,,
100587755,Crashes_2010_2019_MPO,2014-07-25,2014,35.92641,-86.82446,False,0,0,0,,,,,,,,
100587570,Crashes_2010_2019_MPO,2014-07-25,2014,35.94763,-86.8222,False,0,0,0,,,,,,,,
100587322,Crashes_2010_2019_MPO,2014-07-25,2014,35.94839,-86.80774,False,0,0,0,,,,,,,,
100587633,Crashes_2010_2019_MPO,2014-07-25,2014,36.03291,-86.87473,False,0,0,0,,,,,,,,
100588673,Crashes_2010_2019_MPO,2014-07-25,2014,35.93192,-86.86289,False,0,0,0,,,,,,,,
100587373,Crashes_2010_2019_MPO,2014-07-25,2014,35.97267,-86.68948,False,0,0,0,,,,,,,,
100587809,Crashes_2010_2019_MPO,2014-07-26,2014,35.94708,-86.82186,False,0,0,0,,,,,,,,
100587973,Crashes_2010_2019_MPO,2014-07-26,2014,35.94817,-86.70063,False,0,0,0,,,,,,,,
100587834,Crashes_2010_2019_MPO,2014-07-26,2014,35.93253,-86.78788,False,0,0,0,,,,,,,,
100588616,Crashes_2010_2019_MPO,2014-07-26,2014,35.94707,-86.8219,False,0,0,0,,,,,,,,
100587727,Crashes_2010_2019_MPO,2014-07-26,2014,35.93985,-86.87951,False,0,0,0,,,,,,,,
100588267,Crashes_2010_2019_MPO,2014-07-27,2014,35.97795,-86.85247,False,0,0,0,,,,,,,,
100588181,Crashes_2010_2019_MPO,2014-07-27,2014,35.9229,-86.82635,False,0,0,0,,,,,,,,
100590175,Crashes_2010_2019_MPO,2014-07-28,2014,35.93898,-86.68448,False,0,0,0,,,,,,,,
100588456,Crashes_2010_2019_MPO,2014-07-28,2014,35.94757,-86.81398,False,0,0,0,,,,,,,,
100588503,Crashes_2010_2019_MPO,2014-07-28,2014,35.95133,-86.80629,False,0,0,0,,,,,,,,
100588478,Crashes_2010_2019_MPO,2014-07-28,2014,35.94023,-86.83128,False,0,0,0,,,,,,,,
100588291,Crashes_2010_2019_MPO,2014-07-28,2014,35.98848,-86.7401,True,0,0,0,,,,,,,,
100588538,Crashes_2010_2019_MPO,2014-07-28,2014,35.94323,-86.82074,False,0,0,0,,,,,,,,
100588317,Crashes_2010_2019_MPO,2014-07-28,2014,35.97717,-86.67814,False,0,0,0,,,,,,,,
100588422,Crashes_2010_2019_MPO,2014-07-28,2014,35.94089,-86.8349,False,0,0,0,,,,,,,,
100588575,Crashes_2010_2019_MPO,2014-07-28,2014,35.96321,-86.81117,False,0,0,0,,,,,,,,
100588560,Crashes_2010_2019_MPO,2014-07-28,2014,35.93149,-86.87849,False,0,0,0,,,,,,,,
100588499,Crashes_2010_2019_MPO,2014-07-28,2014,36.0242,-86.7862,True,0,0,0,,,,,,,,
100588828,Crashes_2010_2019_MPO,2014-07-28,2014,35.93017,-86.85142,False,0,0,0,,,,,,,,
100588602,Crashes_2010_2019_MPO,2014-07-28,2014,35.97765,-86.80363,True,0,0,0,,,,,,,,
100588877,Crashes_2010_2019_MPO,2014-07-29,2014,35.96653,-86.80997,True,0,0,0,,,,,,,,
100588840,Crashes_2010_2019_MPO,2014-07-29,2014,36.0055,-86.73536,True,0,0,0,,,,,,,,
100588682,Crashes_2010_2019_MPO,2014-07-29,2014,35.96675,-86.80906,True,0,0,0,,,,,,,,
100588945,Crashes_2010_2019_MPO,2014-07-29,2014,35.93153,-86.81965,False,0,0,0,,,,,,,,
100588773,Crashes_2010_2019_MPO,2014-07-29,2014,36.04248,-86.71284,False,0,0,0,,,,,,,,
100589033,Crashes_2010_2019_MPO,2014-07-29,2014,35.94858,-86.81993,False,0,0,0,,,,,,,,
100588725,Crashes_2010_2019_MPO,2014-07-29,2014,35.93398,-86.85934,False,0,0,0,,,,,,,,
100589019,Crashes_2010_2019_MPO,2014-07-29,2014,35.93473,-86.8213,False,0,0,0,,,,,,,,
100589058,Crashes_2010_2019_MPO,2014-07-30,2014,36.01569,-86.8459,True,0,0,0,,,,,,,,
100589050,Crashes_2010_2019_MPO,2014-07-30,2014,36.03402,-86.79489,True,0,0,0,,,,,,,,
100589099,Crashes_2010_2019_MPO,2014-07-30,2014,35.92395,-86.86983,False,0,0,0,,,,,,,,
100589189,Crashes_2010_2019_MPO,2014-07-30,2014,35.96755,-86.81669,True,0,0,0,,,,,,,,
100589252,Crashes_2010_2019_MPO,2014-07-30,2014,35.99735,-86.79484,True,0,0,0,,,,,,,,
100589182,Crashes_2010_2019_MPO,2014-07-30,2014,35.99735,-86.79489,True,0,0,0,,,,,,,,
100589034,Crashes_2010_2019_MPO,2014-07-30,2014,35.92659,-86.81605,False,0,0,0,,,,,,,,
100589021,Crashes_2010_2019_MPO,2014-07-30,2014,36.02864,-86.85806,False,0,0,0,,,,,,,,
100589303,Crashes_2010_2019_MPO,2014-07-31,2014,35.96629,-86.84581,False,0,0,0,,,,,,,,
100589731,Crashes_2010_2019_MPO,2014-07-31,2014,35.93769,-86.70336,False,0,0,0,,,,,,,,
100590514,Crashes_2010_2019_MPO,2014-07-31,2014,35.96042,-86.80152,False,0,0,0,,,,,,,,
100589549,Crashes_2010_2019_MPO,2014-07-31,2014,35.93315,-86.81169,False,0,0,0,,,,,,,,
100589491,Crashes_2010_2019_MPO,2014-07-31,2014,35.94068,-86.83938,False,0,0,0,,,,,,,,
100589545,Crashes_2010_2019_MPO,2014-07-31,2014,35.9661,-86.80446,True,0,0,0,,,,,,,,
100589991,Crashes_2010_2019_MPO,2014-08-01,2014,35.95228,-86.81915,False,0,0,0,,,,,,,,
100590649,Crashes_2010_2019_MPO,2014-08-01,2014,35.93283,-86.8774,False,0,0,0,,,,,,,,
100590399,Crashes_2010_2019_MPO,2014-08-01,2014,35.9673,-86.79033,True,0,0,0,,,,,,,,
100590176,Crashes_2010_2019_MPO,2014-08-01,2014,35.94818,-86.81724,False,0,0,0,,,,,,,,
100590303,Crashes_2010_2019_MPO,2014-08-01,2014,35.99542,-86.78566,True,0,0,0,,,,,,,,
100590227,Crashes_2010_2019_MPO,2014-08-02,2014,35.9954,-86.78972,True,0,0,0,,,,,,,,
100590263,Crashes_2010_2019_MPO,2014-08-02,2014,35.9486,-86.81972,False,0,0,0,,,,,,,,
100590460,Crashes_2010_2019_MPO,2014-08-02,2014,35.97032,-86.72551,True,0,0,0,,,,,,,,
100590764,Crashes_2010_2019_MPO,2014-08-03,2014,35.96199,-86.81514,False,0,0,0,,,,,,,,
100595064,Crashes_2010_2019_MPO,2014-08-03,2014,35.92426,-86.79532,False,0,0,0,,,,,,,,
100590770,Crashes_2010_2019_MPO,2014-08-03,2014,35.97067,-86.7268,True,0,0,0,,,,,,,,
100590856,Crashes_2010_2019_MPO,2014-08-03,2014,35.942,-86.82508,False,0,0,0,,,,,,,,
100591196,Crashes_2010_2019_MPO,2014-08-04,2014,35.95365,-86.80196,False,0,0,0,,,,,,,,
100591189,Crashes_2010_2019_MPO,2014-08-04,2014,35.97311,-86.83047,True,0,0,0,,,,,,,,
100591166,Crashes_2010_2019_MPO,2014-08-04,2014,35.96665,-86.80927,True,0,0,0,,,,,,,,
100591170,Crashes_2010_2019_MPO,2014-08-04,2014,36.03507,-86.78773,True,0,0,0,,,,,,,,
100591273,Crashes_2010_2019_MPO,2014-08-04,2014,35.92738,-86.86871,False,0,0,0,,,,,,,,
100591255,Crashes_2010_2019_MPO,2014-08-04,2014,35.94976,-86.87744,False,0,0,0,,,,,,,,
100591554,Crashes_2010_2019_MPO,2014-08-05,2014,35.9582,-86.80266,False,0,0,0,,,,,,,,
100591374,Crashes_2010_2019_MPO,2014-08-05,2014,35.97466,-86.80465,True,0,0,0,,,,,,,,
100591637,Crashes_2010_2019_MPO,2014-08-05,2014,35.92947,-86.87556,False,0,0,0,,,,,,,,
100591736,Crashes_2010_2019_MPO,2014-08-05,2014,36.03447,-86.79266,True,0,0,0,,,,,,,,
100591692,Crashes_2010_2019_MPO,2014-08-05,2014,36.00105,-86.70284,True,0,0,0,,,,,,,,
100595187,Crashes_2010_2019_MPO,2014-08-05,2014,35.93825,-86.82865,False,0,0,0,,,,,,,,
100591752,Crashes_2010_2019_MPO,2014-08-05,2014,35.92838,-86.83379,False,0,0,0,,,,,,,,
100591693,Crashes_2010_2019_MPO,2014-08-05,2014,35.99607,-86.78474,True,0,0,0,,,,,,,,
100591530,Crashes_2010_2019_MPO,2014-08-05,2014,35.96189,-86.81535,False,0,0,0,,,,,,,,
100591872,Crashes_2010_2019_MPO,2014-08-05,2014,35.94664,-86.82233,False,0,0,0,,,,,,,,
100591846,Crashes_2010_2019_MPO,2014-08-05,2014,35.95085,-86.80667,False,0,0,0,,,,,,,,
100591460,Crashes_2010_2019_MPO,2014-08-05,2014,35.92823,-86.76738,False,0,0,0,,,,,,,,
100592186,Crashes_2010_2019_MPO,2014-08-06,2014,35.9541,-86.81547,False,0,0,0,,,,,,,,
100592229,Crashes_2010_2019_MPO,2014-08-06,2014,36.00759,-86.72002,True,0,0,1,,,,,,,,