record_no,source_layer,collision_ts,crash_year,latitude,longitude,in_city,fatalities,non_motorists,truck_involved,serious_injuries,pedestrian,bicycle,crash_type,manner_of_collision,lighting,weather,first_harmful_event
100595030,Crashes_2010_2019_MPO,2014-08-06,2014,36.01481,-86.78575,True,0,0,0,,,,,,,,
100592099,Crashes_2010_2019_MPO,2014-08-06,2014,35.95889,-86.81597,False,0,0,0,,,,,,,,
100592073,Crashes_2010_2019_MPO,2014-08-06,2014,35.9331,-86.86034,False,0,0,0,,,,,,,,
100592049,Crashes_2010_2019_MPO,2014-08-06,2014,35.96386,-86.8004,True,0,0,0,,,,,,,,
100591995,Crashes_2010_2019_MPO,2014-08-06,2014,35.96674,-86.80907,True,0,0,0,,,,,,,,
100592094,Crashes_2010_2019_MPO,2014-08-06,2014,35.96485,-86.80805,False,0,0,0,,,,,,,,
100592476,Crashes_2010_2019_MPO,2014-08-07,2014,35.96692,-86.81258,True,0,0,0,,,,,,,,
100592581,Crashes_2010_2019_MPO,2014-08-07,2014,36.0343,-86.79174,True,0,0,0,,,,,,,,
100592387,Crashes_2010_2019_MPO,2014-08-07,2014,35.96272,-86.80132,True,0,0,0,,,,,,,,
100592479,Crashes_2010_2019_MPO,2014-08-07,2014,35.95401,-86.82647,False,0,0,0,,,,,,,,
100592475,Crashes_2010_2019_MPO,2014-08-07,2014,36.03336,-86.78872,True,0,0,0,,,,,,,,
100592579,Crashes_2010_2019_MPO,2014-08-07,2014,35.93453,-86.86095,False,0,0,0,,,,,,,,
100593994,Crashes_2010_2019_MPO,2014-08-08,2014,35.9649,-86.81547,True,0,0,0,,,,,,,,
100592943,Crashes_2010_2019_MPO,2014-08-08,2014,36.03362,-86.78538,True,0,0,0,,,,,,,,
100593190,Crashes_2010_2019_MPO,2014-08-08,2014,35.9653,-86.81239,False,0,0,0,,,,,,,,
100592932,Crashes_2010_2019_MPO,2014-08-08,2014,36.01362,-86.8046,True,0,0,0,,,,,,,,
100592783,Crashes_2010_2019_MPO,2014-08-08,2014,36.01567,-86.82003,True,0,0,0,,,,,,,,
100594098,Crashes_2010_2019_MPO,2014-08-09,2014,35.92365,-86.86783,False,0,0,0,,,,,,,,
100593627,Crashes_2010_2019_MPO,2014-08-09,2014,35.95276,-86.81225,False,0,0,0,,,,,,,,
100593823,Crashes_2010_2019_MPO,2014-08-09,2014,35.93286,-86.71373,False,0,0,0,,,,,,,,
100593430,Crashes_2010_2019_MPO,2014-08-09,2014,35.93461,-86.82012,False,0,0,0,,,,,,,,
100593765,Crashes_2010_2019_MPO,2014-08-09,2014,35.99107,-86.77834,True,0,0,0,,,,,,,,
100593454,Crashes_2010_2019_MPO,2014-08-09,2014,35.92547,-86.87275,False,0,0,0,,,,,,,,
100594204,Crashes_2010_2019_MPO,2014-08-10,2014,35.9583,-86.80229,False,0,0,0,,,,,,,,
100593938,Crashes_2010_2019_MPO,2014-08-10,2014,35.99038,-86.77823,True,0,0,0,,,,,,,,
100594876,Crashes_2010_2019_MPO,2014-08-10,2014,35.95718,-86.81624,False,0,0,0,,,,,,,,
100593736,Crashes_2010_2019_MPO,2014-08-10,2014,35.99735,-86.79484,True,0,0,0,,,,,,,,
100593958,Crashes_2010_2019_MPO,2014-08-10,2014,35.93458,-86.8208,False,0,0,0,,,,,,,,
100594461,Crashes_2010_2019_MPO,2014-08-11,2014,35.92408,-86.87126,False,0,0,0,,,,,,,,
100594411,Crashes_2010_2019_MPO,2014-08-11,2014,35.94873,-86.83188,False,0,0,0,,,,,,,,
100594537,Crashes_2010_2019_MPO,2014-08-11,2014,35.92641,-86.82446,False,0,0,0,,,,,,,,
100594366,Crashes_2010_2019_MPO,2014-08-11,2014,36.02954,-86.79081,True,0,0,0,,,,,,,,
100594444,Crashes_2010_2019_MPO,2014-08-11,2014,35.98989,-86.74361,True,0,0,1,,,,,,,,
100594459,Crashes_2010_2019_MPO,2014-08-11,2014,35.95772,-86.8026,False,0,0,0,,,,,,,,
100594494,Crashes_2010_2019_MPO,2014-08-11,2014,35.97117,-86.72648,True,0,0,0,,,,,,,,
100594460,Crashes_2010_2019_MPO,2014-08-11,2014,35.92378,-86.86903,False,0,0,0,,,,,,,,
100594424,Crashes_2010_2019_MPO,2014-08-11,2014,35.98744,-86.73819,True,0,0,0,,,,,,,,
100594898,Crashes_2010_2019_MPO,2014-08-12,2014,35.93117,-86.79409,False,0,0,0,,,,,,,,
100595002,Crashes_2010_2019_MPO,2014-08-12,2014,35.98085,-86.71133,True,0,0,0,,,,,,,,
100594649,Crashes_2010_2019_MPO,2014-08-12,2014,35.94695,-86.81193,False,0,0,0,,,,,,,,
100594629,Crashes_2010_2019_MPO,2014-08-12,2014,35.98056,-86.74577,True,0,0,0,,,,,,,,
100594844,Crashes_2010_2019_MPO,2014-08-12,2014,35.9312,-86.7939,False,0,0,0,,,,,,,,
100594946,Crashes_2010_2019_MPO,2014-08-12,2014,36.01711,-86.78641,True,0,0,0,,,,,,,,
100594639,Crashes_2010_2019_MPO,2014-08-12,2014,36.01655,-86.78625,True,0,0,0,,,,,,,,
100594945,Crashes_2010_2019_MPO,2014-08-12,2014,36.02768,-86.79185,True,0,0,0,,,,,,,,
100595286,Crashes_2010_2019_MPO,2014-08-13,2014,35.92738,-86.86871,False,0,0,0,,,,,,,,
100595175,Crashes_2010_2019_MPO,2014-08-13,2014,35.92691,-86.78527,False,0,0,0,,,,,,,,
100608735,Crashes_2010_2019_MPO,2014-08-13,2014,35.93133,-86.79294,False,0,0,0,,,,,,,,
100595542,Crashes_2010_2019_MPO,2014-08-13,2014,35.96708,-86.81356,True,0,0,0,,,,,,,,
100595122,Crashes_2010_2019_MPO,2014-08-13,2014,35.96756,-86.80711,True,0,0,0,,,,,,,,
100595047,Crashes_2010_2019_MPO,2014-08-13,2014,36.02819,-86.78419,True,0,0,0,,,,,,,,
100595320,Crashes_2010_2019_MPO,2014-08-13,2014,35.95308,-86.8467,False,0,0,0,,,,,,,,
100595287,Crashes_2010_2019_MPO,2014-08-13,2014,35.94426,-86.82182,False,0,0,0,,,,,,,,
100595091,Crashes_2010_2019_MPO,2014-08-13,2014,35.95903,-86.82437,False,0,0,0,,,,,,,,
100595666,Crashes_2010_2019_MPO,2014-08-14,2014,36.03388,-86.78843,True,0,0,0,,,,,,,,
100597927,Crashes_2010_2019_MPO,2014-08-14,2014,35.92363,-86.76699,False,0,0,0,,,,,,,,
100595898,Crashes_2010_2019_MPO,2014-08-14,2014,35.99638,-86.79715,True,0,0,0,,,,,,,,
100608734,Crashes_2010_2019_MPO,2014-08-14,2014,36.01689,-86.78609,True,0,0,0,,,,,,,,
100595734,Crashes_2010_2019_MPO,2014-08-14,2014,35.9976,-86.81008,True,0,0,0,,,,,,,,
100595481,Crashes_2010_2019_MPO,2014-08-14,2014,35.95635,-86.76731,True,0,1,0,,,,,,,,
100595573,Crashes_2010_2019_MPO,2014-08-14,2014,35.95953,-86.80634,False,0,0,0,,,,,,,,
100595748,Crashes_2010_2019_MPO,2014-08-14,2014,35.94615,-86.80778,False,0,0,0,,,,,,,,
100595715,Crashes_2010_2019_MPO,2014-08-14,2014,35.929,-86.8243,False,0,0,0,,,,,,,,
100595501,Crashes_2010_2019_MPO,2014-08-14,2014,35.92839,-86.76536,False,0,0,0,,,,,,,,
100597607,Crashes_2010_2019_MPO,2014-08-14,2014,35.94773,-86.83668,False,0,0,0,,,,,,,,
100595841,Crashes_2010_2019_MPO,2014-08-14,2014,35.94653,-86.80904,False,0,0,0,,,,,,,,
100595885,Crashes_2010_2019_MPO,2014-08-15,2014,36.00563,-86.72439,True,0,0,0,,,,,,,,
100595970,Crashes_2010_2019_MPO,2014-08-15,2014,35.99652,-86.78879,True,0,0,0,,,,,,,,
100596079,Crashes_2010_2019_MPO,2014-08-15,2014,35.93224,-86.79418,False,0,0,0,,,,,,,,
100596050,Crashes_2010_2019_MPO,2014-08-15,2014,35.94091,-86.83943,False,0,0,0,,,,,,,,
100596215,Crashes_2010_2019_MPO,2014-08-15,2014,35.93026,-86.8241,False,0,0,0,,,,,,,,
100596122,Crashes_2010_2019_MPO,2014-08-15,2014,35.96589,-86.80587,True,0,0,0,,,,,,,,
100596571,Crashes_2010_2019_MPO,2014-08-16,2014,35.93985,-86.87951,False,0,0,0,,,,,,,,
100597274,Crashes_2010_2019_MPO,2014-08-16,2014,35.9914,-86.68368,False,0,0,0,,,,,,,,
100596753,Crashes_2010_2019_MPO,2014-08-16,2014,35.96601,-86.77921,True,0,0,0,,,,,,,,
100596999,Crashes_2010_2019_MPO,2014-08-17,2014,35.97043,-86.72568,True,0,0,0,,,,,,,,
100596878,Crashes_2010_2019_MPO,2014-08-17,2014,35.97071,-86.72612,True,0,0,0,,,,,,,,
100596779,Crashes_2010_2019_MPO,2014-08-17,2014,36.00453,-86.81905,True,0,0,0,,,,,,,,
100597334,Crashes_2010_2019_MPO,2014-08-18,2014,35.93357,-86.86166,False,0,0,0,,,,,,,,
100597235,Crashes_2010_2019_MPO,2014-08-18,2014,35.99348,-86.82902,True,0,0,0,,,,,,,,
100597533,Crashes_2010_2019_MPO,2014-08-18,2014,35.9349,-86.82123,False,0,0,0,,,,,,,,
100597206,Crashes_2010_2019_MPO,2014-08-18,2014,36.03163,-86.81763,True,0,0,0,,,,,,,,
100597333,Crashes_2010_2019_MPO,2014-08-18,2014,35.96203,-86.81531,False,0,0,0,,,,,,,,
100598162,Crashes_2010_2019_MPO,2014-08-19,2014,35.93486,-86.82916,False,0,0,0,,,,,,,,
100597907,Crashes_2010_2019_MPO,2014-08-19,2014,35.99107,-86.77834,True,0,0,0,,,,,,,,
100608615,Crashes_2010_2019_MPO,2014-08-20,2014,35.97004,-86.80668,True,0,0,0,,,,,,,,
100608375,Crashes_2010_2019_MPO,2014-08-20,2014,35.99645,-86.78815,True,0,0,0,,,,,,,,
100598009,Crashes_2010_2019_MPO,2014-08-20,2014,35.96708,-86.81356,True,0,0,0,,,,,,,,
100608540,Crashes_2010_2019_MPO,2014-08-20,2014,36.03446,-86.81719,True,0,0,0,,,,,,,,
100598211,Crashes_2010_2019_MPO,2014-08-20,2014,35.96488,-86.81439,False,0,0,0,,,,,,,,
100608339,Crashes_2010_2019_MPO,2014-08-20,2014,35.97559,-86.83876,False,0,0,0,,,,,,,,
100598175,Crashes_2010_2019_MPO,2014-08-20,2014,35.93896,-86.76792,False,0,0,0,,,,,,,,
100608471,Crashes_2010_2019_MPO,2014-08-21,2014,35.94897,-86.744,True,0,0,0,,,,,,,,
100608496,Crashes_2010_2019_MPO,2014-08-21,2014,35.94864,-86.81971,False,0,0,0,,,,,,,,
100608670,Crashes_2010_2019_MPO,2014-08-21,2014,35.9337,-86.81761,False,0,0,0,,,,,,,,
100608483,Crashes_2010_2019_MPO,2014-08-21,2014,35.95021,-86.76266,True,0,0,0,,,,,,,,
100608893,Crashes_2010_2019_MPO,2014-08-21,2014,35.96281,-86.81153,False,0,0,0,,,,,,,,
100608683,Crashes_2010_2019_MPO,2014-08-21,2014,35.99639,-86.78765,True,0,0,0,,,,,,,,
100609027,Crashes_2010_2019_MPO,2014-08-22,2014,35.94035,-86.83301,False,0,0,0,,,,,,,,
100610844,Crashes_2010_2019_MPO,2014-08-22,2014,35.94839,-86.80774,False,0,0,0,,,,,,,,
100608886,Crashes_2010_2019_MPO,2014-08-22,2014,36.0332,-86.78237,True,0,0,0,,,,,,,,
100609159,Crashes_2010_2019_MPO,2014-08-22,2014,36.03623,-86.80228,True,0,0,0,,,,,,,,
100608995,Crashes_2010_2019_MPO,2014-08-22,2014,35.95114,-86.80224,False,0,0,0,,,,,,,,
100609269,Crashes_2010_2019_MPO,2014-08-22,2014,35.92955,-86.84264,False,0,0,0,,,,,,,,
100609054,Crashes_2010_2019_MPO,2014-08-22,2014,35.9667,-86.80978,True,0,0,0,,,,,,,,
100609655,Crashes_2010_2019_MPO,2014-08-23,2014,35.96136,-86.81234,False,0,0,0,,,,,,,,
100609656,Crashes_2010_2019_MPO,2014-08-23,2014,35.94633,-86.80851,False,0,0,0,,,,,,,,
100609657,Crashes_2010_2019_MPO,2014-08-23,2014,35.94686,-86.85162,False,0,0,0,,,,,,,,
100609499,Crashes_2010_2019_MPO,2014-08-23,2014,35.92372,-86.87148,False,0,0,0,,,,,,,,
100609410,Crashes_2010_2019_MPO,2014-08-23,2014,35.95062,-86.84868,False,0,0,0,,,,,,,,
100609658,Crashes_2010_2019_MPO,2014-08-23,2014,35.93499,-86.77616,False,0,0,0,,,,,,,,
100609922,Crashes_2010_2019_MPO,2014-08-24,2014,35.99782,-86.7989,True,0,0,0,,,,,,,,
100610706,Crashes_2010_2019_MPO,2014-08-24,2014,35.93283,-86.8774,False,0,0,0,,,,,,,,
100610066,Crashes_2010_2019_MPO,2014-08-24,2014,35.99169,-86.79876,True,0,0,1,,,,,,,,
100609836,Crashes_2010_2019_MPO,2014-08-24,2014,35.99876,-86.80691,True,0,0,0,,,,,,,,
100610310,Crashes_2010_2019_MPO,2014-08-25,2014,35.9744,-86.83204,True,0,0,0,,,,,,,,
100610357,Crashes_2010_2019_MPO,2014-08-25,2014,35.96809,-86.81303,True,0,0,0,,,,,,,,
100610788,Crashes_2010_2019_MPO,2014-08-26,2014,35.94027,-86.83904,False,0,0,0,,,,,,,,
100611105,Crashes_2010_2019_MPO,2014-08-26,2014,35.97151,-86.80617,True,0,0,0,,,,,,,,
100610564,Crashes_2010_2019_MPO,2014-08-26,2014,35.92725,-86.81544,False,0,0,1,,,,,,,,
100610843,Crashes_2010_2019_MPO,2014-08-26,2014,35.99015,-86.74627,True,0,0,0,,,,,,,,
100611277,Crashes_2010_2019_MPO,2014-08-26,2014,35.95345,-86.7148,False,0,0,0,,,,,,,,
100610863,Crashes_2010_2019_MPO,2014-08-26,2014,35.9771,-86.79982,True,0,1,0,,,,,,,,
100610508,Crashes_2010_2019_MPO,2014-08-26,2014,35.9498,-86.8648,False,0,0,0,,,,,,,,
100610764,Crashes_2010_2019_MPO,2014-08-26,2014,35.94428,-86.81993,False,0,0,0,,,,,,,,
100611097,Crashes_2010_2019_MPO,2014-08-27,2014,36.05437,-86.71567,False,0,0,0,,,,,,,,
100611430,Crashes_2010_2019_MPO,2014-08-27,2014,35.99813,-86.78805,True,0,0,0,,,,,,,,
100611043,Crashes_2010_2019_MPO,2014-08-27,2014,35.94817,-86.81766,False,0,0,0,,,,,,,,
100611550,Crashes_2010_2019_MPO,2014-08-28,2014,35.94803,-86.86369,False,0,0,1,,,,,,,,
100611383,Crashes_2010_2019_MPO,2014-08-28,2014,35.97907,-86.80337,True,0,0,0,,,,,,,,
100612122,Crashes_2010_2019_MPO,2014-08-29,2014,35.93759,-86.8789,False,0,0,0,,,,,,,,
100612541,Crashes_2010_2019_MPO,2014-08-30,2014,35.95386,-86.81443,False,0,0,0,,,,,,,,
100612444,Crashes_2010_2019_MPO,2014-08-30,2014,35.95778,-86.81439,False,0,0,0,,,,,,,,
100612410,Crashes_2010_2019_MPO,2014-08-30,2014,35.95197,-86.81766,False,0,0,0,,,,,,,,
100612511,Crashes_2010_2019_MPO,2014-08-30,2014,35.9262,-86.72694,False,0,0,0,,,,,,,,
100612500,Crashes_2010_2019_MPO,2014-08-30,2014,35.96082,-86.81323,False,0,0,0,,,,,,,,
100612559,Crashes_2010_2019_MPO,2014-08-30,2014,35.94531,-86.82307,False,0,0,0,,,,,,,,
100612789,Crashes_2010_2019_MPO,2014-08-31,2014,36.02909,-86.79386,True,0,0,0,,,,,,,,
100612888,Crashes_2010_2019_MPO,2014-08-31,2014,35.95084,-86.81864,False,0,0,0,,,,,,,,
100615096,Crashes_2010_2019_MPO,2014-08-31,2014,35.94426,-86.82182,False,0,0,0,,,,,,,,
100613142,Crashes_2010_2019_MPO,2014-09-01,2014,35.99924,-86.80919,True,0,0,0,,,,,,,,
100613294,Crashes_2010_2019_MPO,2014-09-01,2014,35.94999,-86.81575,False,0,1,0,,,,,,,,
100613221,Crashes_2010_2019_MPO,2014-09-01,2014,35.94738,-86.82168,False,0,0,0,,,,,,,,
100613297,Crashes_2010_2019_MPO,2014-09-01,2014,35.92635,-86.82451,False,0,0,0,,,,,,,,
100613826,Crashes_2010_2019_MPO,2014-09-02,2014,35.92355,-86.86804,False,0,0,0,,,,,,,,
100613582,Crashes_2010_2019_MPO,2014-09-02,2014,35.92413,-86.8674,False,0,0,0,,,,,,,,
100613536,Crashes_2010_2019_MPO,2014-09-02,2014,35.92641,-86.82446,False,0,0,0,,,,,,,,
100613450,Crashes_2010_2019_MPO,2014-09-02,2014,35.93218,-86.79404,False,0,0,0,,,,,,,,
100613708,Crashes_2010_2019_MPO,2014-09-02,2014,35.9583,-86.80229,False,0,0,0,,,,,,,,
100614341,Crashes_2010_2019_MPO,2014-09-03,2014,35.94722,-86.85519,False,0,0,0,,,,,,,,
100614197,Crashes_2010_2019_MPO,2014-09-03,2014,35.95789,-86.81072,False,0,0,0,,,,,,,,
100613954,Crashes_2010_2019_MPO,2014-09-03,2014,36.00574,-86.78921,True,0,0,0,,,,,,,,
100614254,Crashes_2010_2019_MPO,2014-09-03,2014,35.99616,-86.78563,True,0,0,0,,,,,,,,
100614173,Crashes_2010_2019_MPO,2014-09-03,2014,36.01262,-86.80097,True,0,0,0,,,,,,,,
100614277,Crashes_2010_2019_MPO,2014-09-03,2014,35.94613,-86.82347,False,0,0,0,,,,,,,,
100615324,Crashes_2010_2019_MPO,2014-09-03,2014,36.02724,-86.78425,True,0,0,0,,,,,,,,
100614043,Crashes_2010_2019_MPO,2014-09-03,2014,36.00948,-86.78586,True,0,0,0,,,,,,,,
100614058,Crashes_2010_2019_MPO,2014-09-03,2014,35.97778,-86.80382,True,0,0,1,,,,,,,,
100614509,Crashes_2010_2019_MPO,2014-09-03,2014,35.99677,-86.79701,True,0,0,0,,,,,,,,
100615323,Crashes_2010_2019_MPO,2014-09-03,2014,36.02724,-86.78425,True,0,0,0,,,,,,,,
100614705,Crashes_2010_2019_MPO,2014-09-04,2014,35.93099,-86.86359,False,0,0,0,,,,,,,,
100614817,Crashes_2010_2019_MPO,2014-09-04,2014,35.92598,-86.82046,False,0,0,0,,,,,,,,
100614619,Crashes_2010_2019_MPO,2014-09-04,2014,35.93029,-86.87609,False,0,0,0,,,,,,,,
100614665,Crashes_2010_2019_MPO,2014-09-04,2014,35.94743,-86.82176,False,0,0,0,,,,,,,,
100614461,Crashes_2010_2019_MPO,2014-09-04,2014,35.94633,-86.80851,False,0,0,0,,,,,,,,
100614741,Crashes_2010_2019_MPO,2014-09-04,2014,36.00926,-86.78602,True,0,0,0,,,,,,,,
100614417,Crashes_2010_2019_MPO,2014-09-04,2014,35.93461,-86.82012,False,0,0,0,,,,,,,,
100614704,Crashes_2010_2019_MPO,2014-09-04,2014,35.93646,-86.82074,False,0,0,0,,,,,,,,
100614862,Crashes_2010_2019_MPO,2014-09-04,2014,35.95368,-86.7196,False,0,0,1,,,,,,,,
100615504,Crashes_2010_2019_MPO,2014-09-05,2014,35.95873,-86.81602,False,0,0,0,,,,,,,,
100615217,Crashes_2010_2019_MPO,2014-09-05,2014,35.94315,-86.82081,False,0,0,0,,,,,,,,
100615224,Crashes_2010_2019_MPO,2014-09-05,2014,36.00221,-86.79316,True,0,0,0,,,,,,,,
100615122,Crashes_2010_2019_MPO,2014-09-05,2014,35.96682,-86.81189,True,0,0,0,,,,,,,,
100615223,Crashes_2010_2019_MPO,2014-09-05,2014,35.96748,-86.81615,True,0,0,0,,,,,,,,
100615038,Crashes_2010_2019_MPO,2014-09-05,2014,35.92547,-86.87275,False,0,0,0,,,,,,,,
100615332,Crashes_2010_2019_MPO,2014-09-06,2014,35.92674,-86.87005,False,0,0,0,,,,,,,,
100615553,Crashes_2010_2019_MPO,2014-09-06,2014,35.93492,-86.82134,False,0,0,0,,,,,,,,
100615557,Crashes_2010_2019_MPO,2014-09-06,2014,35.93494,-86.77684,False,0,0,0,,,,,,,,
100616587,Crashes_2010_2019_MPO,2014-09-06,2014,35.9395,-86.82143,False,0,0,0,,,,,,,,
100615496,Crashes_2010_2019_MPO,2014-09-06,2014,35.94069,-86.8316,False,0,0,0,,,,,,,,
100615644,Crashes_2010_2019_MPO,2014-09-06,2014,35.949,-86.81959,False,0,0,0,,,,,,,,
100615892,Crashes_2010_2019_MPO,2014-09-06,2014,35.94696,-86.85137,False,0,0,0,,,,,,,,
100616197,Crashes_2010_2019_MPO,2014-09-07,2014,35.9236,-86.76701,False,0,0,0,,,,,,,,
100616122,Crashes_2010_2019_MPO,2014-09-07,2014,35.94707,-86.8219,False,0,0,0,,,,,,,,
100616318,Crashes_2010_2019_MPO,2014-09-08,2014,35.92357,-86.87145,False,0,0,0,,,,,,,,
100616368,Crashes_2010_2019_MPO,2014-09-08,2014,35.95259,-86.81795,False,0,0,0,,,,,,,,
100616835,Crashes_2010_2019_MPO,2014-09-08,2014,35.9688,-86.67775,False,0,0,0,,,,,,,,
100616914,Crashes_2010_2019_MPO,2014-09-09,2014,35.9481,-86.86138,False,0,0,0,,,,,,,,
100617018,Crashes_2010_2019_MPO,2014-09-09,2014,36.03493,-86.78781,True,0,0,0,,,,,,,,
100616873,Crashes_2010_2019_MPO,2014-09-09,2014,36.01284,-86.80082,True,0,0,0,,,,,,,,
100616857,Crashes_2010_2019_MPO,2014-09-09,2014,35.99619,-86.78588,True,0,0,0,,,,,,,,
100616894,Crashes_2010_2019_MPO,2014-09-09,2014,35.97231,-86.86638,False,0,0,0,,,,,,,,
100617236,Crashes_2010_2019_MPO,2014-09-10,2014,35.93626,-86.82805,False,0,0,0,,,,,,,,
100617200,Crashes_2010_2019_MPO,2014-09-10,2014,35.96705,-86.81339,True,0,0,0,,,,,,,,
100617179,Crashes_2010_2019_MPO,2014-09-10,2014,35.97068,-86.80603,True,0,0,0,,,,,,,,
100617729,Crashes_2010_2019_MPO,2014-09-11,2014,35.98466,-86.72558,True,0,0,0,,,,,,,,
100617746,Crashes_2010_2019_MPO,2014-09-11,2014,36.03308,-86.8174,True,0,0,0,,,,,,,,
100617775,Crashes_2010_2019_MPO,2014-09-11,2014,35.96687,-86.81113,True,0,0,0,,,,,,,,
100617428,Crashes_2010_2019_MPO,2014-09-11,2014,35.94816,-86.81784,False,0,0,0,,,,,,,,
100617548,Crashes_2010_2019_MPO,2014-09-11,2014,35.95535,-86.80391,False,0,0,0,,,,,,,,
100617754,Crashes_2010_2019_MPO,2014-09-11,2014,35.93546,-86.82377,False,0,0,0,,,,,,,,
100617960,Crashes_2010_2019_MPO,2014-09-12,2014,35.962,-86.81517,False,0,0,0,,,,,,,,
100618394,Crashes_2010_2019_MPO,2014-09-12,2014,35.93546,-86.82377,False,0,0,0,,,,,,,,
100630501,Crashes_2010_2019_MPO,2014-09-12,2014,35.97255,-86.86011,False,0,0,0,,,,,,,,
100618243,Crashes_2010_2019_MPO,2014-09-12,2014,35.94873,-86.83188,False,0,0,0,,,,,,,,
100618395,Crashes_2010_2019_MPO,2014-09-12,2014,35.9583,-86.80175,False,0,0,0,,,,,,,,
100618244,Crashes_2010_2019_MPO,2014-09-12,2014,35.962,-86.81517,False,0,0,0,,,,,,,,
100618646,Crashes_2010_2019_MPO,2014-09-13,2014,35.99655,-86.81064,True,0,0,0,,,,,,,,
100618731,Crashes_2010_2019_MPO,2014-09-13,2014,35.9344,-86.82386,False,0,0,0,,,,,,,,
100618774,Crashes_2010_2019_MPO,2014-09-13,2014,35.94811,-86.81957,False,0,0,0,,,,,,,,
100618728,Crashes_2010_2019_MPO,2014-09-13,2014,35.94817,-86.81756,False,0,0,0,,,,,,,,
100618585,Crashes_2010_2019_MPO,2014-09-13,2014,35.92954,-86.84187,False,0,0,0,,,,,,,,
100618796,Crashes_2010_2019_MPO,2014-09-14,2014,35.96539,-86.79779,True,0,0,0,,,,,,,,
100618927,Crashes_2010_2019_MPO,2014-09-14,2014,35.99381,-86.76074,True,0,0,0,,,,,,,,
100618814,Crashes_2010_2019_MPO,2014-09-14,2014,35.93546,-86.82377,False,0,0,0,,,,,,,,
100619024,Crashes_2010_2019_MPO,2014-09-14,2014,35.95667,-86.80348,False,0,0,0,,,,,,,,
100631961,Crashes_2010_2019_MPO,2014-09-14,2014,35.99822,-86.79605,True,0,0,0,,,,,,,,
100619317,Crashes_2010_2019_MPO,2014-09-15,2014,35.947,-86.81148,False,0,0,0,,,,,,,,
100619172,Crashes_2010_2019_MPO,2014-09-15,2014,35.92641,-86.82446,False,0,0,0,,,,,,,,
100619332,Crashes_2010_2019_MPO,2014-09-15,2014,35.95585,-86.83138,False,0,0,0,,,,,,,,
100619357,Crashes_2010_2019_MPO,2014-09-15,2014,36.03434,-86.78312,True,0,0,0,,,,,,,,
100620052,Crashes_2010_2019_MPO,2014-09-15,2014,35.92677,-86.82479,False,0,0,0,,,,,,,,
100619198,Crashes_2010_2019_MPO,2014-09-15,2014,35.98607,-86.69817,True,0,0,0,,,,,,,,
100619120,Crashes_2010_2019_MPO,2014-09-15,2014,35.92475,-86.79421,False,0,0,0,,,,,,,,
100619650,Crashes_2010_2019_MPO,2014-09-16,2014,35.95864,-86.80445,False,0,0,0,,,,,,,,
100619798,Crashes_2010_2019_MPO,2014-09-16,2014,35.96518,-86.80021,True,0,0,0,,,,,,,,
100619733,Crashes_2010_2019_MPO,2014-09-16,2014,35.96782,-86.81024,True,0,0,0,,,,,,,,
100619630,Crashes_2010_2019_MPO,2014-09-16,2014,36.03322,-86.78532,True,0,0,0,,,,,,,,
100619674,Crashes_2010_2019_MPO,2014-09-16,2014,35.95808,-86.76768,True,0,0,0,,,,,,,,
100619593,Crashes_2010_2019_MPO,2014-09-16,2014,36.03322,-86.78532,True,0,0,0,,,,,,,,
100620119,Crashes_2010_2019_MPO,2014-09-17,2014,35.96456,-86.81084,False,0,0,0,,,,,,,,
100619990,Crashes_2010_2019_MPO,2014-09-17,2014,36.03694,-86.80194,True,0,0,0,,,,,,,,
100620200,Crashes_2010_2019_MPO,2014-09-17,2014,35.95304,-86.81789,False,0,0,0,,,,,,,,
100619963,Crashes_2010_2019_MPO,2014-09-17,2014,35.96668,-86.80915,True,0,0,0,,,,,,,,
100620068,Crashes_2010_2019_MPO,2014-09-17,2014,36.04423,-86.71964,False,0,0,0,,,,,,,,
100620199,Crashes_2010_2019_MPO,2014-09-17,2014,35.93355,-86.81695,False,0,0,0,,,,,,,,
100620018,Crashes_2010_2019_MPO,2014-09-17,2014,35.9583,-86.80229,False,0,0,0,,,,,,,,
100630923,Crashes_2010_2019_MPO,2014-09-17,2014,36.0465,-86.7526,False,0,0,0,,,,,,,,
100620155,Crashes_2010_2019_MPO,2014-09-17,2014,36.03738,-86.78915,False,0,0,0,,,,,,,,
100630502,Crashes_2010_2019_MPO,2014-09-18,2014,35.92732,-86.83866,False,0,0,0,,,,,,,,
100631118,Crashes_2010_2019_MPO,2014-09-18,2014,36.03775,-86.79556,False,0,0,0,,,,,,,,
100631660,Crashes_2010_2019_MPO,2014-09-18,2014,35.94686,-86.85162,False,0,0,0,,,,,,,,
100630660,Crashes_2010_2019_MPO,2014-09-18,2014,36.04561,-86.71976,False,0,0,0,,,,,,,,
100632865,Crashes_2010_2019_MPO,2014-09-18,2014,35.94452,-86.82057,False,0,0,0,,,,,,,,
100630690,Crashes_2010_2019_MPO,2014-09-18,2014,36.03258,-86.76886,False,0,0,0,,,,,,,,
100630778,Crashes_2010_2019_MPO,2014-09-18,2014,36.04084,-86.77935,False,0,0,0,,,,,,,,
100630384,Crashes_2010_2019_MPO,2014-09-18,2014,35.93718,-86.69939,False,0,0,0,,,,,,,,
100630669,Crashes_2010_2019_MPO,2014-09-18,2014,36.03236,-86.7664,False,0,0,0,,,,,,,,
100630443,Crashes_2010_2019_MPO,2014-09-18,2014,35.96119,-86.81553,False,0,0,0,,,,,,,,
100630513,Crashes_2010_2019_MPO,2014-09-18,2014,35.96694,-86.81267,True,0,0,0,,,,,,,,
100631392,Crashes_2010_2019_MPO,2014-09-18,2014,36.05233,-86.77598,False,0,0,0,,,,,,,,
100631446,Crashes_2010_2019_MPO,2014-09-19,2014,35.92934,-86.8244,False,0,0,0,,,,,,,,
100631261,Crashes_2010_2019_MPO,2014-09-19,2014,36.03753,-86.78515,False,0,0,0,,,,,,,,
100631109,Crashes_2010_2019_MPO,2014-09-19,2014,35.92305,-86.87159,False,0,0,0,,,,,,,,