record_no,source_layer,collision_ts,crash_year,latitude,longitude,in_city,fatalities,non_motorists,truck_involved,serious_injuries,pedestrian,bicycle,crash_type,manner_of_collision,lighting,weather,first_harmful_event
100630884,Crashes_2010_2019_MPO,2014-09-19,2014,36.03996,-86.74197,False,0,0,0,,,,,,,,
100631126,Crashes_2010_2019_MPO,2014-09-19,2014,35.99752,-86.79631,True,0,0,0,,,,,,,,
100630837,Crashes_2010_2019_MPO,2014-09-19,2014,35.94402,-86.82903,False,0,0,0,,,,,,,,
100631422,Crashes_2010_2019_MPO,2014-09-20,2014,36.04878,-86.71374,False,0,0,0,,,,,,,,
100631461,Crashes_2010_2019_MPO,2014-09-20,2014,35.92476,-86.87223,False,0,0,0,,,,,,,,
100631416,Crashes_2010_2019_MPO,2014-09-20,2014,35.95522,-86.84498,False,0,0,0,,,,,,,,
100631318,Crashes_2010_2019_MPO,2014-09-20,2014,36.03735,-86.78656,False,0,0,0,,,,,,,,
100631464,Crashes_2010_2019_MPO,2014-09-20,2014,36.03037,-86.78362,True,0,0,0,,,,,,,,
100631537,Crashes_2010_2019_MPO,2014-09-20,2014,35.94778,-86.81995,False,0,0,0,,,,,,,,
100631736,Crashes_2010_2019_MPO,2014-09-21,2014,36.04357,-86.86593,True,0,0,0,,,,,,,,
100631834,Crashes_2010_2019_MPO,2014-09-21,2014,36.04529,-86.71438,False,0,0,0,,,,,,,,
100632097,Crashes_2010_2019_MPO,2014-09-21,2014,35.95839,-86.84244,False,0,0,0,,,,,,,,
100631941,Crashes_2010_2019_MPO,2014-09-21,2014,35.92365,-86.86783,False,0,0,0,,,,,,,,
100632055,Crashes_2010_2019_MPO,2014-09-21,2014,35.95523,-86.82587,False,0,0,0,,,,,,,,
100632389,Crashes_2010_2019_MPO,2014-09-22,2014,36.03488,-86.79535,True,0,0,0,,,,,,,,
100632395,Crashes_2010_2019_MPO,2014-09-22,2014,35.92977,-86.87235,False,0,0,0,,,,,,,,
100632163,Crashes_2010_2019_MPO,2014-09-22,2014,36.02177,-86.78729,True,0,0,0,,,,,,,,
100632176,Crashes_2010_2019_MPO,2014-09-22,2014,35.99444,-86.79806,True,0,0,0,,,,,,,,
100632195,Crashes_2010_2019_MPO,2014-09-22,2014,35.97471,-86.83613,False,0,0,0,,,,,,,,
100632732,Crashes_2010_2019_MPO,2014-09-22,2014,36.03694,-86.80176,True,0,0,0,,,,,,,,
100632258,Crashes_2010_2019_MPO,2014-09-22,2014,35.94315,-86.7996,False,0,0,0,,,,,,,,
100632661,Crashes_2010_2019_MPO,2014-09-23,2014,36.03192,-86.76249,False,0,0,0,,,,,,,,
100632669,Crashes_2010_2019_MPO,2014-09-23,2014,36.03067,-86.87311,False,0,0,0,,,,,,,,
100632670,Crashes_2010_2019_MPO,2014-09-23,2014,36.02619,-86.87884,False,0,0,0,,,,,,,,
100633503,Crashes_2010_2019_MPO,2014-09-23,2014,35.93117,-86.79409,False,0,0,0,,,,,,,,
100633834,Crashes_2010_2019_MPO,2014-09-23,2014,36.02963,-86.86375,False,0,0,0,,,,,,,,
100632832,Crashes_2010_2019_MPO,2014-09-23,2014,35.95646,-86.83708,False,0,0,0,,,,,,,,
100633104,Crashes_2010_2019_MPO,2014-09-23,2014,35.9987,-86.80649,True,0,0,0,,,,,,,,
100632885,Crashes_2010_2019_MPO,2014-09-23,2014,36.00153,-86.79387,True,0,0,0,,,,,,,,
100632701,Crashes_2010_2019_MPO,2014-09-23,2014,35.92386,-86.86977,False,0,0,0,,,,,,,,
100636664,Crashes_2010_2019_MPO,2014-09-23,2014,35.94812,-86.70038,False,0,0,0,,,,,,,,
100632830,Crashes_2010_2019_MPO,2014-09-23,2014,35.98091,-86.72627,True,0,0,0,,,,,,,,
100632866,Crashes_2010_2019_MPO,2014-09-23,2014,36.03735,-86.78821,False,0,0,0,,,,,,,,
100632642,Crashes_2010_2019_MPO,2014-09-23,2014,35.95008,-86.8491,False,0,0,0,,,,,,,,
100632579,Crashes_2010_2019_MPO,2014-09-23,2014,35.99316,-86.79826,True,0,0,0,,,,,,,,
100633764,Crashes_2010_2019_MPO,2014-09-23,2014,35.92547,-86.87275,False,0,0,0,,,,,,,,
100632702,Crashes_2010_2019_MPO,2014-09-23,2014,35.96733,-86.81486,True,0,0,0,,,,,,,,
100632904,Crashes_2010_2019_MPO,2014-09-23,2014,36.03359,-86.78859,True,0,0,0,,,,,,,,
100632640,Crashes_2010_2019_MPO,2014-09-23,2014,35.99043,-86.7486,True,0,0,0,,,,,,,,
100633571,Crashes_2010_2019_MPO,2014-09-24,2014,35.98819,-86.70616,True,0,0,0,,,,,,,,
100634053,Crashes_2010_2019_MPO,2014-09-24,2014,35.96203,-86.81531,False,0,0,0,,,,,,,,
100633172,Crashes_2010_2019_MPO,2014-09-24,2014,35.93193,-86.79397,False,0,0,0,,,,,,,,
100633321,Crashes_2010_2019_MPO,2014-09-24,2014,35.95008,-86.8491,False,0,0,0,,,,,,,,
100633397,Crashes_2010_2019_MPO,2014-09-24,2014,35.95078,-86.80645,False,0,0,0,,,,,,,,
100633257,Crashes_2010_2019_MPO,2014-09-24,2014,35.93476,-86.81929,False,0,0,0,,,,,,,,
100633017,Crashes_2010_2019_MPO,2014-09-24,2014,35.93193,-86.79397,False,0,0,0,,,,,,,,
100633019,Crashes_2010_2019_MPO,2014-09-24,2014,35.99644,-86.788,True,0,0,0,,,,,,,,
100633196,Crashes_2010_2019_MPO,2014-09-24,2014,35.95524,-86.82595,False,0,0,0,,,,,,,,
100633374,Crashes_2010_2019_MPO,2014-09-24,2014,36.04105,-86.77612,False,0,0,0,,,,,,,,
100633020,Crashes_2010_2019_MPO,2014-09-24,2014,35.99571,-86.81856,True,0,0,0,,,,,,,,
100633438,Crashes_2010_2019_MPO,2014-09-24,2014,36.05032,-86.77562,False,0,0,0,,,,,,,,
100633398,Crashes_2010_2019_MPO,2014-09-24,2014,35.95673,-86.80278,False,0,0,0,,,,,,,,
100633753,Crashes_2010_2019_MPO,2014-09-24,2014,36.04827,-86.77617,False,0,0,0,,,,,,,,
100633329,Crashes_2010_2019_MPO,2014-09-24,2014,35.92974,-86.85584,False,0,0,0,,,,,,,,
100633075,Crashes_2010_2019_MPO,2014-09-24,2014,35.9972,-86.7939,True,0,0,0,,,,,,,,
100633530,Crashes_2010_2019_MPO,2014-09-25,2014,35.9689,-86.71432,True,0,0,0,,,,,,,,
100633559,Crashes_2010_2019_MPO,2014-09-25,2014,35.92612,-86.7258,False,0,0,0,,,,,,,,
100635950,Crashes_2010_2019_MPO,2014-09-25,2014,35.96665,-86.80932,True,0,0,0,,,,,,,,
100633846,Crashes_2010_2019_MPO,2014-09-25,2014,35.95614,-86.80458,False,0,0,0,,,,,,,,
100633932,Crashes_2010_2019_MPO,2014-09-25,2014,36.03496,-86.78306,True,0,0,0,,,,,,,,
100633754,Crashes_2010_2019_MPO,2014-09-25,2014,35.94515,-86.87788,False,0,0,0,,,,,,,,
100633806,Crashes_2010_2019_MPO,2014-09-25,2014,36.04526,-86.71475,False,0,0,0,,,,,,,,
100633774,Crashes_2010_2019_MPO,2014-09-25,2014,36.00404,-86.79096,True,0,0,0,,,,,,,,
100633876,Crashes_2010_2019_MPO,2014-09-25,2014,35.95717,-86.81625,False,0,0,0,,,,,,,,
100633828,Crashes_2010_2019_MPO,2014-09-25,2014,36.00825,-86.78663,True,0,0,0,,,,,,,,
100637701,Crashes_2010_2019_MPO,2014-09-26,2014,36.0444,-86.78038,False,0,0,0,,,,,,,,
100634161,Crashes_2010_2019_MPO,2014-09-26,2014,35.94707,-86.8219,False,0,0,0,,,,,,,,
100634446,Crashes_2010_2019_MPO,2014-09-26,2014,35.93735,-86.77128,False,0,0,0,,,,,,,,
100634139,Crashes_2010_2019_MPO,2014-09-26,2014,36.03096,-86.78354,True,0,0,0,,,,,,,,
100635420,Crashes_2010_2019_MPO,2014-09-26,2014,35.94173,-86.82105,False,0,0,0,,,,,,,,
100635421,Crashes_2010_2019_MPO,2014-09-26,2014,35.96306,-86.81131,False,0,0,0,,,,,,,,
100634530,Crashes_2010_2019_MPO,2014-09-26,2014,36.00236,-86.69676,False,0,0,0,,,,,,,,
100634385,Crashes_2010_2019_MPO,2014-09-26,2014,35.99743,-86.79541,True,0,0,0,,,,,,,,
100634100,Crashes_2010_2019_MPO,2014-09-26,2014,35.97332,-86.83308,True,0,0,0,,,,,,,,
100634286,Crashes_2010_2019_MPO,2014-09-26,2014,35.98179,-86.70781,True,0,0,0,,,,,,,,
100635588,Crashes_2010_2019_MPO,2014-09-27,2014,35.99156,-86.79881,True,0,0,0,,,,,,,,
100634773,Crashes_2010_2019_MPO,2014-09-27,2014,35.98304,-86.80199,True,0,0,0,,,,,,,,
100635026,Crashes_2010_2019_MPO,2014-09-27,2014,36.04864,-86.72445,False,0,0,0,,,,,,,,
100638232,Crashes_2010_2019_MPO,2014-09-27,2014,36.01406,-86.83847,False,0,0,0,,,,,,,,
100641872,Crashes_2010_2019_MPO,2014-09-27,2014,35.99686,-86.85093,False,0,0,0,,,,,,,,
100634834,Crashes_2010_2019_MPO,2014-09-27,2014,36.03401,-86.78341,True,0,0,0,,,,,,,,
100634766,Crashes_2010_2019_MPO,2014-09-27,2014,35.96345,-86.81089,False,0,0,0,,,,,,,,
100634915,Crashes_2010_2019_MPO,2014-09-27,2014,36.04001,-86.74349,False,0,0,0,,,,,,,,
100634797,Crashes_2010_2019_MPO,2014-09-27,2014,36.04156,-86.72072,False,0,0,0,,,,,,,,
100635161,Crashes_2010_2019_MPO,2014-09-28,2014,36.04727,-86.71337,False,0,0,0,,,,,,,,
100635160,Crashes_2010_2019_MPO,2014-09-28,2014,36.0448,-86.72473,False,0,0,0,,,,,,,,
100635219,Crashes_2010_2019_MPO,2014-09-28,2014,36.03932,-86.7856,False,0,0,0,,,,,,,,
100656085,Crashes_2010_2019_MPO,2014-09-28,2014,35.948,-86.6992,False,0,0,0,,,,,,,,
100635242,Crashes_2010_2019_MPO,2014-09-28,2014,35.99101,-86.799,True,0,0,0,,,,,,,,
100635233,Crashes_2010_2019_MPO,2014-09-28,2014,35.98421,-86.80134,True,0,0,0,,,,,,,,
100635388,Crashes_2010_2019_MPO,2014-09-28,2014,35.9912,-86.68349,False,0,0,0,,,,,,,,
100635334,Crashes_2010_2019_MPO,2014-09-28,2014,36.04036,-86.78073,False,0,0,0,,,,,,,,
100635781,Crashes_2010_2019_MPO,2014-09-29,2014,35.96667,-86.80916,True,0,0,0,,,,,,,,
100635665,Crashes_2010_2019_MPO,2014-09-29,2014,35.92424,-86.87095,False,0,0,0,,,,,,,,
100635643,Crashes_2010_2019_MPO,2014-09-29,2014,36.04712,-86.86196,False,0,0,0,,,,,,,,
100639045,Crashes_2010_2019_MPO,2014-09-29,2014,35.95184,-86.81887,False,0,0,0,,,,,,,,
100635719,Crashes_2010_2019_MPO,2014-09-29,2014,35.925,-86.86895,False,0,0,0,,,,,,,,
100635721,Crashes_2010_2019_MPO,2014-09-29,2014,35.92555,-86.78428,False,0,0,0,,,,,,,,
100635792,Crashes_2010_2019_MPO,2014-09-29,2014,36.04561,-86.71976,False,0,0,0,,,,,,,,
100635533,Crashes_2010_2019_MPO,2014-09-29,2014,35.9986,-86.80562,True,0,1,0,,,,,,,,
100635485,Crashes_2010_2019_MPO,2014-09-29,2014,35.97588,-86.79889,True,0,0,0,,,,,,,,
100635539,Crashes_2010_2019_MPO,2014-09-29,2014,35.95826,-86.80208,False,0,0,0,,,,,,,,
100637288,Crashes_2010_2019_MPO,2014-09-29,2014,35.99352,-86.693,True,0,0,0,,,,,,,,
100635935,Crashes_2010_2019_MPO,2014-09-30,2014,35.96507,-86.81618,True,0,0,0,,,,,,,,
100636084,Crashes_2010_2019_MPO,2014-09-30,2014,35.92829,-86.87477,False,0,0,0,,,,,,,,
100635906,Crashes_2010_2019_MPO,2014-09-30,2014,35.98437,-86.72434,True,0,0,0,,,,,,,,
100636043,Crashes_2010_2019_MPO,2014-09-30,2014,36.03611,-86.78714,True,0,0,0,,,,,,,,
100636180,Crashes_2010_2019_MPO,2014-09-30,2014,36.04577,-86.74389,False,0,0,0,,,,,,,,
100636068,Crashes_2010_2019_MPO,2014-09-30,2014,35.93564,-86.82387,False,0,0,0,,,,,,,,
100635990,Crashes_2010_2019_MPO,2014-09-30,2014,36.04644,-86.77789,False,0,0,0,,,,,,,,
100635864,Crashes_2010_2019_MPO,2014-09-30,2014,35.9829,-86.71837,True,0,0,0,,,,,,,,
100636615,Crashes_2010_2019_MPO,2014-09-30,2014,36.04491,-86.72454,False,0,0,0,,,,,,,,
100636600,Crashes_2010_2019_MPO,2014-09-30,2014,35.99566,-86.7804,True,0,0,0,,,,,,,,
100636173,Crashes_2010_2019_MPO,2014-09-30,2014,36.04892,-86.71632,False,0,0,0,,,,,,,,
100637128,Crashes_2010_2019_MPO,2014-09-30,2014,35.92368,-86.76692,False,0,0,0,,,,,,,,
100635905,Crashes_2010_2019_MPO,2014-09-30,2014,35.93193,-86.79397,False,0,0,0,,,,,,,,
100636091,Crashes_2010_2019_MPO,2014-09-30,2014,36.03258,-86.76886,False,0,0,0,,,,,,,,
100636570,Crashes_2010_2019_MPO,2014-10-01,2014,36.04001,-86.74349,False,0,0,0,,,,,,,,
100636587,Crashes_2010_2019_MPO,2014-10-01,2014,35.95523,-86.82587,False,0,0,0,,,,,,,,
100636933,Crashes_2010_2019_MPO,2014-10-01,2014,36.05373,-86.74287,False,0,0,0,,,,,,,,
100636772,Crashes_2010_2019_MPO,2014-10-01,2014,36.03437,-86.80238,True,0,0,0,,,,,,,,
100636645,Crashes_2010_2019_MPO,2014-10-01,2014,35.94503,-86.85318,False,0,0,0,,,,,,,,
100638752,Crashes_2010_2019_MPO,2014-10-01,2014,35.95182,-86.81282,False,0,0,0,,,,,,,,
100636622,Crashes_2010_2019_MPO,2014-10-01,2014,35.9379,-86.82191,False,0,0,0,,,,,,,,
100639475,Crashes_2010_2019_MPO,2014-10-01,2014,36.00733,-86.78756,True,0,0,0,,,,,,,,
100636954,Crashes_2010_2019_MPO,2014-10-01,2014,35.97419,-86.83225,True,0,1,1,,,,,,,,
100637275,Crashes_2010_2019_MPO,2014-10-02,2014,36.01079,-86.72313,False,0,0,0,,,,,,,,
100637225,Crashes_2010_2019_MPO,2014-10-02,2014,36.04642,-86.85879,False,0,0,0,,,,,,,,
100637261,Crashes_2010_2019_MPO,2014-10-02,2014,35.95661,-86.84388,False,0,0,0,,,,,,,,
100636988,Crashes_2010_2019_MPO,2014-10-02,2014,36.04634,-86.85836,False,0,0,0,,,,,,,,
100637031,Crashes_2010_2019_MPO,2014-10-02,2014,36.04897,-86.71631,False,0,0,1,,,,,,,,
100638409,Crashes_2010_2019_MPO,2014-10-02,2014,35.97339,-86.73733,True,0,0,0,,,,,,,,
100637176,Crashes_2010_2019_MPO,2014-10-02,2014,36.00135,-86.79405,True,0,0,0,,,,,,,,
100637046,Crashes_2010_2019_MPO,2014-10-02,2014,36.04001,-86.74349,False,0,0,0,,,,,,,,
100637024,Crashes_2010_2019_MPO,2014-10-02,2014,36.04435,-86.81584,False,0,0,0,,,,,,,,
100637000,Crashes_2010_2019_MPO,2014-10-02,2014,35.94803,-86.86369,False,0,0,0,,,,,,,,
100637177,Crashes_2010_2019_MPO,2014-10-02,2014,35.99547,-86.68789,False,0,0,0,,,,,,,,
100638222,Crashes_2010_2019_MPO,2014-10-03,2014,36.04542,-86.71317,False,0,0,0,,,,,,,,
100637862,Crashes_2010_2019_MPO,2014-10-03,2014,35.93619,-86.85972,False,0,0,0,,,,,,,,
100637873,Crashes_2010_2019_MPO,2014-10-03,2014,36.04542,-86.71317,False,0,0,0,,,,,,,,
100638332,Crashes_2010_2019_MPO,2014-10-03,2014,36.04149,-86.78247,False,0,0,0,,,,,,,,
100637620,Crashes_2010_2019_MPO,2014-10-03,2014,35.94475,-86.80963,False,0,0,0,,,,,,,,
100637871,Crashes_2010_2019_MPO,2014-10-03,2014,36.05222,-86.7431,False,0,0,0,,,,,,,,
100638206,Crashes_2010_2019_MPO,2014-10-03,2014,35.94095,-86.83889,False,0,0,0,,,,,,,,
100637396,Crashes_2010_2019_MPO,2014-10-03,2014,36.05073,-86.73162,False,0,0,0,,,,,,,,
100637300,Crashes_2010_2019_MPO,2014-10-03,2014,36.04524,-86.77908,False,0,0,0,,,,,,,,
100637488,Crashes_2010_2019_MPO,2014-10-03,2014,35.93575,-86.82382,False,0,0,0,,,,,,,,
100641529,Crashes_2010_2019_MPO,2014-10-03,2014,36.04821,-86.73697,False,0,0,0,,,,,,,,
100638331,Crashes_2010_2019_MPO,2014-10-03,2014,36.04066,-86.77226,False,0,0,0,,,,,,,,
100638283,Crashes_2010_2019_MPO,2014-10-04,2014,35.99367,-86.7786,True,0,0,0,,,,,,,,
100638229,Crashes_2010_2019_MPO,2014-10-04,2014,35.98543,-86.73154,True,0,0,0,,,,,,,,
100638075,Crashes_2010_2019_MPO,2014-10-04,2014,35.9262,-86.8245,False,0,0,0,,,,,,,,
100638040,Crashes_2010_2019_MPO,2014-10-04,2014,36.03804,-86.78437,False,0,0,0,,,,,,,,
100638150,Crashes_2010_2019_MPO,2014-10-04,2014,35.92373,-86.86968,False,0,0,0,,,,,,,,
100638930,Crashes_2010_2019_MPO,2014-10-04,2014,36.01965,-86.82072,True,0,1,0,,,,,,,,
100638333,Crashes_2010_2019_MPO,2014-10-04,2014,36.03981,-86.78107,False,0,0,0,,,,,,,,
100638567,Crashes_2010_2019_MPO,2014-10-05,2014,35.96236,-86.81624,True,0,0,0,,,,,,,,
100638525,Crashes_2010_2019_MPO,2014-10-05,2014,36.0157,-86.8214,True,0,0,0,,,,,,,,
100638749,Crashes_2010_2019_MPO,2014-10-05,2014,35.93561,-86.82388,False,0,0,0,,,,,,,,
100639120,Crashes_2010_2019_MPO,2014-10-06,2014,35.97102,-86.72644,True,0,0,0,,,,,,,,
100639164,Crashes_2010_2019_MPO,2014-10-06,2014,35.94899,-86.81566,False,0,0,0,,,,,,,,
100639124,Crashes_2010_2019_MPO,2014-10-06,2014,36.03155,-86.7556,False,0,0,0,,,,,,,,
100639123,Crashes_2010_2019_MPO,2014-10-06,2014,36.03273,-86.77054,False,0,0,0,,,,,,,,
100639425,Crashes_2010_2019_MPO,2014-10-06,2014,35.95232,-86.82783,False,0,0,0,,,,,,,,
100639207,Crashes_2010_2019_MPO,2014-10-06,2014,35.94448,-86.82041,False,0,0,0,,,,,,,,
100639476,Crashes_2010_2019_MPO,2014-10-06,2014,35.99253,-86.82852,True,0,0,0,,,,,,,,
100639318,Crashes_2010_2019_MPO,2014-10-06,2014,36.02567,-86.69179,False,0,0,0,,,,,,,,
100639141,Crashes_2010_2019_MPO,2014-10-06,2014,35.92895,-86.82375,False,0,0,0,,,,,,,,
100638928,Crashes_2010_2019_MPO,2014-10-06,2014,35.99219,-86.82832,True,0,0,0,,,,,,,,
100639148,Crashes_2010_2019_MPO,2014-10-06,2014,36.01484,-86.8115,True,0,0,0,,,,,,,,
100639462,Crashes_2010_2019_MPO,2014-10-07,2014,35.96529,-86.72701,True,0,0,0,,,,,,,,
100640059,Crashes_2010_2019_MPO,2014-10-07,2014,35.96714,-86.81392,True,0,0,0,,,,,,,,
100639536,Crashes_2010_2019_MPO,2014-10-07,2014,36.04753,-86.75034,False,0,0,0,,,,,,,,
100639609,Crashes_2010_2019_MPO,2014-10-07,2014,36.03214,-86.76423,False,0,0,0,,,,,,,,
100639405,Crashes_2010_2019_MPO,2014-10-07,2014,35.96505,-86.72731,True,0,0,0,,,,,,,,
100640154,Crashes_2010_2019_MPO,2014-10-07,2014,36.04093,-86.7674,False,0,0,0,,,,,,,,
100639924,Crashes_2010_2019_MPO,2014-10-07,2014,36.04523,-86.69236,False,0,0,0,,,,,,,,
100639686,Crashes_2010_2019_MPO,2014-10-07,2014,36.04472,-86.78111,False,0,0,0,,,,,,,,
100639591,Crashes_2010_2019_MPO,2014-10-07,2014,36.03515,-86.78303,False,0,0,0,,,,,,,,
100639487,Crashes_2010_2019_MPO,2014-10-07,2014,36.01414,-86.73868,False,0,0,0,,,,,,,,
100639417,Crashes_2010_2019_MPO,2014-10-07,2014,36.0377,-86.78515,False,0,0,0,,,,,,,,
100639757,Crashes_2010_2019_MPO,2014-10-07,2014,35.92723,-86.81912,False,0,0,0,,,,,,,,
100640176,Crashes_2010_2019_MPO,2014-10-07,2014,36.03906,-86.78269,False,0,0,0,,,,,,,,
100640163,Crashes_2010_2019_MPO,2014-10-08,2014,36.04111,-86.78252,False,0,0,0,,,,,,,,
100640286,Crashes_2010_2019_MPO,2014-10-08,2014,35.99686,-86.68989,False,0,0,0,,,,,,,,
100640167,Crashes_2010_2019_MPO,2014-10-08,2014,35.93546,-86.82377,False,0,0,0,,,,,,,,
100640035,Crashes_2010_2019_MPO,2014-10-08,2014,35.92493,-86.82472,False,0,0,0,,,,,,,,
100639975,Crashes_2010_2019_MPO,2014-10-08,2014,35.97102,-86.72644,True,0,0,0,,,,,,,,
100640014,Crashes_2010_2019_MPO,2014-10-08,2014,36.04121,-86.7761,False,0,0,0,,,,,,,,
100640223,Crashes_2010_2019_MPO,2014-10-08,2014,35.95143,-86.84802,False,0,0,0,,,,,,,,
100640604,Crashes_2010_2019_MPO,2014-10-08,2014,35.9931,-86.69598,True,0,0,0,,,,,,,,
100640374,Crashes_2010_2019_MPO,2014-10-08,2014,36.03015,-86.86766,False,0,0,0,,,,,,,,
100640312,Crashes_2010_2019_MPO,2014-10-08,2014,35.99156,-86.79881,True,0,0,0,,,,,,,,
100640016,Crashes_2010_2019_MPO,2014-10-08,2014,35.99257,-86.82855,True,0,0,0,,,,,,,,
100640799,Crashes_2010_2019_MPO,2014-10-09,2014,36.04084,-86.77935,False,0,0,0,,,,,,,,
100640624,Crashes_2010_2019_MPO,2014-10-09,2014,36.03741,-86.78735,False,0,0,0,,,,,,,,
100640605,Crashes_2010_2019_MPO,2014-10-09,2014,35.99524,-86.77886,True,0,0,0,,,,,,,,
100640643,Crashes_2010_2019_MPO,2014-10-09,2014,35.94775,-86.81934,False,0,0,0,,,,,,,,
100640483,Crashes_2010_2019_MPO,2014-10-09,2014,36.0399,-86.8164,False,0,0,0,,,,,,,,
100640746,Crashes_2010_2019_MPO,2014-10-09,2014,35.94053,-86.83924,False,0,0,0,,,,,,,,
100640484,Crashes_2010_2019_MPO,2014-10-09,2014,35.99697,-86.79265,True,0,0,0,,,,,,,,
100640559,Crashes_2010_2019_MPO,2014-10-09,2014,35.99631,-86.82858,True,0,0,0,,,,,,,,
100640580,Crashes_2010_2019_MPO,2014-10-09,2014,35.96861,-86.80997,True,0,0,0,,,,,,,,
100641301,Crashes_2010_2019_MPO,2014-10-10,2014,35.93189,-86.79438,False,0,0,0,,,,,,,,
100641451,Crashes_2010_2019_MPO,2014-10-10,2014,35.95227,-86.85666,False,0,0,0,,,,,,,,
100641439,Crashes_2010_2019_MPO,2014-10-10,2014,35.94689,-86.85175,False,0,0,0,,,,,,,,
100640991,Crashes_2010_2019_MPO,2014-10-10,2014,36.03262,-86.73946,False,0,0,0,,,,,,,,
100641032,Crashes_2010_2019_MPO,2014-10-10,2014,35.93898,-86.81706,False,0,0,0,,,,,,,,
100640996,Crashes_2010_2019_MPO,2014-10-10,2014,36.029404,-86.830276,True,0,0,0,,,,,,,,
100641066,Crashes_2010_2019_MPO,2014-10-10,2014,35.95184,-86.74151,True,0,0,0,,,,,,,,
100641563,Crashes_2010_2019_MPO,2014-10-10,2014,36.02606,-86.87904,False,0,0,0,,,,,,,,
100641142,Crashes_2010_2019_MPO,2014-10-10,2014,35.95993,-86.80204,False,0,0,0,,,,,,,,
100641300,Crashes_2010_2019_MPO,2014-10-10,2014,35.93492,-86.77702,False,0,0,0,,,,,,,,
100641103,Crashes_2010_2019_MPO,2014-10-10,2014,36.04168,-86.78244,False,0,0,0,,,,,,,,
100641573,Crashes_2010_2019_MPO,2014-10-10,2014,36.04494,-86.7245,False,0,0,0,,,,,,,,
100641013,Crashes_2010_2019_MPO,2014-10-10,2014,36.03822,-86.78405,False,0,0,0,,,,,,,,
100654892,Crashes_2010_2019_MPO,2014-10-11,2014,35.93001,-86.86434,False,0,0,0,,,,,,,,
100641596,Crashes_2010_2019_MPO,2014-10-11,2014,35.96717,-86.81319,True,0,0,0,,,,,,,,
100641876,Crashes_2010_2019_MPO,2014-10-11,2014,36.03315,-86.79955,True,0,0,0,,,,,,,,
100641700,Crashes_2010_2019_MPO,2014-10-11,2014,35.96269,-86.81138,False,0,0,0,,,,,,,,
100641766,Crashes_2010_2019_MPO,2014-10-11,2014,35.92702,-86.86592,False,0,0,0,,,,,,,,
100642304,Crashes_2010_2019_MPO,2014-10-11,2014,35.93401,-86.82822,False,0,0,0,,,,,,,,
100641955,Crashes_2010_2019_MPO,2014-10-11,2014,35.9674,-86.69656,False,0,0,0,,,,,,,,
100642023,Crashes_2010_2019_MPO,2014-10-12,2014,36.05001,-86.69219,False,0,0,0,,,,,,,,
100642204,Crashes_2010_2019_MPO,2014-10-12,2014,36.04277,-86.72639,False,0,0,0,,,,,,,,
100643255,Crashes_2010_2019_MPO,2014-10-12,2014,36.04299,-86.84232,False,0,0,0,,,,,,,,
100642063,Crashes_2010_2019_MPO,2014-10-12,2014,36.03546,-86.78321,False,0,0,0,,,,,,,,
100642141,Crashes_2010_2019_MPO,2014-10-12,2014,36.04209,-86.78233,False,0,0,0,,,,,,,,
100662196,Crashes_2010_2019_MPO,2014-10-13,2014,36.04195,-86.77968,False,0,0,0,,,,,,,,
100642563,Crashes_2010_2019_MPO,2014-10-13,2014,35.9505,-86.7661,True,0,0,0,,,,,,,,
100642837,Crashes_2010_2019_MPO,2014-10-13,2014,35.93222,-86.79404,False,0,0,0,,,,,,,,
100659906,Crashes_2010_2019_MPO,2014-10-13,2014,35.99156,-86.79881,True,0,0,0,,,,,,,,
100642640,Crashes_2010_2019_MPO,2014-10-13,2014,35.94924,-86.84972,False,0,0,0,,,,,,,,
100654093,Crashes_2010_2019_MPO,2014-10-13,2014,35.96645,-86.80749,True,0,0,0,,,,,,,,
100642864,Crashes_2010_2019_MPO,2014-10-13,2014,36.03234,-86.78337,True,0,0,0,,,,,,,,
100642583,Crashes_2010_2019_MPO,2014-10-13,2014,36.03118,-86.87559,False,0,0,0,,,,,,,,
100642699,Crashes_2010_2019_MPO,2014-10-13,2014,35.95742,-86.81063,False,0,0,0,,,,,,,,
100642793,Crashes_2010_2019_MPO,2014-10-13,2014,35.99735,-86.79489,True,0,0,0,,,,,,,,
100642760,Crashes_2010_2019_MPO,2014-10-13,2014,35.93637,-86.81172,False,0,0,0,,,,,,,,
100642838,Crashes_2010_2019_MPO,2014-10-13,2014,35.92428,-86.86943,False,0,0,0,,,,,,,,
100642874,Crashes_2010_2019_MPO,2014-10-13,2014,36.04551,-86.71201,False,0,0,0,,,,,,,,
100642839,Crashes_2010_2019_MPO,2014-10-13,2014,35.9499,-86.81628,False,0,1,0,,,,,,,,
100642988,Crashes_2010_2019_MPO,2014-10-13,2014,36.04075,-86.74587,False,0,0,0,,,,,,,,
100643434,Crashes_2010_2019_MPO,2014-10-14,2014,35.94873,-86.83188,False,0,0,0,,,,,,,,
100643300,Crashes_2010_2019_MPO,2014-10-14,2014,36.04094,-86.71273,False,0,0,0,,,,,,,,
100643063,Crashes_2010_2019_MPO,2014-10-14,2014,35.98491,-86.72659,True,0,0,0,,,,,,,,
100643114,Crashes_2010_2019_MPO,2014-10-14,2014,36.04419,-86.78063,False,0,0,0,,,,,,,,
100643401,Crashes_2010_2019_MPO,2014-10-14,2014,35.94468,-86.80929,False,0,0,0,,,,,,,,
100643164,Crashes_2010_2019_MPO,2014-10-14,2014,36.04607,-86.69235,False,0,0,0,,,,,,,,
100643309,Crashes_2010_2019_MPO,2014-10-14,2014,35.95834,-86.76782,True,0,0,0,,,,,,,,
100643127,Crashes_2010_2019_MPO,2014-10-14,2014,36.03983,-86.78139,False,0,0,0,,,,,,,,
100643489,Crashes_2010_2019_MPO,2014-10-14,2014,36.04084,-86.77935,False,0,0,0,,,,,,,,
100643840,Crashes_2010_2019_MPO,2014-10-15,2014,35.92618,-86.86964,False,0,0,0,,,,,,,,