record_no,source_layer,collision_ts,crash_year,latitude,longitude,in_city,fatalities,non_motorists,truck_involved,serious_injuries,pedestrian,bicycle,crash_type,manner_of_collision,lighting,weather,first_harmful_event
100643809,Crashes_2010_2019_MPO,2014-10-15,2014,36.02581,-86.78527,True,0,0,0,,,,,,,,
100654125,Crashes_2010_2019_MPO,2014-10-15,2014,35.9662,-86.70069,False,0,0,0,,,,,,,,
100643936,Crashes_2010_2019_MPO,2014-10-15,2014,36.0414,-86.72659,False,0,0,0,,,,,,,,
100643815,Crashes_2010_2019_MPO,2014-10-15,2014,35.95692,-86.80327,False,0,0,0,,,,,,,,
100654100,Crashes_2010_2019_MPO,2014-10-15,2014,35.94822,-86.81118,False,0,0,0,,,,,,,,
100654083,Crashes_2010_2019_MPO,2014-10-15,2014,36.03996,-86.76535,False,0,0,0,,,,,,,,
100643672,Crashes_2010_2019_MPO,2014-10-15,2014,35.9583,-86.80229,False,0,0,0,,,,,,,,
100643996,Crashes_2010_2019_MPO,2014-10-15,2014,35.99924,-86.80919,True,0,0,0,,,,,,,,
100643641,Crashes_2010_2019_MPO,2014-10-15,2014,36.03856,-86.74346,False,0,0,0,,,,,,,,
100654069,Crashes_2010_2019_MPO,2014-10-15,2014,36.03627,-86.78289,False,0,0,0,,,,,,,,
100643869,Crashes_2010_2019_MPO,2014-10-15,2014,36.03846,-86.80321,False,0,0,0,,,,,,,,
100643651,Crashes_2010_2019_MPO,2014-10-15,2014,35.99685,-86.79698,True,0,0,0,,,,,,,,
100654062,Crashes_2010_2019_MPO,2014-10-15,2014,35.99583,-86.78225,True,0,0,0,,,,,,,,
100643789,Crashes_2010_2019_MPO,2014-10-15,2014,35.98984,-86.81448,True,0,0,0,,,,,,,,
100644004,Crashes_2010_2019_MPO,2014-10-15,2014,35.94463,-86.80908,False,0,0,0,,,,,,,,
100643965,Crashes_2010_2019_MPO,2014-10-15,2014,36.04219,-86.72648,False,0,0,0,,,,,,,,
100643811,Crashes_2010_2019_MPO,2014-10-15,2014,36.02173,-86.74267,False,0,0,0,,,,,,,,
100654882,Crashes_2010_2019_MPO,2014-10-16,2014,36.0168,-86.79804,True,0,0,0,,,,,,,,
100654667,Crashes_2010_2019_MPO,2014-10-16,2014,35.97065,-86.67829,False,0,0,0,,,,,,,,
100654526,Crashes_2010_2019_MPO,2014-10-16,2014,36.04234,-86.78224,False,0,0,0,,,,,,,,
100654451,Crashes_2010_2019_MPO,2014-10-16,2014,35.98548,-86.71429,True,0,0,0,,,,,,,,
100654552,Crashes_2010_2019_MPO,2014-10-16,2014,35.97332,-86.83308,True,0,0,0,,,,,,,,
100654586,Crashes_2010_2019_MPO,2014-10-16,2014,36.04531,-86.70166,False,0,0,0,,,,,,,,
100654508,Crashes_2010_2019_MPO,2014-10-16,2014,35.94138,-86.83278,False,0,0,0,,,,,,,,
100654792,Crashes_2010_2019_MPO,2014-10-16,2014,36.03421,-86.78314,True,0,0,1,,,,,,,,
100654548,Crashes_2010_2019_MPO,2014-10-16,2014,35.97776,-86.80359,True,0,0,0,,,,,,,,
100654148,Crashes_2010_2019_MPO,2014-10-16,2014,36.02343,-86.70154,False,0,0,0,,,,,,,,
100654589,Crashes_2010_2019_MPO,2014-10-16,2014,36.03309,-86.78285,True,0,0,0,,,,,,,,
100654247,Crashes_2010_2019_MPO,2014-10-16,2014,35.9912,-86.68349,False,0,0,0,,,,,,,,
100655061,Crashes_2010_2019_MPO,2014-10-17,2014,36.04557,-86.71157,False,0,0,0,,,,,,,,
100655122,Crashes_2010_2019_MPO,2014-10-17,2014,35.95074,-86.81847,False,0,0,0,,,,,,,,
100654834,Crashes_2010_2019_MPO,2014-10-17,2014,36.03753,-86.79096,False,0,0,0,,,,,,,,
100654976,Crashes_2010_2019_MPO,2014-10-17,2014,36.02722,-86.79212,True,0,0,0,,,,,,,,
100655427,Crashes_2010_2019_MPO,2014-10-17,2014,36.04505,-86.8518,False,0,0,0,,,,,,,,
100655154,Crashes_2010_2019_MPO,2014-10-17,2014,36.04542,-86.71317,False,0,1,0,,,,,,,,
100655062,Crashes_2010_2019_MPO,2014-10-17,2014,36.05364,-86.71508,False,0,0,0,,,,,,,,
100655156,Crashes_2010_2019_MPO,2014-10-17,2014,35.93215,-86.86272,False,0,0,0,,,,,,,,
100655007,Crashes_2010_2019_MPO,2014-10-17,2014,35.96665,-86.81119,True,0,0,0,,,,,,,,
100655042,Crashes_2010_2019_MPO,2014-10-17,2014,35.94686,-86.85162,False,0,0,0,,,,,,,,
100654821,Crashes_2010_2019_MPO,2014-10-17,2014,36.0454,-86.71336,False,0,0,0,,,,,,,,
100655059,Crashes_2010_2019_MPO,2014-10-17,2014,35.99553,-86.7791,True,0,0,0,,,,,,,,
100655652,Crashes_2010_2019_MPO,2014-10-18,2014,35.96534,-86.80769,False,0,0,0,,,,,,,,
100655310,Crashes_2010_2019_MPO,2014-10-18,2014,36.03751,-86.78652,False,0,0,0,,,,,,,,
100655571,Crashes_2010_2019_MPO,2014-10-18,2014,35.93727,-86.77172,False,0,0,0,,,,,,,,
100656153,Crashes_2010_2019_MPO,2014-10-18,2014,35.92923,-86.85318,False,0,0,0,,,,,,,,
100655520,Crashes_2010_2019_MPO,2014-10-18,2014,35.95723,-86.81662,False,0,0,0,,,,,,,,
100656012,Crashes_2010_2019_MPO,2014-10-18,2014,35.93434,-86.81904,False,0,0,0,,,,,,,,
100655257,Crashes_2010_2019_MPO,2014-10-18,2014,36.04199,-86.70279,False,0,0,0,,,,,,,,
100655646,Crashes_2010_2019_MPO,2014-10-19,2014,36.05372,-86.72976,False,0,0,0,,,,,,,,
100655808,Crashes_2010_2019_MPO,2014-10-19,2014,36.04545,-86.7036,False,0,0,0,,,,,,,,
100655995,Crashes_2010_2019_MPO,2014-10-19,2014,36.04226,-86.72647,False,0,0,0,,,,,,,,
100655887,Crashes_2010_2019_MPO,2014-10-19,2014,35.98516,-86.70139,True,0,0,0,,,,,,,,
100656061,Crashes_2010_2019_MPO,2014-10-19,2014,36.04557,-86.71154,False,0,0,0,,,,,,,,
100656471,Crashes_2010_2019_MPO,2014-10-20,2014,35.92823,-86.76738,False,0,0,0,,,,,,,,
100656588,Crashes_2010_2019_MPO,2014-10-20,2014,36.04542,-86.71317,False,0,0,0,,,,,,,,
100656430,Crashes_2010_2019_MPO,2014-10-20,2014,35.94784,-86.81975,False,0,0,0,,,,,,,,
100656364,Crashes_2010_2019_MPO,2014-10-20,2014,35.98142,-86.71043,True,0,0,0,,,,,,,,
100656442,Crashes_2010_2019_MPO,2014-10-20,2014,35.94774,-86.82009,False,0,0,0,,,,,,,,
100656756,Crashes_2010_2019_MPO,2014-10-20,2014,35.99735,-86.7968,True,0,0,0,,,,,,,,
100656478,Crashes_2010_2019_MPO,2014-10-20,2014,35.92674,-86.87005,False,0,0,0,,,,,,,,
100656400,Crashes_2010_2019_MPO,2014-10-20,2014,36.00732,-86.78758,True,0,0,0,,,,,,,,
100656526,Crashes_2010_2019_MPO,2014-10-20,2014,36.03737,-86.78787,False,0,0,0,,,,,,,,
100656443,Crashes_2010_2019_MPO,2014-10-20,2014,36.04083,-86.74367,False,0,0,0,,,,,,,,
100656479,Crashes_2010_2019_MPO,2014-10-20,2014,35.92547,-86.87275,False,0,0,0,,,,,,,,
100656429,Crashes_2010_2019_MPO,2014-10-20,2014,36.03256,-86.7686,False,0,0,0,,,,,,,,
100656262,Crashes_2010_2019_MPO,2014-10-20,2014,36.035332,-86.791145,True,0,0,0,,,,,,,,
100656574,Crashes_2010_2019_MPO,2014-10-20,2014,35.99481,-86.77046,True,0,0,0,,,,,,,,
100656209,Crashes_2010_2019_MPO,2014-10-20,2014,35.99724,-86.79411,True,0,0,0,,,,,,,,
100656732,Crashes_2010_2019_MPO,2014-10-21,2014,36.03744,-86.78562,False,0,0,0,,,,,,,,
100656749,Crashes_2010_2019_MPO,2014-10-21,2014,35.99492,-86.77882,True,0,0,0,,,,,,,,
100656680,Crashes_2010_2019_MPO,2014-10-21,2014,35.971,-86.7741,True,0,0,0,,,,,,,,
100656911,Crashes_2010_2019_MPO,2014-10-21,2014,36.03758,-86.78602,False,0,0,0,,,,,,,,
100656728,Crashes_2010_2019_MPO,2014-10-21,2014,36.04053,-86.7705,False,0,0,0,,,,,,,,
100657246,Crashes_2010_2019_MPO,2014-10-21,2014,36.03335,-86.78325,True,0,0,0,,,,,,,,
100657040,Crashes_2010_2019_MPO,2014-10-21,2014,36.04674,-86.71351,False,0,0,0,,,,,,,,
100656727,Crashes_2010_2019_MPO,2014-10-21,2014,36.03865,-86.78256,False,0,0,0,,,,,,,,
100656721,Crashes_2010_2019_MPO,2014-10-21,2014,36.04002,-86.78124,False,0,0,0,,,,,,,,
100656925,Crashes_2010_2019_MPO,2014-10-21,2014,35.93756,-86.76808,False,0,0,0,,,,,,,,
100657057,Crashes_2010_2019_MPO,2014-10-21,2014,35.99781,-86.79885,True,0,0,0,,,,,,,,
100657177,Crashes_2010_2019_MPO,2014-10-21,2014,36.03741,-86.78585,False,0,0,0,,,,,,,,
100657448,Crashes_2010_2019_MPO,2014-10-22,2014,35.96503,-86.81598,True,0,0,0,,,,,,,,
100657520,Crashes_2010_2019_MPO,2014-10-22,2014,35.93193,-86.79397,False,0,0,0,,,,,,,,
100657521,Crashes_2010_2019_MPO,2014-10-22,2014,35.94843,-86.80784,False,0,0,0,,,,,,,,
100657431,Crashes_2010_2019_MPO,2014-10-22,2014,36.0417,-86.74862,False,0,0,0,,,,,,,,
100657222,Crashes_2010_2019_MPO,2014-10-22,2014,36.04118,-86.77581,False,0,0,0,,,,,,,,
100657419,Crashes_2010_2019_MPO,2014-10-22,2014,36.03089,-86.74892,False,0,0,0,,,,,,,,
100657586,Crashes_2010_2019_MPO,2014-10-22,2014,36.03255,-86.76842,False,0,0,0,,,,,,,,
100657523,Crashes_2010_2019_MPO,2014-10-22,2014,35.94463,-86.80908,False,0,0,0,,,,,,,,
100657483,Crashes_2010_2019_MPO,2014-10-22,2014,35.97647,-86.76517,True,0,0,0,,,,,,,,
100657251,Crashes_2010_2019_MPO,2014-10-22,2014,36.04878,-86.71374,False,0,0,0,,,,,,,,
100657189,Crashes_2010_2019_MPO,2014-10-22,2014,35.95382,-86.80379,False,0,0,0,,,,,,,,
100657240,Crashes_2010_2019_MPO,2014-10-22,2014,36.04094,-86.77342,False,0,0,0,,,,,,,,
100657544,Crashes_2010_2019_MPO,2014-10-22,2014,36.0486,-86.86741,False,0,0,0,,,,,,,,
100657783,Crashes_2010_2019_MPO,2014-10-22,2014,35.9322,-86.82379,False,0,0,0,,,,,,,,
100657846,Crashes_2010_2019_MPO,2014-10-23,2014,35.92955,-86.84264,False,0,0,0,,,,,,,,
100658058,Crashes_2010_2019_MPO,2014-10-23,2014,36.03311,-86.77405,False,0,0,0,,,,,,,,
100663510,Crashes_2010_2019_MPO,2014-10-23,2014,36.03051,-86.87585,False,0,0,0,,,,,,,,
100657975,Crashes_2010_2019_MPO,2014-10-23,2014,35.9583,-86.80229,False,0,0,0,,,,,,,,
100658377,Crashes_2010_2019_MPO,2014-10-23,2014,36.01747,-86.78651,True,0,0,0,,,,,,,,
100657989,Crashes_2010_2019_MPO,2014-10-23,2014,36.04566,-86.7105,False,0,0,1,,,,,,,,
100657784,Crashes_2010_2019_MPO,2014-10-23,2014,35.93784,-86.81745,False,0,0,0,,,,,,,,
100658071,Crashes_2010_2019_MPO,2014-10-23,2014,35.93193,-86.79397,False,0,0,0,,,,,,,,
100657751,Crashes_2010_2019_MPO,2014-10-23,2014,36.05007,-86.87302,False,0,0,0,,,,,,,,
100657735,Crashes_2010_2019_MPO,2014-10-23,2014,36.02363,-86.73469,False,0,0,1,,,,,,,,
100657984,Crashes_2010_2019_MPO,2014-10-23,2014,36.04001,-86.74349,False,0,0,1,,,,,,,,
100658110,Crashes_2010_2019_MPO,2014-10-23,2014,35.98008,-86.69994,True,0,0,0,,,,,,,,
100658259,Crashes_2010_2019_MPO,2014-10-23,2014,35.95457,-86.71367,False,0,0,0,,,,,,,,
100658038,Crashes_2010_2019_MPO,2014-10-23,2014,35.92491,-86.82469,False,0,0,0,,,,,,,,
100657785,Crashes_2010_2019_MPO,2014-10-23,2014,35.97764,-86.77681,True,0,0,0,,,,,,,,
100657822,Crashes_2010_2019_MPO,2014-10-23,2014,36.03366,-86.78539,True,0,0,0,,,,,,,,
100658359,Crashes_2010_2019_MPO,2014-10-23,2014,35.99718,-86.81031,True,0,0,0,,,,,,,,
100657777,Crashes_2010_2019_MPO,2014-10-23,2014,35.94681,-86.85201,False,0,0,0,,,,,,,,
100659149,Crashes_2010_2019_MPO,2014-10-24,2014,35.92999,-86.84922,False,0,0,0,,,,,,,,
100659220,Crashes_2010_2019_MPO,2014-10-24,2014,36.00781,-86.86111,False,0,0,0,,,,,,,,
100659599,Crashes_2010_2019_MPO,2014-10-24,2014,35.95723,-86.81662,False,0,0,0,,,,,,,,
100658503,Crashes_2010_2019_MPO,2014-10-24,2014,35.92641,-86.82446,False,0,0,0,,,,,,,,
100658600,Crashes_2010_2019_MPO,2014-10-24,2014,36.05222,-86.7431,False,0,0,0,,,,,,,,
100659475,Crashes_2010_2019_MPO,2014-10-24,2014,36.01771,-86.70763,False,0,0,0,,,,,,,,
100658307,Crashes_2010_2019_MPO,2014-10-24,2014,36.04045,-86.76977,False,0,0,0,,,,,,,,
100659109,Crashes_2010_2019_MPO,2014-10-24,2014,35.94991,-86.84924,False,0,0,0,,,,,,,,
100658624,Crashes_2010_2019_MPO,2014-10-24,2014,36.02492,-86.819,True,0,0,0,,,,,,,,
100658813,Crashes_2010_2019_MPO,2014-10-24,2014,35.95085,-86.80667,False,0,0,0,,,,,,,,
100658603,Crashes_2010_2019_MPO,2014-10-24,2014,36.02114,-86.78783,True,0,0,0,,,,,,,,
100658494,Crashes_2010_2019_MPO,2014-10-24,2014,35.94784,-86.81975,False,0,0,0,,,,,,,,
100659307,Crashes_2010_2019_MPO,2014-10-25,2014,35.96328,-86.81064,False,0,0,0,,,,,,,,
100658922,Crashes_2010_2019_MPO,2014-10-25,2014,35.99812,-86.79673,True,0,0,0,,,,,,,,
100659001,Crashes_2010_2019_MPO,2014-10-25,2014,36.03822,-86.80002,False,0,0,0,,,,,,,,
100659417,Crashes_2010_2019_MPO,2014-10-25,2014,35.93113,-86.8198,False,0,0,0,,,,,,,,
100660510,Crashes_2010_2019_MPO,2014-10-25,2014,35.97215,-86.80553,True,0,0,0,,,,,,,,
100659216,Crashes_2010_2019_MPO,2014-10-25,2014,35.93499,-86.8222,False,0,0,0,,,,,,,,
100659222,Crashes_2010_2019_MPO,2014-10-25,2014,35.9546,-86.81769,False,0,0,0,,,,,,,,
100659416,Crashes_2010_2019_MPO,2014-10-25,2014,35.94632,-86.8236,False,0,0,0,,,,,,,,
100659750,Crashes_2010_2019_MPO,2014-10-26,2014,35.94695,-86.85171,False,0,0,0,,,,,,,,
100660138,Crashes_2010_2019_MPO,2014-10-26,2014,35.99158,-86.79905,True,0,0,0,,,,,,,,
100659654,Crashes_2010_2019_MPO,2014-10-26,2014,35.94796,-86.69938,False,0,0,0,,,,,,,,
100659714,Crashes_2010_2019_MPO,2014-10-26,2014,36.04617,-86.85759,False,0,0,0,,,,,,,,
100659422,Crashes_2010_2019_MPO,2014-10-26,2014,36.04074,-86.77953,False,0,0,0,,,,,,,,
100659929,Crashes_2010_2019_MPO,2014-10-26,2014,35.96606,-86.72706,True,0,0,0,,,,,,,,
100659336,Crashes_2010_2019_MPO,2014-10-26,2014,36.04162,-86.74921,False,0,0,0,,,,,,,,
100659812,Crashes_2010_2019_MPO,2014-10-26,2014,36.04247,-86.71301,False,0,0,0,,,,,,,,
100660489,Crashes_2010_2019_MPO,2014-10-27,2014,35.96665,-86.81079,True,0,0,0,,,,,,,,
100659966,Crashes_2010_2019_MPO,2014-10-27,2014,35.92487,-86.86962,False,0,0,0,,,,,,,,
100660356,Crashes_2010_2019_MPO,2014-10-27,2014,35.97044,-86.7738,True,0,0,0,,,,,,,,
100659975,Crashes_2010_2019_MPO,2014-10-27,2014,35.98624,-86.73643,True,0,0,0,,,,,,,,
100660169,Crashes_2010_2019_MPO,2014-10-27,2014,35.94476,-86.82852,False,0,0,0,,,,,,,,
100660321,Crashes_2010_2019_MPO,2014-10-27,2014,36.04115,-86.72668,False,0,0,0,,,,,,,,
100660209,Crashes_2010_2019_MPO,2014-10-27,2014,36.04538,-86.71353,False,0,0,0,,,,,,,,
100660204,Crashes_2010_2019_MPO,2014-10-27,2014,35.99686,-86.79698,True,0,0,0,,,,,,,,
100660357,Crashes_2010_2019_MPO,2014-10-27,2014,35.96539,-86.79778,True,0,0,0,,,,,,,,
100660336,Crashes_2010_2019_MPO,2014-10-27,2014,36.02454,-86.78573,True,0,0,0,,,,,,,,
100660170,Crashes_2010_2019_MPO,2014-10-27,2014,35.93193,-86.79397,False,0,0,0,,,,,,,,
100660414,Crashes_2010_2019_MPO,2014-10-27,2014,35.96208,-86.80901,False,0,0,0,,,,,,,,
100660273,Crashes_2010_2019_MPO,2014-10-27,2014,36.03598,-86.87234,False,0,0,0,,,,,,,,
100660437,Crashes_2010_2019_MPO,2014-10-28,2014,36.04162,-86.74921,False,0,0,0,,,,,,,,
100662067,Crashes_2010_2019_MPO,2014-10-28,2014,35.9482,-86.6949,False,0,0,0,,,,,,,,
100660556,Crashes_2010_2019_MPO,2014-10-28,2014,35.99782,-86.79885,True,0,0,0,,,,,,,,
100660717,Crashes_2010_2019_MPO,2014-10-28,2014,35.95589,-86.83172,False,0,0,0,,,,,,,,
100660656,Crashes_2010_2019_MPO,2014-10-28,2014,36.04028,-86.74502,False,0,0,0,,,,,,,,
100660841,Crashes_2010_2019_MPO,2014-10-28,2014,35.99004,-86.74527,True,0,0,0,,,,,,,,
100660771,Crashes_2010_2019_MPO,2014-10-28,2014,36.00124,-86.69549,False,0,0,0,,,,,,,,
100660516,Crashes_2010_2019_MPO,2014-10-28,2014,35.98153,-86.76138,True,0,0,0,,,,,,,,
100660671,Crashes_2010_2019_MPO,2014-10-28,2014,35.96624,-86.81375,False,0,0,0,,,,,,,,
100660559,Crashes_2010_2019_MPO,2014-10-28,2014,35.92434,-86.86953,False,0,0,0,,,,,,,,
100661315,Crashes_2010_2019_MPO,2014-10-29,2014,35.93346,-86.77996,False,0,0,0,,,,,,,,
100661311,Crashes_2010_2019_MPO,2014-10-29,2014,36.0246,-86.7857,True,0,0,0,,,,,,,,
100661653,Crashes_2010_2019_MPO,2014-10-29,2014,36.02559,-86.79303,True,0,0,0,,,,,,,,
100661427,Crashes_2010_2019_MPO,2014-10-29,2014,35.99686,-86.68989,False,0,0,0,,,,,,,,
100661780,Crashes_2010_2019_MPO,2014-10-29,2014,35.96141,-86.71075,True,0,0,0,,,,,,,,
100660917,Crashes_2010_2019_MPO,2014-10-29,2014,35.92751,-86.82128,False,0,0,0,,,,,,,,
100661013,Crashes_2010_2019_MPO,2014-10-29,2014,35.92641,-86.82446,False,0,0,0,,,,,,,,
100661222,Crashes_2010_2019_MPO,2014-10-29,2014,35.97682,-86.82592,True,0,0,0,,,,,,,,
100661805,Crashes_2010_2019_MPO,2014-10-30,2014,35.92738,-86.86871,False,0,0,0,,,,,,,,
100661998,Crashes_2010_2019_MPO,2014-10-30,2014,36.04104,-86.71288,False,0,0,0,,,,,,,,
100662066,Crashes_2010_2019_MPO,2014-10-30,2014,35.92974,-86.85584,False,0,0,0,,,,,,,,
100662009,Crashes_2010_2019_MPO,2014-10-30,2014,36.05222,-86.7431,False,0,0,0,,,,,,,,
100661939,Crashes_2010_2019_MPO,2014-10-30,2014,35.94772,-86.81943,False,0,0,0,,,,,,,,
100661936,Crashes_2010_2019_MPO,2014-10-30,2014,35.95862,-86.81605,False,0,0,0,,,,,,,,
100662323,Crashes_2010_2019_MPO,2014-10-30,2014,35.92954,-86.84187,False,0,0,0,,,,,,,,
100661571,Crashes_2010_2019_MPO,2014-10-30,2014,36.01923,-86.78676,True,0,0,0,,,,,,,,
100662124,Crashes_2010_2019_MPO,2014-10-30,2014,36.01417,-86.86242,False,0,0,0,,,,,,,,
100661663,Crashes_2010_2019_MPO,2014-10-30,2014,36.03755,-86.78503,False,0,0,0,,,,,,,,
100661761,Crashes_2010_2019_MPO,2014-10-30,2014,36.03612,-86.78713,True,0,0,0,,,,,,,,
100662598,Crashes_2010_2019_MPO,2014-10-30,2014,35.99521,-86.79599,True,0,0,0,,,,,,,,
100661951,Crashes_2010_2019_MPO,2014-10-30,2014,35.95768,-86.8113,False,0,0,0,,,,,,,,
100662110,Crashes_2010_2019_MPO,2014-10-30,2014,35.96719,-86.67697,False,0,0,0,,,,,,,,
100661937,Crashes_2010_2019_MPO,2014-10-30,2014,35.9533,-86.8077,False,0,0,0,,,,,,,,
100661852,Crashes_2010_2019_MPO,2014-10-30,2014,35.93019,-86.84174,False,0,0,0,,,,,,,,
100662685,Crashes_2010_2019_MPO,2014-10-31,2014,35.94515,-86.8779,False,0,0,0,,,,,,,,
100662567,Crashes_2010_2019_MPO,2014-10-31,2014,35.99567,-86.7805,True,0,0,0,,,,,,,,
100662501,Crashes_2010_2019_MPO,2014-10-31,2014,35.99113,-86.68342,False,0,0,0,,,,,,,,
100662208,Crashes_2010_2019_MPO,2014-10-31,2014,36.0343,-86.79174,True,0,0,0,,,,,,,,
100662260,Crashes_2010_2019_MPO,2014-10-31,2014,35.9677,-86.71105,True,0,0,0,,,,,,,,
100663062,Crashes_2010_2019_MPO,2014-10-31,2014,35.93434,-86.8184,False,0,0,0,,,,,,,,
100662500,Crashes_2010_2019_MPO,2014-10-31,2014,36.03149,-86.81765,True,0,1,0,,,,,,,,
100662632,Crashes_2010_2019_MPO,2014-10-31,2014,36.04001,-86.74349,False,0,0,0,,,,,,,,
100662538,Crashes_2010_2019_MPO,2014-10-31,2014,35.96651,-86.80979,True,0,0,0,,,,,,,,
100662409,Crashes_2010_2019_MPO,2014-10-31,2014,35.96708,-86.81356,True,0,0,0,,,,,,,,
100662722,Crashes_2010_2019_MPO,2014-10-31,2014,36.03258,-86.76886,False,0,0,0,,,,,,,,
100662210,Crashes_2010_2019_MPO,2014-10-31,2014,35.93493,-86.77701,False,0,0,0,,,,,,,,
100662591,Crashes_2010_2019_MPO,2014-10-31,2014,35.95786,-86.80256,False,0,0,0,,,,,,,,
100662276,Crashes_2010_2019_MPO,2014-10-31,2014,35.97222,-86.86057,False,0,0,0,,,,,,,,
100662266,Crashes_2010_2019_MPO,2014-10-31,2014,35.99413,-86.69291,True,0,0,0,,,,,,,,
100662251,Crashes_2010_2019_MPO,2014-10-31,2014,36.03942,-86.78273,False,0,0,0,,,,,,,,
100663202,Crashes_2010_2019_MPO,2014-11-01,2014,35.94685,-86.82396,False,0,0,0,,,,,,,,
100662846,Crashes_2010_2019_MPO,2014-11-01,2014,35.95992,-86.81001,False,0,0,0,,,,,,,,
100663132,Crashes_2010_2019_MPO,2014-11-01,2014,36.03064,-86.78383,True,0,0,0,,,,,,,,
100663042,Crashes_2010_2019_MPO,2014-11-01,2014,35.96675,-86.81149,True,0,0,0,,,,,,,,
100663136,Crashes_2010_2019_MPO,2014-11-01,2014,35.94456,-86.82838,False,0,0,0,,,,,,,,
100662951,Crashes_2010_2019_MPO,2014-11-01,2014,36.02388,-86.78612,True,0,0,0,,,,,,,,
100662981,Crashes_2010_2019_MPO,2014-11-01,2014,36.03971,-86.78159,False,0,0,0,,,,,,,,
100663391,Crashes_2010_2019_MPO,2014-11-01,2014,35.99686,-86.68989,False,0,0,0,,,,,,,,
100663365,Crashes_2010_2019_MPO,2014-11-01,2014,36.04528,-86.71457,False,0,0,0,,,,,,,,
100663003,Crashes_2010_2019_MPO,2014-11-01,2014,36.03964,-86.78172,False,0,0,0,,,,,,,,
100663184,Crashes_2010_2019_MPO,2014-11-01,2014,36.04622,-86.71346,False,0,0,0,,,,,,,,
100662842,Crashes_2010_2019_MPO,2014-11-01,2014,36.03912,-86.78221,False,0,0,0,,,,,,,,
100663200,Crashes_2010_2019_MPO,2014-11-01,2014,36.0454,-86.70295,False,0,0,0,,,,,,,,
100663534,Crashes_2010_2019_MPO,2014-11-02,2014,36.03089,-86.71256,False,0,0,0,,,,,,,,
100663560,Crashes_2010_2019_MPO,2014-11-02,2014,36.05144,-86.70183,False,0,0,0,,,,,,,,
100663544,Crashes_2010_2019_MPO,2014-11-02,2014,36.04697,-86.68013,False,0,0,0,,,,,,,,
100663705,Crashes_2010_2019_MPO,2014-11-02,2014,36.00796,-86.78031,True,0,0,0,,,,,,,,
100664154,Crashes_2010_2019_MPO,2014-11-03,2014,36.03195,-86.76287,False,0,0,0,,,,,,,,
100663842,Crashes_2010_2019_MPO,2014-11-03,2014,35.9337,-86.81761,False,0,0,0,,,,,,,,
100664139,Crashes_2010_2019_MPO,2014-11-03,2014,35.96173,-86.81395,False,0,0,0,,,,,,,,
100664220,Crashes_2010_2019_MPO,2014-11-03,2014,36.03971,-86.73923,False,0,0,0,,,,,,,,
100664176,Crashes_2010_2019_MPO,2014-11-03,2014,35.9851,-86.818,True,0,0,0,,,,,,,,
100663824,Crashes_2010_2019_MPO,2014-11-03,2014,35.93736,-86.87807,False,0,0,0,,,,,,,,
100664140,Crashes_2010_2019_MPO,2014-11-03,2014,35.94775,-86.81934,False,0,0,0,,,,,,,,
100665169,Crashes_2010_2019_MPO,2014-11-04,2014,36.04556,-86.7137,False,0,1,0,,,,,,,,
100664534,Crashes_2010_2019_MPO,2014-11-04,2014,35.97727,-86.72555,True,0,0,0,,,,,,,,
100665069,Crashes_2010_2019_MPO,2014-11-04,2014,35.96733,-86.81491,True,0,0,0,,,,,,,,
100665902,Crashes_2010_2019_MPO,2014-11-04,2014,36.04552,-86.71194,False,0,0,0,,,,,,,,
100714544,Crashes_2010_2019_MPO,2014-11-04,2014,36.05151,-86.714432,False,1,0,0,,,,,,,,
100664421,Crashes_2010_2019_MPO,2014-11-04,2014,36.04546,-86.71267,False,0,0,0,,,,,,,,
100664865,Crashes_2010_2019_MPO,2014-11-04,2014,36.04686,-86.68229,False,0,0,0,,,,,,,,
100665050,Crashes_2010_2019_MPO,2014-11-05,2014,36.0448,-86.72473,False,0,0,0,,,,,,,,
100666730,Crashes_2010_2019_MPO,2014-11-05,2014,36.03787,-86.7847,False,0,0,0,,,,,,,,
100665155,Crashes_2010_2019_MPO,2014-11-05,2014,36.04299,-86.84232,False,0,0,0,,,,,,,,
100664978,Crashes_2010_2019_MPO,2014-11-05,2014,35.99644,-86.788,True,0,0,0,,,,,,,,
100665438,Crashes_2010_2019_MPO,2014-11-05,2014,35.97494,-86.83142,True,0,0,0,,,,,,,,
100665166,Crashes_2010_2019_MPO,2014-11-05,2014,35.93299,-86.87746,False,0,0,0,,,,,,,,
100665390,Crashes_2010_2019_MPO,2014-11-05,2014,36.04546,-86.71275,False,0,0,0,,,,,,,,
100664983,Crashes_2010_2019_MPO,2014-11-05,2014,36.03336,-86.78872,True,0,0,0,,,,,,,,
100664928,Crashes_2010_2019_MPO,2014-11-05,2014,36.03969,-86.76211,False,0,0,0,,,,,,,,
100665008,Crashes_2010_2019_MPO,2014-11-05,2014,36.05391,-86.77549,False,0,0,1,,,,,,,,
100665122,Crashes_2010_2019_MPO,2014-11-05,2014,35.94549,-86.80504,False,0,0,0,,,,,,,,
100665277,Crashes_2010_2019_MPO,2014-11-05,2014,36.04098,-86.77941,False,0,0,0,,,,,,,,
100665051,Crashes_2010_2019_MPO,2014-11-05,2014,35.95597,-86.83243,False,0,0,0,,,,,,,,
100665876,Crashes_2010_2019_MPO,2014-11-05,2014,36.03738,-86.7862,False,0,0,0,,,,,,,,
100665204,Crashes_2010_2019_MPO,2014-11-05,2014,36.00618,-86.86549,False,0,0,0,,,,,,,,
100665936,Crashes_2010_2019_MPO,2014-11-05,2014,35.95383,-86.80429,False,0,0,0,,,,,,,,
100665041,Crashes_2010_2019_MPO,2014-11-05,2014,35.93246,-86.78811,False,0,0,0,,,,,,,,
100666140,Crashes_2010_2019_MPO,2014-11-06,2014,36.04001,-86.74349,False,0,0,0,,,,,,,,
100666043,Crashes_2010_2019_MPO,2014-11-06,2014,36.04619,-86.70352,False,0,0,0,,,,,,,,