record_no,source_layer,collision_ts,crash_year,latitude,longitude,in_city,fatalities,non_motorists,truck_involved,serious_injuries,pedestrian,bicycle,crash_type,manner_of_collision,lighting,weather,first_harmful_event
100666110,Crashes_2010_2019_MPO,2014-11-06,2014,35.93498,-86.82579,False,0,0,0,,,,,,,,
100678602,Crashes_2010_2019_MPO,2014-11-06,2014,35.94046,-86.82126,False,0,0,0,,,,,,,,
100665483,Crashes_2010_2019_MPO,2014-11-06,2014,36.0421,-86.78131,False,0,0,0,,,,,,,,
100665897,Crashes_2010_2019_MPO,2014-11-06,2014,35.9583,-86.80229,False,0,0,0,,,,,,,,
100665914,Crashes_2010_2019_MPO,2014-11-06,2014,35.92365,-86.86963,False,0,0,0,,,,,,,,
100665732,Crashes_2010_2019_MPO,2014-11-06,2014,36.01108,-86.70267,False,0,0,0,,,,,,,,
100667156,Crashes_2010_2019_MPO,2014-11-06,2014,36.03918,-86.71287,False,0,0,0,,,,,,,,
100665673,Crashes_2010_2019_MPO,2014-11-06,2014,35.97682,-86.82589,True,0,0,0,,,,,,,,
100666002,Crashes_2010_2019_MPO,2014-11-06,2014,35.94882,-86.80748,False,0,0,0,,,,,,,,
100678592,Crashes_2010_2019_MPO,2014-11-06,2014,35.94612,-86.80858,False,0,0,0,,,,,,,,
100665572,Crashes_2010_2019_MPO,2014-11-06,2014,35.93492,-86.82195,False,0,0,0,,,,,,,,
100667301,Crashes_2010_2019_MPO,2014-11-06,2014,36.03061,-86.70599,False,0,0,0,,,,,,,,
100665878,Crashes_2010_2019_MPO,2014-11-06,2014,36.03734,-86.79056,False,0,0,0,,,,,,,,
100665644,Crashes_2010_2019_MPO,2014-11-06,2014,35.99045,-86.74881,True,0,0,0,,,,,,,,
100666638,Crashes_2010_2019_MPO,2014-11-06,2014,36.04076,-86.77332,False,0,0,0,,,,,,,,
100666902,Crashes_2010_2019_MPO,2014-11-07,2014,35.94146,-86.81621,False,0,0,0,,,,,,,,
100666490,Crashes_2010_2019_MPO,2014-11-07,2014,36.04084,-86.77935,False,0,0,0,,,,,,,,
100666572,Crashes_2010_2019_MPO,2014-11-07,2014,35.93083,-86.86372,False,0,0,0,,,,,,,,
100666510,Crashes_2010_2019_MPO,2014-11-07,2014,35.99634,-86.78801,True,0,0,0,,,,,,,,
100666489,Crashes_2010_2019_MPO,2014-11-07,2014,36.03751,-86.78652,False,0,0,0,,,,,,,,
100666602,Crashes_2010_2019_MPO,2014-11-07,2014,35.93269,-86.80867,False,0,0,0,,,,,,,,
100678591,Crashes_2010_2019_MPO,2014-11-07,2014,35.93928,-86.87936,False,0,0,0,,,,,,,,
100666486,Crashes_2010_2019_MPO,2014-11-07,2014,36.0406,-86.77106,False,0,0,0,,,,,,,,
100678590,Crashes_2010_2019_MPO,2014-11-07,2014,35.9345,-86.86053,False,0,0,0,,,,,,,,
100666398,Crashes_2010_2019_MPO,2014-11-07,2014,36.03746,-86.78693,False,0,0,0,,,,,,,,
100666894,Crashes_2010_2019_MPO,2014-11-07,2014,36.04267,-86.78291,False,0,0,0,,,,,,,,
100666478,Crashes_2010_2019_MPO,2014-11-07,2014,36.04226,-86.72647,False,0,0,0,,,,,,,,
100666641,Crashes_2010_2019_MPO,2014-11-07,2014,36.0406,-86.74566,False,0,0,0,,,,,,,,
100667222,Crashes_2010_2019_MPO,2014-11-08,2014,36.05151,-86.71443,False,0,0,0,,,,,,,,
100667169,Crashes_2010_2019_MPO,2014-11-08,2014,36.01743,-86.70735,False,0,0,0,,,,,,,,
100668074,Crashes_2010_2019_MPO,2014-11-08,2014,35.95774,-86.81646,False,0,0,0,,,,,,,,
100667098,Crashes_2010_2019_MPO,2014-11-08,2014,35.93546,-86.82377,False,0,0,0,,,,,,,,
100667160,Crashes_2010_2019_MPO,2014-11-08,2014,36.04954,-86.71368,False,0,0,0,,,,,,,,
100667758,Crashes_2010_2019_MPO,2014-11-08,2014,36.03354,-86.78322,True,0,0,1,,,,,,,,
100667154,Crashes_2010_2019_MPO,2014-11-08,2014,35.96453,-86.81434,False,0,0,0,,,,,,,,
100666965,Crashes_2010_2019_MPO,2014-11-08,2014,36.04211,-86.70329,False,0,0,0,,,,,,,,
100667609,Crashes_2010_2019_MPO,2014-11-09,2014,35.99606,-86.68876,False,0,0,0,,,,,,,,
100667771,Crashes_2010_2019_MPO,2014-11-09,2014,36.04221,-86.83167,False,0,0,0,,,,,,,,
100679056,Crashes_2010_2019_MPO,2014-11-09,2014,35.98583,-86.67996,False,0,0,0,,,,,,,,
100667480,Crashes_2010_2019_MPO,2014-11-09,2014,36.04822,-86.70282,False,0,0,0,,,,,,,,
100680774,Crashes_2010_2019_MPO,2014-11-10,2014,35.98116,-86.84619,False,0,0,0,,,,,,,,
100668242,Crashes_2010_2019_MPO,2014-11-10,2014,35.99642,-86.79713,True,0,0,0,,,,,,,,
100667820,Crashes_2010_2019_MPO,2014-11-10,2014,35.99735,-86.79484,True,0,0,0,,,,,,,,
100668179,Crashes_2010_2019_MPO,2014-11-10,2014,36.04248,-86.71284,False,0,0,0,,,,,,,,
100668332,Crashes_2010_2019_MPO,2014-11-10,2014,35.94988,-86.8135,False,0,0,0,,,,,,,,
100678726,Crashes_2010_2019_MPO,2014-11-10,2014,35.9532,-86.84661,False,0,0,0,,,,,,,,
100668093,Crashes_2010_2019_MPO,2014-11-10,2014,35.95357,-86.81782,False,0,0,0,,,,,,,,
100668556,Crashes_2010_2019_MPO,2014-11-10,2014,35.99862,-86.80582,True,0,0,0,,,,,,,,
100678613,Crashes_2010_2019_MPO,2014-11-10,2014,36.05056,-86.87747,False,0,0,0,,,,,,,,
100668217,Crashes_2010_2019_MPO,2014-11-10,2014,35.9671,-86.81367,True,0,0,0,,,,,,,,
100668271,Crashes_2010_2019_MPO,2014-11-10,2014,35.99592,-86.78315,True,0,0,0,,,,,,,,
100678646,Crashes_2010_2019_MPO,2014-11-11,2014,35.9583,-86.80229,False,0,0,0,,,,,,,,
100668442,Crashes_2010_2019_MPO,2014-11-11,2014,36.01556,-86.74018,False,0,0,0,,,,,,,,
100668531,Crashes_2010_2019_MPO,2014-11-11,2014,36.04001,-86.74349,False,0,0,0,,,,,,,,
100668518,Crashes_2010_2019_MPO,2014-11-11,2014,35.99004,-86.74527,True,0,0,0,,,,,,,,
100678742,Crashes_2010_2019_MPO,2014-11-11,2014,36.04168,-86.74886,False,0,0,0,,,,,,,,
100678747,Crashes_2010_2019_MPO,2014-11-11,2014,35.98492,-86.81816,True,0,0,0,,,,,,,,
100679101,Crashes_2010_2019_MPO,2014-11-11,2014,36.01366,-86.83711,True,0,0,0,,,,,,,,
100668565,Crashes_2010_2019_MPO,2014-11-11,2014,35.94625,-86.80816,False,0,0,0,,,,,,,,
100678776,Crashes_2010_2019_MPO,2014-11-11,2014,36.04838,-86.74365,False,0,0,0,,,,,,,,
100668396,Crashes_2010_2019_MPO,2014-11-11,2014,36.03813,-86.80082,False,0,0,0,,,,,,,,
100678804,Crashes_2010_2019_MPO,2014-11-11,2014,36.04493,-86.69605,False,0,0,0,,,,,,,,
100678771,Crashes_2010_2019_MPO,2014-11-11,2014,35.94783,-86.86364,False,0,0,0,,,,,,,,
100678718,Crashes_2010_2019_MPO,2014-11-11,2014,35.94534,-86.82308,False,0,0,0,,,,,,,,
100678727,Crashes_2010_2019_MPO,2014-11-11,2014,35.9647,-86.81428,False,0,0,0,,,,,,,,
100678772,Crashes_2010_2019_MPO,2014-11-11,2014,35.94874,-86.81989,False,0,0,0,,,,,,,,
100668539,Crashes_2010_2019_MPO,2014-11-11,2014,35.92315,-86.81662,False,0,0,0,,,,,,,,
100678861,Crashes_2010_2019_MPO,2014-11-11,2014,35.96075,-86.82971,False,0,0,0,,,,,,,,
100680513,Crashes_2010_2019_MPO,2014-11-11,2014,36.03407,-86.78316,True,0,0,0,,,,,,,,
100668416,Crashes_2010_2019_MPO,2014-11-11,2014,36.03992,-86.7813,False,0,0,0,,,,,,,,
100678874,Crashes_2010_2019_MPO,2014-11-11,2014,36.01571,-86.8449,False,0,0,0,,,,,,,,
100679200,Crashes_2010_2019_MPO,2014-11-11,2014,36.04261,-86.74257,False,0,0,0,,,,,,,,
100679462,Crashes_2010_2019_MPO,2014-11-12,2014,35.98584,-86.67997,False,0,0,0,,,,,,,,
100679384,Crashes_2010_2019_MPO,2014-11-12,2014,35.94648,-86.82324,False,0,0,0,,,,,,,,
100679271,Crashes_2010_2019_MPO,2014-11-12,2014,35.95317,-86.81788,False,0,0,0,,,,,,,,
100679594,Crashes_2010_2019_MPO,2014-11-12,2014,35.92361,-86.86959,False,0,0,0,,,,,,,,
100679110,Crashes_2010_2019_MPO,2014-11-12,2014,36.04561,-86.71976,False,0,0,0,,,,,,,,
100679472,Crashes_2010_2019_MPO,2014-11-12,2014,35.99612,-86.78519,True,0,0,0,,,,,,,,
100679300,Crashes_2010_2019_MPO,2014-11-12,2014,35.97637,-86.82795,True,0,0,0,,,,,,,,
100679416,Crashes_2010_2019_MPO,2014-11-12,2014,35.94117,-86.83995,False,0,0,0,,,,,,,,
100679257,Crashes_2010_2019_MPO,2014-11-12,2014,36.0269,-86.74369,False,0,0,0,,,,,,,,
100679305,Crashes_2010_2019_MPO,2014-11-12,2014,35.93461,-86.82012,False,0,0,0,,,,,,,,
100679248,Crashes_2010_2019_MPO,2014-11-12,2014,36.04667,-86.7135,False,0,0,0,,,,,,,,
100679306,Crashes_2010_2019_MPO,2014-11-12,2014,35.9498,-86.81328,False,0,0,0,,,,,,,,
100680919,Crashes_2010_2019_MPO,2014-11-13,2014,36.01471,-86.72621,False,0,0,0,,,,,,,,
100680041,Crashes_2010_2019_MPO,2014-11-13,2014,36.03935,-86.78565,False,0,0,0,,,,,,,,
100679939,Crashes_2010_2019_MPO,2014-11-13,2014,35.96654,-86.80997,True,0,0,0,,,,,,,,
100679913,Crashes_2010_2019_MPO,2014-11-13,2014,36.04165,-86.71278,False,0,0,0,,,,,,,,
100679630,Crashes_2010_2019_MPO,2014-11-13,2014,35.96608,-86.80615,True,0,0,0,,,,,,,,
100679579,Crashes_2010_2019_MPO,2014-11-13,2014,35.99944,-86.69345,False,0,0,0,,,,,,,,
100679540,Crashes_2010_2019_MPO,2014-11-13,2014,35.94825,-86.76637,True,0,0,0,,,,,,,,
100679862,Crashes_2010_2019_MPO,2014-11-13,2014,35.99635,-86.79715,True,0,0,0,,,,,,,,
100679895,Crashes_2010_2019_MPO,2014-11-13,2014,36.04522,-86.71644,False,0,0,0,,,,,,,,
100679758,Crashes_2010_2019_MPO,2014-11-13,2014,35.92585,-86.86758,False,0,0,0,,,,,,,,
100679757,Crashes_2010_2019_MPO,2014-11-13,2014,35.93262,-86.87556,False,0,0,0,,,,,,,,
100679580,Crashes_2010_2019_MPO,2014-11-13,2014,36.01481,-86.73076,False,0,0,0,,,,,,,,
100679604,Crashes_2010_2019_MPO,2014-11-13,2014,36.02884,-86.76921,True,0,0,0,,,,,,,,
100679870,Crashes_2010_2019_MPO,2014-11-13,2014,35.96705,-86.81343,True,0,0,0,,,,,,,,
100679581,Crashes_2010_2019_MPO,2014-11-13,2014,36.04098,-86.77941,False,0,0,0,,,,,,,,
100679708,Crashes_2010_2019_MPO,2014-11-13,2014,36.04546,-86.71267,False,0,0,0,,,,,,,,
100679958,Crashes_2010_2019_MPO,2014-11-13,2014,36.03735,-86.78656,False,0,0,0,,,,,,,,
100679992,Crashes_2010_2019_MPO,2014-11-13,2014,36.04551,-86.70447,False,0,0,0,,,,,,,,
100679874,Crashes_2010_2019_MPO,2014-11-13,2014,35.9498,-86.81328,False,0,0,0,,,,,,,,
100680583,Crashes_2010_2019_MPO,2014-11-14,2014,36.00901,-86.70141,False,0,0,0,,,,,,,,
100682371,Crashes_2010_2019_MPO,2014-11-14,2014,35.95394,-86.81778,False,0,0,0,,,,,,,,
100680399,Crashes_2010_2019_MPO,2014-11-14,2014,35.95297,-86.87569,False,0,0,0,,,,,,,,
100680522,Crashes_2010_2019_MPO,2014-11-14,2014,36.01098,-86.78494,True,0,0,0,,,,,,,,
100682672,Crashes_2010_2019_MPO,2014-11-14,2014,36.02239,-86.70942,False,0,0,0,,,,,,,,
100680475,Crashes_2010_2019_MPO,2014-11-14,2014,36.02412,-86.78597,True,0,0,0,,,,,,,,
100680226,Crashes_2010_2019_MPO,2014-11-14,2014,35.92405,-86.87172,False,0,0,0,,,,,,,,
100680561,Crashes_2010_2019_MPO,2014-11-14,2014,36.05327,-86.71497,False,0,0,0,,,,,,,,
100680486,Crashes_2010_2019_MPO,2014-11-14,2014,36.01177,-86.78484,True,0,0,0,,,,,,,,
100680452,Crashes_2010_2019_MPO,2014-11-14,2014,36.00417,-86.79083,True,0,0,0,,,,,,,,
100680437,Crashes_2010_2019_MPO,2014-11-14,2014,35.92599,-86.82453,False,0,0,0,,,,,,,,
100680438,Crashes_2010_2019_MPO,2014-11-14,2014,35.9353,-86.82282,False,0,0,0,,,,,,,,
100680278,Crashes_2010_2019_MPO,2014-11-14,2014,35.97914,-86.82894,False,0,0,0,,,,,,,,
100680717,Crashes_2010_2019_MPO,2014-11-14,2014,36.04169,-86.74802,False,0,0,0,,,,,,,,
100680189,Crashes_2010_2019_MPO,2014-11-14,2014,36.04445,-86.71305,False,0,0,0,,,,,,,,
100680181,Crashes_2010_2019_MPO,2014-11-14,2014,36.02477,-86.70765,False,0,0,0,,,,,,,,
100680755,Crashes_2010_2019_MPO,2014-11-15,2014,35.95993,-86.80204,False,0,0,0,,,,,,,,
100681004,Crashes_2010_2019_MPO,2014-11-15,2014,35.94116,-86.83788,False,0,0,0,,,,,,,,
100680931,Crashes_2010_2019_MPO,2014-11-15,2014,35.96653,-86.80997,True,0,0,0,,,,,,,,
100680991,Crashes_2010_2019_MPO,2014-11-15,2014,36.01243,-86.73956,True,0,0,0,,,,,,,,
100680763,Crashes_2010_2019_MPO,2014-11-15,2014,36.04011,-86.76673,False,0,0,0,,,,,,,,
100681468,Crashes_2010_2019_MPO,2014-11-16,2014,35.94761,-86.81992,False,0,0,0,,,,,,,,
100682281,Crashes_2010_2019_MPO,2014-11-16,2014,35.96625,-86.87593,False,0,0,0,,,,,,,,
100681754,Crashes_2010_2019_MPO,2014-11-16,2014,35.92814,-86.82106,False,0,0,0,,,,,,,,
100681635,Crashes_2010_2019_MPO,2014-11-16,2014,35.92455,-86.82227,False,0,0,0,,,,,,,,
100681319,Crashes_2010_2019_MPO,2014-11-16,2014,36.01349,-86.73838,False,0,0,0,,,,,,,,
100681573,Crashes_2010_2019_MPO,2014-11-16,2014,36.04545,-86.7036,False,0,0,0,,,,,,,,
100681371,Crashes_2010_2019_MPO,2014-11-16,2014,36.02354,-86.68839,False,0,0,0,,,,,,,,
100681354,Crashes_2010_2019_MPO,2014-11-16,2014,36.02551,-86.71302,False,0,0,0,,,,,,,,
100681641,Crashes_2010_2019_MPO,2014-11-16,2014,36.04086,-86.78255,False,0,0,0,,,,,,,,
100681578,Crashes_2010_2019_MPO,2014-11-16,2014,35.93494,-86.77683,False,0,0,0,,,,,,,,
100681708,Crashes_2010_2019_MPO,2014-11-16,2014,36.04338,-86.68907,False,0,0,0,,,,,,,,
100681363,Crashes_2010_2019_MPO,2014-11-16,2014,35.94428,-86.81993,False,0,0,0,,,,,,,,
100681224,Crashes_2010_2019_MPO,2014-11-16,2014,36.01891,-86.7245,False,0,0,0,,,,,,,,
100681405,Crashes_2010_2019_MPO,2014-11-16,2014,35.971,-86.72642,True,0,0,0,,,,,,,,
100681301,Crashes_2010_2019_MPO,2014-11-16,2014,35.99415,-86.76385,True,0,0,0,,,,,,,,
100681546,Crashes_2010_2019_MPO,2014-11-16,2014,36.04525,-86.69173,False,0,0,0,,,,,,,,
100681617,Crashes_2010_2019_MPO,2014-11-16,2014,36.0419,-86.78239,False,0,0,0,,,,,,,,
100681387,Crashes_2010_2019_MPO,2014-11-16,2014,36.04105,-86.78253,False,0,0,0,,,,,,,,
100681334,Crashes_2010_2019_MPO,2014-11-16,2014,36.04153,-86.78247,False,0,0,0,,,,,,,,
100682353,Crashes_2010_2019_MPO,2014-11-17,2014,36.04531,-86.71422,False,0,0,0,,,,,,,,
100681834,Crashes_2010_2019_MPO,2014-11-17,2014,35.95044,-86.76543,True,0,0,0,,,,,,,,
100681839,Crashes_2010_2019_MPO,2014-11-17,2014,35.93776,-86.87621,False,0,0,0,,,,,,,,
100682177,Crashes_2010_2019_MPO,2014-11-17,2014,35.97281,-86.82931,True,0,0,0,,,,,,,,
100682279,Crashes_2010_2019_MPO,2014-11-17,2014,35.98819,-86.70616,True,0,0,0,,,,,,,,
100682134,Crashes_2010_2019_MPO,2014-11-17,2014,36.01714,-86.78616,True,0,0,0,,,,,,,,
100682202,Crashes_2010_2019_MPO,2014-11-17,2014,35.92842,-86.82452,False,0,0,0,,,,,,,,
100682379,Crashes_2010_2019_MPO,2014-11-17,2014,36.04504,-86.77989,False,0,0,0,,,,,,,,
100682310,Crashes_2010_2019_MPO,2014-11-17,2014,36.02121,-86.68077,False,0,0,0,,,,,,,,
100681853,Crashes_2010_2019_MPO,2014-11-17,2014,36.04513,-86.85236,False,0,0,0,,,,,,,,
100682047,Crashes_2010_2019_MPO,2014-11-17,2014,36.04549,-86.71233,False,0,0,0,,,,,,,,
100681756,Crashes_2010_2019_MPO,2014-11-17,2014,36.04545,-86.7036,False,0,0,0,,,,,,,,
100682055,Crashes_2010_2019_MPO,2014-11-17,2014,35.94686,-86.80717,False,0,0,0,,,,,,,,
100682714,Crashes_2010_2019_MPO,2014-11-18,2014,35.95777,-86.80258,False,0,0,0,,,,,,,,
100682352,Crashes_2010_2019_MPO,2014-11-18,2014,36.04381,-86.78135,False,0,0,0,,,,,,,,
100682577,Crashes_2010_2019_MPO,2014-11-18,2014,35.92529,-86.86916,False,0,0,0,,,,,,,,
100682643,Crashes_2010_2019_MPO,2014-11-18,2014,36.04551,-86.71205,False,0,0,0,,,,,,,,
100682704,Crashes_2010_2019_MPO,2014-11-18,2014,35.9665,-86.80968,True,0,0,0,,,,,,,,
100682529,Crashes_2010_2019_MPO,2014-11-18,2014,35.92672,-86.82705,False,0,0,0,,,,,,,,
100682388,Crashes_2010_2019_MPO,2014-11-18,2014,36.02395,-86.78341,True,0,0,0,,,,,,,,
100683037,Crashes_2010_2019_MPO,2014-11-18,2014,36.04091,-86.78254,False,0,0,0,,,,,,,,
100682439,Crashes_2010_2019_MPO,2014-11-18,2014,35.97763,-86.77601,True,0,0,0,,,,,,,,
100682897,Crashes_2010_2019_MPO,2014-11-19,2014,36.04296,-86.84211,False,0,0,0,,,,,,,,
100682922,Crashes_2010_2019_MPO,2014-11-19,2014,36.05287,-86.68744,False,0,0,0,,,,,,,,
100683208,Crashes_2010_2019_MPO,2014-11-19,2014,35.97455,-86.83586,False,0,0,0,,,,,,,,
100683186,Crashes_2010_2019_MPO,2014-11-19,2014,35.97776,-86.80359,True,0,0,0,,,,,,,,
100682910,Crashes_2010_2019_MPO,2014-11-19,2014,36.05366,-86.7149,False,0,0,0,,,,,,,,
100697342,Crashes_2010_2019_MPO,2014-11-19,2014,36.01689,-86.78609,True,0,0,0,,,,,,,,
100683019,Crashes_2010_2019_MPO,2014-11-19,2014,36.02551,-86.71302,False,0,0,0,,,,,,,,
100683003,Crashes_2010_2019_MPO,2014-11-19,2014,36.04121,-86.7761,False,0,0,0,,,,,,,,
100683238,Crashes_2010_2019_MPO,2014-11-19,2014,36.01497,-86.84197,False,0,0,0,,,,,,,,
100694022,Crashes_2010_2019_MPO,2014-11-19,2014,35.96708,-86.81356,True,0,0,0,,,,,,,,
100694697,Crashes_2010_2019_MPO,2014-11-19,2014,35.9667,-86.81117,True,0,0,0,,,,,,,,
100683212,Crashes_2010_2019_MPO,2014-11-19,2014,36.02233,-86.78689,True,0,0,0,,,,,,,,
100694166,Crashes_2010_2019_MPO,2014-11-19,2014,35.92644,-86.82471,False,0,0,0,,,,,,,,
100682898,Crashes_2010_2019_MPO,2014-11-19,2014,36.05054,-86.86,False,0,0,0,,,,,,,,
100693376,Crashes_2010_2019_MPO,2014-11-19,2014,35.93593,-86.82373,False,0,0,0,,,,,,,,
100683066,Crashes_2010_2019_MPO,2014-11-19,2014,36.03754,-86.78631,False,0,0,0,,,,,,,,
100683243,Crashes_2010_2019_MPO,2014-11-19,2014,35.96741,-86.81552,True,0,0,0,,,,,,,,
100683077,Crashes_2010_2019_MPO,2014-11-19,2014,35.96453,-86.81434,False,0,0,0,,,,,,,,
100683028,Crashes_2010_2019_MPO,2014-11-19,2014,36.04075,-86.77169,False,0,0,0,,,,,,,,
100682962,Crashes_2010_2019_MPO,2014-11-19,2014,35.99516,-86.77495,True,0,0,0,,,,,,,,
100693556,Crashes_2010_2019_MPO,2014-11-19,2014,36.04345,-86.84405,False,0,0,0,,,,,,,,
100682920,Crashes_2010_2019_MPO,2014-11-19,2014,35.98483,-86.80113,True,0,0,0,,,,,,,,
100693377,Crashes_2010_2019_MPO,2014-11-19,2014,35.93115,-86.86348,False,0,0,0,,,,,,,,
100693432,Crashes_2010_2019_MPO,2014-11-20,2014,35.96665,-86.80941,True,0,0,0,,,,,,,,
100693788,Crashes_2010_2019_MPO,2014-11-20,2014,35.97314,-86.85966,False,0,0,0,,,,,,,,
100694939,Crashes_2010_2019_MPO,2014-11-20,2014,36.03258,-86.76886,False,0,0,0,,,,,,,,
100693381,Crashes_2010_2019_MPO,2014-11-20,2014,35.92509,-86.87356,False,0,0,0,,,,,,,,
100693607,Crashes_2010_2019_MPO,2014-11-20,2014,36.04568,-86.85515,False,0,0,0,,,,,,,,
100694581,Crashes_2010_2019_MPO,2014-11-20,2014,36.00194,-86.69246,False,0,0,0,,,,,,,,
100693807,Crashes_2010_2019_MPO,2014-11-20,2014,36.02648,-86.81842,True,0,0,0,,,,,,,,
100693382,Crashes_2010_2019_MPO,2014-11-20,2014,35.93687,-86.87871,False,0,0,0,,,,,,,,
100693759,Crashes_2010_2019_MPO,2014-11-20,2014,35.92918,-86.83925,False,0,0,0,,,,,,,,
100693420,Crashes_2010_2019_MPO,2014-11-20,2014,36.03889,-86.78281,False,0,0,0,,,,,,,,
100694256,Crashes_2010_2019_MPO,2014-11-20,2014,36.03203,-86.81756,True,0,0,0,,,,,,,,
100693483,Crashes_2010_2019_MPO,2014-11-20,2014,35.94335,-86.82113,False,0,0,0,,,,,,,,
100694107,Crashes_2010_2019_MPO,2014-11-20,2014,35.93733,-86.82257,False,0,0,0,,,,,,,,
100693755,Crashes_2010_2019_MPO,2014-11-20,2014,36.03724,-86.80155,True,0,0,0,,,,,,,,
100694309,Crashes_2010_2019_MPO,2014-11-21,2014,35.94707,-86.8219,False,0,0,0,,,,,,,,
100694191,Crashes_2010_2019_MPO,2014-11-21,2014,36.02963,-86.86375,False,0,0,0,,,,,,,,
100694520,Crashes_2010_2019_MPO,2014-11-21,2014,35.94531,-86.82307,False,0,0,0,,,,,,,,
100694327,Crashes_2010_2019_MPO,2014-11-21,2014,35.96653,-86.80997,True,0,0,0,,,,,,,,
100697027,Crashes_2010_2019_MPO,2014-11-21,2014,35.93222,-86.7941,False,0,0,0,,,,,,,,
100694148,Crashes_2010_2019_MPO,2014-11-21,2014,35.93116,-86.79419,False,0,0,0,,,,,,,,
100694544,Crashes_2010_2019_MPO,2014-11-21,2014,36.04392,-86.69328,False,0,0,0,,,,,,,,
100694370,Crashes_2010_2019_MPO,2014-11-21,2014,35.97573,-86.80453,True,0,0,0,,,,,,,,
100697194,Crashes_2010_2019_MPO,2014-11-21,2014,35.99115,-86.79895,True,0,0,0,,,,,,,,
100694127,Crashes_2010_2019_MPO,2014-11-21,2014,35.97354,-86.83297,True,0,0,0,,,,,,,,
100694940,Crashes_2010_2019_MPO,2014-11-21,2014,36.03778,-86.78646,False,0,0,0,,,,,,,,
100694169,Crashes_2010_2019_MPO,2014-11-21,2014,36.0448,-86.72473,False,0,0,0,,,,,,,,
100694392,Crashes_2010_2019_MPO,2014-11-21,2014,35.9987,-86.80645,True,0,0,0,,,,,,,,
100694035,Crashes_2010_2019_MPO,2014-11-21,2014,36.05047,-86.87666,False,0,0,0,,,,,,,,
100694686,Crashes_2010_2019_MPO,2014-11-22,2014,36.01947,-86.70387,False,0,0,0,,,,,,,,
100695559,Crashes_2010_2019_MPO,2014-11-22,2014,36.04392,-86.69328,False,0,0,0,,,,,,,,
100694975,Crashes_2010_2019_MPO,2014-11-22,2014,36.04762,-86.7524,False,0,0,0,,,,,,,,
100694999,Crashes_2010_2019_MPO,2014-11-22,2014,35.95456,-86.81188,False,0,0,0,,,,,,,,
100694717,Crashes_2010_2019_MPO,2014-11-22,2014,35.97004,-86.77367,True,0,0,0,,,,,,,,
100694831,Crashes_2010_2019_MPO,2014-11-22,2014,35.9667,-86.81117,True,0,0,0,,,,,,,,
100695208,Crashes_2010_2019_MPO,2014-11-23,2014,36.04134,-86.77835,False,0,0,0,,,,,,,,
100695273,Crashes_2010_2019_MPO,2014-11-23,2014,36.04666,-86.72508,False,0,0,0,,,,,,,,
100695940,Crashes_2010_2019_MPO,2014-11-23,2014,36.0404,-86.7826,False,0,0,0,,,,,,,,
100695338,Crashes_2010_2019_MPO,2014-11-23,2014,36.03893,-86.78289,False,0,0,0,,,,,,,,
100696259,Crashes_2010_2019_MPO,2014-11-23,2014,36.00862,-86.69424,False,0,0,0,,,,,,,,
100695355,Crashes_2010_2019_MPO,2014-11-23,2014,35.96708,-86.81356,True,0,0,0,,,,,,,,
100695232,Crashes_2010_2019_MPO,2014-11-23,2014,36.05423,-86.72532,False,0,0,0,,,,,,,,
100695267,Crashes_2010_2019_MPO,2014-11-23,2014,35.96074,-86.81286,False,0,0,0,,,,,,,,
100695505,Crashes_2010_2019_MPO,2014-11-23,2014,36.02674,-86.78389,True,0,0,0,,,,,,,,
100695450,Crashes_2010_2019_MPO,2014-11-23,2014,36.0392,-86.78276,False,0,0,0,,,,,,,,
100695439,Crashes_2010_2019_MPO,2014-11-23,2014,35.98355,-86.74172,True,0,0,0,,,,,,,,
100695378,Crashes_2010_2019_MPO,2014-11-23,2014,35.95534,-86.87503,False,0,0,0,,,,,,,,
100695183,Crashes_2010_2019_MPO,2014-11-23,2014,36.03995,-86.78266,False,0,0,0,,,,,,,,
100695293,Crashes_2010_2019_MPO,2014-11-23,2014,35.93222,-86.82394,False,0,0,0,,,,,,,,
100695718,Crashes_2010_2019_MPO,2014-11-24,2014,36.03803,-86.7844,False,0,0,0,,,,,,,,
100696003,Crashes_2010_2019_MPO,2014-11-24,2014,36.03321,-86.78318,True,0,0,0,,,,,,,,
100695810,Crashes_2010_2019_MPO,2014-11-24,2014,35.96778,-86.80803,True,0,0,0,,,,,,,,
100696068,Crashes_2010_2019_MPO,2014-11-24,2014,35.95204,-86.81806,False,0,0,0,,,,,,,,
100696069,Crashes_2010_2019_MPO,2014-11-24,2014,35.93546,-86.82344,False,0,0,0,,,,,,,,
100695752,Crashes_2010_2019_MPO,2014-11-24,2014,36.03975,-86.78152,False,0,0,0,,,,,,,,
100695880,Crashes_2010_2019_MPO,2014-11-24,2014,36.0417,-86.74862,False,0,0,0,,,,,,,,
100695832,Crashes_2010_2019_MPO,2014-11-24,2014,36.03738,-86.791,False,0,0,0,,,,,,,,
100695944,Crashes_2010_2019_MPO,2014-11-24,2014,35.96384,-86.80041,True,0,0,0,,,,,,,,
100696201,Crashes_2010_2019_MPO,2014-11-24,2014,35.94531,-86.82307,False,0,0,0,,,,,,,,
100696075,Crashes_2010_2019_MPO,2014-11-24,2014,36.04105,-86.77612,False,0,0,0,,,,,,,,
100696384,Crashes_2010_2019_MPO,2014-11-25,2014,36.05364,-86.71508,False,0,0,0,,,,,,,,
100696719,Crashes_2010_2019_MPO,2014-11-25,2014,36.04122,-86.82136,False,0,0,0,,,,,,,,
100696639,Crashes_2010_2019_MPO,2014-11-25,2014,35.94658,-86.80958,False,0,0,0,,,,,,,,
100696942,Crashes_2010_2019_MPO,2014-11-25,2014,35.99477,-86.76993,True,0,0,0,,,,,,,,
100697053,Crashes_2010_2019_MPO,2014-11-25,2014,35.96734,-86.81494,True,0,0,0,,,,,,,,
100696704,Crashes_2010_2019_MPO,2014-11-25,2014,35.95551,-86.82582,False,0,0,0,,,,,,,,