record_no,source_layer,collision_ts,crash_year,latitude,longitude,in_city,fatalities,non_motorists,truck_involved,serious_injuries,pedestrian,bicycle,crash_type,manner_of_collision,lighting,weather,first_harmful_event
100696634,Crashes_2010_2019_MPO,2014-11-25,2014,35.98223,-86.82118,True,0,0,0,,,,,,,,
100696668,Crashes_2010_2019_MPO,2014-11-25,2014,36.03971,-86.73923,False,0,0,0,,,,,,,,
100696430,Crashes_2010_2019_MPO,2014-11-25,2014,35.94784,-86.81975,False,0,0,0,,,,,,,,
100696471,Crashes_2010_2019_MPO,2014-11-25,2014,36.04164,-86.76814,False,0,0,0,,,,,,,,
100697303,Crashes_2010_2019_MPO,2014-11-25,2014,35.92387,-86.86922,False,0,0,0,,,,,,,,
100696495,Crashes_2010_2019_MPO,2014-11-25,2014,36.03957,-86.73806,False,0,0,0,,,,,,,,
100696425,Crashes_2010_2019_MPO,2014-11-25,2014,36.04056,-86.7436,False,0,0,0,,,,,,,,
100696715,Crashes_2010_2019_MPO,2014-11-25,2014,35.96708,-86.81356,True,0,0,0,,,,,,,,
100696413,Crashes_2010_2019_MPO,2014-11-25,2014,36.04542,-86.71317,False,0,0,0,,,,,,,,
100697370,Crashes_2010_2019_MPO,2014-11-26,2014,35.93685,-86.77301,False,0,0,0,,,,,,,,
100697539,Crashes_2010_2019_MPO,2014-11-26,2014,35.9574,-86.81815,False,0,0,0,,,,,,,,
100697050,Crashes_2010_2019_MPO,2014-11-26,2014,35.96665,-86.80921,True,0,0,0,,,,,,,,
100697101,Crashes_2010_2019_MPO,2014-11-26,2014,36.03988,-86.78084,False,0,0,0,,,,,,,,
100697051,Crashes_2010_2019_MPO,2014-11-26,2014,35.99617,-86.68892,False,0,0,0,,,,,,,,
100697304,Crashes_2010_2019_MPO,2014-11-26,2014,35.96742,-86.82659,False,0,0,0,,,,,,,,
100696966,Crashes_2010_2019_MPO,2014-11-26,2014,36.0417,-86.74862,False,0,0,0,,,,,,,,
100697071,Crashes_2010_2019_MPO,2014-11-26,2014,36.04886,-86.71483,False,0,0,0,,,,,,,,
100697264,Crashes_2010_2019_MPO,2014-11-26,2014,35.96494,-86.80106,True,0,0,0,,,,,,,,
100697211,Crashes_2010_2019_MPO,2014-11-26,2014,36.03735,-86.78656,False,0,0,0,,,,,,,,
100696937,Crashes_2010_2019_MPO,2014-11-26,2014,35.92356,-86.8187,False,0,0,0,,,,,,,,
100697131,Crashes_2010_2019_MPO,2014-11-26,2014,35.96266,-86.80137,True,0,0,0,,,,,,,,
100698921,Crashes_2010_2019_MPO,2014-11-26,2014,35.94068,-86.83938,False,0,0,0,,,,,,,,
100697179,Crashes_2010_2019_MPO,2014-11-26,2014,35.96798,-86.67738,False,0,0,0,,,,,,,,
100697392,Crashes_2010_2019_MPO,2014-11-26,2014,35.93495,-86.77665,False,0,0,0,,,,,,,,
100697838,Crashes_2010_2019_MPO,2014-11-27,2014,35.94842,-86.69456,False,0,0,0,,,,,,,,
100697775,Crashes_2010_2019_MPO,2014-11-27,2014,36.03716,-86.7032,False,0,0,0,,,,,,,,
100697856,Crashes_2010_2019_MPO,2014-11-27,2014,36.04526,-86.71704,False,0,0,0,,,,,,,,
100697523,Crashes_2010_2019_MPO,2014-11-27,2014,36.03489,-86.80461,True,0,0,0,,,,,,,,
100697616,Crashes_2010_2019_MPO,2014-11-27,2014,35.98705,-86.80769,True,0,0,0,,,,,,,,
100697690,Crashes_2010_2019_MPO,2014-11-27,2014,35.97017,-86.72727,True,0,0,0,,,,,,,,
100698103,Crashes_2010_2019_MPO,2014-11-27,2014,36.02267,-86.69966,False,0,0,0,,,,,,,,
100697704,Crashes_2010_2019_MPO,2014-11-27,2014,35.94658,-86.86975,False,0,0,0,,,,,,,,
100697478,Crashes_2010_2019_MPO,2014-11-27,2014,36.00179,-86.73789,True,0,0,0,,,,,,,,
100698031,Crashes_2010_2019_MPO,2014-11-28,2014,36.04566,-86.71043,False,0,0,0,,,,,,,,
100697917,Crashes_2010_2019_MPO,2014-11-28,2014,35.95656,-86.81169,False,0,0,0,,,,,,,,
100698177,Crashes_2010_2019_MPO,2014-11-28,2014,35.9618,-86.83317,False,0,0,0,,,,,,,,
100698013,Crashes_2010_2019_MPO,2014-11-28,2014,36.03994,-86.74164,False,0,0,0,,,,,,,,
100697833,Crashes_2010_2019_MPO,2014-11-28,2014,35.99316,-86.69665,True,0,0,0,,,,,,,,
100697916,Crashes_2010_2019_MPO,2014-11-28,2014,36.02114,-86.74266,False,0,0,0,,,,,,,,
100697883,Crashes_2010_2019_MPO,2014-11-28,2014,36.04247,-86.71301,False,0,0,0,,,,,,,,
100698221,Crashes_2010_2019_MPO,2014-11-28,2014,35.96132,-86.81219,False,0,0,0,,,,,,,,
100698539,Crashes_2010_2019_MPO,2014-11-29,2014,36.04162,-86.74921,False,0,0,0,,,,,,,,
100698323,Crashes_2010_2019_MPO,2014-11-29,2014,36.04097,-86.75754,False,0,0,0,,,,,,,,
100698626,Crashes_2010_2019_MPO,2014-11-29,2014,36.03725,-86.70315,False,0,0,0,,,,,,,,
100698397,Crashes_2010_2019_MPO,2014-11-29,2014,36.0465,-86.71349,False,0,0,0,,,,,,,,
100698623,Crashes_2010_2019_MPO,2014-11-29,2014,35.95969,-86.75527,True,0,0,0,,,,,,,,
100698451,Crashes_2010_2019_MPO,2014-11-29,2014,35.96269,-86.81138,False,0,0,0,,,,,,,,
100698907,Crashes_2010_2019_MPO,2014-11-30,2014,36.04011,-86.74443,False,0,0,0,,,,,,,,
100699138,Crashes_2010_2019_MPO,2014-11-30,2014,36.04153,-86.83155,False,0,0,0,,,,,,,,
100698776,Crashes_2010_2019_MPO,2014-11-30,2014,35.99551,-86.77889,True,0,0,0,,,,,,,,
100698763,Crashes_2010_2019_MPO,2014-11-30,2014,35.98435,-86.72426,True,0,0,0,,,,,,,,
100698945,Crashes_2010_2019_MPO,2014-11-30,2014,35.93206,-86.80172,False,0,0,0,,,,,,,,
100699480,Crashes_2010_2019_MPO,2014-12-01,2014,35.93459,-86.81988,False,0,0,0,,,,,,,,
100699348,Crashes_2010_2019_MPO,2014-12-01,2014,35.96737,-86.8152,True,0,0,0,,,,,,,,
100699071,Crashes_2010_2019_MPO,2014-12-01,2014,35.93213,-86.86274,False,0,0,0,,,,,,,,
100699302,Crashes_2010_2019_MPO,2014-12-01,2014,36.04224,-86.83168,False,0,0,0,,,,,,,,
100702684,Crashes_2010_2019_MPO,2014-12-01,2014,35.97216,-86.86354,False,0,0,0,,,,,,,,
100699632,Crashes_2010_2019_MPO,2014-12-01,2014,35.96499,-86.7275,True,0,0,0,,,,,,,,
100699254,Crashes_2010_2019_MPO,2014-12-01,2014,36.05222,-86.7431,False,0,0,0,,,,,,,,
100699182,Crashes_2010_2019_MPO,2014-12-01,2014,35.92451,-86.82228,False,0,0,0,,,,,,,,
100699506,Crashes_2010_2019_MPO,2014-12-01,2014,36.04151,-86.78247,False,0,0,0,,,,,,,,
100699139,Crashes_2010_2019_MPO,2014-12-01,2014,36.04542,-86.71317,False,0,0,0,,,,,,,,
100699473,Crashes_2010_2019_MPO,2014-12-01,2014,35.97102,-86.72644,True,0,0,0,,,,,,,,
100699449,Crashes_2010_2019_MPO,2014-12-01,2014,35.95036,-86.84888,False,0,0,0,,,,,,,,
100699239,Crashes_2010_2019_MPO,2014-12-01,2014,36.03652,-86.80099,True,0,0,0,,,,,,,,
100699487,Crashes_2010_2019_MPO,2014-12-01,2014,35.94613,-86.82347,False,0,0,0,,,,,,,,
100699460,Crashes_2010_2019_MPO,2014-12-01,2014,35.96979,-86.72448,True,0,0,0,,,,,,,,
100700087,Crashes_2010_2019_MPO,2014-12-01,2014,36.05152,-86.72423,False,0,0,0,,,,,,,,
100699062,Crashes_2010_2019_MPO,2014-12-01,2014,35.99004,-86.74527,True,0,0,0,,,,,,,,
100699450,Crashes_2010_2019_MPO,2014-12-01,2014,35.92657,-86.86618,False,0,0,0,,,,,,,,
100699755,Crashes_2010_2019_MPO,2014-12-02,2014,35.99315,-86.69646,True,0,0,0,,,,,,,,
100699710,Crashes_2010_2019_MPO,2014-12-02,2014,35.97043,-86.72568,True,0,0,0,,,,,,,,
100699764,Crashes_2010_2019_MPO,2014-12-02,2014,36.04248,-86.71284,False,0,0,0,,,,,,,,
100699993,Crashes_2010_2019_MPO,2014-12-02,2014,36.03986,-86.74082,False,0,0,0,,,,,,,,
100699742,Crashes_2010_2019_MPO,2014-12-02,2014,35.92596,-86.82181,False,0,0,0,,,,,,,,
100700047,Crashes_2010_2019_MPO,2014-12-02,2014,36.04125,-86.78255,False,0,0,0,,,,,,,,
100699741,Crashes_2010_2019_MPO,2014-12-02,2014,35.92622,-86.821732,False,0,0,0,,,,,,,,
100700031,Crashes_2010_2019_MPO,2014-12-02,2014,35.94705,-86.82188,False,0,0,0,,,,,,,,
100700132,Crashes_2010_2019_MPO,2014-12-02,2014,35.97576,-86.83007,True,0,0,0,,,,,,,,
100699774,Crashes_2010_2019_MPO,2014-12-02,2014,35.99315,-86.69646,True,0,0,0,,,,,,,,
100701384,Crashes_2010_2019_MPO,2014-12-02,2014,35.9921,-86.79862,True,0,0,0,,,,,,,,
100699798,Crashes_2010_2019_MPO,2014-12-02,2014,35.96505,-86.72731,True,0,0,0,,,,,,,,
100700978,Crashes_2010_2019_MPO,2014-12-03,2014,35.93561,-86.82388,False,0,0,0,,,,,,,,
100708389,Crashes_2010_2019_MPO,2014-12-03,2014,35.94204,-86.816,False,0,0,0,,,,,,,,
100700765,Crashes_2010_2019_MPO,2014-12-03,2014,35.95211,-86.81841,False,0,0,0,,,,,,,,
100700815,Crashes_2010_2019_MPO,2014-12-03,2014,36.04482,-86.84894,False,0,0,0,,,,,,,,
100703340,Crashes_2010_2019_MPO,2014-12-03,2014,35.9459,-86.80673,False,0,0,0,,,,,,,,
100701507,Crashes_2010_2019_MPO,2014-12-03,2014,35.94795,-86.80803,False,0,0,0,,,,,,,,
100705352,Crashes_2010_2019_MPO,2014-12-03,2014,35.95013,-86.80679,False,0,0,0,,,,,,,,
100700634,Crashes_2010_2019_MPO,2014-12-03,2014,36.05151,-86.71443,False,0,0,0,,,,,,,,
100700959,Crashes_2010_2019_MPO,2014-12-03,2014,35.95085,-86.80667,False,0,0,0,,,,,,,,
100700565,Crashes_2010_2019_MPO,2014-12-03,2014,36.03725,-86.7895,False,0,0,0,,,,,,,,
100701291,Crashes_2010_2019_MPO,2014-12-04,2014,35.96684,-86.81088,True,0,0,0,,,,,,,,
100700952,Crashes_2010_2019_MPO,2014-12-04,2014,36.05062,-86.87803,False,0,0,0,,,,,,,,
100701450,Crashes_2010_2019_MPO,2014-12-04,2014,35.93459,-86.81855,False,0,0,0,,,,,,,,
100701945,Crashes_2010_2019_MPO,2014-12-04,2014,35.98304,-86.80199,True,0,0,0,,,,,,,,
100701403,Crashes_2010_2019_MPO,2014-12-04,2014,36.00869,-86.7865,True,0,0,0,,,,,,,,
100701006,Crashes_2010_2019_MPO,2014-12-04,2014,36.03514,-86.80579,True,0,0,0,,,,,,,,
100700950,Crashes_2010_2019_MPO,2014-12-04,2014,35.95992,-86.80184,False,0,0,0,,,,,,,,
100701098,Crashes_2010_2019_MPO,2014-12-04,2014,35.9648,-86.73142,True,0,0,0,,,,,,,,
100701090,Crashes_2010_2019_MPO,2014-12-04,2014,36.03013,-86.87599,False,0,0,0,,,,,,,,
100701017,Crashes_2010_2019_MPO,2014-12-04,2014,35.96481,-86.79205,True,0,0,0,,,,,,,,
100701521,Crashes_2010_2019_MPO,2014-12-04,2014,35.98462,-86.8012,True,0,0,0,,,,,,,,
100701294,Crashes_2010_2019_MPO,2014-12-04,2014,36.03751,-86.78652,False,0,0,0,,,,,,,,
100701478,Crashes_2010_2019_MPO,2014-12-04,2014,36.03755,-86.78503,False,0,0,0,,,,,,,,
100701461,Crashes_2010_2019_MPO,2014-12-04,2014,35.93364,-86.87771,False,0,0,0,,,,,,,,
100701518,Crashes_2010_2019_MPO,2014-12-04,2014,35.98462,-86.8012,True,0,0,0,,,,,,,,
100701408,Crashes_2010_2019_MPO,2014-12-04,2014,35.9379,-86.82191,False,0,0,0,,,,,,,,
100701092,Crashes_2010_2019_MPO,2014-12-04,2014,36.04531,-86.70166,False,0,0,0,,,,,,,,
100701680,Crashes_2010_2019_MPO,2014-12-04,2014,35.93194,-86.81951,False,0,0,0,,,,,,,,
100700958,Crashes_2010_2019_MPO,2014-12-04,2014,35.95014,-86.76185,True,0,0,0,,,,,,,,
100701327,Crashes_2010_2019_MPO,2014-12-04,2014,35.9581,-86.8104,False,0,0,0,,,,,,,,
100701061,Crashes_2010_2019_MPO,2014-12-04,2014,35.92846,-86.83378,False,0,0,0,,,,,,,,
100701418,Crashes_2010_2019_MPO,2014-12-04,2014,35.93229,-86.87892,False,0,0,0,,,,,,,,
100700965,Crashes_2010_2019_MPO,2014-12-04,2014,35.93402,-86.85147,False,0,0,0,,,,,,,,
100701074,Crashes_2010_2019_MPO,2014-12-04,2014,36.02913,-86.71254,False,0,0,0,,,,,,,,
100701973,Crashes_2010_2019_MPO,2014-12-05,2014,36.03117,-86.75234,False,0,0,0,,,,,,,,
100701873,Crashes_2010_2019_MPO,2014-12-05,2014,36.04089,-86.77938,False,0,0,0,,,,,,,,
100702150,Crashes_2010_2019_MPO,2014-12-05,2014,36.02051,-86.67703,False,0,0,0,,,,,,,,
100701897,Crashes_2010_2019_MPO,2014-12-05,2014,35.9673,-86.80851,True,0,0,0,,,,,,,,
100702001,Crashes_2010_2019_MPO,2014-12-05,2014,35.96108,-86.80936,False,0,0,0,,,,,,,,
100704680,Crashes_2010_2019_MPO,2014-12-05,2014,35.93581,-86.81814,False,0,0,0,,,,,,,,
100702533,Crashes_2010_2019_MPO,2014-12-05,2014,35.93421,-86.82096,False,0,0,0,,,,,,,,
100702084,Crashes_2010_2019_MPO,2014-12-05,2014,35.95992,-86.80184,False,0,0,0,,,,,,,,
100701588,Crashes_2010_2019_MPO,2014-12-05,2014,35.95038,-86.86953,False,0,0,0,,,,,,,,
100703363,Crashes_2010_2019_MPO,2014-12-05,2014,35.93624,-86.82333,False,0,0,0,,,,,,,,
100701904,Crashes_2010_2019_MPO,2014-12-05,2014,35.99133,-86.75239,True,0,0,0,,,,,,,,
100701954,Crashes_2010_2019_MPO,2014-12-05,2014,35.92301,-86.86917,False,0,0,0,,,,,,,,
100702104,Crashes_2010_2019_MPO,2014-12-05,2014,36.04549,-86.71231,False,0,0,0,,,,,,,,
100703341,Crashes_2010_2019_MPO,2014-12-05,2014,35.94559,-86.80541,False,0,0,0,,,,,,,,
100701955,Crashes_2010_2019_MPO,2014-12-05,2014,35.96166,-86.8792,False,0,0,0,,,,,,,,
100701756,Crashes_2010_2019_MPO,2014-12-05,2014,36.04248,-86.71284,False,0,0,0,,,,,,,,
100701981,Crashes_2010_2019_MPO,2014-12-05,2014,35.94782,-86.81897,False,0,0,0,,,,,,,,
100701974,Crashes_2010_2019_MPO,2014-12-05,2014,36.04029,-86.76833,False,0,0,0,,,,,,,,
100701725,Crashes_2010_2019_MPO,2014-12-05,2014,35.9322,-86.79406,False,0,0,0,,,,,,,,
100702602,Crashes_2010_2019_MPO,2014-12-06,2014,35.92768,-86.86809,False,0,0,0,,,,,,,,
100702464,Crashes_2010_2019_MPO,2014-12-06,2014,35.96704,-86.80772,True,0,0,0,,,,,,,,
100702415,Crashes_2010_2019_MPO,2014-12-06,2014,36.03375,-86.82816,True,0,0,0,,,,,,,,
100702305,Crashes_2010_2019_MPO,2014-12-06,2014,36.04013,-86.78264,False,0,0,0,,,,,,,,
100702566,Crashes_2010_2019_MPO,2014-12-06,2014,35.96843,-86.81903,True,0,0,0,,,,,,,,
100702681,Crashes_2010_2019_MPO,2014-12-06,2014,36.05216,-86.70596,False,0,0,0,,,,,,,,
100703624,Crashes_2010_2019_MPO,2014-12-06,2014,36.02594,-86.87923,False,0,0,0,,,,,,,,
100702941,Crashes_2010_2019_MPO,2014-12-07,2014,35.96107,-86.81556,False,0,0,0,,,,,,,,
100702994,Crashes_2010_2019_MPO,2014-12-07,2014,36.03358,-86.71296,False,0,0,0,,,,,,,,
100703249,Crashes_2010_2019_MPO,2014-12-07,2014,35.93095,-86.8416,False,0,0,0,,,,,,,,
100703948,Crashes_2010_2019_MPO,2014-12-07,2014,36.0448,-86.72473,False,0,0,0,,,,,,,,
100703074,Crashes_2010_2019_MPO,2014-12-07,2014,35.98623,-86.77802,True,0,0,0,,,,,,,,
100703175,Crashes_2010_2019_MPO,2014-12-07,2014,35.92555,-86.78428,False,0,0,0,,,,,,,,
100703748,Crashes_2010_2019_MPO,2014-12-07,2014,35.9959,-86.69087,False,0,0,0,,,,,,,,
100703116,Crashes_2010_2019_MPO,2014-12-07,2014,35.99735,-86.79489,True,0,0,0,,,,,,,,
100703228,Crashes_2010_2019_MPO,2014-12-07,2014,36.01362,-86.73828,False,0,0,0,,,,,,,,
100703554,Crashes_2010_2019_MPO,2014-12-08,2014,36.03971,-86.73923,False,0,0,0,,,,,,,,
100703693,Crashes_2010_2019_MPO,2014-12-08,2014,36.03757,-86.78503,False,0,0,0,,,,,,,,
100703333,Crashes_2010_2019_MPO,2014-12-08,2014,36.04136,-86.77777,False,0,0,0,,,,,,,,
100703620,Crashes_2010_2019_MPO,2014-12-08,2014,35.92934,-86.84038,False,0,0,0,,,,,,,,
100703618,Crashes_2010_2019_MPO,2014-12-08,2014,35.94746,-86.82035,False,0,0,0,,,,,,,,
100703619,Crashes_2010_2019_MPO,2014-12-08,2014,35.94098,-86.83883,False,0,0,0,,,,,,,,
100703533,Crashes_2010_2019_MPO,2014-12-08,2014,35.96082,-86.81323,False,0,0,0,,,,,,,,
100703691,Crashes_2010_2019_MPO,2014-12-08,2014,35.93845,-86.80986,False,0,0,0,,,,,,,,
100704093,Crashes_2010_2019_MPO,2014-12-08,2014,35.92339,-86.87017,False,0,0,0,,,,,,,,
100703846,Crashes_2010_2019_MPO,2014-12-09,2014,36.03385,-86.80881,True,0,0,0,,,,,,,,
100703850,Crashes_2010_2019_MPO,2014-12-09,2014,35.96841,-86.80313,True,0,0,0,,,,,,,,
100704281,Crashes_2010_2019_MPO,2014-12-09,2014,36.04078,-86.77346,False,0,0,0,,,,,,,,
100704180,Crashes_2010_2019_MPO,2014-12-09,2014,35.99232,-86.75606,True,0,0,0,,,,,,,,
100704095,Crashes_2010_2019_MPO,2014-12-09,2014,35.94812,-86.85061,False,0,0,0,,,,,,,,
100703795,Crashes_2010_2019_MPO,2014-12-09,2014,35.98884,-86.70458,True,0,0,0,,,,,,,,
100704382,Crashes_2010_2019_MPO,2014-12-09,2014,35.97307,-86.83029,True,0,0,0,,,,,,,,
100704191,Crashes_2010_2019_MPO,2014-12-09,2014,36.00346,-86.698,False,0,0,0,,,,,,,,
100704132,Crashes_2010_2019_MPO,2014-12-09,2014,35.95592,-86.81725,False,0,0,0,,,,,,,,
100704133,Crashes_2010_2019_MPO,2014-12-09,2014,35.96419,-86.81293,False,0,0,0,,,,,,,,
100704658,Crashes_2010_2019_MPO,2014-12-10,2014,35.94531,-86.82307,False,0,0,0,,,,,,,,
100704467,Crashes_2010_2019_MPO,2014-12-10,2014,36.04098,-86.77941,False,0,0,0,,,,,,,,
100704644,Crashes_2010_2019_MPO,2014-12-10,2014,35.96902,-86.80718,True,0,0,0,,,,,,,,
100704659,Crashes_2010_2019_MPO,2014-12-10,2014,35.96018,-86.84114,False,0,0,0,,,,,,,,
100704781,Crashes_2010_2019_MPO,2014-12-10,2014,35.9346,-86.8609,False,0,0,0,,,,,,,,
100704591,Crashes_2010_2019_MPO,2014-12-10,2014,35.947,-86.85213,False,0,0,0,,,,,,,,
100705324,Crashes_2010_2019_MPO,2014-12-11,2014,36.0502,-86.87401,False,0,0,0,,,,,,,,
100704894,Crashes_2010_2019_MPO,2014-12-11,2014,35.93379,-86.81139,False,0,0,0,,,,,,,,
100705133,Crashes_2010_2019_MPO,2014-12-11,2014,36.03526,-86.80752,True,0,0,0,,,,,,,,
100704973,Crashes_2010_2019_MPO,2014-12-11,2014,36.02665,-86.79244,True,0,0,0,,,,,,,,
100705544,Crashes_2010_2019_MPO,2014-12-11,2014,35.99782,-86.7989,True,0,0,0,,,,,,,,
100705780,Crashes_2010_2019_MPO,2014-12-11,2014,35.94759,-86.69594,False,0,0,0,,,,,,,,
100705125,Crashes_2010_2019_MPO,2014-12-11,2014,36.0132,-86.80188,True,0,0,0,,,,,,,,
100705305,Crashes_2010_2019_MPO,2014-12-11,2014,36.04182,-86.71279,False,0,0,0,,,,,,,,
100705215,Crashes_2010_2019_MPO,2014-12-11,2014,36.03329,-86.78454,True,0,0,0,,,,,,,,
100704924,Crashes_2010_2019_MPO,2014-12-11,2014,35.97044,-86.7738,True,0,0,0,,,,,,,,
100705287,Crashes_2010_2019_MPO,2014-12-11,2014,36.03748,-86.76853,False,0,0,0,,,,,,,,
100705333,Crashes_2010_2019_MPO,2014-12-11,2014,35.99004,-86.74527,True,0,0,0,,,,,,,,
100704893,Crashes_2010_2019_MPO,2014-12-11,2014,35.94048,-86.8392,False,0,0,0,,,,,,,,
100705425,Crashes_2010_2019_MPO,2014-12-11,2014,36.01689,-86.78609,True,0,0,0,,,,,,,,
100705338,Crashes_2010_2019_MPO,2014-12-11,2014,36.04029,-86.76833,False,0,0,0,,,,,,,,
100705124,Crashes_2010_2019_MPO,2014-12-11,2014,35.96445,-86.78858,True,0,0,0,,,,,,,,
100705380,Crashes_2010_2019_MPO,2014-12-11,2014,36.0456,-86.70594,False,0,0,0,,,,,,,,
100705237,Crashes_2010_2019_MPO,2014-12-11,2014,35.94607,-86.82569,False,0,0,0,,,,,,,,
100705250,Crashes_2010_2019_MPO,2014-12-11,2014,35.94888,-86.81964,False,0,0,0,,,,,,,,
100704904,Crashes_2010_2019_MPO,2014-12-11,2014,36.04545,-86.7036,False,0,0,0,,,,,,,,
100705153,Crashes_2010_2019_MPO,2014-12-11,2014,36.03525,-86.80681,True,0,0,0,,,,,,,,
100706991,Crashes_2010_2019_MPO,2014-12-11,2014,35.99205,-86.68428,False,0,0,0,,,,,,,,
100705334,Crashes_2010_2019_MPO,2014-12-11,2014,36.04878,-86.71374,False,0,0,0,,,,,,,,
100705037,Crashes_2010_2019_MPO,2014-12-11,2014,35.97025,-86.67821,False,0,0,0,,,,,,,,
100705746,Crashes_2010_2019_MPO,2014-12-11,2014,36.04528,-86.71458,False,0,0,0,,,,,,,,
100705414,Crashes_2010_2019_MPO,2014-12-11,2014,35.95587,-86.83143,False,0,0,0,,,,,,,,
100705167,Crashes_2010_2019_MPO,2014-12-11,2014,36.03346,-86.7891,True,0,0,0,,,,,,,,
100705706,Crashes_2010_2019_MPO,2014-12-12,2014,35.96745,-86.81347,True,0,0,0,,,,,,,,
100707127,Crashes_2010_2019_MPO,2014-12-12,2014,35.95242,-86.82,False,0,0,0,,,,,,,,
100705875,Crashes_2010_2019_MPO,2014-12-12,2014,36.03279,-86.79821,True,0,0,0,,,,,,,,
100705802,Crashes_2010_2019_MPO,2014-12-12,2014,36.0212,-86.78875,True,0,0,0,,,,,,,,
100705796,Crashes_2010_2019_MPO,2014-12-12,2014,36.04014,-86.78088,False,0,0,0,,,,,,,,
100705523,Crashes_2010_2019_MPO,2014-12-12,2014,36.05484,-86.71526,False,0,0,0,,,,,,,,
100705569,Crashes_2010_2019_MPO,2014-12-12,2014,36.03899,-86.78252,False,0,0,0,,,,,,,,
100705844,Crashes_2010_2019_MPO,2014-12-12,2014,35.94662,-86.85133,False,0,0,0,,,,,,,,
100705694,Crashes_2010_2019_MPO,2014-12-12,2014,36.04189,-86.82461,False,0,0,0,,,,,,,,
100706114,Crashes_2010_2019_MPO,2014-12-12,2014,35.95695,-86.82557,False,0,0,0,,,,,,,,
100705487,Crashes_2010_2019_MPO,2014-12-12,2014,35.94929,-86.75293,True,0,0,0,,,,,,,,
100707088,Crashes_2010_2019_MPO,2014-12-12,2014,36.03175,-86.78961,True,0,0,0,,,,,,,,
100706353,Crashes_2010_2019_MPO,2014-12-12,2014,35.96174,-86.80177,True,0,0,0,,,,,,,,
100705911,Crashes_2010_2019_MPO,2014-12-12,2014,35.95043,-86.8066,False,0,0,0,,,,,,,,
100705970,Crashes_2010_2019_MPO,2014-12-12,2014,35.92407,-86.86992,False,0,0,0,,,,,,,,
100705912,Crashes_2010_2019_MPO,2014-12-12,2014,35.92391,-86.87896,False,0,0,0,,,,,,,,
100705913,Crashes_2010_2019_MPO,2014-12-12,2014,36.02551,-86.71302,False,0,0,0,,,,,,,,
100706239,Crashes_2010_2019_MPO,2014-12-13,2014,35.96017,-86.81579,False,0,0,0,,,,,,,,
100706589,Crashes_2010_2019_MPO,2014-12-13,2014,35.95892,-86.81612,False,0,0,0,,,,,,,,
100706413,Crashes_2010_2019_MPO,2014-12-13,2014,35.9243,-86.86647,False,0,0,0,,,,,,,,
100706425,Crashes_2010_2019_MPO,2014-12-13,2014,36.02788,-86.79174,True,0,0,0,,,,,,,,
100706609,Crashes_2010_2019_MPO,2014-12-13,2014,36.04052,-86.7455,False,0,1,0,,,,,,,,
100706177,Crashes_2010_2019_MPO,2014-12-13,2014,35.96505,-86.81607,True,0,0,0,,,,,,,,
100706100,Crashes_2010_2019_MPO,2014-12-13,2014,36.01201,-86.68403,False,0,0,0,,,,,,,,
100706725,Crashes_2010_2019_MPO,2014-12-14,2014,35.99848,-86.69217,False,0,0,0,,,,,,,,
100706914,Crashes_2010_2019_MPO,2014-12-14,2014,36.02607,-86.78385,True,0,0,0,,,,,,,,
100709697,Crashes_2010_2019_MPO,2014-12-14,2014,35.92649,-86.73059,False,0,0,0,,,,,,,,
100706798,Crashes_2010_2019_MPO,2014-12-14,2014,36.01105,-86.68572,False,0,0,0,,,,,,,,
100706560,Crashes_2010_2019_MPO,2014-12-14,2014,35.96488,-86.80762,False,0,0,0,,,,,,,,
100709229,Crashes_2010_2019_MPO,2014-12-14,2014,36.0152,-86.70511,False,0,0,0,,,,,,,,
100706696,Crashes_2010_2019_MPO,2014-12-14,2014,35.94833,-86.8197,False,0,0,0,,,,,,,,
100709861,Crashes_2010_2019_MPO,2014-12-14,2014,36.03903,-86.78376,False,0,0,0,,,,,,,,
100706541,Crashes_2010_2019_MPO,2014-12-14,2014,36.0411,-86.71288,False,0,0,0,,,,,,,,
100707344,Crashes_2010_2019_MPO,2014-12-15,2014,35.96617,-86.8078,True,0,0,0,,,,,,,,
100707517,Crashes_2010_2019_MPO,2014-12-15,2014,36.04531,-86.70166,False,0,0,0,,,,,,,,
100707395,Crashes_2010_2019_MPO,2014-12-15,2014,35.93525,-86.77516,False,0,0,0,,,,,,,,
100707378,Crashes_2010_2019_MPO,2014-12-15,2014,36.01575,-86.82117,True,0,0,0,,,,,,,,
100707283,Crashes_2010_2019_MPO,2014-12-15,2014,35.96022,-86.76848,True,0,0,0,,,,,,,,
100707460,Crashes_2010_2019_MPO,2014-12-15,2014,36.04001,-86.74349,False,0,0,0,,,,,,,,
100707782,Crashes_2010_2019_MPO,2014-12-15,2014,36.00105,-86.80823,True,0,0,0,,,,,,,,
100707454,Crashes_2010_2019_MPO,2014-12-15,2014,35.94687,-86.82178,False,0,0,0,,,,,,,,
100707557,Crashes_2010_2019_MPO,2014-12-15,2014,35.97055,-86.67827,False,0,0,0,,,,,,,,
100707080,Crashes_2010_2019_MPO,2014-12-15,2014,35.94677,-86.85185,False,0,0,0,,,,,,,,
100707035,Crashes_2010_2019_MPO,2014-12-15,2014,36.00407,-86.71656,True,0,0,0,,,,,,,,
100707170,Crashes_2010_2019_MPO,2014-12-15,2014,36.03741,-86.7978,True,0,0,0,,,,,,,,
100707299,Crashes_2010_2019_MPO,2014-12-15,2014,35.96708,-86.81356,True,0,0,0,,,,,,,,
100707393,Crashes_2010_2019_MPO,2014-12-15,2014,35.92485,-86.87407,False,0,0,0,,,,,,,,
100707392,Crashes_2010_2019_MPO,2014-12-15,2014,35.93125,-86.87667,False,0,0,0,,,,,,,,
100707772,Crashes_2010_2019_MPO,2014-12-16,2014,36.0453,-86.71433,False,0,0,0,,,,,,,,
100707746,Crashes_2010_2019_MPO,2014-12-16,2014,35.96722,-86.81353,True,0,0,1,,,,,,,,
100707886,Crashes_2010_2019_MPO,2014-12-16,2014,35.93435,-86.81911,False,0,0,0,,,,,,,,