record_no,source_layer,collision_ts,crash_year,latitude,longitude,in_city,fatalities,non_motorists,truck_involved,serious_injuries,pedestrian,bicycle,crash_type,manner_of_collision,lighting,weather,first_harmful_event
100708149,Crashes_2010_2019_MPO,2014-12-16,2014,35.94571,-86.81965,False,0,0,0,,,,,,,,
100708097,Crashes_2010_2019_MPO,2014-12-16,2014,35.94641,-86.85024,False,0,0,0,,,,,,,,
100708064,Crashes_2010_2019_MPO,2014-12-16,2014,35.95517,-86.82529,False,0,0,0,,,,,,,,
100707773,Crashes_2010_2019_MPO,2014-12-16,2014,35.96717,-86.80865,True,0,0,0,,,,,,,,
100708143,Crashes_2010_2019_MPO,2014-12-16,2014,35.95457,-86.71367,False,0,0,0,,,,,,,,
100707823,Crashes_2010_2019_MPO,2014-12-16,2014,36.04774,-86.86429,False,0,0,0,,,,,,,,
100708417,Crashes_2010_2019_MPO,2014-12-16,2014,35.94783,-86.82225,False,0,0,0,,,,,,,,
100708074,Crashes_2010_2019_MPO,2014-12-16,2014,36.03167,-86.71266,False,0,0,0,,,,,,,,
100707695,Crashes_2010_2019_MPO,2014-12-16,2014,35.93538,-86.76794,False,0,0,0,,,,,,,,
100707649,Crashes_2010_2019_MPO,2014-12-16,2014,35.97129,-86.82601,False,0,0,0,,,,,,,,
100708018,Crashes_2010_2019_MPO,2014-12-16,2014,36.03256,-86.67671,False,0,0,0,,,,,,,,
100707808,Crashes_2010_2019_MPO,2014-12-16,2014,36.03939,-86.78353,False,0,0,0,,,,,,,,
100708063,Crashes_2010_2019_MPO,2014-12-16,2014,35.95958,-86.81594,False,0,0,0,,,,,,,,
100708150,Crashes_2010_2019_MPO,2014-12-17,2014,35.94286,-86.80034,False,0,0,0,,,,,,,,
100708549,Crashes_2010_2019_MPO,2014-12-17,2014,35.94838,-86.81128,False,0,0,0,,,,,,,,
100708470,Crashes_2010_2019_MPO,2014-12-17,2014,35.96943,-86.80704,True,0,0,0,,,,,,,,
100711308,Crashes_2010_2019_MPO,2014-12-17,2014,35.96382,-86.80841,False,0,0,0,,,,,,,,
100708599,Crashes_2010_2019_MPO,2014-12-17,2014,36.0454,-86.71336,False,0,0,0,,,,,,,,
100711311,Crashes_2010_2019_MPO,2014-12-17,2014,35.94532,-86.87645,False,0,0,0,,,,,,,,
100708272,Crashes_2010_2019_MPO,2014-12-17,2014,36.01511,-86.7359,False,0,0,0,,,,,,,,
100708845,Crashes_2010_2019_MPO,2014-12-17,2014,36.03248,-86.78335,True,0,0,0,,,,,,,,
100708443,Crashes_2010_2019_MPO,2014-12-17,2014,35.95692,-86.80327,False,0,0,0,,,,,,,,
100708557,Crashes_2010_2019_MPO,2014-12-17,2014,36.0395,-86.78158,False,0,0,0,,,,,,,,
100708800,Crashes_2010_2019_MPO,2014-12-17,2014,35.96708,-86.81356,True,0,0,0,,,,,,,,
100708648,Crashes_2010_2019_MPO,2014-12-17,2014,36.02389,-86.74244,False,0,0,0,,,,,,,,
100708560,Crashes_2010_2019_MPO,2014-12-17,2014,36.03052,-86.70236,False,0,0,0,,,,,,,,
100708812,Crashes_2010_2019_MPO,2014-12-17,2014,36.02822,-86.81819,True,0,0,0,,,,,,,,
100708604,Crashes_2010_2019_MPO,2014-12-17,2014,35.94766,-86.81973,False,0,0,0,,,,,,,,
100708550,Crashes_2010_2019_MPO,2014-12-17,2014,35.93714,-86.85903,False,0,0,0,,,,,,,,
100709105,Crashes_2010_2019_MPO,2014-12-18,2014,35.9466,-86.85078,False,0,0,0,,,,,,,,
100709108,Crashes_2010_2019_MPO,2014-12-18,2014,35.94936,-86.84968,False,0,0,0,,,,,,,,
100709199,Crashes_2010_2019_MPO,2014-12-18,2014,36.03127,-86.70073,False,0,0,0,,,,,,,,
100709157,Crashes_2010_2019_MPO,2014-12-18,2014,35.99767,-86.79468,True,0,0,0,,,,,,,,
100708982,Crashes_2010_2019_MPO,2014-12-18,2014,35.98608,-86.77797,True,0,0,0,,,,,,,,
100709069,Crashes_2010_2019_MPO,2014-12-18,2014,36.04526,-86.71475,False,0,0,0,,,,,,,,
100709141,Crashes_2010_2019_MPO,2014-12-18,2014,35.96687,-86.81113,True,0,0,0,,,,,,,,
100708959,Crashes_2010_2019_MPO,2014-12-18,2014,35.9277,-86.86805,False,0,0,0,,,,,,,,
100709173,Crashes_2010_2019_MPO,2014-12-18,2014,35.96479,-86.79185,True,0,0,0,,,,,,,,
100708865,Crashes_2010_2019_MPO,2014-12-18,2014,35.97318,-86.83111,True,0,0,0,,,,,,,,
100708963,Crashes_2010_2019_MPO,2014-12-18,2014,35.94811,-86.81694,False,0,0,0,,,,,,,,
100709300,Crashes_2010_2019_MPO,2014-12-18,2014,35.92738,-86.86871,False,0,0,0,,,,,,,,
100709190,Crashes_2010_2019_MPO,2014-12-18,2014,35.98359,-86.80155,True,0,0,0,,,,,,,,
100709204,Crashes_2010_2019_MPO,2014-12-18,2014,36.03735,-86.78656,False,0,0,0,,,,,,,,
100709251,Crashes_2010_2019_MPO,2014-12-18,2014,36.04031,-86.7685,False,0,0,0,,,,,,,,
100709053,Crashes_2010_2019_MPO,2014-12-18,2014,35.9455,-86.80504,False,0,0,0,,,,,,,,
100709301,Crashes_2010_2019_MPO,2014-12-18,2014,35.96194,-86.81488,False,0,0,0,,,,,,,,
100709104,Crashes_2010_2019_MPO,2014-12-18,2014,35.94467,-86.82831,False,0,0,0,,,,,,,,
100709270,Crashes_2010_2019_MPO,2014-12-18,2014,36.03735,-86.78656,False,0,0,0,,,,,,,,
100709052,Crashes_2010_2019_MPO,2014-12-18,2014,35.96312,-86.81899,True,0,0,0,,,,,,,,
100708835,Crashes_2010_2019_MPO,2014-12-18,2014,36.05012,-86.87402,False,0,0,0,,,,,,,,
100709097,Crashes_2010_2019_MPO,2014-12-18,2014,36.02551,-86.71302,False,0,0,0,,,,,,,,
100709323,Crashes_2010_2019_MPO,2014-12-18,2014,36.03619,-86.78709,True,0,0,0,,,,,,,,
100709271,Crashes_2010_2019_MPO,2014-12-18,2014,35.94745,-86.81108,False,0,0,0,,,,,,,,
100708784,Crashes_2010_2019_MPO,2014-12-18,2014,35.99736,-86.79484,True,0,0,0,,,,,,,,
100709632,Crashes_2010_2019_MPO,2014-12-19,2014,35.99335,-86.69968,True,0,0,0,,,,,,,,
100709666,Crashes_2010_2019_MPO,2014-12-19,2014,35.96719,-86.80724,True,0,0,0,,,,,,,,
100709600,Crashes_2010_2019_MPO,2014-12-19,2014,35.9912,-86.68349,False,0,0,0,,,,,,,,
100709519,Crashes_2010_2019_MPO,2014-12-19,2014,36.03696,-86.78594,False,0,0,0,,,,,,,,
100709760,Crashes_2010_2019_MPO,2014-12-19,2014,36.01248,-86.70365,False,0,0,0,,,,,,,,
100709309,Crashes_2010_2019_MPO,2014-12-19,2014,36.03821,-86.78633,False,0,0,0,,,,,,,,
100710867,Crashes_2010_2019_MPO,2014-12-19,2014,35.95748,-86.81654,False,0,0,0,,,,,,,,
100709646,Crashes_2010_2019_MPO,2014-12-19,2014,35.99871,-86.79613,True,0,0,0,,,,,,,,
100710868,Crashes_2010_2019_MPO,2014-12-19,2014,35.95218,-86.81831,False,0,0,0,,,,,,,,
100709496,Crashes_2010_2019_MPO,2014-12-19,2014,36.03333,-86.80219,True,0,0,1,,,,,,,,
100709376,Crashes_2010_2019_MPO,2014-12-19,2014,36.03894,-86.7825,False,0,0,0,,,,,,,,
100709977,Crashes_2010_2019_MPO,2014-12-19,2014,35.93202,-86.80133,False,0,0,0,,,,,,,,
100709499,Crashes_2010_2019_MPO,2014-12-19,2014,35.93042,-86.86402,False,0,0,0,,,,,,,,
100709407,Crashes_2010_2019_MPO,2014-12-19,2014,35.92289,-86.86728,False,0,0,0,,,,,,,,
100710176,Crashes_2010_2019_MPO,2014-12-20,2014,36.01189,-86.80151,True,0,0,0,,,,,,,,
100713592,Crashes_2010_2019_MPO,2014-12-20,2014,36.02765,-86.87723,False,0,0,0,,,,,,,,
100710082,Crashes_2010_2019_MPO,2014-12-20,2014,35.96623,-86.8113,False,0,0,0,,,,,,,,
100710471,Crashes_2010_2019_MPO,2014-12-20,2014,36.03166,-86.74379,False,0,0,0,,,,,,,,
100710055,Crashes_2010_2019_MPO,2014-12-20,2014,36.04029,-86.76833,False,0,0,0,,,,,,,,
100709855,Crashes_2010_2019_MPO,2014-12-20,2014,35.96523,-86.80844,False,0,0,0,,,,,,,,
100710107,Crashes_2010_2019_MPO,2014-12-20,2014,35.96691,-86.81248,True,0,0,0,,,,,,,,
100710180,Crashes_2010_2019_MPO,2014-12-20,2014,36.04527,-86.71461,False,0,1,0,,,,,,,,
100710065,Crashes_2010_2019_MPO,2014-12-20,2014,35.96756,-86.6968,False,0,0,0,,,,,,,,
100710265,Crashes_2010_2019_MPO,2014-12-20,2014,36.03931,-86.78227,False,0,0,0,,,,,,,,
100711668,Crashes_2010_2019_MPO,2014-12-20,2014,36.03988,-86.7813,False,0,0,0,,,,,,,,
100709978,Crashes_2010_2019_MPO,2014-12-20,2014,35.94951,-86.81931,False,0,0,0,,,,,,,,
100710747,Crashes_2010_2019_MPO,2014-12-21,2014,36.05405,-86.68296,False,0,0,0,,,,,,,,
100710861,Crashes_2010_2019_MPO,2014-12-21,2014,36.04146,-86.74381,False,0,0,0,,,,,,,,
100710639,Crashes_2010_2019_MPO,2014-12-21,2014,35.94839,-86.81971,False,0,0,0,,,,,,,,
100710393,Crashes_2010_2019_MPO,2014-12-21,2014,36.04118,-86.77579,False,0,0,0,,,,,,,,
100710358,Crashes_2010_2019_MPO,2014-12-21,2014,36.00669,-86.78823,True,0,0,0,,,,,,,,
100710909,Crashes_2010_2019_MPO,2014-12-21,2014,36.04881,-86.86146,False,0,0,0,,,,,,,,
100710490,Crashes_2010_2019_MPO,2014-12-21,2014,36.02898,-86.87644,False,0,0,0,,,,,,,,
100710511,Crashes_2010_2019_MPO,2014-12-21,2014,36.01781,-86.70903,False,0,0,0,,,,,,,,
100711270,Crashes_2010_2019_MPO,2014-12-22,2014,35.94056,-86.83344,False,0,0,0,,,,,,,,
100710950,Crashes_2010_2019_MPO,2014-12-22,2014,35.94822,-86.81118,False,0,0,0,,,,,,,,
100711021,Crashes_2010_2019_MPO,2014-12-22,2014,35.96633,-86.80764,True,0,0,0,,,,,,,,
100714337,Crashes_2010_2019_MPO,2014-12-22,2014,35.92647,-86.82507,False,0,0,0,,,,,,,,
100711003,Crashes_2010_2019_MPO,2014-12-22,2014,36.0384,-86.78417,False,0,0,0,,,,,,,,
100711025,Crashes_2010_2019_MPO,2014-12-22,2014,35.96495,-86.72804,True,0,0,0,,,,,,,,
100711312,Crashes_2010_2019_MPO,2014-12-22,2014,35.96122,-86.81175,False,0,0,0,,,,,,,,
100711313,Crashes_2010_2019_MPO,2014-12-22,2014,35.93789,-86.79883,False,0,0,0,,,,,,,,
100714339,Crashes_2010_2019_MPO,2014-12-22,2014,35.93978,-86.82138,False,0,0,0,,,,,,,,
100711070,Crashes_2010_2019_MPO,2014-12-22,2014,35.94653,-86.80938,False,0,0,0,,,,,,,,
100711309,Crashes_2010_2019_MPO,2014-12-22,2014,35.92509,-86.87355,False,0,0,0,,,,,,,,
100711113,Crashes_2010_2019_MPO,2014-12-22,2014,36.04068,-86.77963,False,0,0,0,,,,,,,,
100713058,Crashes_2010_2019_MPO,2014-12-22,2014,35.96734,-86.81494,True,0,0,0,,,,,,,,
100711230,Crashes_2010_2019_MPO,2014-12-22,2014,35.93416,-86.8779,False,0,0,0,,,,,,,,
100710973,Crashes_2010_2019_MPO,2014-12-22,2014,36.04079,-86.77944,False,0,0,0,,,,,,,,
100711096,Crashes_2010_2019_MPO,2014-12-22,2014,35.95051,-86.76621,True,0,0,0,,,,,,,,
100710977,Crashes_2010_2019_MPO,2014-12-22,2014,35.9649,-86.81547,True,0,0,0,,,,,,,,
100711310,Crashes_2010_2019_MPO,2014-12-22,2014,35.93473,-86.8608,False,0,0,0,,,,,,,,
100711699,Crashes_2010_2019_MPO,2014-12-23,2014,35.93,-86.8243,False,0,0,0,,,,,,,,
100711767,Crashes_2010_2019_MPO,2014-12-23,2014,36.04121,-86.7761,False,0,0,0,,,,,,,,
100711484,Crashes_2010_2019_MPO,2014-12-23,2014,36.0407,-86.78275,False,0,0,0,,,,,,,,
100711802,Crashes_2010_2019_MPO,2014-12-23,2014,35.99617,-86.78566,True,0,0,0,,,,,,,,
100714695,Crashes_2010_2019_MPO,2014-12-23,2014,35.93407,-86.8191,False,0,0,0,,,,,,,,
100714338,Crashes_2010_2019_MPO,2014-12-23,2014,35.94862,-86.80759,False,0,0,0,,,,,,,,
100711917,Crashes_2010_2019_MPO,2014-12-23,2014,35.95204,-86.81806,False,0,0,0,,,,,,,,
100714340,Crashes_2010_2019_MPO,2014-12-23,2014,35.94683,-86.82189,False,0,0,0,,,,,,,,
100711862,Crashes_2010_2019_MPO,2014-12-23,2014,36.04571,-86.72081,False,0,0,0,,,,,,,,
100712633,Crashes_2010_2019_MPO,2014-12-23,2014,36.01838,-86.8729,False,0,0,0,,,,,,,,
100711698,Crashes_2010_2019_MPO,2014-12-23,2014,35.96376,-86.81061,False,0,0,0,,,,,,,,
100712166,Crashes_2010_2019_MPO,2014-12-24,2014,36.04119,-86.78257,False,0,0,0,,,,,,,,
100712346,Crashes_2010_2019_MPO,2014-12-24,2014,35.9322,-86.79434,False,0,0,0,,,,,,,,
100712207,Crashes_2010_2019_MPO,2014-12-24,2014,35.93686,-86.81828,False,0,0,0,,,,,,,,
100712697,Crashes_2010_2019_MPO,2014-12-24,2014,35.95978,-86.81006,False,0,0,1,,,,,,,,
100712345,Crashes_2010_2019_MPO,2014-12-24,2014,35.94707,-86.8219,False,0,0,0,,,,,,,,
100712363,Crashes_2010_2019_MPO,2014-12-24,2014,36.0417,-86.74862,False,0,0,0,,,,,,,,
100712476,Crashes_2010_2019_MPO,2014-12-24,2014,36.04697,-86.68013,False,0,0,0,,,,,,,,
100712169,Crashes_2010_2019_MPO,2014-12-24,2014,36.02496,-86.74236,False,0,0,0,,,,,,,,
100713594,Crashes_2010_2019_MPO,2014-12-24,2014,35.99713,-86.79713,True,0,0,0,,,,,,,,
100712544,Crashes_2010_2019_MPO,2014-12-24,2014,35.96953,-86.72777,True,0,0,0,,,,,,,,
100712225,Crashes_2010_2019_MPO,2014-12-24,2014,36.04043,-86.7826,False,0,0,0,,,,,,,,
100712381,Crashes_2010_2019_MPO,2014-12-24,2014,36.02707,-86.7922,True,0,0,0,,,,,,,,
100712293,Crashes_2010_2019_MPO,2014-12-24,2014,35.98979,-86.82262,True,0,0,0,,,,,,,,
100712774,Crashes_2010_2019_MPO,2014-12-25,2014,35.94607,-86.87179,False,0,0,0,,,,,,,,
100713136,Crashes_2010_2019_MPO,2014-12-26,2014,36.03733,-86.79862,True,0,0,0,,,,,,,,
100713474,Crashes_2010_2019_MPO,2014-12-26,2014,35.96147,-86.81229,False,0,0,0,,,,,,,,
100713013,Crashes_2010_2019_MPO,2014-12-26,2014,35.97889,-86.81809,True,0,0,0,,,,,,,,
100713800,Crashes_2010_2019_MPO,2014-12-26,2014,35.97709,-86.76291,True,0,0,0,,,,,,,,
100713050,Crashes_2010_2019_MPO,2014-12-26,2014,35.99315,-86.69646,True,0,0,0,,,,,,,,
100713081,Crashes_2010_2019_MPO,2014-12-26,2014,36.0454,-86.71336,False,0,0,0,,,,,,,,
100712949,Crashes_2010_2019_MPO,2014-12-26,2014,35.96761,-86.81343,True,0,0,0,,,,,,,,
100713059,Crashes_2010_2019_MPO,2014-12-26,2014,35.9715,-86.80818,True,0,0,0,,,,,,,,
100713687,Crashes_2010_2019_MPO,2014-12-26,2014,35.92642,-86.82454,False,0,0,0,,,,,,,,
100715911,Crashes_2010_2019_MPO,2014-12-26,2014,35.92954,-86.84187,False,0,0,0,,,,,,,,
100713214,Crashes_2010_2019_MPO,2014-12-26,2014,36.01414,-86.7048,False,0,0,0,,,,,,,,
100713260,Crashes_2010_2019_MPO,2014-12-26,2014,35.95659,-86.81637,False,0,0,0,,,,,,,,
100713712,Crashes_2010_2019_MPO,2014-12-27,2014,36.04224,-86.83635,False,0,0,0,,,,,,,,
100713382,Crashes_2010_2019_MPO,2014-12-27,2014,36.02491,-86.71882,False,0,0,0,,,,,,,,
100713681,Crashes_2010_2019_MPO,2014-12-27,2014,35.92317,-86.81685,False,0,0,0,,,,,,,,
100713771,Crashes_2010_2019_MPO,2014-12-27,2014,35.94689,-86.85175,False,0,0,0,,,,,,,,
100713783,Crashes_2010_2019_MPO,2014-12-27,2014,36.05486,-86.72902,False,0,0,0,,,,,,,,
100713764,Crashes_2010_2019_MPO,2014-12-27,2014,36.04576,-86.72533,False,0,0,0,,,,,,,,
100713518,Crashes_2010_2019_MPO,2014-12-27,2014,35.96706,-86.81348,True,0,0,0,,,,,,,,
100714500,Crashes_2010_2019_MPO,2014-12-28,2014,36.04742,-86.75034,False,0,0,0,,,,,,,,
100715884,Crashes_2010_2019_MPO,2014-12-28,2014,36.00069,-86.85734,False,0,0,0,,,,,,,,
100714318,Crashes_2010_2019_MPO,2014-12-28,2014,36.04301,-86.78194,False,0,0,0,,,,,,,,
100714084,Crashes_2010_2019_MPO,2014-12-28,2014,36.05246,-86.70267,False,0,0,0,,,,,,,,
100714206,Crashes_2010_2019_MPO,2014-12-28,2014,36.02542,-86.71493,False,0,0,0,,,,,,,,
100714207,Crashes_2010_2019_MPO,2014-12-28,2014,36.03954,-86.78188,False,0,0,0,,,,,,,,
100714047,Crashes_2010_2019_MPO,2014-12-28,2014,36.03466,-86.80277,True,0,0,0,,,,,,,,
100713973,Crashes_2010_2019_MPO,2014-12-28,2014,36.04274,-86.78177,False,0,0,0,,,,,,,,
100715021,Crashes_2010_2019_MPO,2014-12-28,2014,36.04483,-86.77978,False,0,0,0,,,,,,,,
100714523,Crashes_2010_2019_MPO,2014-12-28,2014,35.95084,-86.81864,False,0,0,0,,,,,,,,
100713924,Crashes_2010_2019_MPO,2014-12-28,2014,36.04053,-86.78259,False,0,0,0,,,,,,,,
100714956,Crashes_2010_2019_MPO,2014-12-28,2014,36.0416,-86.78245,False,0,0,0,,,,,,,,
100713792,Crashes_2010_2019_MPO,2014-12-28,2014,36.04193,-86.78238,False,0,0,0,,,,,,,,
100714520,Crashes_2010_2019_MPO,2014-12-29,2014,36.04086,-86.77968,False,0,0,0,,,,,,,,
100714617,Crashes_2010_2019_MPO,2014-12-29,2014,35.99501,-86.77298,True,0,0,0,,,,,,,,
100714694,Crashes_2010_2019_MPO,2014-12-29,2014,35.94716,-86.81219,False,0,0,0,,,,,,,,
100718708,Crashes_2010_2019_MPO,2014-12-29,2014,35.92701,-86.76726,False,0,0,0,,,,,,,,
100714814,Crashes_2010_2019_MPO,2014-12-29,2014,35.96798,-86.81832,True,0,0,0,,,,,,,,
100714481,Crashes_2010_2019_MPO,2014-12-29,2014,35.93471,-86.82125,False,0,0,0,,,,,,,,
100714805,Crashes_2010_2019_MPO,2014-12-29,2014,36.03474,-86.78792,True,0,0,0,,,,,,,,
100714351,Crashes_2010_2019_MPO,2014-12-29,2014,36.04685,-86.67941,False,0,0,0,,,,,,,,
100714372,Crashes_2010_2019_MPO,2014-12-29,2014,35.94707,-86.8219,False,0,0,0,,,,,,,,
100714572,Crashes_2010_2019_MPO,2014-12-29,2014,36.04048,-86.70956,False,0,0,0,,,,,,,,
100714437,Crashes_2010_2019_MPO,2014-12-29,2014,35.94633,-86.80851,False,0,0,0,,,,,,,,
100715257,Crashes_2010_2019_MPO,2014-12-30,2014,35.96203,-86.81531,False,0,0,0,,,,,,,,
100715284,Crashes_2010_2019_MPO,2014-12-30,2014,36.00289,-86.68761,False,0,0,0,,,,,,,,
100715026,Crashes_2010_2019_MPO,2014-12-30,2014,35.92396,-86.86985,False,0,0,0,,,,,,,,
100714997,Crashes_2010_2019_MPO,2014-12-30,2014,36.04045,-86.7804,False,0,0,0,,,,,,,,
100715256,Crashes_2010_2019_MPO,2014-12-30,2014,35.98731,-86.74813,True,0,0,0,,,,,,,,
100715455,Crashes_2010_2019_MPO,2014-12-30,2014,36.03983,-86.78139,False,0,0,0,,,,,,,,
100715809,Crashes_2010_2019_MPO,2014-12-30,2014,35.95135,-86.80218,False,0,0,0,,,,,,,,
100715512,Crashes_2010_2019_MPO,2014-12-31,2014,36.03612,-86.78713,True,0,0,0,,,,,,,,
100715448,Crashes_2010_2019_MPO,2014-12-31,2014,35.97764,-86.74103,True,0,0,0,,,,,,,,
100715450,Crashes_2010_2019_MPO,2014-12-31,2014,35.95078,-86.81845,False,0,0,0,,,,,,,,
100715420,Crashes_2010_2019_MPO,2014-12-31,2014,36.02209,-86.74263,False,0,0,0,,,,,,,,
100715587,Crashes_2010_2019_MPO,2014-12-31,2014,35.94428,-86.81993,False,0,0,0,,,,,,,,
100716146,Crashes_2010_2019_MPO,2014-12-31,2014,36.00375,-86.81763,True,0,0,0,,,,,,,,
100715404,Crashes_2010_2019_MPO,2014-12-31,2014,35.9337,-86.81761,False,0,0,0,,,,,,,,
100715808,Crashes_2010_2019_MPO,2014-12-31,2014,36.03473,-86.87335,False,0,0,1,,,,,,,,
100715544,Crashes_2010_2019_MPO,2014-12-31,2014,35.94284,-86.81829,False,0,0,0,,,,,,,,
100715316,Crashes_2010_2019_MPO,2014-12-31,2014,36.04158,-86.78246,False,0,0,0,,,,,,,,
100715392,Crashes_2010_2019_MPO,2014-12-31,2014,35.96731,-86.80472,True,0,0,0,,,,,,,,
100715586,Crashes_2010_2019_MPO,2014-12-31,2014,35.9454,-86.82761,False,0,0,0,,,,,,,,
100715280,Crashes_2010_2019_MPO,2014-12-31,2014,36.03923,-86.72926,False,0,0,0,,,,,,,,
100715787,Crashes_2010_2019_MPO,2015-01-01,2015,35.99781,-86.79885,True,0,0,0,,,,,,,,
100715950,Crashes_2010_2019_MPO,2015-01-01,2015,36.03969,-86.75984,False,0,0,0,,,,,,,,
100716510,Crashes_2010_2019_MPO,2015-01-01,2015,36.04668,-86.67858,False,0,0,0,,,,,,,,
100715794,Crashes_2010_2019_MPO,2015-01-01,2015,36.02649,-86.79248,True,0,0,0,,,,,,,,
100722413,Crashes_2010_2019_MPO,2015-01-02,2015,36.02601,-86.87912,False,0,0,0,,,,,,,,
100716426,Crashes_2010_2019_MPO,2015-01-02,2015,36.03231,-86.78197,True,0,0,0,,,,,,,,
100716601,Crashes_2010_2019_MPO,2015-01-02,2015,36.04084,-86.77935,False,0,0,0,,,,,,,,
100716283,Crashes_2010_2019_MPO,2015-01-02,2015,36.04597,-86.71343,False,0,0,0,,,,,,,,
100716611,Crashes_2010_2019_MPO,2015-01-02,2015,35.96687,-86.81113,True,0,0,0,,,,,,,,
100716197,Crashes_2010_2019_MPO,2015-01-02,2015,35.96613,-86.80511,True,0,0,1,,,,,,,,
100716185,Crashes_2010_2019_MPO,2015-01-02,2015,36.01289,-86.80078,True,0,0,0,,,,,,,,
100716174,Crashes_2010_2019_MPO,2015-01-02,2015,35.96375,-86.8105,False,0,0,0,,,,,,,,
100717578,Crashes_2010_2019_MPO,2015-01-02,2015,35.96676,-86.80905,True,0,0,0,,,,,,,,
100716254,Crashes_2010_2019_MPO,2015-01-02,2015,35.96699,-86.81305,True,0,0,0,,,,,,,,
100716199,Crashes_2010_2019_MPO,2015-01-02,2015,36.04122,-86.77619,False,0,0,0,,,,,,,,
100716286,Crashes_2010_2019_MPO,2015-01-02,2015,35.95842,-86.80225,False,0,0,0,,,,,,,,
100716171,Crashes_2010_2019_MPO,2015-01-02,2015,36.03668,-86.81488,True,0,0,0,,,,,,,,
100717591,Crashes_2010_2019_MPO,2015-01-02,2015,36.00318,-86.7426,True,0,0,0,,,,,,,,
100717606,Crashes_2010_2019_MPO,2015-01-02,2015,35.99508,-86.7739,True,0,0,0,,,,,,,,
100716454,Crashes_2010_2019_MPO,2015-01-02,2015,36.0253,-86.7154,False,0,0,0,,,,,,,,
100716415,Crashes_2010_2019_MPO,2015-01-02,2015,36.04537,-86.71792,False,0,0,0,,,,,,,,
100716748,Crashes_2010_2019_MPO,2015-01-03,2015,36.04207,-86.78234,False,0,0,0,,,,,,,,
100716932,Crashes_2010_2019_MPO,2015-01-03,2015,36.00333,-86.79169,True,0,0,0,,,,,,,,
100716573,Crashes_2010_2019_MPO,2015-01-03,2015,36.04386,-86.78096,False,0,0,0,,,,,,,,
100716867,Crashes_2010_2019_MPO,2015-01-03,2015,36.03358,-86.71296,False,0,0,0,,,,,,,,
100716862,Crashes_2010_2019_MPO,2015-01-03,2015,35.96706,-86.81346,True,0,0,0,,,,,,,,
100716633,Crashes_2010_2019_MPO,2015-01-03,2015,36.04311,-86.78155,False,0,0,0,,,,,,,,
100716923,Crashes_2010_2019_MPO,2015-01-03,2015,36.02672,-86.7924,True,0,1,0,,,,,,,,
100716610,Crashes_2010_2019_MPO,2015-01-03,2015,36.04074,-86.78274,False,0,0,0,,,,,,,,
100716985,Crashes_2010_2019_MPO,2015-01-03,2015,36.0127,-86.70907,False,0,0,0,,,,,,,,
100716868,Crashes_2010_2019_MPO,2015-01-03,2015,36.04526,-86.71709,False,0,0,0,,,,,,,,
100717158,Crashes_2010_2019_MPO,2015-01-03,2015,36.02604,-86.79278,True,0,0,0,,,,,,,,
100716624,Crashes_2010_2019_MPO,2015-01-03,2015,36.04079,-86.78256,False,0,0,1,,,,,,,,
100716869,Crashes_2010_2019_MPO,2015-01-03,2015,36.02715,-86.79216,True,0,1,0,,,,,,,,
100717098,Crashes_2010_2019_MPO,2015-01-03,2015,36.04551,-86.71204,False,0,0,0,,,,,,,,
100716766,Crashes_2010_2019_MPO,2015-01-03,2015,36.04209,-86.78234,False,0,0,0,,,,,,,,
100717376,Crashes_2010_2019_MPO,2015-01-04,2015,35.96313,-86.81899,True,0,0,0,,,,,,,,
100717338,Crashes_2010_2019_MPO,2015-01-04,2015,36.02431,-86.74239,False,0,0,0,,,,,,,,
100717195,Crashes_2010_2019_MPO,2015-01-04,2015,35.92923,-86.85318,False,0,0,0,,,,,,,,
100717361,Crashes_2010_2019_MPO,2015-01-04,2015,35.9541,-86.81547,False,0,0,0,,,,,,,,
100717264,Crashes_2010_2019_MPO,2015-01-04,2015,35.99004,-86.74526,True,0,0,0,,,,,,,,
100717427,Crashes_2010_2019_MPO,2015-01-04,2015,36.04035,-86.7452,False,0,0,0,,,,,,,,
100717706,Crashes_2010_2019_MPO,2015-01-05,2015,35.93257,-86.8624,False,0,0,0,,,,,,,,
100717665,Crashes_2010_2019_MPO,2015-01-05,2015,35.94688,-86.85233,False,0,0,0,,,,,,,,
100717626,Crashes_2010_2019_MPO,2015-01-05,2015,35.92796,-86.74602,False,0,0,0,,,,,,,,
100717864,Crashes_2010_2019_MPO,2015-01-05,2015,35.96584,-86.81236,False,0,0,0,,,,,,,,
100717865,Crashes_2010_2019_MPO,2015-01-05,2015,35.92359,-86.87169,False,0,0,1,,,,,,,,
100719694,Crashes_2010_2019_MPO,2015-01-05,2015,35.98788,-86.80008,True,0,0,0,,,,,,,,
100717863,Crashes_2010_2019_MPO,2015-01-05,2015,35.93233,-86.86258,False,0,0,0,,,,,,,,
100717746,Crashes_2010_2019_MPO,2015-01-05,2015,36.04155,-86.78246,False,0,0,0,,,,,,,,
100717747,Crashes_2010_2019_MPO,2015-01-05,2015,36.01982,-86.78718,True,0,0,0,,,,,,,,
100717596,Crashes_2010_2019_MPO,2015-01-05,2015,35.96665,-86.80941,True,0,0,0,,,,,,,,
100718523,Crashes_2010_2019_MPO,2015-01-06,2015,36.01834,-86.7865,True,0,0,0,,,,,,,,
100718031,Crashes_2010_2019_MPO,2015-01-06,2015,36.00219,-86.74267,True,0,0,0,,,,,,,,
100718338,Crashes_2010_2019_MPO,2015-01-06,2015,35.93554,-86.82375,False,0,0,0,,,,,,,,
100718135,Crashes_2010_2019_MPO,2015-01-06,2015,36.0413,-86.74668,False,0,0,0,,,,,,,,
100718130,Crashes_2010_2019_MPO,2015-01-06,2015,36.04119,-86.77953,False,0,0,0,,,,,,,,
100718346,Crashes_2010_2019_MPO,2015-01-06,2015,35.93111,-86.85106,False,0,0,1,,,,,,,,
100718244,Crashes_2010_2019_MPO,2015-01-06,2015,35.97332,-86.80667,True,0,0,0,,,,,,,,