record_no,source_layer,collision_ts,crash_year,latitude,longitude,in_city,fatalities,non_motorists,truck_involved,serious_injuries,pedestrian,bicycle,crash_type,manner_of_collision,lighting,weather,first_harmful_event
100718589,Crashes_2010_2019_MPO,2015-01-06,2015,35.96734,-86.81493,True,0,0,0,,,,,,,,
100718617,Crashes_2010_2019_MPO,2015-01-07,2015,35.93944,-86.81689,False,0,0,0,,,,,,,,
100718735,Crashes_2010_2019_MPO,2015-01-07,2015,35.966637,-86.809593,True,0,0,0,,,,,,,,
100718892,Crashes_2010_2019_MPO,2015-01-07,2015,35.96422,-86.69237,False,0,0,0,,,,,,,,
100718990,Crashes_2010_2019_MPO,2015-01-07,2015,35.93461,-86.82012,False,0,0,0,,,,,,,,
100718863,Crashes_2010_2019_MPO,2015-01-07,2015,35.94573,-86.81945,False,0,0,0,,,,,,,,
100718775,Crashes_2010_2019_MPO,2015-01-07,2015,36.033367,-86.781448,True,0,0,0,,,,,,,,
100718577,Crashes_2010_2019_MPO,2015-01-07,2015,36.03595,-86.78315,False,0,0,0,,,,,,,,
100718752,Crashes_2010_2019_MPO,2015-01-07,2015,35.94482,-86.82866,False,0,0,0,,,,,,,,
100718877,Crashes_2010_2019_MPO,2015-01-07,2015,36.05155,-86.71425,False,0,0,0,,,,,,,,
100718688,Crashes_2010_2019_MPO,2015-01-07,2015,35.96118,-86.76365,True,0,0,0,,,,,,,,
100718856,Crashes_2010_2019_MPO,2015-01-07,2015,35.97016,-86.82094,True,0,0,0,,,,,,,,
100718659,Crashes_2010_2019_MPO,2015-01-07,2015,35.971721,-86.834503,False,0,0,0,,,,,,,,
100718692,Crashes_2010_2019_MPO,2015-01-07,2015,35.965,-86.80173,True,0,0,0,,,,,,,,
100718739,Crashes_2010_2019_MPO,2015-01-07,2015,36.04526,-86.71475,False,0,0,0,,,,,,,,
100718537,Crashes_2010_2019_MPO,2015-01-07,2015,35.99004,-86.74527,True,0,0,0,,,,,,,,
100718730,Crashes_2010_2019_MPO,2015-01-07,2015,36.0338,-86.78848,True,0,0,0,,,,,,,,
100718774,Crashes_2010_2019_MPO,2015-01-07,2015,35.95576,-86.83052,False,0,0,0,,,,,,,,
100718772,Crashes_2010_2019_MPO,2015-01-07,2015,35.92922,-86.82046,False,0,0,0,,,,,,,,
100718972,Crashes_2010_2019_MPO,2015-01-08,2015,36.04127,-86.77871,False,0,0,0,,,,,,,,
100719203,Crashes_2010_2019_MPO,2015-01-08,2015,35.9498,-86.81328,False,0,0,0,,,,,,,,
100719210,Crashes_2010_2019_MPO,2015-01-08,2015,35.99546,-86.77835,True,0,0,0,,,,,,,,
100719274,Crashes_2010_2019_MPO,2015-01-08,2015,35.95201,-86.81786,False,0,0,0,,,,,,,,
100719309,Crashes_2010_2019_MPO,2015-01-08,2015,35.98573,-86.67992,False,0,0,1,,,,,,,,
100719156,Crashes_2010_2019_MPO,2015-01-08,2015,36.03872,-86.73094,False,0,0,0,,,,,,,,
100719072,Crashes_2010_2019_MPO,2015-01-08,2015,36.03441,-86.78336,True,0,0,0,,,,,,,,
100719623,Crashes_2010_2019_MPO,2015-01-09,2015,35.97776,-86.80359,True,0,0,0,,,,,,,,
100719761,Crashes_2010_2019_MPO,2015-01-09,2015,35.96533,-86.81151,False,0,0,0,,,,,,,,
100720719,Crashes_2010_2019_MPO,2015-01-09,2015,36.03842,-86.78259,False,0,0,1,,,,,,,,
100719716,Crashes_2010_2019_MPO,2015-01-09,2015,35.94641,-86.82285,False,0,0,0,,,,,,,,
100719886,Crashes_2010_2019_MPO,2015-01-09,2015,35.9579,-86.7677,True,0,0,0,,,,,,,,
100719492,Crashes_2010_2019_MPO,2015-01-09,2015,36.03884,-86.78304,False,0,0,0,,,,,,,,
100719813,Crashes_2010_2019_MPO,2015-01-09,2015,35.96935,-86.81215,True,0,0,0,,,,,,,,
100719579,Crashes_2010_2019_MPO,2015-01-09,2015,35.94607,-86.82569,False,0,0,0,,,,,,,,
100721627,Crashes_2010_2019_MPO,2015-01-09,2015,36.02273,-86.78674,True,0,0,0,,,,,,,,
100720294,Crashes_2010_2019_MPO,2015-01-10,2015,35.95065,-86.84865,False,0,0,0,,,,,,,,
100720331,Crashes_2010_2019_MPO,2015-01-10,2015,35.95546,-86.84479,False,0,0,0,,,,,,,,
100720310,Crashes_2010_2019_MPO,2015-01-10,2015,36.03825,-86.78632,False,0,0,0,,,,,,,,
100720595,Crashes_2010_2019_MPO,2015-01-10,2015,36.04006,-86.781,False,0,0,0,,,,,,,,
100720101,Crashes_2010_2019_MPO,2015-01-10,2015,36.00876,-86.69385,False,0,0,0,,,,,,,,
100720596,Crashes_2010_2019_MPO,2015-01-11,2015,36.04897,-86.71631,False,0,0,0,,,,,,,,
100720582,Crashes_2010_2019_MPO,2015-01-11,2015,35.94687,-86.82178,False,0,0,0,,,,,,,,
100721298,Crashes_2010_2019_MPO,2015-01-11,2015,36.0366,-86.71331,False,0,0,0,,,,,,,,
100720692,Crashes_2010_2019_MPO,2015-01-11,2015,36.0469,-86.71333,False,0,0,0,,,,,,,,
100723594,Crashes_2010_2019_MPO,2015-01-11,2015,35.96345,-86.81089,False,0,0,0,,,,,,,,
100720691,Crashes_2010_2019_MPO,2015-01-11,2015,36.04542,-86.71317,False,0,0,0,,,,,,,,
100720271,Crashes_2010_2019_MPO,2015-01-11,2015,36.05438,-86.68119,False,0,0,0,,,,,,,,
100720502,Crashes_2010_2019_MPO,2015-01-11,2015,35.99272,-86.82867,True,0,0,0,,,,,,,,
100720330,Crashes_2010_2019_MPO,2015-01-11,2015,35.9752,-86.83754,False,0,0,0,,,,,,,,
100720910,Crashes_2010_2019_MPO,2015-01-12,2015,36.0322,-86.75826,False,0,0,0,,,,,,,,
100721007,Crashes_2010_2019_MPO,2015-01-12,2015,35.99512,-86.77447,True,0,0,0,,,,,,,,
100720824,Crashes_2010_2019_MPO,2015-01-12,2015,36.04169,-86.78244,False,0,0,0,,,,,,,,
100720669,Crashes_2010_2019_MPO,2015-01-12,2015,36.03232,-86.76521,False,0,0,0,,,,,,,,
100721029,Crashes_2010_2019_MPO,2015-01-12,2015,35.93112,-86.8635,False,0,0,0,,,,,,,,
100720960,Crashes_2010_2019_MPO,2015-01-12,2015,36.01369,-86.80502,True,0,0,0,,,,,,,,
100720693,Crashes_2010_2019_MPO,2015-01-12,2015,36.04299,-86.84232,False,0,0,0,,,,,,,,
100721265,Crashes_2010_2019_MPO,2015-01-12,2015,35.99546,-86.77831,True,0,0,0,,,,,,,,
100721080,Crashes_2010_2019_MPO,2015-01-12,2015,36.02609,-86.68027,False,0,0,0,,,,,,,,
100720713,Crashes_2010_2019_MPO,2015-01-12,2015,35.98958,-86.7995,True,0,0,0,,,,,,,,
100721137,Crashes_2010_2019_MPO,2015-01-12,2015,36.03442,-86.74355,False,0,0,0,,,,,,,,
100720868,Crashes_2010_2019_MPO,2015-01-12,2015,36.04277,-86.78207,False,0,0,0,,,,,,,,
100721067,Crashes_2010_2019_MPO,2015-01-12,2015,35.97106,-86.72645,True,0,0,0,,,,,,,,
100720882,Crashes_2010_2019_MPO,2015-01-12,2015,35.99078,-86.75109,True,0,0,0,,,,,,,,
100721033,Crashes_2010_2019_MPO,2015-01-12,2015,36.04546,-86.70377,False,0,0,0,,,,,,,,
100721893,Crashes_2010_2019_MPO,2015-01-12,2015,35.99417,-86.79815,True,0,0,1,,,,,,,,
100721030,Crashes_2010_2019_MPO,2015-01-12,2015,35.93135,-86.79275,False,0,0,0,,,,,,,,
100720961,Crashes_2010_2019_MPO,2015-01-12,2015,36.01369,-86.80502,True,0,0,0,,,,,,,,
100721162,Crashes_2010_2019_MPO,2015-01-12,2015,36.04299,-86.84232,False,0,0,0,,,,,,,,
100721055,Crashes_2010_2019_MPO,2015-01-12,2015,36.033339,-86.788716,True,0,0,0,,,,,,,,
100720838,Crashes_2010_2019_MPO,2015-01-12,2015,35.94693,-86.81177,False,0,0,0,,,,,,,,
100720826,Crashes_2010_2019_MPO,2015-01-12,2015,36.04262,-86.78214,False,0,0,0,,,,,,,,
100720637,Crashes_2010_2019_MPO,2015-01-12,2015,35.95051,-86.76621,True,0,0,0,,,,,,,,
100726938,Crashes_2010_2019_MPO,2015-01-12,2015,35.9775,-86.80369,True,0,0,0,,,,,,,,
100721392,Crashes_2010_2019_MPO,2015-01-12,2015,36.04126,-86.7825,False,0,0,0,,,,,,,,
100721678,Crashes_2010_2019_MPO,2015-01-13,2015,36.0349,-86.78307,True,0,0,0,,,,,,,,
100722180,Crashes_2010_2019_MPO,2015-01-13,2015,36.04086,-86.74367,False,0,0,0,,,,,,,,
100721446,Crashes_2010_2019_MPO,2015-01-13,2015,35.9667,-86.81117,True,0,0,0,,,,,,,,
100721577,Crashes_2010_2019_MPO,2015-01-13,2015,35.93165,-86.87682,False,0,0,0,,,,,,,,
100721314,Crashes_2010_2019_MPO,2015-01-13,2015,36.03998,-86.78095,False,0,0,0,,,,,,,,
100722241,Crashes_2010_2019_MPO,2015-01-13,2015,35.92406,-86.87131,False,0,0,0,,,,,,,,
100721362,Crashes_2010_2019_MPO,2015-01-13,2015,36.03942,-86.74345,False,0,0,0,,,,,,,,
100721288,Crashes_2010_2019_MPO,2015-01-13,2015,35.99043,-86.7486,True,0,0,1,,,,,,,,
100721670,Crashes_2010_2019_MPO,2015-01-13,2015,36.03187,-86.78343,True,0,0,0,,,,,,,,
100721286,Crashes_2010_2019_MPO,2015-01-13,2015,35.93401,-86.81905,False,0,0,0,,,,,,,,
100721757,Crashes_2010_2019_MPO,2015-01-14,2015,36.03334,-86.78325,True,0,0,0,,,,,,,,
100722249,Crashes_2010_2019_MPO,2015-01-14,2015,35.95055,-86.70421,False,0,0,0,,,,,,,,
100721764,Crashes_2010_2019_MPO,2015-01-14,2015,36.03522,-86.78294,False,0,0,0,,,,,,,,
100722356,Crashes_2010_2019_MPO,2015-01-14,2015,35.95807,-86.76774,True,0,0,0,,,,,,,,
100722005,Crashes_2010_2019_MPO,2015-01-14,2015,36.03106,-86.79,True,0,0,0,,,,,,,,
100721990,Crashes_2010_2019_MPO,2015-01-14,2015,36.04732,-86.86273,False,0,0,0,,,,,,,,
100722009,Crashes_2010_2019_MPO,2015-01-14,2015,35.96586,-86.80565,True,0,0,0,,,,,,,,
100722259,Crashes_2010_2019_MPO,2015-01-14,2015,36.03352,-86.78322,True,0,0,0,,,,,,,,
100721823,Crashes_2010_2019_MPO,2015-01-14,2015,36.0403,-86.74355,False,0,0,0,,,,,,,,
100722068,Crashes_2010_2019_MPO,2015-01-14,2015,36.00527,-86.78041,True,0,0,0,,,,,,,,
100722033,Crashes_2010_2019_MPO,2015-01-14,2015,35.93298,-86.78237,False,0,0,0,,,,,,,,
100722250,Crashes_2010_2019_MPO,2015-01-14,2015,35.95112,-86.70452,False,0,0,0,,,,,,,,
100722141,Crashes_2010_2019_MPO,2015-01-14,2015,35.94322,-86.8293,False,0,0,0,,,,,,,,
100722034,Crashes_2010_2019_MPO,2015-01-14,2015,35.9256,-86.87662,False,0,0,0,,,,,,,,
100722101,Crashes_2010_2019_MPO,2015-01-14,2015,36.03204,-86.74375,False,0,0,0,,,,,,,,
100722143,Crashes_2010_2019_MPO,2015-01-14,2015,35.99551,-86.77889,True,0,0,0,,,,,,,,
100722690,Crashes_2010_2019_MPO,2015-01-15,2015,35.92823,-86.76738,False,0,0,0,,,,,,,,
100722309,Crashes_2010_2019_MPO,2015-01-15,2015,35.96071,-86.807,False,0,0,0,,,,,,,,
100722292,Crashes_2010_2019_MPO,2015-01-15,2015,35.94756,-86.82151,False,0,0,0,,,,,,,,
100722560,Crashes_2010_2019_MPO,2015-01-15,2015,36.03202,-86.78341,True,0,0,0,,,,,,,,
100722641,Crashes_2010_2019_MPO,2015-01-15,2015,36.04705,-86.71354,False,0,0,0,,,,,,,,
100722616,Crashes_2010_2019_MPO,2015-01-15,2015,36.00053,-86.8085,True,0,0,0,,,,,,,,
100722598,Crashes_2010_2019_MPO,2015-01-15,2015,35.92759,-86.82447,False,0,0,0,,,,,,,,
100722568,Crashes_2010_2019_MPO,2015-01-15,2015,36.04247,-86.71301,False,0,0,0,,,,,,,,
100722662,Crashes_2010_2019_MPO,2015-01-15,2015,36.03325,-86.7818,True,0,0,0,,,,,,,,
100722515,Crashes_2010_2019_MPO,2015-01-15,2015,35.9954,-86.79748,True,0,0,1,,,,,,,,
100722355,Crashes_2010_2019_MPO,2015-01-15,2015,36.05325,-86.70495,False,0,0,0,,,,,,,,
100722451,Crashes_2010_2019_MPO,2015-01-15,2015,36.04643,-86.71348,False,0,0,0,,,,,,,,
100723056,Crashes_2010_2019_MPO,2015-01-16,2015,35.98939,-86.79981,True,0,0,0,,,,,,,,
100722952,Crashes_2010_2019_MPO,2015-01-16,2015,35.93222,-86.79411,False,0,0,0,,,,,,,,
100723315,Crashes_2010_2019_MPO,2015-01-16,2015,35.94531,-86.82307,False,0,1,0,,,,,,,,
100723114,Crashes_2010_2019_MPO,2015-01-16,2015,35.96654,-86.81,True,0,0,0,,,,,,,,
100723712,Crashes_2010_2019_MPO,2015-01-16,2015,36.04345,-86.74539,False,0,0,0,,,,,,,,
100723201,Crashes_2010_2019_MPO,2015-01-16,2015,35.99723,-86.79684,True,0,0,0,,,,,,,,
100723153,Crashes_2010_2019_MPO,2015-01-16,2015,35.94113,-86.83624,False,0,0,0,,,,,,,,
100723134,Crashes_2010_2019_MPO,2015-01-16,2015,35.93118,-86.86345,False,0,0,0,,,,,,,,
100723202,Crashes_2010_2019_MPO,2015-01-16,2015,36.04701,-86.86298,False,0,0,0,,,,,,,,
100723198,Crashes_2010_2019_MPO,2015-01-16,2015,36.04573,-86.70923,False,0,0,0,,,,,,,,
100723170,Crashes_2010_2019_MPO,2015-01-16,2015,36.04542,-86.71317,False,0,0,0,,,,,,,,
100728493,Crashes_2010_2019_MPO,2015-01-16,2015,35.94426,-86.82182,False,0,1,0,,,,,,,,
100723613,Crashes_2010_2019_MPO,2015-01-17,2015,35.95219,-86.81863,False,0,0,0,,,,,,,,
100723623,Crashes_2010_2019_MPO,2015-01-17,2015,35.95617,-86.78077,True,0,0,0,,,,,,,,
100723898,Crashes_2010_2019_MPO,2015-01-17,2015,36.02586,-86.71299,False,0,0,0,,,,,,,,
100723886,Crashes_2010_2019_MPO,2015-01-17,2015,35.94609,-86.82344,False,0,0,0,,,,,,,,
100723879,Crashes_2010_2019_MPO,2015-01-17,2015,35.9609,-86.81235,False,0,0,0,,,,,,,,
100723367,Crashes_2010_2019_MPO,2015-01-17,2015,36.01783,-86.84888,True,0,0,0,,,,,,,,
100723461,Crashes_2010_2019_MPO,2015-01-17,2015,35.95229,-86.81924,False,0,0,0,,,,,,,,
100723421,Crashes_2010_2019_MPO,2015-01-17,2015,36.04977,-86.6906,False,0,0,0,,,,,,,,
100723939,Crashes_2010_2019_MPO,2015-01-18,2015,36.04177,-86.81624,False,0,0,0,,,,,,,,
100724020,Crashes_2010_2019_MPO,2015-01-18,2015,36.00257,-86.77249,True,0,0,0,,,,,,,,
100723923,Crashes_2010_2019_MPO,2015-01-18,2015,35.95639,-86.84405,False,0,0,0,,,,,,,,
100724724,Crashes_2010_2019_MPO,2015-01-18,2015,35.9375,-86.82193,False,0,0,0,,,,,,,,
100724106,Crashes_2010_2019_MPO,2015-01-18,2015,35.94851,-86.81971,False,0,0,0,,,,,,,,
100723831,Crashes_2010_2019_MPO,2015-01-18,2015,35.96666,-86.80919,True,0,0,0,,,,,,,,
100724517,Crashes_2010_2019_MPO,2015-01-19,2015,35.92304,-86.81684,False,0,0,0,,,,,,,,
100724562,Crashes_2010_2019_MPO,2015-01-19,2015,35.92547,-86.87275,False,0,0,0,,,,,,,,
100724554,Crashes_2010_2019_MPO,2015-01-19,2015,36.04272,-86.71303,False,0,0,0,,,,,,,,
100724518,Crashes_2010_2019_MPO,2015-01-19,2015,35.92388,-86.87863,False,0,0,0,,,,,,,,
100726567,Crashes_2010_2019_MPO,2015-01-19,2015,35.96812,-86.80773,True,0,0,0,,,,,,,,
100724404,Crashes_2010_2019_MPO,2015-01-19,2015,35.96701,-86.8111,True,0,0,0,,,,,,,,
100724561,Crashes_2010_2019_MPO,2015-01-19,2015,35.94761,-86.81992,False,0,0,0,,,,,,,,
100724552,Crashes_2010_2019_MPO,2015-01-19,2015,35.96628,-86.80742,True,0,0,0,,,,,,,,
100724448,Crashes_2010_2019_MPO,2015-01-19,2015,36.03735,-86.78656,False,0,0,0,,,,,,,,
100724516,Crashes_2010_2019_MPO,2015-01-19,2015,35.95877,-86.80215,False,0,0,0,,,,,,,,
100724415,Crashes_2010_2019_MPO,2015-01-19,2015,35.94371,-86.82013,False,0,0,0,,,,,,,,
100724515,Crashes_2010_2019_MPO,2015-01-19,2015,35.93041,-86.86403,False,0,0,0,,,,,,,,
100724365,Crashes_2010_2019_MPO,2015-01-19,2015,35.93548,-86.82349,False,0,0,0,,,,,,,,
100724396,Crashes_2010_2019_MPO,2015-01-19,2015,35.96098,-86.81391,False,0,0,0,,,,,,,,
100724985,Crashes_2010_2019_MPO,2015-01-20,2015,35.97526,-86.83097,True,0,0,0,,,,,,,,
100724778,Crashes_2010_2019_MPO,2015-01-20,2015,36.0403,-86.74507,False,0,0,0,,,,,,,,
100726559,Crashes_2010_2019_MPO,2015-01-20,2015,36.03142,-86.78349,True,0,0,0,,,,,,,,
100725030,Crashes_2010_2019_MPO,2015-01-20,2015,36.03336,-86.78872,True,0,0,0,,,,,,,,
100724782,Crashes_2010_2019_MPO,2015-01-20,2015,35.97764,-86.77681,True,0,0,0,,,,,,,,
100724995,Crashes_2010_2019_MPO,2015-01-20,2015,35.9229,-86.86941,False,0,0,0,,,,,,,,
100724790,Crashes_2010_2019_MPO,2015-01-20,2015,36.03482,-86.78815,True,0,0,0,,,,,,,,
100727300,Crashes_2010_2019_MPO,2015-01-20,2015,36.0402,-86.74478,False,0,0,0,,,,,,,,
100724994,Crashes_2010_2019_MPO,2015-01-20,2015,35.92648,-86.82526,False,0,0,0,,,,,,,,
100724842,Crashes_2010_2019_MPO,2015-01-20,2015,36.03912,-86.7837,False,0,0,0,,,,,,,,
100724773,Crashes_2010_2019_MPO,2015-01-20,2015,35.94038,-86.83912,False,0,0,0,,,,,,,,
100724706,Crashes_2010_2019_MPO,2015-01-20,2015,36.03969,-86.78126,False,0,0,0,,,,,,,,
100724702,Crashes_2010_2019_MPO,2015-01-20,2015,35.96667,-86.80917,True,0,0,0,,,,,,,,
100725478,Crashes_2010_2019_MPO,2015-01-21,2015,35.95214,-86.81803,False,0,0,0,,,,,,,,
100725507,Crashes_2010_2019_MPO,2015-01-21,2015,36.03894,-86.7825,False,0,0,0,,,,,,,,
100725477,Crashes_2010_2019_MPO,2015-01-21,2015,35.95204,-86.81806,False,0,0,0,,,,,,,,
100725712,Crashes_2010_2019_MPO,2015-01-21,2015,36.03172,-86.78345,True,0,0,0,,,,,,,,
100725397,Crashes_2010_2019_MPO,2015-01-21,2015,36.04693,-86.67982,False,0,0,0,,,,,,,,
100725446,Crashes_2010_2019_MPO,2015-01-21,2015,36.04549,-86.70423,False,0,0,0,,,,,,,,
100725371,Crashes_2010_2019_MPO,2015-01-21,2015,36.01778,-86.81695,True,0,0,0,,,,,,,,
100725177,Crashes_2010_2019_MPO,2015-01-21,2015,35.97332,-86.83308,True,0,0,0,,,,,,,,
100725202,Crashes_2010_2019_MPO,2015-01-21,2015,36.02696,-86.75653,False,0,0,0,,,,,,,,
100725889,Crashes_2010_2019_MPO,2015-01-22,2015,35.99944,-86.69345,False,0,0,0,,,,,,,,
100725910,Crashes_2010_2019_MPO,2015-01-22,2015,35.92946,-86.84337,False,0,0,0,,,,,,,,
100725806,Crashes_2010_2019_MPO,2015-01-22,2015,35.98964,-86.77782,True,0,0,0,,,,,,,,
100725795,Crashes_2010_2019_MPO,2015-01-22,2015,36.05322,-86.71496,False,0,0,0,,,,,,,,
100726009,Crashes_2010_2019_MPO,2015-01-22,2015,35.97676,-86.76806,True,0,0,0,,,,,,,,
100725876,Crashes_2010_2019_MPO,2015-01-22,2015,36.03187,-86.78343,True,0,0,0,,,,,,,,
100725659,Crashes_2010_2019_MPO,2015-01-22,2015,35.97088,-86.77404,True,0,0,0,,,,,,,,
100725621,Crashes_2010_2019_MPO,2015-01-22,2015,36.04533,-86.71758,False,0,0,0,,,,,,,,
100725643,Crashes_2010_2019_MPO,2015-01-22,2015,36.01393,-86.71916,False,0,0,0,,,,,,,,
100725701,Crashes_2010_2019_MPO,2015-01-22,2015,36.03971,-86.76267,False,0,0,0,,,,,,,,
100726680,Crashes_2010_2019_MPO,2015-01-23,2015,36.03305,-86.71288,False,0,0,0,,,,,,,,
100726473,Crashes_2010_2019_MPO,2015-01-23,2015,36.03276,-86.78655,True,0,0,0,,,,,,,,
100726593,Crashes_2010_2019_MPO,2015-01-23,2015,36.04526,-86.71709,False,0,0,0,,,,,,,,
100726679,Crashes_2010_2019_MPO,2015-01-23,2015,36.05469,-86.74149,False,0,0,0,,,,,,,,
100726913,Crashes_2010_2019_MPO,2015-01-23,2015,35.94787,-86.81962,False,0,0,0,,,,,,,,
100726516,Crashes_2010_2019_MPO,2015-01-23,2015,35.96572,-86.80097,True,0,0,0,,,,,,,,
100726544,Crashes_2010_2019_MPO,2015-01-23,2015,35.96654,-86.80461,True,0,0,0,,,,,,,,
100726233,Crashes_2010_2019_MPO,2015-01-23,2015,35.95084,-86.81864,False,0,0,0,,,,,,,,
100726600,Crashes_2010_2019_MPO,2015-01-23,2015,35.93223,-86.79424,False,0,0,0,,,,,,,,
100726480,Crashes_2010_2019_MPO,2015-01-23,2015,36.02342,-86.68807,False,0,0,0,,,,,,,,
100726597,Crashes_2010_2019_MPO,2015-01-23,2015,36.03442,-86.802437,True,0,0,0,,,,,,,,
100726596,Crashes_2010_2019_MPO,2015-01-23,2015,36.0406,-86.77979,False,0,0,0,,,,,,,,
100726326,Crashes_2010_2019_MPO,2015-01-23,2015,35.95525,-86.81164,False,0,0,0,,,,,,,,
100726327,Crashes_2010_2019_MPO,2015-01-23,2015,35.96917,-86.82615,False,0,0,0,,,,,,,,
100726322,Crashes_2010_2019_MPO,2015-01-23,2015,36.03402,-86.75881,False,0,0,0,,,,,,,,
100726681,Crashes_2010_2019_MPO,2015-01-23,2015,36.04247,-86.71301,False,0,0,0,,,,,,,,
100726451,Crashes_2010_2019_MPO,2015-01-23,2015,36.03694,-86.80194,True,0,0,0,,,,,,,,
100726519,Crashes_2010_2019_MPO,2015-01-23,2015,36.04014,-86.78088,False,0,0,0,,,,,,,,
100726387,Crashes_2010_2019_MPO,2015-01-23,2015,35.96312,-86.81899,True,0,0,0,,,,,,,,
100726389,Crashes_2010_2019_MPO,2015-01-23,2015,36.03261,-86.76921,False,0,0,0,,,,,,,,
100726635,Crashes_2010_2019_MPO,2015-01-23,2015,36.04554,-86.70499,False,0,0,0,,,,,,,,
100726657,Crashes_2010_2019_MPO,2015-01-23,2015,36.03735,-86.78656,False,0,0,0,,,,,,,,
100726883,Crashes_2010_2019_MPO,2015-01-24,2015,36.03057,-86.75136,False,0,0,0,,,,,,,,
100727898,Crashes_2010_2019_MPO,2015-01-24,2015,35.93662,-86.6949,False,0,0,0,,,,,,,,
100727058,Crashes_2010_2019_MPO,2015-01-24,2015,35.94428,-86.81993,False,0,0,0,,,,,,,,
100726916,Crashes_2010_2019_MPO,2015-01-24,2015,36.04455,-86.69268,False,0,0,0,,,,,,,,
100727201,Crashes_2010_2019_MPO,2015-01-24,2015,36.04205,-86.83497,False,0,0,0,,,,,,,,
100726864,Crashes_2010_2019_MPO,2015-01-24,2015,35.93745,-86.77001,False,0,0,0,,,,,,,,
100727310,Crashes_2010_2019_MPO,2015-01-24,2015,35.95932,-86.8187,True,0,0,0,,,,,,,,
100726990,Crashes_2010_2019_MPO,2015-01-24,2015,35.96661,-86.8112,True,0,0,0,,,,,,,,
100727035,Crashes_2010_2019_MPO,2015-01-24,2015,35.99788,-86.79948,True,0,0,0,,,,,,,,
100726858,Crashes_2010_2019_MPO,2015-01-24,2015,36.05234,-86.68347,False,0,0,0,,,,,,,,
100727270,Crashes_2010_2019_MPO,2015-01-24,2015,36.02689,-86.7923,True,0,0,0,,,,,,,,
100726899,Crashes_2010_2019_MPO,2015-01-24,2015,36.0423,-86.78226,False,0,0,0,,,,,,,,
100726915,Crashes_2010_2019_MPO,2015-01-24,2015,35.94726,-86.81967,False,0,0,0,,,,,,,,
100726914,Crashes_2010_2019_MPO,2015-01-24,2015,35.94842,-86.81971,False,0,0,0,,,,,,,,
100728030,Crashes_2010_2019_MPO,2015-01-25,2015,35.94477,-86.82295,False,0,0,0,,,,,,,,
100727405,Crashes_2010_2019_MPO,2015-01-25,2015,36.03987,-86.74097,False,0,0,0,,,,,,,,
100727471,Crashes_2010_2019_MPO,2015-01-25,2015,36.02337,-86.68768,False,0,0,0,,,,,,,,
100727612,Crashes_2010_2019_MPO,2015-01-25,2015,36.04112,-86.77668,False,0,0,0,,,,,,,,
100727265,Crashes_2010_2019_MPO,2015-01-25,2015,36.04817,-86.71645,False,0,0,0,,,,,,,,
100727399,Crashes_2010_2019_MPO,2015-01-25,2015,36.04732,-86.86273,False,0,0,0,,,,,,,,
100727411,Crashes_2010_2019_MPO,2015-01-25,2015,35.9929,-86.82878,True,0,0,0,,,,,,,,
100728152,Crashes_2010_2019_MPO,2015-01-26,2015,36.05155,-86.71425,False,0,0,0,,,,,,,,
100727958,Crashes_2010_2019_MPO,2015-01-26,2015,36.02083,-86.71087,False,0,0,0,,,,,,,,
100728137,Crashes_2010_2019_MPO,2015-01-26,2015,36.04025,-86.81639,False,0,0,0,,,,,,,,
100728085,Crashes_2010_2019_MPO,2015-01-26,2015,35.97176,-86.67843,False,0,0,0,,,,,,,,
100727995,Crashes_2010_2019_MPO,2015-01-26,2015,35.92974,-86.85584,False,0,0,0,,,,,,,,
100727996,Crashes_2010_2019_MPO,2015-01-26,2015,36.03552,-86.78747,True,0,0,0,,,,,,,,
100727987,Crashes_2010_2019_MPO,2015-01-26,2015,36.03894,-86.7825,False,0,0,0,,,,,,,,
100727846,Crashes_2010_2019_MPO,2015-01-26,2015,35.94354,-86.81548,False,0,0,0,,,,,,,,
100727772,Crashes_2010_2019_MPO,2015-01-26,2015,35.94681,-86.85146,False,0,0,0,,,,,,,,
100728143,Crashes_2010_2019_MPO,2015-01-26,2015,36.03729,-86.78699,False,0,0,0,,,,,,,,
100728293,Crashes_2010_2019_MPO,2015-01-27,2015,36.01012,-86.68122,False,0,0,1,,,,,,,,
100728360,Crashes_2010_2019_MPO,2015-01-27,2015,36.03751,-86.78652,False,0,0,0,,,,,,,,
100728284,Crashes_2010_2019_MPO,2015-01-27,2015,35.93461,-86.82007,False,0,0,0,,,,,,,,
100728412,Crashes_2010_2019_MPO,2015-01-27,2015,35.92923,-86.82442,False,0,0,0,,,,,,,,
100728161,Crashes_2010_2019_MPO,2015-01-27,2015,35.97362,-86.83288,True,0,0,0,,,,,,,,
100728449,Crashes_2010_2019_MPO,2015-01-27,2015,35.9529,-86.807,False,0,0,0,,,,,,,,
100728513,Crashes_2010_2019_MPO,2015-01-27,2015,36.03983,-86.78106,False,0,0,0,,,,,,,,
100728431,Crashes_2010_2019_MPO,2015-01-27,2015,36.0413,-86.77856,False,0,0,0,,,,,,,,
100728134,Crashes_2010_2019_MPO,2015-01-27,2015,35.99893,-86.80771,True,0,0,0,,,,,,,,
100728177,Crashes_2010_2019_MPO,2015-01-27,2015,36.04151,-86.77088,False,0,1,0,,,,,,,,
100728840,Crashes_2010_2019_MPO,2015-01-28,2015,35.97921,-86.85088,False,0,0,0,,,,,,,,
100728813,Crashes_2010_2019_MPO,2015-01-28,2015,35.94523,-86.8772,False,0,0,0,,,,,,,,
100728789,Crashes_2010_2019_MPO,2015-01-28,2015,35.99144,-86.68372,False,0,0,0,,,,,,,,
100729560,Crashes_2010_2019_MPO,2015-01-28,2015,35.95373,-86.84618,False,0,0,0,,,,,,,,
100732091,Crashes_2010_2019_MPO,2015-01-28,2015,36.03066,-86.78358,True,0,0,0,,,,,,,,
100728842,Crashes_2010_2019_MPO,2015-01-28,2015,36.03872,-86.73094,False,0,0,0,,,,,,,,