record_no,source_layer,collision_ts,crash_year,latitude,longitude,in_city,fatalities,non_motorists,truck_involved,serious_injuries,pedestrian,bicycle,crash_type,manner_of_collision,lighting,weather,first_harmful_event
100729561,Crashes_2010_2019_MPO,2015-01-28,2015,35.94827,-86.80756,False,0,0,0,,,,,,,,
100728802,Crashes_2010_2019_MPO,2015-01-28,2015,35.94687,-86.82178,False,0,0,0,,,,,,,,
100728806,Crashes_2010_2019_MPO,2015-01-28,2015,36.03735,-86.78656,False,0,0,0,,,,,,,,
100729064,Crashes_2010_2019_MPO,2015-01-28,2015,35.99002,-86.74509,True,0,0,0,,,,,,,,
100728711,Crashes_2010_2019_MPO,2015-01-28,2015,35.93283,-86.8774,False,0,0,0,,,,,,,,
100728815,Crashes_2010_2019_MPO,2015-01-28,2015,36.03756,-86.79334,False,0,0,0,,,,,,,,
100728852,Crashes_2010_2019_MPO,2015-01-28,2015,35.94678,-86.80865,False,0,0,0,,,,,,,,
100730219,Crashes_2010_2019_MPO,2015-01-28,2015,35.98555,-86.73238,True,0,0,0,,,,,,,,
100728801,Crashes_2010_2019_MPO,2015-01-28,2015,35.9337,-86.81769,False,0,0,0,,,,,,,,
100728772,Crashes_2010_2019_MPO,2015-01-28,2015,36.04542,-86.71317,False,0,0,0,,,,,,,,
100730325,Crashes_2010_2019_MPO,2015-01-28,2015,35.92721,-86.73848,False,0,0,0,,,,,,,,
100728726,Crashes_2010_2019_MPO,2015-01-28,2015,36.03981,-86.78107,False,0,0,0,,,,,,,,
100728950,Crashes_2010_2019_MPO,2015-01-29,2015,35.97739,-86.72553,True,0,0,0,,,,,,,,
100729367,Crashes_2010_2019_MPO,2015-01-29,2015,36.01053,-86.7023,False,0,0,0,,,,,,,,
100729378,Crashes_2010_2019_MPO,2015-01-29,2015,36.01999,-86.74223,False,0,0,0,,,,,,,,
100729702,Crashes_2010_2019_MPO,2015-01-29,2015,36.04002,-86.78091,False,0,0,1,,,,,,,,
100729354,Crashes_2010_2019_MPO,2015-01-29,2015,35.9379,-86.82191,False,0,0,0,,,,,,,,
100729686,Crashes_2010_2019_MPO,2015-01-29,2015,35.99686,-86.68989,False,0,0,0,,,,,,,,
100729021,Crashes_2010_2019_MPO,2015-01-29,2015,36.05212,-86.69669,False,0,0,0,,,,,,,,
100731124,Crashes_2010_2019_MPO,2015-01-29,2015,35.93264,-86.87811,False,0,0,0,,,,,,,,
100729562,Crashes_2010_2019_MPO,2015-01-29,2015,35.94709,-86.83266,False,0,0,0,,,,,,,,
100729392,Crashes_2010_2019_MPO,2015-01-29,2015,35.96691,-86.81361,True,0,0,0,,,,,,,,
100729105,Crashes_2010_2019_MPO,2015-01-29,2015,35.97697,-86.77028,True,0,0,0,,,,,,,,
100729678,Crashes_2010_2019_MPO,2015-01-30,2015,36.03124,-86.78823,True,0,0,0,,,,,,,,
100729703,Crashes_2010_2019_MPO,2015-01-30,2015,35.98634,-86.70995,True,0,0,0,,,,,,,,
100730301,Crashes_2010_2019_MPO,2015-01-30,2015,36.03689,-86.78262,False,0,0,0,,,,,,,,
100730368,Crashes_2010_2019_MPO,2015-01-30,2015,36.01708,-86.78614,True,0,0,0,,,,,,,,
100730012,Crashes_2010_2019_MPO,2015-01-30,2015,36.05364,-86.71508,False,0,0,0,,,,,,,,
100729754,Crashes_2010_2019_MPO,2015-01-30,2015,35.94754,-86.82013,False,0,0,0,,,,,,,,
100729612,Crashes_2010_2019_MPO,2015-01-30,2015,35.94183,-86.84111,False,0,0,0,,,,,,,,
100730138,Crashes_2010_2019_MPO,2015-01-31,2015,35.96708,-86.81356,True,0,0,0,,,,,,,,
100730180,Crashes_2010_2019_MPO,2015-01-31,2015,35.96498,-86.8038,True,0,0,0,,,,,,,,
100730396,Crashes_2010_2019_MPO,2015-01-31,2015,35.9971,-86.69024,False,0,0,0,,,,,,,,
100730215,Crashes_2010_2019_MPO,2015-01-31,2015,36.04085,-86.71273,False,0,0,0,,,,,,,,
100730117,Crashes_2010_2019_MPO,2015-01-31,2015,35.99978,-86.69384,False,0,0,0,,,,,,,,
100731489,Crashes_2010_2019_MPO,2015-01-31,2015,35.95522,-86.84498,False,0,0,0,,,,,,,,
100730387,Crashes_2010_2019_MPO,2015-01-31,2015,35.94385,-86.8186,False,0,0,0,,,,,,,,
100730973,Crashes_2010_2019_MPO,2015-02-01,2015,36.01084,-86.78524,True,0,0,1,,,,,,,,
100730605,Crashes_2010_2019_MPO,2015-02-01,2015,35.97012,-86.72516,True,0,0,0,,,,,,,,
100730585,Crashes_2010_2019_MPO,2015-02-01,2015,36.02614,-86.7352,False,0,0,0,,,,,,,,
100731490,Crashes_2010_2019_MPO,2015-02-01,2015,35.92598,-86.82046,False,0,0,0,,,,,,,,
100730788,Crashes_2010_2019_MPO,2015-02-01,2015,36.0319,-86.76026,False,0,0,0,,,,,,,,
100730642,Crashes_2010_2019_MPO,2015-02-01,2015,36.04376,-86.78088,False,0,0,0,,,,,,,,
100730468,Crashes_2010_2019_MPO,2015-02-01,2015,36.04299,-86.84232,False,0,0,0,,,,,,,,
100730644,Crashes_2010_2019_MPO,2015-02-01,2015,36.01257,-86.70371,False,0,0,0,,,,,,,,
100730713,Crashes_2010_2019_MPO,2015-02-01,2015,35.92947,-86.87556,False,0,0,0,,,,,,,,
100730752,Crashes_2010_2019_MPO,2015-02-01,2015,35.96453,-86.81434,False,0,0,0,,,,,,,,
100730880,Crashes_2010_2019_MPO,2015-02-01,2015,36.04234,-86.78225,False,0,0,0,,,,,,,,
100730804,Crashes_2010_2019_MPO,2015-02-01,2015,36.02562,-86.71301,False,0,0,0,,,,,,,,
100731197,Crashes_2010_2019_MPO,2015-02-02,2015,35.92391,-86.87162,False,0,0,0,,,,,,,,
100731042,Crashes_2010_2019_MPO,2015-02-02,2015,36.05484,-86.72886,False,0,0,0,,,,,,,,
100731306,Crashes_2010_2019_MPO,2015-02-02,2015,35.94804,-86.80964,False,0,0,0,,,,,,,,
100731235,Crashes_2010_2019_MPO,2015-02-02,2015,35.95979,-86.76094,True,0,0,0,,,,,,,,
100731086,Crashes_2010_2019_MPO,2015-02-02,2015,35.9782,-86.76106,True,0,0,0,,,,,,,,
100731082,Crashes_2010_2019_MPO,2015-02-02,2015,35.99662,-86.79706,True,0,0,0,,,,,,,,
100731191,Crashes_2010_2019_MPO,2015-02-02,2015,35.98087,-86.80274,True,0,0,0,,,,,,,,
100731100,Crashes_2010_2019_MPO,2015-02-02,2015,35.96665,-86.80941,True,0,0,0,,,,,,,,
100731307,Crashes_2010_2019_MPO,2015-02-02,2015,35.95098,-86.81855,False,0,0,0,,,,,,,,
100731098,Crashes_2010_2019_MPO,2015-02-02,2015,35.98418,-86.81884,True,0,0,0,,,,,,,,
100731260,Crashes_2010_2019_MPO,2015-02-02,2015,35.9953,-86.77887,True,0,0,0,,,,,,,,
100732083,Crashes_2010_2019_MPO,2015-02-03,2015,35.94707,-86.8219,False,0,0,0,,,,,,,,
100731720,Crashes_2010_2019_MPO,2015-02-03,2015,36.0417,-86.74862,False,0,0,0,,,,,,,,
100733547,Crashes_2010_2019_MPO,2015-02-03,2015,35.97835,-86.80338,True,0,0,0,,,,,,,,
100731678,Crashes_2010_2019_MPO,2015-02-03,2015,35.92902,-86.84798,False,0,0,0,,,,,,,,
100731756,Crashes_2010_2019_MPO,2015-02-03,2015,35.96536,-86.79757,True,0,0,0,,,,,,,,
100731679,Crashes_2010_2019_MPO,2015-02-03,2015,35.96489,-86.80886,False,0,0,0,,,,,,,,
100732052,Crashes_2010_2019_MPO,2015-02-03,2015,35.94592,-86.80683,False,0,1,0,,,,,,,,
100731557,Crashes_2010_2019_MPO,2015-02-03,2015,35.97176,-86.70097,True,0,0,0,,,,,,,,
100732095,Crashes_2010_2019_MPO,2015-02-04,2015,35.95085,-86.80667,False,0,0,0,,,,,,,,
100732543,Crashes_2010_2019_MPO,2015-02-04,2015,35.93342,-86.81563,False,0,0,0,,,,,,,,
100732413,Crashes_2010_2019_MPO,2015-02-04,2015,35.97107,-86.67836,False,0,0,0,,,,,,,,
100735168,Crashes_2010_2019_MPO,2015-02-04,2015,36.03922,-86.78243,False,0,0,0,,,,,,,,
100732269,Crashes_2010_2019_MPO,2015-02-04,2015,35.98398,-86.69814,True,0,0,0,,,,,,,,
100732370,Crashes_2010_2019_MPO,2015-02-04,2015,36.03789,-86.79779,False,0,0,0,,,,,,,,
100732271,Crashes_2010_2019_MPO,2015-02-04,2015,36.04152,-86.78247,False,0,0,0,,,,,,,,
100732316,Crashes_2010_2019_MPO,2015-02-04,2015,36.04031,-86.86882,True,0,0,0,,,,,,,,
100732395,Crashes_2010_2019_MPO,2015-02-04,2015,36.04545,-86.7036,False,0,0,0,,,,,,,,
100732013,Crashes_2010_2019_MPO,2015-02-04,2015,35.94021,-86.6777,False,0,0,0,,,,,,,,
100732282,Crashes_2010_2019_MPO,2015-02-04,2015,36.0319,-86.71269,False,0,0,0,,,,,,,,
100732818,Crashes_2010_2019_MPO,2015-02-04,2015,36.0124,-86.70359,False,0,0,0,,,,,,,,
100732191,Crashes_2010_2019_MPO,2015-02-04,2015,35.93223,-86.79415,False,0,0,0,,,,,,,,
100732062,Crashes_2010_2019_MPO,2015-02-04,2015,36.03896,-86.70448,False,0,0,0,,,,,,,,
100732588,Crashes_2010_2019_MPO,2015-02-04,2015,35.93738,-86.87838,False,0,0,0,,,,,,,,
100732839,Crashes_2010_2019_MPO,2015-02-05,2015,35.95102,-86.80785,False,0,0,0,,,,,,,,
100732850,Crashes_2010_2019_MPO,2015-02-05,2015,36.04559,-86.71142,False,0,0,0,,,,,,,,
100732915,Crashes_2010_2019_MPO,2015-02-05,2015,36.02942,-86.74402,False,0,0,0,,,,,,,,
100732840,Crashes_2010_2019_MPO,2015-02-05,2015,35.96072,-86.81565,False,0,0,0,,,,,,,,
100732819,Crashes_2010_2019_MPO,2015-02-05,2015,36.03319,-86.77583,False,0,0,0,,,,,,,,
100732620,Crashes_2010_2019_MPO,2015-02-05,2015,36.0452,-86.69991,False,0,0,0,,,,,,,,
100732846,Crashes_2010_2019_MPO,2015-02-05,2015,36.03202,-86.78341,True,0,0,0,,,,,,,,
100732600,Crashes_2010_2019_MPO,2015-02-05,2015,35.93204,-86.80158,False,0,0,0,,,,,,,,
100732779,Crashes_2010_2019_MPO,2015-02-05,2015,35.99135,-86.7876,True,0,0,0,,,,,,,,
100733042,Crashes_2010_2019_MPO,2015-02-06,2015,35.97102,-86.72644,True,0,0,0,,,,,,,,
100733472,Crashes_2010_2019_MPO,2015-02-06,2015,36.02551,-86.71302,False,0,0,0,,,,,,,,
100734079,Crashes_2010_2019_MPO,2015-02-06,2015,36.01272,-86.8009,True,0,0,0,,,,,,,,
100733119,Crashes_2010_2019_MPO,2015-02-06,2015,36.04224,-86.78228,False,0,0,0,,,,,,,,
100734014,Crashes_2010_2019_MPO,2015-02-06,2015,35.9583,-86.80229,False,0,0,0,,,,,,,,
100733379,Crashes_2010_2019_MPO,2015-02-06,2015,36.03336,-86.78872,True,0,0,0,,,,,,,,
100733301,Crashes_2010_2019_MPO,2015-02-06,2015,35.94691,-86.8525,False,0,0,0,,,,,,,,
100733394,Crashes_2010_2019_MPO,2015-02-06,2015,36.04001,-86.74349,False,0,0,0,,,,,,,,
100733377,Crashes_2010_2019_MPO,2015-02-06,2015,36.03698,-86.78667,False,0,0,0,,,,,,,,
100734015,Crashes_2010_2019_MPO,2015-02-06,2015,35.9514,-86.8183,False,0,0,0,,,,,,,,
100733390,Crashes_2010_2019_MPO,2015-02-06,2015,36.03283,-86.79724,True,0,0,0,,,,,,,,
100733865,Crashes_2010_2019_MPO,2015-02-07,2015,35.94689,-86.85175,False,0,0,0,,,,,,,,
100733786,Crashes_2010_2019_MPO,2015-02-07,2015,35.92899,-86.82446,False,0,0,0,,,,,,,,
100734725,Crashes_2010_2019_MPO,2015-02-07,2015,35.97868,-86.8035,True,0,0,0,,,,,,,,
100733736,Crashes_2010_2019_MPO,2015-02-07,2015,36.02819,-86.79157,True,0,0,0,,,,,,,,
100733821,Crashes_2010_2019_MPO,2015-02-07,2015,35.97531,-86.80468,True,0,0,0,,,,,,,,
100734197,Crashes_2010_2019_MPO,2015-02-07,2015,35.94632,-86.8236,False,0,0,0,,,,,,,,
100733701,Crashes_2010_2019_MPO,2015-02-07,2015,36.05256,-86.68748,False,0,0,0,,,,,,,,
100733992,Crashes_2010_2019_MPO,2015-02-07,2015,35.96054,-86.75354,True,0,0,0,,,,,,,,
100734680,Crashes_2010_2019_MPO,2015-02-07,2015,35.97101,-86.80616,True,0,0,0,,,,,,,,
100734034,Crashes_2010_2019_MPO,2015-02-07,2015,36.0406,-86.77106,False,0,0,0,,,,,,,,
100734026,Crashes_2010_2019_MPO,2015-02-07,2015,36.00245,-86.83728,False,0,0,0,,,,,,,,
100735301,Crashes_2010_2019_MPO,2015-02-07,2015,36.03955,-86.78132,False,0,0,0,,,,,,,,
100735082,Crashes_2010_2019_MPO,2015-02-07,2015,36.04084,-86.77935,False,0,0,0,,,,,,,,
100733685,Crashes_2010_2019_MPO,2015-02-07,2015,36.04674,-86.71351,False,0,0,0,,,,,,,,
100734061,Crashes_2010_2019_MPO,2015-02-08,2015,35.94713,-86.85163,False,0,0,0,,,,,,,,
100734058,Crashes_2010_2019_MPO,2015-02-08,2015,36.01035,-86.78539,True,0,0,0,,,,,,,,
100734681,Crashes_2010_2019_MPO,2015-02-08,2015,36.00882,-86.78042,True,0,0,0,,,,,,,,
100734789,Crashes_2010_2019_MPO,2015-02-09,2015,36.00926,-86.69827,False,0,0,0,,,,,,,,
100735166,Crashes_2010_2019_MPO,2015-02-09,2015,35.99782,-86.7989,True,0,0,0,,,,,,,,
100734639,Crashes_2010_2019_MPO,2015-02-09,2015,35.96671,-86.80985,True,0,0,0,,,,,,,,
100734446,Crashes_2010_2019_MPO,2015-02-09,2015,35.97789,-86.78731,True,0,0,0,,,,,,,,
100734458,Crashes_2010_2019_MPO,2015-02-09,2015,36.04039,-86.81684,False,0,0,0,,,,,,,,
100735084,Crashes_2010_2019_MPO,2015-02-09,2015,36.04025,-86.81639,False,0,0,0,,,,,,,,
100734647,Crashes_2010_2019_MPO,2015-02-09,2015,36.02469,-86.78356,True,0,0,0,,,,,,,,
100734663,Crashes_2010_2019_MPO,2015-02-09,2015,36.0333,-86.77802,True,0,0,0,,,,,,,,
100735103,Crashes_2010_2019_MPO,2015-02-09,2015,36.0454,-86.71336,False,0,0,0,,,,,,,,
100734682,Crashes_2010_2019_MPO,2015-02-09,2015,35.97316,-86.83087,True,0,0,0,,,,,,,,
100734650,Crashes_2010_2019_MPO,2015-02-09,2015,36.01559,-86.8191,True,0,0,0,,,,,,,,
100734793,Crashes_2010_2019_MPO,2015-02-09,2015,35.96194,-86.70992,True,0,0,0,,,,,,,,
100734683,Crashes_2010_2019_MPO,2015-02-09,2015,35.97916,-86.77098,True,0,0,0,,,,,,,,
100734584,Crashes_2010_2019_MPO,2015-02-09,2015,35.92544,-86.8728,False,0,0,0,,,,,,,,
100734990,Crashes_2010_2019_MPO,2015-02-10,2015,35.92641,-86.82446,False,0,0,0,,,,,,,,
100735254,Crashes_2010_2019_MPO,2015-02-10,2015,35.9498,-86.81328,False,0,0,0,,,,,,,,
100735068,Crashes_2010_2019_MPO,2015-02-10,2015,35.9455,-86.80504,False,0,0,0,,,,,,,,
100735277,Crashes_2010_2019_MPO,2015-02-10,2015,36.03409,-86.7883,True,0,0,0,,,,,,,,
100735104,Crashes_2010_2019_MPO,2015-02-10,2015,36.04568,-86.7101,False,0,0,0,,,,,,,,
100735253,Crashes_2010_2019_MPO,2015-02-10,2015,35.94746,-86.82035,False,0,0,0,,,,,,,,
100735853,Crashes_2010_2019_MPO,2015-02-10,2015,35.92651,-86.86625,False,0,0,0,,,,,,,,
100735252,Crashes_2010_2019_MPO,2015-02-10,2015,35.92952,-86.8647,False,0,0,0,,,,,,,,
100735124,Crashes_2010_2019_MPO,2015-02-10,2015,36.01443,-86.78141,True,0,0,1,,,,,,,,
100735151,Crashes_2010_2019_MPO,2015-02-10,2015,35.95184,-86.74151,True,0,0,0,,,,,,,,
100735302,Crashes_2010_2019_MPO,2015-02-10,2015,36.03741,-86.79145,False,0,0,0,,,,,,,,
100735799,Crashes_2010_2019_MPO,2015-02-11,2015,35.9649,-86.81421,False,0,0,0,,,,,,,,
100735715,Crashes_2010_2019_MPO,2015-02-11,2015,35.9568,-86.80337,False,0,0,0,,,,,,,,
100735797,Crashes_2010_2019_MPO,2015-02-11,2015,35.96671,-86.81367,True,0,0,0,,,,,,,,
100735466,Crashes_2010_2019_MPO,2015-02-11,2015,35.99657,-86.79708,True,0,0,0,,,,,,,,
100735685,Crashes_2010_2019_MPO,2015-02-11,2015,35.96708,-86.81354,True,0,0,0,,,,,,,,
100735434,Crashes_2010_2019_MPO,2015-02-11,2015,36.00346,-86.698,False,0,0,0,,,,,,,,
100735407,Crashes_2010_2019_MPO,2015-02-11,2015,36.03828,-86.80078,False,0,0,0,,,,,,,,
100735474,Crashes_2010_2019_MPO,2015-02-11,2015,36.03342,-86.71294,False,0,0,0,,,,,,,,
100735702,Crashes_2010_2019_MPO,2015-02-11,2015,35.96706,-86.81344,True,0,0,0,,,,,,,,
100737320,Crashes_2010_2019_MPO,2015-02-11,2015,36.03934,-86.78161,False,0,0,0,,,,,,,,
100735428,Crashes_2010_2019_MPO,2015-02-11,2015,36.04885,-86.86834,False,0,0,0,,,,,,,,
100736240,Crashes_2010_2019_MPO,2015-02-12,2015,35.95902,-86.81609,False,0,0,0,,,,,,,,
100736135,Crashes_2010_2019_MPO,2015-02-12,2015,35.9325,-86.86245,False,0,0,0,,,,,,,,
100736292,Crashes_2010_2019_MPO,2015-02-12,2015,36.031303,-86.790381,True,0,0,0,,,,,,,,
100736336,Crashes_2010_2019_MPO,2015-02-12,2015,35.92928,-86.87582,False,0,0,0,,,,,,,,
100737034,Crashes_2010_2019_MPO,2015-02-12,2015,36.036736,-86.80559,True,0,0,0,,,,,,,,
100736251,Crashes_2010_2019_MPO,2015-02-12,2015,36.01413,-86.7853,True,0,0,0,,,,,,,,
100736058,Crashes_2010_2019_MPO,2015-02-12,2015,35.96538,-86.81421,False,0,0,0,,,,,,,,
100736223,Crashes_2010_2019_MPO,2015-02-12,2015,36.02264,-86.68054,False,0,0,0,,,,,,,,
100736034,Crashes_2010_2019_MPO,2015-02-12,2015,35.93509,-86.82582,False,0,0,0,,,,,,,,
100736207,Crashes_2010_2019_MPO,2015-02-12,2015,35.9962,-86.79746,True,0,0,0,,,,,,,,
100735940,Crashes_2010_2019_MPO,2015-02-12,2015,36.05244,-86.74307,False,0,0,1,,,,,,,,
100736513,Crashes_2010_2019_MPO,2015-02-12,2015,35.93491,-86.77707,False,0,0,0,,,,,,,,
100736400,Crashes_2010_2019_MPO,2015-02-12,2015,36.03919,-86.71287,False,0,0,0,,,,,,,,
100736221,Crashes_2010_2019_MPO,2015-02-12,2015,36.00882,-86.78606,True,0,0,0,,,,,,,,
100736127,Crashes_2010_2019_MPO,2015-02-12,2015,36.04684,-86.71352,False,0,1,0,,,,,,,,
100737417,Crashes_2010_2019_MPO,2015-02-13,2015,36.01015,-86.87859,False,0,0,0,,,,,,,,
100736631,Crashes_2010_2019_MPO,2015-02-13,2015,35.94784,-86.81975,False,0,0,0,,,,,,,,
100736535,Crashes_2010_2019_MPO,2015-02-13,2015,36.03732,-86.78587,False,0,0,0,,,,,,,,
100736503,Crashes_2010_2019_MPO,2015-02-13,2015,36.03796,-86.78641,False,0,0,0,,,,,,,,
100736818,Crashes_2010_2019_MPO,2015-02-13,2015,36.04715,-86.86209,False,0,0,0,,,,,,,,
100736615,Crashes_2010_2019_MPO,2015-02-13,2015,36.03328,-86.7846,True,0,0,0,,,,,,,,
100736987,Crashes_2010_2019_MPO,2015-02-13,2015,35.92738,-86.86871,False,0,0,0,,,,,,,,
100736772,Crashes_2010_2019_MPO,2015-02-13,2015,35.99702,-86.69012,False,0,0,0,,,,,,,,
100736719,Crashes_2010_2019_MPO,2015-02-13,2015,35.93575,-86.83916,False,0,0,0,,,,,,,,
100737273,Crashes_2010_2019_MPO,2015-02-13,2015,36.03886,-86.70623,False,0,0,0,,,,,,,,
100737394,Crashes_2010_2019_MPO,2015-02-13,2015,35.99156,-86.79881,True,0,0,0,,,,,,,,
100737115,Crashes_2010_2019_MPO,2015-02-14,2015,35.95783,-86.80257,False,0,0,0,,,,,,,,
100737481,Crashes_2010_2019_MPO,2015-02-14,2015,35.969124,-86.807989,True,0,0,0,,,,,,,,
100738966,Crashes_2010_2019_MPO,2015-02-14,2015,36.01488,-86.7298,False,0,0,0,,,,,,,,
100737260,Crashes_2010_2019_MPO,2015-02-14,2015,36.04067,-86.7432,False,0,0,0,,,,,,,,
100737069,Crashes_2010_2019_MPO,2015-02-14,2015,36.04047,-86.76997,False,0,0,0,,,,,,,,
100737302,Crashes_2010_2019_MPO,2015-02-14,2015,35.94618,-86.80856,False,0,0,0,,,,,,,,
100737189,Crashes_2010_2019_MPO,2015-02-14,2015,36.03477,-86.68142,False,0,0,0,,,,,,,,
100752256,Crashes_2010_2019_MPO,2015-02-14,2015,36.03044,-86.74392,False,0,0,0,,,,,,,,
100753869,Crashes_2010_2019_MPO,2015-02-14,2015,36.021198,-86.737358,False,1,0,0,,,,,,,,
100737266,Crashes_2010_2019_MPO,2015-02-14,2015,36.04247,-86.71301,False,0,0,0,,,,,,,,
100736961,Crashes_2010_2019_MPO,2015-02-14,2015,35.95249,-86.81796,False,0,0,0,,,,,,,,
100737190,Crashes_2010_2019_MPO,2015-02-14,2015,36.03477,-86.68141,False,0,0,0,,,,,,,,
100737594,Crashes_2010_2019_MPO,2015-02-14,2015,36.04233,-86.713,False,0,0,0,,,,,,,,
100737635,Crashes_2010_2019_MPO,2015-02-15,2015,35.99612,-86.78525,True,0,0,0,,,,,,,,
100737548,Crashes_2010_2019_MPO,2015-02-15,2015,35.99763,-86.79489,True,0,0,0,,,,,,,,
100738186,Crashes_2010_2019_MPO,2015-02-16,2015,35.93581,-86.81814,False,0,0,0,,,,,,,,
100738268,Crashes_2010_2019_MPO,2015-02-16,2015,36.0389,-86.67745,False,0,0,0,,,,,,,,
100738175,Crashes_2010_2019_MPO,2015-02-16,2015,36.01723,-86.78619,True,0,0,0,,,,,,,,
100737982,Crashes_2010_2019_MPO,2015-02-16,2015,35.92588,-86.82162,False,0,0,1,,,,,,,,
100738395,Crashes_2010_2019_MPO,2015-02-16,2015,35.92758,-86.82104,False,0,0,0,,,,,,,,
100738072,Crashes_2010_2019_MPO,2015-02-16,2015,36.03872,-86.78255,False,0,0,0,,,,,,,,
100739017,Crashes_2010_2019_MPO,2015-02-16,2015,36.04766,-86.77603,False,0,0,0,,,,,,,,
100738049,Crashes_2010_2019_MPO,2015-02-16,2015,36.04215,-86.78204,False,0,0,0,,,,,,,,
100738184,Crashes_2010_2019_MPO,2015-02-16,2015,35.93581,-86.81814,False,0,0,0,,,,,,,,
100738967,Crashes_2010_2019_MPO,2015-02-16,2015,36.04944,-86.77572,False,0,0,0,,,,,,,,
100738247,Crashes_2010_2019_MPO,2015-02-16,2015,36.01181,-86.7851,True,0,0,0,,,,,,,,
100737778,Crashes_2010_2019_MPO,2015-02-16,2015,35.9379,-86.82191,False,0,0,0,,,,,,,,
100738394,Crashes_2010_2019_MPO,2015-02-16,2015,35.959,-86.81008,False,0,0,0,,,,,,,,
100738183,Crashes_2010_2019_MPO,2015-02-16,2015,35.93581,-86.81814,False,0,0,0,,,,,,,,
100738174,Crashes_2010_2019_MPO,2015-02-16,2015,36.03552,-86.78747,True,0,0,0,,,,,,,,
100737948,Crashes_2010_2019_MPO,2015-02-16,2015,36.01008,-86.78551,True,0,0,0,,,,,,,,
100738105,Crashes_2010_2019_MPO,2015-02-16,2015,36.0443,-86.69394,False,0,0,0,,,,,,,,
100738712,Crashes_2010_2019_MPO,2015-02-17,2015,35.93362,-86.81918,False,0,0,0,,,,,,,,
100738420,Crashes_2010_2019_MPO,2015-02-17,2015,35.9425,-86.81584,False,0,0,0,,,,,,,,
100738749,Crashes_2010_2019_MPO,2015-02-17,2015,36.03345,-86.71235,False,0,0,0,,,,,,,,
100738609,Crashes_2010_2019_MPO,2015-02-17,2015,35.95711,-86.81099,False,0,0,0,,,,,,,,
100738480,Crashes_2010_2019_MPO,2015-02-17,2015,36.04896,-86.77587,False,0,0,0,,,,,,,,
100738954,Crashes_2010_2019_MPO,2015-02-17,2015,35.99924,-86.80919,True,0,0,0,,,,,,,,
100738481,Crashes_2010_2019_MPO,2015-02-17,2015,36.04896,-86.77587,False,0,0,0,,,,,,,,
100738816,Crashes_2010_2019_MPO,2015-02-17,2015,36.0455,-86.71212,False,0,0,0,,,,,,,,
100738604,Crashes_2010_2019_MPO,2015-02-17,2015,36.03808,-86.78291,False,0,0,0,,,,,,,,
100738710,Crashes_2010_2019_MPO,2015-02-17,2015,35.9359,-86.81811,False,0,0,0,,,,,,,,
100750909,Crashes_2010_2019_MPO,2015-02-17,2015,36.04424,-86.78096,False,0,0,0,,,,,,,,
100738707,Crashes_2010_2019_MPO,2015-02-17,2015,36.02644,-86.78491,True,0,0,0,,,,,,,,
100738836,Crashes_2010_2019_MPO,2015-02-17,2015,36.05261,-86.68518,False,0,0,0,,,,,,,,
100738482,Crashes_2010_2019_MPO,2015-02-17,2015,36.04896,-86.77587,False,0,0,0,,,,,,,,
100738688,Crashes_2010_2019_MPO,2015-02-17,2015,36.01669,-86.78629,True,0,0,0,,,,,,,,
100738479,Crashes_2010_2019_MPO,2015-02-17,2015,36.05222,-86.77558,False,0,0,0,,,,,,,,
100738728,Crashes_2010_2019_MPO,2015-02-17,2015,35.93581,-86.81814,False,0,0,0,,,,,,,,
100738509,Crashes_2010_2019_MPO,2015-02-17,2015,35.94167,-86.81613,False,0,0,0,,,,,,,,
100738616,Crashes_2010_2019_MPO,2015-02-17,2015,35.93529,-86.81832,False,0,0,0,,,,,,,,
100739241,Crashes_2010_2019_MPO,2015-02-18,2015,36.03449,-86.67987,False,0,0,0,,,,,,,,
100738923,Crashes_2010_2019_MPO,2015-02-18,2015,36.04429,-86.78052,False,0,0,0,,,,,,,,
100749312,Crashes_2010_2019_MPO,2015-02-18,2015,36.05454,-86.72532,False,0,0,0,,,,,,,,
100739263,Crashes_2010_2019_MPO,2015-02-18,2015,36.03449,-86.67987,False,0,0,0,,,,,,,,
100750056,Crashes_2010_2019_MPO,2015-02-18,2015,36.03957,-86.71984,False,0,0,0,,,,,,,,
100739112,Crashes_2010_2019_MPO,2015-02-18,2015,35.96512,-86.80035,True,0,0,0,,,,,,,,
100739098,Crashes_2010_2019_MPO,2015-02-18,2015,35.99913,-86.80888,True,0,0,0,,,,,,,,
100739289,Crashes_2010_2019_MPO,2015-02-18,2015,35.92947,-86.87556,False,0,0,0,,,,,,,,
100750319,Crashes_2010_2019_MPO,2015-02-18,2015,35.96386,-86.8004,True,0,0,0,,,,,,,,
100739295,Crashes_2010_2019_MPO,2015-02-18,2015,36.03043,-86.67956,False,0,0,0,,,,,,,,
100750093,Crashes_2010_2019_MPO,2015-02-18,2015,36.03957,-86.71984,False,0,0,0,,,,,,,,
100739043,Crashes_2010_2019_MPO,2015-02-18,2015,36.04304,-86.76203,False,0,0,0,,,,,,,,
100767481,Crashes_2010_2019_MPO,2015-02-19,2015,35.94267,-86.84273,False,0,0,1,,,,,,,,
100749451,Crashes_2010_2019_MPO,2015-02-19,2015,36.03861,-86.73205,False,0,0,0,,,,,,,,
100749403,Crashes_2010_2019_MPO,2015-02-19,2015,36.01479,-86.72728,False,0,0,0,,,,,,,,
100750013,Crashes_2010_2019_MPO,2015-02-19,2015,36.01839,-86.83883,True,0,0,0,,,,,,,,
100749662,Crashes_2010_2019_MPO,2015-02-19,2015,35.96734,-86.8135,True,0,0,0,,,,,,,,
100749440,Crashes_2010_2019_MPO,2015-02-19,2015,36.0447,-86.7804,False,0,0,0,,,,,,,,
100749527,Crashes_2010_2019_MPO,2015-02-19,2015,36.04017,-86.7051,False,0,0,0,,,,,,,,
100749864,Crashes_2010_2019_MPO,2015-02-19,2015,35.95951,-86.80636,False,0,0,0,,,,,,,,
100751798,Crashes_2010_2019_MPO,2015-02-19,2015,35.94824,-86.70088,False,0,0,0,,,,,,,,