record_no,source_layer,collision_ts,crash_year,latitude,longitude,in_city,fatalities,non_motorists,truck_involved,serious_injuries,pedestrian,bicycle,crash_type,manner_of_collision,lighting,weather,first_harmful_event
100750330,Crashes_2010_2019_MPO,2015-02-19,2015,36.0417,-86.74862,False,0,0,0,,,,,,,,
100751643,Crashes_2010_2019_MPO,2015-02-19,2015,36.01375,-86.78519,True,0,0,0,,,,,,,,
100749761,Crashes_2010_2019_MPO,2015-02-19,2015,36.05231,-86.69903,False,0,0,0,,,,,,,,
100749764,Crashes_2010_2019_MPO,2015-02-19,2015,35.92551,-86.87265,False,0,0,0,,,,,,,,
100750329,Crashes_2010_2019_MPO,2015-02-19,2015,36.04704,-86.73509,False,0,0,0,,,,,,,,
100749944,Crashes_2010_2019_MPO,2015-02-19,2015,36.03874,-86.73991,False,0,0,0,,,,,,,,
100750058,Crashes_2010_2019_MPO,2015-02-19,2015,36.04065,-86.78277,False,0,0,0,,,,,,,,
100749713,Crashes_2010_2019_MPO,2015-02-19,2015,35.95658,-86.73001,True,0,0,0,,,,,,,,
100750819,Crashes_2010_2019_MPO,2015-02-20,2015,35.97197,-86.68758,False,0,0,0,,,,,,,,
100750549,Crashes_2010_2019_MPO,2015-02-20,2015,36.04036,-86.78236,False,0,0,0,,,,,,,,
100750222,Crashes_2010_2019_MPO,2015-02-20,2015,36.04829,-86.77566,False,0,0,0,,,,,,,,
100750342,Crashes_2010_2019_MPO,2015-02-20,2015,36.01329,-86.70152,False,0,0,0,,,,,,,,
100750403,Crashes_2010_2019_MPO,2015-02-20,2015,36.03862,-86.78284,False,0,0,0,,,,,,,,
100750495,Crashes_2010_2019_MPO,2015-02-20,2015,36.03919,-86.72044,False,0,0,0,,,,,,,,
100750199,Crashes_2010_2019_MPO,2015-02-20,2015,35.9393,-86.76788,False,0,0,0,,,,,,,,
100750657,Crashes_2010_2019_MPO,2015-02-20,2015,36.03872,-86.8067,False,0,0,0,,,,,,,,
100750198,Crashes_2010_2019_MPO,2015-02-20,2015,36.05353,-86.73568,False,0,0,0,,,,,,,,
100751846,Crashes_2010_2019_MPO,2015-02-20,2015,35.94428,-86.81993,False,0,0,0,,,,,,,,
100750673,Crashes_2010_2019_MPO,2015-02-20,2015,36.02418,-86.7407,False,0,0,0,,,,,,,,
100752567,Crashes_2010_2019_MPO,2015-02-20,2015,35.94082,-86.83134,False,0,0,0,,,,,,,,
100750184,Crashes_2010_2019_MPO,2015-02-20,2015,36.03903,-86.73966,False,0,0,0,,,,,,,,
100750242,Crashes_2010_2019_MPO,2015-02-20,2015,36.00867,-86.77899,True,0,0,0,,,,,,,,
100750408,Crashes_2010_2019_MPO,2015-02-20,2015,36.04105,-86.7486,False,0,0,0,,,,,,,,
100750364,Crashes_2010_2019_MPO,2015-02-20,2015,35.94839,-86.80774,False,0,0,0,,,,,,,,
100750426,Crashes_2010_2019_MPO,2015-02-20,2015,36.03206,-86.7592,False,0,0,0,,,,,,,,
100750095,Crashes_2010_2019_MPO,2015-02-20,2015,36.04525,-86.70065,False,0,0,0,,,,,,,,
100750353,Crashes_2010_2019_MPO,2015-02-20,2015,35.94176,-86.76745,True,0,0,0,,,,,,,,
100750070,Crashes_2010_2019_MPO,2015-02-20,2015,36.03933,-86.72022,False,0,0,0,,,,,,,,
100750024,Crashes_2010_2019_MPO,2015-02-20,2015,36.03373,-86.71371,False,0,0,0,,,,,,,,
100750916,Crashes_2010_2019_MPO,2015-02-21,2015,36.01518,-86.74042,False,0,0,0,,,,,,,,
100751171,Crashes_2010_2019_MPO,2015-02-21,2015,35.93554,-86.82375,False,0,0,0,,,,,,,,
100751194,Crashes_2010_2019_MPO,2015-02-21,2015,35.97459,-86.81228,True,0,0,0,,,,,,,,
100751202,Crashes_2010_2019_MPO,2015-02-21,2015,36.03461,-86.72507,False,0,0,0,,,,,,,,
100750866,Crashes_2010_2019_MPO,2015-02-21,2015,36.03958,-86.78245,False,0,0,0,,,,,,,,
100750960,Crashes_2010_2019_MPO,2015-02-21,2015,36.04498,-86.77998,False,0,0,0,,,,,,,,
100750778,Crashes_2010_2019_MPO,2015-02-21,2015,36.05331,-86.73695,False,0,0,0,,,,,,,,
100750907,Crashes_2010_2019_MPO,2015-02-21,2015,36.04132,-86.78226,False,0,0,0,,,,,,,,
100751244,Crashes_2010_2019_MPO,2015-02-21,2015,36.03821,-86.74008,False,0,0,0,,,,,,,,
100750939,Crashes_2010_2019_MPO,2015-02-21,2015,36.04601,-86.77849,False,0,0,0,,,,,,,,
100751184,Crashes_2010_2019_MPO,2015-02-21,2015,36.04825,-86.76486,False,0,0,0,,,,,,,,
100751419,Crashes_2010_2019_MPO,2015-02-22,2015,36.03097,-86.835691,True,0,0,0,,,,,,,,
100751611,Crashes_2010_2019_MPO,2015-02-22,2015,36.03124,-86.71663,False,0,0,0,,,,,,,,
100751662,Crashes_2010_2019_MPO,2015-02-22,2015,36.0169,-86.70685,False,0,0,0,,,,,,,,
100751594,Crashes_2010_2019_MPO,2015-02-22,2015,36.04897,-86.71631,False,0,0,0,,,,,,,,
100753753,Crashes_2010_2019_MPO,2015-02-22,2015,36.03144,-86.67788,False,0,0,0,,,,,,,,
100752232,Crashes_2010_2019_MPO,2015-02-22,2015,36.03144,-86.67788,False,0,0,0,,,,,,,,
100754523,Crashes_2010_2019_MPO,2015-02-23,2015,36.03958,-86.86944,False,0,0,0,,,,,,,,
100751862,Crashes_2010_2019_MPO,2015-02-23,2015,36.0414,-86.77981,False,0,0,0,,,,,,,,
100752146,Crashes_2010_2019_MPO,2015-02-23,2015,35.94816,-86.81962,False,0,0,0,,,,,,,,
100752091,Crashes_2010_2019_MPO,2015-02-23,2015,36.04569,-86.7134,False,0,0,0,,,,,,,,
100752031,Crashes_2010_2019_MPO,2015-02-23,2015,35.9331,-86.81481,False,0,0,0,,,,,,,,
100752148,Crashes_2010_2019_MPO,2015-02-23,2015,35.97031,-86.77396,True,0,0,0,,,,,,,,
100751914,Crashes_2010_2019_MPO,2015-02-23,2015,36.03318,-86.78284,True,0,0,0,,,,,,,,
100752133,Crashes_2010_2019_MPO,2015-02-23,2015,35.92947,-86.84135,False,0,0,0,,,,,,,,
100752132,Crashes_2010_2019_MPO,2015-02-23,2015,35.94109,-86.83133,False,0,0,0,,,,,,,,
100752407,Crashes_2010_2019_MPO,2015-02-24,2015,36.02703,-86.78435,True,0,0,0,,,,,,,,
100752624,Crashes_2010_2019_MPO,2015-02-24,2015,36.0367,-86.78266,False,0,0,0,,,,,,,,
100752704,Crashes_2010_2019_MPO,2015-02-24,2015,35.96616,-86.85953,False,0,0,0,,,,,,,,
100752512,Crashes_2010_2019_MPO,2015-02-24,2015,35.94618,-86.80856,False,0,0,0,,,,,,,,
100752600,Crashes_2010_2019_MPO,2015-02-24,2015,35.95256,-86.81795,False,0,0,0,,,,,,,,
100752492,Crashes_2010_2019_MPO,2015-02-24,2015,35.94875,-86.81988,False,0,0,0,,,,,,,,
100752629,Crashes_2010_2019_MPO,2015-02-24,2015,35.99508,-86.8114,True,0,0,0,,,,,,,,
100752424,Crashes_2010_2019_MPO,2015-02-24,2015,36.03933,-86.82482,True,0,0,0,,,,,,,,
100752403,Crashes_2010_2019_MPO,2015-02-24,2015,35.995872,-86.785408,True,0,0,0,,,,,,,,
100752552,Crashes_2010_2019_MPO,2015-02-24,2015,36.05029,-86.70439,False,0,1,0,,,,,,,,
100752352,Crashes_2010_2019_MPO,2015-02-24,2015,36.01238,-86.68811,False,0,0,0,,,,,,,,
100752494,Crashes_2010_2019_MPO,2015-02-24,2015,35.96499,-86.80151,True,0,0,0,,,,,,,,
100752385,Crashes_2010_2019_MPO,2015-02-24,2015,35.98838,-86.70574,True,0,0,0,,,,,,,,
100752568,Crashes_2010_2019_MPO,2015-02-24,2015,35.95718,-86.7656,True,0,0,0,,,,,,,,
100752372,Crashes_2010_2019_MPO,2015-02-24,2015,36.04044,-86.7804,False,0,0,0,,,,,,,,
100752599,Crashes_2010_2019_MPO,2015-02-24,2015,35.94468,-86.80929,False,0,0,0,,,,,,,,
100753062,Crashes_2010_2019_MPO,2015-02-25,2015,35.99504,-86.77334,True,0,0,0,,,,,,,,
100753027,Crashes_2010_2019_MPO,2015-02-25,2015,35.93465,-86.79473,False,0,0,0,,,,,,,,
100752953,Crashes_2010_2019_MPO,2015-02-25,2015,36.04611,-86.77835,False,0,0,0,,,,,,,,
100752792,Crashes_2010_2019_MPO,2015-02-25,2015,36.01415,-86.7213,False,0,0,0,,,,,,,,
100753006,Crashes_2010_2019_MPO,2015-02-25,2015,36.04732,-86.86273,False,0,0,0,,,,,,,,
100752851,Crashes_2010_2019_MPO,2015-02-25,2015,36.04165,-86.78244,False,0,0,0,,,,,,,,
100752747,Crashes_2010_2019_MPO,2015-02-25,2015,35.93313,-86.81153,False,0,0,0,,,,,,,,
100752902,Crashes_2010_2019_MPO,2015-02-25,2015,35.93985,-86.87951,False,0,0,1,,,,,,,,
100752907,Crashes_2010_2019_MPO,2015-02-25,2015,35.99078,-86.75109,True,0,0,0,,,,,,,,
100752932,Crashes_2010_2019_MPO,2015-02-25,2015,36.03741,-86.78585,False,0,0,0,,,,,,,,
100754000,Crashes_2010_2019_MPO,2015-02-26,2015,35.94068,-86.8167,False,0,0,0,,,,,,,,
100753401,Crashes_2010_2019_MPO,2015-02-26,2015,35.9346,-86.82004,False,0,0,0,,,,,,,,
100753604,Crashes_2010_2019_MPO,2015-02-26,2015,36.01191,-86.68944,False,0,0,0,,,,,,,,
100753997,Crashes_2010_2019_MPO,2015-02-26,2015,35.94341,-86.81488,False,0,0,0,,,,,,,,
100753266,Crashes_2010_2019_MPO,2015-02-26,2015,35.96885,-86.71384,True,0,0,0,,,,,,,,
100755675,Crashes_2010_2019_MPO,2015-02-26,2015,35.93206,-86.80172,False,0,0,0,,,,,,,,
100753993,Crashes_2010_2019_MPO,2015-02-26,2015,35.9512,-86.8126,False,0,0,0,,,,,,,,
100753374,Crashes_2010_2019_MPO,2015-02-26,2015,36.01201,-86.70455,False,0,0,0,,,,,,,,
100766830,Crashes_2010_2019_MPO,2015-02-26,2015,36.01683,-86.78607,True,0,0,0,,,,,,,,
100753433,Crashes_2010_2019_MPO,2015-02-26,2015,36.01108,-86.70267,False,0,0,0,,,,,,,,
100753277,Crashes_2010_2019_MPO,2015-02-26,2015,36.03803,-86.78445,False,0,0,0,,,,,,,,
100753245,Crashes_2010_2019_MPO,2015-02-26,2015,35.92342,-86.82247,False,0,0,0,,,,,,,,
100753330,Crashes_2010_2019_MPO,2015-02-26,2015,36.04547,-86.7198,False,0,0,0,,,,,,,,
100753398,Crashes_2010_2019_MPO,2015-02-26,2015,36.03473,-86.87335,False,0,0,0,,,,,,,,
100753495,Crashes_2010_2019_MPO,2015-02-26,2015,36.04001,-86.74349,False,0,0,0,,,,,,,,
100753588,Crashes_2010_2019_MPO,2015-02-26,2015,36.04425,-86.70347,False,0,0,0,,,,,,,,
100753242,Crashes_2010_2019_MPO,2015-02-26,2015,35.97292,-86.80557,True,0,0,0,,,,,,,,
100753373,Crashes_2010_2019_MPO,2015-02-26,2015,36.01209,-86.70426,False,0,0,0,,,,,,,,
100753490,Crashes_2010_2019_MPO,2015-02-26,2015,35.92947,-86.84135,False,0,0,0,,,,,,,,
100755672,Crashes_2010_2019_MPO,2015-02-26,2015,35.95025,-86.8188,False,0,0,0,,,,,,,,
100753453,Crashes_2010_2019_MPO,2015-02-26,2015,35.96662,-86.8112,True,0,0,0,,,,,,,,
100753372,Crashes_2010_2019_MPO,2015-02-26,2015,36.01193,-86.70501,False,0,0,0,,,,,,,,
100753272,Crashes_2010_2019_MPO,2015-02-26,2015,36.03256,-86.7686,False,0,0,0,,,,,,,,
100753489,Crashes_2010_2019_MPO,2015-02-26,2015,35.92778,-86.82097,False,0,0,0,,,,,,,,
100754271,Crashes_2010_2019_MPO,2015-02-27,2015,36.04242,-86.78193,False,0,0,0,,,,,,,,
100754045,Crashes_2010_2019_MPO,2015-02-27,2015,36.04061,-86.77978,False,0,0,0,,,,,,,,
100753963,Crashes_2010_2019_MPO,2015-02-27,2015,35.93277,-86.80933,False,0,0,0,,,,,,,,
100753811,Crashes_2010_2019_MPO,2015-02-27,2015,35.98909,-86.79966,True,0,0,0,,,,,,,,
100754255,Crashes_2010_2019_MPO,2015-02-27,2015,36.01019,-86.70207,False,0,0,0,,,,,,,,
100754262,Crashes_2010_2019_MPO,2015-02-27,2015,36.01395,-86.71936,False,0,0,0,,,,,,,,
100753850,Crashes_2010_2019_MPO,2015-02-27,2015,35.97688,-86.76941,True,0,0,0,,,,,,,,
100754049,Crashes_2010_2019_MPO,2015-02-27,2015,36.04561,-86.71339,False,0,0,0,,,,,,,,
100754258,Crashes_2010_2019_MPO,2015-02-27,2015,35.94116,-86.83992,False,0,0,0,,,,,,,,
100754263,Crashes_2010_2019_MPO,2015-02-27,2015,36.04526,-86.71698,False,0,0,0,,,,,,,,
100753928,Crashes_2010_2019_MPO,2015-02-27,2015,36.04162,-86.74921,False,0,0,0,,,,,,,,
100753819,Crashes_2010_2019_MPO,2015-02-27,2015,35.9285,-86.76192,False,0,0,0,,,,,,,,
100753881,Crashes_2010_2019_MPO,2015-02-27,2015,36.0399,-86.78131,False,0,0,0,,,,,,,,
100755182,Crashes_2010_2019_MPO,2015-02-28,2015,36.03422,-86.71308,False,0,0,0,,,,,,,,
100754647,Crashes_2010_2019_MPO,2015-02-28,2015,36.04526,-86.70087,False,0,0,0,,,,,,,,
100754416,Crashes_2010_2019_MPO,2015-02-28,2015,35.96235,-86.81522,False,0,0,0,,,,,,,,
100755188,Crashes_2010_2019_MPO,2015-02-28,2015,36.03986,-86.71274,False,0,0,0,,,,,,,,
100754487,Crashes_2010_2019_MPO,2015-02-28,2015,36.04299,-86.84232,False,0,0,0,,,,,,,,
100755108,Crashes_2010_2019_MPO,2015-03-01,2015,36.04095,-86.78231,False,0,0,0,,,,,,,,
100755014,Crashes_2010_2019_MPO,2015-03-01,2015,36.03809,-86.7844,False,0,0,0,,,,,,,,
100754934,Crashes_2010_2019_MPO,2015-03-01,2015,35.98179,-86.67846,False,0,0,0,,,,,,,,
100754785,Crashes_2010_2019_MPO,2015-03-01,2015,36.03385,-86.69227,False,0,0,0,,,,,,,,
100754999,Crashes_2010_2019_MPO,2015-03-01,2015,35.96751,-86.69681,False,0,0,0,,,,,,,,
100754743,Crashes_2010_2019_MPO,2015-03-01,2015,35.95051,-86.80473,False,0,0,0,,,,,,,,
100754968,Crashes_2010_2019_MPO,2015-03-01,2015,35.96496,-86.80331,True,0,0,0,,,,,,,,
100755650,Crashes_2010_2019_MPO,2015-03-02,2015,36.03936,-86.78274,False,0,0,0,,,,,,,,
100755325,Crashes_2010_2019_MPO,2015-03-02,2015,36.01333,-86.78532,True,0,0,0,,,,,,,,
100755656,Crashes_2010_2019_MPO,2015-03-02,2015,36.0373,-86.78689,False,0,0,0,,,,,,,,
100755482,Crashes_2010_2019_MPO,2015-03-02,2015,35.94689,-86.85175,False,0,0,0,,,,,,,,
100755215,Crashes_2010_2019_MPO,2015-03-02,2015,35.99736,-86.79443,True,0,0,0,,,,,,,,
100756238,Crashes_2010_2019_MPO,2015-03-02,2015,35.96682,-86.68497,False,0,0,0,,,,,,,,
100755561,Crashes_2010_2019_MPO,2015-03-02,2015,35.94761,-86.85878,False,0,0,0,,,,,,,,
100755548,Crashes_2010_2019_MPO,2015-03-02,2015,36.02536,-86.79317,True,0,0,0,,,,,,,,
100755416,Crashes_2010_2019_MPO,2015-03-02,2015,36.03569,-86.74027,False,0,0,0,,,,,,,,
100755494,Crashes_2010_2019_MPO,2015-03-02,2015,35.99644,-86.788,True,0,0,0,,,,,,,,
100755458,Crashes_2010_2019_MPO,2015-03-02,2015,36.03733,-86.79101,False,0,0,0,,,,,,,,
100755526,Crashes_2010_2019_MPO,2015-03-02,2015,36.05255,-86.71476,False,0,0,0,,,,,,,,
100755695,Crashes_2010_2019_MPO,2015-03-03,2015,36.04717,-86.86214,False,0,0,0,,,,,,,,
100756131,Crashes_2010_2019_MPO,2015-03-03,2015,36.04031,-86.78219,False,0,0,0,,,,,,,,
100756032,Crashes_2010_2019_MPO,2015-03-03,2015,35.96482,-86.81527,True,0,0,0,,,,,,,,
100756007,Crashes_2010_2019_MPO,2015-03-03,2015,36.03843,-86.78415,False,0,0,0,,,,,,,,
100755757,Crashes_2010_2019_MPO,2015-03-03,2015,35.97738,-86.82443,True,0,0,0,,,,,,,,
100756058,Crashes_2010_2019_MPO,2015-03-03,2015,36.01373,-86.73827,False,0,0,0,,,,,,,,
100756024,Crashes_2010_2019_MPO,2015-03-03,2015,36.03872,-86.73094,False,0,0,0,,,,,,,,
100756004,Crashes_2010_2019_MPO,2015-03-03,2015,35.96589,-86.80358,True,0,0,0,,,,,,,,
100755948,Crashes_2010_2019_MPO,2015-03-03,2015,36.00387,-86.79114,True,0,0,0,,,,,,,,
100771261,Crashes_2010_2019_MPO,2015-03-03,2015,35.98996,-86.74431,True,0,0,0,,,,,,,,
100755710,Crashes_2010_2019_MPO,2015-03-03,2015,35.94672,-86.851,False,0,0,0,,,,,,,,
100756202,Crashes_2010_2019_MPO,2015-03-03,2015,36.04542,-86.71317,False,0,0,0,,,,,,,,
100755968,Crashes_2010_2019_MPO,2015-03-03,2015,35.96585,-86.80368,True,0,1,0,,,,,,,,
100755669,Crashes_2010_2019_MPO,2015-03-03,2015,35.96354,-86.81051,False,0,0,0,,,,,,,,
100755880,Crashes_2010_2019_MPO,2015-03-03,2015,35.94527,-86.80886,False,0,0,0,,,,,,,,
100756396,Crashes_2010_2019_MPO,2015-03-04,2015,35.92264,-86.8229,False,0,0,0,,,,,,,,
100756646,Crashes_2010_2019_MPO,2015-03-04,2015,35.92738,-86.86871,False,0,0,0,,,,,,,,
100756626,Crashes_2010_2019_MPO,2015-03-04,2015,35.92641,-86.82446,False,0,0,0,,,,,,,,
100756360,Crashes_2010_2019_MPO,2015-03-04,2015,36.03292,-86.77235,False,0,0,0,,,,,,,,
100756292,Crashes_2010_2019_MPO,2015-03-04,2015,36.04458,-86.78004,False,0,0,0,,,,,,,,
100756441,Crashes_2010_2019_MPO,2015-03-04,2015,36.03969,-86.76049,False,0,0,0,,,,,,,,
100766793,Crashes_2010_2019_MPO,2015-03-04,2015,35.99123,-86.67821,False,0,0,0,,,,,,,,
100756430,Crashes_2010_2019_MPO,2015-03-04,2015,36.03725,-86.79882,True,0,0,0,,,,,,,,
100756608,Crashes_2010_2019_MPO,2015-03-04,2015,36.04526,-86.71475,False,0,0,0,,,,,,,,
100756639,Crashes_2010_2019_MPO,2015-03-04,2015,36.02355,-86.69987,False,0,0,0,,,,,,,,
100756604,Crashes_2010_2019_MPO,2015-03-04,2015,36.02849,-86.82302,True,0,0,0,,,,,,,,
100768173,Crashes_2010_2019_MPO,2015-03-04,2015,36.03987,-86.74097,False,0,0,0,,,,,,,,
100756703,Crashes_2010_2019_MPO,2015-03-04,2015,35.96683,-86.81079,True,0,0,0,,,,,,,,
100756645,Crashes_2010_2019_MPO,2015-03-04,2015,36.03647,-86.81258,True,0,0,0,,,,,,,,
100767074,Crashes_2010_2019_MPO,2015-03-05,2015,36.04545,-86.7036,False,0,0,0,,,,,,,,
100767269,Crashes_2010_2019_MPO,2015-03-05,2015,36.01395,-86.78525,True,0,0,0,,,,,,,,
100767303,Crashes_2010_2019_MPO,2015-03-05,2015,36.01482,-86.7855,True,0,0,0,,,,,,,,
100767056,Crashes_2010_2019_MPO,2015-03-05,2015,36.03986,-86.78103,False,0,0,0,,,,,,,,
100767326,Crashes_2010_2019_MPO,2015-03-05,2015,36.04976,-86.77521,False,0,0,0,,,,,,,,
100767248,Crashes_2010_2019_MPO,2015-03-05,2015,36.04071,-86.78233,False,0,0,0,,,,,,,,
100767640,Crashes_2010_2019_MPO,2015-03-05,2015,36.00198,-86.79309,True,0,0,0,,,,,,,,
100808556,Crashes_2010_2019_MPO,2015-03-05,2015,36.0404,-86.7826,False,0,0,0,,,,,,,,
100767281,Crashes_2010_2019_MPO,2015-03-05,2015,35.98868,-86.7998,True,0,0,0,,,,,,,,
100767322,Crashes_2010_2019_MPO,2015-03-05,2015,35.9521,-86.81779,False,0,0,0,,,,,,,,
100767621,Crashes_2010_2019_MPO,2015-03-06,2015,36.03191,-86.81758,True,0,0,0,,,,,,,,
100768218,Crashes_2010_2019_MPO,2015-03-06,2015,36.0124,-86.70359,False,0,0,0,,,,,,,,
100767945,Crashes_2010_2019_MPO,2015-03-06,2015,36.03367,-86.78539,True,0,0,0,,,,,,,,
100768023,Crashes_2010_2019_MPO,2015-03-06,2015,35.94662,-86.85136,False,0,0,0,,,,,,,,
100770386,Crashes_2010_2019_MPO,2015-03-06,2015,36.012,-86.70455,False,0,0,0,,,,,,,,
100768234,Crashes_2010_2019_MPO,2015-03-06,2015,36.04526,-86.71703,False,0,0,1,,,,,,,,
100767712,Crashes_2010_2019_MPO,2015-03-06,2015,35.95024,-86.84898,False,0,0,0,,,,,,,,
100767572,Crashes_2010_2019_MPO,2015-03-06,2015,36.04582,-86.77807,False,0,0,0,,,,,,,,
100767745,Crashes_2010_2019_MPO,2015-03-06,2015,36.01558,-86.74047,False,0,0,0,,,,,,,,
100770387,Crashes_2010_2019_MPO,2015-03-06,2015,36.01197,-86.70468,False,0,0,0,,,,,,,,
100767662,Crashes_2010_2019_MPO,2015-03-06,2015,36.03147,-86.7685,False,0,0,0,,,,,,,,
100768228,Crashes_2010_2019_MPO,2015-03-06,2015,36.05093,-86.69006,False,0,0,0,,,,,,,,
100767725,Crashes_2010_2019_MPO,2015-03-06,2015,36.01416,-86.67916,False,0,0,0,,,,,,,,
100768207,Crashes_2010_2019_MPO,2015-03-06,2015,36.01311,-86.71093,False,0,0,0,,,,,,,,
100767955,Crashes_2010_2019_MPO,2015-03-06,2015,35.93922,-86.7967,False,0,0,0,,,,,,,,
100770511,Crashes_2010_2019_MPO,2015-03-06,2015,35.94839,-86.80774,False,0,0,0,,,,,,,,
100767893,Crashes_2010_2019_MPO,2015-03-06,2015,36.0205,-86.78268,True,0,0,0,,,,,,,,
100767855,Crashes_2010_2019_MPO,2015-03-06,2015,35.95078,-86.80645,False,0,0,0,,,,,,,,
100767828,Crashes_2010_2019_MPO,2015-03-06,2015,36.05142,-86.71421,False,0,0,0,,,,,,,,
100771000,Crashes_2010_2019_MPO,2015-03-06,2015,35.97559,-86.80458,True,1,1,0,,,,,,,,
100767767,Crashes_2010_2019_MPO,2015-03-06,2015,36.03563,-86.71331,False,0,0,1,,,,,,,,
100768607,Crashes_2010_2019_MPO,2015-03-07,2015,35.96757,-86.77294,True,0,0,0,,,,,,,,
100768407,Crashes_2010_2019_MPO,2015-03-07,2015,35.96781,-86.81844,True,0,0,0,,,,,,,,
100768702,Crashes_2010_2019_MPO,2015-03-07,2015,36.04001,-86.74349,False,0,0,0,,,,,,,,
100769295,Crashes_2010_2019_MPO,2015-03-07,2015,36.02582,-86.71106,False,0,0,0,,,,,,,,
100768666,Crashes_2010_2019_MPO,2015-03-07,2015,36.03485,-86.74353,False,0,0,0,,,,,,,,
100768399,Crashes_2010_2019_MPO,2015-03-07,2015,36.01587,-86.81092,True,0,0,0,,,,,,,,
100768437,Crashes_2010_2019_MPO,2015-03-07,2015,35.99251,-86.79848,True,0,0,1,,,,,,,,
100768820,Crashes_2010_2019_MPO,2015-03-07,2015,36.04549,-86.71237,False,0,0,0,,,,,,,,
100768642,Crashes_2010_2019_MPO,2015-03-07,2015,35.96754,-86.81004,True,0,0,0,,,,,,,,
100768660,Crashes_2010_2019_MPO,2015-03-07,2015,35.94912,-86.81953,False,0,0,0,,,,,,,,
100768977,Crashes_2010_2019_MPO,2015-03-08,2015,36.04519,-86.71569,False,0,0,0,,,,,,,,
100769094,Crashes_2010_2019_MPO,2015-03-08,2015,36.0296,-86.83049,True,0,0,0,,,,,,,,
100768974,Crashes_2010_2019_MPO,2015-03-08,2015,36.03785,-86.78475,False,0,0,0,,,,,,,,
100769606,Crashes_2010_2019_MPO,2015-03-08,2015,36.04561,-86.71976,False,0,0,0,,,,,,,,
100769125,Crashes_2010_2019_MPO,2015-03-08,2015,36.04121,-86.7761,False,0,0,0,,,,,,,,
100769573,Crashes_2010_2019_MPO,2015-03-09,2015,35.96193,-86.81487,False,0,0,0,,,,,,,,
100769491,Crashes_2010_2019_MPO,2015-03-09,2015,35.94761,-86.81992,False,0,0,0,,,,,,,,
100769636,Crashes_2010_2019_MPO,2015-03-09,2015,35.95225,-86.81623,False,0,0,0,,,,,,,,
100769430,Crashes_2010_2019_MPO,2015-03-09,2015,35.97037,-86.80657,True,0,0,0,,,,,,,,
100769527,Crashes_2010_2019_MPO,2015-03-09,2015,36.03239,-86.78196,True,0,0,0,,,,,,,,
100769489,Crashes_2010_2019_MPO,2015-03-09,2015,35.96615,-86.81075,False,0,0,0,,,,,,,,
100769572,Crashes_2010_2019_MPO,2015-03-09,2015,35.94421,-86.81975,False,0,0,0,,,,,,,,
100769235,Crashes_2010_2019_MPO,2015-03-09,2015,36.04726,-86.86278,False,0,0,0,,,,,,,,
100769490,Crashes_2010_2019_MPO,2015-03-09,2015,35.94717,-86.83265,False,0,0,0,,,,,,,,
100769590,Crashes_2010_2019_MPO,2015-03-09,2015,36.04001,-86.74349,False,0,0,0,,,,,,,,
100771821,Crashes_2010_2019_MPO,2015-03-09,2015,36.02264,-86.68054,False,0,0,0,,,,,,,,
100769493,Crashes_2010_2019_MPO,2015-03-09,2015,35.96514,-86.80852,False,0,0,0,,,,,,,,
100769775,Crashes_2010_2019_MPO,2015-03-10,2015,36.03884,-86.78388,False,0,0,0,,,,,,,,
100769800,Crashes_2010_2019_MPO,2015-03-10,2015,35.96689,-86.81126,True,0,0,0,,,,,,,,
100770157,Crashes_2010_2019_MPO,2015-03-10,2015,35.99156,-86.79881,True,0,0,0,,,,,,,,
100770305,Crashes_2010_2019_MPO,2015-03-10,2015,35.98649,-86.73687,True,0,0,0,,,,,,,,
100769828,Crashes_2010_2019_MPO,2015-03-10,2015,35.93434,-86.81904,False,0,0,0,,,,,,,,
100769697,Crashes_2010_2019_MPO,2015-03-10,2015,35.93298,-86.78237,False,0,0,0,,,,,,,,
100769947,Crashes_2010_2019_MPO,2015-03-10,2015,36.04098,-86.77941,False,0,0,0,,,,,,,,
100770096,Crashes_2010_2019_MPO,2015-03-10,2015,35.94024,-86.8213,False,0,0,0,,,,,,,,
100769757,Crashes_2010_2019_MPO,2015-03-10,2015,35.96502,-86.79453,True,0,0,0,,,,,,,,
100769891,Crashes_2010_2019_MPO,2015-03-10,2015,35.99458,-86.76767,True,0,0,0,,,,,,,,
100769739,Crashes_2010_2019_MPO,2015-03-10,2015,35.94222,-86.81594,False,0,0,0,,,,,,,,
100770577,Crashes_2010_2019_MPO,2015-03-11,2015,35.95608,-86.80567,False,0,0,0,,,,,,,,
100770376,Crashes_2010_2019_MPO,2015-03-11,2015,36.04568,-86.85515,False,0,0,0,,,,,,,,
100770520,Crashes_2010_2019_MPO,2015-03-11,2015,35.95576,-86.76557,True,0,0,0,,,,,,,,
100770293,Crashes_2010_2019_MPO,2015-03-11,2015,35.96226,-86.80895,False,0,0,0,,,,,,,,
100771105,Crashes_2010_2019_MPO,2015-03-11,2015,35.94766,-86.85112,False,0,0,0,,,,,,,,
100770415,Crashes_2010_2019_MPO,2015-03-11,2015,36.04071,-86.74493,False,0,0,0,,,,,,,,
100770375,Crashes_2010_2019_MPO,2015-03-11,2015,36.03961,-86.78176,False,0,0,0,,,,,,,,
100770279,Crashes_2010_2019_MPO,2015-03-11,2015,35.98578,-86.73386,True,0,0,0,,,,,,,,
100770329,Crashes_2010_2019_MPO,2015-03-11,2015,35.99048,-86.74921,True,0,0,0,,,,,,,,
100770501,Crashes_2010_2019_MPO,2015-03-11,2015,35.947,-86.85219,False,0,0,0,,,,,,,,
100770244,Crashes_2010_2019_MPO,2015-03-11,2015,35.99924,-86.80919,True,0,0,0,,,,,,,,
100770616,Crashes_2010_2019_MPO,2015-03-11,2015,35.99557,-86.81115,True,0,0,0,,,,,,,,
100770983,Crashes_2010_2019_MPO,2015-03-12,2015,35.99758,-86.79683,True,0,0,0,,,,,,,,