record_no,source_layer,collision_ts,crash_year,latitude,longitude,in_city,fatalities,non_motorists,truck_involved,serious_injuries,pedestrian,bicycle,crash_type,manner_of_collision,lighting,weather,first_harmful_event
100770794,Crashes_2010_2019_MPO,2015-03-12,2015,36.02898,-86.79112,True,0,0,0,,,,,,,,
100771992,Crashes_2010_2019_MPO,2015-03-12,2015,36.00305,-86.79198,True,0,0,0,,,,,,,,
100770838,Crashes_2010_2019_MPO,2015-03-12,2015,35.93117,-86.79409,False,0,0,0,,,,,,,,
100770976,Crashes_2010_2019_MPO,2015-03-12,2015,36.04029,-86.78114,False,0,0,0,,,,,,,,
100771427,Crashes_2010_2019_MPO,2015-03-12,2015,35.95902,-86.81609,False,0,0,0,,,,,,,,
100770965,Crashes_2010_2019_MPO,2015-03-12,2015,35.95234,-86.81598,False,0,0,0,,,,,,,,
100771175,Crashes_2010_2019_MPO,2015-03-12,2015,36.03429,-86.67992,False,0,0,0,,,,,,,,
100771205,Crashes_2010_2019_MPO,2015-03-12,2015,35.93675,-86.85931,False,0,0,0,,,,,,,,
100771056,Crashes_2010_2019_MPO,2015-03-12,2015,36.04575,-86.70852,False,0,0,0,,,,,,,,
100771090,Crashes_2010_2019_MPO,2015-03-12,2015,35.97332,-86.83308,True,0,0,0,,,,,,,,
100771498,Crashes_2010_2019_MPO,2015-03-12,2015,36.04607,-86.68425,False,0,0,0,,,,,,,,
100771054,Crashes_2010_2019_MPO,2015-03-12,2015,36.03332,-86.78851,True,0,0,0,,,,,,,,
100770942,Crashes_2010_2019_MPO,2015-03-12,2015,35.94287,-86.80013,False,0,0,0,,,,,,,,
100770909,Crashes_2010_2019_MPO,2015-03-12,2015,36.01357,-86.80026,True,0,0,0,,,,,,,,
100771157,Crashes_2010_2019_MPO,2015-03-12,2015,35.94686,-86.85162,False,0,0,0,,,,,,,,
100772432,Crashes_2010_2019_MPO,2015-03-13,2015,36.05347,-86.70809,False,0,0,0,,,,,,,,
100771774,Crashes_2010_2019_MPO,2015-03-13,2015,35.92362,-86.79455,False,0,0,0,,,,,,,,
100772979,Crashes_2010_2019_MPO,2015-03-13,2015,36.04475,-86.77987,False,0,0,0,,,,,,,,
100771702,Crashes_2010_2019_MPO,2015-03-13,2015,36.03741,-86.78585,False,0,0,0,,,,,,,,
100771625,Crashes_2010_2019_MPO,2015-03-13,2015,36.04526,-86.71475,False,0,0,0,,,,,,,,
100771591,Crashes_2010_2019_MPO,2015-03-13,2015,36.04143,-86.71276,False,0,0,0,,,,,,,,
100771356,Crashes_2010_2019_MPO,2015-03-13,2015,36.04625,-86.72022,False,0,0,0,,,,,,,,
100771314,Crashes_2010_2019_MPO,2015-03-13,2015,35.92895,-86.74821,False,0,0,0,,,,,,,,
100771394,Crashes_2010_2019_MPO,2015-03-13,2015,36.03458,-86.74354,False,0,0,0,,,,,,,,
100771368,Crashes_2010_2019_MPO,2015-03-13,2015,35.94613,-86.82347,False,0,0,0,,,,,,,,
100772076,Crashes_2010_2019_MPO,2015-03-14,2015,35.93407,-86.8191,False,0,0,0,,,,,,,,
100771981,Crashes_2010_2019_MPO,2015-03-14,2015,35.95008,-86.8491,False,0,0,1,,,,,,,,
100772329,Crashes_2010_2019_MPO,2015-03-14,2015,36.0352,-86.78324,False,0,0,0,,,,,,,,
100771820,Crashes_2010_2019_MPO,2015-03-14,2015,35.95795,-86.85991,False,0,0,0,,,,,,,,
100772035,Crashes_2010_2019_MPO,2015-03-14,2015,35.96563,-86.81141,False,0,0,0,,,,,,,,
100772065,Crashes_2010_2019_MPO,2015-03-14,2015,36.03003,-86.67907,False,0,0,0,,,,,,,,
100771961,Crashes_2010_2019_MPO,2015-03-14,2015,35.97102,-86.72644,True,0,0,0,,,,,,,,
100794288,Crashes_2010_2019_MPO,2015-03-14,2015,35.95218,-86.81828,False,0,0,0,,,,,,,,
100772350,Crashes_2010_2019_MPO,2015-03-15,2015,36.04954,-86.71368,False,0,0,0,,,,,,,,
100772650,Crashes_2010_2019_MPO,2015-03-15,2015,35.99606,-86.6907,False,0,0,0,,,,,,,,
100772627,Crashes_2010_2019_MPO,2015-03-15,2015,35.95842,-86.80225,False,0,0,0,,,,,,,,
100772361,Crashes_2010_2019_MPO,2015-03-15,2015,36.02139,-86.7114,False,0,0,0,,,,,,,,
100772966,Crashes_2010_2019_MPO,2015-03-16,2015,35.99782,-86.7989,True,0,0,0,,,,,,,,
100773259,Crashes_2010_2019_MPO,2015-03-16,2015,35.97332,-86.83308,True,0,0,0,,,,,,,,
100772884,Crashes_2010_2019_MPO,2015-03-16,2015,35.98424,-86.72381,True,0,0,0,,,,,,,,
100772872,Crashes_2010_2019_MPO,2015-03-16,2015,36.01986,-86.74311,False,0,0,0,,,,,,,,
100773934,Crashes_2010_2019_MPO,2015-03-16,2015,36.0514,-86.7142,False,0,0,0,,,,,,,,
100773173,Crashes_2010_2019_MPO,2015-03-16,2015,36.04757,-86.73867,False,0,0,0,,,,,,,,
100773175,Crashes_2010_2019_MPO,2015-03-16,2015,35.9379,-86.82191,False,0,0,0,,,,,,,,
100773337,Crashes_2010_2019_MPO,2015-03-16,2015,36.02163,-86.7021,False,0,0,1,,,,,,,,
100772967,Crashes_2010_2019_MPO,2015-03-16,2015,36.0452,-86.71537,False,0,0,0,,,,,,,,
100773263,Crashes_2010_2019_MPO,2015-03-16,2015,36.0533,-86.73731,False,0,0,0,,,,,,,,
100773885,Crashes_2010_2019_MPO,2015-03-17,2015,35.92547,-86.87275,False,0,0,0,,,,,,,,
100773529,Crashes_2010_2019_MPO,2015-03-17,2015,35.96375,-86.8105,False,0,0,0,,,,,,,,
100773728,Crashes_2010_2019_MPO,2015-03-17,2015,35.94531,-86.82307,False,0,0,0,,,,,,,,
100773740,Crashes_2010_2019_MPO,2015-03-17,2015,35.92641,-86.82446,False,0,0,0,,,,,,,,
100773478,Crashes_2010_2019_MPO,2015-03-17,2015,35.96606,-86.80731,True,0,0,0,,,,,,,,
100773787,Crashes_2010_2019_MPO,2015-03-17,2015,35.92553,-86.78661,False,0,0,0,,,,,,,,
100773428,Crashes_2010_2019_MPO,2015-03-17,2015,36.02355,-86.69987,False,0,0,0,,,,,,,,
100773596,Crashes_2010_2019_MPO,2015-03-17,2015,36.03746,-86.78691,False,0,0,0,,,,,,,,
100773736,Crashes_2010_2019_MPO,2015-03-17,2015,35.99915,-86.80895,True,0,0,0,,,,,,,,
100773415,Crashes_2010_2019_MPO,2015-03-17,2015,35.9667,-86.80978,True,0,0,0,,,,,,,,
100773703,Crashes_2010_2019_MPO,2015-03-17,2015,36.01913,-86.78673,True,0,0,0,,,,,,,,
100773486,Crashes_2010_2019_MPO,2015-03-17,2015,36.04162,-86.74921,False,0,0,0,,,,,,,,
100773711,Crashes_2010_2019_MPO,2015-03-17,2015,35.97652,-86.69995,True,0,0,0,,,,,,,,
100773919,Crashes_2010_2019_MPO,2015-03-18,2015,36.03987,-86.7646,False,0,0,0,,,,,,,,
100774136,Crashes_2010_2019_MPO,2015-03-18,2015,35.95218,-86.81829,False,0,0,0,,,,,,,,
100773866,Crashes_2010_2019_MPO,2015-03-18,2015,36.00288,-86.72859,True,0,0,0,,,,,,,,
100774050,Crashes_2010_2019_MPO,2015-03-18,2015,36.03683,-86.78673,False,0,0,0,,,,,,,,
100774055,Crashes_2010_2019_MPO,2015-03-18,2015,35.95214,-86.81803,False,0,0,0,,,,,,,,
100784215,Crashes_2010_2019_MPO,2015-03-18,2015,35.92893,-86.82078,False,0,0,0,,,,,,,,
100794411,Crashes_2010_2019_MPO,2015-03-18,2015,35.92286,-86.87383,False,0,0,0,,,,,,,,
100773906,Crashes_2010_2019_MPO,2015-03-18,2015,35.99735,-86.79484,True,0,0,0,,,,,,,,
100798240,Crashes_2010_2019_MPO,2015-03-19,2015,35.9583,-86.80229,False,0,0,0,,,,,,,,
100794667,Crashes_2010_2019_MPO,2015-03-19,2015,35.96671,-86.8112,True,0,0,0,,,,,,,,
100794258,Crashes_2010_2019_MPO,2015-03-19,2015,35.96503,-86.72736,True,0,0,0,,,,,,,,
100794240,Crashes_2010_2019_MPO,2015-03-19,2015,35.99315,-86.69646,True,0,0,0,,,,,,,,
100794436,Crashes_2010_2019_MPO,2015-03-19,2015,36.03336,-86.78872,True,0,0,0,,,,,,,,
100794435,Crashes_2010_2019_MPO,2015-03-19,2015,36.03563,-86.78741,True,0,0,0,,,,,,,,
100795541,Crashes_2010_2019_MPO,2015-03-20,2015,36.03902,-86.78247,False,0,0,0,,,,,,,,
100795001,Crashes_2010_2019_MPO,2015-03-20,2015,35.99753,-86.69084,False,0,0,0,,,,,,,,
100795045,Crashes_2010_2019_MPO,2015-03-20,2015,35.94561,-86.82766,False,0,0,0,,,,,,,,
100795056,Crashes_2010_2019_MPO,2015-03-20,2015,36.04574,-86.7087,False,0,0,0,,,,,,,,
100795106,Crashes_2010_2019_MPO,2015-03-20,2015,36.047,-86.68013,False,0,0,0,,,,,,,,
100794825,Crashes_2010_2019_MPO,2015-03-20,2015,35.95798,-86.80256,False,0,0,0,,,,,,,,
100795436,Crashes_2010_2019_MPO,2015-03-20,2015,36.0454,-86.71336,False,0,0,0,,,,,,,,
100794799,Crashes_2010_2019_MPO,2015-03-20,2015,36.01545,-86.73907,False,0,0,0,,,,,,,,
100794894,Crashes_2010_2019_MPO,2015-03-20,2015,35.96899,-86.70652,True,0,0,0,,,,,,,,
100796388,Crashes_2010_2019_MPO,2015-03-20,2015,35.92815,-86.83098,False,0,0,0,,,,,,,,
100795136,Crashes_2010_2019_MPO,2015-03-20,2015,36.03239,-86.78336,True,0,0,0,,,,,,,,
100795745,Crashes_2010_2019_MPO,2015-03-21,2015,36.04505,-86.71312,False,0,0,0,,,,,,,,
100795474,Crashes_2010_2019_MPO,2015-03-21,2015,36.00074,-86.69492,False,0,0,0,,,,,,,,
100795493,Crashes_2010_2019_MPO,2015-03-21,2015,35.92941,-86.87552,False,0,0,0,,,,,,,,
100795739,Crashes_2010_2019_MPO,2015-03-21,2015,36.02453,-86.74236,False,0,0,0,,,,,,,,
100795533,Crashes_2010_2019_MPO,2015-03-21,2015,35.99782,-86.69126,False,0,0,0,,,,,,,,
100795705,Crashes_2010_2019_MPO,2015-03-21,2015,36.02453,-86.74236,False,0,0,0,,,,,,,,
100796078,Crashes_2010_2019_MPO,2015-03-22,2015,35.96658,-86.81062,True,0,0,0,,,,,,,,
100796105,Crashes_2010_2019_MPO,2015-03-22,2015,35.94883,-86.81965,False,0,0,0,,,,,,,,
100795985,Crashes_2010_2019_MPO,2015-03-22,2015,36.03213,-86.71273,False,0,0,0,,,,,,,,
100796728,Crashes_2010_2019_MPO,2015-03-23,2015,36.04007,-86.74415,False,0,0,0,,,,,,,,
100796510,Crashes_2010_2019_MPO,2015-03-23,2015,35.92387,-86.87842,False,0,0,0,,,,,,,,
100796573,Crashes_2010_2019_MPO,2015-03-23,2015,35.99088,-86.79905,True,0,0,0,,,,,,,,
100796705,Crashes_2010_2019_MPO,2015-03-23,2015,35.94477,-86.82586,False,0,0,0,,,,,,,,
100796511,Crashes_2010_2019_MPO,2015-03-23,2015,35.94735,-86.82062,False,0,0,0,,,,,,,,
100796832,Crashes_2010_2019_MPO,2015-03-23,2015,35.98598,-86.73512,True,0,0,0,,,,,,,,
100796467,Crashes_2010_2019_MPO,2015-03-23,2015,36.03907,-86.78229,False,0,0,0,,,,,,,,
100796447,Crashes_2010_2019_MPO,2015-03-23,2015,35.99004,-86.74527,True,0,0,0,,,,,,,,
100796764,Crashes_2010_2019_MPO,2015-03-23,2015,35.93136,-86.79271,False,0,0,0,,,,,,,,
100796735,Crashes_2010_2019_MPO,2015-03-24,2015,36.04126,-86.77653,False,0,0,0,,,,,,,,
100796887,Crashes_2010_2019_MPO,2015-03-24,2015,35.94075,-86.83945,False,0,0,0,,,,,,,,
100796993,Crashes_2010_2019_MPO,2015-03-24,2015,35.99581,-86.78203,True,0,0,0,,,,,,,,
100796994,Crashes_2010_2019_MPO,2015-03-24,2015,36.03614,-86.79516,True,0,0,0,,,,,,,,
100796767,Crashes_2010_2019_MPO,2015-03-24,2015,36.0417,-86.74862,False,0,0,0,,,,,,,,
100796759,Crashes_2010_2019_MPO,2015-03-24,2015,35.97044,-86.7738,True,0,0,0,,,,,,,,
100796779,Crashes_2010_2019_MPO,2015-03-24,2015,36.0173,-86.78621,True,0,0,0,,,,,,,,
100796723,Crashes_2010_2019_MPO,2015-03-24,2015,36.03988,-86.74104,False,0,0,0,,,,,,,,
100796999,Crashes_2010_2019_MPO,2015-03-24,2015,35.9661,-86.81133,False,0,0,0,,,,,,,,
100797027,Crashes_2010_2019_MPO,2015-03-24,2015,36.01375,-86.80014,True,0,0,0,,,,,,,,
100797066,Crashes_2010_2019_MPO,2015-03-24,2015,36.01059,-86.78505,True,0,0,0,,,,,,,,
100797003,Crashes_2010_2019_MPO,2015-03-24,2015,36.03921,-86.7825,False,0,0,0,,,,,,,,
100796970,Crashes_2010_2019_MPO,2015-03-24,2015,35.96726,-86.81885,True,0,0,0,,,,,,,,
100797106,Crashes_2010_2019_MPO,2015-03-24,2015,36.04732,-86.86273,False,0,0,0,,,,,,,,
100796847,Crashes_2010_2019_MPO,2015-03-24,2015,36.04098,-86.77941,False,0,0,0,,,,,,,,
100797444,Crashes_2010_2019_MPO,2015-03-24,2015,35.93471,-86.82404,False,0,0,0,,,,,,,,
100796995,Crashes_2010_2019_MPO,2015-03-24,2015,36.03459,-86.80295,True,0,0,0,,,,,,,,
100797455,Crashes_2010_2019_MPO,2015-03-25,2015,35.97206,-86.83419,False,0,0,0,,,,,,,,
100797552,Crashes_2010_2019_MPO,2015-03-25,2015,35.94689,-86.85175,False,0,0,0,,,,,,,,
100797436,Crashes_2010_2019_MPO,2015-03-25,2015,35.99473,-86.76944,True,0,0,0,,,,,,,,
100797447,Crashes_2010_2019_MPO,2015-03-25,2015,35.97611,-86.82906,True,0,0,0,,,,,,,,
100797383,Crashes_2010_2019_MPO,2015-03-25,2015,35.94613,-86.82347,False,0,0,0,,,,,,,,
100797617,Crashes_2010_2019_MPO,2015-03-25,2015,36.04685,-86.67941,False,0,0,0,,,,,,,,
100797427,Crashes_2010_2019_MPO,2015-03-25,2015,35.99041,-86.77332,True,0,0,0,,,,,,,,
100797158,Crashes_2010_2019_MPO,2015-03-25,2015,36.04526,-86.71475,False,0,1,0,,,,,,,,
100797914,Crashes_2010_2019_MPO,2015-03-25,2015,35.97422,-86.83222,True,0,0,0,,,,,,,,
100797280,Crashes_2010_2019_MPO,2015-03-25,2015,36.03922,-86.78243,False,0,0,0,,,,,,,,
100797756,Crashes_2010_2019_MPO,2015-03-26,2015,36.04587,-86.77946,False,0,0,0,,,,,,,,
100797978,Crashes_2010_2019_MPO,2015-03-26,2015,35.92978,-86.84176,False,0,0,0,,,,,,,,
100797786,Crashes_2010_2019_MPO,2015-03-26,2015,35.94053,-86.83924,False,0,0,0,,,,,,,,
100798024,Crashes_2010_2019_MPO,2015-03-26,2015,36.04421,-86.71322,False,0,1,0,,,,,,,,
100798381,Crashes_2010_2019_MPO,2015-03-26,2015,36.03262,-86.76939,False,0,0,0,,,,,,,,
100798823,Crashes_2010_2019_MPO,2015-03-26,2015,35.92802,-86.71749,False,0,0,0,,,,,,,,
100797769,Crashes_2010_2019_MPO,2015-03-26,2015,36.04047,-86.78035,False,0,0,0,,,,,,,,
100797977,Crashes_2010_2019_MPO,2015-03-26,2015,35.95892,-86.81612,False,0,0,0,,,,,,,,
100798774,Crashes_2010_2019_MPO,2015-03-27,2015,35.97101,-86.67835,False,0,0,0,,,,,,,,
100799000,Crashes_2010_2019_MPO,2015-03-27,2015,36.05096,-86.77516,False,0,0,0,,,,,,,,
100798485,Crashes_2010_2019_MPO,2015-03-27,2015,35.99924,-86.80919,True,0,0,1,,,,,,,,
100798580,Crashes_2010_2019_MPO,2015-03-27,2015,35.92971,-86.84184,False,0,0,0,,,,,,,,
100798673,Crashes_2010_2019_MPO,2015-03-27,2015,36.02317,-86.70786,False,0,0,0,,,,,,,,
100798459,Crashes_2010_2019_MPO,2015-03-27,2015,35.9815,-86.70812,True,0,0,0,,,,,,,,
100799108,Crashes_2010_2019_MPO,2015-03-27,2015,35.94655,-86.80943,False,0,0,0,,,,,,,,
100798394,Crashes_2010_2019_MPO,2015-03-27,2015,36.03242,-86.67974,False,0,0,0,,,,,,,,
100799084,Crashes_2010_2019_MPO,2015-03-27,2015,35.96843,-86.85993,False,0,0,0,,,,,,,,
100798253,Crashes_2010_2019_MPO,2015-03-27,2015,35.96549,-86.70293,False,0,0,0,,,,,,,,
100798680,Crashes_2010_2019_MPO,2015-03-27,2015,35.92358,-86.86798,False,0,0,0,,,,,,,,
100798234,Crashes_2010_2019_MPO,2015-03-27,2015,36.02154,-86.70764,False,0,0,0,,,,,,,,
100799037,Crashes_2010_2019_MPO,2015-03-28,2015,35.95418,-86.81255,False,0,0,0,,,,,,,,
100799008,Crashes_2010_2019_MPO,2015-03-28,2015,35.93461,-86.82012,False,0,0,0,,,,,,,,
100798944,Crashes_2010_2019_MPO,2015-03-28,2015,35.94816,-86.81842,False,0,0,0,,,,,,,,
100798839,Crashes_2010_2019_MPO,2015-03-28,2015,36.02886,-86.71255,False,0,0,0,,,,,,,,
100799227,Crashes_2010_2019_MPO,2015-03-28,2015,35.95796,-86.80256,False,0,0,0,,,,,,,,
100799219,Crashes_2010_2019_MPO,2015-03-28,2015,36.04977,-86.7752,False,0,0,0,,,,,,,,
100800981,Crashes_2010_2019_MPO,2015-03-28,2015,35.94687,-86.82178,False,0,0,0,,,,,,,,
100799009,Crashes_2010_2019_MPO,2015-03-28,2015,35.96642,-86.81125,False,0,0,0,,,,,,,,
100799212,Crashes_2010_2019_MPO,2015-03-29,2015,35.97962,-86.8622,False,0,0,0,,,,,,,,
100799461,Crashes_2010_2019_MPO,2015-03-29,2015,36.04111,-86.75049,False,0,0,0,,,,,,,,
100799472,Crashes_2010_2019_MPO,2015-03-29,2015,36.04408,-86.78112,False,0,0,0,,,,,,,,
100799341,Crashes_2010_2019_MPO,2015-03-29,2015,36.0272,-86.72034,False,0,0,0,,,,,,,,
100799652,Crashes_2010_2019_MPO,2015-03-30,2015,35.92282,-86.87188,False,0,0,1,,,,,,,,
100799962,Crashes_2010_2019_MPO,2015-03-30,2015,36.04094,-86.77342,False,0,0,0,,,,,,,,
100799957,Crashes_2010_2019_MPO,2015-03-30,2015,35.94718,-86.87842,False,0,0,0,,,,,,,,
100799702,Crashes_2010_2019_MPO,2015-03-30,2015,35.9581,-86.8026,False,0,0,0,,,,,,,,
100799951,Crashes_2010_2019_MPO,2015-03-30,2015,36.04229,-86.78226,False,0,0,0,,,,,,,,
100799959,Crashes_2010_2019_MPO,2015-03-30,2015,35.94121,-86.83654,False,0,0,0,,,,,,,,
100800073,Crashes_2010_2019_MPO,2015-03-30,2015,36.02606,-86.87904,False,0,0,0,,,,,,,,
100799813,Crashes_2010_2019_MPO,2015-03-30,2015,36.03842,-86.7837,False,0,0,0,,,,,,,,
100799953,Crashes_2010_2019_MPO,2015-03-30,2015,35.94838,-86.85041,False,0,0,0,,,,,,,,
100799697,Crashes_2010_2019_MPO,2015-03-30,2015,36.02173,-86.74267,False,0,0,0,,,,,,,,
100799669,Crashes_2010_2019_MPO,2015-03-30,2015,36.04001,-86.74349,False,0,0,0,,,,,,,,
100799763,Crashes_2010_2019_MPO,2015-03-30,2015,36.03485,-86.7071,False,0,0,0,,,,,,,,
100800036,Crashes_2010_2019_MPO,2015-03-30,2015,36.02906,-86.79107,True,0,0,0,,,,,,,,
100799919,Crashes_2010_2019_MPO,2015-03-30,2015,36.04531,-86.70166,False,0,0,0,,,,,,,,
100799766,Crashes_2010_2019_MPO,2015-03-30,2015,36.03325,-86.71291,False,0,0,1,,,,,,,,
100799875,Crashes_2010_2019_MPO,2015-03-30,2015,35.95533,-86.80391,False,0,0,0,,,,,,,,
100800436,Crashes_2010_2019_MPO,2015-03-31,2015,35.95184,-86.74151,True,0,0,0,,,,,,,,
100800413,Crashes_2010_2019_MPO,2015-03-31,2015,35.96518,-86.80021,True,0,0,0,,,,,,,,
100800434,Crashes_2010_2019_MPO,2015-03-31,2015,35.94873,-86.83188,False,0,0,0,,,,,,,,
100800394,Crashes_2010_2019_MPO,2015-03-31,2015,36.04544,-86.71293,False,0,0,0,,,,,,,,
100800578,Crashes_2010_2019_MPO,2015-03-31,2015,36.04226,-86.72647,False,0,0,0,,,,,,,,
100800533,Crashes_2010_2019_MPO,2015-03-31,2015,36.04533,-86.71294,False,0,0,0,,,,,,,,
100800585,Crashes_2010_2019_MPO,2015-03-31,2015,36.00035,-86.69299,False,0,0,0,,,,,,,,
100800595,Crashes_2010_2019_MPO,2015-03-31,2015,35.95726,-86.81661,False,0,0,0,,,,,,,,
100800457,Crashes_2010_2019_MPO,2015-03-31,2015,36.04207,-86.74393,False,0,0,0,,,,,,,,
100800335,Crashes_2010_2019_MPO,2015-03-31,2015,35.94661,-86.8084,False,0,0,0,,,,,,,,
100800471,Crashes_2010_2019_MPO,2015-03-31,2015,35.94126,-86.83825,False,0,0,0,,,,,,,,
100800307,Crashes_2010_2019_MPO,2015-03-31,2015,35.96666,-86.8092,True,0,0,0,,,,,,,,
100800439,Crashes_2010_2019_MPO,2015-03-31,2015,36.01365,-86.80477,True,0,0,0,,,,,,,,
100800297,Crashes_2010_2019_MPO,2015-03-31,2015,36.03327,-86.78389,True,0,0,0,,,,,,,,
100800669,Crashes_2010_2019_MPO,2015-04-01,2015,36.04029,-86.74504,False,0,0,0,,,,,,,,
100800976,Crashes_2010_2019_MPO,2015-04-01,2015,36.03293,-86.71286,False,0,0,0,,,,,,,,
100800960,Crashes_2010_2019_MPO,2015-04-01,2015,36.03732,-86.79037,False,0,0,0,,,,,,,,
100800939,Crashes_2010_2019_MPO,2015-04-01,2015,36.04652,-86.71349,False,0,0,0,,,,,,,,
100800959,Crashes_2010_2019_MPO,2015-04-01,2015,36.044,-86.71299,False,0,0,0,,,,,,,,
100800930,Crashes_2010_2019_MPO,2015-04-01,2015,35.94478,-86.82857,False,0,0,0,,,,,,,,
100801345,Crashes_2010_2019_MPO,2015-04-01,2015,35.95357,-86.81782,False,0,0,0,,,,,,,,
100801010,Crashes_2010_2019_MPO,2015-04-01,2015,35.96822,-86.81874,True,0,0,0,,,,,,,,
100801252,Crashes_2010_2019_MPO,2015-04-01,2015,35.93126,-86.87663,False,0,0,0,,,,,,,,
100800932,Crashes_2010_2019_MPO,2015-04-01,2015,36.0509,-86.77462,False,0,0,0,,,,,,,,
100800961,Crashes_2010_2019_MPO,2015-04-01,2015,36.03268,-86.7891,True,0,0,0,,,,,,,,
100800778,Crashes_2010_2019_MPO,2015-04-01,2015,36.03756,-86.78503,False,0,0,0,,,,,,,,
100801059,Crashes_2010_2019_MPO,2015-04-01,2015,35.94662,-86.8098,False,0,0,0,,,,,,,,
100801554,Crashes_2010_2019_MPO,2015-04-02,2015,36.0156,-86.74062,False,0,0,0,,,,,,,,
100801209,Crashes_2010_2019_MPO,2015-04-02,2015,35.97749,-86.77479,True,0,0,0,,,,,,,,
100801401,Crashes_2010_2019_MPO,2015-04-02,2015,35.93116,-86.79419,False,0,0,0,,,,,,,,
100802506,Crashes_2010_2019_MPO,2015-04-02,2015,36.04093,-86.76825,False,0,0,0,,,,,,,,
100801281,Crashes_2010_2019_MPO,2015-04-02,2015,35.92757,-86.86832,False,0,0,0,,,,,,,,
100801240,Crashes_2010_2019_MPO,2015-04-02,2015,35.99421,-86.79814,True,0,0,0,,,,,,,,
100801253,Crashes_2010_2019_MPO,2015-04-02,2015,36.0439,-86.71298,False,0,0,0,,,,,,,,
100801432,Crashes_2010_2019_MPO,2015-04-02,2015,36.04084,-86.77935,False,0,0,0,,,,,,,,
100801629,Crashes_2010_2019_MPO,2015-04-02,2015,36.04385,-86.69316,False,0,0,0,,,,,,,,
100801542,Crashes_2010_2019_MPO,2015-04-02,2015,35.93599,-86.82709,False,0,0,0,,,,,,,,
100801459,Crashes_2010_2019_MPO,2015-04-02,2015,36.0417,-86.74862,False,0,0,0,,,,,,,,
100801505,Crashes_2010_2019_MPO,2015-04-02,2015,36.03668,-86.81488,True,0,0,0,,,,,,,,
100801436,Crashes_2010_2019_MPO,2015-04-02,2015,36.03911,-86.78262,False,0,0,0,,,,,,,,
100801516,Crashes_2010_2019_MPO,2015-04-02,2015,35.97723,-86.7725,True,0,0,0,,,,,,,,
100801608,Crashes_2010_2019_MPO,2015-04-02,2015,36.04019,-86.76746,False,0,0,0,,,,,,,,
100801824,Crashes_2010_2019_MPO,2015-04-03,2015,36.03891,-86.76841,False,0,0,0,,,,,,,,
100801706,Crashes_2010_2019_MPO,2015-04-03,2015,36.04941,-86.85009,False,0,0,0,,,,,,,,
100801981,Crashes_2010_2019_MPO,2015-04-03,2015,35.94315,-86.82081,False,0,0,0,,,,,,,,
100801845,Crashes_2010_2019_MPO,2015-04-03,2015,36.03735,-86.7865,False,0,0,0,,,,,,,,
100803130,Crashes_2010_2019_MPO,2015-04-03,2015,35.98542,-86.76329,True,0,0,0,,,,,,,,
100802024,Crashes_2010_2019_MPO,2015-04-03,2015,36.034275,-86.809883,True,0,1,0,,,,,,,,
100801947,Crashes_2010_2019_MPO,2015-04-03,2015,35.93691,-86.7729,False,0,0,0,,,,,,,,
100802211,Crashes_2010_2019_MPO,2015-04-03,2015,35.99792,-86.79985,True,0,0,0,,,,,,,,
100802522,Crashes_2010_2019_MPO,2015-04-04,2015,36.03735,-86.78656,False,0,0,0,,,,,,,,
100802268,Crashes_2010_2019_MPO,2015-04-04,2015,35.95417,-86.81201,False,0,0,0,,,,,,,,
100802842,Crashes_2010_2019_MPO,2015-04-04,2015,35.92492,-86.87392,False,0,0,0,,,,,,,,
100803406,Crashes_2010_2019_MPO,2015-04-04,2015,35.93435,-86.81911,False,0,0,0,,,,,,,,
100802511,Crashes_2010_2019_MPO,2015-04-04,2015,36.03748,-86.79853,True,0,0,0,,,,,,,,
100802426,Crashes_2010_2019_MPO,2015-04-04,2015,35.99924,-86.80919,True,0,0,0,,,,,,,,
100802468,Crashes_2010_2019_MPO,2015-04-04,2015,35.93332,-86.82428,False,0,0,0,,,,,,,,
100802749,Crashes_2010_2019_MPO,2015-04-04,2015,36.00376,-86.69831,False,0,0,0,,,,,,,,
100802945,Crashes_2010_2019_MPO,2015-04-05,2015,36.04229,-86.71283,False,0,0,0,,,,,,,,
100802897,Crashes_2010_2019_MPO,2015-04-05,2015,36.05364,-86.71508,False,0,0,0,,,,,,,,
100803595,Crashes_2010_2019_MPO,2015-04-05,2015,36.04222,-86.83621,False,0,0,0,,,,,,,,
100803259,Crashes_2010_2019_MPO,2015-04-05,2015,36.04646,-86.71348,False,0,0,0,,,,,,,,
100802861,Crashes_2010_2019_MPO,2015-04-05,2015,36.0472,-86.86228,False,0,0,0,,,,,,,,
100803148,Crashes_2010_2019_MPO,2015-04-05,2015,35.99561,-86.81112,True,0,0,0,,,,,,,,
100803093,Crashes_2010_2019_MPO,2015-04-05,2015,36.05417,-86.71995,False,0,0,0,,,,,,,,
100803013,Crashes_2010_2019_MPO,2015-04-05,2015,36.03273,-86.71282,False,0,0,0,,,,,,,,
100803384,Crashes_2010_2019_MPO,2015-04-06,2015,35.93063,-86.82404,False,0,0,0,,,,,,,,
100803705,Crashes_2010_2019_MPO,2015-04-06,2015,36.05192,-86.71436,False,0,0,0,,,,,,,,
100803274,Crashes_2010_2019_MPO,2015-04-06,2015,36.03954,-86.78189,False,0,0,0,,,,,,,,
100803736,Crashes_2010_2019_MPO,2015-04-06,2015,36.00974,-86.84583,True,0,0,0,,,,,,,,
100803357,Crashes_2010_2019_MPO,2015-04-06,2015,36.05477,-86.6791,False,0,0,0,,,,,,,,
100803634,Crashes_2010_2019_MPO,2015-04-06,2015,36.04504,-86.71717,False,0,0,0,,,,,,,,
100803499,Crashes_2010_2019_MPO,2015-04-06,2015,35.96708,-86.81356,True,0,0,0,,,,,,,,
100803262,Crashes_2010_2019_MPO,2015-04-06,2015,36.03318,-86.78284,True,0,0,0,,,,,,,,
100803659,Crashes_2010_2019_MPO,2015-04-06,2015,35.97102,-86.72644,True,0,0,0,,,,,,,,