record_no,source_layer,collision_ts,crash_year,latitude,longitude,in_city,fatalities,non_motorists,truck_involved,serious_injuries,pedestrian,bicycle,crash_type,manner_of_collision,lighting,weather,first_harmful_event
100803953,Crashes_2010_2019_MPO,2015-04-07,2015,35.92468,-86.87225,False,0,0,0,,,,,,,,
100804051,Crashes_2010_2019_MPO,2015-04-07,2015,36.00426,-86.68843,False,0,0,0,,,,,,,,
100804128,Crashes_2010_2019_MPO,2015-04-07,2015,35.92917,-86.83914,False,0,0,0,,,,,,,,
100804360,Crashes_2010_2019_MPO,2015-04-07,2015,35.94539,-86.87593,False,0,0,0,,,,,,,,
100803961,Crashes_2010_2019_MPO,2015-04-07,2015,36.04728,-86.86258,False,0,0,0,,,,,,,,
100803956,Crashes_2010_2019_MPO,2015-04-07,2015,36.04001,-86.78124,False,0,0,0,,,,,,,,
100803916,Crashes_2010_2019_MPO,2015-04-07,2015,35.99924,-86.80919,True,0,0,0,,,,,,,,
100803930,Crashes_2010_2019_MPO,2015-04-07,2015,36.04868,-86.71372,False,0,0,0,,,,,,,,
100803874,Crashes_2010_2019_MPO,2015-04-07,2015,36.03971,-86.76267,False,0,0,0,,,,,,,,
100803889,Crashes_2010_2019_MPO,2015-04-07,2015,36.04001,-86.74349,False,0,0,0,,,,,,,,
100804162,Crashes_2010_2019_MPO,2015-04-07,2015,35.93404,-86.8595,False,0,0,0,,,,,,,,
100804060,Crashes_2010_2019_MPO,2015-04-07,2015,36.00037,-86.6945,False,0,0,0,,,,,,,,
100805453,Crashes_2010_2019_MPO,2015-04-07,2015,35.92335,-86.87558,False,0,0,0,,,,,,,,
100803964,Crashes_2010_2019_MPO,2015-04-07,2015,36.04144,-86.78393,False,0,0,0,,,,,,,,
100803835,Crashes_2010_2019_MPO,2015-04-07,2015,36.02232,-86.74261,False,0,0,0,,,,,,,,
100803859,Crashes_2010_2019_MPO,2015-04-07,2015,36.04025,-86.81639,False,0,0,0,,,,,,,,
100803918,Crashes_2010_2019_MPO,2015-04-07,2015,35.96454,-86.78947,True,0,0,0,,,,,,,,
100804442,Crashes_2010_2019_MPO,2015-04-08,2015,36.02594,-86.69364,False,0,0,0,,,,,,,,
100804618,Crashes_2010_2019_MPO,2015-04-08,2015,35.94613,-86.82347,False,0,0,0,,,,,,,,
100804557,Crashes_2010_2019_MPO,2015-04-08,2015,35.96682,-86.80899,True,0,0,0,,,,,,,,
100804617,Crashes_2010_2019_MPO,2015-04-08,2015,35.93434,-86.81904,False,0,0,0,,,,,,,,
100804660,Crashes_2010_2019_MPO,2015-04-08,2015,35.93311,-86.78091,False,0,0,0,,,,,,,,
100804364,Crashes_2010_2019_MPO,2015-04-08,2015,35.92641,-86.82446,False,0,0,0,,,,,,,,
100804869,Crashes_2010_2019_MPO,2015-04-09,2015,35.99238,-86.79853,True,0,0,0,,,,,,,,
100805256,Crashes_2010_2019_MPO,2015-04-09,2015,35.98038,-86.85635,False,0,0,0,,,,,,,,
100805285,Crashes_2010_2019_MPO,2015-04-09,2015,35.92849,-86.76741,False,0,0,0,,,,,,,,
100804889,Crashes_2010_2019_MPO,2015-04-09,2015,35.95968,-86.84148,False,0,0,0,,,,,,,,
100805235,Crashes_2010_2019_MPO,2015-04-09,2015,36.04675,-86.68271,False,0,0,0,,,,,,,,
100805298,Crashes_2010_2019_MPO,2015-04-09,2015,35.94633,-86.80851,False,0,0,0,,,,,,,,
100805070,Crashes_2010_2019_MPO,2015-04-09,2015,35.93566,-86.81413,False,0,0,0,,,,,,,,
100805538,Crashes_2010_2019_MPO,2015-04-09,2015,36.04023,-86.76781,False,0,0,1,,,,,,,,
100805282,Crashes_2010_2019_MPO,2015-04-09,2015,36.03729,-86.78996,False,0,0,0,,,,,,,,
100804907,Crashes_2010_2019_MPO,2015-04-09,2015,36.04574,-86.70917,False,0,0,0,,,,,,,,
100804855,Crashes_2010_2019_MPO,2015-04-09,2015,36.04542,-86.71317,False,0,0,0,,,,,,,,
100805261,Crashes_2010_2019_MPO,2015-04-09,2015,36.03735,-86.78656,False,0,0,0,,,,,,,,
100805057,Crashes_2010_2019_MPO,2015-04-09,2015,36.01912,-86.82079,True,0,0,0,,,,,,,,
100805542,Crashes_2010_2019_MPO,2015-04-09,2015,35.94693,-86.81178,False,0,0,0,,,,,,,,
100805228,Crashes_2010_2019_MPO,2015-04-09,2015,35.97829,-86.76029,True,0,0,0,,,,,,,,
100806633,Crashes_2010_2019_MPO,2015-04-10,2015,35.94687,-86.82178,False,0,0,0,,,,,,,,
100805686,Crashes_2010_2019_MPO,2015-04-10,2015,36.02951,-86.79082,True,0,0,0,,,,,,,,
100805472,Crashes_2010_2019_MPO,2015-04-10,2015,36.03426,-86.79423,True,0,0,0,,,,,,,,
100805653,Crashes_2010_2019_MPO,2015-04-10,2015,35.96518,-86.80021,True,0,0,0,,,,,,,,
100805701,Crashes_2010_2019_MPO,2015-04-10,2015,35.95396,-86.80427,False,0,0,0,,,,,,,,
100805647,Crashes_2010_2019_MPO,2015-04-10,2015,36.02687,-86.6808,False,0,0,1,,,,,,,,
100806632,Crashes_2010_2019_MPO,2015-04-10,2015,35.94959,-86.81948,False,0,0,0,,,,,,,,
100805797,Crashes_2010_2019_MPO,2015-04-10,2015,36.03542,-86.78577,True,0,0,0,,,,,,,,
100805784,Crashes_2010_2019_MPO,2015-04-10,2015,35.96405,-86.80044,True,0,0,0,,,,,,,,
100806421,Crashes_2010_2019_MPO,2015-04-10,2015,36.04008,-86.74425,False,0,0,0,,,,,,,,
100805860,Crashes_2010_2019_MPO,2015-04-10,2015,36.03557,-86.71331,False,0,0,0,,,,,,,,
100805332,Crashes_2010_2019_MPO,2015-04-10,2015,36.04169,-86.74802,False,0,0,0,,,,,,,,
100805821,Crashes_2010_2019_MPO,2015-04-10,2015,36.04545,-86.7036,False,0,0,0,,,,,,,,
100805732,Crashes_2010_2019_MPO,2015-04-10,2015,35.97752,-86.7255,True,0,0,0,,,,,,,,
100805436,Crashes_2010_2019_MPO,2015-04-10,2015,35.97347,-86.83345,False,0,0,0,,,,,,,,
100806200,Crashes_2010_2019_MPO,2015-04-11,2015,36.03323,-86.7113,False,0,0,0,,,,,,,,
100806015,Crashes_2010_2019_MPO,2015-04-11,2015,36.02685,-86.712,False,0,0,0,,,,,,,,
100806556,Crashes_2010_2019_MPO,2015-04-11,2015,36.05028,-86.87469,False,0,0,0,,,,,,,,
100806216,Crashes_2010_2019_MPO,2015-04-11,2015,36.02274,-86.6997,False,0,0,0,,,,,,,,
100806022,Crashes_2010_2019_MPO,2015-04-11,2015,35.99668,-86.7523,True,0,0,0,,,,,,,,
100806351,Crashes_2010_2019_MPO,2015-04-11,2015,36.01386,-86.71836,False,0,0,0,,,,,,,,
100806147,Crashes_2010_2019_MPO,2015-04-11,2015,36.03846,-86.74416,False,0,0,0,,,,,,,,
100806222,Crashes_2010_2019_MPO,2015-04-11,2015,36.04545,-86.7036,False,0,0,0,,,,,,,,
100806579,Crashes_2010_2019_MPO,2015-04-11,2015,36.04381,-86.712,False,0,0,0,,,,,,,,
100806102,Crashes_2010_2019_MPO,2015-04-11,2015,36.04292,-86.84175,False,0,0,0,,,,,,,,
100807736,Crashes_2010_2019_MPO,2015-04-11,2015,35.94476,-86.82852,False,0,0,0,,,,,,,,
100806149,Crashes_2010_2019_MPO,2015-04-11,2015,35.94476,-86.82852,False,0,1,0,,,,,,,,
100806593,Crashes_2010_2019_MPO,2015-04-12,2015,36.02157,-86.74268,False,0,0,0,,,,,,,,
100806794,Crashes_2010_2019_MPO,2015-04-12,2015,35.97057,-86.82207,True,0,0,0,,,,,,,,
100807466,Crashes_2010_2019_MPO,2015-04-12,2015,36.03739,-86.70403,False,0,3,0,,,,,,,,
100806635,Crashes_2010_2019_MPO,2015-04-12,2015,36.04543,-86.71836,False,0,0,0,,,,,,,,
100806836,Crashes_2010_2019_MPO,2015-04-12,2015,35.93461,-86.82012,False,0,0,0,,,,,,,,
100807069,Crashes_2010_2019_MPO,2015-04-13,2015,36.01294,-86.80074,True,0,0,0,,,,,,,,
100807409,Crashes_2010_2019_MPO,2015-04-13,2015,35.99737,-86.79483,True,0,0,0,,,,,,,,
100818968,Crashes_2010_2019_MPO,2015-04-13,2015,36.03933,-86.78357,False,0,0,0,,,,,,,,
100807431,Crashes_2010_2019_MPO,2015-04-13,2015,35.98637,-86.7523,True,0,0,0,,,,,,,,
100807213,Crashes_2010_2019_MPO,2015-04-13,2015,36.01528,-86.8153,True,0,0,0,,,,,,,,
100807040,Crashes_2010_2019_MPO,2015-04-13,2015,35.92391,-86.87162,False,0,0,0,,,,,,,,
100806902,Crashes_2010_2019_MPO,2015-04-13,2015,36.04236,-86.83739,False,0,0,0,,,,,,,,
100807199,Crashes_2010_2019_MPO,2015-04-13,2015,35.99459,-86.76782,True,0,0,1,,,,,,,,
100807984,Crashes_2010_2019_MPO,2015-04-14,2015,35.94701,-86.81153,False,0,0,0,,,,,,,,
100807975,Crashes_2010_2019_MPO,2015-04-14,2015,35.9834,-86.80162,True,0,0,0,,,,,,,,
100808090,Crashes_2010_2019_MPO,2015-04-14,2015,35.94755,-86.81389,False,0,0,0,,,,,,,,
100807676,Crashes_2010_2019_MPO,2015-04-14,2015,35.99011,-86.74592,True,0,0,0,,,,,,,,
100807911,Crashes_2010_2019_MPO,2015-04-14,2015,36.038,-86.74348,False,0,0,0,,,,,,,,
100807673,Crashes_2010_2019_MPO,2015-04-14,2015,36.02834,-86.79148,True,0,0,0,,,,,,,,
100819592,Crashes_2010_2019_MPO,2015-04-14,2015,35.93745,-86.71009,False,0,0,0,,,,,,,,
100807781,Crashes_2010_2019_MPO,2015-04-14,2015,35.93149,-86.79194,False,0,0,0,,,,,,,,
100808025,Crashes_2010_2019_MPO,2015-04-14,2015,36.02078,-86.80388,True,0,0,0,,,,,,,,
100807996,Crashes_2010_2019_MPO,2015-04-14,2015,35.9672,-86.8189,True,0,0,0,,,,,,,,
100807957,Crashes_2010_2019_MPO,2015-04-14,2015,35.99466,-86.76863,True,0,0,0,,,,,,,,
100808268,Crashes_2010_2019_MPO,2015-04-15,2015,36.0205,-86.78268,True,0,0,0,,,,,,,,
100808540,Crashes_2010_2019_MPO,2015-04-15,2015,35.94452,-86.82058,False,0,0,0,,,,,,,,
100818637,Crashes_2010_2019_MPO,2015-04-15,2015,35.99639,-86.78765,True,0,0,0,,,,,,,,
100808281,Crashes_2010_2019_MPO,2015-04-15,2015,35.97058,-86.77392,True,0,0,0,,,,,,,,
100808399,Crashes_2010_2019_MPO,2015-04-15,2015,35.93812,-86.82868,False,0,0,0,,,,,,,,
100808181,Crashes_2010_2019_MPO,2015-04-15,2015,36.04411,-86.6877,False,0,0,0,,,,,,,,
100808299,Crashes_2010_2019_MPO,2015-04-15,2015,35.99606,-86.78465,True,0,0,0,,,,,,,,
100808576,Crashes_2010_2019_MPO,2015-04-15,2015,35.99944,-86.69345,False,0,0,0,,,,,,,,
100808562,Crashes_2010_2019_MPO,2015-04-15,2015,35.92406,-86.87131,False,0,0,0,,,,,,,,
100808520,Crashes_2010_2019_MPO,2015-04-15,2015,36.02673,-86.7924,True,0,0,0,,,,,,,,
100808239,Crashes_2010_2019_MPO,2015-04-15,2015,36.04247,-86.71301,False,0,0,0,,,,,,,,
100808167,Crashes_2010_2019_MPO,2015-04-15,2015,35.94708,-86.83263,False,0,0,0,,,,,,,,
100808555,Crashes_2010_2019_MPO,2015-04-15,2015,35.97352,-86.83281,True,0,0,0,,,,,,,,
100808563,Crashes_2010_2019_MPO,2015-04-15,2015,35.94893,-86.84997,False,0,0,0,,,,,,,,
100818864,Crashes_2010_2019_MPO,2015-04-15,2015,36.04627,-86.71326,False,0,0,0,,,,,,,,
100818845,Crashes_2010_2019_MPO,2015-04-16,2015,35.93722,-86.8788,False,0,0,0,,,,,,,,
100819006,Crashes_2010_2019_MPO,2015-04-16,2015,35.97332,-86.83308,True,0,0,0,,,,,,,,
100819133,Crashes_2010_2019_MPO,2015-04-16,2015,35.92487,-86.86528,False,0,0,0,,,,,,,,
100818794,Crashes_2010_2019_MPO,2015-04-16,2015,36.02581,-86.78501,True,0,0,0,,,,,,,,
100818940,Crashes_2010_2019_MPO,2015-04-16,2015,36.04615,-86.85747,False,0,0,0,,,,,,,,
100819007,Crashes_2010_2019_MPO,2015-04-16,2015,35.93561,-86.82388,False,0,0,0,,,,,,,,
100818961,Crashes_2010_2019_MPO,2015-04-16,2015,36.0391,-86.72967,False,0,0,0,,,,,,,,
100819150,Crashes_2010_2019_MPO,2015-04-16,2015,36.04681,-86.7774,False,0,0,0,,,,,,,,
100818983,Crashes_2010_2019_MPO,2015-04-16,2015,35.99159,-86.70169,True,0,0,0,,,,,,,,
100818863,Crashes_2010_2019_MPO,2015-04-16,2015,36.03744,-86.78704,False,0,0,0,,,,,,,,
100819125,Crashes_2010_2019_MPO,2015-04-16,2015,36.04001,-86.74349,False,0,0,0,,,,,,,,
100819218,Crashes_2010_2019_MPO,2015-04-16,2015,36.04541,-86.70302,False,0,0,0,,,,,,,,
100818945,Crashes_2010_2019_MPO,2015-04-16,2015,35.9979,-86.79923,True,0,0,0,,,,,,,,
100819126,Crashes_2010_2019_MPO,2015-04-16,2015,36.03804,-86.74414,False,0,0,0,,,,,,,,
100819149,Crashes_2010_2019_MPO,2015-04-16,2015,36.04682,-86.77739,False,0,0,0,,,,,,,,
100819079,Crashes_2010_2019_MPO,2015-04-16,2015,35.92873,-86.82436,False,0,0,0,,,,,,,,
100820106,Crashes_2010_2019_MPO,2015-04-16,2015,35.93126,-86.87663,False,0,0,0,,,,,,,,
100819230,Crashes_2010_2019_MPO,2015-04-16,2015,36.01664,-86.70661,False,0,0,0,,,,,,,,
100819029,Crashes_2010_2019_MPO,2015-04-16,2015,36.04387,-86.74409,False,0,0,0,,,,,,,,
100819063,Crashes_2010_2019_MPO,2015-04-16,2015,36.03638,-86.78272,False,0,0,0,,,,,,,,
100819350,Crashes_2010_2019_MPO,2015-04-16,2015,35.92592,-86.87307,False,0,0,0,,,,,,,,
100819734,Crashes_2010_2019_MPO,2015-04-16,2015,36.04732,-86.86273,False,0,0,0,,,,,,,,
100820906,Crashes_2010_2019_MPO,2015-04-17,2015,35.92296,-86.87112,False,0,0,0,,,,,,,,
100819665,Crashes_2010_2019_MPO,2015-04-17,2015,36.04574,-86.85544,False,0,0,0,,,,,,,,
100819550,Crashes_2010_2019_MPO,2015-04-17,2015,35.95395,-86.76299,True,0,0,0,,,,,,,,
100819431,Crashes_2010_2019_MPO,2015-04-17,2015,36.04685,-86.67941,False,0,0,0,,,,,,,,
100819762,Crashes_2010_2019_MPO,2015-04-17,2015,35.98435,-86.81864,True,0,0,0,,,,,,,,
100819719,Crashes_2010_2019_MPO,2015-04-17,2015,36.02782,-86.791013,True,0,0,0,,,,,,,,
100819644,Crashes_2010_2019_MPO,2015-04-17,2015,36.04643,-86.67752,False,0,0,0,,,,,,,,
100819609,Crashes_2010_2019_MPO,2015-04-17,2015,35.96391,-86.80675,True,0,0,0,,,,,,,,
100820945,Crashes_2010_2019_MPO,2015-04-17,2015,35.92674,-86.87005,False,0,0,0,,,,,,,,
100820907,Crashes_2010_2019_MPO,2015-04-17,2015,35.94582,-86.87282,False,0,0,0,,,,,,,,
100819664,Crashes_2010_2019_MPO,2015-04-17,2015,36.04022,-86.74484,False,0,0,0,,,,,,,,
100819482,Crashes_2010_2019_MPO,2015-04-17,2015,35.96722,-86.81353,True,0,0,0,,,,,,,,
100819612,Crashes_2010_2019_MPO,2015-04-17,2015,35.99935,-86.69334,False,0,0,0,,,,,,,,
100819716,Crashes_2010_2019_MPO,2015-04-17,2015,35.98643,-86.73677,True,0,0,0,,,,,,,,
100820097,Crashes_2010_2019_MPO,2015-04-17,2015,35.94707,-86.8219,False,0,0,0,,,,,,,,
100820188,Crashes_2010_2019_MPO,2015-04-18,2015,36.04528,-86.71451,False,0,0,0,,,,,,,,
100820063,Crashes_2010_2019_MPO,2015-04-18,2015,36.01284,-86.80082,True,0,0,0,,,,,,,,
100820041,Crashes_2010_2019_MPO,2015-04-18,2015,35.97758,-86.77552,True,0,0,0,,,,,,,,
100819947,Crashes_2010_2019_MPO,2015-04-18,2015,36.0118,-86.68295,False,0,0,0,,,,,,,,
100820064,Crashes_2010_2019_MPO,2015-04-18,2015,35.92474,-86.87429,False,0,0,0,,,,,,,,
100819899,Crashes_2010_2019_MPO,2015-04-18,2015,36.03013,-86.86738,False,0,0,0,,,,,,,,
100819978,Crashes_2010_2019_MPO,2015-04-18,2015,35.96496,-86.80119,True,0,0,0,,,,,,,,
100820327,Crashes_2010_2019_MPO,2015-04-18,2015,36.04561,-86.71976,False,0,0,0,,,,,,,,
100820047,Crashes_2010_2019_MPO,2015-04-18,2015,35.93746,-86.87886,False,0,0,0,,,,,,,,
100820169,Crashes_2010_2019_MPO,2015-04-18,2015,36.04561,-86.71115,False,0,0,0,,,,,,,,
100820844,Crashes_2010_2019_MPO,2015-04-19,2015,35.96517,-86.72711,True,0,0,0,,,,,,,,
100820422,Crashes_2010_2019_MPO,2015-04-19,2015,35.93848,-86.81723,False,0,0,0,,,,,,,,
100820542,Crashes_2010_2019_MPO,2015-04-19,2015,35.92783,-86.82117,False,0,0,0,,,,,,,,
100820441,Crashes_2010_2019_MPO,2015-04-19,2015,35.96136,-86.81234,False,0,0,0,,,,,,,,
100820851,Crashes_2010_2019_MPO,2015-04-19,2015,36.04179,-86.74388,False,0,0,0,,,,,,,,
100820457,Crashes_2010_2019_MPO,2015-04-19,2015,35.93581,-86.81814,False,0,0,0,,,,,,,,
100820847,Crashes_2010_2019_MPO,2015-04-19,2015,35.96269,-86.81138,False,0,0,0,,,,,,,,
100820467,Crashes_2010_2019_MPO,2015-04-19,2015,35.92492,-86.87392,False,0,0,0,,,,,,,,
100820451,Crashes_2010_2019_MPO,2015-04-19,2015,35.99816,-86.80184,True,0,0,0,,,,,,,,
100820621,Crashes_2010_2019_MPO,2015-04-19,2015,36.03735,-86.78656,False,0,0,0,,,,,,,,
100820661,Crashes_2010_2019_MPO,2015-04-19,2015,36.04542,-86.71317,False,0,0,0,,,,,,,,
100821329,Crashes_2010_2019_MPO,2015-04-20,2015,36.04538,-86.71356,False,0,0,0,,,,,,,,
100820896,Crashes_2010_2019_MPO,2015-04-20,2015,35.95554,-86.76357,True,0,0,0,,,,,,,,
100821225,Crashes_2010_2019_MPO,2015-04-20,2015,35.96498,-86.80263,True,0,0,0,,,,,,,,
100821232,Crashes_2010_2019_MPO,2015-04-20,2015,36.03641,-86.78696,False,0,0,0,,,,,,,,
100829701,Crashes_2010_2019_MPO,2015-04-20,2015,36.04083,-86.74366,False,0,0,0,,,,,,,,
100821375,Crashes_2010_2019_MPO,2015-04-20,2015,35.95907,-86.82433,False,0,0,0,,,,,,,,
100820911,Crashes_2010_2019_MPO,2015-04-20,2015,36.03438,-86.81594,True,0,0,0,,,,,,,,
100821186,Crashes_2010_2019_MPO,2015-04-20,2015,35.96798,-86.81832,True,0,0,0,,,,,,,,
100821136,Crashes_2010_2019_MPO,2015-04-20,2015,35.94531,-86.82307,False,0,0,0,,,,,,,,
100821177,Crashes_2010_2019_MPO,2015-04-20,2015,35.92648,-86.86629,False,0,0,0,,,,,,,,
100821132,Crashes_2010_2019_MPO,2015-04-20,2015,35.92925,-86.82442,False,0,0,0,,,,,,,,
100821131,Crashes_2010_2019_MPO,2015-04-20,2015,35.95023,-86.80698,False,0,0,0,,,,,,,,
100821313,Crashes_2010_2019_MPO,2015-04-20,2015,35.99657,-86.78829,True,0,0,0,,,,,,,,
100821000,Crashes_2010_2019_MPO,2015-04-20,2015,35.94275,-86.81576,False,0,0,0,,,,,,,,
100821255,Crashes_2010_2019_MPO,2015-04-20,2015,35.94698,-86.81139,False,0,0,0,,,,,,,,
100821173,Crashes_2010_2019_MPO,2015-04-20,2015,36.0261,-86.79185,True,0,0,0,,,,,,,,
100821256,Crashes_2010_2019_MPO,2015-04-20,2015,35.92988,-86.82416,False,0,0,0,,,,,,,,
100821016,Crashes_2010_2019_MPO,2015-04-20,2015,35.95787,-86.80256,False,0,0,0,,,,,,,,
100821227,Crashes_2010_2019_MPO,2015-04-20,2015,36.04794,-86.86503,False,0,0,0,,,,,,,,
100821110,Crashes_2010_2019_MPO,2015-04-20,2015,35.97784,-86.80356,True,0,0,0,,,,,,,,
100821538,Crashes_2010_2019_MPO,2015-04-21,2015,35.96804,-86.7552,True,0,0,0,,,,,,,,
100821860,Crashes_2010_2019_MPO,2015-04-21,2015,36.04908,-86.77535,False,0,0,0,,,,,,,,
100821795,Crashes_2010_2019_MPO,2015-04-21,2015,35.94677,-86.85185,False,0,0,0,,,,,,,,
100822025,Crashes_2010_2019_MPO,2015-04-21,2015,35.94019,-86.81664,False,0,0,0,,,,,,,,
100821747,Crashes_2010_2019_MPO,2015-04-21,2015,36.04001,-86.74349,False,0,0,0,,,,,,,,
100821877,Crashes_2010_2019_MPO,2015-04-21,2015,36.04105,-86.77612,False,0,0,0,,,,,,,,
100821813,Crashes_2010_2019_MPO,2015-04-21,2015,36.04162,-86.74921,False,0,0,0,,,,,,,,
100821845,Crashes_2010_2019_MPO,2015-04-21,2015,35.95408,-86.8459,False,0,0,0,,,,,,,,
100821757,Crashes_2010_2019_MPO,2015-04-21,2015,35.98455,-86.7251,True,0,0,0,,,,,,,,
100823344,Crashes_2010_2019_MPO,2015-04-21,2015,35.97738,-86.80372,True,0,0,0,,,,,,,,
100821809,Crashes_2010_2019_MPO,2015-04-21,2015,35.96136,-86.81234,False,0,0,0,,,,,,,,
100821818,Crashes_2010_2019_MPO,2015-04-21,2015,35.94726,-86.86701,False,0,0,0,,,,,,,,
100821902,Crashes_2010_2019_MPO,2015-04-21,2015,35.99169,-86.79876,True,0,0,0,,,,,,,,
100822284,Crashes_2010_2019_MPO,2015-04-22,2015,36.03446,-86.79252,True,0,0,0,,,,,,,,
100822196,Crashes_2010_2019_MPO,2015-04-22,2015,35.99551,-86.77889,True,0,0,0,,,,,,,,
100822237,Crashes_2010_2019_MPO,2015-04-22,2015,36.03738,-86.791,False,0,0,0,,,,,,,,
100822202,Crashes_2010_2019_MPO,2015-04-22,2015,36.0362,-86.80406,True,0,0,0,,,,,,,,
100823338,Crashes_2010_2019_MPO,2015-04-22,2015,35.95702,-86.76642,True,0,0,0,,,,,,,,
100822361,Crashes_2010_2019_MPO,2015-04-22,2015,35.96132,-86.81219,False,0,0,0,,,,,,,,
100822598,Crashes_2010_2019_MPO,2015-04-22,2015,35.97205,-86.82648,True,0,0,1,,,,,,,,
100822324,Crashes_2010_2019_MPO,2015-04-22,2015,36.04548,-86.70414,False,0,0,0,,,,,,,,
100822179,Crashes_2010_2019_MPO,2015-04-22,2015,35.95649,-86.76388,True,0,0,0,,,,,,,,
100822066,Crashes_2010_2019_MPO,2015-04-22,2015,36.02096,-86.78277,True,0,0,0,,,,,,,,
100822076,Crashes_2010_2019_MPO,2015-04-22,2015,36.04707,-86.86174,False,0,0,0,,,,,,,,
100822274,Crashes_2010_2019_MPO,2015-04-22,2015,35.94113,-86.83624,False,0,0,0,,,,,,,,
100822516,Crashes_2010_2019_MPO,2015-04-23,2015,36.03994,-86.74167,False,0,0,0,,,,,,,,
100823027,Crashes_2010_2019_MPO,2015-04-23,2015,35.99733,-86.79474,True,0,0,0,,,,,,,,
100822580,Crashes_2010_2019_MPO,2015-04-23,2015,36.03323,-86.78523,True,0,0,0,,,,,,,,
100822619,Crashes_2010_2019_MPO,2015-04-23,2015,35.99781,-86.79885,True,0,0,0,,,,,,,,
100825616,Crashes_2010_2019_MPO,2015-04-23,2015,35.92652,-86.82563,False,0,0,0,,,,,,,,
100825615,Crashes_2010_2019_MPO,2015-04-23,2015,35.92738,-86.86871,False,0,0,0,,,,,,,,
100822479,Crashes_2010_2019_MPO,2015-04-23,2015,36.05017,-86.87369,False,0,0,0,,,,,,,,
100822441,Crashes_2010_2019_MPO,2015-04-23,2015,35.93549,-86.82394,False,0,0,0,,,,,,,,
100822746,Crashes_2010_2019_MPO,2015-04-23,2015,36.04399,-86.86555,True,0,0,0,,,,,,,,
100822514,Crashes_2010_2019_MPO,2015-04-23,2015,36.04098,-86.77941,False,0,0,0,,,,,,,,
100822537,Crashes_2010_2019_MPO,2015-04-23,2015,35.962,-86.81517,False,0,0,0,,,,,,,,
100822668,Crashes_2010_2019_MPO,2015-04-23,2015,35.94814,-86.81693,False,0,0,0,,,,,,,,
100822835,Crashes_2010_2019_MPO,2015-04-23,2015,35.93585,-86.82561,False,0,0,0,,,,,,,,
100823851,Crashes_2010_2019_MPO,2015-04-24,2015,36.04522,-86.71506,False,0,0,0,,,,,,,,
100823403,Crashes_2010_2019_MPO,2015-04-24,2015,36.04078,-86.77982,False,0,0,0,,,,,,,,
100823323,Crashes_2010_2019_MPO,2015-04-24,2015,36.05057,-86.87756,False,0,0,0,,,,,,,,
100823415,Crashes_2010_2019_MPO,2015-04-24,2015,35.9558,-86.8171,False,0,0,0,,,,,,,,
100823330,Crashes_2010_2019_MPO,2015-04-24,2015,35.95053,-86.80028,False,0,1,0,,,,,,,,
100823465,Crashes_2010_2019_MPO,2015-04-24,2015,35.97102,-86.72644,True,0,0,0,,,,,,,,
100823445,Crashes_2010_2019_MPO,2015-04-24,2015,36.04541,-86.70308,False,0,0,0,,,,,,,,
100823190,Crashes_2010_2019_MPO,2015-04-24,2015,36.02828,-86.79151,True,0,0,0,,,,,,,,
100822949,Crashes_2010_2019_MPO,2015-04-24,2015,35.99932,-86.80904,True,0,0,0,,,,,,,,
100823018,Crashes_2010_2019_MPO,2015-04-24,2015,35.92335,-86.87175,False,0,0,0,,,,,,,,
100823916,Crashes_2010_2019_MPO,2015-04-24,2015,35.99117,-86.75204,True,0,0,0,,,,,,,,
100823036,Crashes_2010_2019_MPO,2015-04-24,2015,35.99526,-86.77615,True,0,0,0,,,,,,,,
100823342,Crashes_2010_2019_MPO,2015-04-24,2015,35.96453,-86.81434,False,0,0,0,,,,,,,,
100823339,Crashes_2010_2019_MPO,2015-04-24,2015,36.03816,-86.74347,False,0,0,0,,,,,,,,
100824689,Crashes_2010_2019_MPO,2015-04-24,2015,35.96665,-86.80926,True,0,0,0,,,,,,,,
100823290,Crashes_2010_2019_MPO,2015-04-24,2015,35.94467,-86.82831,False,0,0,0,,,,,,,,
100823853,Crashes_2010_2019_MPO,2015-04-25,2015,36.04121,-86.7761,False,0,0,0,,,,,,,,
100824461,Crashes_2010_2019_MPO,2015-04-25,2015,36.04084,-86.77935,False,0,0,0,,,,,,,,
100823901,Crashes_2010_2019_MPO,2015-04-25,2015,35.96667,-86.81096,True,0,0,0,,,,,,,,
100824051,Crashes_2010_2019_MPO,2015-04-25,2015,35.9806,-86.80259,True,0,0,0,,,,,,,,
100826226,Crashes_2010_2019_MPO,2015-04-25,2015,35.94662,-86.85133,False,0,0,0,,,,,,,,
100823997,Crashes_2010_2019_MPO,2015-04-25,2015,35.93857,-86.82161,False,0,0,0,,,,,,,,
100823627,Crashes_2010_2019_MPO,2015-04-25,2015,36.03977,-86.78269,False,0,0,0,,,,,,,,
100823550,Crashes_2010_2019_MPO,2015-04-25,2015,35.9384,-86.7075,False,0,0,0,,,,,,,,
100823663,Crashes_2010_2019_MPO,2015-04-25,2015,36.0392,-86.70583,False,0,0,0,,,,,,,,
100823750,Crashes_2010_2019_MPO,2015-04-25,2015,35.92738,-86.86871,False,0,0,0,,,,,,,,
100826241,Crashes_2010_2019_MPO,2015-04-25,2015,35.96442,-86.8082,False,0,0,0,,,,,,,,
100824097,Crashes_2010_2019_MPO,2015-04-26,2015,35.9975,-86.79616,True,0,0,0,,,,,,,,
100824257,Crashes_2010_2019_MPO,2015-04-26,2015,36.03816,-86.78635,False,0,0,0,,,,,,,,
100824118,Crashes_2010_2019_MPO,2015-04-26,2015,35.99688,-86.79185,True,0,0,0,,,,,,,,
100824193,Crashes_2010_2019_MPO,2015-04-26,2015,35.99574,-86.75156,True,0,0,0,,,,,,,,
100828011,Crashes_2010_2019_MPO,2015-04-26,2015,36.04623,-86.68958,False,0,0,0,,,,,,,,
100824284,Crashes_2010_2019_MPO,2015-04-26,2015,36.05487,-86.72913,False,0,0,0,,,,,,,,