record_no,source_layer,collision_ts,crash_year,latitude,longitude,in_city,fatalities,non_motorists,truck_involved,serious_injuries,pedestrian,bicycle,crash_type,manner_of_collision,lighting,weather,first_harmful_event
100824246,Crashes_2010_2019_MPO,2015-04-26,2015,36.0407,-86.74363,False,0,0,0,,,,,,,,
100824314,Crashes_2010_2019_MPO,2015-04-26,2015,35.92738,-86.86871,False,0,0,0,,,,,,,,
100824625,Crashes_2010_2019_MPO,2015-04-27,2015,35.94566,-86.76036,True,0,0,0,,,,,,,,
100824708,Crashes_2010_2019_MPO,2015-04-27,2015,35.98623,-86.77802,True,0,0,0,,,,,,,,
100824865,Crashes_2010_2019_MPO,2015-04-27,2015,36.04538,-86.71357,False,0,0,0,,,,,,,,
100824793,Crashes_2010_2019_MPO,2015-04-27,2015,36.04298,-86.70322,False,0,0,0,,,,,,,,
100824815,Crashes_2010_2019_MPO,2015-04-27,2015,36.0264,-86.7903,True,0,0,0,,,,,,,,
100824925,Crashes_2010_2019_MPO,2015-04-27,2015,35.92743,-86.74125,False,0,0,0,,,,,,,,
100824615,Crashes_2010_2019_MPO,2015-04-27,2015,35.99688,-86.79697,True,0,0,0,,,,,,,,
100824521,Crashes_2010_2019_MPO,2015-04-27,2015,35.9495,-86.81339,False,0,0,0,,,,,,,,
100824774,Crashes_2010_2019_MPO,2015-04-27,2015,35.94848,-86.80797,False,0,0,0,,,,,,,,
100824567,Crashes_2010_2019_MPO,2015-04-27,2015,36.03786,-86.78473,False,0,0,0,,,,,,,,
100825237,Crashes_2010_2019_MPO,2015-04-28,2015,35.92493,-86.79887,False,0,0,0,,,,,,,,
100824991,Crashes_2010_2019_MPO,2015-04-28,2015,35.99455,-86.76741,True,0,0,0,,,,,,,,
100825078,Crashes_2010_2019_MPO,2015-04-28,2015,35.92947,-86.84135,False,0,0,0,,,,,,,,
100825319,Crashes_2010_2019_MPO,2015-04-28,2015,36.05484,-86.68906,False,0,0,0,,,,,,,,
100825420,Crashes_2010_2019_MPO,2015-04-28,2015,35.95801,-86.80257,False,0,0,0,,,,,,,,
100825031,Crashes_2010_2019_MPO,2015-04-28,2015,35.9974,-86.79482,True,0,0,0,,,,,,,,
100824912,Crashes_2010_2019_MPO,2015-04-28,2015,35.99241,-86.82843,True,0,0,0,,,,,,,,
100825315,Crashes_2010_2019_MPO,2015-04-28,2015,36.0454,-86.71336,False,0,0,0,,,,,,,,
100824973,Crashes_2010_2019_MPO,2015-04-28,2015,36.0538,-86.73597,False,0,0,0,,,,,,,,
100825441,Crashes_2010_2019_MPO,2015-04-29,2015,36.05211,-86.74268,False,0,0,0,,,,,,,,
100825844,Crashes_2010_2019_MPO,2015-04-29,2015,35.92767,-86.86812,False,0,0,0,,,,,,,,
100825754,Crashes_2010_2019_MPO,2015-04-29,2015,35.98137,-86.80232,True,0,0,0,,,,,,,,
100825433,Crashes_2010_2019_MPO,2015-04-29,2015,35.97137,-86.8058,True,0,0,0,,,,,,,,
100825747,Crashes_2010_2019_MPO,2015-04-29,2015,36.0424,-86.71364,False,0,0,0,,,,,,,,
100825665,Crashes_2010_2019_MPO,2015-04-29,2015,36.03635,-86.79512,True,0,0,0,,,,,,,,
100825746,Crashes_2010_2019_MPO,2015-04-29,2015,35.92299,-86.86922,False,0,0,0,,,,,,,,
100825725,Crashes_2010_2019_MPO,2015-04-29,2015,36.01979,-86.74215,False,0,0,0,,,,,,,,
100825693,Crashes_2010_2019_MPO,2015-04-29,2015,36.03336,-86.78872,True,0,0,0,,,,,,,,
100825845,Crashes_2010_2019_MPO,2015-04-29,2015,35.94003,-86.83114,False,0,0,0,,,,,,,,
100825683,Crashes_2010_2019_MPO,2015-04-29,2015,35.99564,-86.78019,True,0,0,0,,,,,,,,
100825599,Crashes_2010_2019_MPO,2015-04-29,2015,36.03322,-86.78532,True,0,0,0,,,,,,,,
100826156,Crashes_2010_2019_MPO,2015-04-30,2015,35.99502,-86.7795,True,0,1,0,,,,,,,,
100826092,Crashes_2010_2019_MPO,2015-04-30,2015,36.03983,-86.76419,False,0,0,0,,,,,,,,
100826767,Crashes_2010_2019_MPO,2015-04-30,2015,36.03751,-86.78652,False,0,1,0,,,,,,,,
100826410,Crashes_2010_2019_MPO,2015-04-30,2015,36.04203,-86.83296,False,0,0,0,,,,,,,,
100826506,Crashes_2010_2019_MPO,2015-04-30,2015,36.05455,-86.7243,False,0,0,0,,,,,,,,
100826017,Crashes_2010_2019_MPO,2015-04-30,2015,36.03169,-86.78964,True,0,0,0,,,,,,,,
100829347,Crashes_2010_2019_MPO,2015-04-30,2015,35.94422,-86.81975,False,0,0,0,,,,,,,,
100826295,Crashes_2010_2019_MPO,2015-04-30,2015,36.02931,-86.74343,False,0,0,0,,,,,,,,
100826483,Crashes_2010_2019_MPO,2015-04-30,2015,36.00517,-86.78979,True,0,0,0,,,,,,,,
100826149,Crashes_2010_2019_MPO,2015-04-30,2015,36.04001,-86.74349,False,0,0,0,,,,,,,,
100826009,Crashes_2010_2019_MPO,2015-04-30,2015,36.0205,-86.78268,True,0,0,0,,,,,,,,
100826560,Crashes_2010_2019_MPO,2015-04-30,2015,35.92641,-86.82446,False,0,0,0,,,,,,,,
100828715,Crashes_2010_2019_MPO,2015-05-01,2015,36.03368,-86.78854,True,0,0,0,,,,,,,,
100827041,Crashes_2010_2019_MPO,2015-05-01,2015,35.96457,-86.81449,False,0,0,0,,,,,,,,
100826852,Crashes_2010_2019_MPO,2015-05-01,2015,35.96667,-86.81096,True,0,0,0,,,,,,,,
100826608,Crashes_2010_2019_MPO,2015-05-01,2015,35.97694,-86.77,True,0,0,0,,,,,,,,
100827324,Crashes_2010_2019_MPO,2015-05-01,2015,35.99924,-86.80919,True,0,0,0,,,,,,,,
100826933,Crashes_2010_2019_MPO,2015-05-01,2015,36.03155,-86.78972,True,0,0,0,,,,,,,,
100826656,Crashes_2010_2019_MPO,2015-05-01,2015,35.99924,-86.80919,True,0,0,0,,,,,,,,
100826883,Crashes_2010_2019_MPO,2015-05-01,2015,35.99785,-86.79923,True,0,0,0,,,,,,,,
100826634,Crashes_2010_2019_MPO,2015-05-01,2015,36.03863,-86.7324,False,0,0,0,,,,,,,,
100826683,Crashes_2010_2019_MPO,2015-05-01,2015,36.02284,-86.83171,True,0,0,0,,,,,,,,
100829682,Crashes_2010_2019_MPO,2015-05-01,2015,35.95799,-86.81639,False,0,0,0,,,,,,,,
100826744,Crashes_2010_2019_MPO,2015-05-01,2015,35.99924,-86.80919,True,0,0,0,,,,,,,,
100827128,Crashes_2010_2019_MPO,2015-05-01,2015,35.96018,-86.80227,False,0,0,0,,,,,,,,
100826938,Crashes_2010_2019_MPO,2015-05-01,2015,35.93117,-86.79409,False,0,0,0,,,,,,,,
100832831,Crashes_2010_2019_MPO,2015-05-01,2015,35.94428,-86.81993,False,0,0,0,,,,,,,,
100826912,Crashes_2010_2019_MPO,2015-05-01,2015,36.04059,-86.74361,False,0,0,0,,,,,,,,
100827740,Crashes_2010_2019_MPO,2015-05-01,2015,36.04536,-86.71372,False,0,0,0,,,,,,,,
100827302,Crashes_2010_2019_MPO,2015-05-02,2015,36.01446,-86.70502,False,0,0,0,,,,,,,,
100827435,Crashes_2010_2019_MPO,2015-05-02,2015,36.03741,-86.78585,False,0,0,0,,,,,,,,
100827211,Crashes_2010_2019_MPO,2015-05-02,2015,35.996,-86.78482,True,0,0,0,,,,,,,,
100827623,Crashes_2010_2019_MPO,2015-05-02,2015,35.99549,-86.77872,True,0,0,0,,,,,,,,
100827726,Crashes_2010_2019_MPO,2015-05-02,2015,35.96957,-86.80848,True,0,0,0,,,,,,,,
100827122,Crashes_2010_2019_MPO,2015-05-02,2015,35.9572,-86.81647,False,0,0,0,,,,,,,,
100827218,Crashes_2010_2019_MPO,2015-05-02,2015,35.99757,-86.79681,True,0,0,0,,,,,,,,
100827233,Crashes_2010_2019_MPO,2015-05-02,2015,35.96196,-86.815,False,0,0,0,,,,,,,,
100827902,Crashes_2010_2019_MPO,2015-05-02,2015,35.94401,-86.82284,False,0,0,0,,,,,,,,
100827492,Crashes_2010_2019_MPO,2015-05-02,2015,35.93407,-86.8191,False,0,0,0,,,,,,,,
100827498,Crashes_2010_2019_MPO,2015-05-02,2015,36.04157,-86.71277,False,0,0,0,,,,,,,,
100827248,Crashes_2010_2019_MPO,2015-05-02,2015,36.04331,-86.84224,False,0,0,0,,,,,,,,
100827458,Crashes_2010_2019_MPO,2015-05-02,2015,35.9523,-86.81779,False,0,0,0,,,,,,,,
100827922,Crashes_2010_2019_MPO,2015-05-03,2015,35.97265,-86.80653,True,0,0,0,,,,,,,,
100827983,Crashes_2010_2019_MPO,2015-05-03,2015,35.92954,-86.84187,False,0,0,0,,,,,,,,
100827617,Crashes_2010_2019_MPO,2015-05-03,2015,36.05154,-86.71424,False,0,0,0,,,,,,,,
100827974,Crashes_2010_2019_MPO,2015-05-03,2015,35.96142,-86.81533,False,0,0,0,,,,,,,,
100827965,Crashes_2010_2019_MPO,2015-05-03,2015,36.02193,-86.70218,False,0,0,0,,,,,,,,
100828066,Crashes_2010_2019_MPO,2015-05-03,2015,36.04685,-86.67941,False,0,0,0,,,,,,,,
100827790,Crashes_2010_2019_MPO,2015-05-03,2015,36.03482,-86.70579,False,0,0,0,,,,,,,,
100827975,Crashes_2010_2019_MPO,2015-05-03,2015,35.9614,-86.81533,False,0,0,0,,,,,,,,
100827909,Crashes_2010_2019_MPO,2015-05-03,2015,35.99424,-86.77639,True,0,0,0,,,,,,,,
100827982,Crashes_2010_2019_MPO,2015-05-03,2015,35.95804,-86.80257,False,0,0,0,,,,,,,,
100827864,Crashes_2010_2019_MPO,2015-05-03,2015,35.93561,-86.82388,False,0,0,0,,,,,,,,
100828302,Crashes_2010_2019_MPO,2015-05-04,2015,35.9652,-86.80847,False,0,0,0,,,,,,,,
100828286,Crashes_2010_2019_MPO,2015-05-04,2015,35.9668,-86.80901,True,0,0,0,,,,,,,,
100828574,Crashes_2010_2019_MPO,2015-05-04,2015,36.00177,-86.69007,False,0,0,0,,,,,,,,
100828211,Crashes_2010_2019_MPO,2015-05-04,2015,36.04032,-86.78237,False,0,0,0,,,,,,,,
100828450,Crashes_2010_2019_MPO,2015-05-04,2015,35.9498,-86.81328,False,0,0,0,,,,,,,,
100828411,Crashes_2010_2019_MPO,2015-05-04,2015,35.96382,-86.80841,False,0,0,0,,,,,,,,
100828093,Crashes_2010_2019_MPO,2015-05-04,2015,36.04112,-86.74859,False,0,0,0,,,,,,,,
100828965,Crashes_2010_2019_MPO,2015-05-05,2015,36.03939,-86.78176,False,0,0,0,,,,,,,,
100832828,Crashes_2010_2019_MPO,2015-05-05,2015,35.94613,-86.82347,False,0,0,0,,,,,,,,
100828999,Crashes_2010_2019_MPO,2015-05-05,2015,35.9636,-86.80061,True,0,0,0,,,,,,,,
100828850,Crashes_2010_2019_MPO,2015-05-05,2015,36.04025,-86.74495,False,0,0,0,,,,,,,,
100828968,Crashes_2010_2019_MPO,2015-05-05,2015,35.93549,-86.82394,False,0,0,0,,,,,,,,
100829681,Crashes_2010_2019_MPO,2015-05-05,2015,35.95828,-86.80171,False,0,0,0,,,,,,,,
100828886,Crashes_2010_2019_MPO,2015-05-05,2015,35.93933,-86.82145,False,0,0,0,,,,,,,,
100829098,Crashes_2010_2019_MPO,2015-05-05,2015,36.04001,-86.74349,False,0,0,0,,,,,,,,
100829344,Crashes_2010_2019_MPO,2015-05-05,2015,35.94883,-86.76631,True,0,0,0,,,,,,,,
100828798,Crashes_2010_2019_MPO,2015-05-05,2015,35.9667,-86.81117,True,0,0,0,,,,,,,,
100828729,Crashes_2010_2019_MPO,2015-05-05,2015,35.94755,-86.8201,False,0,0,0,,,,,,,,
100832829,Crashes_2010_2019_MPO,2015-05-05,2015,35.94268,-86.82082,False,0,0,0,,,,,,,,
100828985,Crashes_2010_2019_MPO,2015-05-05,2015,36.03758,-86.79353,False,0,0,0,,,,,,,,
100828873,Crashes_2010_2019_MPO,2015-05-05,2015,36.0085,-86.78038,True,0,0,0,,,,,,,,
100829005,Crashes_2010_2019_MPO,2015-05-05,2015,35.97332,-86.83308,True,0,0,0,,,,,,,,
100828698,Crashes_2010_2019_MPO,2015-05-05,2015,36.03348,-86.71295,False,0,0,0,,,,,,,,
100828728,Crashes_2010_2019_MPO,2015-05-05,2015,35.93372,-86.81792,False,0,0,0,,,,,,,,
100828717,Crashes_2010_2019_MPO,2015-05-05,2015,36.05055,-86.87743,False,0,0,0,,,,,,,,
100828840,Crashes_2010_2019_MPO,2015-05-05,2015,36.05451,-86.7245,False,0,0,0,,,,,,,,
100829284,Crashes_2010_2019_MPO,2015-05-06,2015,35.92955,-86.82034,False,0,0,0,,,,,,,,
100829724,Crashes_2010_2019_MPO,2015-05-06,2015,35.93554,-86.82375,False,0,0,0,,,,,,,,
100829310,Crashes_2010_2019_MPO,2015-05-06,2015,35.93916,-86.83844,False,0,0,0,,,,,,,,
100829810,Crashes_2010_2019_MPO,2015-05-06,2015,35.92955,-86.84264,False,0,0,0,,,,,,,,
100829616,Crashes_2010_2019_MPO,2015-05-06,2015,36.02545,-86.79311,True,0,0,0,,,,,,,,
100829883,Crashes_2010_2019_MPO,2015-05-06,2015,35.94687,-86.82178,False,0,0,0,,,,,,,,
100830024,Crashes_2010_2019_MPO,2015-05-06,2015,36.04106,-86.77891,False,0,0,1,,,,,,,,
100829642,Crashes_2010_2019_MPO,2015-05-06,2015,36.00342,-86.69795,False,0,0,0,,,,,,,,
100829649,Crashes_2010_2019_MPO,2015-05-06,2015,36.03103,-86.71258,False,0,0,0,,,,,,,,
100829608,Crashes_2010_2019_MPO,2015-05-06,2015,36.0138,-86.80463,True,0,0,0,,,,,,,,
100829585,Crashes_2010_2019_MPO,2015-05-06,2015,36.01234,-86.80117,True,0,0,0,,,,,,,,
100829469,Crashes_2010_2019_MPO,2015-05-06,2015,36.04551,-86.71202,False,0,0,0,,,,,,,,
100829691,Crashes_2010_2019_MPO,2015-05-06,2015,35.99615,-86.78551,True,0,0,0,,,,,,,,
100829605,Crashes_2010_2019_MPO,2015-05-06,2015,35.99156,-86.79881,True,0,0,1,,,,,,,,
100829408,Crashes_2010_2019_MPO,2015-05-06,2015,35.92815,-86.83098,False,0,0,0,,,,,,,,
100829672,Crashes_2010_2019_MPO,2015-05-06,2015,35.92403,-86.84185,False,0,0,0,,,,,,,,
100829836,Crashes_2010_2019_MPO,2015-05-06,2015,36.03738,-86.791,False,0,0,0,,,,,,,,
100830041,Crashes_2010_2019_MPO,2015-05-07,2015,35.99808,-86.69162,False,0,0,0,,,,,,,,
100830083,Crashes_2010_2019_MPO,2015-05-07,2015,35.98878,-86.80002,True,0,0,0,,,,,,,,
100829994,Crashes_2010_2019_MPO,2015-05-07,2015,36.05241,-86.70792,False,0,0,0,,,,,,,,
100831631,Crashes_2010_2019_MPO,2015-05-07,2015,35.96396,-86.80861,False,0,0,0,,,,,,,,
100830700,Crashes_2010_2019_MPO,2015-05-07,2015,35.96174,-86.80177,True,0,0,0,,,,,,,,
100830137,Crashes_2010_2019_MPO,2015-05-07,2015,36.0417,-86.74862,False,0,0,0,,,,,,,,
100836860,Crashes_2010_2019_MPO,2015-05-07,2015,35.9246,-86.87012,False,0,0,0,,,,,,,,
100832411,Crashes_2010_2019_MPO,2015-05-07,2015,36.04101,-86.74623,False,0,0,0,,,,,,,,
100829736,Crashes_2010_2019_MPO,2015-05-07,2015,35.94922,-86.75221,True,0,0,0,,,,,,,,
100830005,Crashes_2010_2019_MPO,2015-05-07,2015,36.03743,-86.78717,False,0,0,0,,,,,,,,
100829909,Crashes_2010_2019_MPO,2015-05-07,2015,36.03735,-86.78829,False,0,0,0,,,,,,,,
100830476,Crashes_2010_2019_MPO,2015-05-07,2015,35.94802,-86.81997,False,0,0,0,,,,,,,,
100831620,Crashes_2010_2019_MPO,2015-05-08,2015,35.95002,-86.81384,False,0,0,0,,,,,,,,
100830718,Crashes_2010_2019_MPO,2015-05-08,2015,35.96708,-86.81356,True,0,0,0,,,,,,,,
100830820,Crashes_2010_2019_MPO,2015-05-08,2015,36.030385,-86.791311,True,0,0,0,,,,,,,,
100832163,Crashes_2010_2019_MPO,2015-05-08,2015,35.96384,-86.80041,True,0,0,0,,,,,,,,
100830367,Crashes_2010_2019_MPO,2015-05-08,2015,36.04651,-86.68337,False,0,0,0,,,,,,,,
100830544,Crashes_2010_2019_MPO,2015-05-08,2015,35.93314,-86.81159,False,0,0,0,,,,,,,,
100830406,Crashes_2010_2019_MPO,2015-05-08,2015,36.04519,-86.68711,False,0,0,0,,,,,,,,
100833323,Crashes_2010_2019_MPO,2015-05-08,2015,36.01272,-86.83189,True,0,0,0,,,,,,,,
100830599,Crashes_2010_2019_MPO,2015-05-08,2015,35.94732,-86.85144,False,0,0,0,,,,,,,,
100831263,Crashes_2010_2019_MPO,2015-05-08,2015,36.03322,-86.78254,True,0,0,0,,,,,,,,
100831154,Crashes_2010_2019_MPO,2015-05-08,2015,35.9926,-86.68478,False,0,0,0,,,,,,,,
100831360,Crashes_2010_2019_MPO,2015-05-09,2015,36.04425,-86.78095,False,0,0,0,,,,,,,,
100831586,Crashes_2010_2019_MPO,2015-05-09,2015,35.99624,-86.78636,True,0,0,0,,,,,,,,
100831377,Crashes_2010_2019_MPO,2015-05-09,2015,36.03318,-86.78284,True,0,0,0,,,,,,,,
100833396,Crashes_2010_2019_MPO,2015-05-09,2015,35.93526,-86.86041,False,0,0,0,,,,,,,,
100831381,Crashes_2010_2019_MPO,2015-05-09,2015,36.04671,-86.7093,False,0,0,0,,,,,,,,
100832069,Crashes_2010_2019_MPO,2015-05-09,2015,35.95866,-86.80195,False,0,3,0,,,,,,,,
100831226,Crashes_2010_2019_MPO,2015-05-09,2015,36.02382,-86.78709,True,0,0,0,,,,,,,,
100831658,Crashes_2010_2019_MPO,2015-05-09,2015,35.95585,-86.8313,False,0,0,0,,,,,,,,
100831607,Crashes_2010_2019_MPO,2015-05-09,2015,35.99647,-86.68934,False,0,0,0,,,,,,,,
100831690,Crashes_2010_2019_MPO,2015-05-10,2015,36.04201,-86.74392,False,0,0,0,,,,,,,,
100831659,Crashes_2010_2019_MPO,2015-05-10,2015,36.04273,-86.84013,False,0,0,0,,,,,,,,
100831840,Crashes_2010_2019_MPO,2015-05-10,2015,35.96425,-86.80235,True,0,0,0,,,,,,,,
100831937,Crashes_2010_2019_MPO,2015-05-10,2015,36.04001,-86.74349,False,0,0,0,,,,,,,,
100831713,Crashes_2010_2019_MPO,2015-05-10,2015,36.03829,-86.71303,False,0,0,0,,,,,,,,
101192113,Crashes_2010_2019_MPO,2015-05-10,2015,35.94451,-86.82843,False,0,0,0,,,,,,,,
100832426,Crashes_2010_2019_MPO,2015-05-11,2015,36.04541,-86.71819,False,0,0,1,,,,,,,,
100832159,Crashes_2010_2019_MPO,2015-05-11,2015,36.0392,-86.73576,False,0,0,0,,,,,,,,
100832272,Crashes_2010_2019_MPO,2015-05-11,2015,36.0453,-86.71315,False,0,0,0,,,,,,,,
100832042,Crashes_2010_2019_MPO,2015-05-11,2015,36.0501,-86.87318,False,0,0,0,,,,,,,,
100832245,Crashes_2010_2019_MPO,2015-05-11,2015,36.03405,-86.78833,True,0,0,0,,,,,,,,
100832226,Crashes_2010_2019_MPO,2015-05-11,2015,36.03671,-86.78679,False,0,0,0,,,,,,,,
100832288,Crashes_2010_2019_MPO,2015-05-11,2015,35.97231,-86.8274,True,0,0,0,,,,,,,,
100832998,Crashes_2010_2019_MPO,2015-05-12,2015,35.92709,-86.82445,False,0,0,0,,,,,,,,
100837393,Crashes_2010_2019_MPO,2015-05-12,2015,35.9379,-86.82191,False,0,0,0,,,,,,,,
100832849,Crashes_2010_2019_MPO,2015-05-12,2015,36.03987,-86.74096,False,0,0,0,,,,,,,,
100832707,Crashes_2010_2019_MPO,2015-05-12,2015,36.05081,-86.71608,False,0,0,0,,,,,,,,
100833087,Crashes_2010_2019_MPO,2015-05-12,2015,36.02633,-86.69526,False,0,0,0,,,,,,,,
100832699,Crashes_2010_2019_MPO,2015-05-12,2015,35.99758,-86.79684,True,0,0,1,,,,,,,,
100832743,Crashes_2010_2019_MPO,2015-05-12,2015,36.03941,-86.78239,False,0,0,0,,,,,,,,
100835099,Crashes_2010_2019_MPO,2015-05-12,2015,36.01866,-86.75323,True,0,0,0,,,,,,,,
100832797,Crashes_2010_2019_MPO,2015-05-12,2015,36.04069,-86.77963,False,0,0,0,,,,,,,,
100833194,Crashes_2010_2019_MPO,2015-05-12,2015,35.95723,-86.81662,False,0,0,0,,,,,,,,
100833045,Crashes_2010_2019_MPO,2015-05-12,2015,35.95825,-86.80168,False,0,0,0,,,,,,,,
100832843,Crashes_2010_2019_MPO,2015-05-12,2015,36.0399,-86.74123,False,0,0,0,,,,,,,,
100832977,Crashes_2010_2019_MPO,2015-05-12,2015,35.97131,-86.76969,True,0,0,0,,,,,,,,
100833207,Crashes_2010_2019_MPO,2015-05-13,2015,36.02173,-86.74267,False,0,0,0,,,,,,,,
100833258,Crashes_2010_2019_MPO,2015-05-13,2015,36.02173,-86.74267,False,0,0,0,,,,,,,,
100833502,Crashes_2010_2019_MPO,2015-05-13,2015,36.03322,-86.78532,True,0,0,0,,,,,,,,
100833216,Crashes_2010_2019_MPO,2015-05-13,2015,35.92912,-86.84189,False,0,0,0,,,,,,,,
100834044,Crashes_2010_2019_MPO,2015-05-13,2015,36.03992,-86.7813,False,0,0,0,,,,,,,,
100833923,Crashes_2010_2019_MPO,2015-05-13,2015,36.04527,-86.71465,False,0,0,0,,,,,,,,
100833527,Crashes_2010_2019_MPO,2015-05-13,2015,35.9511,-86.84829,False,0,0,0,,,,,,,,
100833287,Crashes_2010_2019_MPO,2015-05-13,2015,36.03351,-86.78863,True,0,0,0,,,,,,,,
100833212,Crashes_2010_2019_MPO,2015-05-13,2015,36.0378,-86.78486,False,0,0,0,,,,,,,,
100833499,Crashes_2010_2019_MPO,2015-05-13,2015,36.04104,-86.74371,False,0,0,0,,,,,,,,
100833288,Crashes_2010_2019_MPO,2015-05-13,2015,36.03467,-86.71317,False,0,0,0,,,,,,,,
100833513,Crashes_2010_2019_MPO,2015-05-13,2015,36.03234,-86.74372,False,0,0,0,,,,,,,,
100833190,Crashes_2010_2019_MPO,2015-05-13,2015,36.04573,-86.86407,False,0,0,0,,,,,,,,
100833408,Crashes_2010_2019_MPO,2015-05-13,2015,35.9557,-86.76715,True,0,0,0,,,,,,,,
100833278,Crashes_2010_2019_MPO,2015-05-13,2015,36.05038,-86.87574,False,0,0,0,,,,,,,,
100834398,Crashes_2010_2019_MPO,2015-05-14,2015,36.03322,-86.78532,True,0,0,0,,,,,,,,
100834108,Crashes_2010_2019_MPO,2015-05-14,2015,35.95008,-86.8491,False,0,0,0,,,,,,,,
100834095,Crashes_2010_2019_MPO,2015-05-14,2015,35.96687,-86.81113,True,0,0,0,,,,,,,,
100836434,Crashes_2010_2019_MPO,2015-05-14,2015,35.94798,-86.81715,False,0,0,0,,,,,,,,
100834063,Crashes_2010_2019_MPO,2015-05-14,2015,36.03296,-86.79897,True,0,0,0,,,,,,,,
100837433,Crashes_2010_2019_MPO,2015-05-14,2015,36.04472,-86.78111,False,0,0,0,,,,,,,,
100833922,Crashes_2010_2019_MPO,2015-05-14,2015,35.94818,-86.81682,False,0,0,0,,,,,,,,
100833924,Crashes_2010_2019_MPO,2015-05-14,2015,35.95388,-86.80428,False,0,0,0,,,,,,,,
100833887,Crashes_2010_2019_MPO,2015-05-14,2015,36.04161,-86.74749,False,0,0,0,,,,,,,,
100833790,Crashes_2010_2019_MPO,2015-05-14,2015,35.96551,-86.79936,True,0,0,0,,,,,,,,
100834132,Crashes_2010_2019_MPO,2015-05-14,2015,36.03121,-86.87558,False,0,0,0,,,,,,,,
100834242,Crashes_2010_2019_MPO,2015-05-14,2015,35.92953,-86.71646,False,0,0,0,,,,,,,,
100833888,Crashes_2010_2019_MPO,2015-05-14,2015,36.04194,-86.82478,False,0,0,0,,,,,,,,
100834107,Crashes_2010_2019_MPO,2015-05-14,2015,35.93466,-86.86086,False,0,0,0,,,,,,,,
100834730,Crashes_2010_2019_MPO,2015-05-15,2015,36.00358,-86.69813,False,0,0,0,,,,,,,,
100834701,Crashes_2010_2019_MPO,2015-05-15,2015,36.05106,-86.77516,False,0,0,0,,,,,,,,
100835106,Crashes_2010_2019_MPO,2015-05-15,2015,36.03735,-86.78656,False,0,0,0,,,,,,,,
100834691,Crashes_2010_2019_MPO,2015-05-15,2015,36.0455,-86.70434,False,0,0,0,,,,,,,,
100834672,Crashes_2010_2019_MPO,2015-05-15,2015,35.96674,-86.80907,True,0,0,0,,,,,,,,
100836658,Crashes_2010_2019_MPO,2015-05-15,2015,35.9275,-86.87241,False,0,0,0,,,,,,,,
100834706,Crashes_2010_2019_MPO,2015-05-15,2015,35.97646,-86.82753,True,0,0,1,,,,,,,,
100834700,Crashes_2010_2019_MPO,2015-05-15,2015,36.04561,-86.71976,False,0,0,0,,,,,,,,
100834890,Crashes_2010_2019_MPO,2015-05-15,2015,35.96532,-86.70293,False,0,0,0,,,,,,,,
100834749,Crashes_2010_2019_MPO,2015-05-15,2015,36.02351,-86.69748,False,0,0,0,,,,,,,,
100834358,Crashes_2010_2019_MPO,2015-05-15,2015,36.03751,-86.78652,False,0,0,0,,,,,,,,
100835139,Crashes_2010_2019_MPO,2015-05-15,2015,35.96174,-86.80177,True,0,0,0,,,,,,,,
100836680,Crashes_2010_2019_MPO,2015-05-15,2015,35.94416,-86.82089,False,0,0,0,,,,,,,,
100834789,Crashes_2010_2019_MPO,2015-05-15,2015,36.00152,-86.83178,False,0,0,0,,,,,,,,
100834468,Crashes_2010_2019_MPO,2015-05-15,2015,35.96095,-86.81559,False,0,0,0,,,,,,,,
100835153,Crashes_2010_2019_MPO,2015-05-16,2015,35.95014,-86.80678,False,0,0,0,,,,,,,,
100835241,Crashes_2010_2019_MPO,2015-05-16,2015,36.03398,-86.78837,True,0,0,0,,,,,,,,
100835001,Crashes_2010_2019_MPO,2015-05-16,2015,36.04345,-86.78132,False,0,0,0,,,,,,,,
100834946,Crashes_2010_2019_MPO,2015-05-16,2015,36.02502,-86.74239,False,0,0,0,,,,,,,,
100835217,Crashes_2010_2019_MPO,2015-05-16,2015,35.96662,-86.8112,True,0,0,0,,,,,,,,
100836135,Crashes_2010_2019_MPO,2015-05-16,2015,35.93532,-86.77559,False,0,0,0,,,,,,,,
100835005,Crashes_2010_2019_MPO,2015-05-16,2015,36.04013,-86.78264,False,0,0,0,,,,,,,,
100835081,Crashes_2010_2019_MPO,2015-05-16,2015,36.03521,-86.79129,True,0,0,0,,,,,,,,
100835310,Crashes_2010_2019_MPO,2015-05-16,2015,35.99125,-86.69637,True,0,0,0,,,,,,,,
100835151,Crashes_2010_2019_MPO,2015-05-16,2015,36.0472,-86.86227,False,0,0,0,,,,,,,,
100835144,Crashes_2010_2019_MPO,2015-05-16,2015,35.94959,-86.81948,False,0,0,0,,,,,,,,
100835242,Crashes_2010_2019_MPO,2015-05-16,2015,35.96593,-86.80518,True,0,0,0,,,,,,,,
100835098,Crashes_2010_2019_MPO,2015-05-16,2015,35.99795,-86.69143,False,0,0,0,,,,,,,,
100835394,Crashes_2010_2019_MPO,2015-05-16,2015,35.95865,-86.80218,False,0,0,0,,,,,,,,
100835181,Crashes_2010_2019_MPO,2015-05-16,2015,35.96673,-86.80908,True,0,0,0,,,,,,,,
100835838,Crashes_2010_2019_MPO,2015-05-17,2015,36.04472,-86.72487,False,0,0,0,,,,,,,,
100835919,Crashes_2010_2019_MPO,2015-05-17,2015,36.04413,-86.68771,False,0,0,0,,,,,,,,
100835705,Crashes_2010_2019_MPO,2015-05-17,2015,35.97029,-86.77408,True,0,0,0,,,,,,,,
100835814,Crashes_2010_2019_MPO,2015-05-17,2015,36.05046,-86.69921,False,0,0,0,,,,,,,,
100835702,Crashes_2010_2019_MPO,2015-05-17,2015,35.9715,-86.80818,True,0,0,0,,,,,,,,
100835807,Crashes_2010_2019_MPO,2015-05-17,2015,36.03357,-86.78122,True,0,0,0,,,,,,,,
100835789,Crashes_2010_2019_MPO,2015-05-17,2015,36.04838,-86.74365,False,0,0,0,,,,,,,,
100835867,Crashes_2010_2019_MPO,2015-05-17,2015,36.04306,-86.78159,False,0,0,0,,,,,,,,