record_no,source_layer,collision_ts,crash_year,latitude,longitude,in_city,fatalities,non_motorists,truck_involved,serious_injuries,pedestrian,bicycle,crash_type,manner_of_collision,lighting,weather,first_harmful_event
100835799,Crashes_2010_2019_MPO,2015-05-17,2015,36.04888,-86.7436,False,0,0,0,,,,,,,,
100835802,Crashes_2010_2019_MPO,2015-05-17,2015,36.05454,-86.72532,False,0,0,0,,,,,,,,
100835800,Crashes_2010_2019_MPO,2015-05-17,2015,36.03336,-86.78872,True,0,0,0,,,,,,,,
100835489,Crashes_2010_2019_MPO,2015-05-17,2015,36.05161,-86.776,False,0,0,0,,,,,,,,
100836071,Crashes_2010_2019_MPO,2015-05-18,2015,35.93218,-86.79439,False,0,0,0,,,,,,,,
100836189,Crashes_2010_2019_MPO,2015-05-18,2015,36.03998,-86.753,False,0,0,0,,,,,,,,
100836368,Crashes_2010_2019_MPO,2015-05-18,2015,36.03758,-86.78503,False,0,0,0,,,,,,,,
100836347,Crashes_2010_2019_MPO,2015-05-18,2015,36.04568,-86.85515,False,0,0,0,,,,,,,,
100836452,Crashes_2010_2019_MPO,2015-05-18,2015,35.94003,-86.83114,False,0,0,0,,,,,,,,
100836459,Crashes_2010_2019_MPO,2015-05-18,2015,36.04041,-86.71282,False,0,0,0,,,,,,,,
100836386,Crashes_2010_2019_MPO,2015-05-18,2015,35.94664,-86.82234,False,0,0,0,,,,,,,,
100836343,Crashes_2010_2019_MPO,2015-05-18,2015,35.92411,-86.86984,False,0,0,0,,,,,,,,
100836217,Crashes_2010_2019_MPO,2015-05-18,2015,36.04577,-86.72522,False,0,0,0,,,,,,,,
100836228,Crashes_2010_2019_MPO,2015-05-18,2015,36.04053,-86.81638,False,0,0,0,,,,,,,,
100836446,Crashes_2010_2019_MPO,2015-05-18,2015,36.03891,-86.73413,False,0,0,0,,,,,,,,
100836181,Crashes_2010_2019_MPO,2015-05-18,2015,35.94739,-86.82105,False,0,0,0,,,,,,,,
100836398,Crashes_2010_2019_MPO,2015-05-18,2015,36.05047,-86.87669,False,0,0,0,,,,,,,,
100836231,Crashes_2010_2019_MPO,2015-05-18,2015,36.04865,-86.71281,False,0,0,0,,,,,,,,
100835996,Crashes_2010_2019_MPO,2015-05-18,2015,36.01018,-86.78519,True,0,0,0,,,,,,,,
100837004,Crashes_2010_2019_MPO,2015-05-18,2015,35.99577,-86.78525,True,0,0,0,,,,,,,,
100836070,Crashes_2010_2019_MPO,2015-05-18,2015,35.95725,-86.84337,False,0,0,0,,,,,,,,
100836344,Crashes_2010_2019_MPO,2015-05-18,2015,35.99547,-86.8112,True,0,0,0,,,,,,,,
100836360,Crashes_2010_2019_MPO,2015-05-18,2015,36.03444,-86.78809,True,0,0,0,,,,,,,,
100836352,Crashes_2010_2019_MPO,2015-05-18,2015,35.99466,-86.76856,True,0,0,0,,,,,,,,
100836930,Crashes_2010_2019_MPO,2015-05-19,2015,35.92341,-86.79253,False,0,0,0,,,,,,,,
100836832,Crashes_2010_2019_MPO,2015-05-19,2015,36.04658,-86.85957,False,0,0,0,,,,,,,,
100836653,Crashes_2010_2019_MPO,2015-05-19,2015,36.03327,-86.78389,True,0,0,0,,,,,,,,
100836925,Crashes_2010_2019_MPO,2015-05-19,2015,36.03777,-86.81277,True,0,0,0,,,,,,,,
100837219,Crashes_2010_2019_MPO,2015-05-19,2015,35.99464,-86.7684,True,0,0,0,,,,,,,,
100837597,Crashes_2010_2019_MPO,2015-05-19,2015,35.98443,-86.80151,True,0,0,1,,,,,,,,
100836833,Crashes_2010_2019_MPO,2015-05-19,2015,35.92954,-86.84187,False,0,0,0,,,,,,,,
100836895,Crashes_2010_2019_MPO,2015-05-19,2015,35.96491,-86.79345,True,0,0,0,,,,,,,,
100836965,Crashes_2010_2019_MPO,2015-05-19,2015,35.94197,-86.83046,False,0,0,0,,,,,,,,
100836986,Crashes_2010_2019_MPO,2015-05-19,2015,35.96687,-86.81113,True,0,0,0,,,,,,,,
100837016,Crashes_2010_2019_MPO,2015-05-19,2015,36.04566,-86.7132,False,0,0,0,,,,,,,,
100836777,Crashes_2010_2019_MPO,2015-05-19,2015,35.95781,-86.80257,False,0,0,0,,,,,,,,
100836591,Crashes_2010_2019_MPO,2015-05-19,2015,35.96267,-86.83973,False,0,0,0,,,,,,,,
100837315,Crashes_2010_2019_MPO,2015-05-20,2015,36.00793,-86.70059,False,0,0,0,,,,,,,,
100837256,Crashes_2010_2019_MPO,2015-05-20,2015,36.03922,-86.78243,False,0,0,0,,,,,,,,
100837367,Crashes_2010_2019_MPO,2015-05-20,2015,36.03353,-86.78537,True,0,0,0,,,,,,,,
100847640,Crashes_2010_2019_MPO,2015-05-20,2015,36.03293,-86.77249,False,0,0,0,,,,,,,,
100837516,Crashes_2010_2019_MPO,2015-05-20,2015,36.03974,-86.75562,False,0,0,0,,,,,,,,
100837498,Crashes_2010_2019_MPO,2015-05-20,2015,36.03872,-86.73094,False,0,0,0,,,,,,,,
100837545,Crashes_2010_2019_MPO,2015-05-20,2015,36.05192,-86.71436,False,0,0,0,,,,,,,,
100850840,Crashes_2010_2019_MPO,2015-05-20,2015,35.94463,-86.80908,False,0,0,0,,,,,,,,
100847703,Crashes_2010_2019_MPO,2015-05-20,2015,35.94689,-86.82179,False,0,0,0,,,,,,,,
100848637,Crashes_2010_2019_MPO,2015-05-20,2015,36.04867,-86.71034,False,0,0,0,,,,,,,,
100847664,Crashes_2010_2019_MPO,2015-05-20,2015,35.92672,-86.82709,False,0,0,0,,,,,,,,
100837175,Crashes_2010_2019_MPO,2015-05-20,2015,35.94934,-86.75343,True,0,0,0,,,,,,,,
100837402,Crashes_2010_2019_MPO,2015-05-20,2015,36.03318,-86.78284,True,0,0,0,,,,,,,,
100837631,Crashes_2010_2019_MPO,2015-05-20,2015,36.0454,-86.71336,False,0,0,0,,,,,,,,
100837570,Crashes_2010_2019_MPO,2015-05-20,2015,35.93566,-86.86012,False,0,0,0,,,,,,,,
100837579,Crashes_2010_2019_MPO,2015-05-20,2015,35.92614,-86.87323,False,0,0,0,,,,,,,,
100837316,Crashes_2010_2019_MPO,2015-05-20,2015,35.99749,-86.69078,False,0,0,0,,,,,,,,
100837404,Crashes_2010_2019_MPO,2015-05-20,2015,36.04078,-86.75119,False,0,0,0,,,,,,,,
100848352,Crashes_2010_2019_MPO,2015-05-21,2015,36.04121,-86.7761,False,0,0,0,,,,,,,,
100848107,Crashes_2010_2019_MPO,2015-05-21,2015,35.96698,-86.81359,True,0,0,0,,,,,,,,
100848438,Crashes_2010_2019_MPO,2015-05-21,2015,35.92641,-86.82437,False,0,0,0,,,,,,,,
100848229,Crashes_2010_2019_MPO,2015-05-21,2015,36.046,-86.85675,False,0,0,0,,,,,,,,
100848266,Crashes_2010_2019_MPO,2015-05-21,2015,35.9556,-86.81547,False,0,0,0,,,,,,,,
100848361,Crashes_2010_2019_MPO,2015-05-21,2015,35.99765,-86.79668,True,0,0,0,,,,,,,,
100847970,Crashes_2010_2019_MPO,2015-05-21,2015,36.03892,-86.7129,False,0,0,0,,,,,,,,
100849012,Crashes_2010_2019_MPO,2015-05-21,2015,35.99737,-86.79507,True,0,0,0,,,,,,,,
100847910,Crashes_2010_2019_MPO,2015-05-21,2015,36.04605,-86.74388,False,0,0,0,,,,,,,,
100847996,Crashes_2010_2019_MPO,2015-05-21,2015,35.96457,-86.81449,False,0,0,0,,,,,,,,
100848086,Crashes_2010_2019_MPO,2015-05-21,2015,35.99648,-86.78843,True,0,0,0,,,,,,,,
100848780,Crashes_2010_2019_MPO,2015-05-22,2015,36.04058,-86.7709,False,0,0,0,,,,,,,,
100848324,Crashes_2010_2019_MPO,2015-05-22,2015,36.04001,-86.74349,False,0,0,0,,,,,,,,
100848636,Crashes_2010_2019_MPO,2015-05-22,2015,35.96434,-86.73275,True,0,0,0,,,,,,,,
100848556,Crashes_2010_2019_MPO,2015-05-22,2015,35.94221,-86.82094,False,0,0,0,,,,,,,,
100849408,Crashes_2010_2019_MPO,2015-05-22,2015,35.96641,-86.81126,False,0,0,0,,,,,,,,
100848455,Crashes_2010_2019_MPO,2015-05-22,2015,36.03562,-86.78742,True,0,0,0,,,,,,,,
100848548,Crashes_2010_2019_MPO,2015-05-22,2015,36.00293,-86.80729,True,0,0,0,,,,,,,,
100849436,Crashes_2010_2019_MPO,2015-05-22,2015,35.94826,-86.8505,False,0,0,0,,,,,,,,
100848973,Crashes_2010_2019_MPO,2015-05-22,2015,35.92954,-86.84187,False,0,0,0,,,,,,,,
100848452,Crashes_2010_2019_MPO,2015-05-22,2015,35.97658,-86.84007,False,0,0,0,,,,,,,,
100848653,Crashes_2010_2019_MPO,2015-05-22,2015,36.0455,-86.71215,False,0,0,0,,,,,,,,
100848740,Crashes_2010_2019_MPO,2015-05-22,2015,36.04574,-86.70892,False,0,0,0,,,,,,,,
100849409,Crashes_2010_2019_MPO,2015-05-22,2015,35.92886,-86.83696,False,0,0,0,,,,,,,,
100848749,Crashes_2010_2019_MPO,2015-05-22,2015,36.05384,-86.77516,False,0,0,0,,,,,,,,
100851088,Crashes_2010_2019_MPO,2015-05-22,2015,36.03986,-86.78134,False,0,0,0,,,,,,,,
100848623,Crashes_2010_2019_MPO,2015-05-22,2015,35.97292,-86.82974,True,0,0,0,,,,,,,,
100848518,Crashes_2010_2019_MPO,2015-05-22,2015,35.96743,-86.81572,True,0,0,0,,,,,,,,
100848805,Crashes_2010_2019_MPO,2015-05-22,2015,35.96841,-86.68347,False,0,0,0,,,,,,,,
100850841,Crashes_2010_2019_MPO,2015-05-22,2015,35.93913,-86.82164,False,0,0,0,,,,,,,,
100849147,Crashes_2010_2019_MPO,2015-05-22,2015,36.0407,-86.77961,False,0,0,0,,,,,,,,
100849226,Crashes_2010_2019_MPO,2015-05-23,2015,35.99694,-86.69001,False,0,0,0,,,,,,,,
100853214,Crashes_2010_2019_MPO,2015-05-23,2015,36.00937,-86.68439,False,0,0,0,,,,,,,,
100849099,Crashes_2010_2019_MPO,2015-05-23,2015,35.92289,-86.87186,False,0,0,0,,,,,,,,
100849148,Crashes_2010_2019_MPO,2015-05-23,2015,36.04001,-86.78125,False,0,0,0,,,,,,,,
100849546,Crashes_2010_2019_MPO,2015-05-23,2015,36.04157,-86.72071,False,0,0,0,,,,,,,,
100848920,Crashes_2010_2019_MPO,2015-05-23,2015,35.98156,-86.84531,False,0,0,0,,,,,,,,
100849052,Crashes_2010_2019_MPO,2015-05-23,2015,36.05192,-86.71436,False,0,0,0,,,,,,,,
100849169,Crashes_2010_2019_MPO,2015-05-23,2015,35.95128,-86.81028,False,0,0,0,,,,,,,,
100849284,Crashes_2010_2019_MPO,2015-05-24,2015,35.99924,-86.80919,True,0,0,0,,,,,,,,
100849460,Crashes_2010_2019_MPO,2015-05-24,2015,35.99324,-86.69741,True,0,0,0,,,,,,,,
100849564,Crashes_2010_2019_MPO,2015-05-24,2015,35.97329,-86.83297,True,0,0,0,,,,,,,,
100849594,Crashes_2010_2019_MPO,2015-05-24,2015,36.04568,-86.85515,False,0,0,0,,,,,,,,
100849683,Crashes_2010_2019_MPO,2015-05-24,2015,35.94507,-86.87858,False,0,0,0,,,,,,,,
100849622,Crashes_2010_2019_MPO,2015-05-24,2015,35.99563,-86.81111,True,0,0,0,,,,,,,,
100849768,Crashes_2010_2019_MPO,2015-05-24,2015,35.92295,-86.87092,False,0,0,0,,,,,,,,
100849309,Crashes_2010_2019_MPO,2015-05-24,2015,36.05081,-86.71648,False,0,0,0,,,,,,,,
100849737,Crashes_2010_2019_MPO,2015-05-24,2015,35.99081,-86.68314,False,0,0,0,,,,,,,,
100849582,Crashes_2010_2019_MPO,2015-05-24,2015,35.99782,-86.7989,True,0,0,0,,,,,,,,
100849753,Crashes_2010_2019_MPO,2015-05-24,2015,36.01842,-86.78653,True,0,0,0,,,,,,,,
100849383,Crashes_2010_2019_MPO,2015-05-24,2015,36.04542,-86.71317,False,0,0,0,,,,,,,,
100849949,Crashes_2010_2019_MPO,2015-05-25,2015,36.0404,-86.7826,False,0,0,0,,,,,,,,
100849961,Crashes_2010_2019_MPO,2015-05-25,2015,36.04239,-86.78223,False,0,0,0,,,,,,,,
100849962,Crashes_2010_2019_MPO,2015-05-25,2015,36.05315,-86.77554,False,0,0,0,,,,,,,,
100850017,Crashes_2010_2019_MPO,2015-05-25,2015,35.97084,-86.72628,True,0,0,0,,,,,,,,
100850438,Crashes_2010_2019_MPO,2015-05-26,2015,35.93364,-86.81833,False,0,0,0,,,,,,,,
100850604,Crashes_2010_2019_MPO,2015-05-26,2015,35.9645,-86.80006,True,0,0,0,,,,,,,,
100850508,Crashes_2010_2019_MPO,2015-05-26,2015,36.04084,-86.77935,False,0,0,0,,,,,,,,
100850337,Crashes_2010_2019_MPO,2015-05-26,2015,36.03686,-86.80184,True,0,0,0,,,,,,,,
100850958,Crashes_2010_2019_MPO,2015-05-26,2015,36.04116,-86.77898,False,0,0,0,,,,,,,,
100850725,Crashes_2010_2019_MPO,2015-05-26,2015,35.98543,-86.73154,True,0,0,0,,,,,,,,
100850734,Crashes_2010_2019_MPO,2015-05-26,2015,36.00244,-86.79261,True,0,0,0,,,,,,,,
100850663,Crashes_2010_2019_MPO,2015-05-26,2015,36.03805,-86.78401,False,0,0,0,,,,,,,,
100850714,Crashes_2010_2019_MPO,2015-05-26,2015,36.03321,-86.78193,True,0,0,0,,,,,,,,
100850368,Crashes_2010_2019_MPO,2015-05-26,2015,35.93223,-86.79427,False,0,0,0,,,,,,,,
100850603,Crashes_2010_2019_MPO,2015-05-26,2015,35.98918,-86.70389,True,0,0,0,,,,,,,,
100850658,Crashes_2010_2019_MPO,2015-05-26,2015,35.9266,-86.76722,False,0,0,0,,,,,,,,
100850445,Crashes_2010_2019_MPO,2015-05-26,2015,36.03209,-86.78942,True,0,0,0,,,,,,,,
100850919,Crashes_2010_2019_MPO,2015-05-27,2015,35.99964,-86.80897,True,0,0,0,,,,,,,,
100857861,Crashes_2010_2019_MPO,2015-05-27,2015,36.03101,-86.87484,False,0,0,0,,,,,,,,
100851521,Crashes_2010_2019_MPO,2015-05-27,2015,35.93476,-86.81928,False,0,0,0,,,,,,,,
100850908,Crashes_2010_2019_MPO,2015-05-27,2015,36.04315,-86.74412,False,0,0,0,,,,,,,,
100851064,Crashes_2010_2019_MPO,2015-05-27,2015,36.04039,-86.78216,False,0,0,0,,,,,,,,
100850921,Crashes_2010_2019_MPO,2015-05-27,2015,35.93079,-86.81991,False,0,0,1,,,,,,,,
100850986,Crashes_2010_2019_MPO,2015-05-27,2015,36.04086,-86.7726,False,0,0,0,,,,,,,,
100851552,Crashes_2010_2019_MPO,2015-05-27,2015,35.93398,-86.77881,False,0,0,0,,,,,,,,
100851009,Crashes_2010_2019_MPO,2015-05-27,2015,36.041,-86.78264,False,0,0,0,,,,,,,,
100851796,Crashes_2010_2019_MPO,2015-05-27,2015,36.0382,-86.78634,False,0,0,0,,,,,,,,
100850947,Crashes_2010_2019_MPO,2015-05-27,2015,35.92621,-86.87287,False,0,0,0,,,,,,,,
100851013,Crashes_2010_2019_MPO,2015-05-27,2015,35.93422,-86.86118,False,0,0,0,,,,,,,,
100851146,Crashes_2010_2019_MPO,2015-05-27,2015,35.97102,-86.72644,True,0,0,0,,,,,,,,
100850945,Crashes_2010_2019_MPO,2015-05-27,2015,36.02905,-86.86025,False,0,0,0,,,,,,,,
100851494,Crashes_2010_2019_MPO,2015-05-28,2015,35.96674,-86.80994,True,0,0,0,,,,,,,,
100851703,Crashes_2010_2019_MPO,2015-05-28,2015,35.96312,-86.81899,True,0,0,0,,,,,,,,
100851564,Crashes_2010_2019_MPO,2015-05-28,2015,35.98564,-86.77782,True,0,0,0,,,,,,,,
100851898,Crashes_2010_2019_MPO,2015-05-28,2015,36.03321,-86.7854,True,0,0,0,,,,,,,,
100851614,Crashes_2010_2019_MPO,2015-05-28,2015,35.95864,-86.83143,False,0,0,0,,,,,,,,
100851851,Crashes_2010_2019_MPO,2015-05-28,2015,36.03194,-86.78662,True,0,0,0,,,,,,,,
100851802,Crashes_2010_2019_MPO,2015-05-28,2015,35.93456,-86.86094,False,0,0,0,,,,,,,,
100851764,Crashes_2010_2019_MPO,2015-05-28,2015,35.95077,-86.81845,False,0,0,0,,,,,,,,
100851832,Crashes_2010_2019_MPO,2015-05-28,2015,36.04001,-86.74349,False,0,0,0,,,,,,,,
100851593,Crashes_2010_2019_MPO,2015-05-28,2015,35.96176,-86.8141,False,0,0,0,,,,,,,,
100851720,Crashes_2010_2019_MPO,2015-05-28,2015,35.92882,-86.75474,False,0,0,0,,,,,,,,
100851625,Crashes_2010_2019_MPO,2015-05-28,2015,36.0221,-86.74263,False,0,0,0,,,,,,,,
100853066,Crashes_2010_2019_MPO,2015-05-29,2015,35.94457,-86.82838,False,0,0,0,,,,,,,,
100852245,Crashes_2010_2019_MPO,2015-05-29,2015,35.92703,-86.86845,False,0,0,0,,,,,,,,
100852280,Crashes_2010_2019_MPO,2015-05-29,2015,36.04028,-86.78065,False,0,0,0,,,,,,,,
100854736,Crashes_2010_2019_MPO,2015-05-29,2015,35.97332,-86.83308,True,0,0,0,,,,,,,,
100852184,Crashes_2010_2019_MPO,2015-05-29,2015,35.96665,-86.80922,True,0,0,0,,,,,,,,
100852215,Crashes_2010_2019_MPO,2015-05-29,2015,35.99527,-86.77886,True,0,0,0,,,,,,,,
100852198,Crashes_2010_2019_MPO,2015-05-29,2015,36.03709,-86.79469,True,0,0,0,,,,,,,,
100852427,Crashes_2010_2019_MPO,2015-05-29,2015,35.99848,-86.79654,True,0,0,1,,,,,,,,
100852103,Crashes_2010_2019_MPO,2015-05-29,2015,35.9606,-86.81226,False,0,0,0,,,,,,,,
100854737,Crashes_2010_2019_MPO,2015-05-29,2015,35.99919,-86.80885,True,0,0,0,,,,,,,,
100856288,Crashes_2010_2019_MPO,2015-05-29,2015,35.98729,-86.80053,True,0,0,0,,,,,,,,
100853107,Crashes_2010_2019_MPO,2015-05-30,2015,36.03191,-86.79847,True,0,0,0,,,,,,,,
100853106,Crashes_2010_2019_MPO,2015-05-30,2015,36.03107,-86.78489,True,0,0,0,,,,,,,,
100854602,Crashes_2010_2019_MPO,2015-05-30,2015,35.96486,-86.81536,True,0,0,0,,,,,,,,
100855204,Crashes_2010_2019_MPO,2015-05-30,2015,35.93493,-86.82137,False,0,0,0,,,,,,,,
100854840,Crashes_2010_2019_MPO,2015-05-30,2015,35.9261,-86.8714,False,0,0,0,,,,,,,,
100853114,Crashes_2010_2019_MPO,2015-05-30,2015,35.94588,-86.82757,False,0,0,0,,,,,,,,
100853243,Crashes_2010_2019_MPO,2015-05-30,2015,36.03492,-86.78566,True,0,0,0,,,,,,,,
100852609,Crashes_2010_2019_MPO,2015-05-30,2015,36.04131,-86.78249,False,0,0,0,,,,,,,,
100855165,Crashes_2010_2019_MPO,2015-05-30,2015,35.94687,-86.82178,False,0,0,0,,,,,,,,
100909739,Crashes_2010_2019_MPO,2015-05-30,2015,36.03994,-86.78229,False,1,0,0,,,,,,,,
100855154,Crashes_2010_2019_MPO,2015-05-30,2015,35.9261,-86.8714,False,0,0,0,,,,,,,,
100852618,Crashes_2010_2019_MPO,2015-05-30,2015,36.04617,-86.71513,False,0,0,0,,,,,,,,
100852606,Crashes_2010_2019_MPO,2015-05-30,2015,36.04667,-86.7093,False,0,0,0,,,,,,,,
100853024,Crashes_2010_2019_MPO,2015-05-31,2015,35.99293,-86.69311,True,0,0,0,,,,,,,,
100853035,Crashes_2010_2019_MPO,2015-05-31,2015,36.04441,-86.78037,False,0,0,0,,,,,,,,
100853065,Crashes_2010_2019_MPO,2015-05-31,2015,35.9634,-86.81074,False,0,0,0,,,,,,,,
100853077,Crashes_2010_2019_MPO,2015-05-31,2015,35.97764,-86.77681,True,0,0,0,,,,,,,,
100855214,Crashes_2010_2019_MPO,2015-06-01,2015,36.03121,-86.87558,False,0,0,0,,,,,,,,
100854331,Crashes_2010_2019_MPO,2015-06-01,2015,36.03969,-86.76111,False,0,0,0,,,,,,,,
100853528,Crashes_2010_2019_MPO,2015-06-01,2015,36.04545,-86.7036,False,0,0,0,,,,,,,,
100853563,Crashes_2010_2019_MPO,2015-06-01,2015,35.92627,-86.82171,False,0,0,0,,,,,,,,
100853795,Crashes_2010_2019_MPO,2015-06-01,2015,36.0455,-86.71215,False,0,0,0,,,,,,,,
100853733,Crashes_2010_2019_MPO,2015-06-01,2015,36.04897,-86.71631,False,0,0,0,,,,,,,,
100854092,Crashes_2010_2019_MPO,2015-06-01,2015,35.97778,-86.80358,True,0,0,0,,,,,,,,
100853340,Crashes_2010_2019_MPO,2015-06-01,2015,35.99149,-86.79883,True,0,0,0,,,,,,,,
100853494,Crashes_2010_2019_MPO,2015-06-01,2015,35.96722,-86.81353,True,0,0,0,,,,,,,,
100853564,Crashes_2010_2019_MPO,2015-06-01,2015,35.92622,-86.82173,False,0,0,0,,,,,,,,
100853942,Crashes_2010_2019_MPO,2015-06-01,2015,36.05155,-86.71425,False,0,0,0,,,,,,,,
100853495,Crashes_2010_2019_MPO,2015-06-01,2015,36.03911,-86.78262,False,0,0,0,,,,,,,,
100853789,Crashes_2010_2019_MPO,2015-06-01,2015,36.03747,-86.78677,False,0,0,0,,,,,,,,
100854367,Crashes_2010_2019_MPO,2015-06-02,2015,36.02458,-86.71294,False,0,0,0,,,,,,,,
100854577,Crashes_2010_2019_MPO,2015-06-02,2015,36.02579,-86.87948,False,0,0,0,,,,,,,,
100854056,Crashes_2010_2019_MPO,2015-06-02,2015,36.04116,-86.76854,False,0,0,0,,,,,,,,
100854033,Crashes_2010_2019_MPO,2015-06-02,2015,36.03652,-86.80099,True,0,0,0,,,,,,,,
100854115,Crashes_2010_2019_MPO,2015-06-02,2015,36.05411,-86.68184,False,0,0,0,,,,,,,,
100854276,Crashes_2010_2019_MPO,2015-06-02,2015,36.03156,-86.78907,True,0,0,0,,,,,,,,
100854037,Crashes_2010_2019_MPO,2015-06-02,2015,36.03903,-86.72987,False,0,0,0,,,,,,,,
100854217,Crashes_2010_2019_MPO,2015-06-02,2015,36.04078,-86.77346,False,0,0,0,,,,,,,,
100854289,Crashes_2010_2019_MPO,2015-06-02,2015,35.96798,-86.81832,True,0,0,0,,,,,,,,
100854281,Crashes_2010_2019_MPO,2015-06-02,2015,35.95254,-86.81233,False,0,0,0,,,,,,,,
100854408,Crashes_2010_2019_MPO,2015-06-02,2015,35.97332,-86.83308,True,0,0,0,,,,,,,,
100854932,Crashes_2010_2019_MPO,2015-06-03,2015,35.94068,-86.83938,False,0,0,0,,,,,,,,
100854705,Crashes_2010_2019_MPO,2015-06-03,2015,35.96496,-86.80331,True,0,0,0,,,,,,,,
100855325,Crashes_2010_2019_MPO,2015-06-03,2015,35.92651,-86.82555,False,0,0,0,,,,,,,,
100854903,Crashes_2010_2019_MPO,2015-06-03,2015,35.95473,-86.81511,False,0,0,0,,,,,,,,
100854771,Crashes_2010_2019_MPO,2015-06-03,2015,35.92738,-86.86871,False,0,0,0,,,,,,,,
100855373,Crashes_2010_2019_MPO,2015-06-03,2015,36.03432,-86.79184,True,0,0,0,,,,,,,,
100854643,Crashes_2010_2019_MPO,2015-06-03,2015,35.96707,-86.80875,True,0,0,0,,,,,,,,
100854669,Crashes_2010_2019_MPO,2015-06-03,2015,36.03815,-86.78635,False,0,0,0,,,,,,,,
100854815,Crashes_2010_2019_MPO,2015-06-03,2015,36.02969,-86.7882,True,0,0,0,,,,,,,,
100854852,Crashes_2010_2019_MPO,2015-06-03,2015,35.96708,-86.81356,True,0,0,0,,,,,,,,
100854807,Crashes_2010_2019_MPO,2015-06-03,2015,36.04756,-86.7136,False,0,0,0,,,,,,,,
100854761,Crashes_2010_2019_MPO,2015-06-03,2015,35.93486,-86.86071,False,0,0,0,,,,,,,,
100854875,Crashes_2010_2019_MPO,2015-06-03,2015,36.03738,-86.791,False,0,0,0,,,,,,,,
100854851,Crashes_2010_2019_MPO,2015-06-03,2015,35.96743,-86.80838,True,0,0,0,,,,,,,,
100854917,Crashes_2010_2019_MPO,2015-06-03,2015,35.97332,-86.83308,True,0,0,0,,,,,,,,
100854873,Crashes_2010_2019_MPO,2015-06-03,2015,36.04732,-86.86273,False,0,0,0,,,,,,,,
100855460,Crashes_2010_2019_MPO,2015-06-04,2015,35.93128,-86.79326,False,0,0,0,,,,,,,,
100855457,Crashes_2010_2019_MPO,2015-06-04,2015,35.93253,-86.80676,False,0,0,0,,,,,,,,
100855249,Crashes_2010_2019_MPO,2015-06-04,2015,36.036443,-86.810618,True,0,0,0,,,,,,,,
100855408,Crashes_2010_2019_MPO,2015-06-04,2015,36.01322,-86.80201,True,0,0,0,,,,,,,,
100855515,Crashes_2010_2019_MPO,2015-06-04,2015,36.04008,-86.76643,False,0,0,0,,,,,,,,
100855397,Crashes_2010_2019_MPO,2015-06-04,2015,36.03297,-86.78894,True,0,0,0,,,,,,,,
100855353,Crashes_2010_2019_MPO,2015-06-04,2015,36.03756,-86.79334,False,0,0,0,,,,,,,,
100855556,Crashes_2010_2019_MPO,2015-06-04,2015,36.04162,-86.74921,False,0,0,0,,,,,,,,
100855670,Crashes_2010_2019_MPO,2015-06-04,2015,35.94682,-86.82191,False,0,0,0,,,,,,,,
100855553,Crashes_2010_2019_MPO,2015-06-04,2015,35.99782,-86.79885,True,0,0,0,,,,,,,,
100855666,Crashes_2010_2019_MPO,2015-06-04,2015,35.93,-86.85948,False,0,0,0,,,,,,,,
100861962,Crashes_2010_2019_MPO,2015-06-05,2015,35.96671,-86.80911,True,0,0,0,,,,,,,,
100855953,Crashes_2010_2019_MPO,2015-06-05,2015,35.96661,-86.81085,True,0,1,0,,,,,,,,
100856141,Crashes_2010_2019_MPO,2015-06-05,2015,36.03894,-86.7825,False,0,0,0,,,,,,,,
100856745,Crashes_2010_2019_MPO,2015-06-05,2015,35.94698,-86.8115,False,0,0,0,,,,,,,,
100856294,Crashes_2010_2019_MPO,2015-06-05,2015,35.96136,-86.81234,False,0,0,0,,,,,,,,
100855968,Crashes_2010_2019_MPO,2015-06-05,2015,36.01753,-86.78627,True,0,0,0,,,,,,,,
100855957,Crashes_2010_2019_MPO,2015-06-05,2015,35.96174,-86.80177,True,0,0,0,,,,,,,,
100855782,Crashes_2010_2019_MPO,2015-06-05,2015,35.98721,-86.81643,True,0,0,0,,,,,,,,
100856028,Crashes_2010_2019_MPO,2015-06-05,2015,35.95797,-86.8112,False,0,0,0,,,,,,,,
100855917,Crashes_2010_2019_MPO,2015-06-05,2015,36.03751,-86.78652,False,0,0,0,,,,,,,,
100856602,Crashes_2010_2019_MPO,2015-06-05,2015,36.03831,-86.78629,False,0,0,0,,,,,,,,
100855898,Crashes_2010_2019_MPO,2015-06-05,2015,36.04196,-86.82487,False,0,0,0,,,,,,,,
100856541,Crashes_2010_2019_MPO,2015-06-06,2015,36.04029,-86.76833,False,0,0,0,,,,,,,,
100856580,Crashes_2010_2019_MPO,2015-06-06,2015,35.95651,-86.84888,False,0,0,0,,,,,,,,
100856762,Crashes_2010_2019_MPO,2015-06-06,2015,35.95956,-86.8309,False,0,0,0,,,,,,,,
100856320,Crashes_2010_2019_MPO,2015-06-06,2015,35.96512,-86.80035,True,0,0,0,,,,,,,,
100856392,Crashes_2010_2019_MPO,2015-06-06,2015,36.04545,-86.7036,False,0,0,0,,,,,,,,
100856378,Crashes_2010_2019_MPO,2015-06-06,2015,36.04545,-86.7036,False,0,0,0,,,,,,,,
100856462,Crashes_2010_2019_MPO,2015-06-06,2015,36.05364,-86.71508,False,0,0,0,,,,,,,,
100856469,Crashes_2010_2019_MPO,2015-06-06,2015,36.0427,-86.71303,False,0,0,0,,,,,,,,
100856948,Crashes_2010_2019_MPO,2015-06-07,2015,35.94584,-86.8065,False,0,0,0,,,,,,,,
100856666,Crashes_2010_2019_MPO,2015-06-07,2015,35.94554,-86.8732,False,0,0,0,,,,,,,,
100856816,Crashes_2010_2019_MPO,2015-06-07,2015,35.98532,-86.73074,True,0,0,0,,,,,,,,
100857006,Crashes_2010_2019_MPO,2015-06-07,2015,35.92514,-86.84385,False,0,0,0,,,,,,,,
100856882,Crashes_2010_2019_MPO,2015-06-07,2015,35.99025,-86.79281,True,0,0,0,,,,,,,,