record_no,source_layer,collision_ts,crash_year,latitude,longitude,in_city,fatalities,non_motorists,truck_involved,serious_injuries,pedestrian,bicycle,crash_type,manner_of_collision,lighting,weather,first_harmful_event
100856818,Crashes_2010_2019_MPO,2015-06-07,2015,35.99683,-86.68985,False,0,0,0,,,,,,,,
100856732,Crashes_2010_2019_MPO,2015-06-07,2015,36.04001,-86.74349,False,0,0,0,,,,,,,,
100856841,Crashes_2010_2019_MPO,2015-06-07,2015,36.03804,-86.78639,False,0,0,0,,,,,,,,
100856815,Crashes_2010_2019_MPO,2015-06-07,2015,35.93546,-86.82377,False,0,0,0,,,,,,,,
100856658,Crashes_2010_2019_MPO,2015-06-07,2015,36.0194,-86.77255,True,0,0,0,,,,,,,,
100857311,Crashes_2010_2019_MPO,2015-06-07,2015,35.92287,-86.79668,False,0,0,0,,,,,,,,
100857354,Crashes_2010_2019_MPO,2015-06-07,2015,35.97689,-86.87625,False,0,0,0,,,,,,,,
100857287,Crashes_2010_2019_MPO,2015-06-08,2015,36.04121,-86.7761,False,0,0,0,,,,,,,,
100858003,Crashes_2010_2019_MPO,2015-06-08,2015,36.02587,-86.68019,False,0,0,0,,,,,,,,
100857477,Crashes_2010_2019_MPO,2015-06-08,2015,35.96617,-86.8125,False,0,1,0,,,,,,,,
100857489,Crashes_2010_2019_MPO,2015-06-08,2015,36.01569,-86.8459,True,0,0,0,,,,,,,,
100857471,Crashes_2010_2019_MPO,2015-06-08,2015,36.04732,-86.86273,False,0,0,0,,,,,,,,
100857276,Crashes_2010_2019_MPO,2015-06-08,2015,35.98437,-86.72434,True,0,0,0,,,,,,,,
100857597,Crashes_2010_2019_MPO,2015-06-08,2015,35.9786,-86.6782,False,0,0,0,,,,,,,,
100857610,Crashes_2010_2019_MPO,2015-06-08,2015,36.04563,-86.71092,False,0,0,0,,,,,,,,
100857278,Crashes_2010_2019_MPO,2015-06-08,2015,35.9698,-86.72403,True,0,0,0,,,,,,,,
100857264,Crashes_2010_2019_MPO,2015-06-08,2015,36.05047,-86.87669,False,0,0,0,,,,,,,,
100857425,Crashes_2010_2019_MPO,2015-06-08,2015,36.03804,-86.78445,False,0,0,0,,,,,,,,
100857461,Crashes_2010_2019_MPO,2015-06-08,2015,35.96497,-86.80278,True,0,0,0,,,,,,,,
100857565,Crashes_2010_2019_MPO,2015-06-08,2015,36.02362,-86.6885,False,0,0,0,,,,,,,,
100857207,Crashes_2010_2019_MPO,2015-06-08,2015,35.96468,-86.79082,True,0,0,0,,,,,,,,
100857475,Crashes_2010_2019_MPO,2015-06-08,2015,35.94815,-86.81845,False,0,0,0,,,,,,,,
100857476,Crashes_2010_2019_MPO,2015-06-08,2015,35.95589,-86.83168,False,0,0,0,,,,,,,,
100857766,Crashes_2010_2019_MPO,2015-06-09,2015,36.03454,-86.76871,False,0,0,0,,,,,,,,
100858076,Crashes_2010_2019_MPO,2015-06-09,2015,35.95901,-86.80189,False,0,0,0,,,,,,,,
100857705,Crashes_2010_2019_MPO,2015-06-09,2015,36.05155,-86.71425,False,0,0,0,,,,,,,,
100857917,Crashes_2010_2019_MPO,2015-06-09,2015,35.99551,-86.77889,True,0,0,0,,,,,,,,
100857802,Crashes_2010_2019_MPO,2015-06-09,2015,35.97717,-86.82481,True,0,0,0,,,,,,,,
100858035,Crashes_2010_2019_MPO,2015-06-09,2015,35.96738,-86.81531,True,0,0,0,,,,,,,,
100857959,Crashes_2010_2019_MPO,2015-06-09,2015,36.02395,-86.81964,True,0,0,0,,,,,,,,
100858179,Crashes_2010_2019_MPO,2015-06-09,2015,36.04121,-86.7761,False,0,0,0,,,,,,,,
100858140,Crashes_2010_2019_MPO,2015-06-09,2015,36.03565,-86.78286,False,0,0,0,,,,,,,,
100858365,Crashes_2010_2019_MPO,2015-06-10,2015,36.05073,-86.87659,False,0,0,0,,,,,,,,
100858651,Crashes_2010_2019_MPO,2015-06-10,2015,36.05,-86.77564,False,0,0,0,,,,,,,,
100858412,Crashes_2010_2019_MPO,2015-06-10,2015,35.93634,-86.85961,False,0,0,0,,,,,,,,
100858690,Crashes_2010_2019_MPO,2015-06-10,2015,36.0514,-86.7142,False,0,0,0,,,,,,,,
100858516,Crashes_2010_2019_MPO,2015-06-10,2015,36.04487,-86.68639,False,0,0,0,,,,,,,,
100858557,Crashes_2010_2019_MPO,2015-06-10,2015,35.97317,-86.83099,True,0,0,0,,,,,,,,
100858411,Crashes_2010_2019_MPO,2015-06-10,2015,35.9389,-86.76793,False,0,0,0,,,,,,,,
100858405,Crashes_2010_2019_MPO,2015-06-10,2015,36.03768,-86.78525,False,0,0,0,,,,,,,,
100858705,Crashes_2010_2019_MPO,2015-06-10,2015,36.01239,-86.78486,True,0,0,0,,,,,,,,
100858825,Crashes_2010_2019_MPO,2015-06-10,2015,35.95858,-86.80437,False,0,0,0,,,,,,,,
100858353,Crashes_2010_2019_MPO,2015-06-10,2015,36.04531,-86.70166,False,0,0,0,,,,,,,,
100858397,Crashes_2010_2019_MPO,2015-06-10,2015,36.0333,-86.78839,True,0,0,0,,,,,,,,
100859165,Crashes_2010_2019_MPO,2015-06-11,2015,35.92481,-86.82472,False,0,0,0,,,,,,,,
100858939,Crashes_2010_2019_MPO,2015-06-11,2015,35.94175,-86.8212,False,0,0,0,,,,,,,,
100859274,Crashes_2010_2019_MPO,2015-06-11,2015,36.05287,-86.68744,False,0,0,0,,,,,,,,
100859174,Crashes_2010_2019_MPO,2015-06-11,2015,35.9664,-86.80794,True,0,0,0,,,,,,,,
100859060,Crashes_2010_2019_MPO,2015-06-11,2015,35.9959,-86.69087,False,0,0,0,,,,,,,,
100858908,Crashes_2010_2019_MPO,2015-06-11,2015,35.92399,-86.87368,False,0,0,0,,,,,,,,
100859146,Crashes_2010_2019_MPO,2015-06-11,2015,36.03999,-86.74292,False,0,0,0,,,,,,,,
100859166,Crashes_2010_2019_MPO,2015-06-11,2015,35.96764,-86.80816,True,0,0,0,,,,,,,,
100858867,Crashes_2010_2019_MPO,2015-06-11,2015,36.05194,-86.74315,False,0,0,0,,,,,,,,
100872564,Crashes_2010_2019_MPO,2015-06-11,2015,35.96507,-86.80015,True,0,0,0,,,,,,,,
100859149,Crashes_2010_2019_MPO,2015-06-11,2015,36.03851,-86.80592,False,0,0,0,,,,,,,,
100859070,Crashes_2010_2019_MPO,2015-06-11,2015,36.03922,-86.78243,False,0,0,0,,,,,,,,
100859652,Crashes_2010_2019_MPO,2015-06-12,2015,36.03253,-86.76816,False,0,0,0,,,,,,,,
100860033,Crashes_2010_2019_MPO,2015-06-12,2015,35.9379,-86.82191,False,0,0,0,,,,,,,,
100859578,Crashes_2010_2019_MPO,2015-06-12,2015,36.03982,-86.78106,False,0,0,0,,,,,,,,
100859787,Crashes_2010_2019_MPO,2015-06-12,2015,35.9667,-86.81114,True,0,0,0,,,,,,,,
100859376,Crashes_2010_2019_MPO,2015-06-12,2015,36.0444,-86.78038,False,0,0,0,,,,,,,,
100859698,Crashes_2010_2019_MPO,2015-06-12,2015,35.95644,-86.83689,False,0,0,0,,,,,,,,
100859595,Crashes_2010_2019_MPO,2015-06-12,2015,35.99784,-86.79913,True,0,0,0,,,,,,,,
100859440,Crashes_2010_2019_MPO,2015-06-12,2015,35.99647,-86.7883,True,0,0,0,,,,,,,,
100860081,Crashes_2010_2019_MPO,2015-06-12,2015,35.96689,-86.81126,True,0,0,0,,,,,,,,
100859439,Crashes_2010_2019_MPO,2015-06-12,2015,35.9798,-86.80287,True,0,0,0,,,,,,,,
100860011,Crashes_2010_2019_MPO,2015-06-12,2015,35.94613,-86.82347,False,0,0,0,,,,,,,,
100859944,Crashes_2010_2019_MPO,2015-06-12,2015,35.95124,-86.80883,False,0,0,0,,,,,,,,
100859935,Crashes_2010_2019_MPO,2015-06-12,2015,36.04526,-86.71475,False,0,0,0,,,,,,,,
100859914,Crashes_2010_2019_MPO,2015-06-12,2015,35.99568,-86.78069,True,0,0,0,,,,,,,,
100859715,Crashes_2010_2019_MPO,2015-06-12,2015,36.03994,-86.78119,False,0,0,0,,,,,,,,
100859906,Crashes_2010_2019_MPO,2015-06-12,2015,36.0456,-86.71128,False,0,0,0,,,,,,,,
100859537,Crashes_2010_2019_MPO,2015-06-12,2015,36.03792,-86.73784,False,0,0,0,,,,,,,,
100859581,Crashes_2010_2019_MPO,2015-06-12,2015,35.96457,-86.81449,False,0,0,0,,,,,,,,
100860676,Crashes_2010_2019_MPO,2015-06-13,2015,35.96741,-86.8107,True,0,0,0,,,,,,,,
100860272,Crashes_2010_2019_MPO,2015-06-13,2015,35.9486,-86.81972,False,0,0,0,,,,,,,,
100860373,Crashes_2010_2019_MPO,2015-06-13,2015,36.04526,-86.71709,False,0,0,0,,,,,,,,
100860145,Crashes_2010_2019_MPO,2015-06-13,2015,35.99924,-86.80919,True,0,0,0,,,,,,,,
100860659,Crashes_2010_2019_MPO,2015-06-13,2015,35.92687,-86.86657,False,0,0,0,,,,,,,,
100860051,Crashes_2010_2019_MPO,2015-06-13,2015,36.05241,-86.71472,False,0,0,0,,,,,,,,
100860159,Crashes_2010_2019_MPO,2015-06-13,2015,35.94707,-86.8219,False,0,0,0,,,,,,,,
100860430,Crashes_2010_2019_MPO,2015-06-13,2015,35.97224,-86.67846,False,0,0,0,,,,,,,,
100860207,Crashes_2010_2019_MPO,2015-06-13,2015,36.04668,-86.7135,False,0,0,0,,,,,,,,
100861015,Crashes_2010_2019_MPO,2015-06-13,2015,35.9721,-86.83634,False,0,0,0,,,,,,,,
100860405,Crashes_2010_2019_MPO,2015-06-13,2015,35.98415,-86.81887,True,0,0,0,,,,,,,,
100860269,Crashes_2010_2019_MPO,2015-06-13,2015,36.04025,-86.81639,False,0,0,0,,,,,,,,
100860270,Crashes_2010_2019_MPO,2015-06-13,2015,36.0156,-86.74062,False,0,0,0,,,,,,,,
100860154,Crashes_2010_2019_MPO,2015-06-13,2015,35.93125,-86.87681,False,0,0,0,,,,,,,,
100860836,Crashes_2010_2019_MPO,2015-06-14,2015,35.92462,-86.87015,False,0,0,0,,,,,,,,
100873131,Crashes_2010_2019_MPO,2015-06-14,2015,35.9798,-86.86416,False,0,0,0,,,,,,,,
100860587,Crashes_2010_2019_MPO,2015-06-14,2015,36.03178,-86.78963,True,0,0,0,,,,,,,,
100860790,Crashes_2010_2019_MPO,2015-06-14,2015,35.95046,-86.80334,False,0,1,0,,,,,,,,
100860588,Crashes_2010_2019_MPO,2015-06-14,2015,35.93344,-86.84338,False,0,0,0,,,,,,,,
100876560,Crashes_2010_2019_MPO,2015-06-14,2015,35.98373,-86.7167,True,0,0,0,,,,,,,,
100860685,Crashes_2010_2019_MPO,2015-06-14,2015,36.04483,-86.84909,False,0,0,0,,,,,,,,
100861224,Crashes_2010_2019_MPO,2015-06-15,2015,35.94594,-86.82278,False,0,0,0,,,,,,,,
100861226,Crashes_2010_2019_MPO,2015-06-15,2015,35.92645,-86.82488,False,0,0,0,,,,,,,,
100873205,Crashes_2010_2019_MPO,2015-06-15,2015,36.00542,-86.78954,True,0,0,0,,,,,,,,
100861222,Crashes_2010_2019_MPO,2015-06-15,2015,35.93513,-86.82215,False,0,0,0,,,,,,,,
100861339,Crashes_2010_2019_MPO,2015-06-15,2015,36.05268,-86.69371,False,0,0,0,,,,,,,,
100861018,Crashes_2010_2019_MPO,2015-06-15,2015,35.99807,-86.80111,True,0,0,0,,,,,,,,
100861233,Crashes_2010_2019_MPO,2015-06-15,2015,35.96504,-86.80031,True,0,0,0,,,,,,,,
100861225,Crashes_2010_2019_MPO,2015-06-15,2015,35.94761,-86.81992,False,0,0,0,,,,,,,,
100861046,Crashes_2010_2019_MPO,2015-06-15,2015,36.0303,-86.7915,True,0,0,0,,,,,,,,
100861223,Crashes_2010_2019_MPO,2015-06-15,2015,35.94702,-86.81984,False,0,0,0,,,,,,,,
100861326,Crashes_2010_2019_MPO,2015-06-15,2015,35.96289,-86.75433,True,0,0,0,,,,,,,,
100861191,Crashes_2010_2019_MPO,2015-06-15,2015,35.98437,-86.72434,True,0,0,0,,,,,,,,
100861213,Crashes_2010_2019_MPO,2015-06-15,2015,35.99791,-86.79682,True,0,0,0,,,,,,,,
100861443,Crashes_2010_2019_MPO,2015-06-16,2015,36.02687,-86.6808,False,0,0,0,,,,,,,,
100861813,Crashes_2010_2019_MPO,2015-06-16,2015,35.99542,-86.77793,True,0,0,0,,,,,,,,
100861559,Crashes_2010_2019_MPO,2015-06-16,2015,35.962,-86.81517,False,0,0,0,,,,,,,,
100861772,Crashes_2010_2019_MPO,2015-06-16,2015,35.92391,-86.87162,False,0,0,0,,,,,,,,
100861775,Crashes_2010_2019_MPO,2015-06-16,2015,36.04557,-86.71952,False,0,0,0,,,,,,,,
100861874,Crashes_2010_2019_MPO,2015-06-16,2015,35.9346,-86.82002,False,0,0,0,,,,,,,,
100861572,Crashes_2010_2019_MPO,2015-06-16,2015,36.05278,-86.68251,False,0,0,0,,,,,,,,
100861886,Crashes_2010_2019_MPO,2015-06-16,2015,36.02179,-86.80496,True,0,0,0,,,,,,,,
100861752,Crashes_2010_2019_MPO,2015-06-16,2015,36.01541,-86.73869,False,0,0,0,,,,,,,,
100861515,Crashes_2010_2019_MPO,2015-06-16,2015,36.04545,-86.7036,False,0,0,0,,,,,,,,
100861785,Crashes_2010_2019_MPO,2015-06-16,2015,36.04084,-86.77935,False,0,0,0,,,,,,,,
100861829,Crashes_2010_2019_MPO,2015-06-16,2015,35.95228,-86.81915,False,0,0,0,,,,,,,,
100861770,Crashes_2010_2019_MPO,2015-06-16,2015,35.9443,-86.82398,False,0,0,0,,,,,,,,
100861550,Crashes_2010_2019_MPO,2015-06-16,2015,36.03735,-86.78656,False,0,0,0,,,,,,,,
100861816,Crashes_2010_2019_MPO,2015-06-16,2015,35.99469,-86.76903,True,0,0,0,,,,,,,,
100862107,Crashes_2010_2019_MPO,2015-06-17,2015,35.94647,-86.8098,False,0,0,0,,,,,,,,
100862267,Crashes_2010_2019_MPO,2015-06-17,2015,35.95698,-86.84358,False,0,0,0,,,,,,,,
100862043,Crashes_2010_2019_MPO,2015-06-17,2015,36.04392,-86.69328,False,0,0,0,,,,,,,,
100872721,Crashes_2010_2019_MPO,2015-06-17,2015,36.04123,-86.75625,False,0,0,0,,,,,,,,
100872354,Crashes_2010_2019_MPO,2015-06-17,2015,35.96687,-86.81113,True,0,0,0,,,,,,,,
100862209,Crashes_2010_2019_MPO,2015-06-17,2015,36.04043,-86.78006,False,0,0,0,,,,,,,,
100862110,Crashes_2010_2019_MPO,2015-06-17,2015,36.02636,-86.79261,True,0,0,0,,,,,,,,
100862335,Crashes_2010_2019_MPO,2015-06-17,2015,36.04655,-86.71349,False,0,0,0,,,,,,,,
100872375,Crashes_2010_2019_MPO,2015-06-17,2015,36.04025,-86.81639,False,0,0,0,,,,,,,,
100872489,Crashes_2010_2019_MPO,2015-06-17,2015,36.04511,-86.69868,False,0,0,0,,,,,,,,
100861974,Crashes_2010_2019_MPO,2015-06-17,2015,36.04935,-86.81616,False,0,0,0,,,,,,,,
100872473,Crashes_2010_2019_MPO,2015-06-17,2015,35.94782,-86.81082,False,0,1,0,,,,,,,,
100862108,Crashes_2010_2019_MPO,2015-06-17,2015,35.96561,-86.81141,False,0,0,0,,,,,,,,
100875725,Crashes_2010_2019_MPO,2015-06-17,2015,36.03464,-86.87342,False,0,0,0,,,,,,,,
100872491,Crashes_2010_2019_MPO,2015-06-17,2015,35.94394,-86.78505,False,0,0,0,,,,,,,,
100862026,Crashes_2010_2019_MPO,2015-06-17,2015,36.04098,-86.77941,False,0,0,0,,,,,,,,
100872819,Crashes_2010_2019_MPO,2015-06-18,2015,35.9313,-86.86335,False,0,1,0,,,,,,,,
100872600,Crashes_2010_2019_MPO,2015-06-18,2015,36.02953,-86.79082,True,0,0,0,,,,,,,,
100872797,Crashes_2010_2019_MPO,2015-06-18,2015,35.93398,-86.81979,False,0,0,0,,,,,,,,
100872794,Crashes_2010_2019_MPO,2015-06-18,2015,35.9268,-86.78177,False,0,0,0,,,,,,,,
100872747,Crashes_2010_2019_MPO,2015-06-18,2015,36.04519,-86.71592,False,0,0,0,,,,,,,,
100872766,Crashes_2010_2019_MPO,2015-06-18,2015,35.94463,-86.82834,False,0,0,0,,,,,,,,
100872706,Crashes_2010_2019_MPO,2015-06-18,2015,35.96477,-86.81513,True,0,0,0,,,,,,,,
100872673,Crashes_2010_2019_MPO,2015-06-18,2015,35.96687,-86.81113,True,0,0,0,,,,,,,,
100872790,Crashes_2010_2019_MPO,2015-06-18,2015,36.04001,-86.74349,False,0,0,0,,,,,,,,
100872796,Crashes_2010_2019_MPO,2015-06-18,2015,35.94817,-86.81768,False,0,0,0,,,,,,,,
100872613,Crashes_2010_2019_MPO,2015-06-18,2015,35.94336,-86.8195,False,0,0,0,,,,,,,,
100872793,Crashes_2010_2019_MPO,2015-06-18,2015,35.9261,-86.8714,False,0,0,0,,,,,,,,
100872768,Crashes_2010_2019_MPO,2015-06-18,2015,36.01651,-86.78184,True,0,0,0,,,,,,,,
100873468,Crashes_2010_2019_MPO,2015-06-19,2015,36.03325,-86.77577,False,0,0,0,,,,,,,,
100873214,Crashes_2010_2019_MPO,2015-06-19,2015,35.99695,-86.79694,True,0,0,0,,,,,,,,
100873392,Crashes_2010_2019_MPO,2015-06-19,2015,35.94068,-86.83938,False,0,0,0,,,,,,,,
100873390,Crashes_2010_2019_MPO,2015-06-19,2015,35.94442,-86.81986,False,0,0,0,,,,,,,,
100873367,Crashes_2010_2019_MPO,2015-06-19,2015,35.94783,-86.83249,False,0,0,0,,,,,,,,
100873188,Crashes_2010_2019_MPO,2015-06-19,2015,36.03594,-86.80233,True,0,0,0,,,,,,,,
100873391,Crashes_2010_2019_MPO,2015-06-19,2015,35.96421,-86.82326,True,0,0,0,,,,,,,,
100874156,Crashes_2010_2019_MPO,2015-06-19,2015,36.04543,-86.71308,False,0,0,0,,,,,,,,
100873195,Crashes_2010_2019_MPO,2015-06-19,2015,35.92362,-86.85043,False,0,0,0,,,,,,,,
100873461,Crashes_2010_2019_MPO,2015-06-19,2015,36.0455,-86.71215,False,0,0,0,,,,,,,,
100875883,Crashes_2010_2019_MPO,2015-06-19,2015,35.93591,-86.7957,False,0,0,0,,,,,,,,
100873025,Crashes_2010_2019_MPO,2015-06-19,2015,36.04029,-86.76833,False,0,0,0,,,,,,,,
100873106,Crashes_2010_2019_MPO,2015-06-19,2015,35.97764,-86.77681,True,0,0,0,,,,,,,,
100874596,Crashes_2010_2019_MPO,2015-06-19,2015,35.96604,-86.81397,False,0,0,0,,,,,,,,
100873229,Crashes_2010_2019_MPO,2015-06-19,2015,35.92591,-86.87306,False,0,0,0,,,,,,,,
100875112,Crashes_2010_2019_MPO,2015-06-19,2015,35.95928,-86.81795,True,0,0,0,,,,,,,,
100875188,Crashes_2010_2019_MPO,2015-06-20,2015,36.05087,-86.69813,False,0,0,0,,,,,,,,
100873940,Crashes_2010_2019_MPO,2015-06-20,2015,36.05166,-86.71793,False,0,0,0,,,,,,,,
100874047,Crashes_2010_2019_MPO,2015-06-20,2015,35.94757,-86.81473,False,0,0,0,,,,,,,,
100875195,Crashes_2010_2019_MPO,2015-06-20,2015,35.96511,-86.81633,True,0,0,0,,,,,,,,
100874060,Crashes_2010_2019_MPO,2015-06-20,2015,36.04732,-86.86273,False,0,0,0,,,,,,,,
100873994,Crashes_2010_2019_MPO,2015-06-20,2015,35.95594,-86.83222,False,0,0,0,,,,,,,,
100874051,Crashes_2010_2019_MPO,2015-06-20,2015,35.92254,-86.87194,False,0,0,0,,,,,,,,
100873966,Crashes_2010_2019_MPO,2015-06-20,2015,36.03897,-86.71289,False,0,0,0,,,,,,,,
100874218,Crashes_2010_2019_MPO,2015-06-21,2015,36.04238,-86.83093,False,0,0,0,,,,,,,,
100874228,Crashes_2010_2019_MPO,2015-06-21,2015,36.0216,-86.74143,False,0,0,0,,,,,,,,
100874262,Crashes_2010_2019_MPO,2015-06-21,2015,36.02754,-86.71272,False,0,0,0,,,,,,,,
100874420,Crashes_2010_2019_MPO,2015-06-21,2015,36.03666,-86.79084,True,0,0,0,,,,,,,,
100874227,Crashes_2010_2019_MPO,2015-06-21,2015,35.94095,-86.83952,False,0,0,0,,,,,,,,
100874652,Crashes_2010_2019_MPO,2015-06-21,2015,36.03922,-86.78243,False,0,0,0,,,,,,,,
100874418,Crashes_2010_2019_MPO,2015-06-21,2015,35.947,-86.81148,False,0,0,0,,,,,,,,
100874410,Crashes_2010_2019_MPO,2015-06-21,2015,35.99924,-86.80919,True,0,0,0,,,,,,,,
100874905,Crashes_2010_2019_MPO,2015-06-22,2015,35.97355,-86.83296,True,0,0,0,,,,,,,,
100874887,Crashes_2010_2019_MPO,2015-06-22,2015,35.93193,-86.79397,False,0,0,0,,,,,,,,
100874629,Crashes_2010_2019_MPO,2015-06-22,2015,36.03738,-86.791,False,0,0,0,,,,,,,,
100874895,Crashes_2010_2019_MPO,2015-06-22,2015,36.04068,-86.77999,False,0,0,0,,,,,,,,
100875041,Crashes_2010_2019_MPO,2015-06-22,2015,35.94831,-86.81883,False,0,0,0,,,,,,,,
100874641,Crashes_2010_2019_MPO,2015-06-22,2015,35.93193,-86.79397,False,0,0,0,,,,,,,,
100874715,Crashes_2010_2019_MPO,2015-06-22,2015,35.95084,-86.81864,False,0,0,0,,,,,,,,
100875128,Crashes_2010_2019_MPO,2015-06-23,2015,36.04248,-86.71284,False,0,0,0,,,,,,,,
100875145,Crashes_2010_2019_MPO,2015-06-23,2015,36.03735,-86.78656,False,0,0,0,,,,,,,,
100875109,Crashes_2010_2019_MPO,2015-06-23,2015,36.04,-86.86909,True,0,0,0,,,,,,,,
100875137,Crashes_2010_2019_MPO,2015-06-23,2015,36.01418,-86.73876,False,0,0,0,,,,,,,,
100875363,Crashes_2010_2019_MPO,2015-06-23,2015,35.94604,-86.82489,False,0,0,0,,,,,,,,
100875359,Crashes_2010_2019_MPO,2015-06-23,2015,35.94003,-86.83114,False,0,0,0,,,,,,,,
100875362,Crashes_2010_2019_MPO,2015-06-23,2015,35.96575,-86.8114,False,0,0,0,,,,,,,,
100875111,Crashes_2010_2019_MPO,2015-06-23,2015,35.95523,-86.82587,False,0,0,0,,,,,,,,
100875375,Crashes_2010_2019_MPO,2015-06-23,2015,35.9524,-86.84725,False,0,0,0,,,,,,,,
100875200,Crashes_2010_2019_MPO,2015-06-23,2015,35.96386,-86.8004,True,0,0,0,,,,,,,,
100875353,Crashes_2010_2019_MPO,2015-06-23,2015,36.04103,-86.74371,False,0,0,0,,,,,,,,
100875670,Crashes_2010_2019_MPO,2015-06-23,2015,35.92256,-86.87012,False,0,0,0,,,,,,,,
100875127,Crashes_2010_2019_MPO,2015-06-23,2015,36.03988,-86.741,False,0,0,0,,,,,,,,
100875376,Crashes_2010_2019_MPO,2015-06-23,2015,35.92338,-86.87275,False,0,0,0,,,,,,,,
100875361,Crashes_2010_2019_MPO,2015-06-23,2015,35.9484,-86.81995,False,0,0,0,,,,,,,,
100875302,Crashes_2010_2019_MPO,2015-06-23,2015,35.96522,-86.80043,True,0,0,0,,,,,,,,
100875360,Crashes_2010_2019_MPO,2015-06-23,2015,35.92573,-86.87219,False,0,0,0,,,,,,,,
100875340,Crashes_2010_2019_MPO,2015-06-23,2015,35.97835,-86.75638,True,0,0,0,,,,,,,,
100875373,Crashes_2010_2019_MPO,2015-06-23,2015,36.0377,-86.7949,False,0,0,0,,,,,,,,
100875011,Crashes_2010_2019_MPO,2015-06-23,2015,35.98018,-86.67831,False,0,0,0,,,,,,,,
100875779,Crashes_2010_2019_MPO,2015-06-24,2015,36.03764,-86.78649,False,0,0,0,,,,,,,,
100875851,Crashes_2010_2019_MPO,2015-06-24,2015,35.92491,-86.8674,False,0,0,0,,,,,,,,
100875696,Crashes_2010_2019_MPO,2015-06-24,2015,35.94687,-86.82178,False,0,0,0,,,,,,,,
100875944,Crashes_2010_2019_MPO,2015-06-24,2015,36.04247,-86.71301,False,0,0,0,,,,,,,,
100875643,Crashes_2010_2019_MPO,2015-06-24,2015,35.95977,-86.80205,False,0,0,0,,,,,,,,
100875619,Crashes_2010_2019_MPO,2015-06-24,2015,36.04286,-86.72636,False,0,0,0,,,,,,,,
100875697,Crashes_2010_2019_MPO,2015-06-24,2015,36.03368,-86.78854,True,0,0,0,,,,,,,,
100876345,Crashes_2010_2019_MPO,2015-06-24,2015,36.04007,-86.76835,False,0,0,0,,,,,,,,
100876428,Crashes_2010_2019_MPO,2015-06-24,2015,36.04227,-86.71299,False,0,0,0,,,,,,,,
100875569,Crashes_2010_2019_MPO,2015-06-24,2015,35.9811,-86.80266,True,0,0,0,,,,,,,,
100875598,Crashes_2010_2019_MPO,2015-06-24,2015,35.98477,-86.80139,True,0,0,0,,,,,,,,
100875536,Crashes_2010_2019_MPO,2015-06-24,2015,36.01778,-86.78634,True,0,0,0,,,,,,,,
100876279,Crashes_2010_2019_MPO,2015-06-24,2015,35.95763,-86.81605,False,0,0,0,,,,,,,,
100875766,Crashes_2010_2019_MPO,2015-06-24,2015,36.02987,-86.78392,True,0,0,0,,,,,,,,
100875614,Crashes_2010_2019_MPO,2015-06-24,2015,36.0406,-86.77106,False,0,0,0,,,,,,,,
100876353,Crashes_2010_2019_MPO,2015-06-25,2015,36.04105,-86.77612,False,0,0,0,,,,,,,,
100876415,Crashes_2010_2019_MPO,2015-06-25,2015,36.0328,-86.77119,False,0,0,0,,,,,,,,
100876527,Crashes_2010_2019_MPO,2015-06-25,2015,36.03336,-86.78872,True,0,0,0,,,,,,,,
100876392,Crashes_2010_2019_MPO,2015-06-25,2015,35.93581,-86.81814,False,0,0,0,,,,,,,,
100876243,Crashes_2010_2019_MPO,2015-06-25,2015,35.96279,-86.80901,False,0,0,0,,,,,,,,
100876084,Crashes_2010_2019_MPO,2015-06-25,2015,36.04242,-86.72645,False,0,0,0,,,,,,,,
100876386,Crashes_2010_2019_MPO,2015-06-25,2015,35.97359,-86.80503,True,0,0,0,,,,,,,,
100876197,Crashes_2010_2019_MPO,2015-06-25,2015,36.03916,-86.71286,False,0,0,0,,,,,,,,
100876346,Crashes_2010_2019_MPO,2015-06-25,2015,36.03257,-86.78334,True,0,0,0,,,,,,,,
100876403,Crashes_2010_2019_MPO,2015-06-25,2015,35.94349,-86.8203,False,0,0,0,,,,,,,,
100876634,Crashes_2010_2019_MPO,2015-06-25,2015,36.04166,-86.82375,False,0,0,0,,,,,,,,
100876404,Crashes_2010_2019_MPO,2015-06-25,2015,35.97107,-86.67836,False,0,0,0,,,,,,,,
100876494,Crashes_2010_2019_MPO,2015-06-25,2015,36.00245,-86.69338,False,0,0,0,,,,,,,,
100876366,Crashes_2010_2019_MPO,2015-06-25,2015,35.94679,-86.82257,False,0,0,0,,,,,,,,
100876545,Crashes_2010_2019_MPO,2015-06-25,2015,36.05066,-86.67968,False,0,1,0,,,,,,,,
100876601,Crashes_2010_2019_MPO,2015-06-25,2015,35.99841,-86.78405,True,0,0,0,,,,,,,,
100876232,Crashes_2010_2019_MPO,2015-06-25,2015,35.96132,-86.81219,False,0,0,0,,,,,,,,
100876229,Crashes_2010_2019_MPO,2015-06-25,2015,35.93549,-86.82394,False,0,0,0,,,,,,,,
100876942,Crashes_2010_2019_MPO,2015-06-26,2015,35.93116,-86.79419,False,0,0,0,,,,,,,,
100876773,Crashes_2010_2019_MPO,2015-06-26,2015,36.04067,-86.77966,False,0,0,0,,,,,,,,
100876763,Crashes_2010_2019_MPO,2015-06-26,2015,35.92386,-86.86946,False,0,0,0,,,,,,,,
100876602,Crashes_2010_2019_MPO,2015-06-26,2015,35.98492,-86.71573,True,0,0,0,,,,,,,,
100876959,Crashes_2010_2019_MPO,2015-06-26,2015,35.96595,-86.80315,True,0,0,0,,,,,,,,
100876893,Crashes_2010_2019_MPO,2015-06-26,2015,36.01756,-86.78654,True,0,0,0,,,,,,,,
100876938,Crashes_2010_2019_MPO,2015-06-26,2015,35.99694,-86.7972,True,0,0,0,,,,,,,,
100876740,Crashes_2010_2019_MPO,2015-06-26,2015,36.0453,-86.71431,False,0,0,0,,,,,,,,
100880128,Crashes_2010_2019_MPO,2015-06-26,2015,35.92834,-86.75952,False,0,0,1,,,,,,,,