record_no,source_layer,collision_ts,crash_year,latitude,longitude,in_city,fatalities,non_motorists,truck_involved,serious_injuries,pedestrian,bicycle,crash_type,manner_of_collision,lighting,weather,first_harmful_event
100876736,Crashes_2010_2019_MPO,2015-06-26,2015,36.03599,-86.78721,True,0,0,0,,,,,,,,
100877305,Crashes_2010_2019_MPO,2015-06-26,2015,36.01375,-86.73828,False,0,0,0,,,,,,,,
100876739,Crashes_2010_2019_MPO,2015-06-26,2015,36.04545,-86.70366,False,0,0,0,,,,,,,,
100876885,Crashes_2010_2019_MPO,2015-06-26,2015,35.97686,-86.80414,True,0,0,0,,,,,,,,
100876851,Crashes_2010_2019_MPO,2015-06-26,2015,36.03987,-86.74088,False,0,0,0,,,,,,,,
100877539,Crashes_2010_2019_MPO,2015-06-27,2015,35.99745,-86.69073,False,0,0,0,,,,,,,,
100877656,Crashes_2010_2019_MPO,2015-06-27,2015,36.03804,-86.79778,False,0,0,0,,,,,,,,
100877359,Crashes_2010_2019_MPO,2015-06-27,2015,36.04133,-86.72662,False,0,0,0,,,,,,,,
100877467,Crashes_2010_2019_MPO,2015-06-27,2015,36.0406,-86.77106,False,0,0,0,,,,,,,,
100877419,Crashes_2010_2019_MPO,2015-06-27,2015,35.99629,-86.69046,False,0,0,0,,,,,,,,
100878025,Crashes_2010_2019_MPO,2015-06-28,2015,36.01284,-86.80082,True,0,0,0,,,,,,,,
100884506,Crashes_2010_2019_MPO,2015-06-28,2015,35.9349,-86.81874,False,0,0,0,,,,,,,,
100877979,Crashes_2010_2019_MPO,2015-06-28,2015,35.93189,-86.79438,False,0,0,0,,,,,,,,
100878087,Crashes_2010_2019_MPO,2015-06-28,2015,36.03479,-86.79214,True,0,0,0,,,,,,,,
100878156,Crashes_2010_2019_MPO,2015-06-28,2015,35.92743,-86.87513,False,0,0,0,,,,,,,,
100877975,Crashes_2010_2019_MPO,2015-06-28,2015,35.99551,-86.77889,True,0,0,0,,,,,,,,
100877920,Crashes_2010_2019_MPO,2015-06-28,2015,36.04724,-86.71356,False,0,0,0,,,,,,,,
100878065,Crashes_2010_2019_MPO,2015-06-28,2015,35.98252,-86.77121,True,0,0,0,,,,,,,,
100879044,Crashes_2010_2019_MPO,2015-06-29,2015,36.03834,-86.78422,False,0,0,0,,,,,,,,
100878274,Crashes_2010_2019_MPO,2015-06-29,2015,36.03613,-86.79791,True,0,0,1,,,,,,,,
100878408,Crashes_2010_2019_MPO,2015-06-29,2015,35.9337,-86.8177,False,0,0,0,,,,,,,,
100878492,Crashes_2010_2019_MPO,2015-06-29,2015,35.92955,-86.84264,False,0,0,0,,,,,,,,
100879012,Crashes_2010_2019_MPO,2015-06-29,2015,35.93769,-86.82135,False,0,0,0,,,,,,,,
100878378,Crashes_2010_2019_MPO,2015-06-29,2015,35.97635,-86.82805,True,0,0,0,,,,,,,,
100878405,Crashes_2010_2019_MPO,2015-06-29,2015,36.03105,-86.79095,True,0,0,0,,,,,,,,
100878252,Crashes_2010_2019_MPO,2015-06-29,2015,35.97049,-86.77382,True,0,0,0,,,,,,,,
100879487,Crashes_2010_2019_MPO,2015-06-29,2015,36.03963,-86.78121,False,0,0,0,,,,,,,,
100878493,Crashes_2010_2019_MPO,2015-06-29,2015,35.9779,-86.87177,False,0,0,0,,,,,,,,
100879028,Crashes_2010_2019_MPO,2015-06-30,2015,35.95112,-86.80647,False,0,0,0,,,,,,,,
100878852,Crashes_2010_2019_MPO,2015-06-30,2015,36.03789,-86.79779,False,0,0,0,,,,,,,,
100879059,Crashes_2010_2019_MPO,2015-06-30,2015,36.00839,-86.78036,True,0,0,0,,,,,,,,
100878719,Crashes_2010_2019_MPO,2015-06-30,2015,36.04023,-86.76782,False,0,0,0,,,,,,,,
100878978,Crashes_2010_2019_MPO,2015-06-30,2015,35.97236,-86.83393,False,0,0,0,,,,,,,,
100878885,Crashes_2010_2019_MPO,2015-06-30,2015,36.04098,-86.77941,False,0,0,0,,,,,,,,
100878732,Crashes_2010_2019_MPO,2015-06-30,2015,36.03408,-86.80157,True,0,0,0,,,,,,,,
100878927,Crashes_2010_2019_MPO,2015-06-30,2015,35.97313,-86.83061,True,0,0,0,,,,,,,,
100878713,Crashes_2010_2019_MPO,2015-06-30,2015,35.98437,-86.72434,True,0,0,0,,,,,,,,
100878876,Crashes_2010_2019_MPO,2015-06-30,2015,35.94681,-86.8113,False,0,0,0,,,,,,,,
100879499,Crashes_2010_2019_MPO,2015-06-30,2015,35.96757,-86.81344,True,0,0,0,,,,,,,,
100878950,Crashes_2010_2019_MPO,2015-06-30,2015,36.02771,-86.79184,True,0,0,0,,,,,,,,
100878731,Crashes_2010_2019_MPO,2015-06-30,2015,36.03288,-86.77204,False,0,0,0,,,,,,,,
100879025,Crashes_2010_2019_MPO,2015-06-30,2015,35.94454,-86.82089,False,0,0,0,,,,,,,,
100878723,Crashes_2010_2019_MPO,2015-06-30,2015,36.03246,-86.70821,False,0,0,0,,,,,,,,
100879356,Crashes_2010_2019_MPO,2015-07-01,2015,35.96984,-86.72464,True,0,0,0,,,,,,,,
100879345,Crashes_2010_2019_MPO,2015-07-01,2015,35.9238,-86.7668,False,0,0,0,,,,,,,,
100879461,Crashes_2010_2019_MPO,2015-07-01,2015,36.04231,-86.83695,False,0,0,0,,,,,,,,
100879300,Crashes_2010_2019_MPO,2015-07-01,2015,35.95615,-86.86978,False,0,0,0,,,,,,,,
100879212,Crashes_2010_2019_MPO,2015-07-01,2015,35.99735,-86.79484,True,0,0,0,,,,,,,,
100879688,Crashes_2010_2019_MPO,2015-07-01,2015,35.94523,-86.82017,False,0,0,0,,,,,,,,
100879301,Crashes_2010_2019_MPO,2015-07-01,2015,35.9583,-86.80229,False,0,0,0,,,,,,,,
100879425,Crashes_2010_2019_MPO,2015-07-01,2015,35.93283,-86.8774,False,0,1,0,,,,,,,,
100879270,Crashes_2010_2019_MPO,2015-07-01,2015,35.97044,-86.7738,True,0,0,0,,,,,,,,
100879191,Crashes_2010_2019_MPO,2015-07-01,2015,36.03983,-86.74046,False,0,0,0,,,,,,,,
100879294,Crashes_2010_2019_MPO,2015-07-01,2015,36.01529,-86.73753,False,0,0,0,,,,,,,,
100879240,Crashes_2010_2019_MPO,2015-07-01,2015,36.04084,-86.77935,False,0,0,0,,,,,,,,
100879566,Crashes_2010_2019_MPO,2015-07-01,2015,36.0124,-86.70359,False,0,0,0,,,,,,,,
100879233,Crashes_2010_2019_MPO,2015-07-01,2015,35.98367,-86.71675,True,0,0,0,,,,,,,,
100879407,Crashes_2010_2019_MPO,2015-07-01,2015,36.0326,-86.76916,False,0,0,0,,,,,,,,
100879921,Crashes_2010_2019_MPO,2015-07-01,2015,35.96193,-86.808,True,0,0,0,,,,,,,,
100879936,Crashes_2010_2019_MPO,2015-07-01,2015,35.94677,-86.8239,False,0,0,0,,,,,,,,
100879859,Crashes_2010_2019_MPO,2015-07-02,2015,35.9553,-86.81162,False,0,0,0,,,,,,,,
100880120,Crashes_2010_2019_MPO,2015-07-02,2015,36.03894,-86.7825,False,0,0,0,,,,,,,,
100880114,Crashes_2010_2019_MPO,2015-07-02,2015,36.00222,-86.80765,True,0,0,0,,,,,,,,
100880342,Crashes_2010_2019_MPO,2015-07-02,2015,36.0454,-86.71336,False,0,0,1,,,,,,,,
100880818,Crashes_2010_2019_MPO,2015-07-02,2015,36.04526,-86.71475,False,0,0,0,,,,,,,,
100880322,Crashes_2010_2019_MPO,2015-07-02,2015,35.92562,-86.87242,False,0,0,0,,,,,,,,
100879949,Crashes_2010_2019_MPO,2015-07-02,2015,35.9495,-86.81929,False,0,0,0,,,,,,,,
100879847,Crashes_2010_2019_MPO,2015-07-02,2015,36.04187,-86.7824,False,0,0,0,,,,,,,,
100879812,Crashes_2010_2019_MPO,2015-07-02,2015,36.01395,-86.71936,False,0,0,0,,,,,,,,
100879732,Crashes_2010_2019_MPO,2015-07-02,2015,35.99746,-86.79516,True,0,0,0,,,,,,,,
100880957,Crashes_2010_2019_MPO,2015-07-03,2015,36.04547,-86.70401,False,0,0,0,,,,,,,,
100880820,Crashes_2010_2019_MPO,2015-07-03,2015,35.92293,-86.87185,False,0,0,0,,,,,,,,
100881548,Crashes_2010_2019_MPO,2015-07-03,2015,35.9455,-86.82513,False,0,0,0,,,,,,,,
100880310,Crashes_2010_2019_MPO,2015-07-03,2015,35.96732,-86.81482,True,0,0,0,,,,,,,,
100880843,Crashes_2010_2019_MPO,2015-07-03,2015,35.92956,-86.77905,False,0,0,0,,,,,,,,
100880855,Crashes_2010_2019_MPO,2015-07-03,2015,36.0538,-86.73597,False,0,0,0,,,,,,,,
100880480,Crashes_2010_2019_MPO,2015-07-03,2015,35.99711,-86.79343,True,0,0,0,,,,,,,,
100880377,Crashes_2010_2019_MPO,2015-07-03,2015,36.03802,-86.78447,False,0,0,0,,,,,,,,
100881492,Crashes_2010_2019_MPO,2015-07-04,2015,36.04001,-86.74349,False,0,0,0,,,,,,,,
100881362,Crashes_2010_2019_MPO,2015-07-04,2015,35.94686,-86.85162,False,0,0,0,,,,,,,,
100881894,Crashes_2010_2019_MPO,2015-07-04,2015,35.926,-86.87668,False,0,0,1,,,,,,,,
100884089,Crashes_2010_2019_MPO,2015-07-05,2015,36.00801,-86.72023,True,0,0,0,,,,,,,,
100881747,Crashes_2010_2019_MPO,2015-07-05,2015,36.05299,-86.71105,False,0,0,0,,,,,,,,
100885269,Crashes_2010_2019_MPO,2015-07-05,2015,35.99465,-86.79774,True,0,0,0,,,,,,,,
100884021,Crashes_2010_2019_MPO,2015-07-05,2015,35.92823,-86.76738,False,0,0,0,,,,,,,,
100881792,Crashes_2010_2019_MPO,2015-07-05,2015,36.02198,-86.79508,True,0,0,0,,,,,,,,
100882180,Crashes_2010_2019_MPO,2015-07-06,2015,35.96713,-86.81387,True,0,0,0,,,,,,,,
100882008,Crashes_2010_2019_MPO,2015-07-06,2015,36.03319,-86.78761,True,0,0,0,,,,,,,,
100882332,Crashes_2010_2019_MPO,2015-07-06,2015,36.04024,-86.76787,False,0,0,0,,,,,,,,
100882223,Crashes_2010_2019_MPO,2015-07-06,2015,35.94979,-86.79975,False,0,0,0,,,,,,,,
100882225,Crashes_2010_2019_MPO,2015-07-06,2015,35.96657,-86.81022,True,0,0,0,,,,,,,,
100882063,Crashes_2010_2019_MPO,2015-07-06,2015,36.04009,-86.74428,False,0,0,0,,,,,,,,
100882059,Crashes_2010_2019_MPO,2015-07-06,2015,36.03129,-86.75344,False,0,0,0,,,,,,,,
100881962,Crashes_2010_2019_MPO,2015-07-06,2015,35.92495,-86.85697,False,0,0,0,,,,,,,,
100882238,Crashes_2010_2019_MPO,2015-07-06,2015,35.94613,-86.82347,False,0,0,0,,,,,,,,
100882587,Crashes_2010_2019_MPO,2015-07-07,2015,35.99381,-86.76074,True,0,0,0,,,,,,,,
100883330,Crashes_2010_2019_MPO,2015-07-07,2015,35.93219,-86.79437,False,0,0,0,,,,,,,,
100882572,Crashes_2010_2019_MPO,2015-07-07,2015,36.02654,-86.7925,True,0,0,0,,,,,,,,
100882650,Crashes_2010_2019_MPO,2015-07-07,2015,35.93313,-86.81153,False,0,0,0,,,,,,,,
100882765,Crashes_2010_2019_MPO,2015-07-07,2015,36.04333,-86.6892,False,0,0,0,,,,,,,,
100882566,Crashes_2010_2019_MPO,2015-07-07,2015,35.98325,-86.71739,True,0,0,0,,,,,,,,
100883034,Crashes_2010_2019_MPO,2015-07-07,2015,35.92431,-86.87081,False,0,0,0,,,,,,,,
100883102,Crashes_2010_2019_MPO,2015-07-07,2015,36.05466,-86.68025,False,0,0,0,,,,,,,,
100882690,Crashes_2010_2019_MPO,2015-07-07,2015,36.04001,-86.74349,False,0,0,0,,,,,,,,
100882814,Crashes_2010_2019_MPO,2015-07-07,2015,35.92732,-86.87408,False,0,0,0,,,,,,,,
100882811,Crashes_2010_2019_MPO,2015-07-07,2015,35.92537,-86.86882,False,0,0,0,,,,,,,,
100882809,Crashes_2010_2019_MPO,2015-07-07,2015,35.95064,-86.84447,False,0,0,0,,,,,,,,
100882887,Crashes_2010_2019_MPO,2015-07-07,2015,36.04482,-86.84894,False,0,0,0,,,,,,,,
100882474,Crashes_2010_2019_MPO,2015-07-07,2015,35.96703,-86.80879,True,0,0,0,,,,,,,,
100883576,Crashes_2010_2019_MPO,2015-07-08,2015,35.93117,-86.79409,False,0,0,0,,,,,,,,
100883406,Crashes_2010_2019_MPO,2015-07-08,2015,36.0406,-86.7798,False,0,0,0,,,,,,,,
100885447,Crashes_2010_2019_MPO,2015-07-08,2015,36.03211,-86.7834,True,0,0,0,,,,,,,,
100883088,Crashes_2010_2019_MPO,2015-07-08,2015,36.0442,-86.781,False,0,0,0,,,,,,,,
100883473,Crashes_2010_2019_MPO,2015-07-08,2015,36.04098,-86.77941,False,0,0,0,,,,,,,,
100883100,Crashes_2010_2019_MPO,2015-07-08,2015,35.94686,-86.85162,False,0,0,0,,,,,,,,
100883064,Crashes_2010_2019_MPO,2015-07-08,2015,35.96432,-86.78728,True,0,0,0,,,,,,,,
100883286,Crashes_2010_2019_MPO,2015-07-08,2015,36.03374,-86.78851,True,0,0,0,,,,,,,,
100883227,Crashes_2010_2019_MPO,2015-07-08,2015,36.03405,-86.81346,True,0,0,0,,,,,,,,
100883356,Crashes_2010_2019_MPO,2015-07-08,2015,36.03738,-86.791,False,0,0,0,,,,,,,,
100883353,Crashes_2010_2019_MPO,2015-07-08,2015,35.95227,-86.81914,False,0,0,0,,,,,,,,
100883364,Crashes_2010_2019_MPO,2015-07-08,2015,35.96741,-86.81554,True,0,0,0,,,,,,,,
100883574,Crashes_2010_2019_MPO,2015-07-09,2015,36.0398,-86.74023,False,0,0,0,,,,,,,,
100883838,Crashes_2010_2019_MPO,2015-07-09,2015,36.04044,-86.7697,False,0,0,0,,,,,,,,
100883683,Crashes_2010_2019_MPO,2015-07-09,2015,36.04732,-86.86273,False,0,0,0,,,,,,,,
100883609,Crashes_2010_2019_MPO,2015-07-09,2015,35.98841,-86.73995,True,0,0,0,,,,,,,,
100883898,Crashes_2010_2019_MPO,2015-07-09,2015,36.03258,-86.76886,False,0,0,0,,,,,,,,
100883561,Crashes_2010_2019_MPO,2015-07-09,2015,35.9498,-86.81328,False,0,0,0,,,,,,,,
100883653,Crashes_2010_2019_MPO,2015-07-09,2015,36.03991,-86.7414,False,0,0,0,,,,,,,,
100884386,Crashes_2010_2019_MPO,2015-07-09,2015,35.99257,-86.70064,True,0,0,0,,,,,,,,
100883948,Crashes_2010_2019_MPO,2015-07-09,2015,36.01571,-86.82048,True,0,0,0,,,,,,,,
100883999,Crashes_2010_2019_MPO,2015-07-09,2015,35.93502,-86.86058,False,0,0,0,,,,,,,,
100886441,Crashes_2010_2019_MPO,2015-07-09,2015,36.03302,-86.78329,True,0,0,0,,,,,,,,
100884004,Crashes_2010_2019_MPO,2015-07-09,2015,36.04666,-86.72508,False,0,0,0,,,,,,,,
100883953,Crashes_2010_2019_MPO,2015-07-09,2015,36.02552,-86.785263,True,0,0,0,,,,,,,,
100883837,Crashes_2010_2019_MPO,2015-07-09,2015,36.0452,-86.7162,False,0,0,0,,,,,,,,
100883919,Crashes_2010_2019_MPO,2015-07-09,2015,35.96653,-86.80997,True,0,0,0,,,,,,,,
100884367,Crashes_2010_2019_MPO,2015-07-10,2015,35.95597,-86.84804,False,0,0,0,,,,,,,,
100884331,Crashes_2010_2019_MPO,2015-07-10,2015,36.04198,-86.83375,False,0,0,0,,,,,,,,
100884967,Crashes_2010_2019_MPO,2015-07-10,2015,35.92547,-86.8728,False,0,0,0,,,,,,,,
100884321,Crashes_2010_2019_MPO,2015-07-10,2015,35.95214,-86.81803,False,0,0,0,,,,,,,,
100885102,Crashes_2010_2019_MPO,2015-07-10,2015,36.03543,-86.78577,True,0,0,0,,,,,,,,
100884900,Crashes_2010_2019_MPO,2015-07-10,2015,35.98777,-86.68094,False,0,0,0,,,,,,,,
100884425,Crashes_2010_2019_MPO,2015-07-10,2015,36.03896,-86.78197,False,0,0,0,,,,,,,,
100884389,Crashes_2010_2019_MPO,2015-07-10,2015,35.98087,-86.79703,True,0,0,0,,,,,,,,
100884357,Crashes_2010_2019_MPO,2015-07-10,2015,36.03848,-86.78412,False,0,0,0,,,,,,,,
100884486,Crashes_2010_2019_MPO,2015-07-10,2015,36.04507,-86.71312,False,0,0,0,,,,,,,,
100886545,Crashes_2010_2019_MPO,2015-07-11,2015,36.02413,-86.70977,False,0,0,0,,,,,,,,
100884915,Crashes_2010_2019_MPO,2015-07-11,2015,36.03803,-86.79765,False,0,0,0,,,,,,,,
100884845,Crashes_2010_2019_MPO,2015-07-11,2015,35.99615,-86.78804,True,0,0,0,,,,,,,,
100884968,Crashes_2010_2019_MPO,2015-07-11,2015,35.99824,-86.77921,True,0,0,0,,,,,,,,
100885410,Crashes_2010_2019_MPO,2015-07-12,2015,36.04094,-86.77342,False,0,0,0,,,,,,,,
100885290,Crashes_2010_2019_MPO,2015-07-12,2015,36.04226,-86.72647,False,0,0,0,,,,,,,,
100885580,Crashes_2010_2019_MPO,2015-07-12,2015,36.03199,-86.75966,False,0,0,0,,,,,,,,
100885171,Crashes_2010_2019_MPO,2015-07-12,2015,35.99323,-86.69732,True,0,0,0,,,,,,,,
100885665,Crashes_2010_2019_MPO,2015-07-12,2015,36.04531,-86.70166,False,0,0,0,,,,,,,,
100885340,Crashes_2010_2019_MPO,2015-07-12,2015,35.97717,-86.67814,False,0,0,0,,,,,,,,
100885231,Crashes_2010_2019_MPO,2015-07-12,2015,35.93508,-86.84862,False,0,0,0,,,,,,,,
100885226,Crashes_2010_2019_MPO,2015-07-12,2015,35.94572,-86.85255,False,0,0,0,,,,,,,,
100885810,Crashes_2010_2019_MPO,2015-07-13,2015,35.92547,-86.87275,False,0,0,0,,,,,,,,
100885715,Crashes_2010_2019_MPO,2015-07-13,2015,35.93434,-86.81904,False,0,0,0,,,,,,,,
100885628,Crashes_2010_2019_MPO,2015-07-13,2015,35.96601,-86.77934,True,0,0,0,,,,,,,,
100885708,Crashes_2010_2019_MPO,2015-07-13,2015,36.04464,-86.71307,False,0,0,0,,,,,,,,
100885824,Crashes_2010_2019_MPO,2015-07-13,2015,36.04565,-86.70656,False,0,0,0,,,,,,,,
100885619,Crashes_2010_2019_MPO,2015-07-13,2015,35.97673,-86.82631,True,0,0,0,,,,,,,,
100885805,Crashes_2010_2019_MPO,2015-07-13,2015,35.98549,-86.71423,True,0,0,0,,,,,,,,
100885609,Crashes_2010_2019_MPO,2015-07-13,2015,36.0397,-86.75966,False,0,0,0,,,,,,,,
100885941,Crashes_2010_2019_MPO,2015-07-13,2015,35.99475,-86.78908,True,0,0,0,,,,,,,,
100885834,Crashes_2010_2019_MPO,2015-07-13,2015,36.04526,-86.71475,False,0,0,0,,,,,,,,
100886390,Crashes_2010_2019_MPO,2015-07-14,2015,35.9729,-86.83346,False,0,0,0,,,,,,,,
100886391,Crashes_2010_2019_MPO,2015-07-14,2015,35.96563,-86.81412,False,0,0,0,,,,,,,,
100886259,Crashes_2010_2019_MPO,2015-07-14,2015,35.95204,-86.81806,False,0,0,0,,,,,,,,
100886457,Crashes_2010_2019_MPO,2015-07-14,2015,36.04472,-86.72487,False,0,0,0,,,,,,,,
100886342,Crashes_2010_2019_MPO,2015-07-14,2015,35.96504,-86.81602,True,0,0,0,,,,,,,,
100907134,Crashes_2010_2019_MPO,2015-07-14,2015,35.9261,-86.8714,False,0,0,0,,,,,,,,
100907007,Crashes_2010_2019_MPO,2015-07-14,2015,35.93314,-86.81159,False,0,0,0,,,,,,,,
100886341,Crashes_2010_2019_MPO,2015-07-14,2015,35.95201,-86.73319,True,0,0,0,,,,,,,,
100886346,Crashes_2010_2019_MPO,2015-07-14,2015,36.03972,-86.75734,False,0,0,0,,,,,,,,
100886210,Crashes_2010_2019_MPO,2015-07-14,2015,36.04168,-86.74793,False,0,0,0,,,,,,,,
100886257,Crashes_2010_2019_MPO,2015-07-14,2015,36.04066,-86.78277,False,0,0,0,,,,,,,,
100886324,Crashes_2010_2019_MPO,2015-07-14,2015,36.03935,-86.78565,False,0,0,0,,,,,,,,
100907135,Crashes_2010_2019_MPO,2015-07-14,2015,35.93473,-86.8213,False,0,0,0,,,,,,,,
100886326,Crashes_2010_2019_MPO,2015-07-14,2015,35.95802,-86.80257,False,0,0,0,,,,,,,,
100907175,Crashes_2010_2019_MPO,2015-07-14,2015,36.04146,-86.78248,False,0,0,0,,,,,,,,
100907108,Crashes_2010_2019_MPO,2015-07-15,2015,35.96011,-86.81385,False,0,0,0,,,,,,,,
100886910,Crashes_2010_2019_MPO,2015-07-15,2015,36.03735,-86.78656,False,0,0,0,,,,,,,,
100907445,Crashes_2010_2019_MPO,2015-07-15,2015,35.96921,-86.80654,True,0,0,0,,,,,,,,
100886887,Crashes_2010_2019_MPO,2015-07-15,2015,35.9498,-86.81328,False,0,0,0,,,,,,,,
100886904,Crashes_2010_2019_MPO,2015-07-15,2015,36.0005,-86.69465,False,0,0,0,,,,,,,,
100886896,Crashes_2010_2019_MPO,2015-07-15,2015,35.99833,-86.68947,False,0,0,0,,,,,,,,
100907467,Crashes_2010_2019_MPO,2015-07-15,2015,35.9238,-86.7668,False,0,0,0,,,,,,,,
100886939,Crashes_2010_2019_MPO,2015-07-15,2015,35.9667,-86.81117,True,0,0,0,,,,,,,,
100886811,Crashes_2010_2019_MPO,2015-07-15,2015,36.03072,-86.837,True,0,0,0,,,,,,,,
100886693,Crashes_2010_2019_MPO,2015-07-15,2015,35.94068,-86.83938,False,0,0,0,,,,,,,,
100907024,Crashes_2010_2019_MPO,2015-07-15,2015,35.96243,-86.68874,False,0,0,0,,,,,,,,
100886620,Crashes_2010_2019_MPO,2015-07-15,2015,36.04531,-86.70166,False,0,0,0,,,,,,,,
100886878,Crashes_2010_2019_MPO,2015-07-15,2015,35.96428,-86.81857,True,0,0,0,,,,,,,,
100886692,Crashes_2010_2019_MPO,2015-07-15,2015,35.94689,-86.85175,False,0,0,0,,,,,,,,
100907008,Crashes_2010_2019_MPO,2015-07-15,2015,35.94654,-86.80865,False,0,0,0,,,,,,,,
100907281,Crashes_2010_2019_MPO,2015-07-15,2015,35.98242,-86.84628,False,0,0,0,,,,,,,,
100907169,Crashes_2010_2019_MPO,2015-07-16,2015,36.04421,-86.71302,False,0,0,0,,,,,,,,
100907285,Crashes_2010_2019_MPO,2015-07-16,2015,35.96203,-86.81531,False,0,0,0,,,,,,,,
100907177,Crashes_2010_2019_MPO,2015-07-16,2015,36.03635,-86.78699,False,0,0,0,,,,,,,,
100907706,Crashes_2010_2019_MPO,2015-07-16,2015,35.95931,-86.82403,False,0,0,0,,,,,,,,
100907174,Crashes_2010_2019_MPO,2015-07-16,2015,36.03735,-86.78656,False,0,0,0,,,,,,,,
100907461,Crashes_2010_2019_MPO,2015-07-16,2015,36.03114,-86.78995,True,0,0,0,,,,,,,,
100907395,Crashes_2010_2019_MPO,2015-07-16,2015,35.96707,-86.81349,True,0,0,0,,,,,,,,
100907339,Crashes_2010_2019_MPO,2015-07-16,2015,36.04771,-86.86417,False,0,0,0,,,,,,,,
100907137,Crashes_2010_2019_MPO,2015-07-16,2015,36.03986,-86.74078,False,0,0,0,,,,,,,,
100907176,Crashes_2010_2019_MPO,2015-07-16,2015,35.98996,-86.74427,True,0,0,0,,,,,,,,
100907623,Crashes_2010_2019_MPO,2015-07-16,2015,35.96705,-86.81342,True,0,0,0,,,,,,,,
100912971,Crashes_2010_2019_MPO,2015-07-16,2015,36.03336,-86.78872,True,0,0,0,,,,,,,,
100908033,Crashes_2010_2019_MPO,2015-07-17,2015,36.04104,-86.71279,False,0,0,0,,,,,,,,
100907775,Crashes_2010_2019_MPO,2015-07-17,2015,36.03946,-86.76839,False,0,0,0,,,,,,,,
100908027,Crashes_2010_2019_MPO,2015-07-17,2015,35.93561,-86.82388,False,0,0,0,,,,,,,,
100907658,Crashes_2010_2019_MPO,2015-07-17,2015,36.03969,-86.76013,False,0,0,0,,,,,,,,
100907636,Crashes_2010_2019_MPO,2015-07-17,2015,35.96589,-86.80587,True,0,0,0,,,,,,,,
100907773,Crashes_2010_2019_MPO,2015-07-17,2015,36.04084,-86.77935,False,0,0,0,,,,,,,,
100907707,Crashes_2010_2019_MPO,2015-07-17,2015,35.93461,-86.82012,False,0,0,0,,,,,,,,
100908373,Crashes_2010_2019_MPO,2015-07-18,2015,35.96708,-86.81356,True,0,0,0,,,,,,,,
100908352,Crashes_2010_2019_MPO,2015-07-18,2015,35.94428,-86.81993,False,0,0,0,,,,,,,,
100908210,Crashes_2010_2019_MPO,2015-07-18,2015,36.04424,-86.7816,False,0,0,0,,,,,,,,
100913316,Crashes_2010_2019_MPO,2015-07-18,2015,36.04248,-86.71284,False,0,0,0,,,,,,,,
100908267,Crashes_2010_2019_MPO,2015-07-18,2015,36.04022,-86.7273,False,0,0,0,,,,,,,,
100908311,Crashes_2010_2019_MPO,2015-07-18,2015,35.92673,-86.79204,False,0,0,0,,,,,,,,
100908154,Crashes_2010_2019_MPO,2015-07-18,2015,35.92468,-86.80329,False,1,0,0,,,,,,,,
100918462,Crashes_2010_2019_MPO,2015-07-18,2015,35.9649,-86.81547,True,0,0,0,,,,,,,,
100908663,Crashes_2010_2019_MPO,2015-07-19,2015,35.95327,-86.81471,False,0,0,0,,,,,,,,
100909356,Crashes_2010_2019_MPO,2015-07-20,2015,35.96099,-86.81076,False,0,0,0,,,,,,,,
100909757,Crashes_2010_2019_MPO,2015-07-20,2015,35.94613,-86.82347,False,0,0,0,,,,,,,,
100909276,Crashes_2010_2019_MPO,2015-07-20,2015,35.96683,-86.81196,True,0,0,0,,,,,,,,
100909469,Crashes_2010_2019_MPO,2015-07-20,2015,35.99604,-86.78454,True,0,0,0,,,,,,,,
100909355,Crashes_2010_2019_MPO,2015-07-20,2015,35.94695,-86.82047,False,0,0,0,,,,,,,,
100909393,Crashes_2010_2019_MPO,2015-07-20,2015,36.01317,-86.80172,True,0,0,0,,,,,,,,
100909326,Crashes_2010_2019_MPO,2015-07-20,2015,36.03887,-86.78298,False,0,0,0,,,,,,,,
100909261,Crashes_2010_2019_MPO,2015-07-20,2015,36.04646,-86.85897,False,0,0,0,,,,,,,,
100909444,Crashes_2010_2019_MPO,2015-07-20,2015,36.04556,-86.71943,False,0,0,0,,,,,,,,
100916280,Crashes_2010_2019_MPO,2015-07-20,2015,35.97818,-86.80368,True,0,0,0,,,,,,,,
100909377,Crashes_2010_2019_MPO,2015-07-20,2015,36.04598,-86.71323,False,0,0,0,,,,,,,,
100909350,Crashes_2010_2019_MPO,2015-07-20,2015,35.96413,-86.80216,True,0,0,0,,,,,,,,
100909716,Crashes_2010_2019_MPO,2015-07-21,2015,35.92389,-86.87879,False,0,0,0,,,,,,,,
100910047,Crashes_2010_2019_MPO,2015-07-21,2015,35.962,-86.81517,False,0,0,0,,,,,,,,
100909870,Crashes_2010_2019_MPO,2015-07-21,2015,36.03053,-86.76269,False,0,0,0,,,,,,,,
100909825,Crashes_2010_2019_MPO,2015-07-21,2015,35.9564,-86.83643,False,0,0,0,,,,,,,,
100909582,Crashes_2010_2019_MPO,2015-07-21,2015,36.04023,-86.78073,False,0,0,0,,,,,,,,
100909826,Crashes_2010_2019_MPO,2015-07-21,2015,35.9239,-86.87894,False,0,0,0,,,,,,,,
100909653,Crashes_2010_2019_MPO,2015-07-21,2015,35.97332,-86.83308,True,0,0,0,,,,,,,,
100911391,Crashes_2010_2019_MPO,2015-07-21,2015,35.92638,-86.72919,False,0,0,0,,,,,,,,
100909841,Crashes_2010_2019_MPO,2015-07-21,2015,35.99029,-86.74742,True,0,0,0,,,,,,,,
100910228,Crashes_2010_2019_MPO,2015-07-21,2015,36.01955,-86.82073,True,0,0,0,,,,,,,,
100909797,Crashes_2010_2019_MPO,2015-07-21,2015,36.04482,-86.84894,False,0,0,0,,,,,,,,
100910038,Crashes_2010_2019_MPO,2015-07-21,2015,35.93549,-86.82394,False,0,0,0,,,,,,,,
100910363,Crashes_2010_2019_MPO,2015-07-22,2015,36.04078,-86.77346,False,0,0,0,,,,,,,,
100911030,Crashes_2010_2019_MPO,2015-07-22,2015,35.93183,-86.8016,False,0,0,0,,,,,,,,
100910944,Crashes_2010_2019_MPO,2015-07-22,2015,35.9323,-86.81939,False,0,0,0,,,,,,,,