record_no,source_layer,collision_ts,crash_year,latitude,longitude,in_city,fatalities,non_motorists,truck_involved,serious_injuries,pedestrian,bicycle,crash_type,manner_of_collision,lighting,weather,first_harmful_event
100910386,Crashes_2010_2019_MPO,2015-07-22,2015,35.97053,-86.8219,True,0,0,0,,,,,,,,
100910243,Crashes_2010_2019_MPO,2015-07-22,2015,36.03552,-86.78747,True,0,0,0,,,,,,,,
100910213,Crashes_2010_2019_MPO,2015-07-22,2015,35.94784,-86.81975,False,0,0,0,,,,,,,,
100910576,Crashes_2010_2019_MPO,2015-07-22,2015,35.9581,-86.83164,False,0,0,0,,,,,,,,
100910076,Crashes_2010_2019_MPO,2015-07-22,2015,35.99937,-86.80903,True,0,0,0,,,,,,,,
100911384,Crashes_2010_2019_MPO,2015-07-22,2015,36.00114,-86.79392,True,0,0,0,,,,,,,,
100910223,Crashes_2010_2019_MPO,2015-07-22,2015,36.03457,-86.80254,True,0,0,0,,,,,,,,
100910057,Crashes_2010_2019_MPO,2015-07-22,2015,36.01695,-86.78611,True,0,0,0,,,,,,,,
100912891,Crashes_2010_2019_MPO,2015-07-22,2015,35.95295,-86.81791,False,0,0,0,,,,,,,,
100910412,Crashes_2010_2019_MPO,2015-07-22,2015,36.04554,-86.71179,False,0,0,0,,,,,,,,
100911026,Crashes_2010_2019_MPO,2015-07-22,2015,35.93085,-86.8637,False,0,0,0,,,,,,,,
100910326,Crashes_2010_2019_MPO,2015-07-22,2015,36.03757,-86.78503,False,0,0,0,,,,,,,,
100910344,Crashes_2010_2019_MPO,2015-07-22,2015,36.04502,-86.71473,False,0,0,0,,,,,,,,
100910601,Crashes_2010_2019_MPO,2015-07-23,2015,35.97102,-86.72644,True,0,0,0,,,,,,,,
100911024,Crashes_2010_2019_MPO,2015-07-23,2015,36.03442,-86.74355,False,0,0,0,,,,,,,,
100910655,Crashes_2010_2019_MPO,2015-07-23,2015,36.04004,-86.78265,False,0,0,0,,,,,,,,
100911023,Crashes_2010_2019_MPO,2015-07-23,2015,36.03517,-86.76869,False,0,0,0,,,,,,,,
100911088,Crashes_2010_2019_MPO,2015-07-23,2015,36.01355,-86.71495,False,0,0,0,,,,,,,,
100910779,Crashes_2010_2019_MPO,2015-07-23,2015,36.03736,-86.71322,False,0,0,0,,,,,,,,
100911179,Crashes_2010_2019_MPO,2015-07-23,2015,36.03677,-86.78332,False,0,0,0,,,,,,,,
100911369,Crashes_2010_2019_MPO,2015-07-23,2015,35.96577,-86.82065,True,0,0,0,,,,,,,,
100911467,Crashes_2010_2019_MPO,2015-07-24,2015,35.96417,-86.80017,True,0,0,0,,,,,,,,
100911393,Crashes_2010_2019_MPO,2015-07-24,2015,35.96602,-86.77909,True,0,0,0,,,,,,,,
100913055,Crashes_2010_2019_MPO,2015-07-24,2015,36.05103,-86.74329,False,0,0,0,,,,,,,,
100911362,Crashes_2010_2019_MPO,2015-07-24,2015,35.9507,-86.87239,False,0,0,0,,,,,,,,
100913345,Crashes_2010_2019_MPO,2015-07-24,2015,35.95772,-86.8026,False,0,0,0,,,,,,,,
100911556,Crashes_2010_2019_MPO,2015-07-24,2015,36.04838,-86.74365,False,0,0,0,,,,,,,,
100912325,Crashes_2010_2019_MPO,2015-07-25,2015,35.94886,-86.74878,True,0,0,0,,,,,,,,
100912158,Crashes_2010_2019_MPO,2015-07-25,2015,36.04203,-86.77909,False,0,0,0,,,,,,,,
100912135,Crashes_2010_2019_MPO,2015-07-25,2015,35.92547,-86.87275,False,0,0,0,,,,,,,,
100912085,Crashes_2010_2019_MPO,2015-07-25,2015,36.03119,-86.79058,True,0,1,0,,,,,,,,
100912139,Crashes_2010_2019_MPO,2015-07-25,2015,36.03996,-86.74203,False,0,0,0,,,,,,,,
100911947,Crashes_2010_2019_MPO,2015-07-25,2015,36.02257,-86.74258,False,0,0,0,,,,,,,,
100912291,Crashes_2010_2019_MPO,2015-07-25,2015,36.04084,-86.77935,False,0,0,0,,,,,,,,
100912214,Crashes_2010_2019_MPO,2015-07-25,2015,36.0454,-86.71336,False,0,0,0,,,,,,,,
100912153,Crashes_2010_2019_MPO,2015-07-25,2015,35.94879,-86.74786,True,0,0,0,,,,,,,,
100912001,Crashes_2010_2019_MPO,2015-07-25,2015,35.99291,-86.81252,True,0,0,0,,,,,,,,
100912053,Crashes_2010_2019_MPO,2015-07-25,2015,35.92406,-86.87173,False,0,0,0,,,,,,,,
100912793,Crashes_2010_2019_MPO,2015-07-26,2015,35.99932,-86.77421,True,0,0,0,,,,,,,,
100912531,Crashes_2010_2019_MPO,2015-07-26,2015,35.94761,-86.81992,False,0,0,0,,,,,,,,
100912749,Crashes_2010_2019_MPO,2015-07-26,2015,36.04545,-86.7036,False,0,0,0,,,,,,,,
100912367,Crashes_2010_2019_MPO,2015-07-26,2015,36.04606,-86.71687,False,0,0,0,,,,,,,,
100913172,Crashes_2010_2019_MPO,2015-07-27,2015,36.04627,-86.67678,False,0,0,0,,,,,,,,
100913214,Crashes_2010_2019_MPO,2015-07-27,2015,35.95243,-86.82004,False,0,0,0,,,,,,,,
100913513,Crashes_2010_2019_MPO,2015-07-27,2015,36.04098,-86.77941,False,0,0,0,,,,,,,,
100913131,Crashes_2010_2019_MPO,2015-07-27,2015,35.96536,-86.79757,True,0,0,0,,,,,,,,
100913011,Crashes_2010_2019_MPO,2015-07-27,2015,36.02729,-86.79208,True,0,0,0,,,,,,,,
100912909,Crashes_2010_2019_MPO,2015-07-27,2015,36.02551,-86.71302,False,0,0,0,,,,,,,,
100913324,Crashes_2010_2019_MPO,2015-07-27,2015,35.9912,-86.68349,False,0,0,0,,,,,,,,
100912954,Crashes_2010_2019_MPO,2015-07-27,2015,35.99781,-86.79885,True,0,0,0,,,,,,,,
100912947,Crashes_2010_2019_MPO,2015-07-27,2015,35.94656,-86.81984,False,0,0,0,,,,,,,,
100913157,Crashes_2010_2019_MPO,2015-07-27,2015,35.94531,-86.8042,False,0,0,0,,,,,,,,
100913591,Crashes_2010_2019_MPO,2015-07-28,2015,35.97717,-86.67814,False,0,0,0,,,,,,,,
100913331,Crashes_2010_2019_MPO,2015-07-28,2015,36.00574,-86.75481,True,0,0,0,,,,,,,,
100913614,Crashes_2010_2019_MPO,2015-07-28,2015,36.04048,-86.78099,False,0,0,0,,,,,,,,
100913695,Crashes_2010_2019_MPO,2015-07-28,2015,36.04732,-86.86273,False,0,0,0,,,,,,,,
100913692,Crashes_2010_2019_MPO,2015-07-28,2015,35.92423,-86.86921,False,0,0,0,,,,,,,,
100913506,Crashes_2010_2019_MPO,2015-07-28,2015,35.9646,-86.79006,True,0,0,0,,,,,,,,
100913707,Crashes_2010_2019_MPO,2015-07-28,2015,36.01395,-86.71936,False,0,0,0,,,,,,,,
100913620,Crashes_2010_2019_MPO,2015-07-28,2015,36.04001,-86.74349,False,0,0,0,,,,,,,,
100913412,Crashes_2010_2019_MPO,2015-07-28,2015,35.96518,-86.80021,True,0,0,0,,,,,,,,
100913693,Crashes_2010_2019_MPO,2015-07-28,2015,35.92924,-86.83968,False,0,0,0,,,,,,,,
100913694,Crashes_2010_2019_MPO,2015-07-28,2015,35.94658,-86.85185,False,0,0,0,,,,,,,,
100916905,Crashes_2010_2019_MPO,2015-07-28,2015,36.02686,-86.81837,True,0,0,0,,,,,,,,
100913650,Crashes_2010_2019_MPO,2015-07-28,2015,36.00199,-86.80776,True,0,0,0,,,,,,,,
100913781,Crashes_2010_2019_MPO,2015-07-28,2015,36.04591,-86.69089,False,0,0,0,,,,,,,,
100913387,Crashes_2010_2019_MPO,2015-07-28,2015,35.97764,-86.77681,True,0,0,0,,,,,,,,
100914306,Crashes_2010_2019_MPO,2015-07-29,2015,35.93852,-86.82162,False,0,0,0,,,,,,,,
100914065,Crashes_2010_2019_MPO,2015-07-29,2015,35.94816,-86.81833,False,0,0,0,,,,,,,,
100914068,Crashes_2010_2019_MPO,2015-07-29,2015,35.96672,-86.8113,True,0,0,0,,,,,,,,
100914316,Crashes_2010_2019_MPO,2015-07-29,2015,36.04542,-86.71317,False,0,0,0,,,,,,,,
100916815,Crashes_2010_2019_MPO,2015-07-29,2015,36.03759,-86.78587,False,0,0,0,,,,,,,,
100914275,Crashes_2010_2019_MPO,2015-07-29,2015,36.01698,-86.70218,False,0,0,0,,,,,,,,
100914119,Crashes_2010_2019_MPO,2015-07-29,2015,35.9242,-86.87002,False,0,0,0,,,,,,,,
100914513,Crashes_2010_2019_MPO,2015-07-29,2015,36.04084,-86.77935,False,0,0,0,,,,,,,,
100914092,Crashes_2010_2019_MPO,2015-07-29,2015,35.9483,-86.80754,False,0,0,0,,,,,,,,
100914208,Crashes_2010_2019_MPO,2015-07-29,2015,35.95333,-86.80445,False,0,0,0,,,,,,,,
100914153,Crashes_2010_2019_MPO,2015-07-29,2015,35.97259,-86.80537,True,0,0,0,,,,,,,,
100914449,Crashes_2010_2019_MPO,2015-07-29,2015,35.96672,-86.8113,True,0,0,0,,,,,,,,
100914677,Crashes_2010_2019_MPO,2015-07-30,2015,35.98721,-86.73788,True,0,0,0,,,,,,,,
100914941,Crashes_2010_2019_MPO,2015-07-30,2015,35.98998,-86.69627,True,0,0,0,,,,,,,,
100914526,Crashes_2010_2019_MPO,2015-07-30,2015,36.02619,-86.7927,True,0,0,0,,,,,,,,
100914720,Crashes_2010_2019_MPO,2015-07-30,2015,35.92523,-86.87258,False,0,0,0,,,,,,,,
100914837,Crashes_2010_2019_MPO,2015-07-30,2015,36.03072,-86.71051,False,0,0,0,,,,,,,,
100914739,Crashes_2010_2019_MPO,2015-07-30,2015,35.92663,-86.82443,False,0,0,0,,,,,,,,
100914514,Crashes_2010_2019_MPO,2015-07-30,2015,36.01552,-86.73977,False,0,0,0,,,,,,,,
100914525,Crashes_2010_2019_MPO,2015-07-30,2015,36.0469,-86.86307,False,0,0,0,,,,,,,,
100914737,Crashes_2010_2019_MPO,2015-07-30,2015,35.94749,-86.82027,False,0,0,0,,,,,,,,
100914477,Crashes_2010_2019_MPO,2015-07-30,2015,35.96665,-86.80941,True,0,0,0,,,,,,,,
100914721,Crashes_2010_2019_MPO,2015-07-30,2015,35.95743,-86.84322,False,0,0,0,,,,,,,,
100914722,Crashes_2010_2019_MPO,2015-07-30,2015,35.9455,-86.87492,False,0,0,0,,,,,,,,
100914717,Crashes_2010_2019_MPO,2015-07-30,2015,35.99854,-86.80517,True,0,0,0,,,,,,,,
100914851,Crashes_2010_2019_MPO,2015-07-30,2015,35.93172,-86.87686,False,0,0,0,,,,,,,,
100914713,Crashes_2010_2019_MPO,2015-07-30,2015,36.01303,-86.71944,False,0,0,0,,,,,,,,
100914562,Crashes_2010_2019_MPO,2015-07-30,2015,35.93422,-86.8186,False,0,0,0,,,,,,,,
100916641,Crashes_2010_2019_MPO,2015-07-31,2015,35.96649,-86.80998,True,0,0,0,,,,,,,,
100915323,Crashes_2010_2019_MPO,2015-07-31,2015,35.93539,-86.82315,False,0,0,0,,,,,,,,
100915034,Crashes_2010_2019_MPO,2015-07-31,2015,36.01311,-86.80145,True,0,0,0,,,,,,,,
100915284,Crashes_2010_2019_MPO,2015-07-31,2015,35.96578,-86.80132,True,0,0,0,,,,,,,,
100915043,Crashes_2010_2019_MPO,2015-07-31,2015,36.03442,-86.74355,False,0,0,0,,,,,,,,
100915361,Crashes_2010_2019_MPO,2015-07-31,2015,35.96806,-86.72783,True,0,0,1,,,,,,,,
100915314,Crashes_2010_2019_MPO,2015-07-31,2015,35.93068,-86.86383,False,0,0,0,,,,,,,,
100915131,Crashes_2010_2019_MPO,2015-07-31,2015,36.03777,-86.81277,True,0,0,0,,,,,,,,
100915461,Crashes_2010_2019_MPO,2015-07-31,2015,35.94756,-86.82007,False,0,0,0,,,,,,,,
100915010,Crashes_2010_2019_MPO,2015-07-31,2015,36.03292,-86.71285,False,0,0,0,,,,,,,,
100915326,Crashes_2010_2019_MPO,2015-07-31,2015,35.94761,-86.81992,False,0,0,0,,,,,,,,
100915791,Crashes_2010_2019_MPO,2015-08-01,2015,36.04079,-86.77206,False,0,0,0,,,,,,,,
100937658,Crashes_2010_2019_MPO,2015-08-01,2015,36.02961,-86.79077,True,0,0,0,,,,,,,,
100915839,Crashes_2010_2019_MPO,2015-08-01,2015,36.04023,-86.75233,False,0,0,0,,,,,,,,
100915878,Crashes_2010_2019_MPO,2015-08-01,2015,36.03336,-86.78872,True,0,0,0,,,,,,,,
100915631,Crashes_2010_2019_MPO,2015-08-01,2015,36.03829,-86.78393,False,0,0,0,,,,,,,,
100915777,Crashes_2010_2019_MPO,2015-08-01,2015,35.94292,-86.81592,False,0,0,0,,,,,,,,
100915825,Crashes_2010_2019_MPO,2015-08-01,2015,35.99547,-86.68789,False,0,0,0,,,,,,,,
100916154,Crashes_2010_2019_MPO,2015-08-02,2015,35.99767,-86.69104,False,0,0,0,,,,,,,,
100916218,Crashes_2010_2019_MPO,2015-08-02,2015,35.94598,-86.82682,False,0,0,0,,,,,,,,
100916536,Crashes_2010_2019_MPO,2015-08-02,2015,36.04283,-86.71305,False,0,0,0,,,,,,,,
100916351,Crashes_2010_2019_MPO,2015-08-02,2015,36.042,-86.83452,False,0,0,0,,,,,,,,
100916268,Crashes_2010_2019_MPO,2015-08-02,2015,36.04547,-86.71253,False,0,0,0,,,,,,,,
100916198,Crashes_2010_2019_MPO,2015-08-02,2015,35.94648,-86.80718,False,0,0,0,,,,,,,,
100916093,Crashes_2010_2019_MPO,2015-08-02,2015,35.99743,-86.81017,True,0,0,0,,,,,,,,
100916812,Crashes_2010_2019_MPO,2015-08-03,2015,36.03812,-86.78393,False,0,0,0,,,,,,,,
100916777,Crashes_2010_2019_MPO,2015-08-03,2015,36.04652,-86.77707,False,0,0,0,,,,,,,,
100916895,Crashes_2010_2019_MPO,2015-08-03,2015,36.015167,-86.81431,True,0,1,0,,,,,,,,
100916860,Crashes_2010_2019_MPO,2015-08-03,2015,35.92323,-86.87031,False,0,0,0,,,,,,,,
100916732,Crashes_2010_2019_MPO,2015-08-03,2015,36.03451,-86.8027,True,0,0,0,,,,,,,,
100916849,Crashes_2010_2019_MPO,2015-08-03,2015,36.03329,-86.77654,False,0,0,0,,,,,,,,
100916553,Crashes_2010_2019_MPO,2015-08-03,2015,35.96312,-86.81899,True,0,0,0,,,,,,,,
100916888,Crashes_2010_2019_MPO,2015-08-03,2015,35.93296,-86.87918,False,0,0,0,,,,,,,,
100916813,Crashes_2010_2019_MPO,2015-08-03,2015,36.04149,-86.78247,False,0,0,0,,,,,,,,
100916857,Crashes_2010_2019_MPO,2015-08-03,2015,35.97149,-86.83888,False,0,0,0,,,,,,,,
100917251,Crashes_2010_2019_MPO,2015-08-04,2015,35.92487,-86.85698,False,0,0,0,,,,,,,,
100917127,Crashes_2010_2019_MPO,2015-08-04,2015,36.04121,-86.7761,False,0,0,0,,,,,,,,
100917523,Crashes_2010_2019_MPO,2015-08-04,2015,36.04169,-86.74802,False,0,0,0,,,,,,,,
100917677,Crashes_2010_2019_MPO,2015-08-04,2015,35.94119,-86.81653,False,0,0,1,,,,,,,,
100917489,Crashes_2010_2019_MPO,2015-08-04,2015,36.03987,-86.74088,False,0,0,0,,,,,,,,
100917137,Crashes_2010_2019_MPO,2015-08-04,2015,36.03322,-86.78256,True,0,0,0,,,,,,,,
100917334,Crashes_2010_2019_MPO,2015-08-04,2015,35.95147,-86.81827,False,0,0,0,,,,,,,,
100917501,Crashes_2010_2019_MPO,2015-08-04,2015,36.04551,-86.70455,False,0,0,0,,,,,,,,
100917156,Crashes_2010_2019_MPO,2015-08-04,2015,36.04007,-86.78239,False,0,0,0,,,,,,,,
100917448,Crashes_2010_2019_MPO,2015-08-04,2015,36.04078,-86.77982,False,0,0,0,,,,,,,,
100917215,Crashes_2010_2019_MPO,2015-08-04,2015,36.04061,-86.77119,False,0,0,0,,,,,,,,
100917941,Crashes_2010_2019_MPO,2015-08-05,2015,35.93784,-86.70681,False,0,0,0,,,,,,,,
100918220,Crashes_2010_2019_MPO,2015-08-05,2015,35.947,-86.82207,False,0,0,0,,,,,,,,
100917989,Crashes_2010_2019_MPO,2015-08-05,2015,35.99686,-86.68989,False,0,0,0,,,,,,,,
100917871,Crashes_2010_2019_MPO,2015-08-05,2015,35.96141,-86.80178,True,0,0,0,,,,,,,,
100918198,Crashes_2010_2019_MPO,2015-08-05,2015,36.04072,-86.77957,False,0,0,0,,,,,,,,
100918100,Crashes_2010_2019_MPO,2015-08-05,2015,36.03903,-86.78279,False,0,0,0,,,,,,,,
100918325,Crashes_2010_2019_MPO,2015-08-05,2015,35.99583,-86.78225,True,0,0,0,,,,,,,,
100918811,Crashes_2010_2019_MPO,2015-08-06,2015,36.0231,-86.78683,True,0,0,0,,,,,,,,
100919020,Crashes_2010_2019_MPO,2015-08-06,2015,35.97715,-86.80404,True,0,0,0,,,,,,,,
100918724,Crashes_2010_2019_MPO,2015-08-06,2015,36.03467,-86.79157,True,0,0,0,,,,,,,,
100918263,Crashes_2010_2019_MPO,2015-08-06,2015,36.04337,-86.84384,False,0,0,0,,,,,,,,
100918214,Crashes_2010_2019_MPO,2015-08-06,2015,36.03222,-86.76522,False,0,0,0,,,,,,,,
100918443,Crashes_2010_2019_MPO,2015-08-06,2015,36.0405,-86.78259,False,0,0,0,,,,,,,,
100918816,Crashes_2010_2019_MPO,2015-08-06,2015,36.0454,-86.71336,False,0,0,0,,,,,,,,
100918480,Crashes_2010_2019_MPO,2015-08-06,2015,36.03327,-86.7995,True,0,0,0,,,,,,,,
100918383,Crashes_2010_2019_MPO,2015-08-06,2015,36.02837,-86.69728,False,0,0,0,,,,,,,,
100918233,Crashes_2010_2019_MPO,2015-08-06,2015,35.93021,-86.82011,False,0,0,0,,,,,,,,
100918451,Crashes_2010_2019_MPO,2015-08-06,2015,36.05087,-86.69813,False,0,0,0,,,,,,,,
100919161,Crashes_2010_2019_MPO,2015-08-06,2015,36.04054,-86.81728,False,0,0,1,,,,,,,,
100918600,Crashes_2010_2019_MPO,2015-08-06,2015,36.04014,-86.78088,False,0,0,0,,,,,,,,
100918474,Crashes_2010_2019_MPO,2015-08-06,2015,35.94314,-86.84367,False,0,0,0,,,,,,,,
100918197,Crashes_2010_2019_MPO,2015-08-06,2015,36.04034,-86.78294,False,0,0,0,,,,,,,,
100918808,Crashes_2010_2019_MPO,2015-08-06,2015,35.92538,-86.87268,False,0,0,0,,,,,,,,
100918795,Crashes_2010_2019_MPO,2015-08-06,2015,35.99816,-86.69173,False,0,0,0,,,,,,,,
100919141,Crashes_2010_2019_MPO,2015-08-06,2015,35.93224,-86.7942,False,0,0,0,,,,,,,,
100918309,Crashes_2010_2019_MPO,2015-08-06,2015,36.04131,-86.78253,False,0,0,0,,,,,,,,
100919715,Crashes_2010_2019_MPO,2015-08-07,2015,35.93584,-86.82378,False,0,0,0,,,,,,,,
100919714,Crashes_2010_2019_MPO,2015-08-07,2015,35.945,-86.87921,False,0,0,0,,,,,,,,
100919168,Crashes_2010_2019_MPO,2015-08-07,2015,36.04121,-86.7761,False,0,0,0,,,,,,,,
100920131,Crashes_2010_2019_MPO,2015-08-07,2015,35.95772,-86.8026,False,0,0,0,,,,,,,,
100919600,Crashes_2010_2019_MPO,2015-08-07,2015,36.04185,-86.82445,False,0,0,0,,,,,,,,
100919392,Crashes_2010_2019_MPO,2015-08-07,2015,35.98484,-86.7263,True,0,0,0,,,,,,,,
100919338,Crashes_2010_2019_MPO,2015-08-07,2015,35.96727,-86.81351,True,0,0,0,,,,,,,,
100919004,Crashes_2010_2019_MPO,2015-08-07,2015,35.99924,-86.80919,True,0,0,0,,,,,,,,
100919499,Crashes_2010_2019_MPO,2015-08-07,2015,36.02244,-86.7426,False,0,0,0,,,,,,,,
100919298,Crashes_2010_2019_MPO,2015-08-07,2015,35.96676,-86.80905,True,0,0,0,,,,,,,,
100919285,Crashes_2010_2019_MPO,2015-08-07,2015,36.01075,-86.70245,False,0,0,0,,,,,,,,
100918987,Crashes_2010_2019_MPO,2015-08-07,2015,35.99924,-86.80919,True,0,0,0,,,,,,,,
100919040,Crashes_2010_2019_MPO,2015-08-07,2015,36.03975,-86.7547,False,0,0,0,,,,,,,,
100919202,Crashes_2010_2019_MPO,2015-08-07,2015,35.94419,-86.81999,False,0,0,0,,,,,,,,
100919971,Crashes_2010_2019_MPO,2015-08-07,2015,35.96569,-86.80166,True,0,0,0,,,,,,,,
100920165,Crashes_2010_2019_MPO,2015-08-07,2015,35.95312,-86.84667,False,0,0,0,,,,,,,,
100919840,Crashes_2010_2019_MPO,2015-08-08,2015,35.94502,-86.87897,False,0,0,0,,,,,,,,
100919822,Crashes_2010_2019_MPO,2015-08-08,2015,36.04792,-86.71443,False,0,0,0,,,,,,,,
100919902,Crashes_2010_2019_MPO,2015-08-08,2015,36.02492,-86.74235,False,0,0,0,,,,,,,,
100919635,Crashes_2010_2019_MPO,2015-08-08,2015,35.9912,-86.68349,False,0,0,0,,,,,,,,
100920020,Crashes_2010_2019_MPO,2015-08-08,2015,35.9912,-86.68349,False,0,0,0,,,,,,,,
100919751,Crashes_2010_2019_MPO,2015-08-08,2015,36.04573,-86.70793,False,0,0,0,,,,,,,,
100919733,Crashes_2010_2019_MPO,2015-08-08,2015,35.92706,-86.82443,False,0,0,0,,,,,,,,
100919909,Crashes_2010_2019_MPO,2015-08-08,2015,35.95523,-86.82587,False,0,0,0,,,,,,,,
100920086,Crashes_2010_2019_MPO,2015-08-08,2015,36.03942,-86.78209,False,0,0,0,,,,,,,,
100919991,Crashes_2010_2019_MPO,2015-08-08,2015,35.96708,-86.81356,True,0,0,0,,,,,,,,
100919689,Crashes_2010_2019_MPO,2015-08-08,2015,36.03763,-86.78649,False,0,0,0,,,,,,,,
100919813,Crashes_2010_2019_MPO,2015-08-08,2015,36.04547,-86.70397,False,0,0,0,,,,,,,,
100920030,Crashes_2010_2019_MPO,2015-08-09,2015,36.03671,-86.78341,False,0,0,0,,,,,,,,
100923266,Crashes_2010_2019_MPO,2015-08-09,2015,35.92322,-86.87308,False,0,0,0,,,,,,,,
100920474,Crashes_2010_2019_MPO,2015-08-10,2015,35.96708,-86.81356,True,0,0,1,,,,,,,,
100920806,Crashes_2010_2019_MPO,2015-08-10,2015,35.93126,-86.87663,False,0,0,0,,,,,,,,
100921142,Crashes_2010_2019_MPO,2015-08-10,2015,36.00755,-86.74242,True,0,0,0,,,,,,,,
100920819,Crashes_2010_2019_MPO,2015-08-10,2015,35.93206,-86.86279,False,0,0,0,,,,,,,,
100920813,Crashes_2010_2019_MPO,2015-08-10,2015,35.99827,-86.80287,True,0,0,0,,,,,,,,
100920816,Crashes_2010_2019_MPO,2015-08-10,2015,35.94792,-86.81941,False,0,0,0,,,,,,,,
100920632,Crashes_2010_2019_MPO,2015-08-10,2015,36.04665,-86.72503,False,0,0,0,,,,,,,,
100921187,Crashes_2010_2019_MPO,2015-08-10,2015,35.94069,-86.8316,False,0,0,0,,,,,,,,
100921200,Crashes_2010_2019_MPO,2015-08-10,2015,35.96592,-86.80538,True,0,0,0,,,,,,,,
100920946,Crashes_2010_2019_MPO,2015-08-10,2015,35.94837,-86.8077,False,0,0,0,,,,,,,,
100920476,Crashes_2010_2019_MPO,2015-08-10,2015,36.05029,-86.87482,False,0,0,0,,,,,,,,
100923166,Crashes_2010_2019_MPO,2015-08-10,2015,35.96497,-86.80132,True,0,0,0,,,,,,,,
100921039,Crashes_2010_2019_MPO,2015-08-11,2015,36.03246,-86.70821,False,0,0,0,,,,,,,,
100921342,Crashes_2010_2019_MPO,2015-08-11,2015,35.94034,-86.81033,False,0,1,0,,,,,,,,
100921431,Crashes_2010_2019_MPO,2015-08-11,2015,35.95807,-86.76774,True,0,0,0,,,,,,,,
100921287,Crashes_2010_2019_MPO,2015-08-11,2015,36.04078,-86.77346,False,0,0,0,,,,,,,,
100921682,Crashes_2010_2019_MPO,2015-08-11,2015,35.96708,-86.81356,True,0,0,1,,,,,,,,
100921500,Crashes_2010_2019_MPO,2015-08-11,2015,36.03694,-86.79094,False,0,0,0,,,,,,,,
100921623,Crashes_2010_2019_MPO,2015-08-11,2015,36.02035,-86.7873,True,0,0,0,,,,,,,,
100921389,Crashes_2010_2019_MPO,2015-08-11,2015,36.03971,-86.73923,False,0,0,0,,,,,,,,
100921156,Crashes_2010_2019_MPO,2015-08-11,2015,36.04545,-86.7036,False,0,0,0,,,,,,,,
100921369,Crashes_2010_2019_MPO,2015-08-11,2015,35.96259,-86.80883,False,0,0,0,,,,,,,,
100921388,Crashes_2010_2019_MPO,2015-08-11,2015,36.04694,-86.86305,False,0,0,0,,,,,,,,
100922613,Crashes_2010_2019_MPO,2015-08-11,2015,36.04036,-86.78071,False,0,0,0,,,,,,,,
100921338,Crashes_2010_2019_MPO,2015-08-11,2015,36.04105,-86.77612,False,0,0,0,,,,,,,,
100924198,Crashes_2010_2019_MPO,2015-08-11,2015,35.9498,-86.81328,False,0,0,0,,,,,,,,
100921230,Crashes_2010_2019_MPO,2015-08-11,2015,36.04078,-86.77346,False,0,0,0,,,,,,,,
100921273,Crashes_2010_2019_MPO,2015-08-11,2015,36.03697,-86.78668,False,0,0,0,,,,,,,,
100921347,Crashes_2010_2019_MPO,2015-08-11,2015,36.04796,-86.71345,False,0,0,0,,,,,,,,
100921823,Crashes_2010_2019_MPO,2015-08-12,2015,35.931,-86.85882,False,0,0,0,,,,,,,,
100921877,Crashes_2010_2019_MPO,2015-08-12,2015,35.99688,-86.79697,True,0,0,0,,,,,,,,
100921707,Crashes_2010_2019_MPO,2015-08-12,2015,36.03327,-86.78818,True,0,0,1,,,,,,,,
100921615,Crashes_2010_2019_MPO,2015-08-12,2015,36.05364,-86.71508,False,0,0,0,,,,,,,,
100921648,Crashes_2010_2019_MPO,2015-08-12,2015,36.04201,-86.83461,False,0,0,0,,,,,,,,
100921572,Crashes_2010_2019_MPO,2015-08-12,2015,36.03466,-86.80277,True,0,0,0,,,,,,,,
100922208,Crashes_2010_2019_MPO,2015-08-12,2015,35.946,-86.80862,False,0,0,0,,,,,,,,
100921788,Crashes_2010_2019_MPO,2015-08-12,2015,35.92254,-86.87194,False,0,0,0,,,,,,,,
100921842,Crashes_2010_2019_MPO,2015-08-12,2015,36.03323,-86.77542,False,0,0,0,,,,,,,,
100921597,Crashes_2010_2019_MPO,2015-08-12,2015,36.04234,-86.83116,False,0,0,0,,,,,,,,
100921727,Crashes_2010_2019_MPO,2015-08-12,2015,36.04162,-86.74921,False,0,0,0,,,,,,,,
100924948,Crashes_2010_2019_MPO,2015-08-12,2015,36.0066,-86.70042,False,0,0,0,,,,,,,,
100921967,Crashes_2010_2019_MPO,2015-08-12,2015,35.96614,-86.77841,True,0,0,0,,,,,,,,
100921886,Crashes_2010_2019_MPO,2015-08-12,2015,36.01892,-86.78234,True,0,0,0,,,,,,,,
100924922,Crashes_2010_2019_MPO,2015-08-12,2015,36.0071,-86.7878,True,0,0,0,,,,,,,,
100921850,Crashes_2010_2019_MPO,2015-08-12,2015,36.04526,-86.71475,False,0,0,0,,,,,,,,
100921760,Crashes_2010_2019_MPO,2015-08-12,2015,35.9253,-86.86873,False,0,0,0,,,,,,,,
100921896,Crashes_2010_2019_MPO,2015-08-12,2015,35.93498,-86.77621,False,0,0,0,,,,,,,,
100922320,Crashes_2010_2019_MPO,2015-08-13,2015,36.04034,-86.76877,False,0,0,0,,,,,,,,
100922186,Crashes_2010_2019_MPO,2015-08-13,2015,35.98623,-86.77802,True,0,0,0,,,,,,,,
100922527,Crashes_2010_2019_MPO,2015-08-13,2015,36.03122,-86.78991,True,0,0,0,,,,,,,,
100922590,Crashes_2010_2019_MPO,2015-08-13,2015,36.017,-86.81604,True,0,0,0,,,,,,,,
100922666,Crashes_2010_2019_MPO,2015-08-13,2015,35.9349,-86.82125,False,0,0,0,,,,,,,,
100922853,Crashes_2010_2019_MPO,2015-08-13,2015,35.99558,-86.68805,False,0,0,1,,,,,,,,
100922343,Crashes_2010_2019_MPO,2015-08-13,2015,35.99735,-86.79489,True,0,0,0,,,,,,,,
100922614,Crashes_2010_2019_MPO,2015-08-13,2015,36.03978,-86.76374,False,0,0,0,,,,,,,,
100922463,Crashes_2010_2019_MPO,2015-08-13,2015,36.04157,-86.82343,False,0,0,0,,,,,,,,