record_no,source_layer,collision_ts,crash_year,latitude,longitude,in_city,fatalities,non_motorists,truck_involved,serious_injuries,pedestrian,bicycle,crash_type,manner_of_collision,lighting,weather,first_harmful_event
100924530,Crashes_2010_2019_MPO,2015-08-13,2015,36.04555,-86.70505,False,0,0,0,,,,,,,,
100922434,Crashes_2010_2019_MPO,2015-08-13,2015,36.03725,-86.80133,True,0,0,0,,,,,,,,
100922573,Crashes_2010_2019_MPO,2015-08-13,2015,35.93063,-86.82404,False,0,0,0,,,,,,,,
100922468,Crashes_2010_2019_MPO,2015-08-13,2015,36.03484,-86.80338,True,0,0,0,,,,,,,,
100922321,Crashes_2010_2019_MPO,2015-08-13,2015,36.03972,-86.75984,False,0,0,1,,,,,,,,
100922310,Crashes_2010_2019_MPO,2015-08-13,2015,35.99621,-86.78601,True,0,0,0,,,,,,,,
100922750,Crashes_2010_2019_MPO,2015-08-13,2015,35.94865,-86.80973,False,0,0,0,,,,,,,,
100922176,Crashes_2010_2019_MPO,2015-08-13,2015,36.02846,-86.74408,False,0,0,0,,,,,,,,
100923382,Crashes_2010_2019_MPO,2015-08-14,2015,36.03175,-86.78961,True,0,0,1,,,,,,,,
100922874,Crashes_2010_2019_MPO,2015-08-14,2015,36.03894,-86.7825,False,0,0,0,,,,,,,,
100923058,Crashes_2010_2019_MPO,2015-08-14,2015,35.9355,-86.8236,False,0,0,0,,,,,,,,
100922778,Crashes_2010_2019_MPO,2015-08-14,2015,36.04697,-86.68013,False,0,0,0,,,,,,,,
100922731,Crashes_2010_2019_MPO,2015-08-14,2015,35.9974,-86.82853,True,0,0,0,,,,,,,,
100923867,Crashes_2010_2019_MPO,2015-08-14,2015,35.95574,-86.84717,False,0,0,0,,,,,,,,
100923092,Crashes_2010_2019_MPO,2015-08-14,2015,35.97298,-86.80524,True,0,0,0,,,,,,,,
100923099,Crashes_2010_2019_MPO,2015-08-14,2015,36.0431,-86.84295,False,0,0,0,,,,,,,,
100923402,Crashes_2010_2019_MPO,2015-08-14,2015,35.94825,-86.80783,False,0,0,0,,,,,,,,
100923073,Crashes_2010_2019_MPO,2015-08-14,2015,36.04568,-86.71009,False,0,0,0,,,,,,,,
100923059,Crashes_2010_2019_MPO,2015-08-14,2015,35.9912,-86.68349,False,0,0,0,,,,,,,,
100923457,Crashes_2010_2019_MPO,2015-08-15,2015,36.04176,-86.78242,False,0,0,0,,,,,,,,
100923590,Crashes_2010_2019_MPO,2015-08-15,2015,36.04341,-86.74412,False,0,0,0,,,,,,,,
100923655,Crashes_2010_2019_MPO,2015-08-15,2015,35.95579,-86.8308,False,0,0,0,,,,,,,,
100923441,Crashes_2010_2019_MPO,2015-08-15,2015,36.04604,-86.6967,False,0,0,0,,,,,,,,
100923831,Crashes_2010_2019_MPO,2015-08-15,2015,36.05107,-86.71982,False,0,0,0,,,,,,,,
100923825,Crashes_2010_2019_MPO,2015-08-15,2015,36.03836,-86.7842,False,0,0,0,,,,,,,,
100925570,Crashes_2010_2019_MPO,2015-08-15,2015,36.05275,-86.68632,False,0,0,0,,,,,,,,
100923520,Crashes_2010_2019_MPO,2015-08-15,2015,35.95328,-86.82326,False,0,0,0,,,,,,,,
100923354,Crashes_2010_2019_MPO,2015-08-15,2015,36.03184,-86.75627,False,0,0,0,,,,,,,,
100923533,Crashes_2010_2019_MPO,2015-08-15,2015,36.03922,-86.78243,False,0,0,0,,,,,,,,
100923923,Crashes_2010_2019_MPO,2015-08-16,2015,35.99711,-86.79344,True,0,0,0,,,,,,,,
100923940,Crashes_2010_2019_MPO,2015-08-16,2015,35.97707,-86.7711,True,0,0,0,,,,,,,,
100924101,Crashes_2010_2019_MPO,2015-08-16,2015,35.98573,-86.67992,False,0,0,0,,,,,,,,
100923910,Crashes_2010_2019_MPO,2015-08-16,2015,35.96585,-86.80567,True,0,0,0,,,,,,,,
100924122,Crashes_2010_2019_MPO,2015-08-16,2015,35.93931,-86.82161,False,0,0,0,,,,,,,,
100923996,Crashes_2010_2019_MPO,2015-08-16,2015,35.95661,-86.84902,False,0,0,0,,,,,,,,
100924125,Crashes_2010_2019_MPO,2015-08-16,2015,36.05306,-86.68966,False,0,0,0,,,,,,,,
100924150,Crashes_2010_2019_MPO,2015-08-16,2015,35.94682,-86.82192,False,0,0,0,,,,,,,,
100924083,Crashes_2010_2019_MPO,2015-08-16,2015,36.04179,-86.78242,False,0,0,0,,,,,,,,
100924624,Crashes_2010_2019_MPO,2015-08-17,2015,36.04002,-86.78266,False,0,0,0,,,,,,,,
100924400,Crashes_2010_2019_MPO,2015-08-17,2015,36.0441,-86.78055,False,0,0,0,,,,,,,,
100938185,Crashes_2010_2019_MPO,2015-08-17,2015,35.93773,-86.70411,False,0,0,0,,,,,,,,
100924824,Crashes_2010_2019_MPO,2015-08-17,2015,35.96585,-86.80322,True,0,0,0,,,,,,,,
100924403,Crashes_2010_2019_MPO,2015-08-17,2015,36.03187,-86.78368,True,0,0,0,,,,,,,,
100924352,Crashes_2010_2019_MPO,2015-08-17,2015,36.03093,-86.78699,True,0,0,0,,,,,,,,
100924793,Crashes_2010_2019_MPO,2015-08-17,2015,35.95785,-86.80256,False,0,0,0,,,,,,,,
100924353,Crashes_2010_2019_MPO,2015-08-17,2015,35.97323,-86.83244,True,0,0,0,,,,,,,,
100924794,Crashes_2010_2019_MPO,2015-08-17,2015,35.95256,-86.82077,False,0,0,0,,,,,,,,
100924779,Crashes_2010_2019_MPO,2015-08-17,2015,35.93445,-86.86101,False,0,0,0,,,,,,,,
100924810,Crashes_2010_2019_MPO,2015-08-17,2015,35.99107,-86.68338,False,0,0,0,,,,,,,,
100924579,Crashes_2010_2019_MPO,2015-08-17,2015,36.04192,-86.78239,False,0,0,0,,,,,,,,
100924753,Crashes_2010_2019_MPO,2015-08-17,2015,35.96499,-86.80148,True,0,0,0,,,,,,,,
100924401,Crashes_2010_2019_MPO,2015-08-17,2015,36.04134,-86.78249,False,0,0,0,,,,,,,,
100924647,Crashes_2010_2019_MPO,2015-08-17,2015,36.04261,-86.78215,False,0,0,0,,,,,,,,
100924612,Crashes_2010_2019_MPO,2015-08-17,2015,35.93492,-86.77702,False,0,0,0,,,,,,,,
100924916,Crashes_2010_2019_MPO,2015-08-17,2015,35.92669,-86.82704,False,0,0,0,,,,,,,,
100924504,Crashes_2010_2019_MPO,2015-08-17,2015,35.947,-86.81148,False,0,0,0,,,,,,,,
100924402,Crashes_2010_2019_MPO,2015-08-17,2015,36.02492,-86.74234,False,0,0,0,,,,,,,,
100924608,Crashes_2010_2019_MPO,2015-08-17,2015,36.04756,-86.7761,False,0,0,0,,,,,,,,
100938641,Crashes_2010_2019_MPO,2015-08-18,2015,35.9642,-86.80828,False,0,0,0,,,,,,,,
100925113,Crashes_2010_2019_MPO,2015-08-18,2015,36.00239,-86.83662,False,0,0,0,,,,,,,,
100925360,Crashes_2010_2019_MPO,2015-08-18,2015,36.03327,-86.77683,False,0,0,0,,,,,,,,
100925331,Crashes_2010_2019_MPO,2015-08-18,2015,36.01125,-86.67955,False,0,0,0,,,,,,,,
100925429,Crashes_2010_2019_MPO,2015-08-18,2015,35.94803,-86.81877,False,0,0,0,,,,,,,,
100925963,Crashes_2010_2019_MPO,2015-08-18,2015,35.93785,-86.70862,False,0,0,0,,,,,,,,
100925345,Crashes_2010_2019_MPO,2015-08-18,2015,35.97334,-86.83305,True,0,0,0,,,,,,,,
100925990,Crashes_2010_2019_MPO,2015-08-18,2015,35.96404,-86.70646,False,0,0,0,,,,,,,,
100925659,Crashes_2010_2019_MPO,2015-08-18,2015,35.94632,-86.8236,False,0,0,0,,,,,,,,
100925430,Crashes_2010_2019_MPO,2015-08-18,2015,35.95669,-86.83926,False,0,0,0,,,,,,,,
100925390,Crashes_2010_2019_MPO,2015-08-18,2015,36.034334,-86.791769,True,0,0,0,,,,,,,,
100925658,Crashes_2010_2019_MPO,2015-08-18,2015,35.93845,-86.80986,False,0,0,0,,,,,,,,
100925395,Crashes_2010_2019_MPO,2015-08-18,2015,35.96708,-86.81356,True,0,0,0,,,,,,,,
100925190,Crashes_2010_2019_MPO,2015-08-18,2015,35.96605,-86.80679,True,0,0,0,,,,,,,,
100925416,Crashes_2010_2019_MPO,2015-08-18,2015,36.03511,-86.78296,False,0,0,0,,,,,,,,
100925450,Crashes_2010_2019_MPO,2015-08-18,2015,36.04161,-86.78121,False,0,0,0,,,,,,,,
100925930,Crashes_2010_2019_MPO,2015-08-18,2015,35.97334,-86.83305,True,0,0,0,,,,,,,,
100925875,Crashes_2010_2019_MPO,2015-08-19,2015,35.96708,-86.81356,True,0,0,0,,,,,,,,
100925976,Crashes_2010_2019_MPO,2015-08-19,2015,35.93419,-86.824,False,0,0,0,,,,,,,,
100936623,Crashes_2010_2019_MPO,2015-08-19,2015,36.04537,-86.71326,False,0,0,0,,,,,,,,
100926150,Crashes_2010_2019_MPO,2015-08-19,2015,35.96512,-86.80035,True,0,0,0,,,,,,,,
100942164,Crashes_2010_2019_MPO,2015-08-19,2015,36.02247,-86.70742,False,0,0,0,,,,,,,,
100926098,Crashes_2010_2019_MPO,2015-08-19,2015,35.93461,-86.81942,False,0,0,0,,,,,,,,
100936960,Crashes_2010_2019_MPO,2015-08-19,2015,36.04163,-86.74759,False,0,0,0,,,,,,,,
100937024,Crashes_2010_2019_MPO,2015-08-19,2015,35.92391,-86.87162,False,0,0,0,,,,,,,,
100926020,Crashes_2010_2019_MPO,2015-08-19,2015,35.9262,-86.82175,False,0,0,0,,,,,,,,
100925996,Crashes_2010_2019_MPO,2015-08-19,2015,35.99855,-86.8052,True,0,0,0,,,,,,,,
100925754,Crashes_2010_2019_MPO,2015-08-19,2015,36.038,-86.78449,False,0,0,0,,,,,,,,
100936251,Crashes_2010_2019_MPO,2015-08-19,2015,35.94636,-86.80871,False,0,0,0,,,,,,,,
100936746,Crashes_2010_2019_MPO,2015-08-19,2015,36.04546,-86.71224,False,0,0,0,,,,,,,,
100925860,Crashes_2010_2019_MPO,2015-08-19,2015,36.04542,-86.71317,False,0,0,0,,,,,,,,
100925828,Crashes_2010_2019_MPO,2015-08-19,2015,35.93494,-86.77686,False,0,0,0,,,,,,,,
100940013,Crashes_2010_2019_MPO,2015-08-19,2015,36.00031,-86.76682,True,0,0,0,,,,,,,,
100926147,Crashes_2010_2019_MPO,2015-08-19,2015,36.02339,-86.68792,False,0,0,0,,,,,,,,
100936287,Crashes_2010_2019_MPO,2015-08-19,2015,36.04698,-86.68146,False,0,0,0,,,,,,,,
100926101,Crashes_2010_2019_MPO,2015-08-19,2015,35.92846,-86.82095,False,0,0,0,,,,,,,,
100925896,Crashes_2010_2019_MPO,2015-08-19,2015,35.96236,-86.81522,False,0,0,0,,,,,,,,
100936442,Crashes_2010_2019_MPO,2015-08-19,2015,35.96716,-86.81351,True,0,0,0,,,,,,,,
100926196,Crashes_2010_2019_MPO,2015-08-19,2015,36.03249,-86.70811,False,0,0,0,,,,,,,,
100926138,Crashes_2010_2019_MPO,2015-08-19,2015,35.95078,-86.80647,False,0,0,0,,,,,,,,
100925973,Crashes_2010_2019_MPO,2015-08-19,2015,36.04032,-86.76878,False,0,0,0,,,,,,,,
100925906,Crashes_2010_2019_MPO,2015-08-19,2015,36.0378,-86.78473,False,0,0,0,,,,,,,,
100926063,Crashes_2010_2019_MPO,2015-08-19,2015,35.92619,-86.82152,False,0,0,0,,,,,,,,
100936841,Crashes_2010_2019_MPO,2015-08-20,2015,36.04537,-86.71326,False,0,0,0,,,,,,,,
100936747,Crashes_2010_2019_MPO,2015-08-20,2015,36.01482,-86.72551,False,0,0,0,,,,,,,,
100936763,Crashes_2010_2019_MPO,2015-08-20,2015,35.92462,-86.79521,False,0,0,0,,,,,,,,
100936684,Crashes_2010_2019_MPO,2015-08-20,2015,36.03821,-86.8009,False,0,0,0,,,,,,,,
100936644,Crashes_2010_2019_MPO,2015-08-20,2015,35.96595,-86.80698,True,0,0,0,,,,,,,,
100937287,Crashes_2010_2019_MPO,2015-08-20,2015,35.99914,-86.80898,True,0,0,0,,,,,,,,
100936762,Crashes_2010_2019_MPO,2015-08-20,2015,35.95259,-86.84711,False,0,0,0,,,,,,,,
100937801,Crashes_2010_2019_MPO,2015-08-20,2015,36.04978,-86.7752,False,0,0,0,,,,,,,,
100936415,Crashes_2010_2019_MPO,2015-08-20,2015,36.0323,-86.76593,False,0,0,0,,,,,,,,
100936759,Crashes_2010_2019_MPO,2015-08-20,2015,35.94978,-86.81329,False,0,0,0,,,,,,,,
100936761,Crashes_2010_2019_MPO,2015-08-20,2015,35.92546,-86.87275,False,0,0,0,,,,,,,,
100936713,Crashes_2010_2019_MPO,2015-08-20,2015,35.97335,-86.83306,True,0,0,0,,,,,,,,
100936925,Crashes_2010_2019_MPO,2015-08-20,2015,36.04542,-86.71317,False,0,0,0,,,,,,,,
100936643,Crashes_2010_2019_MPO,2015-08-20,2015,36.04048,-86.74544,False,0,0,0,,,,,,,,
100936437,Crashes_2010_2019_MPO,2015-08-20,2015,36.04001,-86.74349,False,0,0,0,,,,,,,,
100936468,Crashes_2010_2019_MPO,2015-08-20,2015,35.94663,-86.85165,False,0,0,0,,,,,,,,
100938180,Crashes_2010_2019_MPO,2015-08-20,2015,35.96478,-86.80833,False,0,0,0,,,,,,,,
100936461,Crashes_2010_2019_MPO,2015-08-20,2015,36.02261,-86.71228,False,0,0,0,,,,,,,,
100939063,Crashes_2010_2019_MPO,2015-08-20,2015,36.03765,-86.78651,False,0,0,0,,,,,,,,
100936663,Crashes_2010_2019_MPO,2015-08-20,2015,35.96238,-86.81996,False,0,0,0,,,,,,,,
100936850,Crashes_2010_2019_MPO,2015-08-20,2015,35.966658,-86.809174,True,0,0,0,,,,,,,,
100936760,Crashes_2010_2019_MPO,2015-08-20,2015,35.94455,-86.82072,False,0,0,0,,,,,,,,
100937203,Crashes_2010_2019_MPO,2015-08-21,2015,35.99183,-86.79872,True,0,0,0,,,,,,,,
100937504,Crashes_2010_2019_MPO,2015-08-21,2015,35.93561,-86.82388,False,0,0,0,,,,,,,,
100937162,Crashes_2010_2019_MPO,2015-08-21,2015,35.9337,-86.81764,False,0,0,0,,,,,,,,
100937446,Crashes_2010_2019_MPO,2015-08-21,2015,35.95889,-86.81548,False,0,0,0,,,,,,,,
100937391,Crashes_2010_2019_MPO,2015-08-21,2015,35.96716,-86.81351,True,0,0,0,,,,,,,,
100937274,Crashes_2010_2019_MPO,2015-08-21,2015,35.98613,-86.73604,True,0,0,0,,,,,,,,
100936986,Crashes_2010_2019_MPO,2015-08-21,2015,36.03562,-86.78582,True,0,0,0,,,,,,,,
100937804,Crashes_2010_2019_MPO,2015-08-21,2015,36.03802,-86.79841,False,0,0,0,,,,,,,,
100937448,Crashes_2010_2019_MPO,2015-08-21,2015,36.04052,-86.78007,False,0,0,0,,,,,,,,
100937368,Crashes_2010_2019_MPO,2015-08-21,2015,35.99818,-86.80203,True,0,0,0,,,,,,,,
100937111,Crashes_2010_2019_MPO,2015-08-21,2015,36.0261,-86.87897,False,0,0,0,,,,,,,,
100937705,Crashes_2010_2019_MPO,2015-08-22,2015,35.9342,-86.8612,False,0,0,0,,,,,,,,
100937972,Crashes_2010_2019_MPO,2015-08-22,2015,35.97607,-86.8292,True,0,0,0,,,,,,,,
100937569,Crashes_2010_2019_MPO,2015-08-22,2015,36.00242,-86.77568,True,0,0,0,,,,,,,,
100937912,Crashes_2010_2019_MPO,2015-08-22,2015,36.05227,-86.69899,False,0,0,0,,,,,,,,
100938063,Crashes_2010_2019_MPO,2015-08-22,2015,36.03774,-86.79095,False,0,0,0,,,,,,,,
100938947,Crashes_2010_2019_MPO,2015-08-22,2015,35.98017,-86.77063,True,0,0,0,,,,,,,,
100938058,Crashes_2010_2019_MPO,2015-08-22,2015,36.04418,-86.74406,False,0,0,0,,,,,,,,
100937836,Crashes_2010_2019_MPO,2015-08-22,2015,36.03562,-86.78582,True,0,0,0,,,,,,,,
100937676,Crashes_2010_2019_MPO,2015-08-22,2015,36.02775,-86.79181,True,0,0,0,,,,,,,,
100938312,Crashes_2010_2019_MPO,2015-08-23,2015,36.04001,-86.74347,False,0,0,0,,,,,,,,
100938212,Crashes_2010_2019_MPO,2015-08-23,2015,35.94683,-86.85172,False,0,0,0,,,,,,,,
100937985,Crashes_2010_2019_MPO,2015-08-23,2015,35.9232,-86.767,False,0,0,0,,,,,,,,
100938280,Crashes_2010_2019_MPO,2015-08-23,2015,35.97996,-86.73291,True,0,0,0,,,,,,,,
100938475,Crashes_2010_2019_MPO,2015-08-23,2015,36.04058,-86.77996,False,0,0,0,,,,,,,,
100938488,Crashes_2010_2019_MPO,2015-08-23,2015,36.03906,-86.73498,False,0,0,0,,,,,,,,
100938408,Crashes_2010_2019_MPO,2015-08-23,2015,36.04393,-86.6933,False,0,0,0,,,,,,,,
100938225,Crashes_2010_2019_MPO,2015-08-23,2015,36.0422,-86.70021,False,0,0,0,,,,,,,,
100938081,Crashes_2010_2019_MPO,2015-08-23,2015,35.92341,-86.82272,False,0,0,0,,,,,,,,
100938694,Crashes_2010_2019_MPO,2015-08-24,2015,36.03316,-86.78199,True,0,0,0,,,,,,,,
100938979,Crashes_2010_2019_MPO,2015-08-24,2015,35.94338,-86.85448,False,0,0,0,,,,,,,,
100938573,Crashes_2010_2019_MPO,2015-08-24,2015,35.94791,-86.81937,False,0,0,0,,,,,,,,
100938627,Crashes_2010_2019_MPO,2015-08-24,2015,36.00354,-86.7918,True,0,0,0,,,,,,,,
100945692,Crashes_2010_2019_MPO,2015-08-24,2015,35.99247,-86.79874,True,0,0,0,,,,,,,,
100938858,Crashes_2010_2019_MPO,2015-08-24,2015,35.93717,-86.87878,False,0,0,0,,,,,,,,
100938770,Crashes_2010_2019_MPO,2015-08-24,2015,35.92895,-86.87618,False,0,0,0,,,,,,,,
100939196,Crashes_2010_2019_MPO,2015-08-24,2015,36.03671,-86.79087,True,0,0,0,,,,,,,,
100938555,Crashes_2010_2019_MPO,2015-08-24,2015,36.01541,-86.73869,False,0,0,0,,,,,,,,
100938606,Crashes_2010_2019_MPO,2015-08-24,2015,35.97108,-86.8059,True,0,0,0,,,,,,,,
100939718,Crashes_2010_2019_MPO,2015-08-25,2015,36.03547,-86.78429,False,0,0,0,,,,,,,,
100939259,Crashes_2010_2019_MPO,2015-08-25,2015,35.96716,-86.81351,True,0,0,0,,,,,,,,
100939124,Crashes_2010_2019_MPO,2015-08-25,2015,35.9518,-86.81259,False,0,0,0,,,,,,,,
100939451,Crashes_2010_2019_MPO,2015-08-25,2015,35.94257,-86.76725,True,0,0,0,,,,,,,,
100939973,Crashes_2010_2019_MPO,2015-08-25,2015,36.04501,-86.71984,False,0,0,0,,,,,,,,
100939348,Crashes_2010_2019_MPO,2015-08-25,2015,36.02112,-86.70578,False,0,0,0,,,,,,,,
100939068,Crashes_2010_2019_MPO,2015-08-25,2015,36.0378,-86.79461,False,0,0,0,,,,,,,,
100939091,Crashes_2010_2019_MPO,2015-08-25,2015,36.03797,-86.78451,False,0,0,0,,,,,,,,
100939844,Crashes_2010_2019_MPO,2015-08-26,2015,35.92537,-86.87293,False,0,0,0,,,,,,,,
100939861,Crashes_2010_2019_MPO,2015-08-26,2015,36.0344,-86.74356,False,0,0,0,,,,,,,,
100940047,Crashes_2010_2019_MPO,2015-08-26,2015,36.0522,-86.74309,False,0,0,0,,,,,,,,
100939690,Crashes_2010_2019_MPO,2015-08-26,2015,36.04226,-86.72647,False,0,0,0,,,,,,,,
100939914,Crashes_2010_2019_MPO,2015-08-26,2015,35.99585,-86.81102,True,0,0,1,,,,,,,,
100939959,Crashes_2010_2019_MPO,2015-08-26,2015,36.03196,-86.76284,False,0,0,0,,,,,,,,
100939843,Crashes_2010_2019_MPO,2015-08-26,2015,35.94281,-86.87821,False,0,0,0,,,,,,,,
100940330,Crashes_2010_2019_MPO,2015-08-26,2015,35.96663,-86.80999,True,0,0,0,,,,,,,,
100940054,Crashes_2010_2019_MPO,2015-08-26,2015,35.93454,-86.80481,False,0,0,0,,,,,,,,
100939937,Crashes_2010_2019_MPO,2015-08-26,2015,36.02929,-86.81801,True,0,0,0,,,,,,,,
100940232,Crashes_2010_2019_MPO,2015-08-26,2015,35.92745,-86.82108,False,0,0,0,,,,,,,,
100940106,Crashes_2010_2019_MPO,2015-08-26,2015,35.95198,-86.81788,False,0,0,0,,,,,,,,
100940078,Crashes_2010_2019_MPO,2015-08-26,2015,36.01099,-86.68554,False,0,0,0,,,,,,,,
100939971,Crashes_2010_2019_MPO,2015-08-26,2015,35.95078,-86.80672,False,0,0,0,,,,,,,,
100939778,Crashes_2010_2019_MPO,2015-08-26,2015,35.94691,-86.82169,False,0,0,0,,,,,,,,
100940522,Crashes_2010_2019_MPO,2015-08-27,2015,35.92789,-86.86558,False,0,0,0,,,,,,,,
100940507,Crashes_2010_2019_MPO,2015-08-27,2015,35.9355,-86.82333,False,0,0,0,,,,,,,,
100940572,Crashes_2010_2019_MPO,2015-08-27,2015,36.01287,-86.82507,True,0,0,0,,,,,,,,
100940503,Crashes_2010_2019_MPO,2015-08-27,2015,36.0375,-86.78584,False,0,0,0,,,,,,,,
100942261,Crashes_2010_2019_MPO,2015-08-27,2015,35.94701,-86.82139,False,0,0,0,,,,,,,,
100940244,Crashes_2010_2019_MPO,2015-08-27,2015,35.94673,-86.81107,False,0,0,0,,,,,,,,
100940978,Crashes_2010_2019_MPO,2015-08-27,2015,36.033395,-86.77918,True,0,0,0,,,,,,,,
100940364,Crashes_2010_2019_MPO,2015-08-27,2015,35.931,-86.86359,False,0,0,0,,,,,,,,
100940409,Crashes_2010_2019_MPO,2015-08-27,2015,35.94996,-86.81347,False,0,0,0,,,,,,,,
100940510,Crashes_2010_2019_MPO,2015-08-27,2015,35.94461,-86.82837,False,0,0,0,,,,,,,,
100940241,Crashes_2010_2019_MPO,2015-08-27,2015,36.03771,-86.78482,False,0,0,0,,,,,,,,
100940525,Crashes_2010_2019_MPO,2015-08-27,2015,35.997529,-86.794614,True,0,0,0,,,,,,,,
100940511,Crashes_2010_2019_MPO,2015-08-27,2015,35.93143,-86.86038,False,0,0,0,,,,,,,,
100941049,Crashes_2010_2019_MPO,2015-08-28,2015,35.94679,-86.82393,False,0,0,0,,,,,,,,
100942151,Crashes_2010_2019_MPO,2015-08-28,2015,35.94683,-86.85172,False,0,0,0,,,,,,,,
100940951,Crashes_2010_2019_MPO,2015-08-28,2015,36.0322,-86.80375,True,0,0,0,,,,,,,,
100941328,Crashes_2010_2019_MPO,2015-08-28,2015,35.9522,-86.81868,False,0,0,0,,,,,,,,
100941082,Crashes_2010_2019_MPO,2015-08-28,2015,35.95595,-86.7672,True,0,0,0,,,,,,,,
100940770,Crashes_2010_2019_MPO,2015-08-28,2015,36.05151,-86.71436,False,0,0,0,,,,,,,,
100941151,Crashes_2010_2019_MPO,2015-08-28,2015,36.01286,-86.80081,True,0,0,0,,,,,,,,
100941026,Crashes_2010_2019_MPO,2015-08-28,2015,36.03599,-86.7872,True,0,0,0,,,,,,,,
100940987,Crashes_2010_2019_MPO,2015-08-28,2015,35.95695,-86.84361,False,0,0,0,,,,,,,,
100940757,Crashes_2010_2019_MPO,2015-08-28,2015,36.0522,-86.74309,False,0,0,0,,,,,,,,
100941043,Crashes_2010_2019_MPO,2015-08-28,2015,36.0075,-86.7872,True,0,0,0,,,,,,,,
100941025,Crashes_2010_2019_MPO,2015-08-28,2015,36.01618,-86.78177,True,0,0,0,,,,,,,,
100941831,Crashes_2010_2019_MPO,2015-08-29,2015,36.03495,-86.78329,True,0,0,0,,,,,,,,
100941444,Crashes_2010_2019_MPO,2015-08-29,2015,35.97156,-86.82597,False,0,0,0,,,,,,,,
100941380,Crashes_2010_2019_MPO,2015-08-29,2015,35.95037,-86.84888,False,0,0,0,,,,,,,,
100941378,Crashes_2010_2019_MPO,2015-08-29,2015,36.04309,-86.713,False,0,0,0,,,,,,,,
100941430,Crashes_2010_2019_MPO,2015-08-29,2015,35.9729,-86.80527,True,0,0,0,,,,,,,,
100942188,Crashes_2010_2019_MPO,2015-08-29,2015,36.04537,-86.71326,False,0,0,0,,,,,,,,
100942029,Crashes_2010_2019_MPO,2015-08-29,2015,36.03729,-86.7978,True,0,0,0,,,,,,,,
100941745,Crashes_2010_2019_MPO,2015-08-30,2015,36.04098,-86.77941,False,0,0,0,,,,,,,,
100942032,Crashes_2010_2019_MPO,2015-08-30,2015,35.94673,-86.82063,False,0,0,0,,,,,,,,
100942048,Crashes_2010_2019_MPO,2015-08-30,2015,36.0374,-86.78657,False,0,0,0,,,,,,,,
100941995,Crashes_2010_2019_MPO,2015-08-30,2015,35.96169,-86.81526,False,0,0,0,,,,,,,,
100941865,Crashes_2010_2019_MPO,2015-08-30,2015,36.03667,-86.78348,False,0,0,0,,,,,,,,
100942294,Crashes_2010_2019_MPO,2015-08-31,2015,35.94633,-86.82355,False,0,0,1,,,,,,,,
100943099,Crashes_2010_2019_MPO,2015-08-31,2015,35.93612,-86.82127,False,0,0,0,,,,,,,,
100942540,Crashes_2010_2019_MPO,2015-08-31,2015,36.04345,-86.74414,False,0,0,0,,,,,,,,
100942476,Crashes_2010_2019_MPO,2015-08-31,2015,35.94365,-86.82042,False,0,0,0,,,,,,,,
100942796,Crashes_2010_2019_MPO,2015-08-31,2015,35.96734,-86.8135,True,0,0,0,,,,,,,,
100942520,Crashes_2010_2019_MPO,2015-08-31,2015,36.04114,-86.77621,False,0,0,0,,,,,,,,
100945906,Crashes_2010_2019_MPO,2015-08-31,2015,35.99611,-86.7851,True,0,0,1,,,,,,,,
100942560,Crashes_2010_2019_MPO,2015-08-31,2015,35.95584,-86.82577,False,0,0,0,,,,,,,,
100942522,Crashes_2010_2019_MPO,2015-08-31,2015,35.9737,-86.83272,True,0,0,0,,,,,,,,
100942558,Crashes_2010_2019_MPO,2015-08-31,2015,35.94683,-86.85172,False,0,0,0,,,,,,,,
100942330,Crashes_2010_2019_MPO,2015-08-31,2015,36.03798,-86.79788,False,0,0,0,,,,,,,,
100942795,Crashes_2010_2019_MPO,2015-08-31,2015,35.96705,-86.81342,True,0,0,0,,,,,,,,
100942760,Crashes_2010_2019_MPO,2015-08-31,2015,36.00931,-86.72607,True,0,0,0,,,,,,,,
100943331,Crashes_2010_2019_MPO,2015-09-01,2015,35.9584,-86.80226,False,0,0,0,,,,,,,,
100943109,Crashes_2010_2019_MPO,2015-09-01,2015,35.93446,-86.81991,False,0,0,0,,,,,,,,
100944363,Crashes_2010_2019_MPO,2015-09-01,2015,35.95201,-86.81715,False,0,0,0,,,,,,,,
100943101,Crashes_2010_2019_MPO,2015-09-01,2015,35.92654,-86.82582,False,0,0,0,,,,,,,,
100943432,Crashes_2010_2019_MPO,2015-09-01,2015,35.92407,-86.86813,False,0,0,0,,,,,,,,
100943057,Crashes_2010_2019_MPO,2015-09-01,2015,36.04001,-86.74347,False,0,0,0,,,,,,,,
100943040,Crashes_2010_2019_MPO,2015-09-01,2015,36.03982,-86.74091,False,0,0,0,,,,,,,,
100942962,Crashes_2010_2019_MPO,2015-09-01,2015,35.93308,-86.81155,False,0,0,0,,,,,,,,
100943100,Crashes_2010_2019_MPO,2015-09-01,2015,35.9583,-86.8023,False,0,0,0,,,,,,,,
100946354,Crashes_2010_2019_MPO,2015-09-01,2015,36.0449,-86.74398,False,0,0,0,,,,,,,,
100942812,Crashes_2010_2019_MPO,2015-09-01,2015,35.94988,-86.75901,True,0,0,0,,,,,,,,
100943222,Crashes_2010_2019_MPO,2015-09-01,2015,35.97924,-86.80307,True,0,0,0,,,,,,,,
100942901,Crashes_2010_2019_MPO,2015-09-01,2015,35.97546,-86.81731,True,0,0,0,,,,,,,,
100942777,Crashes_2010_2019_MPO,2015-09-01,2015,35.92664,-86.82664,False,0,0,0,,,,,,,,
100943748,Crashes_2010_2019_MPO,2015-09-02,2015,35.99831,-86.80316,True,0,0,0,,,,,,,,
100943568,Crashes_2010_2019_MPO,2015-09-02,2015,36.04231,-86.72652,False,0,0,0,,,,,,,,
100943324,Crashes_2010_2019_MPO,2015-09-02,2015,36.01238,-86.70361,False,0,0,0,,,,,,,,
100944087,Crashes_2010_2019_MPO,2015-09-02,2015,35.94674,-86.85179,False,0,0,0,,,,,,,,
100943504,Crashes_2010_2019_MPO,2015-09-02,2015,35.9433,-86.82954,False,0,0,0,,,,,,,,