record_no,source_layer,collision_ts,crash_year,latitude,longitude,in_city,fatalities,non_motorists,truck_involved,serious_injuries,pedestrian,bicycle,crash_type,manner_of_collision,lighting,weather,first_harmful_event
100943813,Crashes_2010_2019_MPO,2015-09-02,2015,35.98602,-86.68006,False,0,0,0,,,,,,,,
100944086,Crashes_2010_2019_MPO,2015-09-02,2015,35.95027,-86.84897,False,0,0,0,,,,,,,,
100943596,Crashes_2010_2019_MPO,2015-09-02,2015,36.04568,-86.75292,False,0,0,1,,,,,,,,
100943712,Crashes_2010_2019_MPO,2015-09-02,2015,35.99752,-86.81014,True,0,0,0,,,,,,,,
100943655,Crashes_2010_2019_MPO,2015-09-02,2015,35.93562,-86.82387,False,0,0,0,,,,,,,,
100943460,Crashes_2010_2019_MPO,2015-09-02,2015,35.96726,-86.81433,True,0,0,0,,,,,,,,
100943387,Crashes_2010_2019_MPO,2015-09-02,2015,35.97334,-86.83305,True,0,0,0,,,,,,,,
100944098,Crashes_2010_2019_MPO,2015-09-02,2015,35.95151,-86.84797,False,0,0,0,,,,,,,,
100944681,Crashes_2010_2019_MPO,2015-09-03,2015,35.93389,-86.84909,False,0,0,0,,,,,,,,
100944309,Crashes_2010_2019_MPO,2015-09-03,2015,36.03488,-86.78307,True,0,0,0,,,,,,,,
100946356,Crashes_2010_2019_MPO,2015-09-03,2015,36.0399,-86.78103,False,0,0,0,,,,,,,,
100943907,Crashes_2010_2019_MPO,2015-09-03,2015,35.98956,-86.7424,True,0,0,0,,,,,,,,
100944315,Crashes_2010_2019_MPO,2015-09-03,2015,36.03865,-86.78318,False,0,0,0,,,,,,,,
100944483,Crashes_2010_2019_MPO,2015-09-03,2015,36.01463,-86.74271,True,0,0,0,,,,,,,,
100944713,Crashes_2010_2019_MPO,2015-09-03,2015,36.01565,-86.81946,True,0,1,0,,,,,,,,
100944129,Crashes_2010_2019_MPO,2015-09-03,2015,36.03419,-86.77686,False,0,0,0,,,,,,,,
100944983,Crashes_2010_2019_MPO,2015-09-04,2015,36.04543,-86.71845,False,0,0,0,,,,,,,,
100945479,Crashes_2010_2019_MPO,2015-09-04,2015,36.04118,-86.7766,False,0,0,0,,,,,,,,
100946257,Crashes_2010_2019_MPO,2015-09-04,2015,35.93961,-86.8214,False,0,0,0,,,,,,,,
100944720,Crashes_2010_2019_MPO,2015-09-04,2015,36.028,-86.79167,True,0,0,0,,,,,,,,
100945126,Crashes_2010_2019_MPO,2015-09-04,2015,36.04574,-86.70907,False,0,0,0,,,,,,,,
100945151,Crashes_2010_2019_MPO,2015-09-04,2015,35.94175,-86.82119,False,0,0,0,,,,,,,,
100944785,Crashes_2010_2019_MPO,2015-09-04,2015,35.94429,-86.81993,False,0,0,0,,,,,,,,
100944565,Crashes_2010_2019_MPO,2015-09-04,2015,36.03241,-86.73827,False,0,0,0,,,,,,,,
100944996,Crashes_2010_2019_MPO,2015-09-04,2015,36.033208,-86.782512,True,0,0,0,,,,,,,,
100944952,Crashes_2010_2019_MPO,2015-09-04,2015,36.00846,-86.72405,True,0,0,0,,,,,,,,
100945064,Crashes_2010_2019_MPO,2015-09-04,2015,36.02611,-86.79091,True,0,0,0,,,,,,,,
100944866,Crashes_2010_2019_MPO,2015-09-04,2015,36.04597,-86.71333,False,0,0,0,,,,,,,,
100945301,Crashes_2010_2019_MPO,2015-09-04,2015,35.94693,-86.82158,False,0,0,0,,,,,,,,
100945069,Crashes_2010_2019_MPO,2015-09-04,2015,35.96602,-86.80375,True,0,0,0,,,,,,,,
100945478,Crashes_2010_2019_MPO,2015-09-04,2015,36.03771,-86.78482,False,0,0,0,,,,,,,,
100945453,Crashes_2010_2019_MPO,2015-09-04,2015,35.92321,-86.8675,False,0,0,0,,,,,,,,
100944654,Crashes_2010_2019_MPO,2015-09-04,2015,36.04537,-86.71326,False,0,0,0,,,,,,,,
100945285,Crashes_2010_2019_MPO,2015-09-05,2015,36.04569,-86.72063,False,0,0,0,,,,,,,,
100945359,Crashes_2010_2019_MPO,2015-09-05,2015,36.05088,-86.71418,False,0,0,0,,,,,,,,
100945264,Crashes_2010_2019_MPO,2015-09-05,2015,36.04088,-86.74369,False,0,0,0,,,,,,,,
100945717,Crashes_2010_2019_MPO,2015-09-05,2015,36.04597,-86.71333,False,0,0,0,,,,,,,,
100945538,Crashes_2010_2019_MPO,2015-09-05,2015,36.04555,-86.71141,False,0,0,0,,,,,,,,
100945229,Crashes_2010_2019_MPO,2015-09-05,2015,35.92924,-86.85316,False,0,0,0,,,,,,,,
100945957,Crashes_2010_2019_MPO,2015-09-06,2015,36.02925,-86.7691,True,0,0,0,,,,,,,,
100945746,Crashes_2010_2019_MPO,2015-09-06,2015,35.92755,-86.71772,False,0,0,0,,,,,,,,
100945805,Crashes_2010_2019_MPO,2015-09-06,2015,35.9335,-86.86172,False,0,0,0,,,,,,,,
100946043,Crashes_2010_2019_MPO,2015-09-06,2015,35.93549,-86.82394,False,0,0,0,,,,,,,,
100945948,Crashes_2010_2019_MPO,2015-09-06,2015,36.04708,-86.71347,False,0,0,0,,,,,,,,
100946090,Crashes_2010_2019_MPO,2015-09-07,2015,36.04615,-86.68414,False,0,0,0,,,,,,,,
100946451,Crashes_2010_2019_MPO,2015-09-07,2015,36.04001,-86.74347,False,0,0,0,,,,,,,,
100946312,Crashes_2010_2019_MPO,2015-09-07,2015,35.94429,-86.81993,False,0,0,0,,,,,,,,
100946216,Crashes_2010_2019_MPO,2015-09-07,2015,36.0459,-86.71254,False,0,0,0,,,,,,,,
100946401,Crashes_2010_2019_MPO,2015-09-07,2015,36.01727,-86.74635,True,0,0,0,,,,,,,,
100946397,Crashes_2010_2019_MPO,2015-09-07,2015,35.95843,-86.814,False,0,0,0,,,,,,,,
100946426,Crashes_2010_2019_MPO,2015-09-07,2015,35.92304,-86.81684,False,0,0,0,,,,,,,,
100946311,Crashes_2010_2019_MPO,2015-09-07,2015,35.94944,-86.81719,False,0,0,0,,,,,,,,
100946128,Crashes_2010_2019_MPO,2015-09-07,2015,35.99163,-86.81323,True,0,0,0,,,,,,,,
100946807,Crashes_2010_2019_MPO,2015-09-08,2015,35.94626,-86.82278,False,0,0,0,,,,,,,,
100946670,Crashes_2010_2019_MPO,2015-09-08,2015,36.02174,-86.79325,True,0,0,0,,,,,,,,
100946943,Crashes_2010_2019_MPO,2015-09-08,2015,36.03743,-86.78636,False,0,0,0,,,,,,,,
100946574,Crashes_2010_2019_MPO,2015-09-08,2015,35.99043,-86.74862,True,0,0,0,,,,,,,,
100946956,Crashes_2010_2019_MPO,2015-09-08,2015,35.94425,-86.82861,False,0,0,0,,,,,,,,
100946724,Crashes_2010_2019_MPO,2015-09-08,2015,36.04573,-86.70818,False,0,0,0,,,,,,,,
100946955,Crashes_2010_2019_MPO,2015-09-08,2015,35.93451,-86.81965,False,0,0,0,,,,,,,,
100947839,Crashes_2010_2019_MPO,2015-09-08,2015,35.97595,-86.80649,True,0,1,0,,,,,,,,
100946905,Crashes_2010_2019_MPO,2015-09-08,2015,35.94535,-86.80884,False,0,0,0,,,,,,,,
100947531,Crashes_2010_2019_MPO,2015-09-09,2015,36.028416,-86.791424,True,0,0,0,,,,,,,,
100947898,Crashes_2010_2019_MPO,2015-09-09,2015,35.95863,-86.80444,False,0,0,0,,,,,,,,
100947187,Crashes_2010_2019_MPO,2015-09-09,2015,35.96396,-86.69208,False,0,0,0,,,,,,,,
100947628,Crashes_2010_2019_MPO,2015-09-09,2015,36.04073,-86.78273,False,0,0,0,,,,,,,,
100947584,Crashes_2010_2019_MPO,2015-09-09,2015,35.99542,-86.77794,True,0,0,0,,,,,,,,
100947210,Crashes_2010_2019_MPO,2015-09-09,2015,35.95384,-86.81212,False,0,0,0,,,,,,,,
100947558,Crashes_2010_2019_MPO,2015-09-09,2015,35.9662,-86.81282,False,0,0,0,,,,,,,,
100947492,Crashes_2010_2019_MPO,2015-09-09,2015,36.03772,-86.79475,False,0,0,0,,,,,,,,
100947658,Crashes_2010_2019_MPO,2015-09-09,2015,36.0453,-86.71395,False,0,0,0,,,,,,,,
100947663,Crashes_2010_2019_MPO,2015-09-09,2015,36.04215,-86.78229,False,0,0,0,,,,,,,,
100947536,Crashes_2010_2019_MPO,2015-09-09,2015,36.03318,-86.77514,False,0,0,0,,,,,,,,
100947498,Crashes_2010_2019_MPO,2015-09-09,2015,36.03315,-86.79955,True,0,0,0,,,,,,,,
100947634,Crashes_2010_2019_MPO,2015-09-09,2015,35.97117,-86.72648,True,0,0,0,,,,,,,,
100947684,Crashes_2010_2019_MPO,2015-09-09,2015,35.93446,-86.81991,False,0,0,0,,,,,,,,
100947229,Crashes_2010_2019_MPO,2015-09-09,2015,36.0416,-86.74386,False,0,0,0,,,,,,,,
100947559,Crashes_2010_2019_MPO,2015-09-09,2015,35.92945,-86.82265,False,0,0,0,,,,,,,,
100947627,Crashes_2010_2019_MPO,2015-09-09,2015,36.04122,-86.78252,False,0,0,0,,,,,,,,
100947541,Crashes_2010_2019_MPO,2015-09-09,2015,35.93712,-86.87876,False,0,0,0,,,,,,,,
100947934,Crashes_2010_2019_MPO,2015-09-10,2015,35.95376,-86.76665,True,0,0,0,,,,,,,,
100948342,Crashes_2010_2019_MPO,2015-09-10,2015,35.96834,-86.81891,True,0,0,0,,,,,,,,
100948481,Crashes_2010_2019_MPO,2015-09-10,2015,35.92254,-86.87194,False,0,0,0,,,,,,,,
100948357,Crashes_2010_2019_MPO,2015-09-10,2015,36.0417,-86.74862,False,0,0,0,,,,,,,,
100948424,Crashes_2010_2019_MPO,2015-09-10,2015,35.92391,-86.87162,False,0,0,0,,,,,,,,
100948106,Crashes_2010_2019_MPO,2015-09-10,2015,36.04231,-86.72652,False,0,0,0,,,,,,,,
100948276,Crashes_2010_2019_MPO,2015-09-10,2015,35.94683,-86.85172,False,0,0,0,,,,,,,,
100948334,Crashes_2010_2019_MPO,2015-09-10,2015,35.92743,-86.74131,False,0,0,0,,,,,,,,
100948912,Crashes_2010_2019_MPO,2015-09-10,2015,36.03901,-86.74342,False,0,0,0,,,,,,,,
100948284,Crashes_2010_2019_MPO,2015-09-10,2015,36.0344,-86.74356,False,0,0,0,,,,,,,,
100948219,Crashes_2010_2019_MPO,2015-09-10,2015,36.03799,-86.78427,False,0,0,0,,,,,,,,
100948250,Crashes_2010_2019_MPO,2015-09-10,2015,36.03742,-86.79042,False,0,0,0,,,,,,,,
100948640,Crashes_2010_2019_MPO,2015-09-10,2015,35.99583,-86.78225,True,0,0,0,,,,,,,,
100948275,Crashes_2010_2019_MPO,2015-09-10,2015,35.9407,-86.8316,False,0,0,0,,,,,,,,
100951485,Crashes_2010_2019_MPO,2015-09-10,2015,35.96092,-86.8124,False,0,0,0,,,,,,,,
100948227,Crashes_2010_2019_MPO,2015-09-10,2015,36.04926,-86.86987,False,0,0,0,,,,,,,,
100948731,Crashes_2010_2019_MPO,2015-09-11,2015,35.93485,-86.8126,False,0,0,0,,,,,,,,
100948951,Crashes_2010_2019_MPO,2015-09-11,2015,35.99674,-86.68969,False,0,0,0,,,,,,,,
100948959,Crashes_2010_2019_MPO,2015-09-11,2015,36.03229,-86.76588,False,0,0,0,,,,,,,,
100948570,Crashes_2010_2019_MPO,2015-09-11,2015,35.99004,-86.74528,True,0,0,0,,,,,,,,
100948862,Crashes_2010_2019_MPO,2015-09-11,2015,35.95986,-86.80184,False,0,0,0,,,,,,,,
100949001,Crashes_2010_2019_MPO,2015-09-11,2015,36.03742,-86.79045,False,0,0,0,,,,,,,,
100948863,Crashes_2010_2019_MPO,2015-09-11,2015,35.98428,-86.72386,True,0,0,0,,,,,,,,
100948931,Crashes_2010_2019_MPO,2015-09-11,2015,36.04231,-86.72652,False,0,0,0,,,,,,,,
100948932,Crashes_2010_2019_MPO,2015-09-11,2015,36.03517,-86.76871,False,0,0,0,,,,,,,,
100949239,Crashes_2010_2019_MPO,2015-09-11,2015,36.03751,-86.78575,False,0,0,0,,,,,,,,
100948810,Crashes_2010_2019_MPO,2015-09-11,2015,35.9745,-86.80316,True,0,0,0,,,,,,,,
100948625,Crashes_2010_2019_MPO,2015-09-11,2015,35.93374,-86.81767,False,0,0,0,,,,,,,,
100949274,Crashes_2010_2019_MPO,2015-09-11,2015,36.04393,-86.6933,False,0,0,0,,,,,,,,
100949692,Crashes_2010_2019_MPO,2015-09-12,2015,36.05366,-86.71502,False,0,0,0,,,,,,,,
100949522,Crashes_2010_2019_MPO,2015-09-12,2015,35.96185,-86.76131,True,0,0,0,,,,,,,,
100949300,Crashes_2010_2019_MPO,2015-09-12,2015,36.05141,-86.71064,False,0,0,0,,,,,,,,
100949526,Crashes_2010_2019_MPO,2015-09-12,2015,35.96133,-86.81226,False,0,0,0,,,,,,,,
100949319,Crashes_2010_2019_MPO,2015-09-12,2015,36.03633,-86.78576,False,0,0,0,,,,,,,,
100949334,Crashes_2010_2019_MPO,2015-09-12,2015,35.96634,-86.81379,False,0,0,0,,,,,,,,
100949507,Crashes_2010_2019_MPO,2015-09-12,2015,36.02037,-86.6775,False,0,0,0,,,,,,,,
100949329,Crashes_2010_2019_MPO,2015-09-12,2015,36.04526,-86.717,False,0,0,0,,,,,,,,
100963465,Crashes_2010_2019_MPO,2015-09-12,2015,36.03854,-86.71649,False,0,0,0,,,,,,,,
100949482,Crashes_2010_2019_MPO,2015-09-12,2015,35.9243,-86.87083,False,0,0,0,,,,,,,,
100950624,Crashes_2010_2019_MPO,2015-09-12,2015,35.94688,-86.85233,False,0,0,0,,,,,,,,
100949694,Crashes_2010_2019_MPO,2015-09-12,2015,36.04561,-86.71977,False,0,0,0,,,,,,,,
100949583,Crashes_2010_2019_MPO,2015-09-12,2015,35.94991,-86.75937,True,0,0,0,,,,,,,,
100949974,Crashes_2010_2019_MPO,2015-09-13,2015,35.94683,-86.85172,False,0,0,0,,,,,,,,
100950570,Crashes_2010_2019_MPO,2015-09-13,2015,35.92514,-86.86743,False,0,0,0,,,,,,,,
100950092,Crashes_2010_2019_MPO,2015-09-13,2015,35.96214,-86.809,False,0,0,0,,,,,,,,
100949888,Crashes_2010_2019_MPO,2015-09-13,2015,36.05048,-86.69935,False,0,0,0,,,,,,,,
100950178,Crashes_2010_2019_MPO,2015-09-13,2015,35.97743,-86.77426,True,0,0,0,,,,,,,,
100950020,Crashes_2010_2019_MPO,2015-09-13,2015,36.03772,-86.79475,False,0,0,0,,,,,,,,
100949840,Crashes_2010_2019_MPO,2015-09-13,2015,36.0138,-86.83755,True,0,0,0,,,,,,,,
100950444,Crashes_2010_2019_MPO,2015-09-13,2015,36.02517,-86.78537,True,0,0,0,,,,,,,,
100950019,Crashes_2010_2019_MPO,2015-09-13,2015,36.01286,-86.80081,True,0,0,0,,,,,,,,
100950369,Crashes_2010_2019_MPO,2015-09-14,2015,35.99753,-86.79465,True,0,0,0,,,,,,,,
100950502,Crashes_2010_2019_MPO,2015-09-14,2015,36.00801,-86.78032,True,0,0,0,,,,,,,,
100950569,Crashes_2010_2019_MPO,2015-09-14,2015,35.96372,-86.81053,False,0,0,0,,,,,,,,
100950292,Crashes_2010_2019_MPO,2015-09-14,2015,35.9673,-86.80329,True,0,0,0,,,,,,,,
100950568,Crashes_2010_2019_MPO,2015-09-14,2015,35.93889,-86.8304,False,0,0,0,,,,,,,,
100962322,Crashes_2010_2019_MPO,2015-09-14,2015,36.0374,-86.78657,False,0,0,0,,,,,,,,
100950685,Crashes_2010_2019_MPO,2015-09-14,2015,35.94457,-86.81956,False,0,0,0,,,,,,,,
100951206,Crashes_2010_2019_MPO,2015-09-15,2015,35.99385,-86.76112,True,0,0,0,,,,,,,,
100950784,Crashes_2010_2019_MPO,2015-09-15,2015,35.96677,-86.82073,True,0,0,0,,,,,,,,
100950782,Crashes_2010_2019_MPO,2015-09-15,2015,36.03971,-86.76279,False,0,0,0,,,,,,,,
100950872,Crashes_2010_2019_MPO,2015-09-15,2015,36.0443,-86.78086,False,0,0,0,,,,,,,,
100951164,Crashes_2010_2019_MPO,2015-09-15,2015,36.04522,-86.71479,False,0,0,0,,,,,,,,
100951266,Crashes_2010_2019_MPO,2015-09-15,2015,36.04064,-86.75146,False,0,0,0,,,,,,,,
100951173,Crashes_2010_2019_MPO,2015-09-15,2015,35.95683,-86.81661,False,0,0,0,,,,,,,,
100950862,Crashes_2010_2019_MPO,2015-09-15,2015,36.03903,-86.74342,False,0,0,0,,,,,,,,
100951123,Crashes_2010_2019_MPO,2015-09-15,2015,35.96658,-86.80965,True,0,0,0,,,,,,,,
100950834,Crashes_2010_2019_MPO,2015-09-15,2015,36.04231,-86.72652,False,0,0,0,,,,,,,,
100950942,Crashes_2010_2019_MPO,2015-09-15,2015,36.0149,-86.78151,True,0,0,0,,,,,,,,
100951409,Crashes_2010_2019_MPO,2015-09-15,2015,35.93465,-86.86087,False,0,0,0,,,,,,,,
100951786,Crashes_2010_2019_MPO,2015-09-16,2015,35.95729,-86.81713,False,0,0,0,,,,,,,,
100961880,Crashes_2010_2019_MPO,2015-09-16,2015,36.04548,-86.71207,False,0,0,0,,,,,,,,
100951748,Crashes_2010_2019_MPO,2015-09-16,2015,36.03047,-86.74398,False,0,0,0,,,,,,,,
100951729,Crashes_2010_2019_MPO,2015-09-16,2015,36.034057,-86.844156,True,0,0,0,,,,,,,,
100951501,Crashes_2010_2019_MPO,2015-09-16,2015,36.00257,-86.77249,True,0,0,1,,,,,,,,
100951564,Crashes_2010_2019_MPO,2015-09-16,2015,36.05464,-86.71539,False,0,0,0,,,,,,,,
101000302,Crashes_2010_2019_MPO,2015-09-16,2015,36.0415,-86.78247,False,0,0,0,,,,,,,,
100951722,Crashes_2010_2019_MPO,2015-09-16,2015,35.92508,-86.87351,False,0,0,0,,,,,,,,
100951800,Crashes_2010_2019_MPO,2015-09-16,2015,35.95261,-86.84709,False,0,0,0,,,,,,,,
100951499,Crashes_2010_2019_MPO,2015-09-16,2015,35.92554,-86.86737,False,0,0,0,,,,,,,,
100951785,Crashes_2010_2019_MPO,2015-09-16,2015,35.947,-86.8214,False,0,0,0,,,,,,,,
100961983,Crashes_2010_2019_MPO,2015-09-16,2015,35.93097,-86.84157,False,0,0,0,,,,,,,,
100962384,Crashes_2010_2019_MPO,2015-09-17,2015,36.02966,-86.70371,False,0,0,0,,,,,,,,
100962454,Crashes_2010_2019_MPO,2015-09-17,2015,35.9606,-86.80182,False,0,0,0,,,,,,,,
100962187,Crashes_2010_2019_MPO,2015-09-17,2015,35.96749,-86.80979,True,0,0,0,,,,,,,,
100961965,Crashes_2010_2019_MPO,2015-09-17,2015,36.03899,-86.78258,False,0,0,1,,,,,,,,
100963873,Crashes_2010_2019_MPO,2015-09-17,2015,35.99447,-86.80801,True,0,0,0,,,,,,,,
100962124,Crashes_2010_2019_MPO,2015-09-17,2015,36.0409,-86.77938,False,0,0,0,,,,,,,,
100962196,Crashes_2010_2019_MPO,2015-09-17,2015,35.96716,-86.81351,True,0,0,0,,,,,,,,
100962573,Crashes_2010_2019_MPO,2015-09-17,2015,36.03898,-86.81114,False,0,0,0,,,,,,,,
100962473,Crashes_2010_2019_MPO,2015-09-17,2015,35.93708,-86.69241,False,0,0,0,,,,,,,,
100962343,Crashes_2010_2019_MPO,2015-09-17,2015,35.94052,-86.83916,False,0,0,0,,,,,,,,
100962168,Crashes_2010_2019_MPO,2015-09-17,2015,35.96681,-86.81119,True,0,0,0,,,,,,,,
100962975,Crashes_2010_2019_MPO,2015-09-18,2015,36.01689,-86.78609,True,0,0,0,,,,,,,,
100963918,Crashes_2010_2019_MPO,2015-09-18,2015,35.94536,-86.80508,False,0,0,0,,,,,,,,
100962751,Crashes_2010_2019_MPO,2015-09-18,2015,36.04993,-86.69303,False,0,0,0,,,,,,,,
100962638,Crashes_2010_2019_MPO,2015-09-18,2015,36.05175,-86.68768,False,0,0,0,,,,,,,,
100962774,Crashes_2010_2019_MPO,2015-09-18,2015,36.00413,-86.79087,True,0,0,0,,,,,,,,
100963502,Crashes_2010_2019_MPO,2015-09-18,2015,36.00489,-86.79041,True,0,0,0,,,,,,,,
100963098,Crashes_2010_2019_MPO,2015-09-18,2015,36.0374,-86.78657,False,0,0,0,,,,,,,,
100962956,Crashes_2010_2019_MPO,2015-09-18,2015,36.03899,-86.78258,False,0,0,0,,,,,,,,
100962616,Crashes_2010_2019_MPO,2015-09-18,2015,36.05404,-86.77514,False,0,0,0,,,,,,,,
100963900,Crashes_2010_2019_MPO,2015-09-18,2015,36.04761,-86.7231,False,0,0,1,,,,,,,,
100963079,Crashes_2010_2019_MPO,2015-09-18,2015,36.03753,-86.79781,False,0,0,0,,,,,,,,
100964250,Crashes_2010_2019_MPO,2015-09-18,2015,36.04603,-86.71334,False,0,0,0,,,,,,,,
100963655,Crashes_2010_2019_MPO,2015-09-18,2015,36.0303,-86.8758,False,0,0,0,,,,,,,,
100962719,Crashes_2010_2019_MPO,2015-09-18,2015,36.0545,-86.72502,False,0,0,1,,,,,,,,
100962754,Crashes_2010_2019_MPO,2015-09-18,2015,35.95594,-86.84441,False,0,0,0,,,,,,,,
100963230,Crashes_2010_2019_MPO,2015-09-19,2015,35.93206,-86.87864,False,0,0,0,,,,,,,,
100963514,Crashes_2010_2019_MPO,2015-09-19,2015,35.96671,-86.81055,True,0,0,0,,,,,,,,
100963495,Crashes_2010_2019_MPO,2015-09-19,2015,35.93641,-86.85956,False,0,0,0,,,,,,,,
100963378,Crashes_2010_2019_MPO,2015-09-19,2015,35.96877,-86.8099,True,0,0,0,,,,,,,,
100963856,Crashes_2010_2019_MPO,2015-09-20,2015,36.02302,-86.79449,True,0,0,0,,,,,,,,
100964806,Crashes_2010_2019_MPO,2015-09-20,2015,36.0443,-86.84631,False,0,0,0,,,,,,,,
100964043,Crashes_2010_2019_MPO,2015-09-20,2015,35.99801,-86.80056,True,0,0,0,,,,,,,,
100963922,Crashes_2010_2019_MPO,2015-09-20,2015,36.03599,-86.7872,True,0,0,0,,,,,,,,
100964114,Crashes_2010_2019_MPO,2015-09-20,2015,35.93423,-86.81894,False,0,0,0,,,,,,,,
100963969,Crashes_2010_2019_MPO,2015-09-20,2015,36.04543,-86.70361,False,0,0,0,,,,,,,,
100964569,Crashes_2010_2019_MPO,2015-09-20,2015,36.04769,-86.71305,False,0,0,0,,,,,,,,
100964007,Crashes_2010_2019_MPO,2015-09-20,2015,35.9325,-86.86247,False,0,0,0,,,,,,,,
100964461,Crashes_2010_2019_MPO,2015-09-21,2015,36.04753,-86.73983,False,0,0,0,,,,,,,,
100964450,Crashes_2010_2019_MPO,2015-09-21,2015,35.96107,-86.80963,False,0,0,0,,,,,,,,
100964369,Crashes_2010_2019_MPO,2015-09-21,2015,35.98524,-86.72921,True,0,0,0,,,,,,,,
100964441,Crashes_2010_2019_MPO,2015-09-21,2015,36.034549,-86.792311,True,0,0,0,,,,,,,,
100964606,Crashes_2010_2019_MPO,2015-09-21,2015,35.96798,-86.81833,True,0,0,0,,,,,,,,
100965358,Crashes_2010_2019_MPO,2015-09-21,2015,36.0456,-86.81589,False,0,0,0,,,,,,,,
100964343,Crashes_2010_2019_MPO,2015-09-21,2015,36.01108,-86.70269,False,0,0,0,,,,,,,,
100964653,Crashes_2010_2019_MPO,2015-09-21,2015,35.96482,-86.73135,True,0,0,0,,,,,,,,
100964298,Crashes_2010_2019_MPO,2015-09-21,2015,36.05186,-86.77516,False,0,0,0,,,,,,,,
100964577,Crashes_2010_2019_MPO,2015-09-21,2015,36.05049,-86.87668,False,0,0,0,,,,,,,,
100964567,Crashes_2010_2019_MPO,2015-09-21,2015,35.96705,-86.81277,True,0,0,0,,,,,,,,
100964536,Crashes_2010_2019_MPO,2015-09-21,2015,35.96716,-86.81351,True,0,0,0,,,,,,,,
100964619,Crashes_2010_2019_MPO,2015-09-21,2015,36.0332,-86.77534,False,0,0,0,,,,,,,,
100964356,Crashes_2010_2019_MPO,2015-09-21,2015,35.96681,-86.81119,True,0,0,0,,,,,,,,
100965357,Crashes_2010_2019_MPO,2015-09-21,2015,36.04568,-86.72048,False,0,0,0,,,,,,,,
100964634,Crashes_2010_2019_MPO,2015-09-21,2015,35.93327,-86.81473,False,0,0,0,,,,,,,,
100964614,Crashes_2010_2019_MPO,2015-09-21,2015,35.95572,-86.83012,False,0,0,0,,,,,,,,
100964519,Crashes_2010_2019_MPO,2015-09-21,2015,36.01286,-86.80081,True,0,0,0,,,,,,,,
100965425,Crashes_2010_2019_MPO,2015-09-22,2015,36.04685,-86.67941,False,0,0,0,,,,,,,,
100964892,Crashes_2010_2019_MPO,2015-09-22,2015,35.99469,-86.76887,True,0,0,0,,,,,,,,
100964951,Crashes_2010_2019_MPO,2015-09-22,2015,35.9581,-86.8026,False,0,0,0,,,,,,,,
100965040,Crashes_2010_2019_MPO,2015-09-22,2015,35.96579,-86.80194,True,0,0,0,,,,,,,,
100965303,Crashes_2010_2019_MPO,2015-09-22,2015,36.05352,-86.71498,False,0,0,0,,,,,,,,
100964886,Crashes_2010_2019_MPO,2015-09-22,2015,35.96588,-86.80316,True,0,0,0,,,,,,,,
100965033,Crashes_2010_2019_MPO,2015-09-22,2015,35.946,-86.81949,False,0,0,0,,,,,,,,
100968437,Crashes_2010_2019_MPO,2015-09-22,2015,36.03738,-86.78676,False,0,0,0,,,,,,,,
100965510,Crashes_2010_2019_MPO,2015-09-22,2015,36.03758,-86.80108,True,0,0,0,,,,,,,,
100965771,Crashes_2010_2019_MPO,2015-09-22,2015,36.03709,-86.78263,False,0,0,0,,,,,,,,
100965220,Crashes_2010_2019_MPO,2015-09-22,2015,35.94799,-86.82211,False,0,0,0,,,,,,,,
100964938,Crashes_2010_2019_MPO,2015-09-22,2015,35.97716,-86.87622,False,0,0,0,,,,,,,,
100965842,Crashes_2010_2019_MPO,2015-09-23,2015,35.95921,-86.83114,False,0,0,0,,,,,,,,
100965803,Crashes_2010_2019_MPO,2015-09-23,2015,36.04602,-86.72073,False,0,0,0,,,,,,,,
100965941,Crashes_2010_2019_MPO,2015-09-23,2015,35.93852,-86.87916,False,0,0,0,,,,,,,,
100965877,Crashes_2010_2019_MPO,2015-09-23,2015,36.03771,-86.78482,False,0,0,0,,,,,,,,
100965843,Crashes_2010_2019_MPO,2015-09-23,2015,35.9731,-86.83322,False,0,0,0,,,,,,,,
100965752,Crashes_2010_2019_MPO,2015-09-23,2015,35.98576,-86.67993,False,0,0,0,,,,,,,,
100965841,Crashes_2010_2019_MPO,2015-09-23,2015,35.95975,-86.80184,False,0,0,0,,,,,,,,
100965817,Crashes_2010_2019_MPO,2015-09-23,2015,35.92654,-86.82582,False,0,0,0,,,,,,,,
100965492,Crashes_2010_2019_MPO,2015-09-23,2015,36.0411,-86.72671,False,0,0,0,,,,,,,,
100965773,Crashes_2010_2019_MPO,2015-09-23,2015,35.92911,-86.83369,False,0,0,0,,,,,,,,
100965648,Crashes_2010_2019_MPO,2015-09-23,2015,36.03376,-86.74063,False,0,0,0,,,,,,,,
100965893,Crashes_2010_2019_MPO,2015-09-23,2015,36.04884,-86.71435,False,0,0,0,,,,,,,,
100966487,Crashes_2010_2019_MPO,2015-09-24,2015,35.99687,-86.68989,False,0,0,0,,,,,,,,
100966492,Crashes_2010_2019_MPO,2015-09-24,2015,35.93648,-86.82071,False,0,0,0,,,,,,,,
100966300,Crashes_2010_2019_MPO,2015-09-24,2015,35.93607,-86.82633,False,0,0,0,,,,,,,,
100966593,Crashes_2010_2019_MPO,2015-09-24,2015,36.0473,-86.86274,False,0,0,0,,,,,,,,
100966462,Crashes_2010_2019_MPO,2015-09-24,2015,35.93731,-86.87881,False,0,0,1,,,,,,,,
100966405,Crashes_2010_2019_MPO,2015-09-24,2015,36.04362,-86.70162,False,0,0,0,,,,,,,,
100966540,Crashes_2010_2019_MPO,2015-09-24,2015,36.05038,-86.71405,False,0,0,0,,,,,,,,
100966353,Crashes_2010_2019_MPO,2015-09-24,2015,36.03987,-86.74157,False,0,0,0,,,,,,,,
100966224,Crashes_2010_2019_MPO,2015-09-24,2015,35.99735,-86.79489,True,0,0,0,,,,,,,,
100966335,Crashes_2010_2019_MPO,2015-09-24,2015,35.98229,-86.72468,True,0,0,0,,,,,,,,
100966365,Crashes_2010_2019_MPO,2015-09-24,2015,36.04241,-86.78167,False,0,0,0,,,,,,,,