record_no,source_layer,collision_ts,crash_year,latitude,longitude,in_city,fatalities,non_motorists,truck_involved,serious_injuries,pedestrian,bicycle,crash_type,manner_of_collision,lighting,weather,first_harmful_event
100966118,Crashes_2010_2019_MPO,2015-09-24,2015,35.99534,-86.77713,True,0,0,0,,,,,,,,
100966242,Crashes_2010_2019_MPO,2015-09-24,2015,36.03337,-86.67824,False,0,0,0,,,,,,,,
100966600,Crashes_2010_2019_MPO,2015-09-24,2015,36.00487,-86.79011,True,0,0,0,,,,,,,,
100966452,Crashes_2010_2019_MPO,2015-09-24,2015,35.96133,-86.81226,False,0,0,0,,,,,,,,
100966404,Crashes_2010_2019_MPO,2015-09-24,2015,36.03385,-86.69233,False,0,0,0,,,,,,,,
100971207,Crashes_2010_2019_MPO,2015-09-24,2015,35.92351,-86.76702,False,0,0,0,,,,,,,,
100966490,Crashes_2010_2019_MPO,2015-09-24,2015,36.04109,-86.7758,False,0,0,0,,,,,,,,
100967209,Crashes_2010_2019_MPO,2015-09-25,2015,36.03488,-86.78307,True,0,0,0,,,,,,,,
100967319,Crashes_2010_2019_MPO,2015-09-25,2015,35.94713,-86.8211,False,0,0,0,,,,,,,,
100966990,Crashes_2010_2019_MPO,2015-09-25,2015,35.92883,-86.75512,False,0,0,0,,,,,,,,
100967053,Crashes_2010_2019_MPO,2015-09-25,2015,35.94787,-86.81866,False,0,0,0,,,,,,,,
100967232,Crashes_2010_2019_MPO,2015-09-25,2015,35.99374,-86.68583,False,0,0,0,,,,,,,,
100966691,Crashes_2010_2019_MPO,2015-09-25,2015,36.03256,-86.7687,False,0,0,0,,,,,,,,
100967344,Crashes_2010_2019_MPO,2015-09-25,2015,35.93493,-86.77705,False,0,0,0,,,,,,,,
100967145,Crashes_2010_2019_MPO,2015-09-25,2015,35.934,-86.77882,False,0,0,0,,,,,,,,
100966805,Crashes_2010_2019_MPO,2015-09-25,2015,36.03599,-86.7872,True,0,0,0,,,,,,,,
100967171,Crashes_2010_2019_MPO,2015-09-25,2015,36.04622,-86.71336,False,0,0,0,,,,,,,,
100967275,Crashes_2010_2019_MPO,2015-09-25,2015,36.04134,-86.7438,False,0,0,0,,,,,,,,
100967179,Crashes_2010_2019_MPO,2015-09-25,2015,35.97103,-86.72644,True,0,0,0,,,,,,,,
100966737,Crashes_2010_2019_MPO,2015-09-25,2015,36.04031,-86.78241,False,0,0,0,,,,,,,,
100967195,Crashes_2010_2019_MPO,2015-09-25,2015,35.99781,-86.79881,True,0,0,0,,,,,,,,
100967247,Crashes_2010_2019_MPO,2015-09-25,2015,35.99945,-86.69343,False,0,0,0,,,,,,,,
100966981,Crashes_2010_2019_MPO,2015-09-25,2015,35.99145,-86.82861,False,0,0,0,,,,,,,,
100967221,Crashes_2010_2019_MPO,2015-09-25,2015,36.02963,-86.70379,False,0,0,0,,,,,,,,
100967115,Crashes_2010_2019_MPO,2015-09-25,2015,35.93716,-86.85901,False,0,0,1,,,,,,,,
100966974,Crashes_2010_2019_MPO,2015-09-25,2015,35.94919,-86.81948,False,0,0,0,,,,,,,,
100967210,Crashes_2010_2019_MPO,2015-09-25,2015,35.96791,-86.81837,True,0,0,0,,,,,,,,
100966882,Crashes_2010_2019_MPO,2015-09-25,2015,36.05173,-86.74318,False,0,0,0,,,,,,,,
100968264,Crashes_2010_2019_MPO,2015-09-25,2015,35.9509,-86.80665,False,0,0,0,,,,,,,,
100967393,Crashes_2010_2019_MPO,2015-09-25,2015,36.05494,-86.67818,False,0,0,0,,,,,,,,
100967276,Crashes_2010_2019_MPO,2015-09-25,2015,35.94429,-86.81993,False,0,0,0,,,,,,,,
100967029,Crashes_2010_2019_MPO,2015-09-25,2015,35.92379,-86.82259,False,0,0,0,,,,,,,,
100967548,Crashes_2010_2019_MPO,2015-09-25,2015,35.92669,-86.82704,False,0,0,0,,,,,,,,
100967282,Crashes_2010_2019_MPO,2015-09-25,2015,35.93401,-86.7788,False,0,0,0,,,,,,,,
100967301,Crashes_2010_2019_MPO,2015-09-25,2015,35.99458,-86.82894,True,0,0,0,,,,,,,,
100967085,Crashes_2010_2019_MPO,2015-09-25,2015,35.94612,-86.82346,False,0,0,0,,,,,,,,
100967227,Crashes_2010_2019_MPO,2015-09-25,2015,36.0375,-86.78584,False,0,0,0,,,,,,,,
100967288,Crashes_2010_2019_MPO,2015-09-25,2015,35.93409,-86.86129,False,0,0,0,,,,,,,,
100966905,Crashes_2010_2019_MPO,2015-09-25,2015,35.98101,-86.82916,False,0,0,0,,,,,,,,
100966878,Crashes_2010_2019_MPO,2015-09-25,2015,36.03809,-86.79937,False,0,0,0,,,,,,,,
100968601,Crashes_2010_2019_MPO,2015-09-26,2015,35.98945,-86.68183,False,0,0,0,,,,,,,,
100970567,Crashes_2010_2019_MPO,2015-09-26,2015,35.93516,-86.77585,False,0,0,0,,,,,,,,
100968265,Crashes_2010_2019_MPO,2015-09-26,2015,35.96507,-86.79501,True,0,0,0,,,,,,,,
100967722,Crashes_2010_2019_MPO,2015-09-26,2015,36.02222,-86.70716,False,0,0,0,,,,,,,,
100968280,Crashes_2010_2019_MPO,2015-09-26,2015,35.9584,-86.80226,False,0,0,0,,,,,,,,
100967683,Crashes_2010_2019_MPO,2015-09-26,2015,36.01242,-86.68843,False,0,0,0,,,,,,,,
100967909,Crashes_2010_2019_MPO,2015-09-26,2015,36.03316,-86.70404,False,0,0,0,,,,,,,,
100967703,Crashes_2010_2019_MPO,2015-09-26,2015,36.01238,-86.70361,False,0,0,0,,,,,,,,
100968296,Crashes_2010_2019_MPO,2015-09-27,2015,36.04231,-86.72652,False,0,0,0,,,,,,,,
100968240,Crashes_2010_2019_MPO,2015-09-27,2015,36.02263,-86.68056,False,0,0,0,,,,,,,,
100968134,Crashes_2010_2019_MPO,2015-09-27,2015,35.99808,-86.74342,True,0,0,0,,,,,,,,
100968572,Crashes_2010_2019_MPO,2015-09-27,2015,36.04276,-86.84026,False,0,0,0,,,,,,,,
100968932,Crashes_2010_2019_MPO,2015-09-27,2015,36.04504,-86.69779,False,0,0,0,,,,,,,,
100968130,Crashes_2010_2019_MPO,2015-09-27,2015,36.04799,-86.77637,False,0,0,0,,,,,,,,
100971008,Crashes_2010_2019_MPO,2015-09-27,2015,36.05222,-86.68244,False,0,0,0,,,,,,,,
100968610,Crashes_2010_2019_MPO,2015-09-27,2015,36.03757,-86.78275,False,0,0,0,,,,,,,,
100968442,Crashes_2010_2019_MPO,2015-09-27,2015,36.030048,-86.790015,True,0,0,0,,,,,,,,
100968962,Crashes_2010_2019_MPO,2015-09-28,2015,36.01727,-86.74635,True,0,0,0,,,,,,,,
100968978,Crashes_2010_2019_MPO,2015-09-28,2015,35.95811,-86.8026,False,0,0,0,,,,,,,,
100968755,Crashes_2010_2019_MPO,2015-09-28,2015,36.03599,-86.7872,True,0,0,0,,,,,,,,
100969025,Crashes_2010_2019_MPO,2015-09-28,2015,36.04582,-86.70354,False,0,0,0,,,,,,,,
100969613,Crashes_2010_2019_MPO,2015-09-28,2015,35.9508,-86.74991,True,0,0,0,,,,,,,,
100969678,Crashes_2010_2019_MPO,2015-09-28,2015,35.9771,-86.77135,True,0,0,0,,,,,,,,
100968738,Crashes_2010_2019_MPO,2015-09-28,2015,36.04258,-86.83878,False,0,0,0,,,,,,,,
100968995,Crashes_2010_2019_MPO,2015-09-28,2015,35.96619,-86.81137,False,0,0,0,,,,,,,,
100969022,Crashes_2010_2019_MPO,2015-09-28,2015,36.04026,-86.8164,False,0,0,0,,,,,,,,
100968966,Crashes_2010_2019_MPO,2015-09-28,2015,36.03488,-86.78307,True,0,0,0,,,,,,,,
100970999,Crashes_2010_2019_MPO,2015-09-28,2015,36.04127,-86.7776,False,0,0,0,,,,,,,,
100969614,Crashes_2010_2019_MPO,2015-09-28,2015,35.99505,-86.7788,True,0,0,0,,,,,,,,
100969110,Crashes_2010_2019_MPO,2015-09-28,2015,36.03256,-86.7687,False,0,0,0,,,,,,,,
100968921,Crashes_2010_2019_MPO,2015-09-28,2015,36.04671,-86.77684,False,0,0,0,,,,,,,,
100969074,Crashes_2010_2019_MPO,2015-09-28,2015,35.96044,-86.80293,False,0,0,0,,,,,,,,
100969865,Crashes_2010_2019_MPO,2015-09-29,2015,36.04475,-86.69506,False,0,0,0,,,,,,,,
100969284,Crashes_2010_2019_MPO,2015-09-29,2015,35.96562,-86.70619,True,0,0,0,,,,,,,,
100973309,Crashes_2010_2019_MPO,2015-09-29,2015,36.02283,-86.71238,False,0,0,0,,,,,,,,
100969697,Crashes_2010_2019_MPO,2015-09-29,2015,35.96601,-86.8203,True,0,0,0,,,,,,,,
100970180,Crashes_2010_2019_MPO,2015-09-29,2015,35.97103,-86.72644,True,0,0,0,,,,,,,,
100969318,Crashes_2010_2019_MPO,2015-09-29,2015,35.96978,-86.72416,True,0,0,0,,,,,,,,
100969396,Crashes_2010_2019_MPO,2015-09-29,2015,36.04178,-86.7824,False,0,0,0,,,,,,,,
100969391,Crashes_2010_2019_MPO,2015-09-29,2015,36.034512,-86.802517,True,0,0,0,,,,,,,,
100969335,Crashes_2010_2019_MPO,2015-09-29,2015,35.97956,-86.82897,False,0,0,0,,,,,,,,
100969283,Crashes_2010_2019_MPO,2015-09-29,2015,35.95041,-86.76511,True,0,0,0,,,,,,,,
100970636,Crashes_2010_2019_MPO,2015-09-30,2015,35.96722,-86.81404,True,0,0,0,,,,,,,,
100970496,Crashes_2010_2019_MPO,2015-09-30,2015,36.02669,-86.71129,False,0,0,0,,,,,,,,
100970446,Crashes_2010_2019_MPO,2015-09-30,2015,35.95231,-86.84733,False,0,0,0,,,,,,,,
100970300,Crashes_2010_2019_MPO,2015-09-30,2015,35.93446,-86.81991,False,0,0,0,,,,,,,,
100970053,Crashes_2010_2019_MPO,2015-09-30,2015,36.03971,-86.81643,False,0,0,0,,,,,,,,
100970337,Crashes_2010_2019_MPO,2015-09-30,2015,36.0488,-86.71367,False,0,0,0,,,,,,,,
100970362,Crashes_2010_2019_MPO,2015-09-30,2015,35.99847,-86.80452,True,0,0,0,,,,,,,,
100970548,Crashes_2010_2019_MPO,2015-09-30,2015,35.9479,-86.69536,False,0,0,0,,,,,,,,
100970679,Crashes_2010_2019_MPO,2015-09-30,2015,36.03599,-86.7872,True,0,0,0,,,,,,,,
100970381,Crashes_2010_2019_MPO,2015-09-30,2015,35.94536,-86.87621,False,0,0,0,,,,,,,,
100970340,Crashes_2010_2019_MPO,2015-09-30,2015,36.04526,-86.71704,False,0,0,0,,,,,,,,
100970079,Crashes_2010_2019_MPO,2015-09-30,2015,35.96432,-86.78718,True,0,0,0,,,,,,,,
100970174,Crashes_2010_2019_MPO,2015-09-30,2015,36.04223,-86.74988,False,0,0,0,,,,,,,,
100970078,Crashes_2010_2019_MPO,2015-09-30,2015,36.04307,-86.69,False,0,0,0,,,,,,,,
100970382,Crashes_2010_2019_MPO,2015-09-30,2015,35.96451,-86.83894,False,0,0,0,,,,,,,,
100970495,Crashes_2010_2019_MPO,2015-09-30,2015,36.04549,-86.71195,False,0,0,0,,,,,,,,
100971002,Crashes_2010_2019_MPO,2015-10-01,2015,36.01373,-86.78519,True,0,0,0,,,,,,,,
100973434,Crashes_2010_2019_MPO,2015-10-01,2015,35.94763,-86.69687,False,0,0,0,,,,,,,,
100970702,Crashes_2010_2019_MPO,2015-10-01,2015,35.93446,-86.81991,False,0,0,0,,,,,,,,
100970677,Crashes_2010_2019_MPO,2015-10-01,2015,36.04537,-86.71326,False,0,0,0,,,,,,,,
100971221,Crashes_2010_2019_MPO,2015-10-01,2015,36.02942,-86.71254,False,0,0,0,,,,,,,,
100970680,Crashes_2010_2019_MPO,2015-10-01,2015,35.99071,-86.74517,True,0,0,0,,,,,,,,
100971140,Crashes_2010_2019_MPO,2015-10-01,2015,36.03797,-86.79777,False,0,0,0,,,,,,,,
100970775,Crashes_2010_2019_MPO,2015-10-01,2015,36.0476,-86.7388,False,0,0,0,,,,,,,,
100971081,Crashes_2010_2019_MPO,2015-10-01,2015,36.04245,-86.78219,False,0,0,0,,,,,,,,
100970936,Crashes_2010_2019_MPO,2015-10-01,2015,35.99288,-86.69378,True,0,0,0,,,,,,,,
100970979,Crashes_2010_2019_MPO,2015-10-01,2015,36.03892,-86.8103,False,0,0,0,,,,,,,,
100970655,Crashes_2010_2019_MPO,2015-10-01,2015,36.04289,-86.72632,False,0,0,0,,,,,,,,
100970588,Crashes_2010_2019_MPO,2015-10-01,2015,35.99691,-86.79218,True,0,0,0,,,,,,,,
100974057,Crashes_2010_2019_MPO,2015-10-02,2015,35.92901,-86.84748,False,0,0,0,,,,,,,,
100971684,Crashes_2010_2019_MPO,2015-10-02,2015,35.96199,-86.81523,False,0,0,0,,,,,,,,
100971854,Crashes_2010_2019_MPO,2015-10-02,2015,36.00625,-86.78868,True,0,0,0,,,,,,,,
100971992,Crashes_2010_2019_MPO,2015-10-02,2015,36.03815,-86.784,False,0,0,0,,,,,,,,
100971230,Crashes_2010_2019_MPO,2015-10-02,2015,35.94723,-86.85527,False,0,0,0,,,,,,,,
100973453,Crashes_2010_2019_MPO,2015-10-02,2015,36.01938,-86.76848,True,0,0,0,,,,,,,,
100971852,Crashes_2010_2019_MPO,2015-10-02,2015,35.96798,-86.81833,True,0,0,0,,,,,,,,
100971562,Crashes_2010_2019_MPO,2015-10-02,2015,35.96655,-86.80932,True,0,0,0,,,,,,,,
100972574,Crashes_2010_2019_MPO,2015-10-02,2015,36.04526,-86.71704,False,0,0,0,,,,,,,,
100972105,Crashes_2010_2019_MPO,2015-10-02,2015,35.99859,-86.69229,False,0,0,0,,,,,,,,
100971724,Crashes_2010_2019_MPO,2015-10-02,2015,35.93496,-86.77669,False,0,0,0,,,,,,,,
100971553,Crashes_2010_2019_MPO,2015-10-02,2015,36.03991,-86.74202,False,0,0,0,,,,,,,,
100971816,Crashes_2010_2019_MPO,2015-10-02,2015,36.0422,-86.78228,False,0,0,0,,,,,,,,
100971986,Crashes_2010_2019_MPO,2015-10-02,2015,35.94505,-86.85314,False,0,0,0,,,,,,,,
100971723,Crashes_2010_2019_MPO,2015-10-02,2015,35.94666,-86.85186,False,0,0,0,,,,,,,,
100971954,Crashes_2010_2019_MPO,2015-10-02,2015,35.95521,-86.80393,False,0,0,0,,,,,,,,
100971686,Crashes_2010_2019_MPO,2015-10-02,2015,36.01689,-86.78609,True,0,0,0,,,,,,,,
100971862,Crashes_2010_2019_MPO,2015-10-02,2015,35.94776,-86.81919,False,0,0,0,,,,,,,,
100971725,Crashes_2010_2019_MPO,2015-10-02,2015,35.9352,-86.77578,False,0,0,0,,,,,,,,
100971564,Crashes_2010_2019_MPO,2015-10-02,2015,36.03196,-86.76284,False,0,0,0,,,,,,,,
100972435,Crashes_2010_2019_MPO,2015-10-02,2015,36.00721,-86.85592,False,0,0,0,,,,,,,,
100971726,Crashes_2010_2019_MPO,2015-10-02,2015,35.94285,-86.82075,False,0,0,0,,,,,,,,
100971933,Crashes_2010_2019_MPO,2015-10-02,2015,35.96502,-86.72739,True,0,0,0,,,,,,,,
100971878,Crashes_2010_2019_MPO,2015-10-02,2015,35.92609,-86.87139,False,0,0,0,,,,,,,,
100971301,Crashes_2010_2019_MPO,2015-10-02,2015,36.0402,-86.78263,False,0,0,0,,,,,,,,
100971924,Crashes_2010_2019_MPO,2015-10-02,2015,35.96983,-86.72376,True,0,0,0,,,,,,,,
100976955,Crashes_2010_2019_MPO,2015-10-03,2015,35.9292,-86.7166,False,0,0,0,,,,,,,,
100972593,Crashes_2010_2019_MPO,2015-10-03,2015,36.025024,-86.789276,True,0,0,0,,,,,,,,
100972900,Crashes_2010_2019_MPO,2015-10-03,2015,36.0409,-86.74369,False,0,0,0,,,,,,,,
100972607,Crashes_2010_2019_MPO,2015-10-03,2015,36.04042,-86.78261,False,0,0,0,,,,,,,,
100972301,Crashes_2010_2019_MPO,2015-10-03,2015,35.94694,-86.82157,False,0,0,0,,,,,,,,
100972475,Crashes_2010_2019_MPO,2015-10-03,2015,35.99781,-86.79886,True,0,0,0,,,,,,,,
100972777,Crashes_2010_2019_MPO,2015-10-03,2015,35.9325,-86.86247,False,0,0,0,,,,,,,,
100972659,Crashes_2010_2019_MPO,2015-10-03,2015,36.04171,-86.74835,False,0,0,0,,,,,,,,
100972658,Crashes_2010_2019_MPO,2015-10-03,2015,36.0417,-86.74862,False,0,0,0,,,,,,,,
100973100,Crashes_2010_2019_MPO,2015-10-04,2015,35.968952,-86.809349,True,0,0,0,,,,,,,,
100972958,Crashes_2010_2019_MPO,2015-10-04,2015,36.03127,-86.70031,False,0,0,0,,,,,,,,
100973174,Crashes_2010_2019_MPO,2015-10-04,2015,36.04537,-86.71326,False,0,0,0,,,,,,,,
100973044,Crashes_2010_2019_MPO,2015-10-04,2015,36.027453,-86.791984,True,0,0,0,,,,,,,,
100973198,Crashes_2010_2019_MPO,2015-10-04,2015,35.95694,-86.77531,True,0,0,0,,,,,,,,
100973535,Crashes_2010_2019_MPO,2015-10-04,2015,36.04584,-86.69012,False,0,0,0,,,,,,,,
100973326,Crashes_2010_2019_MPO,2015-10-04,2015,35.99945,-86.69343,False,0,0,0,,,,,,,,
100973360,Crashes_2010_2019_MPO,2015-10-04,2015,36.04533,-86.70221,False,0,0,0,,,,,,,,
100973344,Crashes_2010_2019_MPO,2015-10-04,2015,36.03387,-86.68111,False,0,0,0,,,,,,,,
100973465,Crashes_2010_2019_MPO,2015-10-04,2015,35.94624,-86.82121,False,0,0,0,,,,,,,,
100974380,Crashes_2010_2019_MPO,2015-10-05,2015,36.03047,-86.74398,False,0,0,0,,,,,,,,
100974262,Crashes_2010_2019_MPO,2015-10-05,2015,35.97492,-86.80456,True,0,0,0,,,,,,,,
100973472,Crashes_2010_2019_MPO,2015-10-05,2015,36.02044,-86.78208,True,0,0,0,,,,,,,,
100974083,Crashes_2010_2019_MPO,2015-10-05,2015,36.04543,-86.70361,False,0,0,0,,,,,,,,
100973979,Crashes_2010_2019_MPO,2015-10-05,2015,35.94682,-86.68386,False,0,0,0,,,,,,,,
100973512,Crashes_2010_2019_MPO,2015-10-05,2015,36.03768,-86.78489,False,0,0,0,,,,,,,,
100973931,Crashes_2010_2019_MPO,2015-10-05,2015,36.00453,-86.69157,False,0,0,0,,,,,,,,
100973829,Crashes_2010_2019_MPO,2015-10-05,2015,35.94697,-86.85161,False,0,0,0,,,,,,,,
100973524,Crashes_2010_2019_MPO,2015-10-05,2015,36.04059,-86.77107,False,0,0,0,,,,,,,,
100973673,Crashes_2010_2019_MPO,2015-10-05,2015,36.01286,-86.80081,True,0,0,0,,,,,,,,
100973586,Crashes_2010_2019_MPO,2015-10-05,2015,36.0412,-86.77954,False,0,0,0,,,,,,,,
100973839,Crashes_2010_2019_MPO,2015-10-05,2015,35.98496,-86.81806,True,0,0,0,,,,,,,,
100973807,Crashes_2010_2019_MPO,2015-10-05,2015,36.04115,-86.77638,False,0,0,0,,,,,,,,
100974674,Crashes_2010_2019_MPO,2015-10-06,2015,36.04711,-86.71457,False,0,0,0,,,,,,,,
100974442,Crashes_2010_2019_MPO,2015-10-06,2015,35.92957,-86.84187,False,0,0,0,,,,,,,,
100974874,Crashes_2010_2019_MPO,2015-10-06,2015,35.9295,-86.85299,False,0,0,0,,,,,,,,
100975957,Crashes_2010_2019_MPO,2015-10-06,2015,35.99751,-86.79674,True,0,0,0,,,,,,,,
100975292,Crashes_2010_2019_MPO,2015-10-06,2015,35.93421,-86.81974,False,0,0,0,,,,,,,,
100974441,Crashes_2010_2019_MPO,2015-10-06,2015,35.9507,-86.81568,False,0,0,0,,,,,,,,
100974261,Crashes_2010_2019_MPO,2015-10-06,2015,35.92332,-86.87286,False,0,0,0,,,,,,,,
100974565,Crashes_2010_2019_MPO,2015-10-06,2015,36.03336,-86.78872,True,0,0,0,,,,,,,,
100973978,Crashes_2010_2019_MPO,2015-10-06,2015,36.01533,-86.7859,True,0,0,0,,,,,,,,
100974162,Crashes_2010_2019_MPO,2015-10-06,2015,36.04217,-86.74397,False,0,0,0,,,,,,,,
100974512,Crashes_2010_2019_MPO,2015-10-06,2015,36.04027,-86.74501,False,0,0,0,,,,,,,,
100974172,Crashes_2010_2019_MPO,2015-10-06,2015,36.04113,-86.74642,False,0,0,0,,,,,,,,
100974551,Crashes_2010_2019_MPO,2015-10-06,2015,35.99457,-86.84724,False,0,0,0,,,,,,,,
100975273,Crashes_2010_2019_MPO,2015-10-07,2015,35.96681,-86.81119,True,0,0,0,,,,,,,,
100975045,Crashes_2010_2019_MPO,2015-10-07,2015,36.03869,-86.78312,False,0,0,0,,,,,,,,
100975126,Crashes_2010_2019_MPO,2015-10-07,2015,36.04539,-86.71297,False,0,0,0,,,,,,,,
100974983,Crashes_2010_2019_MPO,2015-10-07,2015,35.94683,-86.85172,False,0,0,0,,,,,,,,
100974680,Crashes_2010_2019_MPO,2015-10-07,2015,36.01561,-86.81929,True,0,0,0,,,,,,,,
100974857,Crashes_2010_2019_MPO,2015-10-07,2015,35.97687,-86.84022,False,0,0,0,,,,,,,,
100974875,Crashes_2010_2019_MPO,2015-10-07,2015,36.01318,-86.80057,True,0,0,1,,,,,,,,
100975370,Crashes_2010_2019_MPO,2015-10-07,2015,35.95523,-86.76703,True,0,0,0,,,,,,,,
100974947,Crashes_2010_2019_MPO,2015-10-07,2015,36.0374,-86.78657,False,0,0,0,,,,,,,,
100974910,Crashes_2010_2019_MPO,2015-10-07,2015,35.97315,-86.83223,True,0,0,0,,,,,,,,
100975372,Crashes_2010_2019_MPO,2015-10-07,2015,36.04942,-86.71379,False,0,0,0,,,,,,,,
100975369,Crashes_2010_2019_MPO,2015-10-07,2015,36.03671,-86.79087,True,0,0,0,,,,,,,,
100975326,Crashes_2010_2019_MPO,2015-10-08,2015,35.99922,-86.80923,True,0,0,0,,,,,,,,
100975334,Crashes_2010_2019_MPO,2015-10-08,2015,35.92321,-86.87307,False,0,0,0,,,,,,,,
100975620,Crashes_2010_2019_MPO,2015-10-08,2015,35.95889,-86.81598,False,0,0,0,,,,,,,,
100975387,Crashes_2010_2019_MPO,2015-10-08,2015,35.94636,-86.80871,False,0,0,0,,,,,,,,
100975492,Crashes_2010_2019_MPO,2015-10-08,2015,35.98576,-86.67993,False,0,0,0,,,,,,,,
100975573,Crashes_2010_2019_MPO,2015-10-08,2015,35.92819,-86.83094,False,0,0,0,,,,,,,,
100975401,Crashes_2010_2019_MPO,2015-10-08,2015,36.0453,-86.70168,False,0,0,0,,,,,,,,
100975407,Crashes_2010_2019_MPO,2015-10-08,2015,36.03747,-86.79098,False,0,0,0,,,,,,,,
100975818,Crashes_2010_2019_MPO,2015-10-08,2015,35.98525,-86.72858,True,0,0,0,,,,,,,,
100976237,Crashes_2010_2019_MPO,2015-10-08,2015,35.98416,-86.72337,True,0,0,0,,,,,,,,
100976489,Crashes_2010_2019_MPO,2015-10-09,2015,36.04921,-86.86971,False,0,0,0,,,,,,,,
100976271,Crashes_2010_2019_MPO,2015-10-09,2015,36.01506,-86.72547,False,0,0,0,,,,,,,,
100976244,Crashes_2010_2019_MPO,2015-10-09,2015,36.03306,-86.77382,False,0,0,0,,,,,,,,
100976253,Crashes_2010_2019_MPO,2015-10-09,2015,35.9963,-86.76776,True,0,0,0,,,,,,,,
100976471,Crashes_2010_2019_MPO,2015-10-09,2015,35.93731,-86.81787,False,0,0,0,,,,,,,,
100976113,Crashes_2010_2019_MPO,2015-10-09,2015,36.034611,-86.802909,True,0,0,0,,,,,,,,
100975955,Crashes_2010_2019_MPO,2015-10-09,2015,36.03755,-86.79215,False,0,0,0,,,,,,,,
100976137,Crashes_2010_2019_MPO,2015-10-09,2015,35.98695,-86.81657,True,0,0,0,,,,,,,,
100976339,Crashes_2010_2019_MPO,2015-10-09,2015,36.02159,-86.71096,False,0,0,0,,,,,,,,
100976319,Crashes_2010_2019_MPO,2015-10-09,2015,36.03305,-86.77371,False,0,0,0,,,,,,,,
100976320,Crashes_2010_2019_MPO,2015-10-09,2015,36.04519,-86.71543,False,0,0,0,,,,,,,,
100976512,Crashes_2010_2019_MPO,2015-10-09,2015,36.05151,-86.71436,False,0,0,0,,,,,,,,
100976833,Crashes_2010_2019_MPO,2015-10-10,2015,35.96656,-86.81952,True,0,0,0,,,,,,,,
100976894,Crashes_2010_2019_MPO,2015-10-10,2015,36.030678,-86.790878,True,0,0,0,,,,,,,,
100976792,Crashes_2010_2019_MPO,2015-10-10,2015,36.00786,-86.78734,True,0,0,0,,,,,,,,
100976620,Crashes_2010_2019_MPO,2015-10-10,2015,35.93215,-86.79441,False,0,0,0,,,,,,,,
100976747,Crashes_2010_2019_MPO,2015-10-10,2015,36.01793,-86.69867,False,0,0,0,,,,,,,,
100998087,Crashes_2010_2019_MPO,2015-10-10,2015,36.04517,-86.7797,False,1,0,0,,,,,,,,
100976988,Crashes_2010_2019_MPO,2015-10-10,2015,36.04345,-86.74414,False,0,0,0,,,,,,,,
100976939,Crashes_2010_2019_MPO,2015-10-10,2015,35.92254,-86.87194,False,0,0,0,,,,,,,,
100977150,Crashes_2010_2019_MPO,2015-10-11,2015,36.05225,-86.68171,False,0,0,0,,,,,,,,
100977191,Crashes_2010_2019_MPO,2015-10-11,2015,35.92556,-86.79108,False,0,0,0,,,,,,,,
100977363,Crashes_2010_2019_MPO,2015-10-11,2015,35.99371,-86.77542,True,0,0,0,,,,,,,,
100977958,Crashes_2010_2019_MPO,2015-10-12,2015,36.03899,-86.78258,False,0,0,0,,,,,,,,
100977955,Crashes_2010_2019_MPO,2015-10-12,2015,35.94896,-86.7496,True,0,0,0,,,,,,,,
100977943,Crashes_2010_2019_MPO,2015-10-12,2015,36.05084,-86.69815,False,0,0,0,,,,,,,,
100977874,Crashes_2010_2019_MPO,2015-10-12,2015,36.0374,-86.78657,False,0,0,0,,,,,,,,
100977820,Crashes_2010_2019_MPO,2015-10-12,2015,35.97734,-86.72553,True,0,0,0,,,,,,,,
100977852,Crashes_2010_2019_MPO,2015-10-12,2015,36.04552,-86.71169,False,0,0,0,,,,,,,,
100977747,Crashes_2010_2019_MPO,2015-10-12,2015,35.95201,-86.74153,True,0,0,0,,,,,,,,
100978001,Crashes_2010_2019_MPO,2015-10-12,2015,36.02493,-86.71901,False,0,0,0,,,,,,,,
100977945,Crashes_2010_2019_MPO,2015-10-12,2015,35.92389,-86.87728,False,0,0,0,,,,,,,,
100978066,Crashes_2010_2019_MPO,2015-10-12,2015,36.03899,-86.78258,False,0,0,0,,,,,,,,
100977947,Crashes_2010_2019_MPO,2015-10-12,2015,35.95098,-86.80631,False,0,0,0,,,,,,,,
100977685,Crashes_2010_2019_MPO,2015-10-12,2015,36.01533,-86.8163,True,0,0,0,,,,,,,,
100977808,Crashes_2010_2019_MPO,2015-10-12,2015,35.93186,-86.79403,False,0,0,0,,,,,,,,
100978696,Crashes_2010_2019_MPO,2015-10-13,2015,35.98635,-86.73664,True,0,0,0,,,,,,,,
100978657,Crashes_2010_2019_MPO,2015-10-13,2015,36.035316,-86.792,True,0,0,0,,,,,,,,
100979045,Crashes_2010_2019_MPO,2015-10-13,2015,35.93446,-86.81991,False,0,0,0,,,,,,,,
100978588,Crashes_2010_2019_MPO,2015-10-13,2015,36.03733,-86.70312,False,0,0,0,,,,,,,,
100978211,Crashes_2010_2019_MPO,2015-10-13,2015,36.04424,-86.71313,False,0,0,0,,,,,,,,
100978277,Crashes_2010_2019_MPO,2015-10-13,2015,36.0522,-86.74309,False,0,0,0,,,,,,,,
100978628,Crashes_2010_2019_MPO,2015-10-13,2015,35.99107,-86.68338,False,0,0,0,,,,,,,,
100978520,Crashes_2010_2019_MPO,2015-10-13,2015,35.999,-86.80851,True,0,0,0,,,,,,,,
100978283,Crashes_2010_2019_MPO,2015-10-13,2015,36.05113,-86.74328,False,0,0,0,,,,,,,,
100978678,Crashes_2010_2019_MPO,2015-10-13,2015,35.9667,-86.81117,True,0,0,0,,,,,,,,
100978333,Crashes_2010_2019_MPO,2015-10-13,2015,36.04653,-86.68335,False,0,0,0,,,,,,,,
100978506,Crashes_2010_2019_MPO,2015-10-13,2015,36.0473,-86.86274,False,0,0,0,,,,,,,,
100978959,Crashes_2010_2019_MPO,2015-10-14,2015,36.03175,-86.78961,True,0,0,0,,,,,,,,