record_no,source_layer,collision_ts,crash_year,latitude,longitude,in_city,fatalities,non_motorists,truck_involved,serious_injuries,pedestrian,bicycle,crash_type,manner_of_collision,lighting,weather,first_harmful_event
100998774,Crashes_2010_2019_MPO,2015-10-29,2015,36.03716,-86.76386,False,0,0,0,,,,,,,,
101002509,Crashes_2010_2019_MPO,2015-10-29,2015,36.04014,-86.7446,False,0,0,0,,,,,,,,
100998783,Crashes_2010_2019_MPO,2015-10-29,2015,35.97932,-86.80304,True,0,0,0,,,,,,,,
100999031,Crashes_2010_2019_MPO,2015-10-29,2015,36.00066,-86.80845,True,0,0,0,,,,,,,,
101000442,Crashes_2010_2019_MPO,2015-10-29,2015,36.03968,-86.81643,False,0,0,0,,,,,,,,
100999154,Crashes_2010_2019_MPO,2015-10-29,2015,36.04084,-86.77347,False,0,0,0,,,,,,,,
100999753,Crashes_2010_2019_MPO,2015-10-29,2015,35.96297,-86.80125,True,0,0,0,,,,,,,,
100999350,Crashes_2010_2019_MPO,2015-10-29,2015,36.03637,-86.78313,False,0,0,0,,,,,,,,
100998922,Crashes_2010_2019_MPO,2015-10-29,2015,35.96971,-86.8094,True,0,0,0,,,,,,,,
100999112,Crashes_2010_2019_MPO,2015-10-29,2015,36.0202,-86.71023,False,0,0,0,,,,,,,,
100999827,Crashes_2010_2019_MPO,2015-10-29,2015,36.02599,-86.71297,False,0,0,0,,,,,,,,
100999017,Crashes_2010_2019_MPO,2015-10-29,2015,36.03256,-86.7687,False,0,0,0,,,,,,,,
100999644,Crashes_2010_2019_MPO,2015-10-30,2015,35.94477,-86.82853,False,0,0,0,,,,,,,,
100999661,Crashes_2010_2019_MPO,2015-10-30,2015,35.96545,-86.81146,False,0,0,0,,,,,,,,
100999471,Crashes_2010_2019_MPO,2015-10-30,2015,35.99604,-86.78451,True,0,0,0,,,,,,,,
100999442,Crashes_2010_2019_MPO,2015-10-30,2015,35.93374,-86.81767,False,0,0,0,,,,,,,,
101000058,Crashes_2010_2019_MPO,2015-10-30,2015,36.05161,-86.69762,False,0,0,0,,,,,,,,
100999592,Crashes_2010_2019_MPO,2015-10-30,2015,35.94612,-86.82346,False,0,0,0,,,,,,,,
101000230,Crashes_2010_2019_MPO,2015-10-30,2015,35.9261,-86.87322,False,0,0,0,,,,,,,,
100999616,Crashes_2010_2019_MPO,2015-10-30,2015,35.96896,-86.80982,True,0,0,0,,,,,,,,
100999441,Crashes_2010_2019_MPO,2015-10-30,2015,35.93322,-86.78057,False,0,0,0,,,,,,,,
100999505,Crashes_2010_2019_MPO,2015-10-30,2015,35.9653,-86.79718,True,0,0,0,,,,,,,,
101000231,Crashes_2010_2019_MPO,2015-10-30,2015,35.92641,-86.82453,False,0,0,0,,,,,,,,
101000443,Crashes_2010_2019_MPO,2015-10-30,2015,36.03758,-86.78521,False,0,0,0,,,,,,,,
100999444,Crashes_2010_2019_MPO,2015-10-30,2015,36.04617,-86.85757,False,0,0,0,,,,,,,,
100999547,Crashes_2010_2019_MPO,2015-10-30,2015,36.02551,-86.78926,True,0,0,0,,,,,,,,
101000033,Crashes_2010_2019_MPO,2015-10-30,2015,36.04497,-86.68621,False,0,0,0,,,,,,,,
101000276,Crashes_2010_2019_MPO,2015-10-31,2015,36.03318,-86.78284,True,0,0,0,,,,,,,,
101003583,Crashes_2010_2019_MPO,2015-10-31,2015,35.99165,-86.79878,True,0,0,0,,,,,,,,
101000660,Crashes_2010_2019_MPO,2015-10-31,2015,36.04218,-86.78229,False,0,0,0,,,,,,,,
101000259,Crashes_2010_2019_MPO,2015-10-31,2015,36.05366,-86.71502,False,0,0,0,,,,,,,,
101003019,Crashes_2010_2019_MPO,2015-10-31,2015,35.947,-86.85218,False,0,0,0,,,,,,,,
101000466,Crashes_2010_2019_MPO,2015-10-31,2015,36.035021,-86.827681,True,0,0,0,,,,,,,,
101000437,Crashes_2010_2019_MPO,2015-10-31,2015,35.94005,-86.83114,False,0,0,0,,,,,,,,
101000415,Crashes_2010_2019_MPO,2015-10-31,2015,35.96342,-86.80087,True,0,0,0,,,,,,,,
101000716,Crashes_2010_2019_MPO,2015-10-31,2015,35.94778,-86.81994,False,0,0,0,,,,,,,,
101000545,Crashes_2010_2019_MPO,2015-10-31,2015,35.9242,-86.87104,False,0,0,0,,,,,,,,
101000386,Crashes_2010_2019_MPO,2015-10-31,2015,35.97105,-86.72645,True,0,0,0,,,,,,,,
101000557,Crashes_2010_2019_MPO,2015-10-31,2015,35.93329,-86.78039,False,0,0,0,,,,,,,,
101002646,Crashes_2010_2019_MPO,2015-11-01,2015,36.02763,-86.70355,False,0,0,0,,,,,,,,
101000791,Crashes_2010_2019_MPO,2015-11-01,2015,36.03522,-86.78425,True,0,0,0,,,,,,,,
101000749,Crashes_2010_2019_MPO,2015-11-01,2015,36.04364,-86.78119,False,0,0,0,,,,,,,,
101000948,Crashes_2010_2019_MPO,2015-11-01,2015,36.04622,-86.71336,False,0,0,1,,,,,,,,
101001191,Crashes_2010_2019_MPO,2015-11-01,2015,35.97202,-86.67829,False,0,0,0,,,,,,,,
101001113,Crashes_2010_2019_MPO,2015-11-01,2015,36.05225,-86.68161,False,0,0,0,,,,,,,,
101000997,Crashes_2010_2019_MPO,2015-11-01,2015,35.94683,-86.85172,False,0,0,0,,,,,,,,
101000957,Crashes_2010_2019_MPO,2015-11-01,2015,35.93487,-86.82144,False,0,0,0,,,,,,,,
101001367,Crashes_2010_2019_MPO,2015-11-02,2015,35.92738,-86.8687,False,0,0,0,,,,,,,,
101001765,Crashes_2010_2019_MPO,2015-11-02,2015,35.94102,-86.83525,False,0,0,0,,,,,,,,
101001901,Crashes_2010_2019_MPO,2015-11-02,2015,35.9708,-86.8403,False,0,0,0,,,,,,,,
101001764,Crashes_2010_2019_MPO,2015-11-02,2015,35.92738,-86.8687,False,0,0,0,,,,,,,,
101001241,Crashes_2010_2019_MPO,2015-11-02,2015,36.03223,-86.784605,True,0,0,0,,,,,,,,
101001493,Crashes_2010_2019_MPO,2015-11-02,2015,35.92542,-86.87271,False,0,0,0,,,,,,,,
101001891,Crashes_2010_2019_MPO,2015-11-02,2015,36.04489,-86.86476,True,0,0,0,,,,,,,,
101001777,Crashes_2010_2019_MPO,2015-11-02,2015,36.00061,-86.77954,True,0,1,0,,,,,,,,
101001855,Crashes_2010_2019_MPO,2015-11-02,2015,36.01933,-86.75031,True,0,0,0,,,,,,,,
101001333,Crashes_2010_2019_MPO,2015-11-02,2015,35.93556,-86.82361,False,0,0,0,,,,,,,,
101001542,Crashes_2010_2019_MPO,2015-11-02,2015,35.95383,-86.80405,False,0,0,0,,,,,,,,
101001351,Crashes_2010_2019_MPO,2015-11-02,2015,36.03495,-86.78329,True,0,0,0,,,,,,,,
101001490,Crashes_2010_2019_MPO,2015-11-02,2015,35.98638,-86.69692,True,0,0,0,,,,,,,,
101002001,Crashes_2010_2019_MPO,2015-11-03,2015,35.93495,-86.77665,False,0,0,0,,,,,,,,
101002611,Crashes_2010_2019_MPO,2015-11-03,2015,35.96204,-86.82594,True,0,0,0,,,,,,,,
101002147,Crashes_2010_2019_MPO,2015-11-03,2015,36.03101,-86.75002,False,0,0,0,,,,,,,,
101002474,Crashes_2010_2019_MPO,2015-11-03,2015,35.96225,-86.81607,True,0,0,0,,,,,,,,
101002511,Crashes_2010_2019_MPO,2015-11-03,2015,36.04426,-86.78091,False,0,0,0,,,,,,,,
101002457,Crashes_2010_2019_MPO,2015-11-03,2015,35.93446,-86.81991,False,0,0,0,,,,,,,,
101002559,Crashes_2010_2019_MPO,2015-11-03,2015,35.94709,-86.823,False,0,0,0,,,,,,,,
101003734,Crashes_2010_2019_MPO,2015-11-03,2015,35.96511,-86.80797,False,0,0,0,,,,,,,,
101003114,Crashes_2010_2019_MPO,2015-11-03,2015,36.01912,-86.78698,True,0,0,1,,,,,,,,
101002456,Crashes_2010_2019_MPO,2015-11-03,2015,35.93599,-86.82369,False,0,0,0,,,,,,,,
101002510,Crashes_2010_2019_MPO,2015-11-03,2015,36.04537,-86.71326,False,0,0,0,,,,,,,,
101002455,Crashes_2010_2019_MPO,2015-11-03,2015,35.94683,-86.85172,False,0,0,0,,,,,,,,
101002706,Crashes_2010_2019_MPO,2015-11-03,2015,35.95618,-86.8257,False,0,0,0,,,,,,,,
101002449,Crashes_2010_2019_MPO,2015-11-03,2015,36.0374,-86.78657,False,0,0,0,,,,,,,,
101003037,Crashes_2010_2019_MPO,2015-11-04,2015,36.05096,-86.77562,False,0,0,0,,,,,,,,
101002812,Crashes_2010_2019_MPO,2015-11-04,2015,36.03164,-86.71266,False,0,0,0,,,,,,,,
101039864,Crashes_2010_2019_MPO,2015-11-04,2015,36.03906,-86.78374,False,0,0,0,,,,,,,,
101003034,Crashes_2010_2019_MPO,2015-11-04,2015,35.94749,-86.8197,False,0,0,0,,,,,,,,
101004566,Crashes_2010_2019_MPO,2015-11-04,2015,36.04008,-86.74431,False,0,0,0,,,,,,,,
101002708,Crashes_2010_2019_MPO,2015-11-04,2015,36.03158,-86.75571,False,0,0,0,,,,,,,,
101003521,Crashes_2010_2019_MPO,2015-11-04,2015,36.048,-86.6885,False,0,0,0,,,,,,,,
101003189,Crashes_2010_2019_MPO,2015-11-04,2015,36.04096,-86.67785,False,0,0,0,,,,,,,,
101002739,Crashes_2010_2019_MPO,2015-11-04,2015,35.94708,-86.83267,False,0,0,0,,,,,,,,
101003041,Crashes_2010_2019_MPO,2015-11-04,2015,35.98593,-86.77793,True,0,0,0,,,,,,,,
101003311,Crashes_2010_2019_MPO,2015-11-04,2015,36.02008,-86.82067,True,0,0,0,,,,,,,,
101003555,Crashes_2010_2019_MPO,2015-11-05,2015,35.98326,-86.71737,True,0,0,0,,,,,,,,
101003599,Crashes_2010_2019_MPO,2015-11-05,2015,35.97673,-86.76777,True,0,0,0,,,,,,,,
101003677,Crashes_2010_2019_MPO,2015-11-05,2015,36.01463,-86.74271,True,0,0,0,,,,,,,,
101003648,Crashes_2010_2019_MPO,2015-11-05,2015,35.92936,-86.84416,False,0,0,0,,,,,,,,
101003356,Crashes_2010_2019_MPO,2015-11-05,2015,36.03142,-86.75506,False,0,0,0,,,,,,,,
101003343,Crashes_2010_2019_MPO,2015-11-05,2015,36.04003,-86.74388,False,0,0,0,,,,,,,,
101003495,Crashes_2010_2019_MPO,2015-11-05,2015,36.0374,-86.78657,False,0,0,0,,,,,,,,
101003449,Crashes_2010_2019_MPO,2015-11-05,2015,36.04025,-86.76815,False,0,0,0,,,,,,,,
101003858,Crashes_2010_2019_MPO,2015-11-05,2015,36.04822,-86.68804,False,0,0,0,,,,,,,,
101003649,Crashes_2010_2019_MPO,2015-11-05,2015,35.95257,-86.81796,False,0,0,0,,,,,,,,
101003458,Crashes_2010_2019_MPO,2015-11-05,2015,36.04138,-86.71275,False,0,0,0,,,,,,,,
101004204,Crashes_2010_2019_MPO,2015-11-05,2015,35.99876,-86.69253,False,0,0,0,,,,,,,,
101007738,Crashes_2010_2019_MPO,2015-11-05,2015,36.02164,-86.78705,True,0,0,0,,,,,,,,
101003783,Crashes_2010_2019_MPO,2015-11-05,2015,36.03786,-86.80084,False,0,0,0,,,,,,,,
101005769,Crashes_2010_2019_MPO,2015-11-05,2015,36.04535,-86.71345,False,0,0,0,,,,,,,,
101003480,Crashes_2010_2019_MPO,2015-11-05,2015,36.04758,-86.86371,False,0,0,0,,,,,,,,
101004373,Crashes_2010_2019_MPO,2015-11-06,2015,36.04018,-86.76731,False,0,0,0,,,,,,,,
101004196,Crashes_2010_2019_MPO,2015-11-06,2015,35.94683,-86.85172,False,0,0,0,,,,,,,,
101004450,Crashes_2010_2019_MPO,2015-11-06,2015,36.04514,-86.71323,False,0,0,0,,,,,,,,
101004141,Crashes_2010_2019_MPO,2015-11-06,2015,36.03256,-86.7687,False,0,0,0,,,,,,,,
101003921,Crashes_2010_2019_MPO,2015-11-06,2015,36.01338,-86.80041,True,0,0,0,,,,,,,,
101004392,Crashes_2010_2019_MPO,2015-11-06,2015,36.03916,-86.67752,False,0,0,0,,,,,,,,
101004112,Crashes_2010_2019_MPO,2015-11-06,2015,36.04009,-86.71277,False,0,0,0,,,,,,,,
101004287,Crashes_2010_2019_MPO,2015-11-06,2015,35.97332,-86.83065,True,0,0,0,,,,,,,,
101004131,Crashes_2010_2019_MPO,2015-11-06,2015,36.03994,-86.74242,False,0,0,0,,,,,,,,
101004110,Crashes_2010_2019_MPO,2015-11-06,2015,35.96798,-86.81833,True,0,0,0,,,,,,,,
101007462,Crashes_2010_2019_MPO,2015-11-06,2015,35.95033,-86.81899,False,0,0,0,,,,,,,,
101003939,Crashes_2010_2019_MPO,2015-11-06,2015,36.04046,-86.78016,False,0,0,0,,,,,,,,
101004183,Crashes_2010_2019_MPO,2015-11-06,2015,35.96725,-86.811,True,0,0,0,,,,,,,,
101004175,Crashes_2010_2019_MPO,2015-11-06,2015,36.0374,-86.78657,False,0,0,0,,,,,,,,
101005986,Crashes_2010_2019_MPO,2015-11-06,2015,36.0274,-86.69619,False,0,0,0,,,,,,,,
101004871,Crashes_2010_2019_MPO,2015-11-06,2015,35.96681,-86.81119,True,0,0,0,,,,,,,,
101004195,Crashes_2010_2019_MPO,2015-11-06,2015,35.93492,-86.77707,False,0,0,0,,,,,,,,
101004100,Crashes_2010_2019_MPO,2015-11-06,2015,35.9951,-86.77444,True,0,0,0,,,,,,,,
101004336,Crashes_2010_2019_MPO,2015-11-06,2015,36.01419,-86.82369,True,0,0,0,,,,,,,,
101008906,Crashes_2010_2019_MPO,2015-11-07,2015,35.9641,-86.8073,False,0,0,0,,,,,,,,
101005926,Crashes_2010_2019_MPO,2015-11-07,2015,36.04728,-86.67678,False,0,0,0,,,,,,,,
101004829,Crashes_2010_2019_MPO,2015-11-07,2015,35.93187,-86.79403,False,0,0,0,,,,,,,,
101004779,Crashes_2010_2019_MPO,2015-11-07,2015,35.96376,-86.81589,True,0,0,0,,,,,,,,
101004833,Crashes_2010_2019_MPO,2015-11-07,2015,35.94791,-86.81937,False,0,0,0,,,,,,,,
101004737,Crashes_2010_2019_MPO,2015-11-07,2015,35.9243,-86.86955,False,0,0,0,,,,,,,,
101005271,Crashes_2010_2019_MPO,2015-11-07,2015,36.0453,-86.70168,False,0,0,0,,,,,,,,
101004915,Crashes_2010_2019_MPO,2015-11-07,2015,35.97677,-86.72562,True,0,0,0,,,,,,,,
101005442,Crashes_2010_2019_MPO,2015-11-07,2015,35.96681,-86.81119,True,0,0,0,,,,,,,,
101004847,Crashes_2010_2019_MPO,2015-11-07,2015,35.95039,-86.81871,False,0,0,0,,,,,,,,
101005475,Crashes_2010_2019_MPO,2015-11-08,2015,36.0473,-86.86274,False,0,0,0,,,,,,,,
101005575,Crashes_2010_2019_MPO,2015-11-08,2015,35.94212,-86.8162,False,0,0,0,,,,,,,,
101005205,Crashes_2010_2019_MPO,2015-11-08,2015,36.01724,-86.79777,True,0,0,0,,,,,,,,
101005300,Crashes_2010_2019_MPO,2015-11-08,2015,36.03352,-86.71298,False,0,0,0,,,,,,,,
101005521,Crashes_2010_2019_MPO,2015-11-08,2015,35.96598,-86.80586,True,0,0,0,,,,,,,,
101005874,Crashes_2010_2019_MPO,2015-11-08,2015,36.05366,-86.71502,False,0,0,0,,,,,,,,
101005425,Crashes_2010_2019_MPO,2015-11-08,2015,36.05151,-86.71436,False,0,0,0,,,,,,,,
101006110,Crashes_2010_2019_MPO,2015-11-09,2015,36.04969,-86.74349,False,0,0,0,,,,,,,,
101006129,Crashes_2010_2019_MPO,2015-11-09,2015,35.96844,-86.83712,False,0,0,0,,,,,,,,
101006808,Crashes_2010_2019_MPO,2015-11-09,2015,35.93979,-86.67971,False,0,0,0,,,,,,,,
101005735,Crashes_2010_2019_MPO,2015-11-09,2015,35.93255,-86.78776,False,0,0,0,,,,,,,,
101005810,Crashes_2010_2019_MPO,2015-11-09,2015,36.04078,-86.78271,False,0,0,0,,,,,,,,
101005732,Crashes_2010_2019_MPO,2015-11-09,2015,35.99734,-86.79486,True,0,0,0,,,,,,,,
101005906,Crashes_2010_2019_MPO,2015-11-09,2015,36.02515,-86.7892,True,0,0,0,,,,,,,,
101005795,Crashes_2010_2019_MPO,2015-11-09,2015,36.02593,-86.87926,False,0,0,0,,,,,,,,
101006217,Crashes_2010_2019_MPO,2015-11-09,2015,35.99684,-86.79724,True,0,0,0,,,,,,,,
101006092,Crashes_2010_2019_MPO,2015-11-09,2015,35.9571,-86.76749,True,0,0,0,,,,,,,,
101006391,Crashes_2010_2019_MPO,2015-11-09,2015,36.04128,-86.75012,False,0,0,0,,,,,,,,
101006380,Crashes_2010_2019_MPO,2015-11-09,2015,36.04132,-86.75003,False,0,0,0,,,,,,,,
101006186,Crashes_2010_2019_MPO,2015-11-09,2015,36.01331,-86.73859,True,0,0,0,,,,,,,,
101006138,Crashes_2010_2019_MPO,2015-11-09,2015,35.94928,-86.75291,True,0,0,0,,,,,,,,
101006619,Crashes_2010_2019_MPO,2015-11-10,2015,36.02865,-86.71258,False,0,0,0,,,,,,,,
101006429,Crashes_2010_2019_MPO,2015-11-10,2015,36.04,-86.81564,False,0,0,0,,,,,,,,
101006529,Crashes_2010_2019_MPO,2015-11-10,2015,36.04026,-86.8164,False,0,0,0,,,,,,,,
101006686,Crashes_2010_2019_MPO,2015-11-10,2015,36.04573,-86.7133,False,0,0,0,,,,,,,,
101007161,Crashes_2010_2019_MPO,2015-11-10,2015,35.99687,-86.68989,False,0,0,0,,,,,,,,
101006974,Crashes_2010_2019_MPO,2015-11-10,2015,35.97022,-86.80619,True,0,0,0,,,,,,,,
101008851,Crashes_2010_2019_MPO,2015-11-10,2015,35.92633,-86.7287,False,0,0,0,,,,,,,,
101006795,Crashes_2010_2019_MPO,2015-11-10,2015,35.94079,-86.83918,False,0,0,0,,,,,,,,
101006793,Crashes_2010_2019_MPO,2015-11-10,2015,35.9583,-86.8023,False,0,0,0,,,,,,,,
101006897,Crashes_2010_2019_MPO,2015-11-10,2015,36.04124,-86.77842,False,0,0,0,,,,,,,,
101007094,Crashes_2010_2019_MPO,2015-11-10,2015,35.96372,-86.81053,False,0,0,0,,,,,,,,
101006779,Crashes_2010_2019_MPO,2015-11-10,2015,36.01607,-86.70617,False,0,0,0,,,,,,,,
101006794,Crashes_2010_2019_MPO,2015-11-10,2015,35.93507,-86.82381,False,0,0,0,,,,,,,,
101006440,Crashes_2010_2019_MPO,2015-11-10,2015,36.03771,-86.71314,False,0,0,0,,,,,,,,
101007446,Crashes_2010_2019_MPO,2015-11-11,2015,35.94041,-86.8199,False,0,0,0,,,,,,,,
101007906,Crashes_2010_2019_MPO,2015-11-11,2015,35.9723,-86.8366,False,0,0,0,,,,,,,,
101007793,Crashes_2010_2019_MPO,2015-11-11,2015,35.94111,-86.83983,False,0,0,0,,,,,,,,
101007059,Crashes_2010_2019_MPO,2015-11-11,2015,35.96565,-86.81233,False,0,0,0,,,,,,,,
101007294,Crashes_2010_2019_MPO,2015-11-11,2015,35.95984,-86.81588,False,0,0,0,,,,,,,,
101007398,Crashes_2010_2019_MPO,2015-11-11,2015,36.01244,-86.82917,True,0,0,0,,,,,,,,
101007061,Crashes_2010_2019_MPO,2015-11-11,2015,36.04135,-86.78249,False,0,0,0,,,,,,,,
101007475,Crashes_2010_2019_MPO,2015-11-11,2015,35.96719,-86.81382,True,0,0,0,,,,,,,,
101007787,Crashes_2010_2019_MPO,2015-11-11,2015,36.03276,-86.71284,False,0,0,0,,,,,,,,
101007327,Crashes_2010_2019_MPO,2015-11-11,2015,35.96681,-86.81119,True,0,0,0,,,,,,,,
101007159,Crashes_2010_2019_MPO,2015-11-11,2015,35.967496,-86.803386,True,0,0,0,,,,,,,,
101008015,Crashes_2010_2019_MPO,2015-11-11,2015,36.03934,-86.78566,False,0,0,0,,,,,,,,
101007662,Crashes_2010_2019_MPO,2015-11-11,2015,36.03737,-86.78686,False,0,0,1,,,,,,,,
101007293,Crashes_2010_2019_MPO,2015-11-11,2015,35.94724,-86.82424,False,0,0,0,,,,,,,,
101007149,Crashes_2010_2019_MPO,2015-11-11,2015,35.96133,-86.81226,False,0,0,0,,,,,,,,
101007065,Crashes_2010_2019_MPO,2015-11-11,2015,36.04494,-86.77957,False,0,0,0,,,,,,,,
101010201,Crashes_2010_2019_MPO,2015-11-11,2015,35.97488,-86.80483,True,0,0,1,,,,,,,,
101007433,Crashes_2010_2019_MPO,2015-11-11,2015,35.96275,-86.80142,True,0,0,0,,,,,,,,
101007325,Crashes_2010_2019_MPO,2015-11-11,2015,35.92391,-86.87162,False,0,0,0,,,,,,,,
101007417,Crashes_2010_2019_MPO,2015-11-11,2015,35.99575,-86.77891,True,0,0,0,,,,,,,,
101007334,Crashes_2010_2019_MPO,2015-11-11,2015,35.96678,-86.81098,True,0,0,0,,,,,,,,
101008117,Crashes_2010_2019_MPO,2015-11-12,2015,36.00283,-86.83904,False,0,0,0,,,,,,,,
101008143,Crashes_2010_2019_MPO,2015-11-12,2015,35.93311,-86.78093,False,0,0,0,,,,,,,,
101008260,Crashes_2010_2019_MPO,2015-11-12,2015,35.98345,-86.80185,True,0,0,0,,,,,,,,
101007759,Crashes_2010_2019_MPO,2015-11-12,2015,36.01793,-86.76878,True,0,0,0,,,,,,,,
101008142,Crashes_2010_2019_MPO,2015-11-12,2015,35.92874,-86.83611,False,0,0,0,,,,,,,,
101007800,Crashes_2010_2019_MPO,2015-11-12,2015,36.04489,-86.86476,True,0,0,0,,,,,,,,
101008546,Crashes_2010_2019_MPO,2015-11-12,2015,35.93442,-86.878,False,0,0,0,,,,,,,,
101007634,Crashes_2010_2019_MPO,2015-11-12,2015,36.04881,-86.74358,False,0,0,0,,,,,,,,
101008132,Crashes_2010_2019_MPO,2015-11-12,2015,35.99337,-86.69887,True,0,0,0,,,,,,,,
101007835,Crashes_2010_2019_MPO,2015-11-12,2015,36.04392,-86.84524,False,0,0,0,,,,,,,,
101008166,Crashes_2010_2019_MPO,2015-11-12,2015,36.00343,-86.79159,True,0,0,0,,,,,,,,
101008149,Crashes_2010_2019_MPO,2015-11-12,2015,35.94696,-86.85162,False,0,0,0,,,,,,,,
101010340,Crashes_2010_2019_MPO,2015-11-12,2015,35.94504,-86.81944,False,0,0,0,,,,,,,,
101008268,Crashes_2010_2019_MPO,2015-11-12,2015,35.94709,-86.86685,False,0,0,0,,,,,,,,
101009794,Crashes_2010_2019_MPO,2015-11-12,2015,36.04239,-86.8309,False,0,0,0,,,,,,,,
101007799,Crashes_2010_2019_MPO,2015-11-12,2015,36.03115,-86.75172,False,0,0,0,,,,,,,,
101008765,Crashes_2010_2019_MPO,2015-11-13,2015,36.0379,-86.78645,False,0,0,0,,,,,,,,
101009256,Crashes_2010_2019_MPO,2015-11-13,2015,35.94725,-86.82132,False,0,0,0,,,,,,,,
101008529,Crashes_2010_2019_MPO,2015-11-13,2015,36.03784,-86.78477,False,0,0,0,,,,,,,,
101008738,Crashes_2010_2019_MPO,2015-11-13,2015,35.93963,-86.82013,False,0,0,0,,,,,,,,
101008763,Crashes_2010_2019_MPO,2015-11-13,2015,35.96681,-86.81119,True,0,0,0,,,,,,,,
101008803,Crashes_2010_2019_MPO,2015-11-13,2015,35.99,-86.74492,True,0,0,0,,,,,,,,
101008477,Crashes_2010_2019_MPO,2015-11-13,2015,36.04062,-86.77134,False,0,0,0,,,,,,,,
101008863,Crashes_2010_2019_MPO,2015-11-13,2015,35.98567,-86.7378,True,0,0,0,,,,,,,,
101008723,Crashes_2010_2019_MPO,2015-11-13,2015,35.96455,-86.7896,True,0,0,0,,,,,,,,
101011739,Crashes_2010_2019_MPO,2015-11-13,2015,35.93597,-86.81834,False,0,0,0,,,,,,,,
101008946,Crashes_2010_2019_MPO,2015-11-13,2015,36.04075,-86.77952,False,0,0,0,,,,,,,,
101008958,Crashes_2010_2019_MPO,2015-11-13,2015,35.9991,-86.80884,True,0,0,0,,,,,,,,
101008543,Crashes_2010_2019_MPO,2015-11-13,2015,35.95066,-86.81852,False,0,0,0,,,,,,,,
101008604,Crashes_2010_2019_MPO,2015-11-13,2015,36.04519,-86.71593,False,0,0,0,,,,,,,,
101009009,Crashes_2010_2019_MPO,2015-11-13,2015,36.03978,-86.74033,False,0,0,0,,,,,,,,
101008945,Crashes_2010_2019_MPO,2015-11-13,2015,36.04032,-86.78024,False,0,0,0,,,,,,,,
101008932,Crashes_2010_2019_MPO,2015-11-13,2015,36.04553,-86.7116,False,0,0,0,,,,,,,,
101008749,Crashes_2010_2019_MPO,2015-11-13,2015,35.99009,-86.79932,True,0,0,0,,,,,,,,
101009788,Crashes_2010_2019_MPO,2015-11-13,2015,35.96497,-86.8157,True,0,0,0,,,,,,,,
101008598,Crashes_2010_2019_MPO,2015-11-13,2015,35.96488,-86.7931,True,0,0,0,,,,,,,,
101034233,Crashes_2010_2019_MPO,2015-11-14,2015,35.9674,-86.8137,True,0,0,0,,,,,,,,
101010018,Crashes_2010_2019_MPO,2015-11-14,2015,35.96593,-86.811,False,0,0,0,,,,,,,,
101009416,Crashes_2010_2019_MPO,2015-11-14,2015,36.0409,-86.77938,False,0,0,0,,,,,,,,
101009477,Crashes_2010_2019_MPO,2015-11-14,2015,36.00155,-86.72207,True,0,0,0,,,,,,,,
101009415,Crashes_2010_2019_MPO,2015-11-14,2015,35.99647,-86.69029,False,0,0,0,,,,,,,,
101009364,Crashes_2010_2019_MPO,2015-11-14,2015,36.03873,-86.78305,False,0,0,0,,,,,,,,
101009299,Crashes_2010_2019_MPO,2015-11-14,2015,36.03517,-86.76871,False,0,0,0,,,,,,,,
101009244,Crashes_2010_2019_MPO,2015-11-14,2015,36.0413,-86.7825,False,0,0,0,,,,,,,,
101009238,Crashes_2010_2019_MPO,2015-11-14,2015,36.0067,-86.74446,True,0,0,0,,,,,,,,
101009568,Crashes_2010_2019_MPO,2015-11-14,2015,36.04561,-86.71977,False,0,0,0,,,,,,,,
101009531,Crashes_2010_2019_MPO,2015-11-14,2015,35.99807,-86.80108,True,0,0,0,,,,,,,,
101010980,Crashes_2010_2019_MPO,2015-11-14,2015,36.04705,-86.86295,False,0,0,0,,,,,,,,
101009253,Crashes_2010_2019_MPO,2015-11-14,2015,36.02085,-86.78735,True,0,0,0,,,,,,,,
101009769,Crashes_2010_2019_MPO,2015-11-14,2015,35.96676,-86.81085,True,0,0,0,,,,,,,,
101009414,Crashes_2010_2019_MPO,2015-11-14,2015,36.02972,-86.75453,False,0,0,0,,,,,,,,
101009967,Crashes_2010_2019_MPO,2015-11-14,2015,36.04434,-86.8581,False,0,1,0,,,,,,,,
101010058,Crashes_2010_2019_MPO,2015-11-15,2015,36.0374,-86.78657,False,0,0,0,,,,,,,,
101010205,Crashes_2010_2019_MPO,2015-11-15,2015,36.05268,-86.67916,False,0,0,0,,,,,,,,
101010563,Crashes_2010_2019_MPO,2015-11-15,2015,35.94728,-86.82185,False,0,0,0,,,,,,,,
101010093,Crashes_2010_2019_MPO,2015-11-15,2015,36.04737,-86.69452,False,0,0,0,,,,,,,,
101010595,Crashes_2010_2019_MPO,2015-11-15,2015,36.00873,-86.72015,True,0,0,0,,,,,,,,
101010410,Crashes_2010_2019_MPO,2015-11-16,2015,36.032812,-86.787167,True,0,0,0,,,,,,,,
101010669,Crashes_2010_2019_MPO,2015-11-16,2015,36.01923,-86.82078,True,0,0,0,,,,,,,,
101010395,Crashes_2010_2019_MPO,2015-11-16,2015,35.95072,-86.81848,False,0,0,0,,,,,,,,
101010431,Crashes_2010_2019_MPO,2015-11-16,2015,36.03961,-86.73856,False,0,0,0,,,,,,,,
101010608,Crashes_2010_2019_MPO,2015-11-16,2015,36.03977,-86.78129,False,0,0,0,,,,,,,,
101010929,Crashes_2010_2019_MPO,2015-11-16,2015,35.94631,-86.83099,False,0,0,0,,,,,,,,
101011345,Crashes_2010_2019_MPO,2015-11-16,2015,35.93539,-86.82366,False,0,0,0,,,,,,,,
101010774,Crashes_2010_2019_MPO,2015-11-16,2015,35.95923,-86.81,False,0,0,0,,,,,,,,
101010545,Crashes_2010_2019_MPO,2015-11-16,2015,36.0391,-86.81235,False,0,0,0,,,,,,,,
101010551,Crashes_2010_2019_MPO,2015-11-16,2015,35.96978,-86.72444,True,0,0,0,,,,,,,,
101011056,Crashes_2010_2019_MPO,2015-11-16,2015,36.026489,-86.792455,True,0,0,0,,,,,,,,