record_no,source_layer,collision_ts,crash_year,latitude,longitude,in_city,fatalities,non_motorists,truck_involved,serious_injuries,pedestrian,bicycle,crash_type,manner_of_collision,lighting,weather,first_harmful_event
101011338,Crashes_2010_2019_MPO,2015-11-16,2015,36.04106,-86.77904,False,0,0,0,,,,,,,,
101010677,Crashes_2010_2019_MPO,2015-11-16,2015,35.94612,-86.82346,False,0,0,0,,,,,,,,
101010804,Crashes_2010_2019_MPO,2015-11-16,2015,35.9407,-86.8316,False,0,0,0,,,,,,,,
101011028,Crashes_2010_2019_MPO,2015-11-16,2015,35.966789,-86.809062,True,0,0,0,,,,,,,,
101010614,Crashes_2010_2019_MPO,2015-11-16,2015,36.04895,-86.86871,False,0,0,0,,,,,,,,
101010675,Crashes_2010_2019_MPO,2015-11-16,2015,35.94812,-86.82275,False,0,0,0,,,,,,,,
101011343,Crashes_2010_2019_MPO,2015-11-17,2015,36.03273,-86.77067,False,0,0,0,,,,,,,,
101011375,Crashes_2010_2019_MPO,2015-11-17,2015,35.97318,-86.83238,True,0,0,0,,,,,,,,
101011550,Crashes_2010_2019_MPO,2015-11-17,2015,36.03543,-86.75475,False,0,0,0,,,,,,,,
101011302,Crashes_2010_2019_MPO,2015-11-17,2015,35.95358,-86.81221,False,0,0,0,,,,,,,,
101011209,Crashes_2010_2019_MPO,2015-11-17,2015,35.94119,-86.81628,False,0,0,0,,,,,,,,
101011318,Crashes_2010_2019_MPO,2015-11-17,2015,35.98829,-86.73968,True,0,0,0,,,,,,,,
101011286,Crashes_2010_2019_MPO,2015-11-17,2015,36.04655,-86.85944,False,0,0,0,,,,,,,,
101012007,Crashes_2010_2019_MPO,2015-11-17,2015,35.95384,-86.70945,True,0,0,0,,,,,,,,
101011065,Crashes_2010_2019_MPO,2015-11-17,2015,35.96212,-86.80926,False,0,0,0,,,,,,,,
101011020,Crashes_2010_2019_MPO,2015-11-17,2015,35.99687,-86.68989,False,0,0,0,,,,,,,,
101011055,Crashes_2010_2019_MPO,2015-11-17,2015,36.03899,-86.78258,False,0,0,0,,,,,,,,
101012016,Crashes_2010_2019_MPO,2015-11-17,2015,36.03797,-86.79777,False,0,0,0,,,,,,,,
101012013,Crashes_2010_2019_MPO,2015-11-18,2015,35.97408,-86.80511,True,0,0,0,,,,,,,,
101011584,Crashes_2010_2019_MPO,2015-11-18,2015,36.03774,-86.78479,False,0,0,0,,,,,,,,
101011610,Crashes_2010_2019_MPO,2015-11-18,2015,36.03993,-86.72764,False,0,0,0,,,,,,,,
101011866,Crashes_2010_2019_MPO,2015-11-18,2015,35.97639,-86.83988,False,0,0,0,,,,,,,,
101011630,Crashes_2010_2019_MPO,2015-11-18,2015,36.04709,-86.77774,False,0,0,0,,,,,,,,
101011932,Crashes_2010_2019_MPO,2015-11-18,2015,35.95096,-86.8069,False,0,0,0,,,,,,,,
101011827,Crashes_2010_2019_MPO,2015-11-18,2015,35.93079,-86.82016,False,0,0,0,,,,,,,,
101011594,Crashes_2010_2019_MPO,2015-11-18,2015,36.04001,-86.74345,False,0,0,0,,,,,,,,
101011965,Crashes_2010_2019_MPO,2015-11-18,2015,35.95867,-86.81554,False,0,0,0,,,,,,,,
101032464,Crashes_2010_2019_MPO,2015-11-18,2015,35.96769,-86.8134,True,0,0,0,,,,,,,,
101011987,Crashes_2010_2019_MPO,2015-11-18,2015,36.04119,-86.82105,False,0,0,0,,,,,,,,
101011966,Crashes_2010_2019_MPO,2015-11-18,2015,35.95773,-86.81647,False,0,0,0,,,,,,,,
101022075,Crashes_2010_2019_MPO,2015-11-18,2015,35.99409,-86.76331,True,0,0,0,,,,,,,,
101012077,Crashes_2010_2019_MPO,2015-11-18,2015,35.99305,-86.70006,True,0,0,0,,,,,,,,
101012001,Crashes_2010_2019_MPO,2015-11-18,2015,36.035118,-86.789192,True,0,0,0,,,,,,,,
101032682,Crashes_2010_2019_MPO,2015-11-19,2015,35.98965,-86.74536,True,0,0,0,,,,,,,,
101032348,Crashes_2010_2019_MPO,2015-11-19,2015,36.02931,-86.818022,True,0,0,0,,,,,,,,
101032861,Crashes_2010_2019_MPO,2015-11-19,2015,36.03985,-86.81642,False,0,0,0,,,,,,,,
101032293,Crashes_2010_2019_MPO,2015-11-19,2015,35.96716,-86.81351,True,0,0,0,,,,,,,,
101032666,Crashes_2010_2019_MPO,2015-11-19,2015,36.03519,-86.78304,False,0,0,0,,,,,,,,
101032584,Crashes_2010_2019_MPO,2015-11-19,2015,35.9475,-86.86605,False,0,0,0,,,,,,,,
101032702,Crashes_2010_2019_MPO,2015-11-19,2015,35.92882,-86.83667,False,0,0,0,,,,,,,,
101032459,Crashes_2010_2019_MPO,2015-11-19,2015,36.04029,-86.76852,False,0,0,0,,,,,,,,
101032194,Crashes_2010_2019_MPO,2015-11-19,2015,36.05174,-86.71278,False,0,0,0,,,,,,,,
101033514,Crashes_2010_2019_MPO,2015-11-19,2015,36.03836,-86.67734,False,0,0,0,,,,,,,,
101032648,Crashes_2010_2019_MPO,2015-11-19,2015,35.99744,-86.79676,True,0,0,0,,,,,,,,
101032452,Crashes_2010_2019_MPO,2015-11-19,2015,35.92957,-86.84187,False,0,0,0,,,,,,,,
101032322,Crashes_2010_2019_MPO,2015-11-19,2015,35.93292,-86.78292,False,0,0,0,,,,,,,,
101032631,Crashes_2010_2019_MPO,2015-11-19,2015,36.04138,-86.77981,False,0,0,0,,,,,,,,
101033080,Crashes_2010_2019_MPO,2015-11-19,2015,35.99375,-86.79805,True,0,0,0,,,,,,,,
101032866,Crashes_2010_2019_MPO,2015-11-19,2015,36.01108,-86.70269,False,0,0,0,,,,,,,,
101032326,Crashes_2010_2019_MPO,2015-11-19,2015,36.01226,-86.80125,True,0,0,0,,,,,,,,
101032894,Crashes_2010_2019_MPO,2015-11-19,2015,35.92957,-86.84187,False,0,0,0,,,,,,,,
101032632,Crashes_2010_2019_MPO,2015-11-19,2015,36.04114,-86.77621,False,0,0,0,,,,,,,,
101033380,Crashes_2010_2019_MPO,2015-11-19,2015,35.92954,-86.84187,False,0,0,0,,,,,,,,
101036003,Crashes_2010_2019_MPO,2015-11-19,2015,35.93207,-86.86279,False,0,0,0,,,,,,,,
101032727,Crashes_2010_2019_MPO,2015-11-19,2015,35.96672,-86.81366,True,0,0,0,,,,,,,,
101032803,Crashes_2010_2019_MPO,2015-11-19,2015,36.0391,-86.81235,False,0,0,0,,,,,,,,
101033482,Crashes_2010_2019_MPO,2015-11-20,2015,36.0347,-86.8732,False,0,0,0,,,,,,,,
101033961,Crashes_2010_2019_MPO,2015-11-20,2015,36.05141,-86.71433,False,0,0,0,,,,,,,,
101033703,Crashes_2010_2019_MPO,2015-11-20,2015,36.03306,-86.77382,False,0,0,0,,,,,,,,
101033511,Crashes_2010_2019_MPO,2015-11-20,2015,35.96716,-86.81351,True,0,0,0,,,,,,,,
101034902,Crashes_2010_2019_MPO,2015-11-20,2015,36.033016,-86.785265,True,0,0,0,,,,,,,,
101033215,Crashes_2010_2019_MPO,2015-11-20,2015,36.03821,-86.8009,False,0,0,0,,,,,,,,
101033504,Crashes_2010_2019_MPO,2015-11-20,2015,36.03085,-86.74826,False,0,0,0,,,,,,,,
101033016,Crashes_2010_2019_MPO,2015-11-20,2015,35.95396,-86.84601,False,0,0,0,,,,,,,,
101033216,Crashes_2010_2019_MPO,2015-11-20,2015,36.04046,-86.76993,False,0,0,0,,,,,,,,
101033532,Crashes_2010_2019_MPO,2015-11-20,2015,35.96273,-86.80144,True,0,0,0,,,,,,,,
101033444,Crashes_2010_2019_MPO,2015-11-20,2015,35.9236,-86.81898,False,0,0,0,,,,,,,,
101034904,Crashes_2010_2019_MPO,2015-11-20,2015,35.93475,-86.87812,False,0,0,0,,,,,,,,
101036308,Crashes_2010_2019_MPO,2015-11-20,2015,36.04245,-86.71294,False,0,0,0,,,,,,,,
101033635,Crashes_2010_2019_MPO,2015-11-20,2015,36.01927,-86.70925,False,0,0,0,,,,,,,,
101033164,Crashes_2010_2019_MPO,2015-11-20,2015,35.96734,-86.815,True,0,0,0,,,,,,,,
101033472,Crashes_2010_2019_MPO,2015-11-20,2015,35.99266,-86.81267,True,0,0,0,,,,,,,,
101033433,Crashes_2010_2019_MPO,2015-11-20,2015,36.01317,-86.80172,True,0,0,0,,,,,,,,
101036433,Crashes_2010_2019_MPO,2015-11-21,2015,36.03075,-86.71257,False,0,0,0,,,,,,,,
101034378,Crashes_2010_2019_MPO,2015-11-21,2015,36.02994,-86.87606,False,0,0,0,,,,,,,,
101034306,Crashes_2010_2019_MPO,2015-11-21,2015,35.95595,-86.8444,False,0,0,0,,,,,,,,
101034286,Crashes_2010_2019_MPO,2015-11-21,2015,35.977042,-86.825025,True,0,0,0,,,,,,,,
101034091,Crashes_2010_2019_MPO,2015-11-21,2015,35.9478,-86.8597,False,0,0,0,,,,,,,,
101034610,Crashes_2010_2019_MPO,2015-11-22,2015,36.03992,-86.78097,False,0,0,0,,,,,,,,
101034988,Crashes_2010_2019_MPO,2015-11-23,2015,35.99381,-86.76074,True,0,0,0,,,,,,,,
101035593,Crashes_2010_2019_MPO,2015-11-23,2015,36.03725,-86.78589,False,0,0,0,,,,,,,,
101034992,Crashes_2010_2019_MPO,2015-11-23,2015,35.94679,-86.85175,False,0,0,0,,,,,,,,
101035132,Crashes_2010_2019_MPO,2015-11-23,2015,35.94631,-86.80922,False,0,0,0,,,,,,,,
101035114,Crashes_2010_2019_MPO,2015-11-23,2015,35.99781,-86.79886,True,0,0,1,,,,,,,,
101035273,Crashes_2010_2019_MPO,2015-11-23,2015,35.96007,-86.82301,False,0,0,0,,,,,,,,
101035100,Crashes_2010_2019_MPO,2015-11-23,2015,36.03653,-86.801007,True,0,0,0,,,,,,,,
101035086,Crashes_2010_2019_MPO,2015-11-23,2015,35.96666,-86.80918,True,0,0,0,,,,,,,,
101035133,Crashes_2010_2019_MPO,2015-11-23,2015,35.94598,-86.82378,False,0,0,0,,,,,,,,
101035331,Crashes_2010_2019_MPO,2015-11-23,2015,35.96716,-86.81351,True,0,0,0,,,,,,,,
101035241,Crashes_2010_2019_MPO,2015-11-23,2015,36.0399,-86.71278,False,0,0,0,,,,,,,,
101035421,Crashes_2010_2019_MPO,2015-11-23,2015,35.95833,-86.81107,False,0,0,0,,,,,,,,
101034875,Crashes_2010_2019_MPO,2015-11-23,2015,36.0374,-86.78657,False,0,0,0,,,,,,,,
101034876,Crashes_2010_2019_MPO,2015-11-23,2015,36.04043,-86.78097,False,0,0,0,,,,,,,,
101035267,Crashes_2010_2019_MPO,2015-11-23,2015,35.94113,-86.83624,False,0,0,0,,,,,,,,
101035134,Crashes_2010_2019_MPO,2015-11-23,2015,35.93413,-86.81851,False,0,0,0,,,,,,,,
101035038,Crashes_2010_2019_MPO,2015-11-23,2015,36.04922,-86.71376,False,0,0,0,,,,,,,,
101035268,Crashes_2010_2019_MPO,2015-11-23,2015,35.94841,-86.80779,False,0,0,0,,,,,,,,
101035050,Crashes_2010_2019_MPO,2015-11-23,2015,35.9522,-86.81874,False,0,0,0,,,,,,,,
101034989,Crashes_2010_2019_MPO,2015-11-23,2015,35.95854,-86.78241,True,0,0,0,,,,,,,,
101039349,Crashes_2010_2019_MPO,2015-11-24,2015,36.04899,-86.71628,False,0,0,0,,,,,,,,
101036186,Crashes_2010_2019_MPO,2015-11-24,2015,36.001776,-86.81389,True,0,0,0,,,,,,,,
101035512,Crashes_2010_2019_MPO,2015-11-24,2015,35.92954,-86.84187,False,0,0,0,,,,,,,,
101035787,Crashes_2010_2019_MPO,2015-11-24,2015,35.9583,-86.8023,False,0,0,0,,,,,,,,
101036092,Crashes_2010_2019_MPO,2015-11-24,2015,36.05121,-86.81623,False,0,0,0,,,,,,,,
101036091,Crashes_2010_2019_MPO,2015-11-24,2015,36.03948,-86.78177,False,0,0,0,,,,,,,,
101035685,Crashes_2010_2019_MPO,2015-11-24,2015,36.01556,-86.71289,False,0,0,0,,,,,,,,
101035515,Crashes_2010_2019_MPO,2015-11-24,2015,36.04001,-86.74347,False,0,0,0,,,,,,,,
101036178,Crashes_2010_2019_MPO,2015-11-24,2015,35.93497,-86.82212,False,0,0,0,,,,,,,,
101035811,Crashes_2010_2019_MPO,2015-11-24,2015,35.96707,-86.81292,True,0,0,0,,,,,,,,
101035717,Crashes_2010_2019_MPO,2015-11-24,2015,36.02547,-86.71305,False,0,0,0,,,,,,,,
101035615,Crashes_2010_2019_MPO,2015-11-24,2015,36.034816,-86.803792,True,0,0,0,,,,,,,,
101036024,Crashes_2010_2019_MPO,2015-11-24,2015,35.97672,-86.76375,True,0,0,0,,,,,,,,
101035554,Crashes_2010_2019_MPO,2015-11-24,2015,35.95175,-86.73935,True,0,0,0,,,,,,,,
101036929,Crashes_2010_2019_MPO,2015-11-25,2015,35.94732,-86.8206,False,0,0,0,,,,,,,,
101036949,Crashes_2010_2019_MPO,2015-11-25,2015,35.95243,-86.82008,False,0,0,0,,,,,,,,
101036696,Crashes_2010_2019_MPO,2015-11-25,2015,35.96646,-86.81129,False,0,0,0,,,,,,,,
101036693,Crashes_2010_2019_MPO,2015-11-25,2015,35.9264,-86.8244,False,0,0,0,,,,,,,,
101036276,Crashes_2010_2019_MPO,2015-11-25,2015,36.02547,-86.71305,False,0,0,0,,,,,,,,
101036421,Crashes_2010_2019_MPO,2015-11-25,2015,36.00739,-86.70287,False,0,0,0,,,,,,,,
101036730,Crashes_2010_2019_MPO,2015-11-25,2015,36.00354,-86.80698,True,0,0,0,,,,,,,,
101036887,Crashes_2010_2019_MPO,2015-11-25,2015,36.04537,-86.71326,False,0,0,0,,,,,,,,
101036884,Crashes_2010_2019_MPO,2015-11-25,2015,36.03984,-86.74114,False,0,0,0,,,,,,,,
101036577,Crashes_2010_2019_MPO,2015-11-25,2015,36.04235,-86.83733,False,0,0,0,,,,,,,,
101036695,Crashes_2010_2019_MPO,2015-11-25,2015,35.9518,-86.81259,False,0,0,0,,,,,,,,
101039440,Crashes_2010_2019_MPO,2015-11-25,2015,35.9736,-86.83387,False,0,0,0,,,,,,,,
101037215,Crashes_2010_2019_MPO,2015-11-26,2015,36.02869,-86.71257,False,0,0,0,,,,,,,,
101037167,Crashes_2010_2019_MPO,2015-11-26,2015,35.99338,-86.69895,True,0,0,0,,,,,,,,
101041661,Crashes_2010_2019_MPO,2015-11-26,2015,35.95299,-86.72281,False,0,0,0,,,,,,,,
101037269,Crashes_2010_2019_MPO,2015-11-26,2015,35.9663,-86.8138,False,0,0,0,,,,,,,,
101037221,Crashes_2010_2019_MPO,2015-11-26,2015,35.93935,-86.87361,False,0,0,0,,,,,,,,
101039195,Crashes_2010_2019_MPO,2015-11-26,2015,36.0459,-86.71332,False,0,0,0,,,,,,,,
101037581,Crashes_2010_2019_MPO,2015-11-27,2015,36.02291,-86.74254,False,0,0,0,,,,,,,,
101040652,Crashes_2010_2019_MPO,2015-11-27,2015,36.04525,-86.71444,False,0,0,0,,,,,,,,
101037772,Crashes_2010_2019_MPO,2015-11-27,2015,36.0409,-86.77938,False,0,0,0,,,,,,,,
101037709,Crashes_2010_2019_MPO,2015-11-27,2015,36.04802,-86.71358,False,0,0,1,,,,,,,,
101037790,Crashes_2010_2019_MPO,2015-11-27,2015,36.0398,-86.78243,False,0,0,0,,,,,,,,
101037477,Crashes_2010_2019_MPO,2015-11-27,2015,35.95729,-86.81629,False,0,0,0,,,,,,,,
101037582,Crashes_2010_2019_MPO,2015-11-27,2015,36.0383,-86.78362,False,0,0,0,,,,,,,,
101039472,Crashes_2010_2019_MPO,2015-11-27,2015,35.98432,-86.72403,True,0,0,0,,,,,,,,
101037592,Crashes_2010_2019_MPO,2015-11-27,2015,35.96614,-86.80803,True,0,0,0,,,,,,,,
101038745,Crashes_2010_2019_MPO,2015-11-28,2015,35.96023,-86.81532,False,0,0,0,,,,,,,,
101038298,Crashes_2010_2019_MPO,2015-11-28,2015,35.93499,-86.77623,False,0,0,0,,,,,,,,
101041530,Crashes_2010_2019_MPO,2015-11-28,2015,35.9265,-86.76722,False,0,0,0,,,,,,,,
101038331,Crashes_2010_2019_MPO,2015-11-28,2015,36.04105,-86.78253,False,0,0,0,,,,,,,,
101038288,Crashes_2010_2019_MPO,2015-11-28,2015,36.03922,-86.73586,False,0,0,0,,,,,,,,
101038301,Crashes_2010_2019_MPO,2015-11-28,2015,36.04253,-86.78218,False,0,0,0,,,,,,,,
101038744,Crashes_2010_2019_MPO,2015-11-28,2015,35.92349,-86.8695,False,0,0,0,,,,,,,,
101037960,Crashes_2010_2019_MPO,2015-11-28,2015,36.03227,-86.75786,False,0,0,0,,,,,,,,
101038386,Crashes_2010_2019_MPO,2015-11-28,2015,35.99421,-86.69287,True,0,0,0,,,,,,,,
101038289,Crashes_2010_2019_MPO,2015-11-28,2015,36.0444,-86.78038,False,0,0,0,,,,,,,,
101039840,Crashes_2010_2019_MPO,2015-11-28,2015,36.04169,-86.78243,False,0,0,0,,,,,,,,
101038743,Crashes_2010_2019_MPO,2015-11-28,2015,35.96681,-86.81119,True,0,0,0,,,,,,,,
101038437,Crashes_2010_2019_MPO,2015-11-28,2015,36.04138,-86.78249,False,0,0,0,,,,,,,,
101038646,Crashes_2010_2019_MPO,2015-11-28,2015,36.0522,-86.74309,False,0,0,0,,,,,,,,
101038068,Crashes_2010_2019_MPO,2015-11-28,2015,36.04145,-86.78251,False,0,0,0,,,,,,,,
101038157,Crashes_2010_2019_MPO,2015-11-28,2015,36.0156,-86.74062,False,0,0,0,,,,,,,,
101038178,Crashes_2010_2019_MPO,2015-11-28,2015,36.04409,-86.78076,False,0,0,0,,,,,,,,
101038742,Crashes_2010_2019_MPO,2015-11-28,2015,35.93473,-86.77751,False,0,0,0,,,,,,,,
101038592,Crashes_2010_2019_MPO,2015-11-28,2015,36.04145,-86.78247,False,0,0,0,,,,,,,,
101038309,Crashes_2010_2019_MPO,2015-11-28,2015,35.97332,-86.83297,True,0,0,0,,,,,,,,
101038077,Crashes_2010_2019_MPO,2015-11-28,2015,36.04145,-86.78248,False,0,0,0,,,,,,,,
101038307,Crashes_2010_2019_MPO,2015-11-28,2015,35.99687,-86.68989,False,0,0,0,,,,,,,,
101038925,Crashes_2010_2019_MPO,2015-11-29,2015,36.04152,-86.78246,False,0,0,0,,,,,,,,
101039136,Crashes_2010_2019_MPO,2015-11-29,2015,36.04543,-86.70361,False,0,0,0,,,,,,,,
101038818,Crashes_2010_2019_MPO,2015-11-29,2015,36.04228,-86.78225,False,0,0,0,,,,,,,,
101038635,Crashes_2010_2019_MPO,2015-11-29,2015,36.03969,-86.7827,False,0,0,0,,,,,,,,
101040194,Crashes_2010_2019_MPO,2015-11-29,2015,36.04994,-86.69232,False,0,0,0,,,,,,,,
101039112,Crashes_2010_2019_MPO,2015-11-29,2015,35.94683,-86.85172,False,0,0,0,,,,,,,,
101039041,Crashes_2010_2019_MPO,2015-11-29,2015,36.04043,-86.7826,False,0,0,0,,,,,,,,
101039153,Crashes_2010_2019_MPO,2015-11-29,2015,35.95899,-86.81594,False,0,0,0,,,,,,,,
101038793,Crashes_2010_2019_MPO,2015-11-29,2015,36.04141,-86.78249,False,0,0,0,,,,,,,,
101038511,Crashes_2010_2019_MPO,2015-11-29,2015,36.04899,-86.71628,False,0,0,0,,,,,,,,
101038998,Crashes_2010_2019_MPO,2015-11-29,2015,35.92641,-86.82453,False,0,0,0,,,,,,,,
101038687,Crashes_2010_2019_MPO,2015-11-29,2015,36.03988,-86.78267,False,0,0,0,,,,,,,,
101039354,Crashes_2010_2019_MPO,2015-11-29,2015,35.93519,-86.7758,False,0,0,0,,,,,,,,
101038724,Crashes_2010_2019_MPO,2015-11-29,2015,35.99643,-86.78798,True,0,0,0,,,,,,,,
101041831,Crashes_2010_2019_MPO,2015-11-29,2015,36.04402,-86.78083,False,0,0,0,,,,,,,,
101038993,Crashes_2010_2019_MPO,2015-11-29,2015,36.04537,-86.71326,False,0,0,0,,,,,,,,
101038839,Crashes_2010_2019_MPO,2015-11-29,2015,36.03189,-86.7603,False,0,0,0,,,,,,,,
101039480,Crashes_2010_2019_MPO,2015-11-30,2015,35.96729,-86.81458,True,0,0,0,,,,,,,,
101039982,Crashes_2010_2019_MPO,2015-11-30,2015,35.99648,-86.78841,True,0,0,0,,,,,,,,
101039903,Crashes_2010_2019_MPO,2015-11-30,2015,36.02932,-86.74337,False,0,0,0,,,,,,,,
101039932,Crashes_2010_2019_MPO,2015-11-30,2015,36.04888,-86.74358,False,0,0,0,,,,,,,,
101039853,Crashes_2010_2019_MPO,2015-11-30,2015,35.95939,-86.83102,False,0,0,0,,,,,,,,
101043472,Crashes_2010_2019_MPO,2015-11-30,2015,36.01701,-86.78612,True,0,0,0,,,,,,,,
101040082,Crashes_2010_2019_MPO,2015-11-30,2015,36.02302,-86.81772,True,0,0,0,,,,,,,,
101039461,Crashes_2010_2019_MPO,2015-11-30,2015,36.03192,-86.76232,False,0,0,0,,,,,,,,
101040007,Crashes_2010_2019_MPO,2015-11-30,2015,36.02139,-86.7114,False,0,0,0,,,,,,,,
101039865,Crashes_2010_2019_MPO,2015-11-30,2015,36.03257,-86.7687,False,0,0,0,,,,,,,,
101039975,Crashes_2010_2019_MPO,2015-11-30,2015,35.96442,-86.73249,True,0,0,0,,,,,,,,
101040418,Crashes_2010_2019_MPO,2015-11-30,2015,35.95118,-86.81841,False,0,0,0,,,,,,,,
101042894,Crashes_2010_2019_MPO,2015-11-30,2015,36.0409,-86.74369,False,0,0,0,,,,,,,,
101039586,Crashes_2010_2019_MPO,2015-11-30,2015,36.04652,-86.71371,False,0,0,0,,,,,,,,
101039631,Crashes_2010_2019_MPO,2015-11-30,2015,35.96467,-86.81436,False,0,0,0,,,,,,,,
101040018,Crashes_2010_2019_MPO,2015-11-30,2015,36.04024,-86.67785,False,0,0,0,,,,,,,,
101040006,Crashes_2010_2019_MPO,2015-11-30,2015,35.96732,-86.79673,True,0,0,0,,,,,,,,
101040521,Crashes_2010_2019_MPO,2015-12-01,2015,35.95253,-86.82068,False,0,0,0,,,,,,,,
101040731,Crashes_2010_2019_MPO,2015-12-01,2015,35.94683,-86.85172,False,0,0,0,,,,,,,,
101040520,Crashes_2010_2019_MPO,2015-12-01,2015,35.93412,-86.81933,False,0,0,0,,,,,,,,
101040380,Crashes_2010_2019_MPO,2015-12-01,2015,36.04629,-86.85818,False,0,0,0,,,,,,,,
101040570,Crashes_2010_2019_MPO,2015-12-01,2015,36.0423,-86.83139,False,0,0,0,,,,,,,,
101041595,Crashes_2010_2019_MPO,2015-12-01,2015,35.92641,-86.82446,False,0,0,0,,,,,,,,
101040297,Crashes_2010_2019_MPO,2015-12-01,2015,35.95448,-86.804,False,0,0,0,,,,,,,,
101040645,Crashes_2010_2019_MPO,2015-12-01,2015,35.95874,-86.76725,True,0,0,0,,,,,,,,
101040623,Crashes_2010_2019_MPO,2015-12-01,2015,36.04522,-86.71479,False,0,0,0,,,,,,,,
101040607,Crashes_2010_2019_MPO,2015-12-01,2015,35.96681,-86.81119,True,0,0,0,,,,,,,,
101040478,Crashes_2010_2019_MPO,2015-12-01,2015,35.93835,-86.87911,False,0,0,0,,,,,,,,
101041923,Crashes_2010_2019_MPO,2015-12-01,2015,35.93986,-86.87951,False,0,0,0,,,,,,,,
101040391,Crashes_2010_2019_MPO,2015-12-01,2015,36.04014,-86.78264,False,0,0,1,,,,,,,,
101040249,Crashes_2010_2019_MPO,2015-12-01,2015,36.03041,-86.70569,False,0,0,0,,,,,,,,
101040439,Crashes_2010_2019_MPO,2015-12-01,2015,35.94881,-86.81966,False,0,0,0,,,,,,,,
101040298,Crashes_2010_2019_MPO,2015-12-01,2015,35.9498,-86.81328,False,0,0,0,,,,,,,,
101041318,Crashes_2010_2019_MPO,2015-12-01,2015,36.04529,-86.71402,False,0,0,0,,,,,,,,
101041441,Crashes_2010_2019_MPO,2015-12-02,2015,35.9583,-86.8023,False,0,0,0,,,,,,,,
101050216,Crashes_2010_2019_MPO,2015-12-02,2015,35.92641,-86.82446,False,0,0,0,,,,,,,,
101041640,Crashes_2010_2019_MPO,2015-12-02,2015,36.05208,-86.71655,False,0,0,0,,,,,,,,
101041247,Crashes_2010_2019_MPO,2015-12-02,2015,35.96691,-86.79393,True,0,0,0,,,,,,,,
101041027,Crashes_2010_2019_MPO,2015-12-02,2015,35.96361,-86.8393,False,0,0,0,,,,,,,,
101044215,Crashes_2010_2019_MPO,2015-12-02,2015,35.99418,-86.7979,True,0,0,0,,,,,,,,
101041408,Crashes_2010_2019_MPO,2015-12-02,2015,36.043,-86.84229,False,0,0,0,,,,,,,,
101041053,Crashes_2010_2019_MPO,2015-12-02,2015,36.04398,-86.71311,False,0,0,0,,,,,,,,
101041466,Crashes_2010_2019_MPO,2015-12-02,2015,35.99209,-86.77843,True,0,0,0,,,,,,,,
101041432,Crashes_2010_2019_MPO,2015-12-02,2015,35.95385,-86.80406,False,0,0,0,,,,,,,,
101041695,Crashes_2010_2019_MPO,2015-12-02,2015,35.96681,-86.81119,True,0,0,0,,,,,,,,
101041472,Crashes_2010_2019_MPO,2015-12-02,2015,35.95337,-86.82242,False,0,0,0,,,,,,,,
101043141,Crashes_2010_2019_MPO,2015-12-02,2015,36.03671,-86.76861,False,0,0,0,,,,,,,,
101041438,Crashes_2010_2019_MPO,2015-12-02,2015,36.03686,-86.80184,True,0,0,0,,,,,,,,
101041851,Crashes_2010_2019_MPO,2015-12-02,2015,35.92942,-86.87552,False,0,0,0,,,,,,,,
101041743,Crashes_2010_2019_MPO,2015-12-03,2015,36.0466,-86.67825,False,0,0,0,,,,,,,,
101044527,Crashes_2010_2019_MPO,2015-12-03,2015,36.04056,-86.77082,False,0,0,0,,,,,,,,
101042146,Crashes_2010_2019_MPO,2015-12-03,2015,35.95576,-86.81121,False,0,0,0,,,,,,,,
101042122,Crashes_2010_2019_MPO,2015-12-03,2015,35.99178,-86.79874,True,0,0,0,,,,,,,,
101042116,Crashes_2010_2019_MPO,2015-12-03,2015,35.98837,-86.80016,True,0,0,0,,,,,,,,
101042280,Crashes_2010_2019_MPO,2015-12-03,2015,35.93877,-86.68537,False,0,0,0,,,,,,,,
101041994,Crashes_2010_2019_MPO,2015-12-03,2015,35.9638,-86.80842,False,0,0,0,,,,,,,,
101042302,Crashes_2010_2019_MPO,2015-12-03,2015,35.93876,-86.68538,False,0,0,0,,,,,,,,
101042011,Crashes_2010_2019_MPO,2015-12-03,2015,35.96093,-86.80188,True,0,0,0,,,,,,,,
101044434,Crashes_2010_2019_MPO,2015-12-03,2015,35.97295,-86.83335,False,0,0,0,,,,,,,,
101044433,Crashes_2010_2019_MPO,2015-12-03,2015,35.94865,-86.8197,False,0,0,0,,,,,,,,
101041849,Crashes_2010_2019_MPO,2015-12-03,2015,35.92619,-86.82152,False,0,0,0,,,,,,,,
101042176,Crashes_2010_2019_MPO,2015-12-03,2015,36.03552,-86.783,False,0,0,0,,,,,,,,
101042144,Crashes_2010_2019_MPO,2015-12-03,2015,36.05366,-86.71502,False,0,0,0,,,,,,,,
101042088,Crashes_2010_2019_MPO,2015-12-03,2015,35.99546,-86.77834,True,0,0,0,,,,,,,,
101042153,Crashes_2010_2019_MPO,2015-12-03,2015,35.99522,-86.68755,False,0,0,0,,,,,,,,
101042169,Crashes_2010_2019_MPO,2015-12-03,2015,36.04615,-86.71345,False,0,0,0,,,,,,,,
101042170,Crashes_2010_2019_MPO,2015-12-03,2015,35.96594,-86.80508,True,0,0,0,,,,,,,,
101041882,Crashes_2010_2019_MPO,2015-12-03,2015,35.96312,-86.81897,True,0,0,1,,,,,,,,
101042179,Crashes_2010_2019_MPO,2015-12-03,2015,35.96598,-86.80548,True,0,0,0,,,,,,,,
101042917,Crashes_2010_2019_MPO,2015-12-04,2015,36.02431,-86.74239,False,0,0,0,,,,,,,,
101042743,Crashes_2010_2019_MPO,2015-12-04,2015,35.96692,-86.80323,True,0,0,0,,,,,,,,
101042370,Crashes_2010_2019_MPO,2015-12-04,2015,36.03105,-86.70123,False,0,0,0,,,,,,,,
101043035,Crashes_2010_2019_MPO,2015-12-04,2015,35.92641,-86.82446,False,0,0,0,,,,,,,,
101042505,Crashes_2010_2019_MPO,2015-12-04,2015,36.01316,-86.73877,True,0,0,0,,,,,,,,