record_no,source_layer,collision_ts,crash_year,latitude,longitude,in_city,fatalities,non_motorists,truck_involved,serious_injuries,pedestrian,bicycle,crash_type,manner_of_collision,lighting,weather,first_harmful_event
101042814,Crashes_2010_2019_MPO,2015-12-04,2015,35.92738,-86.8687,False,0,0,0,,,,,,,,
101042922,Crashes_2010_2019_MPO,2015-12-04,2015,36.04081,-86.77954,False,0,0,0,,,,,,,,
101042633,Crashes_2010_2019_MPO,2015-12-04,2015,36.01651,-86.78624,True,0,0,0,,,,,,,,
101042431,Crashes_2010_2019_MPO,2015-12-04,2015,35.94992,-86.7595,True,0,0,0,,,,,,,,
101042512,Crashes_2010_2019_MPO,2015-12-04,2015,35.94815,-86.81742,False,0,0,0,,,,,,,,
101042504,Crashes_2010_2019_MPO,2015-12-04,2015,35.99387,-86.76127,True,0,0,0,,,,,,,,
101043416,Crashes_2010_2019_MPO,2015-12-05,2015,35.96897,-86.8093,True,0,0,0,,,,,,,,
101043635,Crashes_2010_2019_MPO,2015-12-05,2015,35.96194,-86.81477,False,0,0,0,,,,,,,,
101043636,Crashes_2010_2019_MPO,2015-12-05,2015,35.92504,-86.86927,False,0,0,0,,,,,,,,
101043638,Crashes_2010_2019_MPO,2015-12-05,2015,35.959,-86.8142,False,0,0,0,,,,,,,,
101043555,Crashes_2010_2019_MPO,2015-12-05,2015,36.02799,-86.71266,False,0,0,0,,,,,,,,
101043637,Crashes_2010_2019_MPO,2015-12-05,2015,35.94683,-86.85172,False,0,0,0,,,,,,,,
101043991,Crashes_2010_2019_MPO,2015-12-05,2015,35.96716,-86.81351,True,0,0,0,,,,,,,,
101043580,Crashes_2010_2019_MPO,2015-12-05,2015,36.04363,-86.69278,False,0,0,0,,,,,,,,
101043572,Crashes_2010_2019_MPO,2015-12-05,2015,35.99701,-86.70567,True,0,0,0,,,,,,,,
101043549,Crashes_2010_2019_MPO,2015-12-05,2015,35.97039,-86.77379,True,0,0,0,,,,,,,,
101043774,Crashes_2010_2019_MPO,2015-12-05,2015,36.01527,-86.7056,False,0,0,0,,,,,,,,
101043370,Crashes_2010_2019_MPO,2015-12-05,2015,35.9648,-86.81432,False,0,0,0,,,,,,,,
101044213,Crashes_2010_2019_MPO,2015-12-06,2015,35.97821,-86.7594,True,0,0,0,,,,,,,,
101049001,Crashes_2010_2019_MPO,2015-12-06,2015,36.00447,-86.79083,True,0,0,0,,,,,,,,
101044039,Crashes_2010_2019_MPO,2015-12-06,2015,35.94285,-86.8157,False,0,0,0,,,,,,,,
101044255,Crashes_2010_2019_MPO,2015-12-06,2015,36.0473,-86.86274,False,0,0,0,,,,,,,,
101044206,Crashes_2010_2019_MPO,2015-12-06,2015,36.03274,-86.787729,True,0,0,0,,,,,,,,
101044515,Crashes_2010_2019_MPO,2015-12-07,2015,35.93314,-86.83487,False,0,0,0,,,,,,,,
101044815,Crashes_2010_2019_MPO,2015-12-07,2015,36.04279,-86.8406,False,0,0,0,,,,,,,,
101044997,Crashes_2010_2019_MPO,2015-12-07,2015,35.96171,-86.80183,True,0,0,0,,,,,,,,
101044594,Crashes_2010_2019_MPO,2015-12-07,2015,36.01944,-86.70331,False,0,0,0,,,,,,,,
101044991,Crashes_2010_2019_MPO,2015-12-07,2015,35.96142,-86.68523,False,0,0,0,,,,,,,,
101044964,Crashes_2010_2019_MPO,2015-12-07,2015,35.98627,-86.68012,False,0,0,0,,,,,,,,
101044802,Crashes_2010_2019_MPO,2015-12-07,2015,36.02709,-86.7128,False,0,0,0,,,,,,,,
101045239,Crashes_2010_2019_MPO,2015-12-07,2015,36.04541,-86.71284,False,0,0,0,,,,,,,,
101044460,Crashes_2010_2019_MPO,2015-12-07,2015,35.94643,-86.80975,False,0,0,0,,,,,,,,
101045537,Crashes_2010_2019_MPO,2015-12-08,2015,35.94477,-86.82853,False,0,0,0,,,,,,,,
101045429,Crashes_2010_2019_MPO,2015-12-08,2015,36.05049,-86.87668,False,0,0,0,,,,,,,,
101045133,Crashes_2010_2019_MPO,2015-12-08,2015,35.96465,-86.79061,True,0,0,0,,,,,,,,
101045256,Crashes_2010_2019_MPO,2015-12-08,2015,36.03599,-86.7872,True,0,0,0,,,,,,,,
101045210,Crashes_2010_2019_MPO,2015-12-08,2015,35.99004,-86.74528,True,0,0,0,,,,,,,,
101045492,Crashes_2010_2019_MPO,2015-12-08,2015,36.03986,-86.78134,False,0,0,0,,,,,,,,
101045197,Crashes_2010_2019_MPO,2015-12-08,2015,35.94477,-86.82853,False,0,0,0,,,,,,,,
101045514,Crashes_2010_2019_MPO,2015-12-08,2015,36.04014,-86.78088,False,0,0,0,,,,,,,,
101045535,Crashes_2010_2019_MPO,2015-12-08,2015,36.03948,-86.78161,False,0,0,0,,,,,,,,
101045485,Crashes_2010_2019_MPO,2015-12-08,2015,35.92936,-86.87549,False,0,0,0,,,,,,,,
101045055,Crashes_2010_2019_MPO,2015-12-08,2015,36.03747,-86.78604,False,0,0,0,,,,,,,,
101045811,Crashes_2010_2019_MPO,2015-12-08,2015,36.04299,-86.84232,False,0,0,0,,,,,,,,
101045057,Crashes_2010_2019_MPO,2015-12-08,2015,36.04093,-86.77325,False,0,0,0,,,,,,,,
101045023,Crashes_2010_2019_MPO,2015-12-08,2015,35.93192,-86.87697,False,0,0,0,,,,,,,,
101045569,Crashes_2010_2019_MPO,2015-12-08,2015,36.04479,-86.72487,False,0,0,0,,,,,,,,
101045546,Crashes_2010_2019_MPO,2015-12-08,2015,36.03337,-86.78857,True,0,0,0,,,,,,,,
101045515,Crashes_2010_2019_MPO,2015-12-08,2015,36.04374,-86.84556,False,0,0,0,,,,,,,,
101045306,Crashes_2010_2019_MPO,2015-12-08,2015,35.9325,-86.78802,False,0,0,0,,,,,,,,
101045255,Crashes_2010_2019_MPO,2015-12-08,2015,36.03599,-86.7872,True,0,0,0,,,,,,,,
101045358,Crashes_2010_2019_MPO,2015-12-08,2015,36.04301,-86.84231,False,0,0,0,,,,,,,,
101045474,Crashes_2010_2019_MPO,2015-12-08,2015,35.95642,-86.84403,False,0,0,0,,,,,,,,
101045302,Crashes_2010_2019_MPO,2015-12-08,2015,35.93266,-86.8239,False,0,0,0,,,,,,,,
101045798,Crashes_2010_2019_MPO,2015-12-08,2015,35.96612,-86.77844,True,0,0,0,,,,,,,,
101046121,Crashes_2010_2019_MPO,2015-12-09,2015,36.03632,-86.790398,True,0,0,0,,,,,,,,
101046076,Crashes_2010_2019_MPO,2015-12-09,2015,36.031598,-86.789642,True,0,0,0,,,,,,,,
101046354,Crashes_2010_2019_MPO,2015-12-09,2015,36.01689,-86.78609,True,0,0,0,,,,,,,,
101047569,Crashes_2010_2019_MPO,2015-12-09,2015,35.93586,-86.81813,False,0,0,0,,,,,,,,
101046156,Crashes_2010_2019_MPO,2015-12-09,2015,36.05489,-86.73506,False,0,0,0,,,,,,,,
101046092,Crashes_2010_2019_MPO,2015-12-09,2015,35.98691,-86.77825,True,0,0,0,,,,,,,,
101045804,Crashes_2010_2019_MPO,2015-12-09,2015,36.05041,-86.87595,False,0,0,0,,,,,,,,
101046102,Crashes_2010_2019_MPO,2015-12-09,2015,35.97334,-86.83305,True,0,0,0,,,,,,,,
101048888,Crashes_2010_2019_MPO,2015-12-09,2015,35.9407,-86.83934,False,0,0,0,,,,,,,,
101046369,Crashes_2010_2019_MPO,2015-12-09,2015,36.03696,-86.78669,False,0,0,0,,,,,,,,
101046430,Crashes_2010_2019_MPO,2015-12-09,2015,35.96716,-86.81351,True,0,0,0,,,,,,,,
101048892,Crashes_2010_2019_MPO,2015-12-09,2015,35.92555,-86.87296,False,0,0,0,,,,,,,,
101046429,Crashes_2010_2019_MPO,2015-12-09,2015,35.96716,-86.81351,True,0,0,0,,,,,,,,
101046269,Crashes_2010_2019_MPO,2015-12-09,2015,35.9472,-86.82147,False,0,0,0,,,,,,,,
101045895,Crashes_2010_2019_MPO,2015-12-09,2015,35.9583,-86.8023,False,0,0,0,,,,,,,,
101045890,Crashes_2010_2019_MPO,2015-12-09,2015,36.00465,-86.87797,False,0,0,0,,,,,,,,
101046431,Crashes_2010_2019_MPO,2015-12-10,2015,36.00413,-86.79087,True,0,0,0,,,,,,,,
101046999,Crashes_2010_2019_MPO,2015-12-10,2015,36.04627,-86.6768,False,0,0,0,,,,,,,,
101046409,Crashes_2010_2019_MPO,2015-12-10,2015,35.99008,-86.74563,True,0,0,0,,,,,,,,
101046427,Crashes_2010_2019_MPO,2015-12-10,2015,35.93338,-86.81899,False,0,0,0,,,,,,,,
101046400,Crashes_2010_2019_MPO,2015-12-10,2015,36.01941,-86.78245,True,0,0,0,,,,,,,,
101046943,Crashes_2010_2019_MPO,2015-12-10,2015,35.94636,-86.80871,False,0,0,0,,,,,,,,
101050096,Crashes_2010_2019_MPO,2015-12-10,2015,35.9462,-86.80876,False,0,0,0,,,,,,,,
101046917,Crashes_2010_2019_MPO,2015-12-10,2015,35.98883,-86.70458,True,0,0,0,,,,,,,,
101046443,Crashes_2010_2019_MPO,2015-12-10,2015,36.04693,-86.86305,False,0,0,0,,,,,,,,
101046706,Crashes_2010_2019_MPO,2015-12-10,2015,36.03261,-86.76925,False,0,0,0,,,,,,,,
101046765,Crashes_2010_2019_MPO,2015-12-10,2015,35.96599,-86.80463,True,0,0,0,,,,,,,,
101046624,Crashes_2010_2019_MPO,2015-12-10,2015,35.96756,-86.81672,True,0,0,0,,,,,,,,
101046820,Crashes_2010_2019_MPO,2015-12-10,2015,35.98525,-86.72839,True,0,0,0,,,,,,,,
101046630,Crashes_2010_2019_MPO,2015-12-10,2015,36.03659,-86.78686,False,0,0,0,,,,,,,,
101046410,Crashes_2010_2019_MPO,2015-12-10,2015,35.99155,-86.75362,True,0,0,0,,,,,,,,
101046779,Crashes_2010_2019_MPO,2015-12-10,2015,35.99466,-86.74428,True,0,0,0,,,,,,,,
101046770,Crashes_2010_2019_MPO,2015-12-10,2015,36.0398,-86.8164,False,0,0,0,,,,,,,,
101050777,Crashes_2010_2019_MPO,2015-12-10,2015,35.93005,-86.85638,False,0,1,0,,,,,,,,
101046694,Crashes_2010_2019_MPO,2015-12-10,2015,35.96488,-86.7931,True,0,0,0,,,,,,,,
101046872,Crashes_2010_2019_MPO,2015-12-10,2015,35.92834,-86.86539,False,0,0,0,,,,,,,,
101046793,Crashes_2010_2019_MPO,2015-12-10,2015,36.01331,-86.80046,True,0,0,0,,,,,,,,
101046822,Crashes_2010_2019_MPO,2015-12-10,2015,35.99664,-86.78981,True,0,0,0,,,,,,,,
101046434,Crashes_2010_2019_MPO,2015-12-10,2015,35.98978,-86.79967,True,0,0,0,,,,,,,,
101046433,Crashes_2010_2019_MPO,2015-12-10,2015,35.98819,-86.80022,True,0,0,0,,,,,,,,
101046473,Crashes_2010_2019_MPO,2015-12-10,2015,36.03751,-86.78568,False,0,0,0,,,,,,,,
101047017,Crashes_2010_2019_MPO,2015-12-10,2015,35.97103,-86.72644,True,0,0,0,,,,,,,,
101048891,Crashes_2010_2019_MPO,2015-12-10,2015,35.94716,-86.82155,False,0,0,0,,,,,,,,
101046888,Crashes_2010_2019_MPO,2015-12-10,2015,36.01532,-86.7859,True,0,0,0,,,,,,,,
101047744,Crashes_2010_2019_MPO,2015-12-11,2015,35.93516,-86.85371,False,0,0,0,,,,,,,,
101048013,Crashes_2010_2019_MPO,2015-12-11,2015,35.96218,-86.80924,False,0,0,1,,,,,,,,
101048890,Crashes_2010_2019_MPO,2015-12-11,2015,35.95724,-86.81662,False,0,0,0,,,,,,,,
101048014,Crashes_2010_2019_MPO,2015-12-11,2015,35.94946,-86.81852,False,0,0,0,,,,,,,,
101047150,Crashes_2010_2019_MPO,2015-12-11,2015,36.03996,-86.74349,False,0,0,0,,,,,,,,
101047527,Crashes_2010_2019_MPO,2015-12-11,2015,35.96772,-86.81026,True,0,0,0,,,,,,,,
101048887,Crashes_2010_2019_MPO,2015-12-11,2015,35.94813,-86.80763,False,0,0,0,,,,,,,,
101047123,Crashes_2010_2019_MPO,2015-12-11,2015,36.0332,-86.77534,False,0,0,0,,,,,,,,
101047151,Crashes_2010_2019_MPO,2015-12-11,2015,36.01319,-86.73873,True,0,0,0,,,,,,,,
101047551,Crashes_2010_2019_MPO,2015-12-11,2015,36.02569,-86.7132,False,0,0,0,,,,,,,,
101048017,Crashes_2010_2019_MPO,2015-12-11,2015,35.9447,-86.80928,False,0,0,0,,,,,,,,
101048015,Crashes_2010_2019_MPO,2015-12-11,2015,35.92493,-86.86519,False,0,0,0,,,,,,,,
101047303,Crashes_2010_2019_MPO,2015-12-11,2015,35.93812,-86.82194,False,0,0,0,,,,,,,,
101048893,Crashes_2010_2019_MPO,2015-12-11,2015,35.92322,-86.84319,False,0,0,0,,,,,,,,
101047978,Crashes_2010_2019_MPO,2015-12-11,2015,36.01933,-86.75032,True,0,0,0,,,,,,,,
101047084,Crashes_2010_2019_MPO,2015-12-11,2015,35.93955,-86.81937,False,0,0,0,,,,,,,,
101048018,Crashes_2010_2019_MPO,2015-12-11,2015,35.92531,-86.86876,False,0,0,0,,,,,,,,
101047428,Crashes_2010_2019_MPO,2015-12-11,2015,35.96653,-86.80933,True,0,0,0,,,,,,,,
101047504,Crashes_2010_2019_MPO,2015-12-11,2015,35.96588,-86.80316,True,0,0,0,,,,,,,,
101048372,Crashes_2010_2019_MPO,2015-12-11,2015,35.97051,-86.72577,True,0,0,0,,,,,,,,
101047120,Crashes_2010_2019_MPO,2015-12-11,2015,35.99245,-86.82847,True,0,0,0,,,,,,,,
101047167,Crashes_2010_2019_MPO,2015-12-11,2015,36.021656,-86.723317,False,0,0,0,,,,,,,,
101048012,Crashes_2010_2019_MPO,2015-12-11,2015,35.95899,-86.81594,False,0,0,0,,,,,,,,
101048437,Crashes_2010_2019_MPO,2015-12-12,2015,35.95808,-86.80259,False,0,0,0,,,,,,,,
101048193,Crashes_2010_2019_MPO,2015-12-12,2015,35.96494,-86.81426,False,0,0,0,,,,,,,,
101047771,Crashes_2010_2019_MPO,2015-12-12,2015,35.98916,-86.79152,True,0,0,0,,,,,,,,
101065678,Crashes_2010_2019_MPO,2015-12-12,2015,35.94766,-86.82224,False,0,0,0,,,,,,,,
101047882,Crashes_2010_2019_MPO,2015-12-12,2015,36.01286,-86.80081,True,0,0,0,,,,,,,,
101061488,Crashes_2010_2019_MPO,2015-12-12,2015,36.04187,-86.71289,False,0,0,0,,,,,,,,
101049103,Crashes_2010_2019_MPO,2015-12-14,2015,35.99551,-86.77887,True,0,0,0,,,,,,,,
101048941,Crashes_2010_2019_MPO,2015-12-14,2015,35.96463,-86.7904,True,0,0,0,,,,,,,,
101049124,Crashes_2010_2019_MPO,2015-12-14,2015,36.04079,-86.77933,False,0,0,0,,,,,,,,
101060873,Crashes_2010_2019_MPO,2015-12-14,2015,35.92775,-86.82122,False,0,0,0,,,,,,,,
101049337,Crashes_2010_2019_MPO,2015-12-14,2015,35.96161,-86.81528,False,0,0,0,,,,,,,,
101048995,Crashes_2010_2019_MPO,2015-12-14,2015,36.03256,-86.7687,False,0,0,0,,,,,,,,
101049589,Crashes_2010_2019_MPO,2015-12-14,2015,36.034001,-86.788459,True,0,0,0,,,,,,,,
101049588,Crashes_2010_2019_MPO,2015-12-14,2015,35.97454,-86.80469,True,0,0,0,,,,,,,,
101049336,Crashes_2010_2019_MPO,2015-12-14,2015,35.95557,-86.82878,False,0,0,0,,,,,,,,
101048875,Crashes_2010_2019_MPO,2015-12-14,2015,35.99767,-86.79468,True,0,0,0,,,,,,,,
101049175,Crashes_2010_2019_MPO,2015-12-14,2015,36.03738,-86.791,False,0,0,0,,,,,,,,
101049219,Crashes_2010_2019_MPO,2015-12-14,2015,35.94782,-86.81975,False,0,0,0,,,,,,,,
101049164,Crashes_2010_2019_MPO,2015-12-14,2015,35.95716,-86.84314,False,0,0,0,,,,,,,,
101049481,Crashes_2010_2019_MPO,2015-12-14,2015,35.94767,-86.86616,False,0,0,0,,,,,,,,
101050313,Crashes_2010_2019_MPO,2015-12-14,2015,35.9584,-86.80226,False,0,0,0,,,,,,,,
101048942,Crashes_2010_2019_MPO,2015-12-14,2015,35.96716,-86.81351,True,0,0,0,,,,,,,,
101050483,Crashes_2010_2019_MPO,2015-12-15,2015,36.00665,-86.78827,True,0,0,0,,,,,,,,
101049663,Crashes_2010_2019_MPO,2015-12-15,2015,35.98839,-86.81552,True,0,0,0,,,,,,,,
101049887,Crashes_2010_2019_MPO,2015-12-15,2015,35.92743,-86.86577,False,0,0,0,,,,,,,,
101049918,Crashes_2010_2019_MPO,2015-12-15,2015,35.94702,-86.85336,False,0,0,0,,,,,,,,
101049596,Crashes_2010_2019_MPO,2015-12-15,2015,35.98423,-86.72367,True,0,0,0,,,,,,,,
101050482,Crashes_2010_2019_MPO,2015-12-15,2015,36.01975,-86.77562,True,0,0,0,,,,,,,,
101049926,Crashes_2010_2019_MPO,2015-12-15,2015,36.04476,-86.7811,False,0,0,0,,,,,,,,
101049899,Crashes_2010_2019_MPO,2015-12-15,2015,35.93454,-86.81957,False,0,0,0,,,,,,,,
101050065,Crashes_2010_2019_MPO,2015-12-15,2015,36.0417,-86.74862,False,0,0,0,,,,,,,,
101050015,Crashes_2010_2019_MPO,2015-12-15,2015,36.0488,-86.71367,False,0,0,0,,,,,,,,
101050369,Crashes_2010_2019_MPO,2015-12-15,2015,36.02423,-86.7424,False,0,0,0,,,,,,,,
101049898,Crashes_2010_2019_MPO,2015-12-15,2015,35.94027,-86.8313,False,0,0,0,,,,,,,,
101050227,Crashes_2010_2019_MPO,2015-12-15,2015,36.04537,-86.71326,False,0,0,0,,,,,,,,
101050125,Crashes_2010_2019_MPO,2015-12-15,2015,35.96681,-86.81119,True,0,0,0,,,,,,,,
101049825,Crashes_2010_2019_MPO,2015-12-15,2015,36.033005,-86.786571,True,0,0,0,,,,,,,,
101050046,Crashes_2010_2019_MPO,2015-12-15,2015,35.9694,-86.8096,True,0,0,0,,,,,,,,
101049789,Crashes_2010_2019_MPO,2015-12-15,2015,35.93732,-86.87883,False,0,0,0,,,,,,,,
101049646,Crashes_2010_2019_MPO,2015-12-15,2015,35.95808,-86.81039,False,0,0,0,,,,,,,,
101050652,Crashes_2010_2019_MPO,2015-12-16,2015,36.04059,-86.77107,False,0,0,0,,,,,,,,
101062736,Crashes_2010_2019_MPO,2015-12-16,2015,35.97262,-86.80536,True,0,0,0,,,,,,,,
101050427,Crashes_2010_2019_MPO,2015-12-16,2015,36.04059,-86.77107,False,0,0,0,,,,,,,,
101050744,Crashes_2010_2019_MPO,2015-12-16,2015,35.97703,-86.72558,True,0,0,0,,,,,,,,
101050500,Crashes_2010_2019_MPO,2015-12-16,2015,35.96586,-86.80284,True,0,0,0,,,,,,,,
101061035,Crashes_2010_2019_MPO,2015-12-16,2015,35.92949,-86.85959,False,0,0,0,,,,,,,,
101050753,Crashes_2010_2019_MPO,2015-12-16,2015,36.034118,-86.788319,True,0,0,0,,,,,,,,
101061159,Crashes_2010_2019_MPO,2015-12-16,2015,35.92441,-86.82477,False,0,0,0,,,,,,,,
101061634,Crashes_2010_2019_MPO,2015-12-16,2015,35.97467,-86.87747,False,0,0,0,,,,,,,,
101050240,Crashes_2010_2019_MPO,2015-12-16,2015,36.0389,-86.67745,False,0,0,0,,,,,,,,
101050385,Crashes_2010_2019_MPO,2015-12-16,2015,35.96669,-86.809075,True,0,0,0,,,,,,,,
101062590,Crashes_2010_2019_MPO,2015-12-16,2015,36.04299,-86.84232,False,0,0,0,,,,,,,,
101050819,Crashes_2010_2019_MPO,2015-12-16,2015,36.04202,-86.78233,False,0,0,0,,,,,,,,
101060889,Crashes_2010_2019_MPO,2015-12-16,2015,35.95326,-86.81509,False,0,0,0,,,,,,,,
101061030,Crashes_2010_2019_MPO,2015-12-16,2015,36.04542,-86.71835,False,0,0,0,,,,,,,,
101050834,Crashes_2010_2019_MPO,2015-12-16,2015,35.97544,-86.83067,True,0,0,0,,,,,,,,
101050766,Crashes_2010_2019_MPO,2015-12-16,2015,35.9325,-86.86245,False,0,0,0,,,,,,,,
101064754,Crashes_2010_2019_MPO,2015-12-16,2015,35.94036,-86.83304,False,0,0,0,,,,,,,,
101061034,Crashes_2010_2019_MPO,2015-12-16,2015,35.93753,-86.82139,False,0,0,0,,,,,,,,
101061158,Crashes_2010_2019_MPO,2015-12-16,2015,35.95073,-86.81874,False,0,0,0,,,,,,,,
101061485,Crashes_2010_2019_MPO,2015-12-17,2015,35.99905,-86.80869,True,0,0,0,,,,,,,,
101061525,Crashes_2010_2019_MPO,2015-12-17,2015,35.962,-86.8018,True,0,0,0,,,,,,,,
101061293,Crashes_2010_2019_MPO,2015-12-17,2015,36.04044,-86.78288,False,0,0,0,,,,,,,,
101061477,Crashes_2010_2019_MPO,2015-12-17,2015,35.93467,-86.87808,False,0,0,0,,,,,,,,
101061849,Crashes_2010_2019_MPO,2015-12-17,2015,35.92947,-86.87556,False,0,0,0,,,,,,,,
101061594,Crashes_2010_2019_MPO,2015-12-17,2015,36.00952,-86.70168,False,0,0,0,,,,,,,,
101061812,Crashes_2010_2019_MPO,2015-12-17,2015,35.98382,-86.69819,True,0,0,0,,,,,,,,
101064649,Crashes_2010_2019_MPO,2015-12-17,2015,35.97638,-86.80431,True,0,0,0,,,,,,,,
101061898,Crashes_2010_2019_MPO,2015-12-17,2015,35.96958,-86.82012,True,0,0,0,,,,,,,,
101061415,Crashes_2010_2019_MPO,2015-12-17,2015,35.92915,-86.82429,False,0,0,0,,,,,,,,
101061179,Crashes_2010_2019_MPO,2015-12-17,2015,36.03763,-86.78505,False,0,0,0,,,,,,,,
101064970,Crashes_2010_2019_MPO,2015-12-17,2015,36.0409,-86.77938,False,0,0,0,,,,,,,,
101060977,Crashes_2010_2019_MPO,2015-12-17,2015,35.96984,-86.72367,True,0,0,0,,,,,,,,
101061479,Crashes_2010_2019_MPO,2015-12-17,2015,35.94612,-86.82346,False,0,0,0,,,,,,,,
101064755,Crashes_2010_2019_MPO,2015-12-17,2015,35.95483,-86.82596,False,0,0,0,,,,,,,,
101063266,Crashes_2010_2019_MPO,2015-12-18,2015,35.93946,-86.83859,False,0,0,0,,,,,,,,
101062212,Crashes_2010_2019_MPO,2015-12-18,2015,35.96719,-86.8142,True,0,0,0,,,,,,,,
101062384,Crashes_2010_2019_MPO,2015-12-18,2015,35.9968,-86.797,True,0,0,1,,,,,,,,
101065085,Crashes_2010_2019_MPO,2015-12-18,2015,35.92586,-86.87304,False,0,0,0,,,,,,,,
101062236,Crashes_2010_2019_MPO,2015-12-18,2015,35.96312,-86.81897,True,0,0,0,,,,,,,,
101061993,Crashes_2010_2019_MPO,2015-12-18,2015,35.93554,-86.82375,False,0,0,0,,,,,,,,
101064908,Crashes_2010_2019_MPO,2015-12-18,2015,35.94817,-86.81749,False,0,0,0,,,,,,,,
101062244,Crashes_2010_2019_MPO,2015-12-18,2015,36.0344,-86.74356,False,0,0,0,,,,,,,,
101062352,Crashes_2010_2019_MPO,2015-12-18,2015,35.96716,-86.81351,True,0,0,0,,,,,,,,
101062403,Crashes_2010_2019_MPO,2015-12-18,2015,36.04537,-86.71326,False,0,0,0,,,,,,,,
101062349,Crashes_2010_2019_MPO,2015-12-18,2015,35.95363,-86.81782,False,0,0,0,,,,,,,,
101061903,Crashes_2010_2019_MPO,2015-12-18,2015,35.99805,-86.79676,True,0,0,0,,,,,,,,
101062240,Crashes_2010_2019_MPO,2015-12-18,2015,36.026495,-86.792487,True,0,0,0,,,,,,,,
101062394,Crashes_2010_2019_MPO,2015-12-18,2015,35.99601,-86.78411,True,0,0,0,,,,,,,,
101061791,Crashes_2010_2019_MPO,2015-12-18,2015,35.95939,-86.84169,False,0,0,0,,,,,,,,
101061933,Crashes_2010_2019_MPO,2015-12-18,2015,35.96653,-86.80932,True,0,0,0,,,,,,,,
101062526,Crashes_2010_2019_MPO,2015-12-18,2015,35.92999,-86.84028,False,0,0,0,,,,,,,,
101062405,Crashes_2010_2019_MPO,2015-12-18,2015,35.96559,-86.801,True,0,0,0,,,,,,,,
101062851,Crashes_2010_2019_MPO,2015-12-18,2015,35.99781,-86.79886,True,0,0,0,,,,,,,,
101062097,Crashes_2010_2019_MPO,2015-12-18,2015,35.97248,-86.80565,True,0,0,0,,,,,,,,
101061997,Crashes_2010_2019_MPO,2015-12-18,2015,35.95752,-86.7676,True,0,0,0,,,,,,,,
101061943,Crashes_2010_2019_MPO,2015-12-18,2015,35.97702,-86.77061,True,0,0,0,,,,,,,,
101062617,Crashes_2010_2019_MPO,2015-12-19,2015,35.96462,-86.7903,True,0,0,0,,,,,,,,
101063200,Crashes_2010_2019_MPO,2015-12-19,2015,35.9788,-86.76313,True,0,0,0,,,,,,,,
101063186,Crashes_2010_2019_MPO,2015-12-19,2015,36.03606,-86.78506,False,0,1,0,,,,,,,,
101063267,Crashes_2010_2019_MPO,2015-12-19,2015,35.94741,-86.82039,False,0,0,0,,,,,,,,
101062868,Crashes_2010_2019_MPO,2015-12-19,2015,35.95217,-86.81643,False,0,0,0,,,,,,,,
101062926,Crashes_2010_2019_MPO,2015-12-19,2015,35.99784,-86.79915,True,0,0,0,,,,,,,,
101062966,Crashes_2010_2019_MPO,2015-12-19,2015,36.00225,-86.79282,True,0,0,0,,,,,,,,
101063002,Crashes_2010_2019_MPO,2015-12-19,2015,35.96029,-86.81193,False,0,0,0,,,,,,,,
101062880,Crashes_2010_2019_MPO,2015-12-19,2015,35.98985,-86.77794,True,0,0,0,,,,,,,,
101062855,Crashes_2010_2019_MPO,2015-12-19,2015,36.04545,-86.68537,False,0,0,0,,,,,,,,
101062894,Crashes_2010_2019_MPO,2015-12-19,2015,36.04001,-86.74349,False,0,0,0,,,,,,,,
101063052,Crashes_2010_2019_MPO,2015-12-19,2015,36.04542,-86.71317,False,0,0,0,,,,,,,,
101063215,Crashes_2010_2019_MPO,2015-12-19,2015,35.96673,-86.80908,True,0,0,0,,,,,,,,
101062813,Crashes_2010_2019_MPO,2015-12-19,2015,35.9711,-86.67836,False,0,0,0,,,,,,,,
101062854,Crashes_2010_2019_MPO,2015-12-19,2015,35.965944,-86.807239,False,0,0,0,,,,,,,,
101062860,Crashes_2010_2019_MPO,2015-12-19,2015,35.97329,-86.80538,True,0,0,0,,,,,,,,
101063500,Crashes_2010_2019_MPO,2015-12-20,2015,35.96508,-86.80024,True,0,0,0,,,,,,,,
101063796,Crashes_2010_2019_MPO,2015-12-20,2015,36.01927,-86.70925,False,0,0,0,,,,,,,,
101063571,Crashes_2010_2019_MPO,2015-12-20,2015,35.92819,-86.83094,False,0,0,0,,,,,,,,
101063591,Crashes_2010_2019_MPO,2015-12-20,2015,36.04479,-86.72487,False,0,0,0,,,,,,,,
101063970,Crashes_2010_2019_MPO,2015-12-21,2015,35.94872,-86.83189,False,0,0,0,,,,,,,,
101064160,Crashes_2010_2019_MPO,2015-12-21,2015,35.97612,-86.82901,True,0,0,0,,,,,,,,
101064208,Crashes_2010_2019_MPO,2015-12-21,2015,35.96174,-86.80177,True,0,0,0,,,,,,,,
101064487,Crashes_2010_2019_MPO,2015-12-21,2015,36.04344,-86.78135,False,0,0,0,,,,,,,,
101064193,Crashes_2010_2019_MPO,2015-12-21,2015,35.96496,-86.72778,True,0,0,0,,,,,,,,
101064186,Crashes_2010_2019_MPO,2015-12-21,2015,36.03312,-86.77428,False,0,0,0,,,,,,,,
101064351,Crashes_2010_2019_MPO,2015-12-21,2015,35.94677,-86.85185,False,0,0,0,,,,,,,,
101064350,Crashes_2010_2019_MPO,2015-12-21,2015,35.93215,-86.79441,False,0,0,0,,,,,,,,
101064372,Crashes_2010_2019_MPO,2015-12-21,2015,35.94736,-86.82105,False,0,1,0,,,,,,,,
101064007,Crashes_2010_2019_MPO,2015-12-21,2015,36.0269,-86.68083,False,0,0,0,,,,,,,,
101064574,Crashes_2010_2019_MPO,2015-12-21,2015,36.033094,-86.78679,True,0,0,0,,,,,,,,
101065986,Crashes_2010_2019_MPO,2015-12-21,2015,36.04353,-86.78127,False,0,0,0,,,,,,,,
101064361,Crashes_2010_2019_MPO,2015-12-21,2015,36.03201,-86.76343,False,0,0,0,,,,,,,,
101064423,Crashes_2010_2019_MPO,2015-12-21,2015,35.95078,-86.80672,False,0,0,0,,,,,,,,