record_no,source_layer,collision_ts,crash_year,latitude,longitude,in_city,fatalities,non_motorists,truck_involved,serious_injuries,pedestrian,bicycle,crash_type,manner_of_collision,lighting,weather,first_harmful_event
101064187,Crashes_2010_2019_MPO,2015-12-21,2015,36.03313,-86.77441,False,0,0,0,,,,,,,,
101063846,Crashes_2010_2019_MPO,2015-12-21,2015,35.96654,-86.80937,True,0,0,0,,,,,,,,
101064276,Crashes_2010_2019_MPO,2015-12-21,2015,35.97103,-86.72644,True,0,0,0,,,,,,,,
101063785,Crashes_2010_2019_MPO,2015-12-21,2015,36.04441,-86.78039,False,0,0,0,,,,,,,,
101064476,Crashes_2010_2019_MPO,2015-12-21,2015,35.97334,-86.86829,False,0,0,0,,,,,,,,
101064341,Crashes_2010_2019_MPO,2015-12-21,2015,36.03747,-86.79098,False,0,0,0,,,,,,,,
101063900,Crashes_2010_2019_MPO,2015-12-21,2015,35.93,-86.8563,False,0,0,0,,,,,,,,
101064333,Crashes_2010_2019_MPO,2015-12-21,2015,35.95527,-86.82616,False,0,0,0,,,,,,,,
101064292,Crashes_2010_2019_MPO,2015-12-21,2015,35.96003,-86.82307,False,0,0,0,,,,,,,,
101064325,Crashes_2010_2019_MPO,2015-12-21,2015,35.96133,-86.81226,False,0,0,0,,,,,,,,
101064251,Crashes_2010_2019_MPO,2015-12-21,2015,36.0344,-86.74356,False,0,0,0,,,,,,,,
101064793,Crashes_2010_2019_MPO,2015-12-22,2015,36.0417,-86.74389,False,0,0,0,,,,,,,,
101064940,Crashes_2010_2019_MPO,2015-12-22,2015,36.04168,-86.74801,False,0,0,0,,,,,,,,
101066540,Crashes_2010_2019_MPO,2015-12-22,2015,35.97102,-86.67835,False,0,0,0,,,,,,,,
101065169,Crashes_2010_2019_MPO,2015-12-22,2015,35.99672,-86.69004,False,0,0,0,,,,,,,,
101065207,Crashes_2010_2019_MPO,2015-12-22,2015,35.97968,-86.8605,False,0,0,0,,,,,,,,
101065425,Crashes_2010_2019_MPO,2015-12-22,2015,35.99734,-86.79486,True,0,0,0,,,,,,,,
101066004,Crashes_2010_2019_MPO,2015-12-22,2015,35.95368,-86.71968,False,0,0,0,,,,,,,,
101064726,Crashes_2010_2019_MPO,2015-12-22,2015,35.92999,-86.86435,False,0,0,0,,,,,,,,
101064905,Crashes_2010_2019_MPO,2015-12-22,2015,35.93493,-86.77701,False,0,0,0,,,,,,,,
101064644,Crashes_2010_2019_MPO,2015-12-22,2015,36.02496,-86.79339,True,0,0,0,,,,,,,,
101064732,Crashes_2010_2019_MPO,2015-12-22,2015,36.0412,-86.7762,False,0,0,0,,,,,,,,
101065074,Crashes_2010_2019_MPO,2015-12-22,2015,36.04732,-86.86273,False,0,0,0,,,,,,,,
101065150,Crashes_2010_2019_MPO,2015-12-22,2015,36.04087,-86.751,False,0,0,0,,,,,,,,
101064991,Crashes_2010_2019_MPO,2015-12-22,2015,35.97025,-86.80905,True,0,0,0,,,,,,,,
101064910,Crashes_2010_2019_MPO,2015-12-22,2015,35.93358,-86.81894,False,0,0,0,,,,,,,,
101064587,Crashes_2010_2019_MPO,2015-12-22,2015,36.04185,-86.78238,False,0,0,0,,,,,,,,
101064821,Crashes_2010_2019_MPO,2015-12-22,2015,36.03474,-86.78792,True,0,0,0,,,,,,,,
101064616,Crashes_2010_2019_MPO,2015-12-22,2015,35.94435,-86.81988,False,0,0,0,,,,,,,,
101064509,Crashes_2010_2019_MPO,2015-12-22,2015,36.04315,-86.78155,False,0,0,0,,,,,,,,
101065155,Crashes_2010_2019_MPO,2015-12-22,2015,35.98829,-86.70588,True,0,0,0,,,,,,,,
101067815,Crashes_2010_2019_MPO,2015-12-22,2015,36.03772,-86.79475,False,0,0,0,,,,,,,,
101065117,Crashes_2010_2019_MPO,2015-12-22,2015,36.03654,-86.78689,False,0,0,0,,,,,,,,
101065856,Crashes_2010_2019_MPO,2015-12-23,2015,36.03934,-86.78566,False,0,0,0,,,,,,,,
101065750,Crashes_2010_2019_MPO,2015-12-23,2015,36.04488,-86.7131,False,0,0,0,,,,,,,,
101065644,Crashes_2010_2019_MPO,2015-12-23,2015,35.99163,-86.79879,True,0,0,0,,,,,,,,
101068424,Crashes_2010_2019_MPO,2015-12-23,2015,35.97288,-86.80552,True,0,0,0,,,,,,,,
101066146,Crashes_2010_2019_MPO,2015-12-23,2015,36.04521,-86.71653,False,0,0,0,,,,,,,,
101065761,Crashes_2010_2019_MPO,2015-12-23,2015,35.94543,-86.82308,False,0,0,0,,,,,,,,
101067568,Crashes_2010_2019_MPO,2015-12-23,2015,36.04287,-86.78172,False,0,0,0,,,,,,,,
101065934,Crashes_2010_2019_MPO,2015-12-23,2015,35.92392,-86.79654,False,0,0,0,,,,,,,,
101065458,Crashes_2010_2019_MPO,2015-12-23,2015,35.96654,-86.80936,True,0,0,0,,,,,,,,
101067853,Crashes_2010_2019_MPO,2015-12-23,2015,35.96189,-86.81469,False,0,0,0,,,,,,,,
101065606,Crashes_2010_2019_MPO,2015-12-23,2015,35.9584,-86.80299,False,0,0,0,,,,,,,,
101065605,Crashes_2010_2019_MPO,2015-12-23,2015,35.96523,-86.81302,False,0,0,0,,,,,,,,
101066047,Crashes_2010_2019_MPO,2015-12-23,2015,35.96755,-86.81661,True,0,0,0,,,,,,,,
101065293,Crashes_2010_2019_MPO,2015-12-23,2015,36.04101,-86.67782,False,0,0,0,,,,,,,,
101065468,Crashes_2010_2019_MPO,2015-12-23,2015,35.95285,-86.81247,False,0,0,0,,,,,,,,
101065611,Crashes_2010_2019_MPO,2015-12-23,2015,35.99981,-86.83877,False,0,0,0,,,,,,,,
101066134,Crashes_2010_2019_MPO,2015-12-23,2015,35.94658,-86.82378,False,0,0,0,,,,,,,,
101068548,Crashes_2010_2019_MPO,2015-12-23,2015,35.93455,-86.82111,False,0,0,0,,,,,,,,
101066026,Crashes_2010_2019_MPO,2015-12-23,2015,36.01571,-86.84497,False,0,0,0,,,,,,,,
101066116,Crashes_2010_2019_MPO,2015-12-24,2015,35.94334,-86.80977,False,0,0,0,,,,,,,,
101066380,Crashes_2010_2019_MPO,2015-12-24,2015,35.94716,-86.82101,False,0,1,0,,,,,,,,
101066165,Crashes_2010_2019_MPO,2015-12-24,2015,35.94644,-86.80868,False,0,0,0,,,,,,,,
101066360,Crashes_2010_2019_MPO,2015-12-24,2015,36.04631,-86.67697,False,0,0,0,,,,,,,,
101067098,Crashes_2010_2019_MPO,2015-12-24,2015,35.94683,-86.82187,False,0,0,0,,,,,,,,
101066440,Crashes_2010_2019_MPO,2015-12-24,2015,36.04142,-86.77998,False,0,0,0,,,,,,,,
101066197,Crashes_2010_2019_MPO,2015-12-24,2015,35.94325,-86.82072,False,0,0,0,,,,,,,,
101065912,Crashes_2010_2019_MPO,2015-12-24,2015,36.03904,-86.73487,False,0,0,1,,,,,,,,
101066788,Crashes_2010_2019_MPO,2015-12-25,2015,36.03938,-86.78274,False,0,0,0,,,,,,,,
101067130,Crashes_2010_2019_MPO,2015-12-25,2015,35.96515,-86.72714,True,0,0,0,,,,,,,,
101067879,Crashes_2010_2019_MPO,2015-12-25,2015,36.04161,-86.78244,False,0,0,0,,,,,,,,
101066773,Crashes_2010_2019_MPO,2015-12-25,2015,36.02502,-86.74241,False,0,0,0,,,,,,,,
101066722,Crashes_2010_2019_MPO,2015-12-25,2015,36.04108,-86.77639,False,0,0,0,,,,,,,,
101066755,Crashes_2010_2019_MPO,2015-12-25,2015,36.01566,-86.74065,False,0,0,0,,,,,,,,
101067313,Crashes_2010_2019_MPO,2015-12-26,2015,36.05011,-86.87327,False,0,0,0,,,,,,,,
101067270,Crashes_2010_2019_MPO,2015-12-26,2015,35.95747,-86.81638,False,0,0,0,,,,,,,,
101066944,Crashes_2010_2019_MPO,2015-12-26,2015,36.04602,-86.77771,False,0,0,0,,,,,,,,
101067151,Crashes_2010_2019_MPO,2015-12-26,2015,35.99742,-86.69068,False,0,0,0,,,,,,,,
101067012,Crashes_2010_2019_MPO,2015-12-26,2015,36.03732,-86.71322,False,0,0,0,,,,,,,,
101066851,Crashes_2010_2019_MPO,2015-12-26,2015,35.9229,-86.87375,False,0,0,0,,,,,,,,
101067009,Crashes_2010_2019_MPO,2015-12-26,2015,36.03998,-86.7813,False,0,0,0,,,,,,,,
101067277,Crashes_2010_2019_MPO,2015-12-26,2015,36.04108,-86.75053,False,0,0,0,,,,,,,,
101066919,Crashes_2010_2019_MPO,2015-12-26,2015,36.04291,-86.78168,False,0,0,0,,,,,,,,
101071120,Crashes_2010_2019_MPO,2015-12-26,2015,35.9492,-86.81861,False,0,0,0,,,,,,,,
101067368,Crashes_2010_2019_MPO,2015-12-27,2015,36.00987,-86.74136,True,0,0,0,,,,,,,,
101067635,Crashes_2010_2019_MPO,2015-12-27,2015,35.95034,-86.81873,False,0,0,0,,,,,,,,
101067647,Crashes_2010_2019_MPO,2015-12-27,2015,36.04537,-86.71326,False,0,0,0,,,,,,,,
101067475,Crashes_2010_2019_MPO,2015-12-27,2015,35.96986,-86.72471,True,0,0,0,,,,,,,,
101067776,Crashes_2010_2019_MPO,2015-12-27,2015,35.95167,-86.80637,False,0,0,0,,,,,,,,
101067893,Crashes_2010_2019_MPO,2015-12-27,2015,35.96184,-86.81449,False,0,0,0,,,,,,,,
101067625,Crashes_2010_2019_MPO,2015-12-27,2015,36.01395,-86.71936,False,0,0,0,,,,,,,,
101068156,Crashes_2010_2019_MPO,2015-12-28,2015,35.94476,-86.82852,False,0,0,0,,,,,,,,
101068993,Crashes_2010_2019_MPO,2015-12-28,2015,36.033373,-86.874402,False,0,0,0,,,,,,,,
101068234,Crashes_2010_2019_MPO,2015-12-28,2015,35.96462,-86.81473,True,0,0,0,,,,,,,,
101067919,Crashes_2010_2019_MPO,2015-12-28,2015,36.01286,-86.80081,True,0,0,0,,,,,,,,
101068204,Crashes_2010_2019_MPO,2015-12-28,2015,35.94114,-86.83623,False,0,0,0,,,,,,,,
101068307,Crashes_2010_2019_MPO,2015-12-28,2015,35.97348,-86.86843,False,0,0,0,,,,,,,,
101067927,Crashes_2010_2019_MPO,2015-12-28,2015,35.92373,-86.79452,False,0,0,0,,,,,,,,
101068217,Crashes_2010_2019_MPO,2015-12-28,2015,35.9667,-86.81367,True,0,0,0,,,,,,,,
101068060,Crashes_2010_2019_MPO,2015-12-28,2015,35.94516,-86.81275,False,0,0,0,,,,,,,,
101068002,Crashes_2010_2019_MPO,2015-12-28,2015,35.99291,-86.81254,True,0,0,0,,,,,,,,
101068347,Crashes_2010_2019_MPO,2015-12-28,2015,35.95673,-86.83969,False,0,0,0,,,,,,,,
101068780,Crashes_2010_2019_MPO,2015-12-29,2015,35.92738,-86.8687,False,0,0,0,,,,,,,,
101069504,Crashes_2010_2019_MPO,2015-12-29,2015,36.04519,-86.71602,False,0,0,0,,,,,,,,
101068954,Crashes_2010_2019_MPO,2015-12-29,2015,36.00467,-86.79031,True,0,0,0,,,,,,,,
101068905,Crashes_2010_2019_MPO,2015-12-29,2015,36.04557,-86.71952,False,0,0,0,,,,,,,,
101068744,Crashes_2010_2019_MPO,2015-12-29,2015,36.03995,-86.78093,False,0,0,0,,,,,,,,
101069147,Crashes_2010_2019_MPO,2015-12-29,2015,35.9524,-86.81798,False,0,0,0,,,,,,,,
101068691,Crashes_2010_2019_MPO,2015-12-29,2015,35.96735,-86.81505,True,0,0,0,,,,,,,,
101068788,Crashes_2010_2019_MPO,2015-12-29,2015,35.96732,-86.81479,True,0,0,0,,,,,,,,
101068636,Crashes_2010_2019_MPO,2015-12-29,2015,35.95026,-86.81725,False,0,0,0,,,,,,,,
101068516,Crashes_2010_2019_MPO,2015-12-29,2015,36.04545,-86.7036,False,0,0,0,,,,,,,,
101068840,Crashes_2010_2019_MPO,2015-12-29,2015,35.99723,-86.6904,False,0,0,0,,,,,,,,
101068675,Crashes_2010_2019_MPO,2015-12-29,2015,35.92391,-86.87162,False,0,0,0,,,,,,,,
101069503,Crashes_2010_2019_MPO,2015-12-30,2015,36.04068,-86.81772,False,0,0,0,,,,,,,,
101069320,Crashes_2010_2019_MPO,2015-12-30,2015,36.03907,-86.78268,False,0,0,0,,,,,,,,
101069018,Crashes_2010_2019_MPO,2015-12-30,2015,36.04489,-86.86476,True,0,0,0,,,,,,,,
101069170,Crashes_2010_2019_MPO,2015-12-30,2015,36.04577,-86.85563,False,0,0,0,,,,,,,,
101069385,Crashes_2010_2019_MPO,2015-12-30,2015,35.92609,-86.87139,False,0,0,0,,,,,,,,
101069283,Crashes_2010_2019_MPO,2015-12-30,2015,35.94701,-86.82195,False,0,0,0,,,,,,,,
101069348,Crashes_2010_2019_MPO,2015-12-30,2015,36.03928,-86.74344,False,0,0,0,,,,,,,,
101069263,Crashes_2010_2019_MPO,2015-12-30,2015,36.03967,-86.78146,False,0,0,0,,,,,,,,
101070082,Crashes_2010_2019_MPO,2015-12-31,2015,35.98951,-86.69614,True,0,0,0,,,,,,,,
101070046,Crashes_2010_2019_MPO,2015-12-31,2015,35.97247,-86.86697,False,0,0,0,,,,,,,,
101069760,Crashes_2010_2019_MPO,2015-12-31,2015,35.92728,-86.73964,False,0,0,0,,,,,,,,
101069748,Crashes_2010_2019_MPO,2015-12-31,2015,36.0429,-86.72635,False,0,0,0,,,,,,,,
101071121,Crashes_2010_2019_MPO,2015-12-31,2015,35.95005,-86.81905,False,0,0,0,,,,,,,,
101070066,Crashes_2010_2019_MPO,2015-12-31,2015,35.94922,-86.68673,False,0,0,0,,,,,,,,
101069711,Crashes_2010_2019_MPO,2015-12-31,2015,36.026532,-86.79251,True,0,0,0,,,,,,,,
101069926,Crashes_2010_2019_MPO,2015-12-31,2015,35.94228,-86.82093,False,0,0,0,,,,,,,,
101069825,Crashes_2010_2019_MPO,2015-12-31,2015,35.96541,-86.80379,True,0,0,0,,,,,,,,
101071123,Crashes_2010_2019_MPO,2016-01-01,2016,35.94688,-86.82184,False,0,0,0,,,,,,,,
101071828,Crashes_2010_2019_MPO,2016-01-01,2016,35.99608,-86.78484,True,0,0,0,,,,,,,,
101070576,Crashes_2010_2019_MPO,2016-01-01,2016,35.96941,-86.67797,False,0,0,0,,,,,,,,
101070291,Crashes_2010_2019_MPO,2016-01-01,2016,36.0454,-86.71306,False,0,0,0,,,,,,,,
101070557,Crashes_2010_2019_MPO,2016-01-01,2016,35.99159,-86.75398,True,0,0,0,,,,,,,,
101070040,Crashes_2010_2019_MPO,2016-01-01,2016,36.05121,-86.81908,False,0,0,0,,,,,,,,
101070095,Crashes_2010_2019_MPO,2016-01-01,2016,36.05472,-86.74158,False,0,0,0,,,,,,,,
101071124,Crashes_2010_2019_MPO,2016-01-02,2016,35.92612,-86.867,False,0,0,0,,,,,,,,
101070842,Crashes_2010_2019_MPO,2016-01-02,2016,36.02193,-86.7951,True,0,1,1,,,,,,,,
101070833,Crashes_2010_2019_MPO,2016-01-02,2016,36.04053,-86.74379,False,0,1,0,,,,,,,,
101070888,Crashes_2010_2019_MPO,2016-01-02,2016,36.04384,-86.69313,False,0,0,0,,,,,,,,
101070978,Crashes_2010_2019_MPO,2016-01-02,2016,35.93067,-86.8202,False,0,0,0,,,,,,,,
101070666,Crashes_2010_2019_MPO,2016-01-02,2016,35.96706,-86.80753,True,0,0,0,,,,,,,,
101070693,Crashes_2010_2019_MPO,2016-01-02,2016,36.03959,-86.78166,False,0,0,0,,,,,,,,
101070986,Crashes_2010_2019_MPO,2016-01-02,2016,35.99816,-86.68106,False,0,0,0,,,,,,,,
101071125,Crashes_2010_2019_MPO,2016-01-02,2016,35.9544,-86.8125,False,0,0,0,,,,,,,,
101070818,Crashes_2010_2019_MPO,2016-01-02,2016,36.04012,-86.78057,False,0,0,0,,,,,,,,
101070714,Crashes_2010_2019_MPO,2016-01-02,2016,36.05152,-86.85922,False,0,0,0,,,,,,,,
101071427,Crashes_2010_2019_MPO,2016-01-03,2016,36.01092,-86.72786,False,0,0,0,,,,,,,,
101071251,Crashes_2010_2019_MPO,2016-01-03,2016,36.03416,-86.71308,False,0,0,0,,,,,,,,
101071321,Crashes_2010_2019_MPO,2016-01-03,2016,36.04028,-86.76837,False,0,0,0,,,,,,,,
101071042,Crashes_2010_2019_MPO,2016-01-03,2016,36.05038,-86.69725,False,0,0,0,,,,,,,,
101074691,Crashes_2010_2019_MPO,2016-01-03,2016,35.96301,-86.70659,True,0,0,0,,,,,,,,
101072549,Crashes_2010_2019_MPO,2016-01-03,2016,36.03755,-86.78503,False,0,0,0,,,,,,,,
101073799,Crashes_2010_2019_MPO,2016-01-03,2016,36.04956,-86.71382,False,0,0,0,,,,,,,,
101071346,Crashes_2010_2019_MPO,2016-01-03,2016,35.95412,-86.81556,False,0,0,0,,,,,,,,
101072832,Crashes_2010_2019_MPO,2016-01-03,2016,36.03964,-86.78171,False,0,0,0,,,,,,,,
101071013,Crashes_2010_2019_MPO,2016-01-03,2016,36.00633,-86.78031,True,0,0,0,,,,,,,,
101071893,Crashes_2010_2019_MPO,2016-01-04,2016,35.95099,-86.81853,False,0,0,0,,,,,,,,
101072385,Crashes_2010_2019_MPO,2016-01-04,2016,36.03984,-86.81518,False,0,0,0,,,,,,,,
101071829,Crashes_2010_2019_MPO,2016-01-04,2016,36.03862,-86.80605,False,0,0,0,,,,,,,,
101072547,Crashes_2010_2019_MPO,2016-01-04,2016,36.00097,-86.69185,False,0,0,0,,,,,,,,
101072185,Crashes_2010_2019_MPO,2016-01-04,2016,35.93081,-86.86373,False,0,0,0,,,,,,,,
101072241,Crashes_2010_2019_MPO,2016-01-04,2016,35.95164,-86.80592,False,0,0,0,,,,,,,,
101071914,Crashes_2010_2019_MPO,2016-01-04,2016,35.9294,-86.84084,False,0,0,0,,,,,,,,
101071795,Crashes_2010_2019_MPO,2016-01-04,2016,35.94786,-86.8196,False,0,0,0,,,,,,,,
101071827,Crashes_2010_2019_MPO,2016-01-04,2016,36.05225,-86.68159,False,0,0,0,,,,,,,,
101072071,Crashes_2010_2019_MPO,2016-01-04,2016,36.03968,-86.78158,False,0,0,0,,,,,,,,
101071907,Crashes_2010_2019_MPO,2016-01-04,2016,36.04542,-86.71317,False,0,0,0,,,,,,,,
101071865,Crashes_2010_2019_MPO,2016-01-04,2016,36.04227,-86.83665,False,0,0,0,,,,,,,,
101072088,Crashes_2010_2019_MPO,2016-01-04,2016,35.96673,-86.81069,True,0,0,0,,,,,,,,
101071846,Crashes_2010_2019_MPO,2016-01-04,2016,35.92472,-86.87428,False,0,0,0,,,,,,,,
101073002,Crashes_2010_2019_MPO,2016-01-05,2016,36.04102,-86.77944,False,0,0,0,,,,,,,,
101072439,Crashes_2010_2019_MPO,2016-01-05,2016,36.03756,-86.7851,False,0,0,0,,,,,,,,
101072303,Crashes_2010_2019_MPO,2016-01-05,2016,35.92417,-86.82246,False,0,0,1,,,,,,,,
101072313,Crashes_2010_2019_MPO,2016-01-05,2016,35.96203,-86.81531,False,0,0,0,,,,,,,,
101072252,Crashes_2010_2019_MPO,2016-01-05,2016,35.93206,-86.80172,False,0,0,1,,,,,,,,
101072312,Crashes_2010_2019_MPO,2016-01-05,2016,36.04537,-86.71326,False,0,0,0,,,,,,,,
101072377,Crashes_2010_2019_MPO,2016-01-05,2016,35.9584,-86.80226,False,0,0,0,,,,,,,,
101072106,Crashes_2010_2019_MPO,2016-01-05,2016,36.05019,-86.69585,False,0,0,0,,,,,,,,
101072393,Crashes_2010_2019_MPO,2016-01-05,2016,35.98623,-86.77803,True,0,0,0,,,,,,,,
101072526,Crashes_2010_2019_MPO,2016-01-05,2016,36.04526,-86.71704,False,0,0,0,,,,,,,,
101072430,Crashes_2010_2019_MPO,2016-01-05,2016,35.95548,-86.81723,False,0,0,0,,,,,,,,
101072444,Crashes_2010_2019_MPO,2016-01-05,2016,36.0455,-86.70437,False,0,0,0,,,,,,,,
101072038,Crashes_2010_2019_MPO,2016-01-05,2016,35.93706,-86.81016,False,0,0,0,,,,,,,,
101072242,Crashes_2010_2019_MPO,2016-01-05,2016,35.96722,-86.81402,True,0,0,0,,,,,,,,
101072445,Crashes_2010_2019_MPO,2016-01-05,2016,35.94873,-86.83188,False,0,0,0,,,,,,,,
101073360,Crashes_2010_2019_MPO,2016-01-06,2016,36.01331,-86.83608,True,0,0,0,,,,,,,,
101073051,Crashes_2010_2019_MPO,2016-01-06,2016,35.96681,-86.81119,True,0,0,0,,,,,,,,
101073018,Crashes_2010_2019_MPO,2016-01-06,2016,36.03529,-86.78303,False,0,0,0,,,,,,,,
101073522,Crashes_2010_2019_MPO,2016-01-06,2016,36.04549,-86.71227,False,0,0,0,,,,,,,,
101073081,Crashes_2010_2019_MPO,2016-01-06,2016,36.03753,-86.79096,False,0,0,0,,,,,,,,
101072891,Crashes_2010_2019_MPO,2016-01-06,2016,35.99781,-86.79886,True,0,0,0,,,,,,,,
101073136,Crashes_2010_2019_MPO,2016-01-06,2016,35.97185,-86.86161,False,0,0,0,,,,,,,,
101072986,Crashes_2010_2019_MPO,2016-01-06,2016,36.04683,-86.67933,False,0,0,0,,,,,,,,
101072951,Crashes_2010_2019_MPO,2016-01-06,2016,36.03735,-86.78656,False,0,0,0,,,,,,,,
101072989,Crashes_2010_2019_MPO,2016-01-06,2016,36.04523,-86.70363,False,0,0,0,,,,,,,,
101073056,Crashes_2010_2019_MPO,2016-01-06,2016,35.94276,-86.85498,False,0,0,0,,,,,,,,
101072872,Crashes_2010_2019_MPO,2016-01-06,2016,36.03908,-86.73508,False,0,0,0,,,,,,,,
101073080,Crashes_2010_2019_MPO,2016-01-06,2016,35.96758,-86.82133,True,0,0,0,,,,,,,,
101073082,Crashes_2010_2019_MPO,2016-01-06,2016,36.03986,-86.78134,False,0,0,0,,,,,,,,
101072698,Crashes_2010_2019_MPO,2016-01-06,2016,36.04547,-86.71835,False,0,0,0,,,,,,,,
101073585,Crashes_2010_2019_MPO,2016-01-07,2016,35.95721,-86.84339,False,0,0,0,,,,,,,,
101073591,Crashes_2010_2019_MPO,2016-01-07,2016,35.99462,-86.79775,True,0,0,0,,,,,,,,
101074566,Crashes_2010_2019_MPO,2016-01-07,2016,36.00673,-86.78819,True,0,0,0,,,,,,,,
101073726,Crashes_2010_2019_MPO,2016-01-07,2016,36.02204,-86.72986,False,0,0,0,,,,,,,,
101073325,Crashes_2010_2019_MPO,2016-01-07,2016,36.04537,-86.71326,False,0,0,1,,,,,,,,
101073438,Crashes_2010_2019_MPO,2016-01-07,2016,35.94024,-86.81683,False,0,0,0,,,,,,,,
101073599,Crashes_2010_2019_MPO,2016-01-07,2016,35.95993,-86.82321,False,0,0,0,,,,,,,,
101073519,Crashes_2010_2019_MPO,2016-01-07,2016,36.03994,-86.78129,False,0,0,0,,,,,,,,
101073559,Crashes_2010_2019_MPO,2016-01-07,2016,36.01628,-86.74715,True,0,0,0,,,,,,,,
101073321,Crashes_2010_2019_MPO,2016-01-07,2016,36.05149,-86.71444,False,0,0,0,,,,,,,,
101073769,Crashes_2010_2019_MPO,2016-01-07,2016,35.96681,-86.81119,True,0,0,0,,,,,,,,
101073341,Crashes_2010_2019_MPO,2016-01-07,2016,36.04658,-86.71341,False,0,0,0,,,,,,,,
101073460,Crashes_2010_2019_MPO,2016-01-07,2016,35.947,-86.81151,False,0,0,0,,,,,,,,
101074192,Crashes_2010_2019_MPO,2016-01-07,2016,35.95151,-86.73716,True,0,0,0,,,,,,,,
101073595,Crashes_2010_2019_MPO,2016-01-07,2016,35.94067,-86.83233,False,0,0,0,,,,,,,,
101073457,Crashes_2010_2019_MPO,2016-01-07,2016,35.94086,-86.83864,False,0,0,0,,,,,,,,
101073629,Crashes_2010_2019_MPO,2016-01-07,2016,35.93363,-86.87771,False,0,0,0,,,,,,,,
101073509,Crashes_2010_2019_MPO,2016-01-07,2016,36.04028,-86.76837,False,0,0,0,,,,,,,,
101073303,Crashes_2010_2019_MPO,2016-01-07,2016,35.99718,-86.79384,True,0,0,0,,,,,,,,
101073596,Crashes_2010_2019_MPO,2016-01-07,2016,35.94111,-86.8354,False,0,0,0,,,,,,,,
101073534,Crashes_2010_2019_MPO,2016-01-07,2016,36.00709,-86.78782,True,0,0,0,,,,,,,,
101074081,Crashes_2010_2019_MPO,2016-01-08,2016,36.00989,-86.80301,True,0,0,0,,,,,,,,
101074257,Crashes_2010_2019_MPO,2016-01-08,2016,35.94778,-86.81994,False,0,0,0,,,,,,,,
101074092,Crashes_2010_2019_MPO,2016-01-08,2016,36.04441,-86.78039,False,0,0,0,,,,,,,,
101074199,Crashes_2010_2019_MPO,2016-01-08,2016,35.95214,-86.81839,False,0,0,0,,,,,,,,
101073905,Crashes_2010_2019_MPO,2016-01-08,2016,36.03797,-86.79777,False,0,0,0,,,,,,,,
101074025,Crashes_2010_2019_MPO,2016-01-08,2016,35.9486,-86.81972,False,0,0,0,,,,,,,,
101073863,Crashes_2010_2019_MPO,2016-01-08,2016,36.0406,-86.77115,False,0,0,0,,,,,,,,
101074136,Crashes_2010_2019_MPO,2016-01-08,2016,35.93146,-86.86324,False,0,0,0,,,,,,,,
101074067,Crashes_2010_2019_MPO,2016-01-08,2016,35.9497,-86.80716,False,0,0,0,,,,,,,,
101074163,Crashes_2010_2019_MPO,2016-01-08,2016,36.0132,-86.73872,True,0,0,0,,,,,,,,
101074102,Crashes_2010_2019_MPO,2016-01-08,2016,36.02547,-86.71305,False,0,0,0,,,,,,,,
101074172,Crashes_2010_2019_MPO,2016-01-08,2016,35.95733,-86.80581,False,0,0,0,,,,,,,,
101074188,Crashes_2010_2019_MPO,2016-01-08,2016,35.98731,-86.81666,True,0,0,0,,,,,,,,
101074077,Crashes_2010_2019_MPO,2016-01-08,2016,35.92474,-86.87429,False,0,0,0,,,,,,,,
101074648,Crashes_2010_2019_MPO,2016-01-09,2016,36.04391,-86.71299,False,0,0,0,,,,,,,,
101074818,Crashes_2010_2019_MPO,2016-01-09,2016,36.03972,-86.75759,False,0,0,0,,,,,,,,
101074703,Crashes_2010_2019_MPO,2016-01-09,2016,35.9954,-86.77773,True,0,0,0,,,,,,,,
101074659,Crashes_2010_2019_MPO,2016-01-09,2016,35.93446,-86.81991,False,0,0,0,,,,,,,,
101074749,Crashes_2010_2019_MPO,2016-01-09,2016,36.05201,-86.71459,False,0,0,0,,,,,,,,
101074812,Crashes_2010_2019_MPO,2016-01-09,2016,36.0068,-86.78027,True,0,0,0,,,,,,,,
101074485,Crashes_2010_2019_MPO,2016-01-09,2016,36.01826,-86.68436,False,0,0,0,,,,,,,,
101074552,Crashes_2010_2019_MPO,2016-01-09,2016,36.00615,-86.78033,True,0,0,0,,,,,,,,
101075707,Crashes_2010_2019_MPO,2016-01-09,2016,35.9264,-86.76721,False,0,0,0,,,,,,,,
101075022,Crashes_2010_2019_MPO,2016-01-09,2016,35.95723,-86.81662,False,0,0,0,,,,,,,,
101074559,Crashes_2010_2019_MPO,2016-01-09,2016,36.03943,-86.78186,False,0,0,0,,,,,,,,
101074707,Crashes_2010_2019_MPO,2016-01-09,2016,35.95209,-86.81805,False,0,0,0,,,,,,,,
101093194,Crashes_2010_2019_MPO,2016-01-09,2016,35.967,-86.81247,True,0,0,0,,,,,,,,
101075172,Crashes_2010_2019_MPO,2016-01-10,2016,35.94454,-86.82064,False,0,0,0,,,,,,,,
101075390,Crashes_2010_2019_MPO,2016-01-10,2016,36.03358,-86.71296,False,0,0,0,,,,,,,,
101075151,Crashes_2010_2019_MPO,2016-01-10,2016,36.04663,-86.7135,False,0,0,0,,,,,,,,
101075978,Crashes_2010_2019_MPO,2016-01-10,2016,36.02841,-86.71261,False,0,0,0,,,,,,,,
101075115,Crashes_2010_2019_MPO,2016-01-10,2016,36.04566,-86.7133,False,0,0,0,,,,,,,,
101075236,Crashes_2010_2019_MPO,2016-01-10,2016,36.04001,-86.74347,False,0,0,0,,,,,,,,
101075144,Crashes_2010_2019_MPO,2016-01-10,2016,35.94683,-86.85172,False,0,0,0,,,,,,,,
101075737,Crashes_2010_2019_MPO,2016-01-11,2016,35.97974,-86.77698,True,0,0,0,,,,,,,,
101075691,Crashes_2010_2019_MPO,2016-01-11,2016,35.94278,-86.81597,False,0,0,0,,,,,,,,
101075350,Crashes_2010_2019_MPO,2016-01-11,2016,36.04542,-86.71835,False,0,0,0,,,,,,,,