record_no,source_layer,collision_ts,crash_year,latitude,longitude,in_city,fatalities,non_motorists,truck_involved,serious_injuries,pedestrian,bicycle,crash_type,manner_of_collision,lighting,weather,first_harmful_event
101075739,Crashes_2010_2019_MPO,2016-01-11,2016,35.9395,-86.81023,False,0,0,0,,,,,,,,
101075722,Crashes_2010_2019_MPO,2016-01-11,2016,35.93564,-86.81095,False,0,0,0,,,,,,,,
101075391,Crashes_2010_2019_MPO,2016-01-11,2016,36.04248,-86.71284,False,0,0,0,,,,,,,,
101075312,Crashes_2010_2019_MPO,2016-01-11,2016,35.95507,-86.81654,False,0,0,0,,,,,,,,
101075728,Crashes_2010_2019_MPO,2016-01-11,2016,35.99759,-86.79687,True,0,0,0,,,,,,,,
101075347,Crashes_2010_2019_MPO,2016-01-11,2016,35.9462,-86.80876,False,0,1,0,,,,,,,,
101075290,Crashes_2010_2019_MPO,2016-01-11,2016,36.03752,-86.78643,False,0,0,0,,,,,,,,
101075718,Crashes_2010_2019_MPO,2016-01-11,2016,36.033068,-86.78605,True,0,0,0,,,,,,,,
101075935,Crashes_2010_2019_MPO,2016-01-12,2016,36.04024,-86.74354,False,0,0,0,,,,,,,,
101076325,Crashes_2010_2019_MPO,2016-01-12,2016,35.95757,-86.81083,False,0,0,0,,,,,,,,
101076295,Crashes_2010_2019_MPO,2016-01-12,2016,35.96498,-86.79423,True,0,0,0,,,,,,,,
101075912,Crashes_2010_2019_MPO,2016-01-12,2016,36.04424,-86.71313,False,0,0,0,,,,,,,,
101076050,Crashes_2010_2019_MPO,2016-01-12,2016,35.99645,-86.78812,True,0,0,1,,,,,,,,
101076311,Crashes_2010_2019_MPO,2016-01-12,2016,35.94487,-86.82876,False,0,0,0,,,,,,,,
101077476,Crashes_2010_2019_MPO,2016-01-12,2016,35.93466,-86.86086,False,0,0,0,,,,,,,,
101076571,Crashes_2010_2019_MPO,2016-01-12,2016,36.00668,-86.74436,True,0,0,0,,,,,,,,
101076274,Crashes_2010_2019_MPO,2016-01-12,2016,36.0374,-86.78657,False,0,0,0,,,,,,,,
101076379,Crashes_2010_2019_MPO,2016-01-12,2016,36.03797,-86.79777,False,0,0,0,,,,,,,,
101076927,Crashes_2010_2019_MPO,2016-01-13,2016,36.04625,-86.6767,False,0,0,0,,,,,,,,
101077122,Crashes_2010_2019_MPO,2016-01-13,2016,36.03047,-86.74398,False,0,0,0,,,,,,,,
101076512,Crashes_2010_2019_MPO,2016-01-13,2016,35.96119,-86.76044,True,0,0,0,,,,,,,,
101076607,Crashes_2010_2019_MPO,2016-01-13,2016,36.04485,-86.72472,False,0,0,0,,,,,,,,
101076854,Crashes_2010_2019_MPO,2016-01-13,2016,35.94323,-86.85461,False,0,0,0,,,,,,,,
101076808,Crashes_2010_2019_MPO,2016-01-13,2016,35.97739,-86.72595,True,0,0,0,,,,,,,,
101076510,Crashes_2010_2019_MPO,2016-01-13,2016,35.99444,-86.79781,True,0,0,0,,,,,,,,
101076712,Crashes_2010_2019_MPO,2016-01-13,2016,35.93119,-86.85227,False,0,0,0,,,,,,,,
101078808,Crashes_2010_2019_MPO,2016-01-13,2016,36.02565,-86.71302,False,0,0,0,,,,,,,,
101077734,Crashes_2010_2019_MPO,2016-01-13,2016,36.00862,-86.78039,True,0,0,0,,,,,,,,
101076504,Crashes_2010_2019_MPO,2016-01-13,2016,36.01291,-86.80077,True,0,0,0,,,,,,,,
101076815,Crashes_2010_2019_MPO,2016-01-13,2016,36.03828,-86.80078,False,0,0,0,,,,,,,,
101077450,Crashes_2010_2019_MPO,2016-01-14,2016,36.01222,-86.7035,False,0,0,0,,,,,,,,
101077523,Crashes_2010_2019_MPO,2016-01-14,2016,36.04004,-86.74391,False,0,0,0,,,,,,,,
101077386,Crashes_2010_2019_MPO,2016-01-14,2016,36.03899,-86.78258,False,0,0,0,,,,,,,,
101077436,Crashes_2010_2019_MPO,2016-01-14,2016,35.94311,-86.82061,False,0,0,0,,,,,,,,
101077364,Crashes_2010_2019_MPO,2016-01-14,2016,36.04028,-86.76837,False,0,0,0,,,,,,,,
101077141,Crashes_2010_2019_MPO,2016-01-14,2016,36.05158,-86.71402,False,0,0,0,,,,,,,,
101077627,Crashes_2010_2019_MPO,2016-01-14,2016,36.0382,-86.78636,False,0,0,0,,,,,,,,
101077406,Crashes_2010_2019_MPO,2016-01-14,2016,35.97429,-86.83182,True,0,0,0,,,,,,,,
101077447,Crashes_2010_2019_MPO,2016-01-14,2016,36.03067,-86.68023,False,0,0,0,,,,,,,,
101077371,Crashes_2010_2019_MPO,2016-01-14,2016,36.03878,-86.74346,False,0,0,0,,,,,,,,
101077317,Crashes_2010_2019_MPO,2016-01-14,2016,35.96232,-86.81618,True,0,0,0,,,,,,,,
101077361,Crashes_2010_2019_MPO,2016-01-14,2016,36.0374,-86.78657,False,0,0,0,,,,,,,,
101077516,Crashes_2010_2019_MPO,2016-01-14,2016,36.03973,-86.75653,False,0,0,0,,,,,,,,
101077170,Crashes_2010_2019_MPO,2016-01-14,2016,36.00628,-86.74711,True,0,0,0,,,,,,,,
101078130,Crashes_2010_2019_MPO,2016-01-14,2016,35.94642,-86.809,False,0,0,0,,,,,,,,
101079681,Crashes_2010_2019_MPO,2016-01-14,2016,36.03715,-86.78663,False,0,0,0,,,,,,,,
101077902,Crashes_2010_2019_MPO,2016-01-15,2016,36.03915,-86.78232,False,0,0,0,,,,,,,,
101093341,Crashes_2010_2019_MPO,2016-01-15,2016,36.04465,-86.78006,False,0,0,0,,,,,,,,
101077948,Crashes_2010_2019_MPO,2016-01-15,2016,35.95739,-86.76553,True,0,0,0,,,,,,,,
101078127,Crashes_2010_2019_MPO,2016-01-15,2016,36.03979,-86.76374,False,0,0,0,,,,,,,,
101078225,Crashes_2010_2019_MPO,2016-01-15,2016,35.93953,-86.87942,False,0,0,0,,,,,,,,
101077791,Crashes_2010_2019_MPO,2016-01-15,2016,36.04248,-86.71284,False,0,0,0,,,,,,,,
101079203,Crashes_2010_2019_MPO,2016-01-15,2016,36.01512,-86.78584,True,0,0,0,,,,,,,,
101077689,Crashes_2010_2019_MPO,2016-01-15,2016,35.92834,-86.76595,False,0,0,0,,,,,,,,
101077752,Crashes_2010_2019_MPO,2016-01-15,2016,35.9931,-86.79852,True,0,0,0,,,,,,,,
101078169,Crashes_2010_2019_MPO,2016-01-15,2016,35.99246,-86.82848,True,0,0,0,,,,,,,,
101080272,Crashes_2010_2019_MPO,2016-01-15,2016,36.02288,-86.78695,True,0,0,0,,,,,,,,
101078061,Crashes_2010_2019_MPO,2016-01-15,2016,36.0416,-86.71287,False,0,0,0,,,,,,,,
101078148,Crashes_2010_2019_MPO,2016-01-15,2016,36.02562,-86.792724,True,0,0,0,,,,,,,,
101077846,Crashes_2010_2019_MPO,2016-01-15,2016,35.99587,-86.78808,True,0,0,0,,,,,,,,
101077818,Crashes_2010_2019_MPO,2016-01-15,2016,36.04867,-86.776,False,0,0,0,,,,,,,,
101077994,Crashes_2010_2019_MPO,2016-01-15,2016,35.96527,-86.80055,True,0,0,0,,,,,,,,
101078132,Crashes_2010_2019_MPO,2016-01-15,2016,35.96535,-86.80322,True,0,0,0,,,,,,,,
101078036,Crashes_2010_2019_MPO,2016-01-15,2016,36.03248,-86.7387,False,0,0,0,,,,,,,,
101078193,Crashes_2010_2019_MPO,2016-01-15,2016,35.99813,-86.80158,True,0,0,0,,,,,,,,
101077882,Crashes_2010_2019_MPO,2016-01-15,2016,36.04407,-86.78062,False,0,0,0,,,,,,,,
101077626,Crashes_2010_2019_MPO,2016-01-15,2016,36.04093,-86.78254,False,0,0,0,,,,,,,,
101077755,Crashes_2010_2019_MPO,2016-01-15,2016,36.04445,-86.78033,False,0,0,0,,,,,,,,
101078131,Crashes_2010_2019_MPO,2016-01-15,2016,35.94054,-86.83204,False,0,0,0,,,,,,,,
101077664,Crashes_2010_2019_MPO,2016-01-15,2016,35.98815,-86.81569,True,0,0,0,,,,,,,,
101078630,Crashes_2010_2019_MPO,2016-01-15,2016,35.99121,-86.77836,True,0,0,0,,,,,,,,
101077711,Crashes_2010_2019_MPO,2016-01-15,2016,36.05156,-86.74159,False,0,0,0,,,,,,,,
101078128,Crashes_2010_2019_MPO,2016-01-15,2016,36.03693,-86.78671,False,0,0,0,,,,,,,,
101078454,Crashes_2010_2019_MPO,2016-01-16,2016,35.97072,-86.72675,True,0,0,0,,,,,,,,
101078690,Crashes_2010_2019_MPO,2016-01-16,2016,35.94677,-86.82197,False,0,0,0,,,,,,,,
101078532,Crashes_2010_2019_MPO,2016-01-16,2016,35.97291,-86.8333,False,0,0,0,,,,,,,,
101078640,Crashes_2010_2019_MPO,2016-01-16,2016,36.04001,-86.74349,False,0,0,0,,,,,,,,
101078739,Crashes_2010_2019_MPO,2016-01-16,2016,36.04194,-86.82478,False,0,0,0,,,,,,,,
101078759,Crashes_2010_2019_MPO,2016-01-16,2016,36.0374,-86.78657,False,0,0,0,,,,,,,,
101079099,Crashes_2010_2019_MPO,2016-01-17,2016,35.99551,-86.77887,True,0,0,0,,,,,,,,
101079340,Crashes_2010_2019_MPO,2016-01-17,2016,36.02866,-86.71257,False,0,0,0,,,,,,,,
101079240,Crashes_2010_2019_MPO,2016-01-17,2016,36.04552,-86.70462,False,0,0,0,,,,,,,,
101079110,Crashes_2010_2019_MPO,2016-01-17,2016,36.04899,-86.71628,False,0,0,0,,,,,,,,
101079238,Crashes_2010_2019_MPO,2016-01-17,2016,36.05331,-86.71492,False,0,0,0,,,,,,,,
101079637,Crashes_2010_2019_MPO,2016-01-18,2016,35.93051,-86.84784,False,0,0,0,,,,,,,,
101079421,Crashes_2010_2019_MPO,2016-01-18,2016,35.97628,-86.80434,True,0,0,0,,,,,,,,
101079461,Crashes_2010_2019_MPO,2016-01-18,2016,36.03797,-86.79777,False,0,0,0,,,,,,,,
101079682,Crashes_2010_2019_MPO,2016-01-18,2016,36.03854,-86.78411,False,0,0,0,,,,,,,,
101079556,Crashes_2010_2019_MPO,2016-01-18,2016,35.9941,-86.76334,True,0,0,0,,,,,,,,
101079555,Crashes_2010_2019_MPO,2016-01-18,2016,36.04551,-86.71178,False,0,0,0,,,,,,,,
101079470,Crashes_2010_2019_MPO,2016-01-18,2016,35.96797,-86.80782,True,0,0,0,,,,,,,,
101079452,Crashes_2010_2019_MPO,2016-01-18,2016,35.97892,-86.80342,True,0,1,0,,,,,,,,
101079598,Crashes_2010_2019_MPO,2016-01-18,2016,36.02302,-86.79449,True,0,0,0,,,,,,,,
101079717,Crashes_2010_2019_MPO,2016-01-18,2016,35.96105,-86.87472,False,0,0,0,,,,,,,,
101079418,Crashes_2010_2019_MPO,2016-01-18,2016,35.96879,-86.85939,False,0,0,0,,,,,,,,
101079688,Crashes_2010_2019_MPO,2016-01-18,2016,36.03707,-86.79484,True,0,0,0,,,,,,,,
101079295,Crashes_2010_2019_MPO,2016-01-18,2016,36.00226,-86.84001,True,0,0,0,,,,,,,,
101079806,Crashes_2010_2019_MPO,2016-01-19,2016,36.01568,-86.84598,True,0,0,1,,,,,,,,
101079999,Crashes_2010_2019_MPO,2016-01-19,2016,35.94493,-86.8284,False,0,0,0,,,,,,,,
101080254,Crashes_2010_2019_MPO,2016-01-19,2016,35.96173,-86.80183,True,0,0,0,,,,,,,,
101080144,Crashes_2010_2019_MPO,2016-01-19,2016,35.96622,-86.80757,True,0,0,0,,,,,,,,
101080143,Crashes_2010_2019_MPO,2016-01-19,2016,36.01371,-86.8046,True,0,0,0,,,,,,,,
101080208,Crashes_2010_2019_MPO,2016-01-19,2016,35.93564,-86.82451,False,0,0,0,,,,,,,,
101092328,Crashes_2010_2019_MPO,2016-01-19,2016,36.02193,-86.7951,True,0,0,0,,,,,,,,
101080176,Crashes_2010_2019_MPO,2016-01-19,2016,35.93459,-86.81994,False,0,0,0,,,,,,,,
101080003,Crashes_2010_2019_MPO,2016-01-19,2016,36.01824,-86.69887,False,0,0,0,,,,,,,,
101092327,Crashes_2010_2019_MPO,2016-01-19,2016,36.03522,-86.78425,True,0,0,0,,,,,,,,
101079790,Crashes_2010_2019_MPO,2016-01-19,2016,36.04197,-86.71761,False,0,0,1,,,,,,,,
101079891,Crashes_2010_2019_MPO,2016-01-19,2016,36.0314,-86.71262,False,0,0,0,,,,,,,,
101080069,Crashes_2010_2019_MPO,2016-01-19,2016,35.95012,-86.81318,False,0,0,0,,,,,,,,
101080104,Crashes_2010_2019_MPO,2016-01-19,2016,35.95653,-86.80549,False,0,2,0,,,,,,,,
101080051,Crashes_2010_2019_MPO,2016-01-19,2016,35.92835,-86.76581,False,0,0,0,,,,,,,,
101079923,Crashes_2010_2019_MPO,2016-01-19,2016,36.03981,-86.74072,False,0,0,0,,,,,,,,
101080483,Crashes_2010_2019_MPO,2016-01-20,2016,36.01035,-86.78539,True,0,0,0,,,,,,,,
101080874,Crashes_2010_2019_MPO,2016-01-20,2016,35.94366,-86.84467,False,0,0,0,,,,,,,,
101080646,Crashes_2010_2019_MPO,2016-01-20,2016,36.04678,-86.77812,False,0,0,0,,,,,,,,
101080834,Crashes_2010_2019_MPO,2016-01-20,2016,35.93666,-86.69463,False,0,0,0,,,,,,,,
101080647,Crashes_2010_2019_MPO,2016-01-20,2016,36.0372,-86.77693,False,0,0,0,,,,,,,,
101080563,Crashes_2010_2019_MPO,2016-01-20,2016,35.97274,-86.80557,True,0,0,0,,,,,,,,
101080961,Crashes_2010_2019_MPO,2016-01-20,2016,36.03408,-86.71307,False,0,0,0,,,,,,,,
101080407,Crashes_2010_2019_MPO,2016-01-20,2016,35.96531,-86.80814,False,0,0,0,,,,,,,,
101081072,Crashes_2010_2019_MPO,2016-01-20,2016,35.96281,-86.81153,False,0,0,0,,,,,,,,
101080507,Crashes_2010_2019_MPO,2016-01-20,2016,35.99813,-86.82891,True,0,0,0,,,,,,,,
101080766,Crashes_2010_2019_MPO,2016-01-20,2016,35.93708,-86.69236,False,0,0,0,,,,,,,,
101080458,Crashes_2010_2019_MPO,2016-01-20,2016,36.04477,-86.71983,False,0,0,0,,,,,,,,
101080836,Crashes_2010_2019_MPO,2016-01-20,2016,36.04002,-86.72755,False,0,0,0,,,,,,,,
101080494,Crashes_2010_2019_MPO,2016-01-20,2016,36.01689,-86.78609,True,0,0,0,,,,,,,,
101080395,Crashes_2010_2019_MPO,2016-01-20,2016,36.04364,-86.78098,False,0,0,0,,,,,,,,
101091815,Crashes_2010_2019_MPO,2016-01-21,2016,36.02268,-86.78703,True,0,0,0,,,,,,,,
101091862,Crashes_2010_2019_MPO,2016-01-21,2016,36.04004,-86.74386,False,0,0,0,,,,,,,,
101091757,Crashes_2010_2019_MPO,2016-01-21,2016,36.01966,-86.7964,True,0,0,0,,,,,,,,
101091507,Crashes_2010_2019_MPO,2016-01-21,2016,36.04683,-86.68238,False,0,0,0,,,,,,,,
101091293,Crashes_2010_2019_MPO,2016-01-21,2016,35.95785,-86.80257,False,0,0,0,,,,,,,,
101091669,Crashes_2010_2019_MPO,2016-01-21,2016,35.94825,-86.86001,False,0,0,0,,,,,,,,
101095478,Crashes_2010_2019_MPO,2016-01-21,2016,35.99156,-86.79881,True,0,0,0,,,,,,,,
101092246,Crashes_2010_2019_MPO,2016-01-21,2016,36.04533,-86.7021,False,0,0,0,,,,,,,,
101091679,Crashes_2010_2019_MPO,2016-01-21,2016,35.93605,-86.82368,False,0,0,0,,,,,,,,
101091613,Crashes_2010_2019_MPO,2016-01-21,2016,35.94693,-86.81182,False,0,0,0,,,,,,,,
101091759,Crashes_2010_2019_MPO,2016-01-21,2016,36.04965,-86.87128,False,0,0,0,,,,,,,,
101091834,Crashes_2010_2019_MPO,2016-01-21,2016,35.9239,-86.76682,False,0,0,0,,,,,,,,
101091675,Crashes_2010_2019_MPO,2016-01-21,2016,35.99781,-86.79886,True,0,0,0,,,,,,,,
101091351,Crashes_2010_2019_MPO,2016-01-21,2016,36.00921,-86.78605,True,0,0,0,,,,,,,,
101092087,Crashes_2010_2019_MPO,2016-01-21,2016,35.97709,-86.73494,True,0,0,0,,,,,,,,
101094794,Crashes_2010_2019_MPO,2016-01-21,2016,36.0169,-86.78635,True,0,0,0,,,,,,,,
101091976,Crashes_2010_2019_MPO,2016-01-21,2016,35.9379,-86.82191,False,0,0,0,,,,,,,,
101091965,Crashes_2010_2019_MPO,2016-01-22,2016,35.95136,-86.72902,False,0,0,0,,,,,,,,
101092647,Crashes_2010_2019_MPO,2016-01-22,2016,36.02252,-86.78709,True,0,0,1,,,,,,,,
101092012,Crashes_2010_2019_MPO,2016-01-22,2016,35.96118,-86.75645,True,0,0,0,,,,,,,,
101092240,Crashes_2010_2019_MPO,2016-01-22,2016,36.04333,-86.78141,False,0,0,0,,,,,,,,
101092457,Crashes_2010_2019_MPO,2016-01-22,2016,35.9547,-86.7135,False,0,0,0,,,,,,,,
101091991,Crashes_2010_2019_MPO,2016-01-22,2016,35.96685,-86.70991,True,0,0,0,,,,,,,,
101091939,Crashes_2010_2019_MPO,2016-01-22,2016,36.01569,-86.8459,True,0,0,0,,,,,,,,
101092187,Crashes_2010_2019_MPO,2016-01-22,2016,35.97383,-86.80494,True,0,0,0,,,,,,,,
101091943,Crashes_2010_2019_MPO,2016-01-22,2016,35.99379,-86.76057,True,0,0,0,,,,,,,,
101091938,Crashes_2010_2019_MPO,2016-01-22,2016,35.96807,-86.8185,True,0,0,0,,,,,,,,
101091970,Crashes_2010_2019_MPO,2016-01-22,2016,36.04138,-86.78249,False,0,0,0,,,,,,,,
101092499,Crashes_2010_2019_MPO,2016-01-22,2016,35.99603,-86.78433,True,0,0,0,,,,,,,,
101092489,Crashes_2010_2019_MPO,2016-01-22,2016,36.03898,-86.7301,False,0,0,0,,,,,,,,
101092784,Crashes_2010_2019_MPO,2016-01-22,2016,35.97782,-86.67816,False,0,0,0,,,,,,,,
101093278,Crashes_2010_2019_MPO,2016-01-22,2016,36.04542,-86.68542,False,0,0,0,,,,,,,,
101092089,Crashes_2010_2019_MPO,2016-01-22,2016,35.92769,-86.71762,False,0,0,0,,,,,,,,
101093397,Crashes_2010_2019_MPO,2016-01-22,2016,35.94488,-86.8471,False,0,0,0,,,,,,,,
101092329,Crashes_2010_2019_MPO,2016-01-22,2016,35.96531,-86.80038,True,0,0,0,,,,,,,,
101092544,Crashes_2010_2019_MPO,2016-01-22,2016,36.0453,-86.77951,False,0,0,0,,,,,,,,
101092466,Crashes_2010_2019_MPO,2016-01-22,2016,35.9547,-86.7135,False,0,0,0,,,,,,,,
101092843,Crashes_2010_2019_MPO,2016-01-23,2016,36.03793,-86.7131,False,0,0,0,,,,,,,,
101096345,Crashes_2010_2019_MPO,2016-01-23,2016,36.0321,-86.71273,False,0,0,0,,,,,,,,
101092847,Crashes_2010_2019_MPO,2016-01-23,2016,36.01464,-86.70517,False,0,0,0,,,,,,,,
101092739,Crashes_2010_2019_MPO,2016-01-23,2016,35.94077,-86.8319,False,0,0,0,,,,,,,,
101092799,Crashes_2010_2019_MPO,2016-01-23,2016,36.04973,-86.77521,False,0,0,0,,,,,,,,
101093027,Crashes_2010_2019_MPO,2016-01-24,2016,36.00992,-86.78532,True,0,0,0,,,,,,,,
101092885,Crashes_2010_2019_MPO,2016-01-24,2016,36.03103,-86.71258,False,0,0,0,,,,,,,,
101093086,Crashes_2010_2019_MPO,2016-01-24,2016,36.0414,-86.78224,False,0,0,0,,,,,,,,
101094346,Crashes_2010_2019_MPO,2016-01-24,2016,36.01862,-86.71542,False,0,0,0,,,,,,,,
101093148,Crashes_2010_2019_MPO,2016-01-24,2016,36.04542,-86.71317,False,0,0,0,,,,,,,,
101093907,Crashes_2010_2019_MPO,2016-01-25,2016,36.01463,-86.74271,True,0,0,0,,,,,,,,
101093752,Crashes_2010_2019_MPO,2016-01-25,2016,35.96709,-86.81304,True,0,0,0,,,,,,,,
101093493,Crashes_2010_2019_MPO,2016-01-25,2016,36.015185,-86.736386,False,0,0,0,,,,,,,,
101093748,Crashes_2010_2019_MPO,2016-01-25,2016,35.93446,-86.81991,False,0,0,0,,,,,,,,
101093463,Crashes_2010_2019_MPO,2016-01-25,2016,36.020968,-86.734634,False,0,0,0,,,,,,,,
101093721,Crashes_2010_2019_MPO,2016-01-25,2016,35.93446,-86.81991,False,0,0,0,,,,,,,,
101093598,Crashes_2010_2019_MPO,2016-01-25,2016,36.03405,-86.80166,True,0,0,0,,,,,,,,
101093724,Crashes_2010_2019_MPO,2016-01-25,2016,35.96691,-86.81188,True,0,0,0,,,,,,,,
101093892,Crashes_2010_2019_MPO,2016-01-25,2016,36.036126,-86.802325,True,0,0,0,,,,,,,,
101093908,Crashes_2010_2019_MPO,2016-01-26,2016,35.99604,-86.69072,False,0,0,0,,,,,,,,
101094006,Crashes_2010_2019_MPO,2016-01-26,2016,35.98968,-86.74268,True,0,0,0,,,,,,,,
101094266,Crashes_2010_2019_MPO,2016-01-26,2016,35.93585,-86.87844,False,0,0,0,,,,,,,,
101093969,Crashes_2010_2019_MPO,2016-01-26,2016,36.0454,-86.7182,False,0,0,0,,,,,,,,
101093913,Crashes_2010_2019_MPO,2016-01-26,2016,36.02527,-86.78531,True,0,0,0,,,,,,,,
101094017,Crashes_2010_2019_MPO,2016-01-26,2016,35.99337,-86.6855,False,0,0,1,,,,,,,,
101094154,Crashes_2010_2019_MPO,2016-01-26,2016,35.95745,-86.81857,False,0,0,0,,,,,,,,
101094269,Crashes_2010_2019_MPO,2016-01-26,2016,36.03743,-86.79781,True,0,0,0,,,,,,,,
101093914,Crashes_2010_2019_MPO,2016-01-26,2016,35.99246,-86.7985,True,0,0,0,,,,,,,,
101093982,Crashes_2010_2019_MPO,2016-01-26,2016,36.04063,-86.77142,False,0,0,0,,,,,,,,
101094256,Crashes_2010_2019_MPO,2016-01-26,2016,35.92949,-86.84316,False,0,0,0,,,,,,,,
101094328,Crashes_2010_2019_MPO,2016-01-26,2016,36.04037,-86.76901,False,0,0,0,,,,,,,,
101093962,Crashes_2010_2019_MPO,2016-01-26,2016,36.02522,-86.79325,True,0,0,0,,,,,,,,
101094539,Crashes_2010_2019_MPO,2016-01-27,2016,36.03761,-86.78512,False,0,0,0,,,,,,,,
101094927,Crashes_2010_2019_MPO,2016-01-27,2016,36.03881,-86.78271,False,0,0,0,,,,,,,,
101094859,Crashes_2010_2019_MPO,2016-01-27,2016,35.96619,-86.77827,True,0,0,0,,,,,,,,
101094478,Crashes_2010_2019_MPO,2016-01-27,2016,35.94683,-86.85172,False,0,0,0,,,,,,,,
101094881,Crashes_2010_2019_MPO,2016-01-27,2016,36.0467,-86.71342,False,0,0,0,,,,,,,,
101094601,Crashes_2010_2019_MPO,2016-01-27,2016,36.03794,-86.79738,False,0,0,0,,,,,,,,
101094904,Crashes_2010_2019_MPO,2016-01-27,2016,36.05249,-86.68443,False,0,0,0,,,,,,,,
101095851,Crashes_2010_2019_MPO,2016-01-28,2016,35.9937,-86.7599,True,0,0,0,,,,,,,,
101095426,Crashes_2010_2019_MPO,2016-01-28,2016,35.95892,-86.81088,False,0,0,0,,,,,,,,
101095663,Crashes_2010_2019_MPO,2016-01-28,2016,35.96798,-86.81833,True,0,0,0,,,,,,,,
101095180,Crashes_2010_2019_MPO,2016-01-28,2016,36.04559,-86.71138,False,0,0,0,,,,,,,,
101095274,Crashes_2010_2019_MPO,2016-01-28,2016,35.94848,-86.81973,False,0,0,0,,,,,,,,
101095381,Crashes_2010_2019_MPO,2016-01-28,2016,36.04025,-86.81639,False,0,0,0,,,,,,,,
101095116,Crashes_2010_2019_MPO,2016-01-28,2016,36.01804,-86.77047,True,0,0,0,,,,,,,,
101095343,Crashes_2010_2019_MPO,2016-01-28,2016,35.92643,-86.87067,False,0,0,0,,,,,,,,
101095542,Crashes_2010_2019_MPO,2016-01-28,2016,36.04011,-86.76676,False,0,0,0,,,,,,,,
101096158,Crashes_2010_2019_MPO,2016-01-29,2016,35.96173,-86.80183,True,0,0,0,,,,,,,,
101096096,Crashes_2010_2019_MPO,2016-01-29,2016,36.03933,-86.78357,False,0,0,0,,,,,,,,
101098799,Crashes_2010_2019_MPO,2016-01-29,2016,36.02297,-86.7869,True,0,0,0,,,,,,,,
101096033,Crashes_2010_2019_MPO,2016-01-29,2016,35.96538,-86.79792,True,0,0,0,,,,,,,,
101118210,Crashes_2010_2019_MPO,2016-01-29,2016,35.96387,-86.81089,False,0,0,0,,,,,,,,
101096911,Crashes_2010_2019_MPO,2016-01-29,2016,35.95802,-86.80259,False,0,0,0,,,,,,,,
101096269,Crashes_2010_2019_MPO,2016-01-29,2016,35.97218,-86.80576,True,0,0,0,,,,,,,,
101096329,Crashes_2010_2019_MPO,2016-01-29,2016,36.04209,-86.70333,False,0,0,0,,,,,,,,
101096102,Crashes_2010_2019_MPO,2016-01-29,2016,36.03882,-86.73059,False,0,0,0,,,,,,,,
101095640,Crashes_2010_2019_MPO,2016-01-29,2016,35.94638,-86.8087,False,0,0,0,,,,,,,,
101096910,Crashes_2010_2019_MPO,2016-01-29,2016,35.93476,-86.82098,False,0,0,0,,,,,,,,
101096138,Crashes_2010_2019_MPO,2016-01-29,2016,36.04,-86.74318,False,0,0,0,,,,,,,,
101098202,Crashes_2010_2019_MPO,2016-01-29,2016,35.95581,-86.81652,False,0,0,0,,,,,,,,
101096208,Crashes_2010_2019_MPO,2016-01-29,2016,36.0453,-86.70168,False,0,0,1,,,,,,,,
101096039,Crashes_2010_2019_MPO,2016-01-29,2016,36.03488,-86.78307,True,0,0,0,,,,,,,,
101098203,Crashes_2010_2019_MPO,2016-01-29,2016,35.93446,-86.81991,False,0,0,0,,,,,,,,
101098610,Crashes_2010_2019_MPO,2016-01-29,2016,35.93212,-86.86275,False,0,0,0,,,,,,,,
101096587,Crashes_2010_2019_MPO,2016-01-29,2016,36.04542,-86.71317,False,0,0,0,,,,,,,,
101096469,Crashes_2010_2019_MPO,2016-01-29,2016,35.92456,-86.87028,False,0,0,0,,,,,,,,
101095662,Crashes_2010_2019_MPO,2016-01-29,2016,36.0147,-86.73108,False,0,0,0,,,,,,,,
101095759,Crashes_2010_2019_MPO,2016-01-29,2016,36.03157,-86.71265,False,0,0,0,,,,,,,,
101096070,Crashes_2010_2019_MPO,2016-01-29,2016,36.00931,-86.72607,True,0,0,0,,,,,,,,
101096631,Crashes_2010_2019_MPO,2016-01-30,2016,36.02395,-86.81964,True,0,0,0,,,,,,,,
101096331,Crashes_2010_2019_MPO,2016-01-30,2016,36.04559,-86.71139,False,0,0,0,,,,,,,,
101096917,Crashes_2010_2019_MPO,2016-01-30,2016,35.94164,-86.85584,False,0,0,0,,,,,,,,
101096480,Crashes_2010_2019_MPO,2016-01-30,2016,36.03575,-86.67833,False,0,0,0,,,,,,,,
101097719,Crashes_2010_2019_MPO,2016-01-30,2016,35.96681,-86.81119,True,0,0,0,,,,,,,,
101096525,Crashes_2010_2019_MPO,2016-01-30,2016,36.03352,-86.71298,False,0,0,0,,,,,,,,
101096789,Crashes_2010_2019_MPO,2016-01-30,2016,36.00462,-86.79068,True,0,0,0,,,,,,,,
101096940,Crashes_2010_2019_MPO,2016-01-30,2016,35.94377,-86.82095,False,0,0,0,,,,,,,,
101096749,Crashes_2010_2019_MPO,2016-01-30,2016,35.96762,-86.83759,False,0,0,0,,,,,,,,
101096916,Crashes_2010_2019_MPO,2016-01-30,2016,35.93595,-86.8181,False,0,0,0,,,,,,,,
101096914,Crashes_2010_2019_MPO,2016-01-30,2016,35.92999,-86.86435,False,0,0,0,,,,,,,,
101096913,Crashes_2010_2019_MPO,2016-01-30,2016,35.9522,-86.81867,False,0,0,0,,,,,,,,
101097559,Crashes_2010_2019_MPO,2016-01-30,2016,36.0473,-86.86274,False,0,0,0,,,,,,,,
101096915,Crashes_2010_2019_MPO,2016-01-30,2016,35.95947,-86.81598,False,0,0,0,,,,,,,,
101096880,Crashes_2010_2019_MPO,2016-01-30,2016,35.99671,-86.79047,True,0,0,0,,,,,,,,
101100632,Crashes_2010_2019_MPO,2016-01-30,2016,35.9641,-86.8084,False,0,0,1,,,,,,,,
101097067,Crashes_2010_2019_MPO,2016-01-31,2016,36.01943,-86.78681,True,0,0,0,,,,,,,,
101097387,Crashes_2010_2019_MPO,2016-02-01,2016,36.04489,-86.86476,True,0,0,0,,,,,,,,
101097462,Crashes_2010_2019_MPO,2016-02-01,2016,36.04542,-86.71317,False,0,0,0,,,,,,,,