record_no,source_layer,collision_ts,crash_year,latitude,longitude,in_city,fatalities,non_motorists,truck_involved,serious_injuries,pedestrian,bicycle,crash_type,manner_of_collision,lighting,weather,first_harmful_event
101097886,Crashes_2010_2019_MPO,2016-02-01,2016,35.93785,-86.85851,False,0,0,0,,,,,,,,
101097657,Crashes_2010_2019_MPO,2016-02-01,2016,36.04294,-86.84189,False,0,0,0,,,,,,,,
101097463,Crashes_2010_2019_MPO,2016-02-01,2016,35.9653,-86.727,True,0,0,0,,,,,,,,
101097868,Crashes_2010_2019_MPO,2016-02-01,2016,35.92913,-86.82047,False,0,0,1,,,,,,,,
101097737,Crashes_2010_2019_MPO,2016-02-01,2016,35.92321,-86.87307,False,0,0,0,,,,,,,,
101097998,Crashes_2010_2019_MPO,2016-02-01,2016,35.9479,-86.81949,False,0,0,0,,,,,,,,
101097502,Crashes_2010_2019_MPO,2016-02-01,2016,35.95824,-86.80206,False,0,0,0,,,,,,,,
101097452,Crashes_2010_2019_MPO,2016-02-01,2016,35.96588,-86.80316,True,0,0,0,,,,,,,,
101097472,Crashes_2010_2019_MPO,2016-02-01,2016,35.94782,-86.81975,False,0,0,0,,,,,,,,
101097755,Crashes_2010_2019_MPO,2016-02-01,2016,35.95676,-86.84376,False,0,0,0,,,,,,,,
101097538,Crashes_2010_2019_MPO,2016-02-01,2016,36.00947,-86.70172,False,0,0,0,,,,,,,,
101097382,Crashes_2010_2019_MPO,2016-02-01,2016,35.96067,-86.80951,False,0,0,0,,,,,,,,
101097748,Crashes_2010_2019_MPO,2016-02-01,2016,36.0456,-86.71088,False,0,0,0,,,,,,,,
101097605,Crashes_2010_2019_MPO,2016-02-01,2016,35.94813,-86.82241,False,0,1,0,,,,,,,,
101098394,Crashes_2010_2019_MPO,2016-02-02,2016,36.04028,-86.76837,False,0,0,0,,,,,,,,
101098995,Crashes_2010_2019_MPO,2016-02-02,2016,35.94725,-86.82079,False,0,0,0,,,,,,,,
101098320,Crashes_2010_2019_MPO,2016-02-02,2016,35.95014,-86.80702,False,0,0,0,,,,,,,,
101098048,Crashes_2010_2019_MPO,2016-02-02,2016,35.97735,-86.77677,True,0,0,0,,,,,,,,
101100829,Crashes_2010_2019_MPO,2016-02-02,2016,36.0409,-86.77938,False,0,0,0,,,,,,,,
101098235,Crashes_2010_2019_MPO,2016-02-02,2016,35.96962,-86.80831,True,0,0,0,,,,,,,,
101098500,Crashes_2010_2019_MPO,2016-02-02,2016,35.98935,-86.6819,False,0,0,0,,,,,,,,
101098379,Crashes_2010_2019_MPO,2016-02-02,2016,36.04515,-86.85244,False,0,0,0,,,,,,,,
101098547,Crashes_2010_2019_MPO,2016-02-02,2016,36.02543,-86.785311,True,0,0,0,,,,,,,,
101097985,Crashes_2010_2019_MPO,2016-02-02,2016,36.025925,-86.79558,True,0,0,0,,,,,,,,
101098873,Crashes_2010_2019_MPO,2016-02-02,2016,35.96312,-86.81899,True,0,0,0,,,,,,,,
101098371,Crashes_2010_2019_MPO,2016-02-02,2016,36.00907,-86.68387,False,0,0,0,,,,,,,,
101098222,Crashes_2010_2019_MPO,2016-02-02,2016,35.93527,-86.8736,False,0,0,0,,,,,,,,
101097920,Crashes_2010_2019_MPO,2016-02-02,2016,35.9522,-86.72492,True,0,0,0,,,,,,,,
101099136,Crashes_2010_2019_MPO,2016-02-03,2016,36.04448,-86.71727,False,0,0,0,,,,,,,,
101098716,Crashes_2010_2019_MPO,2016-02-03,2016,36.04475,-86.8481,False,0,0,0,,,,,,,,
101102551,Crashes_2010_2019_MPO,2016-02-03,2016,36.01704,-86.78639,True,0,0,0,,,,,,,,
101099101,Crashes_2010_2019_MPO,2016-02-03,2016,36.0399,-86.78099,False,0,0,0,,,,,,,,
101098692,Crashes_2010_2019_MPO,2016-02-03,2016,35.99751,-86.79624,True,0,0,0,,,,,,,,
101099020,Crashes_2010_2019_MPO,2016-02-03,2016,35.97437,-86.83551,False,0,0,0,,,,,,,,
101099011,Crashes_2010_2019_MPO,2016-02-03,2016,35.923,-86.87353,False,0,0,0,,,,,,,,
101098650,Crashes_2010_2019_MPO,2016-02-03,2016,36.04333,-86.84376,False,0,0,0,,,,,,,,
101098877,Crashes_2010_2019_MPO,2016-02-03,2016,35.95078,-86.80647,False,0,0,0,,,,,,,,
101099135,Crashes_2010_2019_MPO,2016-02-03,2016,36.04059,-86.7828,False,0,0,0,,,,,,,,
101098701,Crashes_2010_2019_MPO,2016-02-03,2016,36.02319,-86.78678,True,0,0,0,,,,,,,,
101098717,Crashes_2010_2019_MPO,2016-02-03,2016,35.9912,-86.68348,False,0,0,0,,,,,,,,
101099088,Crashes_2010_2019_MPO,2016-02-03,2016,36.02951,-86.783978,True,0,0,0,,,,,,,,
101099035,Crashes_2010_2019_MPO,2016-02-03,2016,35.94872,-86.83189,False,0,0,0,,,,,,,,
101099146,Crashes_2010_2019_MPO,2016-02-03,2016,36.0423,-86.7817,False,0,0,0,,,,,,,,
101099323,Crashes_2010_2019_MPO,2016-02-04,2016,35.93581,-86.81814,False,0,0,0,,,,,,,,
101099319,Crashes_2010_2019_MPO,2016-02-04,2016,36.01538,-86.70566,False,0,0,0,,,,,,,,
101099931,Crashes_2010_2019_MPO,2016-02-04,2016,35.95078,-86.80672,False,0,0,0,,,,,,,,
101099780,Crashes_2010_2019_MPO,2016-02-04,2016,36.01468,-86.72581,False,0,0,0,,,,,,,,
101099735,Crashes_2010_2019_MPO,2016-02-04,2016,35.95785,-86.80188,False,0,0,0,,,,,,,,
101099496,Crashes_2010_2019_MPO,2016-02-04,2016,35.9668,-86.69551,False,0,0,0,,,,,,,,
101099376,Crashes_2010_2019_MPO,2016-02-04,2016,35.9832,-86.82004,True,0,0,0,,,,,,,,
101100286,Crashes_2010_2019_MPO,2016-02-05,2016,36.00491,-86.78045,True,0,0,0,,,,,,,,
101100403,Crashes_2010_2019_MPO,2016-02-05,2016,36.04084,-86.77935,False,0,0,0,,,,,,,,
101100570,Crashes_2010_2019_MPO,2016-02-05,2016,35.92298,-86.81955,False,0,0,0,,,,,,,,
101101194,Crashes_2010_2019_MPO,2016-02-05,2016,35.92609,-86.87139,False,0,0,0,,,,,,,,
101100171,Crashes_2010_2019_MPO,2016-02-05,2016,36.03599,-86.7872,True,0,0,0,,,,,,,,
101100272,Crashes_2010_2019_MPO,2016-02-05,2016,35.92373,-86.79452,False,0,0,0,,,,,,,,
101101193,Crashes_2010_2019_MPO,2016-02-05,2016,35.92887,-86.83704,False,0,0,0,,,,,,,,
101100031,Crashes_2010_2019_MPO,2016-02-05,2016,35.93464,-86.82023,False,0,0,0,,,,,,,,
101100178,Crashes_2010_2019_MPO,2016-02-05,2016,36.04345,-86.68891,False,0,0,0,,,,,,,,
101099949,Crashes_2010_2019_MPO,2016-02-05,2016,35.92844,-86.83378,False,0,0,0,,,,,,,,
101100941,Crashes_2010_2019_MPO,2016-02-06,2016,36.04865,-86.71438,False,0,0,0,,,,,,,,
101100987,Crashes_2010_2019_MPO,2016-02-06,2016,36.04559,-86.71135,False,0,1,0,,,,,,,,
101101196,Crashes_2010_2019_MPO,2016-02-06,2016,35.94683,-86.85172,False,0,0,0,,,,,,,,
101102878,Crashes_2010_2019_MPO,2016-02-06,2016,36.04389,-86.78128,False,0,0,0,,,,,,,,
101100679,Crashes_2010_2019_MPO,2016-02-06,2016,36.01285,-86.70073,False,0,0,0,,,,,,,,
101100948,Crashes_2010_2019_MPO,2016-02-06,2016,35.94282,-86.82097,False,0,0,0,,,,,,,,
101101195,Crashes_2010_2019_MPO,2016-02-06,2016,35.94807,-86.81114,False,0,0,0,,,,,,,,
101101296,Crashes_2010_2019_MPO,2016-02-07,2016,35.9264,-86.8244,False,0,0,0,,,,,,,,
101101450,Crashes_2010_2019_MPO,2016-02-07,2016,36.04758,-86.7134,False,0,0,0,,,,,,,,
101101369,Crashes_2010_2019_MPO,2016-02-07,2016,35.9469,-86.85178,False,0,0,0,,,,,,,,
101101683,Crashes_2010_2019_MPO,2016-02-07,2016,35.92387,-86.79613,False,0,0,0,,,,,,,,
101102389,Crashes_2010_2019_MPO,2016-02-08,2016,35.93541,-86.82372,False,0,0,0,,,,,,,,
101101707,Crashes_2010_2019_MPO,2016-02-08,2016,36.03786,-86.78468,False,0,0,0,,,,,,,,
101102013,Crashes_2010_2019_MPO,2016-02-08,2016,36.04561,-86.71076,False,0,0,0,,,,,,,,
101102001,Crashes_2010_2019_MPO,2016-02-08,2016,35.93768,-86.87618,False,0,0,0,,,,,,,,
101105738,Crashes_2010_2019_MPO,2016-02-08,2016,35.99945,-86.79589,True,0,0,0,,,,,,,,
101103001,Crashes_2010_2019_MPO,2016-02-08,2016,36.04226,-86.83656,False,0,0,0,,,,,,,,
101102402,Crashes_2010_2019_MPO,2016-02-08,2016,36.02962,-86.70382,False,0,0,0,,,,,,,,
101102071,Crashes_2010_2019_MPO,2016-02-08,2016,36.03946,-86.78164,False,0,0,0,,,,,,,,
101102264,Crashes_2010_2019_MPO,2016-02-09,2016,35.94707,-86.8219,False,0,0,0,,,,,,,,
101102269,Crashes_2010_2019_MPO,2016-02-09,2016,35.94725,-86.82132,False,0,0,0,,,,,,,,
101102517,Crashes_2010_2019_MPO,2016-02-09,2016,35.93126,-86.87693,False,0,0,0,,,,,,,,
101102629,Crashes_2010_2019_MPO,2016-02-09,2016,35.99758,-86.7968,True,0,0,0,,,,,,,,
101102306,Crashes_2010_2019_MPO,2016-02-09,2016,36.00909,-86.70146,False,0,0,0,,,,,,,,
101102688,Crashes_2010_2019_MPO,2016-02-09,2016,35.93418,-86.81871,False,0,0,0,,,,,,,,
101102327,Crashes_2010_2019_MPO,2016-02-09,2016,35.99778,-86.68548,False,0,0,0,,,,,,,,
101102737,Crashes_2010_2019_MPO,2016-02-09,2016,36.03861,-86.7324,False,0,0,0,,,,,,,,
101102823,Crashes_2010_2019_MPO,2016-02-09,2016,36.0044,-86.81703,True,0,0,0,,,,,,,,
101102584,Crashes_2010_2019_MPO,2016-02-09,2016,35.94958,-86.82872,False,0,0,0,,,,,,,,
101102351,Crashes_2010_2019_MPO,2016-02-09,2016,36.00931,-86.72607,True,0,0,0,,,,,,,,
101102420,Crashes_2010_2019_MPO,2016-02-09,2016,36.03962,-86.78138,False,0,0,0,,,,,,,,
101102767,Crashes_2010_2019_MPO,2016-02-09,2016,36.0522,-86.74309,False,0,0,0,,,,,,,,
101102634,Crashes_2010_2019_MPO,2016-02-09,2016,35.96723,-86.8135,True,0,0,0,,,,,,,,
101104115,Crashes_2010_2019_MPO,2016-02-09,2016,35.97039,-86.77379,True,0,0,0,,,,,,,,
101102268,Crashes_2010_2019_MPO,2016-02-09,2016,35.9399,-86.83878,False,0,0,0,,,,,,,,
101102305,Crashes_2010_2019_MPO,2016-02-09,2016,36.0091,-86.70147,False,0,0,0,,,,,,,,
101104119,Crashes_2010_2019_MPO,2016-02-09,2016,35.96671,-86.75559,True,0,0,0,,,,,,,,
101102989,Crashes_2010_2019_MPO,2016-02-10,2016,35.96254,-86.68924,False,0,0,0,,,,,,,,
101102991,Crashes_2010_2019_MPO,2016-02-10,2016,35.96383,-86.82676,False,0,0,0,,,,,,,,
101103183,Crashes_2010_2019_MPO,2016-02-10,2016,35.93651,-86.82794,False,0,0,0,,,,,,,,
101103097,Crashes_2010_2019_MPO,2016-02-10,2016,36.0367,-86.72338,False,0,0,0,,,,,,,,
101103182,Crashes_2010_2019_MPO,2016-02-10,2016,35.93249,-86.80616,False,0,0,0,,,,,,,,
101102981,Crashes_2010_2019_MPO,2016-02-10,2016,35.96382,-86.82676,False,0,0,0,,,,,,,,
101102958,Crashes_2010_2019_MPO,2016-02-10,2016,36.02229,-86.68615,False,0,0,0,,,,,,,,
101103152,Crashes_2010_2019_MPO,2016-02-10,2016,36.04029,-86.76833,False,0,0,0,,,,,,,,
101103054,Crashes_2010_2019_MPO,2016-02-10,2016,36.03994,-86.74246,False,0,0,0,,,,,,,,
101103371,Crashes_2010_2019_MPO,2016-02-10,2016,36.05158,-86.71663,False,0,0,0,,,,,,,,
101103154,Crashes_2010_2019_MPO,2016-02-10,2016,35.97399,-86.74352,True,0,0,0,,,,,,,,
101102990,Crashes_2010_2019_MPO,2016-02-10,2016,35.96383,-86.82676,False,0,0,0,,,,,,,,
101103293,Crashes_2010_2019_MPO,2016-02-10,2016,36.04242,-86.72156,False,0,0,0,,,,,,,,
101102992,Crashes_2010_2019_MPO,2016-02-10,2016,35.93741,-86.80972,False,0,0,0,,,,,,,,
101103451,Crashes_2010_2019_MPO,2016-02-10,2016,35.98165,-86.80247,True,0,0,0,,,,,,,,
101102927,Crashes_2010_2019_MPO,2016-02-10,2016,35.93475,-86.82404,False,0,0,0,,,,,,,,
101103542,Crashes_2010_2019_MPO,2016-02-10,2016,36.0394,-86.78191,False,0,0,0,,,,,,,,
101103531,Crashes_2010_2019_MPO,2016-02-10,2016,36.03946,-86.7818,False,0,0,0,,,,,,,,
101103330,Crashes_2010_2019_MPO,2016-02-10,2016,35.93215,-86.79441,False,0,0,0,,,,,,,,
101103255,Crashes_2010_2019_MPO,2016-02-10,2016,35.99781,-86.79886,True,0,0,0,,,,,,,,
101103283,Crashes_2010_2019_MPO,2016-02-10,2016,35.97845,-86.75577,True,0,0,0,,,,,,,,
101102926,Crashes_2010_2019_MPO,2016-02-10,2016,35.92444,-86.80249,False,0,0,0,,,,,,,,
101102993,Crashes_2010_2019_MPO,2016-02-10,2016,35.92619,-86.82152,False,0,0,0,,,,,,,,
101103372,Crashes_2010_2019_MPO,2016-02-10,2016,36.04591,-86.69093,False,0,0,0,,,,,,,,
101106650,Crashes_2010_2019_MPO,2016-02-10,2016,35.93806,-86.80959,False,0,0,0,,,,,,,,
101103678,Crashes_2010_2019_MPO,2016-02-11,2016,35.94082,-86.8164,False,0,0,0,,,,,,,,
101103762,Crashes_2010_2019_MPO,2016-02-11,2016,35.93826,-86.8096,False,0,0,0,,,,,,,,
101103970,Crashes_2010_2019_MPO,2016-02-11,2016,35.990734,-86.799162,True,0,0,0,,,,,,,,
101103601,Crashes_2010_2019_MPO,2016-02-11,2016,35.94077,-86.83876,False,0,0,0,,,,,,,,
101103570,Crashes_2010_2019_MPO,2016-02-11,2016,36.034985,-86.78294,True,0,0,0,,,,,,,,
101103799,Crashes_2010_2019_MPO,2016-02-11,2016,36.04001,-86.74347,False,0,0,0,,,,,,,,
101103862,Crashes_2010_2019_MPO,2016-02-11,2016,36.01381,-86.80527,True,0,0,0,,,,,,,,
101103733,Crashes_2010_2019_MPO,2016-02-11,2016,36.05244,-86.75907,False,0,0,0,,,,,,,,
101103486,Crashes_2010_2019_MPO,2016-02-11,2016,36.01668,-86.74101,False,0,0,0,,,,,,,,
101104166,Crashes_2010_2019_MPO,2016-02-11,2016,36.03797,-86.79777,False,0,0,0,,,,,,,,
101104618,Crashes_2010_2019_MPO,2016-02-11,2016,35.95187,-86.80862,False,0,0,0,,,,,,,,
101103893,Crashes_2010_2019_MPO,2016-02-11,2016,35.94073,-86.82121,False,0,0,0,,,,,,,,
101103758,Crashes_2010_2019_MPO,2016-02-11,2016,35.93222,-86.8194,False,0,0,0,,,,,,,,
101103558,Crashes_2010_2019_MPO,2016-02-11,2016,36.04554,-86.71175,False,0,0,0,,,,,,,,
101103514,Crashes_2010_2019_MPO,2016-02-11,2016,35.98792,-86.68096,False,0,0,0,,,,,,,,
101103955,Crashes_2010_2019_MPO,2016-02-11,2016,36.00193,-86.75351,True,0,0,0,,,,,,,,
101103677,Crashes_2010_2019_MPO,2016-02-11,2016,35.94422,-86.81522,False,0,0,0,,,,,,,,
101103901,Crashes_2010_2019_MPO,2016-02-11,2016,36.0344,-86.74356,False,0,0,0,,,,,,,,
101104617,Crashes_2010_2019_MPO,2016-02-11,2016,35.95051,-86.8085,False,0,0,0,,,,,,,,
101103864,Crashes_2010_2019_MPO,2016-02-11,2016,35.97878,-86.75282,True,0,0,0,,,,,,,,
101104401,Crashes_2010_2019_MPO,2016-02-12,2016,35.98414,-86.80161,True,0,0,0,,,,,,,,
101104247,Crashes_2010_2019_MPO,2016-02-12,2016,36.03742,-86.78646,False,0,0,0,,,,,,,,
101104591,Crashes_2010_2019_MPO,2016-02-12,2016,36.03857,-86.71297,False,0,0,0,,,,,,,,
101104620,Crashes_2010_2019_MPO,2016-02-12,2016,35.92323,-86.86571,False,0,0,0,,,,,,,,
101104301,Crashes_2010_2019_MPO,2016-02-12,2016,35.96681,-86.81119,True,0,0,0,,,,,,,,
101104733,Crashes_2010_2019_MPO,2016-02-12,2016,35.95778,-86.80258,False,0,0,0,,,,,,,,
101104500,Crashes_2010_2019_MPO,2016-02-12,2016,35.96619,-86.80376,True,0,0,0,,,,,,,,
101104509,Crashes_2010_2019_MPO,2016-02-12,2016,36.04001,-86.74347,False,0,0,0,,,,,,,,
101105388,Crashes_2010_2019_MPO,2016-02-12,2016,35.94429,-86.81993,False,0,0,0,,,,,,,,
101104712,Crashes_2010_2019_MPO,2016-02-12,2016,35.99827,-86.69188,False,0,0,0,,,,,,,,
101106341,Crashes_2010_2019_MPO,2016-02-12,2016,35.96868,-86.81932,True,0,0,0,,,,,,,,
101105785,Crashes_2010_2019_MPO,2016-02-12,2016,36.03717,-86.795,True,0,0,0,,,,,,,,
101104637,Crashes_2010_2019_MPO,2016-02-12,2016,36.02255,-86.68057,False,0,0,0,,,,,,,,
101104127,Crashes_2010_2019_MPO,2016-02-12,2016,35.92254,-86.87194,False,0,0,0,,,,,,,,
101104619,Crashes_2010_2019_MPO,2016-02-12,2016,35.94169,-86.8558,False,0,0,0,,,,,,,,
101104616,Crashes_2010_2019_MPO,2016-02-12,2016,35.95735,-86.81658,False,0,0,0,,,,,,,,
101105391,Crashes_2010_2019_MPO,2016-02-13,2016,35.95899,-86.81594,False,0,0,0,,,,,,,,
101105070,Crashes_2010_2019_MPO,2016-02-13,2016,36.03488,-86.78307,True,0,0,0,,,,,,,,
101104982,Crashes_2010_2019_MPO,2016-02-13,2016,36.04522,-86.71479,False,0,0,0,,,,,,,,
101105078,Crashes_2010_2019_MPO,2016-02-13,2016,35.97042,-86.80625,True,0,0,0,,,,,,,,
101105389,Crashes_2010_2019_MPO,2016-02-13,2016,35.92624,-86.82222,False,0,0,0,,,,,,,,
101104985,Crashes_2010_2019_MPO,2016-02-13,2016,36.04233,-86.71283,False,0,0,0,,,,,,,,
101105318,Crashes_2010_2019_MPO,2016-02-13,2016,35.95741,-86.81091,False,0,0,0,,,,,,,,
101105131,Crashes_2010_2019_MPO,2016-02-13,2016,36.04546,-86.71267,False,0,0,0,,,,,,,,
101105349,Crashes_2010_2019_MPO,2016-02-13,2016,35.97616,-86.80439,True,0,0,0,,,,,,,,
101105283,Crashes_2010_2019_MPO,2016-02-13,2016,36.05286,-86.70139,False,0,0,0,,,,,,,,
101105066,Crashes_2010_2019_MPO,2016-02-13,2016,35.97081,-86.80623,True,0,0,0,,,,,,,,
101105071,Crashes_2010_2019_MPO,2016-02-13,2016,35.98567,-86.80109,True,0,0,0,,,,,,,,
101105298,Crashes_2010_2019_MPO,2016-02-13,2016,35.93245,-86.87722,False,0,0,0,,,,,,,,
101105044,Crashes_2010_2019_MPO,2016-02-13,2016,36.05407,-86.71515,False,0,0,0,,,,,,,,
101105589,Crashes_2010_2019_MPO,2016-02-14,2016,35.95795,-86.80256,False,0,0,0,,,,,,,,
101105739,Crashes_2010_2019_MPO,2016-02-14,2016,36.028902,-86.791312,True,0,0,0,,,,,,,,
101105454,Crashes_2010_2019_MPO,2016-02-14,2016,35.96681,-86.81119,True,0,0,0,,,,,,,,
101105576,Crashes_2010_2019_MPO,2016-02-14,2016,36.04083,-86.74366,False,0,0,0,,,,,,,,
101105598,Crashes_2010_2019_MPO,2016-02-14,2016,36.03747,-86.79221,False,0,0,0,,,,,,,,
101105808,Crashes_2010_2019_MPO,2016-02-14,2016,36.04794,-86.73098,False,0,0,0,,,,,,,,
101105429,Crashes_2010_2019_MPO,2016-02-14,2016,36.04548,-86.71249,False,0,0,0,,,,,,,,
101105565,Crashes_2010_2019_MPO,2016-02-14,2016,36.05478,-86.68079,False,0,0,0,,,,,,,,
101106034,Crashes_2010_2019_MPO,2016-02-15,2016,35.96219,-86.81594,True,0,0,0,,,,,,,,
101106226,Crashes_2010_2019_MPO,2016-02-15,2016,35.98884,-86.70458,True,0,0,0,,,,,,,,
101106292,Crashes_2010_2019_MPO,2016-02-15,2016,36.05149,-86.71423,False,0,0,0,,,,,,,,
101105923,Crashes_2010_2019_MPO,2016-02-15,2016,35.96198,-86.81518,False,0,0,0,,,,,,,,
101106294,Crashes_2010_2019_MPO,2016-02-15,2016,35.93669,-86.77336,False,0,0,0,,,,,,,,
101105889,Crashes_2010_2019_MPO,2016-02-15,2016,36.03466,-86.76871,False,0,0,0,,,,,,,,
101105996,Crashes_2010_2019_MPO,2016-02-15,2016,35.96372,-86.81053,False,0,0,0,,,,,,,,
101106184,Crashes_2010_2019_MPO,2016-02-15,2016,35.95544,-86.81725,False,0,0,0,,,,,,,,
101106209,Crashes_2010_2019_MPO,2016-02-15,2016,35.95241,-86.81798,False,0,0,0,,,,,,,,
101107036,Crashes_2010_2019_MPO,2016-02-15,2016,35.94706,-86.82182,False,0,0,0,,,,,,,,
101106231,Crashes_2010_2019_MPO,2016-02-15,2016,36.024752,-86.819302,True,0,0,0,,,,,,,,
101106237,Crashes_2010_2019_MPO,2016-02-15,2016,36.0367,-86.79096,True,0,0,0,,,,,,,,
101107195,Crashes_2010_2019_MPO,2016-02-15,2016,36.04566,-86.71015,False,0,0,0,,,,,,,,
101106142,Crashes_2010_2019_MPO,2016-02-15,2016,36.03792,-86.78463,False,0,0,0,,,,,,,,
101105998,Crashes_2010_2019_MPO,2016-02-15,2016,35.93012,-86.86424,False,0,0,0,,,,,,,,
101105861,Crashes_2010_2019_MPO,2016-02-15,2016,36.04733,-86.86281,False,0,0,0,,,,,,,,
101106232,Crashes_2010_2019_MPO,2016-02-15,2016,35.9503,-86.81877,False,0,0,0,,,,,,,,
101106200,Crashes_2010_2019_MPO,2016-02-15,2016,36.01463,-86.74271,True,0,0,0,,,,,,,,
101105956,Crashes_2010_2019_MPO,2016-02-15,2016,35.95209,-86.81805,False,0,0,0,,,,,,,,
101106599,Crashes_2010_2019_MPO,2016-02-16,2016,36.02277,-86.78672,True,0,0,0,,,,,,,,
101107440,Crashes_2010_2019_MPO,2016-02-16,2016,35.96716,-86.81351,True,0,0,0,,,,,,,,
101106686,Crashes_2010_2019_MPO,2016-02-16,2016,35.95974,-86.8159,False,0,0,0,,,,,,,,
101106861,Crashes_2010_2019_MPO,2016-02-16,2016,35.99139,-86.75256,True,0,0,0,,,,,,,,
101106573,Crashes_2010_2019_MPO,2016-02-16,2016,35.97598,-86.82947,True,0,0,1,,,,,,,,
101106946,Crashes_2010_2019_MPO,2016-02-16,2016,35.92371,-86.86967,False,0,0,0,,,,,,,,
101106609,Crashes_2010_2019_MPO,2016-02-16,2016,35.97334,-86.83305,True,0,0,0,,,,,,,,
101131015,Crashes_2010_2019_MPO,2016-02-16,2016,36.0335,-86.71335,False,0,0,0,,,,,,,,
101107022,Crashes_2010_2019_MPO,2016-02-16,2016,36.04376,-86.73173,False,0,0,0,,,,,,,,
101107005,Crashes_2010_2019_MPO,2016-02-16,2016,35.96131,-86.80186,True,0,0,0,,,,,,,,
101106932,Crashes_2010_2019_MPO,2016-02-16,2016,36.0139,-86.78549,True,0,0,0,,,,,,,,
101106651,Crashes_2010_2019_MPO,2016-02-16,2016,35.9478,-86.80784,False,0,0,0,,,,,,,,
101106665,Crashes_2010_2019_MPO,2016-02-16,2016,36.04561,-86.71074,False,0,0,0,,,,,,,,
101106644,Crashes_2010_2019_MPO,2016-02-16,2016,36.01457,-86.78543,True,0,0,0,,,,,,,,
101107030,Crashes_2010_2019_MPO,2016-02-16,2016,35.96681,-86.81119,True,0,0,0,,,,,,,,
101106917,Crashes_2010_2019_MPO,2016-02-16,2016,36.0397,-86.74345,False,0,0,0,,,,,,,,
101106845,Crashes_2010_2019_MPO,2016-02-16,2016,35.98076,-86.82235,True,0,0,0,,,,,,,,
101106591,Crashes_2010_2019_MPO,2016-02-16,2016,35.96134,-86.81231,False,0,0,0,,,,,,,,
101107024,Crashes_2010_2019_MPO,2016-02-16,2016,36.04127,-86.77752,False,0,0,0,,,,,,,,
101106718,Crashes_2010_2019_MPO,2016-02-16,2016,36.0362,-86.78985,True,0,0,0,,,,,,,,
101106725,Crashes_2010_2019_MPO,2016-02-16,2016,35.94909,-86.81974,False,0,0,0,,,,,,,,
101117630,Crashes_2010_2019_MPO,2016-02-17,2016,36.02613,-86.71295,False,0,0,0,,,,,,,,
101107565,Crashes_2010_2019_MPO,2016-02-17,2016,35.94708,-86.83267,False,0,0,0,,,,,,,,
101107439,Crashes_2010_2019_MPO,2016-02-17,2016,35.93586,-86.81813,False,0,0,0,,,,,,,,
101107564,Crashes_2010_2019_MPO,2016-02-17,2016,35.95887,-86.83133,False,0,0,0,,,,,,,,
101107461,Crashes_2010_2019_MPO,2016-02-17,2016,36.02186,-86.71179,False,0,0,0,,,,,,,,
101117811,Crashes_2010_2019_MPO,2016-02-17,2016,35.94173,-86.82104,False,0,0,0,,,,,,,,
101107184,Crashes_2010_2019_MPO,2016-02-17,2016,36.00064,-86.74294,True,0,0,0,,,,,,,,
101107394,Crashes_2010_2019_MPO,2016-02-17,2016,36.05082,-86.71761,False,0,0,0,,,,,,,,
101107495,Crashes_2010_2019_MPO,2016-02-17,2016,35.99602,-86.78421,True,0,0,0,,,,,,,,
101107223,Crashes_2010_2019_MPO,2016-02-17,2016,36.04119,-86.77667,False,0,0,0,,,,,,,,
101107222,Crashes_2010_2019_MPO,2016-02-17,2016,36.03873,-86.78399,False,0,0,0,,,,,,,,
101107258,Crashes_2010_2019_MPO,2016-02-17,2016,35.966882,-86.808955,True,0,0,0,,,,,,,,
101107365,Crashes_2010_2019_MPO,2016-02-17,2016,35.96654,-86.80935,True,0,0,0,,,,,,,,
101107553,Crashes_2010_2019_MPO,2016-02-17,2016,35.97716,-86.67813,False,0,0,0,,,,,,,,
101107404,Crashes_2010_2019_MPO,2016-02-17,2016,36.04026,-86.8164,False,0,0,0,,,,,,,,
101118228,Crashes_2010_2019_MPO,2016-02-18,2016,36.04001,-86.74347,False,0,0,0,,,,,,,,
101117895,Crashes_2010_2019_MPO,2016-02-18,2016,36.04697,-86.68012,False,0,0,0,,,,,,,,
101118458,Crashes_2010_2019_MPO,2016-02-18,2016,36.02138,-86.71138,False,0,0,0,,,,,,,,
101118071,Crashes_2010_2019_MPO,2016-02-18,2016,35.95178,-86.81794,False,0,0,0,,,,,,,,
101117831,Crashes_2010_2019_MPO,2016-02-18,2016,36.04095,-86.74616,False,0,0,0,,,,,,,,
101120315,Crashes_2010_2019_MPO,2016-02-18,2016,35.96557,-86.81154,False,0,0,0,,,,,,,,
101118072,Crashes_2010_2019_MPO,2016-02-18,2016,35.926,-86.85015,False,0,0,0,,,,,,,,
101118295,Crashes_2010_2019_MPO,2016-02-18,2016,35.92388,-86.8786,False,0,0,0,,,,,,,,
101117978,Crashes_2010_2019_MPO,2016-02-18,2016,36.04537,-86.71326,False,0,0,1,,,,,,,,
101118211,Crashes_2010_2019_MPO,2016-02-18,2016,35.92921,-86.8243,False,0,0,0,,,,,,,,
101120599,Crashes_2010_2019_MPO,2016-02-19,2016,35.9736,-86.83282,True,0,0,0,,,,,,,,
101119781,Crashes_2010_2019_MPO,2016-02-19,2016,35.9476,-86.81992,False,0,0,0,,,,,,,,
101118501,Crashes_2010_2019_MPO,2016-02-19,2016,36.00592,-86.77021,True,0,0,0,,,,,,,,
101118571,Crashes_2010_2019_MPO,2016-02-19,2016,36.03983,-86.74095,False,0,0,0,,,,,,,,
101118969,Crashes_2010_2019_MPO,2016-02-19,2016,36.0443,-86.69395,False,0,0,0,,,,,,,,
101118782,Crashes_2010_2019_MPO,2016-02-19,2016,36.00131,-86.7902,True,0,0,0,,,,,,,,
101118778,Crashes_2010_2019_MPO,2016-02-19,2016,35.95123,-86.81839,False,0,0,0,,,,,,,,
101119024,Crashes_2010_2019_MPO,2016-02-19,2016,36.02138,-86.71138,False,0,0,0,,,,,,,,