record_no,source_layer,collision_ts,crash_year,latitude,longitude,in_city,fatalities,non_motorists,truck_involved,serious_injuries,pedestrian,bicycle,crash_type,manner_of_collision,lighting,weather,first_harmful_event
101118688,Crashes_2010_2019_MPO,2016-02-19,2016,35.93666,-86.69462,False,0,0,0,,,,,,,,
101118625,Crashes_2010_2019_MPO,2016-02-19,2016,35.96058,-86.77033,True,0,0,0,,,,,,,,
101120600,Crashes_2010_2019_MPO,2016-02-19,2016,35.98402,-86.72272,True,0,0,0,,,,,,,,
101119633,Crashes_2010_2019_MPO,2016-02-19,2016,35.99851,-86.69218,False,0,0,0,,,,,,,,
101118981,Crashes_2010_2019_MPO,2016-02-19,2016,35.99476,-86.7977,True,0,0,0,,,,,,,,
101118792,Crashes_2010_2019_MPO,2016-02-19,2016,36.04261,-86.70048,False,0,0,0,,,,,,,,
101118993,Crashes_2010_2019_MPO,2016-02-19,2016,36.04536,-86.70266,False,0,0,0,,,,,,,,
101118514,Crashes_2010_2019_MPO,2016-02-19,2016,35.95677,-86.81113,False,0,0,0,,,,,,,,
101118572,Crashes_2010_2019_MPO,2016-02-19,2016,36.04125,-86.78227,False,0,0,0,,,,,,,,
101119257,Crashes_2010_2019_MPO,2016-02-20,2016,36.04209,-86.70333,False,0,0,0,,,,,,,,
101119618,Crashes_2010_2019_MPO,2016-02-20,2016,35.94505,-86.87877,False,0,0,0,,,,,,,,
101119125,Crashes_2010_2019_MPO,2016-02-20,2016,36.02406,-86.70747,False,0,0,0,,,,,,,,
101119394,Crashes_2010_2019_MPO,2016-02-20,2016,35.99764,-86.79669,True,0,0,0,,,,,,,,
101119783,Crashes_2010_2019_MPO,2016-02-20,2016,35.92413,-86.87902,False,0,0,0,,,,,,,,
101119609,Crashes_2010_2019_MPO,2016-02-20,2016,35.97502,-86.85897,False,0,0,0,,,,,,,,
101119561,Crashes_2010_2019_MPO,2016-02-20,2016,35.95986,-86.8072,False,0,0,0,,,,,,,,
101119784,Crashes_2010_2019_MPO,2016-02-20,2016,35.94904,-86.81961,False,0,0,0,,,,,,,,
101119492,Crashes_2010_2019_MPO,2016-02-20,2016,36.00927,-86.84849,True,0,0,0,,,,,,,,
101119683,Crashes_2010_2019_MPO,2016-02-20,2016,36.0026,-86.83845,False,0,0,0,,,,,,,,
101119462,Crashes_2010_2019_MPO,2016-02-20,2016,36.0243,-86.74239,False,0,0,0,,,,,,,,
101119894,Crashes_2010_2019_MPO,2016-02-21,2016,35.93079,-86.82014,False,0,0,0,,,,,,,,
101120004,Crashes_2010_2019_MPO,2016-02-21,2016,35.95646,-86.81596,False,0,0,0,,,,,,,,
101120441,Crashes_2010_2019_MPO,2016-02-21,2016,35.94778,-86.81995,False,0,0,0,,,,,,,,
101120052,Crashes_2010_2019_MPO,2016-02-21,2016,35.93503,-86.81867,False,0,0,0,,,,,,,,
101121033,Crashes_2010_2019_MPO,2016-02-22,2016,35.93769,-86.76808,False,0,0,0,,,,,,,,
101120563,Crashes_2010_2019_MPO,2016-02-22,2016,36.04666,-86.72508,False,0,0,0,,,,,,,,
101120636,Crashes_2010_2019_MPO,2016-02-22,2016,36.03318,-86.77483,False,0,0,0,,,,,,,,
101122301,Crashes_2010_2019_MPO,2016-02-22,2016,35.9583,-86.8023,False,0,0,0,,,,,,,,
101120325,Crashes_2010_2019_MPO,2016-02-22,2016,35.97205,-86.82649,True,0,0,0,,,,,,,,
101120611,Crashes_2010_2019_MPO,2016-02-22,2016,36.0468,-86.67918,False,0,0,0,,,,,,,,
101120357,Crashes_2010_2019_MPO,2016-02-22,2016,35.95556,-86.75847,True,0,0,0,,,,,,,,
101120873,Crashes_2010_2019_MPO,2016-02-22,2016,36.04489,-86.86476,True,0,0,0,,,,,,,,
101120435,Crashes_2010_2019_MPO,2016-02-22,2016,35.94477,-86.82853,False,0,0,0,,,,,,,,
101120463,Crashes_2010_2019_MPO,2016-02-22,2016,35.92763,-86.74323,False,0,0,0,,,,,,,,
101120601,Crashes_2010_2019_MPO,2016-02-22,2016,36.03758,-86.80108,True,0,0,0,,,,,,,,
101120351,Crashes_2010_2019_MPO,2016-02-22,2016,36.01736,-86.8466,True,0,0,0,,,,,,,,
101121272,Crashes_2010_2019_MPO,2016-02-23,2016,36.03726,-86.79879,True,0,1,0,,,,,,,,
101121280,Crashes_2010_2019_MPO,2016-02-23,2016,35.94559,-86.80541,False,0,0,0,,,,,,,,
101124035,Crashes_2010_2019_MPO,2016-02-23,2016,36.03948,-86.78161,False,0,0,0,,,,,,,,
101121267,Crashes_2010_2019_MPO,2016-02-23,2016,35.95943,-86.80185,False,0,0,0,,,,,,,,
101121242,Crashes_2010_2019_MPO,2016-02-23,2016,36.01527,-86.81565,True,0,0,0,,,,,,,,
101121207,Crashes_2010_2019_MPO,2016-02-23,2016,35.96753,-86.80828,True,0,0,0,,,,,,,,
101125391,Crashes_2010_2019_MPO,2016-02-23,2016,35.96382,-86.80841,False,0,0,0,,,,,,,,
101121259,Crashes_2010_2019_MPO,2016-02-23,2016,35.99197,-86.81302,True,0,0,0,,,,,,,,
101121275,Crashes_2010_2019_MPO,2016-02-23,2016,35.92969,-86.85589,False,0,0,0,,,,,,,,
101121192,Crashes_2010_2019_MPO,2016-02-23,2016,36.04761,-86.7136,False,0,0,0,,,,,,,,
101121375,Crashes_2010_2019_MPO,2016-02-23,2016,36.03984,-86.74377,False,0,0,0,,,,,,,,
101122026,Crashes_2010_2019_MPO,2016-02-24,2016,36.04195,-86.83375,False,0,0,0,,,,,,,,
101121638,Crashes_2010_2019_MPO,2016-02-24,2016,36.033314,-86.783928,True,0,0,0,,,,,,,,
101121796,Crashes_2010_2019_MPO,2016-02-24,2016,35.9261,-86.8714,False,0,0,0,,,,,,,,
101122046,Crashes_2010_2019_MPO,2016-02-24,2016,35.93971,-86.79699,False,0,0,0,,,,,,,,
101124707,Crashes_2010_2019_MPO,2016-02-24,2016,36.02193,-86.7951,True,0,0,0,,,,,,,,
101121944,Crashes_2010_2019_MPO,2016-02-24,2016,35.95531,-86.8264,False,0,0,0,,,,,,,,
101121804,Crashes_2010_2019_MPO,2016-02-24,2016,35.96451,-86.77191,True,0,0,0,,,,,,,,
101121895,Crashes_2010_2019_MPO,2016-02-24,2016,36.01467,-86.72575,False,0,0,0,,,,,,,,
101121820,Crashes_2010_2019_MPO,2016-02-24,2016,35.9583,-86.8023,False,0,0,0,,,,,,,,
101121798,Crashes_2010_2019_MPO,2016-02-24,2016,35.93389,-86.77906,False,0,0,0,,,,,,,,
101121951,Crashes_2010_2019_MPO,2016-02-24,2016,36.04271,-86.74282,False,0,0,0,,,,,,,,
101121588,Crashes_2010_2019_MPO,2016-02-24,2016,35.94334,-86.80977,False,0,0,0,,,,,,,,
101121795,Crashes_2010_2019_MPO,2016-02-24,2016,35.93507,-86.77598,False,0,0,0,,,,,,,,
101121929,Crashes_2010_2019_MPO,2016-02-24,2016,35.93875,-86.82155,False,0,0,0,,,,,,,,
101122531,Crashes_2010_2019_MPO,2016-02-25,2016,36.04118,-86.7766,False,0,0,0,,,,,,,,
101122635,Crashes_2010_2019_MPO,2016-02-25,2016,36.04537,-86.71326,False,0,0,0,,,,,,,,
101122200,Crashes_2010_2019_MPO,2016-02-25,2016,36.03258,-86.76893,False,0,0,0,,,,,,,,
101122596,Crashes_2010_2019_MPO,2016-02-25,2016,36.0387,-86.73097,False,0,0,0,,,,,,,,
101122373,Crashes_2010_2019_MPO,2016-02-25,2016,35.95071,-86.81871,False,0,0,0,,,,,,,,
101122437,Crashes_2010_2019_MPO,2016-02-25,2016,36.01372,-86.80472,True,0,0,0,,,,,,,,
101122267,Crashes_2010_2019_MPO,2016-02-25,2016,36.04715,-86.77641,False,0,0,0,,,,,,,,
101122376,Crashes_2010_2019_MPO,2016-02-25,2016,36.033141,-86.787041,True,0,0,0,,,,,,,,
101123713,Crashes_2010_2019_MPO,2016-02-26,2016,35.95724,-86.81662,False,0,0,0,,,,,,,,
101122888,Crashes_2010_2019_MPO,2016-02-26,2016,35.99623,-86.78619,True,0,0,0,,,,,,,,
101123709,Crashes_2010_2019_MPO,2016-02-26,2016,35.94697,-86.82201,False,0,0,0,,,,,,,,
101123129,Crashes_2010_2019_MPO,2016-02-26,2016,36.04537,-86.71326,False,0,0,0,,,,,,,,
101122871,Crashes_2010_2019_MPO,2016-02-26,2016,36.00669,-86.78822,True,0,0,1,,,,,,,,
101122864,Crashes_2010_2019_MPO,2016-02-26,2016,36.03776,-86.78477,False,0,0,0,,,,,,,,
101123708,Crashes_2010_2019_MPO,2016-02-26,2016,35.95724,-86.81662,False,0,0,0,,,,,,,,
101122797,Crashes_2010_2019_MPO,2016-02-26,2016,35.99161,-86.79879,True,0,0,0,,,,,,,,
101123219,Crashes_2010_2019_MPO,2016-02-26,2016,35.93498,-86.82608,False,0,0,0,,,,,,,,
101123712,Crashes_2010_2019_MPO,2016-02-26,2016,35.9325,-86.86247,False,0,0,0,,,,,,,,
101123034,Crashes_2010_2019_MPO,2016-02-26,2016,35.92553,-86.86825,False,0,0,0,,,,,,,,
101123837,Crashes_2010_2019_MPO,2016-02-26,2016,36.04558,-86.74719,False,0,0,0,,,,,,,,
101123307,Crashes_2010_2019_MPO,2016-02-26,2016,35.92652,-86.82561,False,0,0,0,,,,,,,,
101122718,Crashes_2010_2019_MPO,2016-02-26,2016,35.94102,-86.81659,False,0,0,1,,,,,,,,
101126770,Crashes_2010_2019_MPO,2016-02-26,2016,36.0417,-86.74862,False,0,0,0,,,,,,,,
101122843,Crashes_2010_2019_MPO,2016-02-26,2016,36.0457,-86.72079,False,0,0,0,,,,,,,,
101123716,Crashes_2010_2019_MPO,2016-02-27,2016,35.94175,-86.82119,False,0,0,0,,,,,,,,
101123538,Crashes_2010_2019_MPO,2016-02-27,2016,35.98072,-86.80279,True,0,0,0,,,,,,,,
101123532,Crashes_2010_2019_MPO,2016-02-27,2016,36.04228,-86.74399,False,0,0,0,,,,,,,,
101123701,Crashes_2010_2019_MPO,2016-02-27,2016,36.026371,-86.792053,True,0,0,0,,,,,,,,
101124208,Crashes_2010_2019_MPO,2016-02-28,2016,36.04108,-86.77899,False,0,0,0,,,,,,,,
101124567,Crashes_2010_2019_MPO,2016-02-28,2016,36.0307,-86.7838,True,0,0,0,,,,,,,,
101124283,Crashes_2010_2019_MPO,2016-02-28,2016,36.03047,-86.74398,False,0,0,0,,,,,,,,
101124240,Crashes_2010_2019_MPO,2016-02-28,2016,36.04544,-86.71246,False,0,0,0,,,,,,,,
101127218,Crashes_2010_2019_MPO,2016-02-29,2016,35.97183,-86.86167,False,0,0,0,,,,,,,,
101124623,Crashes_2010_2019_MPO,2016-02-29,2016,35.97541,-86.67825,False,0,0,0,,,,,,,,
101125042,Crashes_2010_2019_MPO,2016-02-29,2016,36.04425,-86.68749,False,0,0,0,,,,,,,,
101125026,Crashes_2010_2019_MPO,2016-02-29,2016,35.94708,-86.82122,False,0,0,0,,,,,,,,
101125041,Crashes_2010_2019_MPO,2016-02-29,2016,35.93191,-86.79441,False,0,0,0,,,,,,,,
101124793,Crashes_2010_2019_MPO,2016-02-29,2016,35.96312,-86.81897,True,0,0,0,,,,,,,,
101124810,Crashes_2010_2019_MPO,2016-02-29,2016,35.9674,-86.81543,True,0,0,0,,,,,,,,
101124721,Crashes_2010_2019_MPO,2016-02-29,2016,36.025195,-86.798261,True,0,0,0,,,,,,,,
101124934,Crashes_2010_2019_MPO,2016-02-29,2016,35.95988,-86.80978,False,0,0,0,,,,,,,,
101124879,Crashes_2010_2019_MPO,2016-02-29,2016,36.04,-86.71277,False,0,0,1,,,,,,,,
101125289,Crashes_2010_2019_MPO,2016-03-01,2016,35.93446,-86.81991,False,0,0,0,,,,,,,,
101125791,Crashes_2010_2019_MPO,2016-03-01,2016,36.03986,-86.78104,False,0,0,0,,,,,,,,
101125292,Crashes_2010_2019_MPO,2016-03-01,2016,35.96713,-86.81335,True,0,0,0,,,,,,,,
101125357,Crashes_2010_2019_MPO,2016-03-01,2016,36.03797,-86.79777,False,0,0,0,,,,,,,,
101125639,Crashes_2010_2019_MPO,2016-03-01,2016,35.96502,-86.79461,True,0,0,0,,,,,,,,
101125684,Crashes_2010_2019_MPO,2016-03-01,2016,35.95049,-86.84879,False,0,0,0,,,,,,,,
101125279,Crashes_2010_2019_MPO,2016-03-01,2016,35.9509,-86.80665,False,0,0,0,,,,,,,,
101125404,Crashes_2010_2019_MPO,2016-03-01,2016,35.94775,-86.81475,False,0,0,0,,,,,,,,
101125521,Crashes_2010_2019_MPO,2016-03-01,2016,35.92355,-86.79253,False,0,0,0,,,,,,,,
101125603,Crashes_2010_2019_MPO,2016-03-01,2016,36.01364,-86.8042,True,0,0,0,,,,,,,,
101125397,Crashes_2010_2019_MPO,2016-03-01,2016,36.03476,-86.805634,True,0,0,0,,,,,,,,
101125685,Crashes_2010_2019_MPO,2016-03-01,2016,36.03322,-86.78532,True,0,0,0,,,,,,,,
101125975,Crashes_2010_2019_MPO,2016-03-02,2016,35.99285,-86.69347,True,0,0,0,,,,,,,,
101126339,Crashes_2010_2019_MPO,2016-03-02,2016,36.037575,-86.785042,False,0,0,0,,,,,,,,
101126377,Crashes_2010_2019_MPO,2016-03-02,2016,35.93446,-86.81991,False,0,0,0,,,,,,,,
101126494,Crashes_2010_2019_MPO,2016-03-02,2016,36.04244,-86.71184,False,0,0,0,,,,,,,,
101126354,Crashes_2010_2019_MPO,2016-03-02,2016,35.95211,-86.76621,True,0,0,0,,,,,,,,
101126232,Crashes_2010_2019_MPO,2016-03-02,2016,35.93446,-86.81991,False,0,0,0,,,,,,,,
101126337,Crashes_2010_2019_MPO,2016-03-02,2016,36.03464,-86.802666,True,0,0,0,,,,,,,,
101126376,Crashes_2010_2019_MPO,2016-03-02,2016,35.95599,-86.83263,False,0,0,0,,,,,,,,
101126271,Crashes_2010_2019_MPO,2016-03-02,2016,35.99183,-86.75486,True,0,0,0,,,,,,,,
101126247,Crashes_2010_2019_MPO,2016-03-02,2016,35.96173,-86.80183,True,0,0,0,,,,,,,,
101126371,Crashes_2010_2019_MPO,2016-03-02,2016,36.04537,-86.71326,False,0,0,0,,,,,,,,
101126233,Crashes_2010_2019_MPO,2016-03-02,2016,35.95743,-86.84322,False,0,0,0,,,,,,,,
101127737,Crashes_2010_2019_MPO,2016-03-03,2016,35.96312,-86.82485,False,0,0,0,,,,,,,,
101126587,Crashes_2010_2019_MPO,2016-03-03,2016,35.96988,-86.72474,True,0,0,0,,,,,,,,
101127283,Crashes_2010_2019_MPO,2016-03-03,2016,35.97781,-86.80357,True,0,0,0,,,,,,,,
101126736,Crashes_2010_2019_MPO,2016-03-03,2016,35.92829,-86.76661,False,0,0,0,,,,,,,,
101126966,Crashes_2010_2019_MPO,2016-03-03,2016,35.96498,-86.7285,True,0,0,0,,,,,,,,
101127077,Crashes_2010_2019_MPO,2016-03-03,2016,35.94429,-86.81993,False,0,0,0,,,,,,,,
101127079,Crashes_2010_2019_MPO,2016-03-03,2016,35.9449,-86.80266,False,0,0,0,,,,,,,,
101127875,Crashes_2010_2019_MPO,2016-03-03,2016,36.0403,-86.75841,False,0,0,0,,,,,,,,
101127318,Crashes_2010_2019_MPO,2016-03-03,2016,36.04331,-86.78174,False,0,0,0,,,,,,,,
101126784,Crashes_2010_2019_MPO,2016-03-03,2016,35.9479,-86.81945,False,0,0,0,,,,,,,,
101127027,Crashes_2010_2019_MPO,2016-03-03,2016,35.98285,-86.82041,True,0,0,0,,,,,,,,
101127112,Crashes_2010_2019_MPO,2016-03-03,2016,35.96838,-86.80313,True,0,0,0,,,,,,,,
101126991,Crashes_2010_2019_MPO,2016-03-03,2016,35.96987,-86.7227,True,0,0,0,,,,,,,,
101126957,Crashes_2010_2019_MPO,2016-03-03,2016,36.04544,-86.71851,False,0,0,0,,,,,,,,
101127232,Crashes_2010_2019_MPO,2016-03-03,2016,36.04807,-86.71459,False,0,0,0,,,,,,,,
101129581,Crashes_2010_2019_MPO,2016-03-03,2016,36.04612,-86.85736,False,0,0,0,,,,,,,,
101127078,Crashes_2010_2019_MPO,2016-03-03,2016,35.94232,-86.82109,False,0,0,0,,,,,,,,
101127899,Crashes_2010_2019_MPO,2016-03-04,2016,36.04497,-86.69677,False,0,0,0,,,,,,,,
101127910,Crashes_2010_2019_MPO,2016-03-04,2016,35.98111,-86.84624,False,0,0,0,,,,,,,,
101127532,Crashes_2010_2019_MPO,2016-03-04,2016,36.035615,-86.801187,True,0,0,0,,,,,,,,
101127403,Crashes_2010_2019_MPO,2016-03-04,2016,35.96248,-86.68927,False,0,0,0,,,,,,,,
101127447,Crashes_2010_2019_MPO,2016-03-04,2016,36.04001,-86.74347,False,0,0,0,,,,,,,,
101128271,Crashes_2010_2019_MPO,2016-03-04,2016,35.93127,-86.87663,False,0,0,0,,,,,,,,
101127840,Crashes_2010_2019_MPO,2016-03-04,2016,35.97125,-86.80608,True,0,0,0,,,,,,,,
101127800,Crashes_2010_2019_MPO,2016-03-04,2016,35.93093,-86.87645,False,0,0,0,,,,,,,,
101127487,Crashes_2010_2019_MPO,2016-03-04,2016,35.9642,-86.82743,False,0,0,0,,,,,,,,
101127617,Crashes_2010_2019_MPO,2016-03-04,2016,35.92553,-86.86825,False,0,0,0,,,,,,,,
101127842,Crashes_2010_2019_MPO,2016-03-04,2016,35.97031,-86.80641,True,0,0,0,,,,,,,,
101128513,Crashes_2010_2019_MPO,2016-03-04,2016,35.92298,-86.87094,False,0,0,0,,,,,,,,
101127822,Crashes_2010_2019_MPO,2016-03-04,2016,35.93215,-86.79441,False,0,0,0,,,,,,,,
101127371,Crashes_2010_2019_MPO,2016-03-04,2016,35.96226,-86.80173,True,0,0,1,,,,,,,,
101127370,Crashes_2010_2019_MPO,2016-03-04,2016,35.94039,-86.83375,False,0,0,0,,,,,,,,
101128245,Crashes_2010_2019_MPO,2016-03-05,2016,36.034614,-86.788061,True,0,0,0,,,,,,,,
101128183,Crashes_2010_2019_MPO,2016-03-05,2016,36.0379,-86.78441,False,0,0,0,,,,,,,,
101128273,Crashes_2010_2019_MPO,2016-03-05,2016,35.94646,-86.82367,False,0,0,0,,,,,,,,
101128262,Crashes_2010_2019_MPO,2016-03-05,2016,36.02922,-86.78994,True,0,0,0,,,,,,,,
101128124,Crashes_2010_2019_MPO,2016-03-05,2016,35.99922,-86.80923,True,0,0,0,,,,,,,,
101128259,Crashes_2010_2019_MPO,2016-03-05,2016,36.01014,-86.70205,False,0,0,0,,,,,,,,
101129273,Crashes_2010_2019_MPO,2016-03-05,2016,35.94643,-86.85029,False,0,0,0,,,,,,,,
101128056,Crashes_2010_2019_MPO,2016-03-05,2016,36.01574,-86.82082,True,0,0,0,,,,,,,,
101128369,Crashes_2010_2019_MPO,2016-03-05,2016,36.04899,-86.71628,False,0,0,0,,,,,,,,
101128182,Crashes_2010_2019_MPO,2016-03-05,2016,36.04001,-86.74347,False,0,0,0,,,,,,,,
101129866,Crashes_2010_2019_MPO,2016-03-05,2016,35.97689,-86.76327,True,0,0,0,,,,,,,,
101128295,Crashes_2010_2019_MPO,2016-03-05,2016,35.96687,-86.81161,True,0,0,0,,,,,,,,
101128415,Crashes_2010_2019_MPO,2016-03-05,2016,36.033687,-86.828258,True,0,0,0,,,,,,,,
101128481,Crashes_2010_2019_MPO,2016-03-05,2016,35.94421,-86.81975,False,0,0,0,,,,,,,,
101128740,Crashes_2010_2019_MPO,2016-03-06,2016,36.04548,-86.71207,False,0,0,0,,,,,,,,
101128984,Crashes_2010_2019_MPO,2016-03-06,2016,36.04147,-86.70367,False,0,0,0,,,,,,,,
101128960,Crashes_2010_2019_MPO,2016-03-06,2016,35.94742,-86.81278,False,0,0,0,,,,,,,,
101130231,Crashes_2010_2019_MPO,2016-03-06,2016,35.98488,-86.87748,False,0,0,0,,,,,,,,
101128698,Crashes_2010_2019_MPO,2016-03-06,2016,36.025515,-86.789443,True,0,0,0,,,,,,,,
101128963,Crashes_2010_2019_MPO,2016-03-06,2016,35.94795,-86.82416,False,0,0,0,,,,,,,,
101128736,Crashes_2010_2019_MPO,2016-03-06,2016,36.04029,-86.76833,False,0,0,0,,,,,,,,
101128667,Crashes_2010_2019_MPO,2016-03-06,2016,35.95383,-86.80405,False,0,0,0,,,,,,,,
101128820,Crashes_2010_2019_MPO,2016-03-06,2016,35.97716,-86.67813,False,0,0,0,,,,,,,,
101130274,Crashes_2010_2019_MPO,2016-03-06,2016,35.96615,-86.80725,True,0,0,0,,,,,,,,
101129310,Crashes_2010_2019_MPO,2016-03-07,2016,35.93374,-86.81767,False,0,0,0,,,,,,,,
101129582,Crashes_2010_2019_MPO,2016-03-07,2016,36.03934,-86.78566,False,0,0,0,,,,,,,,
101130275,Crashes_2010_2019_MPO,2016-03-07,2016,35.96798,-86.81833,True,0,0,0,,,,,,,,
101129138,Crashes_2010_2019_MPO,2016-03-07,2016,35.96716,-86.81351,True,0,0,0,,,,,,,,
101129113,Crashes_2010_2019_MPO,2016-03-07,2016,35.94678,-86.80857,False,0,0,0,,,,,,,,
101129386,Crashes_2010_2019_MPO,2016-03-07,2016,36.04367,-86.69284,False,0,0,0,,,,,,,,
101129311,Crashes_2010_2019_MPO,2016-03-07,2016,35.94133,-86.84018,False,0,0,0,,,,,,,,
101129913,Crashes_2010_2019_MPO,2016-03-07,2016,35.92391,-86.87162,False,0,0,0,,,,,,,,
101129112,Crashes_2010_2019_MPO,2016-03-07,2016,35.93595,-86.8181,False,0,0,0,,,,,,,,
101129560,Crashes_2010_2019_MPO,2016-03-07,2016,36.02221,-86.71205,False,0,0,0,,,,,,,,
101129833,Crashes_2010_2019_MPO,2016-03-07,2016,35.9465,-86.82372,False,0,0,0,,,,,,,,
101129341,Crashes_2010_2019_MPO,2016-03-07,2016,35.97332,-86.83308,True,0,0,0,,,,,,,,
101129740,Crashes_2010_2019_MPO,2016-03-08,2016,36.03971,-86.76279,False,0,0,0,,,,,,,,
101130123,Crashes_2010_2019_MPO,2016-03-08,2016,36.04001,-86.74347,False,0,0,0,,,,,,,,
101129843,Crashes_2010_2019_MPO,2016-03-08,2016,36.03932,-86.78203,False,0,0,0,,,,,,,,
101129688,Crashes_2010_2019_MPO,2016-03-08,2016,35.94896,-86.7496,True,0,0,0,,,,,,,,
101129841,Crashes_2010_2019_MPO,2016-03-08,2016,35.92679,-86.82131,False,0,0,0,,,,,,,,
101130883,Crashes_2010_2019_MPO,2016-03-08,2016,35.99687,-86.68989,False,0,0,0,,,,,,,,
101130202,Crashes_2010_2019_MPO,2016-03-08,2016,36.04006,-86.74417,False,0,0,0,,,,,,,,
101131181,Crashes_2010_2019_MPO,2016-03-09,2016,35.97036,-86.77391,True,0,0,0,,,,,,,,
101130425,Crashes_2010_2019_MPO,2016-03-09,2016,36.04489,-86.86476,True,0,0,0,,,,,,,,
101131062,Crashes_2010_2019_MPO,2016-03-09,2016,35.96582,-86.80753,False,0,0,0,,,,,,,,
101130427,Crashes_2010_2019_MPO,2016-03-09,2016,35.95672,-86.81086,False,0,0,0,,,,,,,,
101130417,Crashes_2010_2019_MPO,2016-03-09,2016,35.9583,-86.8023,False,0,0,0,,,,,,,,
101131307,Crashes_2010_2019_MPO,2016-03-09,2016,35.96632,-86.80543,True,0,0,0,,,,,,,,
101130920,Crashes_2010_2019_MPO,2016-03-09,2016,35.94687,-86.82178,False,0,0,0,,,,,,,,
101130874,Crashes_2010_2019_MPO,2016-03-09,2016,35.99945,-86.69343,False,0,0,0,,,,,,,,
101130608,Crashes_2010_2019_MPO,2016-03-09,2016,36.03772,-86.79475,False,0,0,1,,,,,,,,
101130691,Crashes_2010_2019_MPO,2016-03-09,2016,35.93167,-86.81959,False,0,0,0,,,,,,,,
101130514,Crashes_2010_2019_MPO,2016-03-09,2016,36.00183,-86.79324,True,0,0,1,,,,,,,,
101130847,Crashes_2010_2019_MPO,2016-03-09,2016,35.96716,-86.81351,True,0,0,0,,,,,,,,
101130633,Crashes_2010_2019_MPO,2016-03-09,2016,35.97528,-86.80469,True,0,0,0,,,,,,,,
101130491,Crashes_2010_2019_MPO,2016-03-09,2016,35.95384,-86.70944,True,0,0,0,,,,,,,,
101130848,Crashes_2010_2019_MPO,2016-03-09,2016,35.93465,-86.86087,False,0,0,0,,,,,,,,
101130430,Crashes_2010_2019_MPO,2016-03-09,2016,36.01679,-86.78632,True,0,0,0,,,,,,,,
101130791,Crashes_2010_2019_MPO,2016-03-09,2016,35.99922,-86.80923,True,0,0,0,,,,,,,,
101131061,Crashes_2010_2019_MPO,2016-03-10,2016,35.97645,-86.82756,True,0,0,0,,,,,,,,
101131615,Crashes_2010_2019_MPO,2016-03-10,2016,36.04041,-86.74533,False,0,0,0,,,,,,,,
101131155,Crashes_2010_2019_MPO,2016-03-10,2016,35.9583,-86.8023,False,0,0,0,,,,,,,,
101131616,Crashes_2010_2019_MPO,2016-03-10,2016,36.04194,-86.82492,False,0,0,0,,,,,,,,
101131503,Crashes_2010_2019_MPO,2016-03-10,2016,35.94674,-86.8514,False,0,0,0,,,,,,,,
101131134,Crashes_2010_2019_MPO,2016-03-10,2016,36.015,-86.81338,True,0,0,0,,,,,,,,
101134809,Crashes_2010_2019_MPO,2016-03-10,2016,36.02165,-86.77076,True,0,0,0,,,,,,,,
101132128,Crashes_2010_2019_MPO,2016-03-10,2016,36.04114,-86.77621,False,0,0,0,,,,,,,,
101131505,Crashes_2010_2019_MPO,2016-03-10,2016,35.92672,-86.82132,False,0,0,0,,,,,,,,
101131189,Crashes_2010_2019_MPO,2016-03-10,2016,36.03798,-86.79791,False,0,0,0,,,,,,,,
101131535,Crashes_2010_2019_MPO,2016-03-10,2016,35.974411,-86.702276,True,0,0,0,,,,,,,,
101131849,Crashes_2010_2019_MPO,2016-03-10,2016,35.96513,-86.72715,True,0,0,0,,,,,,,,
101131175,Crashes_2010_2019_MPO,2016-03-10,2016,36.03296,-86.7729,False,0,0,0,,,,,,,,
101131490,Crashes_2010_2019_MPO,2016-03-10,2016,36.00024,-86.79487,True,0,0,0,,,,,,,,
101131073,Crashes_2010_2019_MPO,2016-03-10,2016,36.04583,-86.77876,False,0,0,0,,,,,,,,
101131477,Crashes_2010_2019_MPO,2016-03-10,2016,36.02146,-86.78733,True,0,0,0,,,,,,,,
101131501,Crashes_2010_2019_MPO,2016-03-10,2016,35.98635,-86.73664,True,0,0,0,,,,,,,,
101131711,Crashes_2010_2019_MPO,2016-03-10,2016,36.0548,-86.70784,False,0,0,0,,,,,,,,
101134739,Crashes_2010_2019_MPO,2016-03-10,2016,36.03841,-86.74344,False,0,0,0,,,,,,,,
101132995,Crashes_2010_2019_MPO,2016-03-11,2016,35.98924,-86.79986,True,0,0,0,,,,,,,,
101132160,Crashes_2010_2019_MPO,2016-03-11,2016,36.03753,-86.78509,False,0,0,0,,,,,,,,
101132412,Crashes_2010_2019_MPO,2016-03-11,2016,35.93978,-86.72922,False,0,0,0,,,,,,,,
101132258,Crashes_2010_2019_MPO,2016-03-11,2016,36.04536,-86.71337,False,0,0,0,,,,,,,,
101132405,Crashes_2010_2019_MPO,2016-03-11,2016,36.0507,-86.71413,False,0,0,0,,,,,,,,
101131949,Crashes_2010_2019_MPO,2016-03-11,2016,36.03352,-86.71298,False,0,0,0,,,,,,,,
101133050,Crashes_2010_2019_MPO,2016-03-11,2016,35.9584,-86.80226,False,0,0,0,,,,,,,,
101133051,Crashes_2010_2019_MPO,2016-03-11,2016,35.95209,-86.81805,False,0,0,0,,,,,,,,
101134975,Crashes_2010_2019_MPO,2016-03-11,2016,35.95916,-86.8021,False,0,0,0,,,,,,,,
101132199,Crashes_2010_2019_MPO,2016-03-11,2016,35.93205,-86.8628,False,0,0,0,,,,,,,,
101132299,Crashes_2010_2019_MPO,2016-03-11,2016,35.93562,-86.82387,False,0,0,0,,,,,,,,
101131760,Crashes_2010_2019_MPO,2016-03-11,2016,36.04447,-86.70591,False,0,0,0,,,,,,,,
101132821,Crashes_2010_2019_MPO,2016-03-12,2016,35.93829,-86.87909,False,0,0,0,,,,,,,,
101133054,Crashes_2010_2019_MPO,2016-03-12,2016,35.95209,-86.81805,False,0,0,0,,,,,,,,
101132788,Crashes_2010_2019_MPO,2016-03-12,2016,36.04775,-86.71355,False,0,1,0,,,,,,,,