record_no,source_layer,collision_ts,crash_year,latitude,longitude,in_city,fatalities,non_motorists,truck_involved,serious_injuries,pedestrian,bicycle,crash_type,manner_of_collision,lighting,weather,first_harmful_event
101132434,Crashes_2010_2019_MPO,2016-03-12,2016,36.03995,-86.78093,False,0,0,0,,,,,,,,
101132650,Crashes_2010_2019_MPO,2016-03-12,2016,35.96431,-86.81605,True,0,0,0,,,,,,,,
101132645,Crashes_2010_2019_MPO,2016-03-12,2016,35.93982,-86.67957,False,0,0,0,,,,,,,,
101132659,Crashes_2010_2019_MPO,2016-03-12,2016,35.94683,-86.85172,False,0,0,0,,,,,,,,
101132470,Crashes_2010_2019_MPO,2016-03-12,2016,35.95032,-86.76625,True,0,0,0,,,,,,,,
101132573,Crashes_2010_2019_MPO,2016-03-12,2016,35.99459,-86.76773,True,0,0,0,,,,,,,,
101133273,Crashes_2010_2019_MPO,2016-03-12,2016,36.0378,-86.78461,False,0,0,0,,,,,,,,
101132739,Crashes_2010_2019_MPO,2016-03-12,2016,35.9651,-86.80025,True,0,0,0,,,,,,,,
101132549,Crashes_2010_2019_MPO,2016-03-12,2016,35.92949,-86.84188,False,0,0,0,,,,,,,,
101132869,Crashes_2010_2019_MPO,2016-03-12,2016,36.02526,-86.74259,False,0,0,0,,,,,,,,
101132574,Crashes_2010_2019_MPO,2016-03-12,2016,35.92493,-86.86519,False,0,0,0,,,,,,,,
101132387,Crashes_2010_2019_MPO,2016-03-12,2016,36.01463,-86.74271,True,0,0,0,,,,,,,,
101132741,Crashes_2010_2019_MPO,2016-03-12,2016,35.93084,-86.82416,False,0,0,0,,,,,,,,
101133535,Crashes_2010_2019_MPO,2016-03-13,2016,35.95053,-86.81804,False,0,0,0,,,,,,,,
101133374,Crashes_2010_2019_MPO,2016-03-13,2016,35.96133,-86.81226,False,0,0,0,,,,,,,,
101133533,Crashes_2010_2019_MPO,2016-03-13,2016,36.03992,-86.74213,False,0,0,0,,,,,,,,
101133188,Crashes_2010_2019_MPO,2016-03-13,2016,36.033278,-86.784876,True,0,0,0,,,,,,,,
101133953,Crashes_2010_2019_MPO,2016-03-14,2016,35.96663,-86.81123,True,0,0,0,,,,,,,,
101133831,Crashes_2010_2019_MPO,2016-03-14,2016,35.9256,-86.87245,False,0,0,0,,,,,,,,
101133550,Crashes_2010_2019_MPO,2016-03-14,2016,36.04537,-86.71326,False,0,0,0,,,,,,,,
101133895,Crashes_2010_2019_MPO,2016-03-14,2016,35.92921,-86.85266,False,0,0,0,,,,,,,,
101133937,Crashes_2010_2019_MPO,2016-03-14,2016,35.98337,-86.72059,True,0,0,0,,,,,,,,
101133943,Crashes_2010_2019_MPO,2016-03-14,2016,35.96596,-86.81391,False,0,0,0,,,,,,,,
101134150,Crashes_2010_2019_MPO,2016-03-14,2016,36.0417,-86.74862,False,0,0,0,,,,,,,,
101134050,Crashes_2010_2019_MPO,2016-03-14,2016,36.0402,-86.7806,False,0,0,0,,,,,,,,
101133956,Crashes_2010_2019_MPO,2016-03-14,2016,36.04597,-86.71333,False,0,0,0,,,,,,,,
101133877,Crashes_2010_2019_MPO,2016-03-14,2016,36.04507,-86.71322,False,0,0,0,,,,,,,,
101133605,Crashes_2010_2019_MPO,2016-03-14,2016,36.04161,-86.71287,False,0,0,0,,,,,,,,
101133966,Crashes_2010_2019_MPO,2016-03-14,2016,35.95092,-86.81857,False,0,0,0,,,,,,,,
101134544,Crashes_2010_2019_MPO,2016-03-15,2016,35.93513,-86.87823,False,0,0,0,,,,,,,,
101134729,Crashes_2010_2019_MPO,2016-03-15,2016,36.03771,-86.78482,False,0,0,0,,,,,,,,
101135225,Crashes_2010_2019_MPO,2016-03-15,2016,35.93287,-86.78346,False,0,0,0,,,,,,,,
101134619,Crashes_2010_2019_MPO,2016-03-15,2016,35.932,-86.84231,False,0,0,0,,,,,,,,
101135263,Crashes_2010_2019_MPO,2016-03-15,2016,35.94114,-86.83623,False,0,0,0,,,,,,,,
101134427,Crashes_2010_2019_MPO,2016-03-15,2016,35.92506,-86.86926,False,0,0,0,,,,,,,,
101135264,Crashes_2010_2019_MPO,2016-03-15,2016,35.96189,-86.81203,False,0,0,0,,,,,,,,
101134228,Crashes_2010_2019_MPO,2016-03-15,2016,36.04059,-86.77107,False,0,0,0,,,,,,,,
101134723,Crashes_2010_2019_MPO,2016-03-15,2016,36.04561,-86.71977,False,0,0,0,,,,,,,,
101147950,Crashes_2010_2019_MPO,2016-03-15,2016,35.97328,-86.83282,True,0,0,0,,,,,,,,
101134639,Crashes_2010_2019_MPO,2016-03-15,2016,35.94387,-86.82085,False,0,0,0,,,,,,,,
101146501,Crashes_2010_2019_MPO,2016-03-16,2016,35.94922,-86.81946,False,0,0,0,,,,,,,,
101134960,Crashes_2010_2019_MPO,2016-03-16,2016,36.03256,-86.7687,False,0,0,0,,,,,,,,
101145383,Crashes_2010_2019_MPO,2016-03-16,2016,36.03797,-86.79777,False,0,0,0,,,,,,,,
101134896,Crashes_2010_2019_MPO,2016-03-16,2016,35.9692,-86.80679,True,0,0,0,,,,,,,,
101134931,Crashes_2010_2019_MPO,2016-03-16,2016,36.05217,-86.77516,False,0,0,0,,,,,,,,
101145382,Crashes_2010_2019_MPO,2016-03-16,2016,36.04028,-86.76837,False,0,0,0,,,,,,,,
101135262,Crashes_2010_2019_MPO,2016-03-16,2016,36.04012,-86.78074,False,0,0,0,,,,,,,,
101145496,Crashes_2010_2019_MPO,2016-03-16,2016,35.97125,-86.80584,True,0,0,0,,,,,,,,
101145610,Crashes_2010_2019_MPO,2016-03-16,2016,35.94847,-86.814,False,0,0,0,,,,,,,,
101135290,Crashes_2010_2019_MPO,2016-03-16,2016,36.03599,-86.7872,True,0,0,0,,,,,,,,
101135270,Crashes_2010_2019_MPO,2016-03-16,2016,35.94804,-86.86368,False,0,0,0,,,,,,,,
101134953,Crashes_2010_2019_MPO,2016-03-16,2016,35.96804,-86.81307,True,0,0,0,,,,,,,,
101135275,Crashes_2010_2019_MPO,2016-03-16,2016,35.96505,-86.80823,False,0,0,0,,,,,,,,
101145858,Crashes_2010_2019_MPO,2016-03-17,2016,35.96721,-86.81393,True,0,0,0,,,,,,,,
101145904,Crashes_2010_2019_MPO,2016-03-17,2016,35.92667,-86.77819,False,0,1,0,,,,,,,,
101145554,Crashes_2010_2019_MPO,2016-03-17,2016,36.04553,-86.71153,False,0,0,0,,,,,,,,
101145751,Crashes_2010_2019_MPO,2016-03-17,2016,35.92345,-86.79456,False,0,0,0,,,,,,,,
101145641,Crashes_2010_2019_MPO,2016-03-17,2016,36.04387,-86.7131,False,0,0,0,,,,,,,,
101145909,Crashes_2010_2019_MPO,2016-03-17,2016,36.04138,-86.7798,False,0,0,0,,,,,,,,
101147431,Crashes_2010_2019_MPO,2016-03-18,2016,36.05376,-86.69604,False,0,0,0,,,,,,,,
101146233,Crashes_2010_2019_MPO,2016-03-18,2016,35.9583,-86.8023,False,0,0,0,,,,,,,,
101146451,Crashes_2010_2019_MPO,2016-03-18,2016,35.95557,-86.76711,True,0,0,0,,,,,,,,
101146375,Crashes_2010_2019_MPO,2016-03-18,2016,36.04231,-86.72652,False,0,0,0,,,,,,,,
101146516,Crashes_2010_2019_MPO,2016-03-18,2016,35.96319,-86.80106,True,0,0,0,,,,,,,,
101146584,Crashes_2010_2019_MPO,2016-03-18,2016,36.03826,-86.80159,False,0,0,0,,,,,,,,
101146385,Crashes_2010_2019_MPO,2016-03-18,2016,35.94056,-86.83303,False,0,0,0,,,,,,,,
101146408,Crashes_2010_2019_MPO,2016-03-18,2016,36.03795,-86.71309,False,0,0,0,,,,,,,,
101146164,Crashes_2010_2019_MPO,2016-03-18,2016,36.04545,-86.70394,False,0,0,0,,,,,,,,
101146874,Crashes_2010_2019_MPO,2016-03-18,2016,35.95806,-86.76773,True,0,0,0,,,,,,,,
101146606,Crashes_2010_2019_MPO,2016-03-18,2016,35.96263,-86.81668,True,0,0,0,,,,,,,,
101147864,Crashes_2010_2019_MPO,2016-03-18,2016,35.95123,-86.84822,False,0,0,0,,,,,,,,
101147752,Crashes_2010_2019_MPO,2016-03-18,2016,36.03172,-86.71266,False,0,0,0,,,,,,,,
101147076,Crashes_2010_2019_MPO,2016-03-18,2016,35.95209,-86.81805,False,0,0,0,,,,,,,,
101147754,Crashes_2010_2019_MPO,2016-03-19,2016,36.01256,-86.70372,False,0,0,0,,,,,,,,
101146799,Crashes_2010_2019_MPO,2016-03-19,2016,36.05277,-86.695,False,0,0,0,,,,,,,,
101147172,Crashes_2010_2019_MPO,2016-03-19,2016,36.04039,-86.76932,False,0,0,0,,,,,,,,
101147359,Crashes_2010_2019_MPO,2016-03-19,2016,35.99554,-86.77921,True,0,0,0,,,,,,,,
101147233,Crashes_2010_2019_MPO,2016-03-19,2016,35.94683,-86.85172,False,0,0,0,,,,,,,,
101147130,Crashes_2010_2019_MPO,2016-03-19,2016,35.96661,-86.81124,True,0,0,0,,,,,,,,
101146924,Crashes_2010_2019_MPO,2016-03-19,2016,36.04687,-86.86096,False,0,0,0,,,,,,,,
101147755,Crashes_2010_2019_MPO,2016-03-20,2016,36.03043,-86.68261,False,0,0,0,,,,,,,,
101147438,Crashes_2010_2019_MPO,2016-03-20,2016,36.03749,-86.78507,False,0,0,0,,,,,,,,
101147860,Crashes_2010_2019_MPO,2016-03-20,2016,35.9388,-86.81915,False,0,0,0,,,,,,,,
101148434,Crashes_2010_2019_MPO,2016-03-20,2016,35.99072,-86.696311,True,0,0,0,,,,,,,,
101147313,Crashes_2010_2019_MPO,2016-03-20,2016,35.999308,-86.809263,True,0,0,0,,,,,,,,
101149809,Crashes_2010_2019_MPO,2016-03-20,2016,36.04982,-86.70307,False,0,0,0,,,,,,,,
101148253,Crashes_2010_2019_MPO,2016-03-21,2016,35.93365,-86.81143,False,0,0,0,,,,,,,,
101147985,Crashes_2010_2019_MPO,2016-03-21,2016,36.05151,-86.71443,False,0,0,0,,,,,,,,
101148252,Crashes_2010_2019_MPO,2016-03-21,2016,36.03488,-86.78307,True,0,0,0,,,,,,,,
101148161,Crashes_2010_2019_MPO,2016-03-21,2016,35.9263,-86.87336,False,0,0,0,,,,,,,,
101148016,Crashes_2010_2019_MPO,2016-03-21,2016,36.04479,-86.72487,False,0,0,0,,,,,,,,
101148401,Crashes_2010_2019_MPO,2016-03-21,2016,36.04578,-86.71331,False,0,0,1,,,,,,,,
101148018,Crashes_2010_2019_MPO,2016-03-21,2016,35.94334,-86.80977,False,0,0,0,,,,,,,,
101148204,Crashes_2010_2019_MPO,2016-03-21,2016,35.99922,-86.80923,True,0,0,0,,,,,,,,
101148219,Crashes_2010_2019_MPO,2016-03-21,2016,36.04466,-86.68676,False,0,0,0,,,,,,,,
101148122,Crashes_2010_2019_MPO,2016-03-21,2016,35.96654,-86.80936,True,0,0,0,,,,,,,,
101147814,Crashes_2010_2019_MPO,2016-03-21,2016,36.03355,-86.80035,True,0,0,0,,,,,,,,
101148211,Crashes_2010_2019_MPO,2016-03-21,2016,35.95401,-86.81513,False,0,0,0,,,,,,,,
101148445,Crashes_2010_2019_MPO,2016-03-22,2016,35.94782,-86.81975,False,0,0,0,,,,,,,,
101148743,Crashes_2010_2019_MPO,2016-03-22,2016,35.94451,-86.8205,False,0,0,0,,,,,,,,
101151968,Crashes_2010_2019_MPO,2016-03-22,2016,35.96518,-86.80029,True,0,0,0,,,,,,,,
101148909,Crashes_2010_2019_MPO,2016-03-22,2016,35.95724,-86.81662,False,0,0,0,,,,,,,,
101148917,Crashes_2010_2019_MPO,2016-03-22,2016,35.93439,-86.8144,False,0,0,0,,,,,,,,
101148929,Crashes_2010_2019_MPO,2016-03-22,2016,35.93172,-86.79411,False,0,0,0,,,,,,,,
101148913,Crashes_2010_2019_MPO,2016-03-22,2016,35.96593,-86.81142,False,0,0,0,,,,,,,,
101148504,Crashes_2010_2019_MPO,2016-03-22,2016,36.05464,-86.73531,False,0,0,0,,,,,,,,
101148805,Crashes_2010_2019_MPO,2016-03-22,2016,35.97371,-86.83272,True,0,0,0,,,,,,,,
101148891,Crashes_2010_2019_MPO,2016-03-22,2016,36.04104,-86.77532,False,0,0,0,,,,,,,,
101148612,Crashes_2010_2019_MPO,2016-03-22,2016,35.96067,-86.81567,False,0,0,0,,,,,,,,
101148935,Crashes_2010_2019_MPO,2016-03-22,2016,36.02141,-86.78708,True,0,0,0,,,,,,,,
101149734,Crashes_2010_2019_MPO,2016-03-23,2016,36.04731,-86.71662,False,0,0,0,,,,,,,,
101150037,Crashes_2010_2019_MPO,2016-03-23,2016,35.93575,-86.87841,False,0,0,0,,,,,,,,
101149983,Crashes_2010_2019_MPO,2016-03-23,2016,35.93526,-86.86041,False,0,0,0,,,,,,,,
101149543,Crashes_2010_2019_MPO,2016-03-23,2016,36.03745,-86.79079,False,0,0,0,,,,,,,,
101149156,Crashes_2010_2019_MPO,2016-03-23,2016,36.03942,-86.74343,False,0,0,0,,,,,,,,
101149811,Crashes_2010_2019_MPO,2016-03-23,2016,36.01724,-86.79777,True,0,0,0,,,,,,,,
101149448,Crashes_2010_2019_MPO,2016-03-23,2016,35.96133,-86.81226,False,0,0,0,,,,,,,,
101149180,Crashes_2010_2019_MPO,2016-03-23,2016,36.04214,-86.7823,False,0,0,0,,,,,,,,
101150103,Crashes_2010_2019_MPO,2016-03-24,2016,35.96785,-86.81841,True,0,0,0,,,,,,,,
101150211,Crashes_2010_2019_MPO,2016-03-24,2016,35.93509,-86.825,False,0,0,0,,,,,,,,
101150208,Crashes_2010_2019_MPO,2016-03-24,2016,35.93306,-86.81184,False,0,0,0,,,,,,,,
101150400,Crashes_2010_2019_MPO,2016-03-24,2016,36.00447,-86.6992,False,0,0,0,,,,,,,,
101150006,Crashes_2010_2019_MPO,2016-03-24,2016,36.01274,-86.78492,True,0,0,0,,,,,,,,
101150209,Crashes_2010_2019_MPO,2016-03-24,2016,35.94577,-86.82463,False,0,0,0,,,,,,,,
101149923,Crashes_2010_2019_MPO,2016-03-24,2016,36.02502,-86.74241,False,0,0,0,,,,,,,,
101151034,Crashes_2010_2019_MPO,2016-03-25,2016,36.05477,-86.69417,False,0,0,0,,,,,,,,
101151522,Crashes_2010_2019_MPO,2016-03-25,2016,35.93446,-86.81991,False,0,0,0,,,,,,,,
101150773,Crashes_2010_2019_MPO,2016-03-25,2016,36.04585,-86.71332,False,0,0,0,,,,,,,,
101151119,Crashes_2010_2019_MPO,2016-03-25,2016,36.03236,-86.68454,False,0,0,0,,,,,,,,
101150917,Crashes_2010_2019_MPO,2016-03-25,2016,36.04556,-86.71131,False,0,0,0,,,,,,,,
101151523,Crashes_2010_2019_MPO,2016-03-25,2016,35.92412,-86.87826,False,0,0,0,,,,,,,,
101150984,Crashes_2010_2019_MPO,2016-03-25,2016,35.92392,-86.87921,False,0,0,0,,,,,,,,
101151524,Crashes_2010_2019_MPO,2016-03-25,2016,35.92641,-86.82447,False,0,0,0,,,,,,,,
101150913,Crashes_2010_2019_MPO,2016-03-25,2016,35.997738,-86.794815,True,0,0,0,,,,,,,,
101150974,Crashes_2010_2019_MPO,2016-03-25,2016,36.04663,-86.71341,False,0,0,0,,,,,,,,
101151521,Crashes_2010_2019_MPO,2016-03-25,2016,35.94646,-86.82328,False,0,0,0,,,,,,,,
101150998,Crashes_2010_2019_MPO,2016-03-25,2016,36.03352,-86.71298,False,0,0,0,,,,,,,,
101162004,Crashes_2010_2019_MPO,2016-03-26,2016,36.04537,-86.71326,False,0,0,0,,,,,,,,
101152145,Crashes_2010_2019_MPO,2016-03-26,2016,36.04127,-86.77812,False,0,0,0,,,,,,,,
101151518,Crashes_2010_2019_MPO,2016-03-26,2016,36.03256,-86.7687,False,0,0,0,,,,,,,,
101151358,Crashes_2010_2019_MPO,2016-03-26,2016,35.96009,-86.80998,False,0,0,0,,,,,,,,
101151206,Crashes_2010_2019_MPO,2016-03-26,2016,36.03899,-86.78258,False,0,0,0,,,,,,,,
101151526,Crashes_2010_2019_MPO,2016-03-26,2016,35.94167,-86.81636,False,0,0,0,,,,,,,,
101151412,Crashes_2010_2019_MPO,2016-03-26,2016,35.98936,-86.77826,True,0,0,0,,,,,,,,
101151638,Crashes_2010_2019_MPO,2016-03-26,2016,36.04506,-86.71322,False,0,0,0,,,,,,,,
101151318,Crashes_2010_2019_MPO,2016-03-26,2016,35.99554,-86.68799,False,0,0,0,,,,,,,,
101151539,Crashes_2010_2019_MPO,2016-03-26,2016,36.0466,-86.6832,False,0,0,0,,,,,,,,
101151332,Crashes_2010_2019_MPO,2016-03-26,2016,36.05076,-86.7192,False,0,0,0,,,,,,,,
101152136,Crashes_2010_2019_MPO,2016-03-27,2016,35.95618,-86.8164,False,0,0,0,,,,,,,,
101152223,Crashes_2010_2019_MPO,2016-03-27,2016,36.0223,-86.7869,True,0,0,0,,,,,,,,
101151767,Crashes_2010_2019_MPO,2016-03-27,2016,35.99419,-86.76419,True,0,0,0,,,,,,,,
101151808,Crashes_2010_2019_MPO,2016-03-27,2016,36.01503,-86.84216,False,0,0,0,,,,,,,,
101151974,Crashes_2010_2019_MPO,2016-03-27,2016,36.03548,-86.71329,False,0,0,0,,,,,,,,
101152131,Crashes_2010_2019_MPO,2016-03-27,2016,36.04543,-86.70361,False,0,0,0,,,,,,,,
101151945,Crashes_2010_2019_MPO,2016-03-27,2016,35.98464,-86.72552,True,0,0,0,,,,,,,,
101152057,Crashes_2010_2019_MPO,2016-03-27,2016,36.04729,-86.70924,False,0,0,0,,,,,,,,
101152604,Crashes_2010_2019_MPO,2016-03-28,2016,35.99653,-86.68939,False,0,0,0,,,,,,,,
101152344,Crashes_2010_2019_MPO,2016-03-28,2016,36.04361,-86.78121,False,0,0,0,,,,,,,,
101152701,Crashes_2010_2019_MPO,2016-03-28,2016,35.96949,-86.81206,True,0,0,0,,,,,,,,
101152579,Crashes_2010_2019_MPO,2016-03-28,2016,35.95337,-86.76655,True,0,0,0,,,,,,,,
101153340,Crashes_2010_2019_MPO,2016-03-28,2016,35.99551,-86.77887,True,0,0,0,,,,,,,,
101152674,Crashes_2010_2019_MPO,2016-03-28,2016,36.03924,-86.81648,True,0,0,0,,,,,,,,
101152730,Crashes_2010_2019_MPO,2016-03-28,2016,35.95531,-86.82638,False,0,0,0,,,,,,,,
101153537,Crashes_2010_2019_MPO,2016-03-28,2016,36.04025,-86.76816,False,0,0,0,,,,,,,,
101152398,Crashes_2010_2019_MPO,2016-03-28,2016,35.94338,-86.85449,False,0,0,0,,,,,,,,
101152905,Crashes_2010_2019_MPO,2016-03-28,2016,35.96693,-86.81201,True,0,0,0,,,,,,,,
101152451,Crashes_2010_2019_MPO,2016-03-28,2016,35.93783,-86.70648,False,0,0,0,,,,,,,,
101152606,Crashes_2010_2019_MPO,2016-03-28,2016,35.95549,-86.76709,True,0,0,0,,,,,,,,
101152951,Crashes_2010_2019_MPO,2016-03-29,2016,36.04127,-86.7781,False,0,0,0,,,,,,,,
101153361,Crashes_2010_2019_MPO,2016-03-29,2016,35.97202,-86.8264,True,0,0,0,,,,,,,,
101153030,Crashes_2010_2019_MPO,2016-03-29,2016,36.05331,-86.77554,False,0,0,0,,,,,,,,
101153362,Crashes_2010_2019_MPO,2016-03-29,2016,36.01568,-86.84598,True,0,0,0,,,,,,,,
101153360,Crashes_2010_2019_MPO,2016-03-29,2016,36.00375,-86.8158,True,0,0,0,,,,,,,,
101153009,Crashes_2010_2019_MPO,2016-03-29,2016,35.99101,-86.799,True,0,0,0,,,,,,,,
101153156,Crashes_2010_2019_MPO,2016-03-29,2016,36.04533,-86.7022,False,0,0,0,,,,,,,,
101165232,Crashes_2010_2019_MPO,2016-03-29,2016,36.00072,-86.75349,True,0,0,0,,,,,,,,
101152968,Crashes_2010_2019_MPO,2016-03-29,2016,35.93278,-86.7138,False,0,0,0,,,,,,,,
101153008,Crashes_2010_2019_MPO,2016-03-29,2016,36.01391,-86.78549,True,0,0,0,,,,,,,,
101153884,Crashes_2010_2019_MPO,2016-03-30,2016,35.99514,-86.77489,True,0,0,0,,,,,,,,
101153991,Crashes_2010_2019_MPO,2016-03-30,2016,36.04012,-86.78074,False,0,0,0,,,,,,,,
101157771,Crashes_2010_2019_MPO,2016-03-30,2016,36.04693,-86.71345,False,0,0,0,,,,,,,,
101153900,Crashes_2010_2019_MPO,2016-03-30,2016,35.94985,-86.75872,True,0,0,0,,,,,,,,
101154089,Crashes_2010_2019_MPO,2016-03-30,2016,35.93179,-86.79407,False,0,0,0,,,,,,,,
101154211,Crashes_2010_2019_MPO,2016-03-30,2016,36.03933,-86.78202,False,0,0,0,,,,,,,,
101153812,Crashes_2010_2019_MPO,2016-03-30,2016,36.04707,-86.86182,False,0,0,0,,,,,,,,
101154264,Crashes_2010_2019_MPO,2016-03-30,2016,35.96681,-86.81119,True,0,0,0,,,,,,,,
101154068,Crashes_2010_2019_MPO,2016-03-30,2016,36.04617,-86.87366,False,0,0,0,,,,,,,,
101155011,Crashes_2010_2019_MPO,2016-03-31,2016,35.93808,-86.8218,False,0,0,0,,,,,,,,
101154808,Crashes_2010_2019_MPO,2016-03-31,2016,35.93446,-86.81991,False,0,0,0,,,,,,,,
101154316,Crashes_2010_2019_MPO,2016-03-31,2016,36.03997,-86.76539,False,0,0,0,,,,,,,,
101154599,Crashes_2010_2019_MPO,2016-03-31,2016,36.04526,-86.7147,False,0,0,0,,,,,,,,
101155117,Crashes_2010_2019_MPO,2016-03-31,2016,36.04537,-86.71326,False,0,0,0,,,,,,,,
101155132,Crashes_2010_2019_MPO,2016-03-31,2016,36.05482,-86.72881,False,0,0,0,,,,,,,,
101155472,Crashes_2010_2019_MPO,2016-03-31,2016,36.04159,-86.78244,False,0,0,0,,,,,,,,
101154863,Crashes_2010_2019_MPO,2016-03-31,2016,35.99684,-86.79698,True,0,0,0,,,,,,,,
101154907,Crashes_2010_2019_MPO,2016-03-31,2016,35.96202,-86.81533,False,0,0,0,,,,,,,,
101155764,Crashes_2010_2019_MPO,2016-03-31,2016,35.94896,-86.7496,True,0,0,0,,,,,,,,
101155047,Crashes_2010_2019_MPO,2016-03-31,2016,36.03317,-86.77502,False,0,0,0,,,,,,,,
101154970,Crashes_2010_2019_MPO,2016-03-31,2016,35.99226,-86.82834,True,0,0,0,,,,,,,,
101154909,Crashes_2010_2019_MPO,2016-03-31,2016,35.96545,-86.81408,False,0,0,0,,,,,,,,
101154474,Crashes_2010_2019_MPO,2016-03-31,2016,35.95018,-86.76236,True,0,0,0,,,,,,,,
101154595,Crashes_2010_2019_MPO,2016-03-31,2016,36.04598,-86.68982,False,0,0,0,,,,,,,,
101157194,Crashes_2010_2019_MPO,2016-03-31,2016,35.93292,-86.78294,False,0,0,0,,,,,,,,
101154501,Crashes_2010_2019_MPO,2016-03-31,2016,35.96798,-86.81833,True,0,0,0,,,,,,,,
101154449,Crashes_2010_2019_MPO,2016-03-31,2016,36.04679,-86.71343,False,0,0,0,,,,,,,,
101154694,Crashes_2010_2019_MPO,2016-03-31,2016,35.94055,-86.81675,False,0,0,0,,,,,,,,
101155243,Crashes_2010_2019_MPO,2016-03-31,2016,35.9269,-86.76725,False,0,0,0,,,,,,,,
101154489,Crashes_2010_2019_MPO,2016-03-31,2016,35.93685,-86.81804,False,0,0,0,,,,,,,,
101157104,Crashes_2010_2019_MPO,2016-04-01,2016,35.92364,-86.76698,False,0,0,0,,,,,,,,
101155573,Crashes_2010_2019_MPO,2016-04-01,2016,35.92609,-86.87139,False,0,0,0,,,,,,,,
101155613,Crashes_2010_2019_MPO,2016-04-01,2016,35.97765,-86.77678,True,0,0,0,,,,,,,,
101157196,Crashes_2010_2019_MPO,2016-04-01,2016,35.94087,-86.83904,False,0,0,0,,,,,,,,
101155461,Crashes_2010_2019_MPO,2016-04-01,2016,36.03954,-86.78172,False,0,0,0,,,,,,,,
101155509,Crashes_2010_2019_MPO,2016-04-01,2016,36.03957,-86.78168,False,0,0,0,,,,,,,,
101155517,Crashes_2010_2019_MPO,2016-04-01,2016,36.04519,-86.71541,False,0,0,0,,,,,,,,
101155546,Crashes_2010_2019_MPO,2016-04-01,2016,36.037067,-86.802261,True,0,0,0,,,,,,,,
101157195,Crashes_2010_2019_MPO,2016-04-01,2016,35.94705,-86.82129,False,0,0,0,,,,,,,,
101155905,Crashes_2010_2019_MPO,2016-04-01,2016,36.04388,-86.7131,False,0,0,0,,,,,,,,
101155462,Crashes_2010_2019_MPO,2016-04-01,2016,36.04498,-86.72444,False,0,0,0,,,,,,,,
101155982,Crashes_2010_2019_MPO,2016-04-01,2016,36.031395,-86.802314,True,0,0,0,,,,,,,,
101155752,Crashes_2010_2019_MPO,2016-04-01,2016,36.035654,-86.787326,True,0,0,0,,,,,,,,
101156248,Crashes_2010_2019_MPO,2016-04-01,2016,35.94463,-86.82283,False,0,0,0,,,,,,,,
101155937,Crashes_2010_2019_MPO,2016-04-01,2016,36.04526,-86.70116,False,0,0,0,,,,,,,,
101156487,Crashes_2010_2019_MPO,2016-04-02,2016,35.96122,-86.80931,False,0,0,0,,,,,,,,
101156508,Crashes_2010_2019_MPO,2016-04-02,2016,36.02547,-86.71305,False,0,0,0,,,,,,,,
101156679,Crashes_2010_2019_MPO,2016-04-02,2016,35.96605,-86.81388,False,0,0,0,,,,,,,,
101156442,Crashes_2010_2019_MPO,2016-04-02,2016,35.96706,-86.81286,True,0,0,0,,,,,,,,
101161032,Crashes_2010_2019_MPO,2016-04-02,2016,35.99705,-86.79691,True,0,0,1,,,,,,,,
101156278,Crashes_2010_2019_MPO,2016-04-02,2016,36.04697,-86.68007,False,0,0,0,,,,,,,,
101155946,Crashes_2010_2019_MPO,2016-04-02,2016,36.04143,-86.78247,False,0,0,0,,,,,,,,
101157333,Crashes_2010_2019_MPO,2016-04-02,2016,36.00217,-86.77998,True,0,0,0,,,,,,,,
101156347,Crashes_2010_2019_MPO,2016-04-02,2016,35.98221,-86.82115,True,0,0,0,,,,,,,,
101156085,Crashes_2010_2019_MPO,2016-04-02,2016,35.98439,-86.72434,True,0,0,0,,,,,,,,
101156984,Crashes_2010_2019_MPO,2016-04-02,2016,35.93498,-86.8217,False,0,0,0,,,,,,,,
101156591,Crashes_2010_2019_MPO,2016-04-02,2016,35.93024,-86.86415,False,0,0,0,,,,,,,,
101156420,Crashes_2010_2019_MPO,2016-04-02,2016,35.935,-86.82176,False,0,0,0,,,,,,,,
101156998,Crashes_2010_2019_MPO,2016-04-03,2016,35.94444,-86.82266,False,0,0,0,,,,,,,,
101156780,Crashes_2010_2019_MPO,2016-04-03,2016,35.92609,-86.87139,False,0,0,0,,,,,,,,
101156993,Crashes_2010_2019_MPO,2016-04-03,2016,35.97383,-86.83452,False,0,0,0,,,,,,,,
101156563,Crashes_2010_2019_MPO,2016-04-03,2016,36.04623,-86.73514,False,0,0,0,,,,,,,,
101156868,Crashes_2010_2019_MPO,2016-04-03,2016,36.028012,-86.790867,True,0,0,0,,,,,,,,
101156728,Crashes_2010_2019_MPO,2016-04-03,2016,36.04057,-86.78201,False,0,0,0,,,,,,,,
101156813,Crashes_2010_2019_MPO,2016-04-03,2016,35.92957,-86.84187,False,0,1,0,,,,,,,,
101156827,Crashes_2010_2019_MPO,2016-04-03,2016,35.99736,-86.79507,True,0,0,0,,,,,,,,
101156755,Crashes_2010_2019_MPO,2016-04-03,2016,35.93215,-86.79441,False,0,0,0,,,,,,,,
101157649,Crashes_2010_2019_MPO,2016-04-04,2016,35.93221,-86.79406,False,0,0,0,,,,,,,,
101157550,Crashes_2010_2019_MPO,2016-04-04,2016,35.92741,-86.80146,False,0,0,0,,,,,,,,
101157126,Crashes_2010_2019_MPO,2016-04-04,2016,36.05151,-86.71436,False,0,0,0,,,,,,,,
101157225,Crashes_2010_2019_MPO,2016-04-04,2016,35.9967,-86.81058,True,0,0,0,,,,,,,,
101157352,Crashes_2010_2019_MPO,2016-04-04,2016,35.99481,-86.687,False,0,0,0,,,,,,,,
101157731,Crashes_2010_2019_MPO,2016-04-04,2016,35.9912,-86.68348,False,0,0,1,,,,,,,,
101157381,Crashes_2010_2019_MPO,2016-04-04,2016,35.99859,-86.8055,True,0,0,0,,,,,,,,
101157151,Crashes_2010_2019_MPO,2016-04-04,2016,35.9501,-86.76137,True,0,0,0,,,,,,,,