record_no,source_layer,collision_ts,crash_year,latitude,longitude,in_city,fatalities,non_motorists,truck_involved,serious_injuries,pedestrian,bicycle,crash_type,manner_of_collision,lighting,weather,first_harmful_event
101157456,Crashes_2010_2019_MPO,2016-04-04,2016,36.00166,-86.69599,False,0,0,0,,,,,,,,
101157922,Crashes_2010_2019_MPO,2016-04-05,2016,35.99781,-86.79886,True,0,0,0,,,,,,,,
101158220,Crashes_2010_2019_MPO,2016-04-05,2016,35.92487,-86.85698,False,0,0,0,,,,,,,,
101158128,Crashes_2010_2019_MPO,2016-04-05,2016,35.9911,-86.68341,False,0,0,0,,,,,,,,
101158263,Crashes_2010_2019_MPO,2016-04-05,2016,35.96681,-86.81119,True,0,0,0,,,,,,,,
101158177,Crashes_2010_2019_MPO,2016-04-05,2016,35.93331,-86.81492,False,0,0,0,,,,,,,,
101157894,Crashes_2010_2019_MPO,2016-04-05,2016,36.04141,-86.78252,False,0,0,1,,,,,,,,
101157885,Crashes_2010_2019_MPO,2016-04-05,2016,35.9744,-86.77596,True,0,0,0,,,,,,,,
101158287,Crashes_2010_2019_MPO,2016-04-05,2016,36.03856,-86.78332,False,0,0,0,,,,,,,,
101158168,Crashes_2010_2019_MPO,2016-04-05,2016,35.98439,-86.72434,True,0,0,0,,,,,,,,
101157825,Crashes_2010_2019_MPO,2016-04-05,2016,35.96562,-86.70619,True,0,0,0,,,,,,,,
101158298,Crashes_2010_2019_MPO,2016-04-05,2016,36.04084,-86.77347,False,0,0,0,,,,,,,,
101158713,Crashes_2010_2019_MPO,2016-04-06,2016,35.95515,-86.82527,False,0,0,0,,,,,,,,
101162308,Crashes_2010_2019_MPO,2016-04-06,2016,35.92624,-86.72348,False,0,0,0,,,,,,,,
101158735,Crashes_2010_2019_MPO,2016-04-06,2016,36.00413,-86.79087,True,0,0,0,,,,,,,,
101158991,Crashes_2010_2019_MPO,2016-04-06,2016,35.95824,-86.80206,False,0,0,0,,,,,,,,
101158580,Crashes_2010_2019_MPO,2016-04-06,2016,35.9583,-86.8023,False,0,0,0,,,,,,,,
101158581,Crashes_2010_2019_MPO,2016-04-06,2016,35.93446,-86.81991,False,0,0,0,,,,,,,,
101158714,Crashes_2010_2019_MPO,2016-04-06,2016,35.92423,-86.87185,False,0,0,0,,,,,,,,
101163616,Crashes_2010_2019_MPO,2016-04-06,2016,36.03747,-86.78608,False,0,0,0,,,,,,,,
101158870,Crashes_2010_2019_MPO,2016-04-06,2016,35.96716,-86.81351,True,0,0,0,,,,,,,,
101159710,Crashes_2010_2019_MPO,2016-04-07,2016,35.95383,-86.80405,False,0,0,0,,,,,,,,
101159480,Crashes_2010_2019_MPO,2016-04-07,2016,35.92417,-86.8757,False,0,0,0,,,,,,,,
101159174,Crashes_2010_2019_MPO,2016-04-07,2016,35.93373,-86.81912,False,0,0,1,,,,,,,,
101159175,Crashes_2010_2019_MPO,2016-04-07,2016,35.95,-86.87602,False,0,0,0,,,,,,,,
101159211,Crashes_2010_2019_MPO,2016-04-07,2016,35.97195,-86.83427,False,0,0,0,,,,,,,,
101159703,Crashes_2010_2019_MPO,2016-04-07,2016,35.94761,-86.81992,False,0,0,0,,,,,,,,
101159210,Crashes_2010_2019_MPO,2016-04-07,2016,36.03051,-86.74449,False,0,0,0,,,,,,,,
101159320,Crashes_2010_2019_MPO,2016-04-07,2016,36.04468,-86.68673,False,0,0,0,,,,,,,,
101159229,Crashes_2010_2019_MPO,2016-04-07,2016,36.05154,-86.74154,False,0,0,0,,,,,,,,
101159186,Crashes_2010_2019_MPO,2016-04-07,2016,36.04481,-86.84894,False,0,0,0,,,,,,,,
101159584,Crashes_2010_2019_MPO,2016-04-07,2016,36.03488,-86.78307,True,0,0,0,,,,,,,,
101159421,Crashes_2010_2019_MPO,2016-04-07,2016,36.03459,-86.80274,True,0,0,0,,,,,,,,
101159482,Crashes_2010_2019_MPO,2016-04-07,2016,35.9407,-86.83934,False,0,0,0,,,,,,,,
101159187,Crashes_2010_2019_MPO,2016-04-07,2016,36.03185,-86.76085,False,0,0,0,,,,,,,,
101159514,Crashes_2010_2019_MPO,2016-04-07,2016,36.04558,-86.71101,False,0,0,0,,,,,,,,
101159588,Crashes_2010_2019_MPO,2016-04-07,2016,36.029789,-86.783918,True,0,0,0,,,,,,,,
101159583,Crashes_2010_2019_MPO,2016-04-07,2016,36.02351,-86.68824,False,0,0,0,,,,,,,,
101159566,Crashes_2010_2019_MPO,2016-04-07,2016,36.03488,-86.78307,True,0,0,0,,,,,,,,
101159235,Crashes_2010_2019_MPO,2016-04-07,2016,36.04962,-86.70498,False,0,0,0,,,,,,,,
101159481,Crashes_2010_2019_MPO,2016-04-07,2016,35.9403,-86.83901,False,0,0,0,,,,,,,,
101159569,Crashes_2010_2019_MPO,2016-04-07,2016,36.04035,-86.78261,False,0,0,0,,,,,,,,
101160244,Crashes_2010_2019_MPO,2016-04-08,2016,36.033154,-86.777222,True,0,0,0,,,,,,,,
101161296,Crashes_2010_2019_MPO,2016-04-08,2016,35.96653,-86.80928,True,0,0,0,,,,,,,,
101159991,Crashes_2010_2019_MPO,2016-04-08,2016,35.966694,-86.809126,True,0,0,0,,,,,,,,
101160580,Crashes_2010_2019_MPO,2016-04-08,2016,35.99551,-86.77887,True,0,0,0,,,,,,,,
101160797,Crashes_2010_2019_MPO,2016-04-08,2016,35.95022,-86.81882,False,0,0,0,,,,,,,,
101160353,Crashes_2010_2019_MPO,2016-04-08,2016,36.036161,-86.787115,True,0,0,0,,,,,,,,
101159918,Crashes_2010_2019_MPO,2016-04-08,2016,36.04522,-86.71479,False,0,0,0,,,,,,,,
101160604,Crashes_2010_2019_MPO,2016-04-08,2016,36.037304,-86.807677,True,0,0,0,,,,,,,,
101160338,Crashes_2010_2019_MPO,2016-04-08,2016,36.03807,-86.79915,False,0,0,0,,,,,,,,
101163173,Crashes_2010_2019_MPO,2016-04-09,2016,35.94792,-86.81932,False,0,0,0,,,,,,,,
101161774,Crashes_2010_2019_MPO,2016-04-09,2016,36.03599,-86.7872,True,0,0,0,,,,,,,,
101161052,Crashes_2010_2019_MPO,2016-04-09,2016,36.0374,-86.78657,False,0,0,0,,,,,,,,
101160589,Crashes_2010_2019_MPO,2016-04-09,2016,35.94699,-86.81153,False,0,0,0,,,,,,,,
101160895,Crashes_2010_2019_MPO,2016-04-09,2016,36.03289,-86.71286,False,0,0,0,,,,,,,,
101161021,Crashes_2010_2019_MPO,2016-04-09,2016,35.96,-86.8132,False,0,0,0,,,,,,,,
101162290,Crashes_2010_2019_MPO,2016-04-09,2016,36.04646,-86.72514,False,0,0,0,,,,,,,,
101161068,Crashes_2010_2019_MPO,2016-04-09,2016,36.04001,-86.74349,False,0,0,0,,,,,,,,
101161002,Crashes_2010_2019_MPO,2016-04-09,2016,36.04536,-86.70263,False,0,0,0,,,,,,,,
101160841,Crashes_2010_2019_MPO,2016-04-09,2016,35.9688,-86.71233,True,0,0,0,,,,,,,,
101161419,Crashes_2010_2019_MPO,2016-04-10,2016,36.0453,-86.70168,False,0,0,0,,,,,,,,
101161533,Crashes_2010_2019_MPO,2016-04-10,2016,36.0135,-86.83663,True,0,0,0,,,,,,,,
101161734,Crashes_2010_2019_MPO,2016-04-10,2016,36.02691,-86.74367,False,0,0,0,,,,,,,,
101161780,Crashes_2010_2019_MPO,2016-04-10,2016,36.03275,-86.77082,False,0,0,0,,,,,,,,
101161281,Crashes_2010_2019_MPO,2016-04-10,2016,35.95102,-86.80697,False,0,0,0,,,,,,,,
101162107,Crashes_2010_2019_MPO,2016-04-10,2016,35.94683,-86.85172,False,0,0,0,,,,,,,,
101161424,Crashes_2010_2019_MPO,2016-04-10,2016,36.04008,-86.78265,False,0,0,0,,,,,,,,
101162314,Crashes_2010_2019_MPO,2016-04-11,2016,35.9407,-86.8316,False,0,0,0,,,,,,,,
101162144,Crashes_2010_2019_MPO,2016-04-11,2016,35.92978,-86.86277,False,0,0,0,,,,,,,,
101162966,Crashes_2010_2019_MPO,2016-04-11,2016,36.04561,-86.71977,False,0,0,0,,,,,,,,
101162326,Crashes_2010_2019_MPO,2016-04-11,2016,35.92579,-86.87203,False,0,0,0,,,,,,,,
101162136,Crashes_2010_2019_MPO,2016-04-11,2016,35.93827,-86.85822,False,0,0,0,,,,,,,,
101161966,Crashes_2010_2019_MPO,2016-04-11,2016,36.0419,-86.867395,True,0,0,0,,,,,,,,
101162325,Crashes_2010_2019_MPO,2016-04-11,2016,35.92683,-86.82155,False,0,0,0,,,,,,,,
101162631,Crashes_2010_2019_MPO,2016-04-11,2016,35.94431,-86.8197,False,0,0,0,,,,,,,,
101162752,Crashes_2010_2019_MPO,2016-04-12,2016,35.92386,-86.86981,False,0,0,0,,,,,,,,
101162949,Crashes_2010_2019_MPO,2016-04-12,2016,35.97813,-86.75837,True,0,0,0,,,,,,,,
101163448,Crashes_2010_2019_MPO,2016-04-12,2016,35.98496,-86.81806,True,0,0,0,,,,,,,,
101162613,Crashes_2010_2019_MPO,2016-04-12,2016,36.04565,-86.72017,False,0,0,0,,,,,,,,
101162658,Crashes_2010_2019_MPO,2016-04-12,2016,36.03797,-86.79777,False,0,0,0,,,,,,,,
101163617,Crashes_2010_2019_MPO,2016-04-12,2016,36.04548,-86.71883,False,0,0,0,,,,,,,,
101162534,Crashes_2010_2019_MPO,2016-04-12,2016,35.99677,-86.79098,True,0,0,0,,,,,,,,
101162978,Crashes_2010_2019_MPO,2016-04-12,2016,36.05063,-86.87804,False,0,0,0,,,,,,,,
101163028,Crashes_2010_2019_MPO,2016-04-12,2016,36.04149,-86.71098,False,0,0,0,,,,,,,,
101163075,Crashes_2010_2019_MPO,2016-04-12,2016,36.04542,-86.71835,False,0,0,0,,,,,,,,
101164036,Crashes_2010_2019_MPO,2016-04-12,2016,35.97311,-86.80544,True,0,0,0,,,,,,,,
101163073,Crashes_2010_2019_MPO,2016-04-12,2016,35.97268,-86.6891,False,0,0,0,,,,,,,,
101162762,Crashes_2010_2019_MPO,2016-04-12,2016,36.0525,-86.68445,False,0,0,0,,,,,,,,
101163411,Crashes_2010_2019_MPO,2016-04-13,2016,35.93586,-86.81813,False,0,0,0,,,,,,,,
101163254,Crashes_2010_2019_MPO,2016-04-13,2016,36.03849,-86.78342,False,0,0,0,,,,,,,,
101163529,Crashes_2010_2019_MPO,2016-04-13,2016,36.04447,-86.6871,False,0,0,0,,,,,,,,
101163236,Crashes_2010_2019_MPO,2016-04-13,2016,36.03823,-86.80116,False,0,0,0,,,,,,,,
101163673,Crashes_2010_2019_MPO,2016-04-13,2016,36.04481,-86.72489,False,0,0,0,,,,,,,,
101163439,Crashes_2010_2019_MPO,2016-04-13,2016,36.04805,-86.67875,False,0,0,0,,,,,,,,
101163142,Crashes_2010_2019_MPO,2016-04-13,2016,36.04302,-86.69087,False,0,0,0,,,,,,,,
101163510,Crashes_2010_2019_MPO,2016-04-13,2016,36.0352,-86.78304,False,0,0,0,,,,,,,,
101164005,Crashes_2010_2019_MPO,2016-04-13,2016,36.05216,-86.71455,False,0,0,0,,,,,,,,
101163262,Crashes_2010_2019_MPO,2016-04-13,2016,35.95027,-86.81902,False,0,0,0,,,,,,,,
101163849,Crashes_2010_2019_MPO,2016-04-13,2016,36.04934,-86.87014,False,0,0,0,,,,,,,,
101163410,Crashes_2010_2019_MPO,2016-04-13,2016,35.94745,-86.82029,False,0,0,0,,,,,,,,
101163381,Crashes_2010_2019_MPO,2016-04-13,2016,35.93665,-86.8481,False,0,0,0,,,,,,,,
101163472,Crashes_2010_2019_MPO,2016-04-13,2016,35.93293,-86.78278,False,0,0,0,,,,,,,,
101163203,Crashes_2010_2019_MPO,2016-04-13,2016,35.97878,-86.75282,True,0,0,0,,,,,,,,
101163434,Crashes_2010_2019_MPO,2016-04-13,2016,35.97311,-86.83044,True,0,0,0,,,,,,,,
101163623,Crashes_2010_2019_MPO,2016-04-13,2016,36.04494,-86.69636,False,0,0,0,,,,,,,,
101163895,Crashes_2010_2019_MPO,2016-04-14,2016,36.03264,-86.71282,False,0,0,0,,,,,,,,
101164098,Crashes_2010_2019_MPO,2016-04-14,2016,35.94143,-86.83761,False,0,0,0,,,,,,,,
101163903,Crashes_2010_2019_MPO,2016-04-14,2016,35.94672,-86.85135,False,0,0,0,,,,,,,,
101164194,Crashes_2010_2019_MPO,2016-04-14,2016,36.03751,-86.78575,False,0,0,0,,,,,,,,
101164126,Crashes_2010_2019_MPO,2016-04-14,2016,35.94564,-86.87381,False,0,0,0,,,,,,,,
101164207,Crashes_2010_2019_MPO,2016-04-14,2016,36.01014,-86.87857,False,0,0,0,,,,,,,,
101164033,Crashes_2010_2019_MPO,2016-04-14,2016,35.95777,-86.8026,False,0,0,0,,,,,,,,
101164122,Crashes_2010_2019_MPO,2016-04-14,2016,35.93446,-86.81991,False,0,0,0,,,,,,,,
101164206,Crashes_2010_2019_MPO,2016-04-14,2016,36.04545,-86.71243,False,0,0,0,,,,,,,,
101164834,Crashes_2010_2019_MPO,2016-04-15,2016,35.94798,-86.81714,False,0,0,0,,,,,,,,
101164873,Crashes_2010_2019_MPO,2016-04-15,2016,36.04063,-86.77141,False,0,0,0,,,,,,,,
101164794,Crashes_2010_2019_MPO,2016-04-15,2016,35.96198,-86.81518,False,0,0,0,,,,,,,,
101164601,Crashes_2010_2019_MPO,2016-04-15,2016,35.92673,-86.87005,False,0,0,0,,,,,,,,
101165404,Crashes_2010_2019_MPO,2016-04-15,2016,35.96725,-86.81349,True,0,0,0,,,,,,,,
101164893,Crashes_2010_2019_MPO,2016-04-15,2016,36.03987,-86.78102,False,0,0,0,,,,,,,,
101164787,Crashes_2010_2019_MPO,2016-04-15,2016,35.93854,-86.76799,False,0,0,0,,,,,,,,
101165181,Crashes_2010_2019_MPO,2016-04-15,2016,36.029983,-86.790531,True,0,0,0,,,,,,,,
101164542,Crashes_2010_2019_MPO,2016-04-15,2016,36.03971,-86.76279,False,0,0,0,,,,,,,,
101165047,Crashes_2010_2019_MPO,2016-04-15,2016,35.97716,-86.87622,False,0,0,0,,,,,,,,
101164947,Crashes_2010_2019_MPO,2016-04-15,2016,36.05045,-86.87634,False,0,0,0,,,,,,,,
101164740,Crashes_2010_2019_MPO,2016-04-15,2016,35.95826,-86.80098,False,0,0,0,,,,,,,,
101164788,Crashes_2010_2019_MPO,2016-04-15,2016,35.95652,-86.81641,False,0,0,0,,,,,,,,
101209108,Crashes_2010_2019_MPO,2016-04-15,2016,36.04521,-86.74394,False,0,2,0,,,,,,,,
101164467,Crashes_2010_2019_MPO,2016-04-15,2016,35.95656,-86.84392,False,0,0,0,,,,,,,,
101164927,Crashes_2010_2019_MPO,2016-04-15,2016,36.04934,-86.71378,False,0,0,0,,,,,,,,
101165916,Crashes_2010_2019_MPO,2016-04-16,2016,35.95936,-86.81463,False,0,0,0,,,,,,,,
101165275,Crashes_2010_2019_MPO,2016-04-16,2016,35.99645,-86.78816,True,0,0,0,,,,,,,,
101165918,Crashes_2010_2019_MPO,2016-04-16,2016,35.92957,-86.84187,False,0,0,0,,,,,,,,
101165702,Crashes_2010_2019_MPO,2016-04-16,2016,35.97057,-86.82204,True,0,0,0,,,,,,,,
101165523,Crashes_2010_2019_MPO,2016-04-16,2016,35.9993,-86.80918,True,0,0,0,,,,,,,,
101165399,Crashes_2010_2019_MPO,2016-04-16,2016,36.030297,-86.790493,True,0,0,0,,,,,,,,
101165977,Crashes_2010_2019_MPO,2016-04-16,2016,36.04331,-86.68921,False,0,0,0,,,,,,,,
101165917,Crashes_2010_2019_MPO,2016-04-16,2016,35.92503,-86.86882,False,0,0,0,,,,,,,,
101165518,Crashes_2010_2019_MPO,2016-04-16,2016,36.029158,-86.783742,True,0,0,0,,,,,,,,
101165683,Crashes_2010_2019_MPO,2016-04-16,2016,35.9655,-86.79936,True,0,0,0,,,,,,,,
101165914,Crashes_2010_2019_MPO,2016-04-16,2016,35.92547,-86.86913,False,0,0,0,,,,,,,,
101165652,Crashes_2010_2019_MPO,2016-04-16,2016,35.92417,-86.8757,False,0,0,0,,,,,,,,
101166068,Crashes_2010_2019_MPO,2016-04-16,2016,36.04036,-86.76911,False,0,0,0,,,,,,,,
101165258,Crashes_2010_2019_MPO,2016-04-16,2016,36.03229,-86.71276,False,0,0,0,,,,,,,,
101165536,Crashes_2010_2019_MPO,2016-04-16,2016,35.99781,-86.79886,True,0,0,0,,,,,,,,
101165243,Crashes_2010_2019_MPO,2016-04-16,2016,36.01292,-86.84604,False,0,0,0,,,,,,,,
101166012,Crashes_2010_2019_MPO,2016-04-17,2016,35.96681,-86.81119,True,0,0,0,,,,,,,,
101167854,Crashes_2010_2019_MPO,2016-04-17,2016,36.0268,-86.71285,False,0,0,0,,,,,,,,
101166322,Crashes_2010_2019_MPO,2016-04-17,2016,36.04526,-86.71704,False,0,0,0,,,,,,,,
101165971,Crashes_2010_2019_MPO,2016-04-17,2016,36.04588,-86.85615,False,0,0,0,,,,,,,,
101166235,Crashes_2010_2019_MPO,2016-04-17,2016,36.04017,-86.70512,False,0,0,0,,,,,,,,
101165875,Crashes_2010_2019_MPO,2016-04-17,2016,36.03102,-86.71259,False,0,0,0,,,,,,,,
101165757,Crashes_2010_2019_MPO,2016-04-17,2016,36.0452,-86.71517,False,0,0,0,,,,,,,,
101166632,Crashes_2010_2019_MPO,2016-04-18,2016,35.92652,-86.82559,False,0,0,0,,,,,,,,
101166545,Crashes_2010_2019_MPO,2016-04-18,2016,35.96518,-86.80029,True,0,0,0,,,,,,,,
101167553,Crashes_2010_2019_MPO,2016-04-18,2016,36.04968,-86.73122,False,0,0,0,,,,,,,,
101166740,Crashes_2010_2019_MPO,2016-04-18,2016,35.9976,-86.79697,True,0,0,0,,,,,,,,
101166658,Crashes_2010_2019_MPO,2016-04-18,2016,36.04285,-86.72633,False,0,0,0,,,,,,,,
101166870,Crashes_2010_2019_MPO,2016-04-18,2016,36.04427,-86.68745,False,0,0,0,,,,,,,,
101166747,Crashes_2010_2019_MPO,2016-04-18,2016,35.99761,-86.69092,False,0,0,0,,,,,,,,
101166496,Crashes_2010_2019_MPO,2016-04-18,2016,36.0409,-86.77938,False,0,0,0,,,,,,,,
101167405,Crashes_2010_2019_MPO,2016-04-19,2016,36.03789,-86.74347,False,0,0,0,,,,,,,,
101167583,Crashes_2010_2019_MPO,2016-04-19,2016,36.05151,-86.71436,False,0,0,0,,,,,,,,
101167191,Crashes_2010_2019_MPO,2016-04-19,2016,36.04885,-86.71445,False,0,0,0,,,,,,,,
101167435,Crashes_2010_2019_MPO,2016-04-19,2016,35.9407,-86.83934,False,0,0,0,,,,,,,,
101182198,Crashes_2010_2019_MPO,2016-04-20,2016,36.01214,-86.70344,False,0,0,0,,,,,,,,
101167657,Crashes_2010_2019_MPO,2016-04-20,2016,35.97914,-86.74946,True,0,0,0,,,,,,,,
101167750,Crashes_2010_2019_MPO,2016-04-20,2016,36.04537,-86.71326,False,0,0,0,,,,,,,,
101167827,Crashes_2010_2019_MPO,2016-04-20,2016,35.94048,-86.83226,False,0,0,0,,,,,,,,
101167987,Crashes_2010_2019_MPO,2016-04-20,2016,36.03709,-86.79484,True,0,0,0,,,,,,,,
101167751,Crashes_2010_2019_MPO,2016-04-20,2016,36.04167,-86.74388,False,0,0,0,,,,,,,,
101167833,Crashes_2010_2019_MPO,2016-04-20,2016,36.04013,-86.78075,False,0,0,0,,,,,,,,
101178153,Crashes_2010_2019_MPO,2016-04-20,2016,36.04168,-86.74801,False,0,0,0,,,,,,,,
101168050,Crashes_2010_2019_MPO,2016-04-20,2016,35.93998,-86.81695,False,0,0,0,,,,,,,,
101168031,Crashes_2010_2019_MPO,2016-04-20,2016,36.03256,-86.7687,False,0,0,0,,,,,,,,
101167749,Crashes_2010_2019_MPO,2016-04-20,2016,36.04711,-86.77644,False,0,0,0,,,,,,,,
101168051,Crashes_2010_2019_MPO,2016-04-20,2016,35.94872,-86.83189,False,0,0,0,,,,,,,,
101178851,Crashes_2010_2019_MPO,2016-04-20,2016,35.92366,-86.86782,False,0,0,0,,,,,,,,
101167954,Crashes_2010_2019_MPO,2016-04-20,2016,36.04304,-86.713,False,0,0,0,,,,,,,,
101178106,Crashes_2010_2019_MPO,2016-04-20,2016,35.92417,-86.77867,False,0,0,0,,,,,,,,
101167644,Crashes_2010_2019_MPO,2016-04-20,2016,36.04245,-86.71294,False,0,0,0,,,,,,,,
101168072,Crashes_2010_2019_MPO,2016-04-20,2016,35.96332,-86.83944,False,0,0,0,,,,,,,,
101178567,Crashes_2010_2019_MPO,2016-04-21,2016,35.93127,-86.87663,False,0,0,0,,,,,,,,
101178298,Crashes_2010_2019_MPO,2016-04-21,2016,36.00422,-86.7911,True,0,0,0,,,,,,,,
101178796,Crashes_2010_2019_MPO,2016-04-21,2016,36.0406,-86.77993,False,0,0,0,,,,,,,,
101178325,Crashes_2010_2019_MPO,2016-04-21,2016,36.04026,-86.8164,False,0,0,0,,,,,,,,
101180973,Crashes_2010_2019_MPO,2016-04-21,2016,35.92826,-86.87112,False,0,0,0,,,,,,,,
101178383,Crashes_2010_2019_MPO,2016-04-21,2016,36.04228,-86.74399,False,0,0,0,,,,,,,,
101178696,Crashes_2010_2019_MPO,2016-04-21,2016,35.94769,-86.81402,False,0,0,0,,,,,,,,
101178732,Crashes_2010_2019_MPO,2016-04-21,2016,36.04112,-86.78253,False,0,0,0,,,,,,,,
101178832,Crashes_2010_2019_MPO,2016-04-21,2016,35.97102,-86.67835,False,0,0,0,,,,,,,,
101178810,Crashes_2010_2019_MPO,2016-04-21,2016,36.03596,-86.78294,False,0,0,0,,,,,,,,
101178683,Crashes_2010_2019_MPO,2016-04-21,2016,35.96488,-86.79299,True,0,0,0,,,,,,,,
101178797,Crashes_2010_2019_MPO,2016-04-21,2016,36.03784,-86.7961,False,0,0,0,,,,,,,,
101179200,Crashes_2010_2019_MPO,2016-04-21,2016,36.012,-86.78484,True,0,0,0,,,,,,,,
101178795,Crashes_2010_2019_MPO,2016-04-21,2016,36.03728,-86.78879,False,0,0,0,,,,,,,,
101178768,Crashes_2010_2019_MPO,2016-04-21,2016,35.95182,-86.74161,True,0,0,0,,,,,,,,
101178646,Crashes_2010_2019_MPO,2016-04-21,2016,35.95051,-86.76622,True,0,0,0,,,,,,,,
101178440,Crashes_2010_2019_MPO,2016-04-21,2016,35.9583,-86.8023,False,0,0,0,,,,,,,,
101178817,Crashes_2010_2019_MPO,2016-04-21,2016,36.05356,-86.71499,False,0,0,0,,,,,,,,
101178584,Crashes_2010_2019_MPO,2016-04-21,2016,36.0409,-86.77938,False,0,0,0,,,,,,,,
101178344,Crashes_2010_2019_MPO,2016-04-21,2016,35.96408,-86.80033,True,0,0,0,,,,,,,,
101178593,Crashes_2010_2019_MPO,2016-04-21,2016,35.94807,-86.86369,False,0,0,0,,,,,,,,
101178697,Crashes_2010_2019_MPO,2016-04-21,2016,35.92948,-86.84121,False,0,0,0,,,,,,,,
101179152,Crashes_2010_2019_MPO,2016-04-22,2016,36.05336,-86.73761,False,0,0,0,,,,,,,,
101179280,Crashes_2010_2019_MPO,2016-04-22,2016,35.93374,-86.81767,False,0,0,0,,,,,,,,
101179268,Crashes_2010_2019_MPO,2016-04-22,2016,36.04043,-86.76971,False,0,0,0,,,,,,,,
101180043,Crashes_2010_2019_MPO,2016-04-22,2016,35.94658,-86.82302,False,0,0,0,,,,,,,,
101179492,Crashes_2010_2019_MPO,2016-04-22,2016,35.99759,-86.79691,True,0,0,0,,,,,,,,
101179658,Crashes_2010_2019_MPO,2016-04-22,2016,36.04537,-86.71326,False,0,0,0,,,,,,,,
101180974,Crashes_2010_2019_MPO,2016-04-22,2016,35.94913,-86.81951,False,0,0,0,,,,,,,,
101179000,Crashes_2010_2019_MPO,2016-04-22,2016,36.04566,-86.68499,False,0,0,0,,,,,,,,
101180184,Crashes_2010_2019_MPO,2016-04-22,2016,36.04342,-86.78166,False,0,0,0,,,,,,,,
101178987,Crashes_2010_2019_MPO,2016-04-22,2016,35.97878,-86.75282,True,0,0,0,,,,,,,,
101179476,Crashes_2010_2019_MPO,2016-04-22,2016,36.03464,-86.78831,True,0,0,0,,,,,,,,
101180044,Crashes_2010_2019_MPO,2016-04-22,2016,35.94669,-86.82386,False,0,0,0,,,,,,,,
101179719,Crashes_2010_2019_MPO,2016-04-22,2016,35.97666,-86.77147,True,0,1,0,,,,,,,,
101182216,Crashes_2010_2019_MPO,2016-04-22,2016,35.94612,-86.82346,False,0,0,0,,,,,,,,
101179724,Crashes_2010_2019_MPO,2016-04-22,2016,36.03899,-86.78258,False,0,0,0,,,,,,,,
101179728,Crashes_2010_2019_MPO,2016-04-22,2016,35.98948,-86.68196,False,0,0,0,,,,,,,,
101179264,Crashes_2010_2019_MPO,2016-04-22,2016,35.95793,-86.80764,False,0,0,0,,,,,,,,
101178970,Crashes_2010_2019_MPO,2016-04-22,2016,36.03819,-86.80068,False,0,0,0,,,,,,,,
101179489,Crashes_2010_2019_MPO,2016-04-22,2016,35.96538,-86.7979,True,0,0,0,,,,,,,,
101180183,Crashes_2010_2019_MPO,2016-04-22,2016,36.04245,-86.71294,False,0,0,0,,,,,,,,
101179520,Crashes_2010_2019_MPO,2016-04-22,2016,36.05214,-86.7431,False,0,0,0,,,,,,,,
101182217,Crashes_2010_2019_MPO,2016-04-22,2016,35.93578,-86.82357,False,0,0,0,,,,,,,,
101179756,Crashes_2010_2019_MPO,2016-04-22,2016,35.99643,-86.78798,True,0,0,0,,,,,,,,
101180203,Crashes_2010_2019_MPO,2016-04-23,2016,35.92358,-86.86778,False,0,0,0,,,,,,,,
101181390,Crashes_2010_2019_MPO,2016-04-23,2016,35.96955,-86.8095,True,0,0,0,,,,,,,,
101179993,Crashes_2010_2019_MPO,2016-04-23,2016,36.0374,-86.78657,False,0,0,0,,,,,,,,
101180409,Crashes_2010_2019_MPO,2016-04-23,2016,35.94988,-86.75902,True,0,0,0,,,,,,,,
101180323,Crashes_2010_2019_MPO,2016-04-23,2016,35.93399,-86.84724,False,0,0,0,,,,,,,,
101180300,Crashes_2010_2019_MPO,2016-04-23,2016,36.04436,-86.84649,False,0,0,0,,,,,,,,
101179820,Crashes_2010_2019_MPO,2016-04-23,2016,36.04245,-86.71294,False,0,0,0,,,,,,,,
101180185,Crashes_2010_2019_MPO,2016-04-23,2016,36.04029,-86.76853,False,0,0,0,,,,,,,,
101180186,Crashes_2010_2019_MPO,2016-04-23,2016,36.04537,-86.71326,False,0,0,0,,,,,,,,
101179827,Crashes_2010_2019_MPO,2016-04-23,2016,36.01382,-86.69319,False,0,0,0,,,,,,,,
101179788,Crashes_2010_2019_MPO,2016-04-23,2016,36.04047,-86.77003,False,0,0,0,,,,,,,,
101180221,Crashes_2010_2019_MPO,2016-04-23,2016,35.94631,-86.8236,False,0,0,0,,,,,,,,
101181485,Crashes_2010_2019_MPO,2016-04-23,2016,35.97216,-86.86365,False,0,0,0,,,,,,,,
101180065,Crashes_2010_2019_MPO,2016-04-23,2016,36.04012,-86.74351,False,0,0,0,,,,,,,,
101181391,Crashes_2010_2019_MPO,2016-04-24,2016,36.01286,-86.80081,True,0,0,0,,,,,,,,
101180449,Crashes_2010_2019_MPO,2016-04-24,2016,36.05134,-86.71495,False,0,0,0,,,,,,,,
101180625,Crashes_2010_2019_MPO,2016-04-24,2016,36.05291,-86.68747,False,0,0,0,,,,,,,,
101180504,Crashes_2010_2019_MPO,2016-04-24,2016,36.05359,-86.715,False,0,0,0,,,,,,,,
101180520,Crashes_2010_2019_MPO,2016-04-24,2016,35.92884,-86.86988,False,0,0,0,,,,,,,,
101180893,Crashes_2010_2019_MPO,2016-04-24,2016,36.04653,-86.68335,False,0,0,0,,,,,,,,
101180576,Crashes_2010_2019_MPO,2016-04-24,2016,36.04202,-86.84206,True,0,0,0,,,,,,,,
101180548,Crashes_2010_2019_MPO,2016-04-24,2016,36.026223,-86.789969,True,0,0,0,,,,,,,,
101181130,Crashes_2010_2019_MPO,2016-04-25,2016,36.04242,-86.71165,False,0,0,0,,,,,,,,
101181322,Crashes_2010_2019_MPO,2016-04-25,2016,36.01338,-86.78509,True,0,0,0,,,,,,,,
101181140,Crashes_2010_2019_MPO,2016-04-25,2016,36.04032,-86.78089,False,0,0,0,,,,,,,,