record_no,source_layer,collision_ts,crash_year,latitude,longitude,in_city,fatalities,non_motorists,truck_involved,serious_injuries,pedestrian,bicycle,crash_type,manner_of_collision,lighting,weather,first_harmful_event
101181448,Crashes_2010_2019_MPO,2016-04-25,2016,36.04645,-86.71339,False,0,0,0,,,,,,,,
101181334,Crashes_2010_2019_MPO,2016-04-25,2016,35.94612,-86.82346,False,0,0,0,,,,,,,,
101181393,Crashes_2010_2019_MPO,2016-04-25,2016,35.97121,-86.77417,True,0,0,0,,,,,,,,
101181314,Crashes_2010_2019_MPO,2016-04-25,2016,35.92532,-86.87303,False,0,0,0,,,,,,,,
101181316,Crashes_2010_2019_MPO,2016-04-25,2016,35.94811,-86.86305,False,0,0,0,,,,,,,,
101181321,Crashes_2010_2019_MPO,2016-04-25,2016,36.05049,-86.87668,False,0,0,0,,,,,,,,
101181221,Crashes_2010_2019_MPO,2016-04-25,2016,35.94005,-86.83114,False,0,0,0,,,,,,,,
101181004,Crashes_2010_2019_MPO,2016-04-25,2016,35.98326,-86.71737,True,0,0,0,,,,,,,,
101181256,Crashes_2010_2019_MPO,2016-04-25,2016,35.95941,-86.83102,False,0,0,0,,,,,,,,
101182221,Crashes_2010_2019_MPO,2016-04-26,2016,36.04026,-86.8164,False,0,0,0,,,,,,,,
101181620,Crashes_2010_2019_MPO,2016-04-26,2016,36.03927,-86.74686,False,0,0,1,,,,,,,,
101181783,Crashes_2010_2019_MPO,2016-04-26,2016,35.96199,-86.81523,False,0,0,0,,,,,,,,
101181939,Crashes_2010_2019_MPO,2016-04-26,2016,35.95049,-86.80466,False,0,0,0,,,,,,,,
101181991,Crashes_2010_2019_MPO,2016-04-26,2016,36.03821,-86.8009,False,0,0,0,,,,,,,,
101181615,Crashes_2010_2019_MPO,2016-04-26,2016,35.94957,-86.75566,True,0,0,0,,,,,,,,
101181662,Crashes_2010_2019_MPO,2016-04-26,2016,35.96654,-86.80934,True,0,0,0,,,,,,,,
101182682,Crashes_2010_2019_MPO,2016-04-26,2016,35.96663,-86.80998,True,0,0,0,,,,,,,,
101182402,Crashes_2010_2019_MPO,2016-04-26,2016,35.92416,-86.87111,False,0,0,0,,,,,,,,
101182215,Crashes_2010_2019_MPO,2016-04-26,2016,35.94875,-86.81154,False,0,0,0,,,,,,,,
101181974,Crashes_2010_2019_MPO,2016-04-26,2016,35.964138,-86.816315,True,0,0,0,,,,,,,,
101181942,Crashes_2010_2019_MPO,2016-04-26,2016,35.94765,-86.81971,False,0,0,0,,,,,,,,
101181971,Crashes_2010_2019_MPO,2016-04-26,2016,35.96705,-86.81283,True,0,0,0,,,,,,,,
101181801,Crashes_2010_2019_MPO,2016-04-26,2016,36.034035,-86.787254,True,0,0,0,,,,,,,,
101181612,Crashes_2010_2019_MPO,2016-04-26,2016,36.04285,-86.71297,False,0,0,0,,,,,,,,
101182044,Crashes_2010_2019_MPO,2016-04-26,2016,36.033371,-86.782776,True,0,0,0,,,,,,,,
101181645,Crashes_2010_2019_MPO,2016-04-26,2016,35.94812,-86.81797,False,0,0,0,,,,,,,,
101182269,Crashes_2010_2019_MPO,2016-04-27,2016,35.9447,-86.80928,False,0,0,0,,,,,,,,
101182270,Crashes_2010_2019_MPO,2016-04-27,2016,35.92271,-86.87257,False,0,0,0,,,,,,,,
101182710,Crashes_2010_2019_MPO,2016-04-27,2016,35.95693,-86.81657,False,0,0,0,,,,,,,,
101182383,Crashes_2010_2019_MPO,2016-04-27,2016,35.94143,-86.83761,False,0,0,0,,,,,,,,
101182396,Crashes_2010_2019_MPO,2016-04-27,2016,36.0374,-86.78657,False,0,0,0,,,,,,,,
101182371,Crashes_2010_2019_MPO,2016-04-27,2016,36.00955,-86.69961,False,0,0,0,,,,,,,,
101182641,Crashes_2010_2019_MPO,2016-04-27,2016,35.94656,-86.82311,False,0,0,0,,,,,,,,
101182584,Crashes_2010_2019_MPO,2016-04-27,2016,35.94636,-86.80871,False,0,0,0,,,,,,,,
101182659,Crashes_2010_2019_MPO,2016-04-27,2016,36.03333,-86.71294,False,0,0,0,,,,,,,,
101182235,Crashes_2010_2019_MPO,2016-04-27,2016,35.93549,-86.82393,False,0,0,0,,,,,,,,
101182375,Crashes_2010_2019_MPO,2016-04-27,2016,35.96133,-86.81227,False,0,0,0,,,,,,,,
101182395,Crashes_2010_2019_MPO,2016-04-27,2016,35.9535,-86.81784,False,0,0,0,,,,,,,,
101182604,Crashes_2010_2019_MPO,2016-04-27,2016,36.0409,-86.77938,False,0,0,0,,,,,,,,
101182752,Crashes_2010_2019_MPO,2016-04-27,2016,36.03847,-86.78345,False,0,0,0,,,,,,,,
101182852,Crashes_2010_2019_MPO,2016-04-27,2016,35.96532,-86.70293,False,0,0,0,,,,,,,,
101184551,Crashes_2010_2019_MPO,2016-04-28,2016,36.04061,-86.77125,False,0,0,0,,,,,,,,
101183200,Crashes_2010_2019_MPO,2016-04-28,2016,36.03403,-86.80162,True,0,0,0,,,,,,,,
101183263,Crashes_2010_2019_MPO,2016-04-28,2016,35.99771,-86.79794,True,0,0,0,,,,,,,,
101183288,Crashes_2010_2019_MPO,2016-04-28,2016,35.94417,-86.82038,False,0,0,0,,,,,,,,
101182966,Crashes_2010_2019_MPO,2016-04-28,2016,36.04226,-86.77766,False,0,0,0,,,,,,,,
101184113,Crashes_2010_2019_MPO,2016-04-28,2016,35.97152,-86.80574,True,0,0,1,,,,,,,,
101183298,Crashes_2010_2019_MPO,2016-04-28,2016,35.92471,-86.86998,False,0,0,0,,,,,,,,
101183080,Crashes_2010_2019_MPO,2016-04-28,2016,36.05221,-86.71457,False,0,0,0,,,,,,,,
101182965,Crashes_2010_2019_MPO,2016-04-28,2016,36.03417,-86.76877,False,0,0,0,,,,,,,,
101183296,Crashes_2010_2019_MPO,2016-04-28,2016,35.93369,-86.81913,False,0,0,0,,,,,,,,
101183307,Crashes_2010_2019_MPO,2016-04-28,2016,35.92681,-86.82444,False,0,0,0,,,,,,,,
101183081,Crashes_2010_2019_MPO,2016-04-28,2016,36.04543,-86.71264,False,0,0,0,,,,,,,,
101183990,Crashes_2010_2019_MPO,2016-04-29,2016,35.96678,-86.81097,True,0,0,0,,,,,,,,
101184297,Crashes_2010_2019_MPO,2016-04-29,2016,36.00176,-86.72256,True,0,0,0,,,,,,,,
101184892,Crashes_2010_2019_MPO,2016-04-29,2016,35.9823,-86.846,False,0,0,0,,,,,,,,
101184717,Crashes_2010_2019_MPO,2016-04-29,2016,35.94683,-86.85172,False,0,0,0,,,,,,,,
101186800,Crashes_2010_2019_MPO,2016-04-29,2016,36.04245,-86.71294,False,0,0,0,,,,,,,,
101184027,Crashes_2010_2019_MPO,2016-04-29,2016,36.04209,-86.83528,False,0,0,0,,,,,,,,
101184034,Crashes_2010_2019_MPO,2016-04-29,2016,36.03294,-86.78743,True,0,0,0,,,,,,,,
101184007,Crashes_2010_2019_MPO,2016-04-29,2016,35.96154,-86.80185,True,0,0,0,,,,,,,,
101183868,Crashes_2010_2019_MPO,2016-04-29,2016,36.03833,-86.69834,False,0,0,0,,,,,,,,
101184715,Crashes_2010_2019_MPO,2016-04-29,2016,35.94815,-86.81734,False,0,0,0,,,,,,,,
101184235,Crashes_2010_2019_MPO,2016-04-29,2016,35.92972,-86.85585,False,0,0,0,,,,,,,,
101184714,Crashes_2010_2019_MPO,2016-04-29,2016,35.92532,-86.87303,False,0,0,0,,,,,,,,
101186016,Crashes_2010_2019_MPO,2016-04-30,2016,35.94729,-86.82352,False,0,0,0,,,,,,,,
101184431,Crashes_2010_2019_MPO,2016-04-30,2016,36.04066,-86.78258,False,0,0,0,,,,,,,,
101184506,Crashes_2010_2019_MPO,2016-04-30,2016,36.04112,-86.78253,False,0,0,0,,,,,,,,
101184662,Crashes_2010_2019_MPO,2016-04-30,2016,35.96495,-86.81562,True,0,0,0,,,,,,,,
101184718,Crashes_2010_2019_MPO,2016-04-30,2016,35.95963,-86.80184,False,0,0,0,,,,,,,,
101185060,Crashes_2010_2019_MPO,2016-04-30,2016,36.036153,-86.789465,True,0,0,0,,,,,,,,
101184709,Crashes_2010_2019_MPO,2016-04-30,2016,36.04441,-86.78039,False,0,0,0,,,,,,,,
101184789,Crashes_2010_2019_MPO,2016-04-30,2016,35.96888,-86.80942,True,0,0,0,,,,,,,,
101184801,Crashes_2010_2019_MPO,2016-04-30,2016,36.04191,-86.82481,False,0,0,0,,,,,,,,
101184905,Crashes_2010_2019_MPO,2016-04-30,2016,35.94612,-86.82346,False,0,0,0,,,,,,,,
101184514,Crashes_2010_2019_MPO,2016-04-30,2016,35.94433,-86.8199,False,0,0,0,,,,,,,,
101184491,Crashes_2010_2019_MPO,2016-04-30,2016,36.0412,-86.78252,False,0,0,0,,,,,,,,
101184756,Crashes_2010_2019_MPO,2016-04-30,2016,36.04566,-86.70709,False,0,0,0,,,,,,,,
101185059,Crashes_2010_2019_MPO,2016-04-30,2016,36.034695,-86.829439,True,0,0,0,,,,,,,,
101185509,Crashes_2010_2019_MPO,2016-04-30,2016,35.93581,-86.77476,False,0,0,0,,,,,,,,
101185439,Crashes_2010_2019_MPO,2016-05-01,2016,35.9484,-86.82278,False,0,0,0,,,,,,,,
101190539,Crashes_2010_2019_MPO,2016-05-01,2016,35.92254,-86.87194,False,0,0,0,,,,,,,,
101185017,Crashes_2010_2019_MPO,2016-05-01,2016,36.02823,-86.74402,False,0,0,0,,,,,,,,
101185486,Crashes_2010_2019_MPO,2016-05-01,2016,35.92254,-86.87194,False,0,0,0,,,,,,,,
101189636,Crashes_2010_2019_MPO,2016-05-01,2016,35.96324,-86.80102,True,0,0,0,,,,,,,,
101185521,Crashes_2010_2019_MPO,2016-05-01,2016,35.96743,-86.69894,False,0,0,0,,,,,,,,
101185345,Crashes_2010_2019_MPO,2016-05-01,2016,35.93446,-86.81991,False,0,0,0,,,,,,,,
101185170,Crashes_2010_2019_MPO,2016-05-01,2016,36.01433,-86.70496,False,0,0,0,,,,,,,,
101186132,Crashes_2010_2019_MPO,2016-05-02,2016,36.03188,-86.76039,False,0,0,0,,,,,,,,
101186040,Crashes_2010_2019_MPO,2016-05-02,2016,35.94689,-86.85242,False,0,0,0,,,,,,,,
101186039,Crashes_2010_2019_MPO,2016-05-02,2016,35.93191,-86.79441,False,0,0,0,,,,,,,,
101186133,Crashes_2010_2019_MPO,2016-05-02,2016,36.04128,-86.82199,False,0,0,0,,,,,,,,
101189637,Crashes_2010_2019_MPO,2016-05-02,2016,36.034977,-86.78733,True,0,0,0,,,,,,,,
101185903,Crashes_2010_2019_MPO,2016-05-02,2016,36.035549,-86.787448,True,0,0,0,,,,,,,,
101185900,Crashes_2010_2019_MPO,2016-05-02,2016,36.03518,-86.76881,False,0,0,0,,,,,,,,
101186020,Crashes_2010_2019_MPO,2016-05-02,2016,35.96595,-86.80586,True,0,0,0,,,,,,,,
101186190,Crashes_2010_2019_MPO,2016-05-02,2016,36.04367,-86.76218,False,0,0,0,,,,,,,,
101185763,Crashes_2010_2019_MPO,2016-05-02,2016,35.966657,-86.809203,True,0,0,0,,,,,,,,
101186676,Crashes_2010_2019_MPO,2016-05-03,2016,36.029289,-86.790695,True,0,0,0,,,,,,,,
101186764,Crashes_2010_2019_MPO,2016-05-03,2016,35.96716,-86.81351,True,0,0,0,,,,,,,,
101186362,Crashes_2010_2019_MPO,2016-05-03,2016,36.03985,-86.77884,False,0,0,1,,,,,,,,
101187486,Crashes_2010_2019_MPO,2016-05-03,2016,36.04121,-86.77955,False,0,0,0,,,,,,,,
101186670,Crashes_2010_2019_MPO,2016-05-03,2016,35.97716,-86.67813,False,0,0,0,,,,,,,,
101186345,Crashes_2010_2019_MPO,2016-05-03,2016,36.0409,-86.77938,False,0,0,0,,,,,,,,
101186790,Crashes_2010_2019_MPO,2016-05-03,2016,36.04526,-86.71704,False,0,0,0,,,,,,,,
101186598,Crashes_2010_2019_MPO,2016-05-03,2016,35.96437,-86.8136,False,0,0,0,,,,,,,,
101187186,Crashes_2010_2019_MPO,2016-05-03,2016,36.00692,-86.87341,False,0,0,0,,,,,,,,
101186245,Crashes_2010_2019_MPO,2016-05-03,2016,36.00243,-86.69197,False,0,0,0,,,,,,,,
101186735,Crashes_2010_2019_MPO,2016-05-03,2016,36.036066,-86.78708,True,0,0,0,,,,,,,,
101186238,Crashes_2010_2019_MPO,2016-05-03,2016,36.04168,-86.74801,False,0,0,0,,,,,,,,
101187230,Crashes_2010_2019_MPO,2016-05-04,2016,36.04526,-86.71704,False,0,0,0,,,,,,,,
101188102,Crashes_2010_2019_MPO,2016-05-04,2016,35.97837,-86.85194,False,0,0,0,,,,,,,,
101187593,Crashes_2010_2019_MPO,2016-05-04,2016,35.95296,-86.81792,False,0,0,0,,,,,,,,
101187719,Crashes_2010_2019_MPO,2016-05-04,2016,36.02318,-86.68607,False,0,0,1,,,,,,,,
101187650,Crashes_2010_2019_MPO,2016-05-04,2016,36.00212,-86.69651,False,0,0,0,,,,,,,,
101187417,Crashes_2010_2019_MPO,2016-05-04,2016,35.96408,-86.81603,True,0,0,0,,,,,,,,
101187594,Crashes_2010_2019_MPO,2016-05-04,2016,35.93453,-86.86059,False,0,0,0,,,,,,,,
101187416,Crashes_2010_2019_MPO,2016-05-04,2016,35.96658,-86.80964,True,0,0,0,,,,,,,,
101187308,Crashes_2010_2019_MPO,2016-05-04,2016,36.03983,-86.78143,False,0,0,0,,,,,,,,
101187415,Crashes_2010_2019_MPO,2016-05-04,2016,35.96736,-86.81021,True,0,0,0,,,,,,,,
101191160,Crashes_2010_2019_MPO,2016-05-04,2016,35.97647,-86.85664,False,0,0,0,,,,,,,,
101187365,Crashes_2010_2019_MPO,2016-05-04,2016,35.93231,-86.87625,False,0,0,0,,,,,,,,
101187596,Crashes_2010_2019_MPO,2016-05-04,2016,35.94778,-86.81994,False,0,0,0,,,,,,,,
101187595,Crashes_2010_2019_MPO,2016-05-04,2016,35.93287,-86.78346,False,0,0,0,,,,,,,,
101187115,Crashes_2010_2019_MPO,2016-05-04,2016,35.98426,-86.72379,True,0,0,0,,,,,,,,
101187414,Crashes_2010_2019_MPO,2016-05-04,2016,35.965899,-86.806762,False,0,0,0,,,,,,,,
101187579,Crashes_2010_2019_MPO,2016-05-04,2016,36.0409,-86.77938,False,0,0,0,,,,,,,,
101187643,Crashes_2010_2019_MPO,2016-05-04,2016,36.03751,-86.78652,False,0,0,0,,,,,,,,
101187512,Crashes_2010_2019_MPO,2016-05-04,2016,36.04536,-86.70259,False,0,0,0,,,,,,,,
101188235,Crashes_2010_2019_MPO,2016-05-05,2016,35.94005,-86.83114,False,0,0,0,,,,,,,,
101187856,Crashes_2010_2019_MPO,2016-05-05,2016,36.04118,-86.77665,False,0,0,0,,,,,,,,
101188113,Crashes_2010_2019_MPO,2016-05-05,2016,36.01223,-86.80127,True,0,0,0,,,,,,,,
101188026,Crashes_2010_2019_MPO,2016-05-05,2016,35.938,-86.82201,False,0,0,0,,,,,,,,
101188135,Crashes_2010_2019_MPO,2016-05-05,2016,36.0395,-86.73769,False,0,0,0,,,,,,,,
101187728,Crashes_2010_2019_MPO,2016-05-05,2016,36.04186,-86.70339,False,0,0,0,,,,,,,,
101188317,Crashes_2010_2019_MPO,2016-05-05,2016,36.05362,-86.73846,False,0,0,0,,,,,,,,
101188428,Crashes_2010_2019_MPO,2016-05-05,2016,35.95369,-86.7197,False,0,0,0,,,,,,,,
101187948,Crashes_2010_2019_MPO,2016-05-05,2016,35.997924,-86.799123,True,0,0,0,,,,,,,,
101188619,Crashes_2010_2019_MPO,2016-05-05,2016,36.04825,-86.71361,False,0,0,0,,,,,,,,
101188283,Crashes_2010_2019_MPO,2016-05-05,2016,36.04516,-86.71323,False,0,0,0,,,,,,,,
101188332,Crashes_2010_2019_MPO,2016-05-05,2016,35.95096,-86.81855,False,0,0,0,,,,,,,,
101188146,Crashes_2010_2019_MPO,2016-05-05,2016,35.93877,-86.82155,False,0,0,0,,,,,,,,
101188787,Crashes_2010_2019_MPO,2016-05-06,2016,36.03953,-86.78173,False,0,0,1,,,,,,,,
101189294,Crashes_2010_2019_MPO,2016-05-06,2016,35.93374,-86.82163,False,0,0,0,,,,,,,,
101189807,Crashes_2010_2019_MPO,2016-05-06,2016,36.05359,-86.6942,False,0,0,0,,,,,,,,
101189594,Crashes_2010_2019_MPO,2016-05-06,2016,35.9291,-86.84142,False,0,0,0,,,,,,,,
101188661,Crashes_2010_2019_MPO,2016-05-06,2016,35.97334,-86.83305,True,0,0,0,,,,,,,,
101188976,Crashes_2010_2019_MPO,2016-05-06,2016,35.96716,-86.81351,True,0,0,0,,,,,,,,
101189315,Crashes_2010_2019_MPO,2016-05-06,2016,35.97102,-86.67835,False,0,0,0,,,,,,,,
101189114,Crashes_2010_2019_MPO,2016-05-06,2016,35.94788,-86.8195,False,0,0,0,,,,,,,,
101188718,Crashes_2010_2019_MPO,2016-05-06,2016,36.04208,-86.77615,False,0,0,0,,,,,,,,
101190051,Crashes_2010_2019_MPO,2016-05-06,2016,35.94798,-86.81714,False,0,0,0,,,,,,,,
101188745,Crashes_2010_2019_MPO,2016-05-06,2016,36.04891,-86.86857,False,0,0,0,,,,,,,,
101189327,Crashes_2010_2019_MPO,2016-05-06,2016,36.01044,-86.69192,False,0,0,0,,,,,,,,
101189126,Crashes_2010_2019_MPO,2016-05-06,2016,36.04459,-86.7251,False,0,0,0,,,,,,,,
101188738,Crashes_2010_2019_MPO,2016-05-06,2016,36.04091,-86.77417,False,0,0,0,,,,,,,,
101189146,Crashes_2010_2019_MPO,2016-05-06,2016,36.03997,-86.74279,False,0,0,0,,,,,,,,
101189555,Crashes_2010_2019_MPO,2016-05-07,2016,35.92673,-86.87005,False,0,1,0,,,,,,,,
101189569,Crashes_2010_2019_MPO,2016-05-07,2016,36.04001,-86.74347,False,0,0,0,,,,,,,,
101189625,Crashes_2010_2019_MPO,2016-05-07,2016,35.96507,-86.79501,True,0,0,0,,,,,,,,
101190676,Crashes_2010_2019_MPO,2016-05-07,2016,36.02873,-86.74409,False,0,0,0,,,,,,,,
101189619,Crashes_2010_2019_MPO,2016-05-07,2016,35.94114,-86.83623,False,0,0,0,,,,,,,,
101190054,Crashes_2010_2019_MPO,2016-05-07,2016,35.95724,-86.81662,False,0,0,0,,,,,,,,
101189414,Crashes_2010_2019_MPO,2016-05-07,2016,35.95348,-86.71453,False,0,0,0,,,,,,,,
101189749,Crashes_2010_2019_MPO,2016-05-07,2016,35.95974,-86.80205,False,0,0,0,,,,,,,,
101189510,Crashes_2010_2019_MPO,2016-05-07,2016,35.9649,-86.79332,True,0,0,0,,,,,,,,
101189817,Crashes_2010_2019_MPO,2016-05-07,2016,36.03256,-86.7687,False,0,0,0,,,,,,,,
101190053,Crashes_2010_2019_MPO,2016-05-07,2016,35.92609,-86.87139,False,0,0,0,,,,,,,,
101190366,Crashes_2010_2019_MPO,2016-05-07,2016,36.015651,-86.818973,True,0,0,0,,,,,,,,
101190209,Crashes_2010_2019_MPO,2016-05-08,2016,35.92631,-86.87093,False,0,0,0,,,,,,,,
101190166,Crashes_2010_2019_MPO,2016-05-08,2016,36.04561,-86.71977,False,0,0,0,,,,,,,,
101190252,Crashes_2010_2019_MPO,2016-05-08,2016,35.95916,-86.87577,False,0,0,0,,,,,,,,
101190357,Crashes_2010_2019_MPO,2016-05-08,2016,36.04095,-86.78142,False,0,0,0,,,,,,,,
101190077,Crashes_2010_2019_MPO,2016-05-08,2016,36.04531,-86.72704,False,0,0,0,,,,,,,,
101190248,Crashes_2010_2019_MPO,2016-05-08,2016,36.00663,-86.8709,False,0,0,1,,,,,,,,
101190116,Crashes_2010_2019_MPO,2016-05-08,2016,35.9923,-86.7988,True,0,0,0,,,,,,,,
101193450,Crashes_2010_2019_MPO,2016-05-08,2016,36.03989,-86.74346,False,0,0,0,,,,,,,,
101190334,Crashes_2010_2019_MPO,2016-05-08,2016,35.92871,-86.7878,False,0,0,0,,,,,,,,
101190224,Crashes_2010_2019_MPO,2016-05-08,2016,35.92952,-86.843,False,0,0,0,,,,,,,,
101190297,Crashes_2010_2019_MPO,2016-05-08,2016,35.96655,-86.81128,True,0,0,0,,,,,,,,
101191004,Crashes_2010_2019_MPO,2016-05-09,2016,35.93419,-86.81965,False,0,0,0,,,,,,,,
101190668,Crashes_2010_2019_MPO,2016-05-09,2016,36.01727,-86.74635,True,0,0,0,,,,,,,,
101190657,Crashes_2010_2019_MPO,2016-05-09,2016,36.03773,-86.78479,False,0,0,1,,,,,,,,
101190967,Crashes_2010_2019_MPO,2016-05-09,2016,35.95526,-86.82588,False,0,0,0,,,,,,,,
101190994,Crashes_2010_2019_MPO,2016-05-09,2016,35.96499,-86.8059,False,0,0,0,,,,,,,,
101191083,Crashes_2010_2019_MPO,2016-05-09,2016,36.0374,-86.78657,False,0,0,0,,,,,,,,
101190753,Crashes_2010_2019_MPO,2016-05-09,2016,35.98591,-86.71217,True,0,0,0,,,,,,,,
101192603,Crashes_2010_2019_MPO,2016-05-09,2016,36.04124,-86.77838,False,0,0,0,,,,,,,,
101190839,Crashes_2010_2019_MPO,2016-05-09,2016,35.99389,-86.70045,True,0,0,0,,,,,,,,
101191476,Crashes_2010_2019_MPO,2016-05-10,2016,35.99647,-86.6893,False,0,0,0,,,,,,,,
101230494,Crashes_2010_2019_MPO,2016-05-10,2016,36.05324,-86.77516,False,0,0,0,,,,,,,,
101191554,Crashes_2010_2019_MPO,2016-05-10,2016,36.05249,-86.71466,False,0,0,0,,,,,,,,
101191229,Crashes_2010_2019_MPO,2016-05-10,2016,35.93008,-86.82014,False,0,0,0,,,,,,,,
101191569,Crashes_2010_2019_MPO,2016-05-10,2016,36.0453,-86.70168,False,0,0,0,,,,,,,,
101191374,Crashes_2010_2019_MPO,2016-05-10,2016,36.02661,-86.74358,False,0,0,0,,,,,,,,
101191705,Crashes_2010_2019_MPO,2016-05-10,2016,36.032467,-86.788109,True,0,0,0,,,,,,,,
101191578,Crashes_2010_2019_MPO,2016-05-10,2016,35.9583,-86.8023,False,0,0,0,,,,,,,,
101191208,Crashes_2010_2019_MPO,2016-05-10,2016,35.95802,-86.80257,False,0,0,0,,,,,,,,
101191638,Crashes_2010_2019_MPO,2016-05-10,2016,35.94527,-86.81962,False,0,0,0,,,,,,,,
101191332,Crashes_2010_2019_MPO,2016-05-10,2016,35.96495,-86.72793,True,0,0,0,,,,,,,,
101191217,Crashes_2010_2019_MPO,2016-05-10,2016,36.03629,-86.76863,False,0,0,0,,,,,,,,
101191629,Crashes_2010_2019_MPO,2016-05-10,2016,35.99018,-86.75539,True,0,0,0,,,,,,,,
101191279,Crashes_2010_2019_MPO,2016-05-10,2016,35.99922,-86.80923,True,0,0,0,,,,,,,,
101195681,Crashes_2010_2019_MPO,2016-05-10,2016,36.00413,-86.79087,True,0,0,0,,,,,,,,
101191639,Crashes_2010_2019_MPO,2016-05-10,2016,35.96531,-86.82142,True,0,0,0,,,,,,,,
101191504,Crashes_2010_2019_MPO,2016-05-10,2016,36.04559,-86.71092,False,0,0,0,,,,,,,,
101191920,Crashes_2010_2019_MPO,2016-05-10,2016,35.94803,-86.69984,False,0,0,0,,,,,,,,
101191688,Crashes_2010_2019_MPO,2016-05-10,2016,35.99576,-86.78147,True,0,0,0,,,,,,,,
101191399,Crashes_2010_2019_MPO,2016-05-10,2016,36.01321,-86.7387,True,0,0,0,,,,,,,,
101191259,Crashes_2010_2019_MPO,2016-05-10,2016,35.94708,-86.83267,False,0,0,0,,,,,,,,
101191707,Crashes_2010_2019_MPO,2016-05-10,2016,36.03488,-86.78307,True,0,0,0,,,,,,,,
101192147,Crashes_2010_2019_MPO,2016-05-10,2016,35.94519,-86.80371,False,0,0,0,,,,,,,,
101191127,Crashes_2010_2019_MPO,2016-05-10,2016,35.97765,-86.77678,True,0,0,0,,,,,,,,
101192278,Crashes_2010_2019_MPO,2016-05-11,2016,35.95528,-86.82612,False,0,0,0,,,,,,,,
101192470,Crashes_2010_2019_MPO,2016-05-11,2016,36.02164,-86.71248,False,0,0,0,,,,,,,,
101192443,Crashes_2010_2019_MPO,2016-05-11,2016,35.96675,-86.81077,True,0,0,0,,,,,,,,
101192424,Crashes_2010_2019_MPO,2016-05-11,2016,35.94683,-86.85172,False,0,0,0,,,,,,,,
101192501,Crashes_2010_2019_MPO,2016-05-11,2016,36.01354,-86.80409,True,0,0,0,,,,,,,,
101192487,Crashes_2010_2019_MPO,2016-05-11,2016,36.0452,-86.71509,False,0,0,0,,,,,,,,
101191996,Crashes_2010_2019_MPO,2016-05-11,2016,36.03881,-86.78292,False,0,0,0,,,,,,,,
101194237,Crashes_2010_2019_MPO,2016-05-11,2016,35.96151,-86.80147,True,0,0,0,,,,,,,,
101192049,Crashes_2010_2019_MPO,2016-05-11,2016,36.03687,-86.78673,False,0,0,0,,,,,,,,
101192371,Crashes_2010_2019_MPO,2016-05-11,2016,35.96551,-86.80584,False,0,0,0,,,,,,,,
101192369,Crashes_2010_2019_MPO,2016-05-11,2016,35.94631,-86.8236,False,0,0,0,,,,,,,,
101192508,Crashes_2010_2019_MPO,2016-05-11,2016,35.98607,-86.73688,True,0,0,0,,,,,,,,
101192556,Crashes_2010_2019_MPO,2016-05-11,2016,35.94612,-86.82346,False,0,0,0,,,,,,,,
101192024,Crashes_2010_2019_MPO,2016-05-11,2016,35.9962,-86.79721,True,0,0,1,,,,,,,,
101191972,Crashes_2010_2019_MPO,2016-05-11,2016,35.99922,-86.80923,True,0,0,0,,,,,,,,
101192050,Crashes_2010_2019_MPO,2016-05-11,2016,36.03037,-86.74731,False,0,0,0,,,,,,,,
101192865,Crashes_2010_2019_MPO,2016-05-12,2016,35.96372,-86.68491,False,0,0,0,,,,,,,,
101193327,Crashes_2010_2019_MPO,2016-05-12,2016,35.92945,-86.84102,False,0,0,0,,,,,,,,
101193335,Crashes_2010_2019_MPO,2016-05-12,2016,35.92937,-86.84044,False,0,0,0,,,,,,,,
101193337,Crashes_2010_2019_MPO,2016-05-12,2016,36.025856,-86.789795,True,0,0,0,,,,,,,,
101193326,Crashes_2010_2019_MPO,2016-05-12,2016,35.9462,-86.80805,False,0,0,0,,,,,,,,
101192802,Crashes_2010_2019_MPO,2016-05-12,2016,35.97653,-86.76591,True,0,0,0,,,,,,,,
101193400,Crashes_2010_2019_MPO,2016-05-12,2016,36.05135,-86.68912,False,0,0,0,,,,,,,,
101193456,Crashes_2010_2019_MPO,2016-05-12,2016,36.02177,-86.69904,False,0,0,0,,,,,,,,
101193365,Crashes_2010_2019_MPO,2016-05-12,2016,36.03073,-86.70635,False,0,0,0,,,,,,,,
101192928,Crashes_2010_2019_MPO,2016-05-12,2016,36.05059,-86.87765,False,0,0,0,,,,,,,,
101195295,Crashes_2010_2019_MPO,2016-05-12,2016,35.96681,-86.81119,True,0,0,0,,,,,,,,
101193230,Crashes_2010_2019_MPO,2016-05-12,2016,35.92832,-86.76739,False,0,0,0,,,,,,,,
101192713,Crashes_2010_2019_MPO,2016-05-12,2016,35.94733,-86.81104,False,0,0,0,,,,,,,,
101192748,Crashes_2010_2019_MPO,2016-05-12,2016,35.966168,-86.77245,True,0,0,0,,,,,,,,
101192852,Crashes_2010_2019_MPO,2016-05-12,2016,36.04561,-86.71976,False,0,0,0,,,,,,,,
101194302,Crashes_2010_2019_MPO,2016-05-13,2016,36.04214,-86.77845,False,0,0,0,,,,,,,,
101197144,Crashes_2010_2019_MPO,2016-05-13,2016,35.9938,-86.79804,True,0,0,0,,,,,,,,
101194100,Crashes_2010_2019_MPO,2016-05-13,2016,36.01614,-86.78587,True,0,0,0,,,,,,,,
101194067,Crashes_2010_2019_MPO,2016-05-13,2016,35.98439,-86.72434,True,0,1,0,,,,,,,,
101194168,Crashes_2010_2019_MPO,2016-05-13,2016,35.94675,-86.85145,False,0,0,0,,,,,,,,
101196966,Crashes_2010_2019_MPO,2016-05-13,2016,36.01775,-86.78659,True,0,0,0,,,,,,,,
101194918,Crashes_2010_2019_MPO,2016-05-13,2016,35.94137,-86.83791,False,0,0,0,,,,,,,,
101194070,Crashes_2010_2019_MPO,2016-05-13,2016,36.05128,-86.71429,False,0,0,0,,,,,,,,
101193668,Crashes_2010_2019_MPO,2016-05-13,2016,36.03834,-86.8026,False,0,0,0,,,,,,,,