record_no,source_layer,collision_ts,crash_year,latitude,longitude,in_city,fatalities,non_motorists,truck_involved,serious_injuries,pedestrian,bicycle,crash_type,manner_of_collision,lighting,weather,first_harmful_event
101193950,Crashes_2010_2019_MPO,2016-05-13,2016,36.00931,-86.72607,True,0,0,0,,,,,,,,
101194082,Crashes_2010_2019_MPO,2016-05-13,2016,35.94782,-86.81975,False,0,0,0,,,,,,,,
101194166,Crashes_2010_2019_MPO,2016-05-13,2016,36.00257,-86.80748,True,0,0,0,,,,,,,,
101194239,Crashes_2010_2019_MPO,2016-05-13,2016,36.04617,-86.87366,False,0,0,0,,,,,,,,
101196225,Crashes_2010_2019_MPO,2016-05-14,2016,35.96791,-86.81837,True,0,0,0,,,,,,,,
101196226,Crashes_2010_2019_MPO,2016-05-14,2016,35.96667,-86.81368,True,0,0,0,,,,,,,,
101194759,Crashes_2010_2019_MPO,2016-05-14,2016,36.03291,-86.785267,True,0,0,0,,,,,,,,
101194763,Crashes_2010_2019_MPO,2016-05-14,2016,36.01659,-86.68123,False,0,0,0,,,,,,,,
101194867,Crashes_2010_2019_MPO,2016-05-14,2016,36.00476,-86.70375,False,0,0,0,,,,,,,,
101210122,Crashes_2010_2019_MPO,2016-05-14,2016,36.0322,-86.76505,False,0,0,0,,,,,,,,
101194883,Crashes_2010_2019_MPO,2016-05-14,2016,36.05387,-86.85747,False,0,0,0,,,,,,,,
101194401,Crashes_2010_2019_MPO,2016-05-14,2016,36.029546,-86.796355,True,0,0,0,,,,,,,,
101195392,Crashes_2010_2019_MPO,2016-05-15,2016,36.029646,-86.79127,True,0,0,0,,,,,,,,
101195159,Crashes_2010_2019_MPO,2016-05-15,2016,36.04545,-86.704,False,0,0,0,,,,,,,,
101195444,Crashes_2010_2019_MPO,2016-05-15,2016,36.04039,-86.76932,False,0,0,0,,,,,,,,
101197489,Crashes_2010_2019_MPO,2016-05-15,2016,36.03991,-86.74205,False,0,0,0,,,,,,,,
101195066,Crashes_2010_2019_MPO,2016-05-15,2016,35.94713,-86.82163,False,0,0,0,,,,,,,,
101196744,Crashes_2010_2019_MPO,2016-05-15,2016,36.05062,-86.72565,False,0,0,0,,,,,,,,
101208384,Crashes_2010_2019_MPO,2016-05-15,2016,36.04072,-86.74585,False,0,0,0,,,,,,,,
101208270,Crashes_2010_2019_MPO,2016-05-15,2016,36.04543,-86.71256,False,0,0,0,,,,,,,,
101230612,Crashes_2010_2019_MPO,2016-05-16,2016,36.03716,-86.78308,False,0,0,0,,,,,,,,
101195786,Crashes_2010_2019_MPO,2016-05-16,2016,35.92907,-86.84991,False,0,0,0,,,,,,,,
101196859,Crashes_2010_2019_MPO,2016-05-16,2016,36.0401,-86.7444,False,0,0,0,,,,,,,,
101196021,Crashes_2010_2019_MPO,2016-05-16,2016,35.96681,-86.81119,True,0,0,0,,,,,,,,
101196299,Crashes_2010_2019_MPO,2016-05-16,2016,35.98381,-86.67901,False,0,0,0,,,,,,,,
101195894,Crashes_2010_2019_MPO,2016-05-16,2016,35.94782,-86.81975,False,0,0,0,,,,,,,,
101196134,Crashes_2010_2019_MPO,2016-05-16,2016,36.05248,-86.68435,False,0,0,0,,,,,,,,
101196093,Crashes_2010_2019_MPO,2016-05-16,2016,35.94722,-86.82087,False,0,0,0,,,,,,,,
101196118,Crashes_2010_2019_MPO,2016-05-16,2016,36.02234,-86.68061,False,0,0,0,,,,,,,,
101196035,Crashes_2010_2019_MPO,2016-05-16,2016,36.03751,-86.79161,False,0,0,0,,,,,,,,
101195787,Crashes_2010_2019_MPO,2016-05-16,2016,35.93465,-86.86087,False,0,0,0,,,,,,,,
101196083,Crashes_2010_2019_MPO,2016-05-16,2016,35.93975,-86.87948,False,0,0,0,,,,,,,,
101195851,Crashes_2010_2019_MPO,2016-05-16,2016,36.03956,-86.7817,False,0,0,0,,,,,,,,
101207577,Crashes_2010_2019_MPO,2016-05-16,2016,36.04226,-86.78226,False,0,0,0,,,,,,,,
101196185,Crashes_2010_2019_MPO,2016-05-16,2016,36.05311,-86.71088,False,0,0,0,,,,,,,,
101196081,Crashes_2010_2019_MPO,2016-05-16,2016,35.94774,-86.81927,False,0,0,0,,,,,,,,
101196099,Crashes_2010_2019_MPO,2016-05-16,2016,36.03922,-86.81648,True,0,0,0,,,,,,,,
101196241,Crashes_2010_2019_MPO,2016-05-16,2016,35.95041,-86.81869,False,0,0,0,,,,,,,,
101196759,Crashes_2010_2019_MPO,2016-05-17,2016,35.96596,-86.80395,True,0,0,0,,,,,,,,
101196398,Crashes_2010_2019_MPO,2016-05-17,2016,36.04472,-86.70176,False,0,0,0,,,,,,,,
101196461,Crashes_2010_2019_MPO,2016-05-17,2016,36.04,-86.78266,False,0,0,0,,,,,,,,
101196860,Crashes_2010_2019_MPO,2016-05-17,2016,36.03225,-86.75725,False,0,0,0,,,,,,,,
101196515,Crashes_2010_2019_MPO,2016-05-17,2016,36.04007,-86.78265,False,0,0,0,,,,,,,,
101196402,Crashes_2010_2019_MPO,2016-05-17,2016,35.9912,-86.68348,False,0,0,0,,,,,,,,
101196757,Crashes_2010_2019_MPO,2016-05-17,2016,35.98524,-86.72912,True,0,0,0,,,,,,,,
101196618,Crashes_2010_2019_MPO,2016-05-17,2016,36.00684,-86.80518,True,0,0,0,,,,,,,,
101196385,Crashes_2010_2019_MPO,2016-05-17,2016,35.94838,-86.80772,False,0,0,0,,,,,,,,
101196526,Crashes_2010_2019_MPO,2016-05-17,2016,36.037435,-86.798702,True,0,0,0,,,,,,,,
101196830,Crashes_2010_2019_MPO,2016-05-17,2016,35.92609,-86.87139,False,0,0,0,,,,,,,,
101196843,Crashes_2010_2019_MPO,2016-05-17,2016,36.04729,-86.71349,False,0,0,0,,,,,,,,
101196773,Crashes_2010_2019_MPO,2016-05-17,2016,35.97167,-86.81042,True,0,0,0,,,,,,,,
101196558,Crashes_2010_2019_MPO,2016-05-17,2016,36.02442,-86.74237,False,0,0,0,,,,,,,,
101196817,Crashes_2010_2019_MPO,2016-05-17,2016,36.033138,-86.777054,True,0,0,0,,,,,,,,
101196323,Crashes_2010_2019_MPO,2016-05-17,2016,35.99417,-86.76398,True,0,0,0,,,,,,,,
101196501,Crashes_2010_2019_MPO,2016-05-17,2016,36.04527,-86.70118,False,0,0,0,,,,,,,,
101196351,Crashes_2010_2019_MPO,2016-05-17,2016,36.03998,-86.7813,False,0,0,0,,,,,,,,
101197462,Crashes_2010_2019_MPO,2016-05-17,2016,35.95724,-86.81622,False,0,0,0,,,,,,,,
101196482,Crashes_2010_2019_MPO,2016-05-17,2016,35.97061,-86.72598,True,0,0,0,,,,,,,,
101196394,Crashes_2010_2019_MPO,2016-05-17,2016,36.034075,-86.801523,True,0,0,0,,,,,,,,
101196752,Crashes_2010_2019_MPO,2016-05-17,2016,36.031663,-86.788218,True,0,0,0,,,,,,,,
101197448,Crashes_2010_2019_MPO,2016-05-18,2016,36.04805,-86.69042,False,0,0,0,,,,,,,,
101197087,Crashes_2010_2019_MPO,2016-05-18,2016,36.03792,-86.78645,False,0,0,0,,,,,,,,
101207879,Crashes_2010_2019_MPO,2016-05-18,2016,35.96035,-86.81559,False,0,0,0,,,,,,,,
101197346,Crashes_2010_2019_MPO,2016-05-18,2016,35.94653,-86.85081,False,0,0,0,,,,,,,,
101207880,Crashes_2010_2019_MPO,2016-05-18,2016,35.93191,-86.79441,False,0,0,0,,,,,,,,
101197104,Crashes_2010_2019_MPO,2016-05-18,2016,36.01108,-86.70269,False,0,0,0,,,,,,,,
101197127,Crashes_2010_2019_MPO,2016-05-18,2016,36.03102,-86.73563,False,0,0,0,,,,,,,,
101197370,Crashes_2010_2019_MPO,2016-05-18,2016,35.96532,-86.82051,True,0,0,0,,,,,,,,
101207881,Crashes_2010_2019_MPO,2016-05-18,2016,35.92537,-86.87293,False,0,0,0,,,,,,,,
101197310,Crashes_2010_2019_MPO,2016-05-18,2016,35.97692,-86.84025,False,0,0,0,,,,,,,,
101207822,Crashes_2010_2019_MPO,2016-05-18,2016,36.034074,-86.7879,True,0,0,0,,,,,,,,
101207578,Crashes_2010_2019_MPO,2016-05-18,2016,36.03725,-86.7866,False,0,0,0,,,,,,,,
101197469,Crashes_2010_2019_MPO,2016-05-18,2016,35.9584,-86.80226,False,0,0,0,,,,,,,,
101208188,Crashes_2010_2019_MPO,2016-05-19,2016,36.01138,-86.7493,True,0,0,0,,,,,,,,
101207696,Crashes_2010_2019_MPO,2016-05-19,2016,36.01402,-86.72006,False,0,0,0,,,,,,,,
101230853,Crashes_2010_2019_MPO,2016-05-19,2016,36.04699,-86.68127,False,0,0,0,,,,,,,,
101208187,Crashes_2010_2019_MPO,2016-05-19,2016,35.98997,-86.74463,True,0,0,0,,,,,,,,
101208146,Crashes_2010_2019_MPO,2016-05-19,2016,36.04003,-86.74381,False,0,0,0,,,,,,,,
101208151,Crashes_2010_2019_MPO,2016-05-19,2016,35.96499,-86.72751,True,0,0,0,,,,,,,,
101232064,Crashes_2010_2019_MPO,2016-05-19,2016,36.036119,-86.794843,True,0,0,0,,,,,,,,
101207772,Crashes_2010_2019_MPO,2016-05-19,2016,36.03805,-86.78416,False,0,0,0,,,,,,,,
101207771,Crashes_2010_2019_MPO,2016-05-19,2016,36.04059,-86.77107,False,0,0,0,,,,,,,,
101207806,Crashes_2010_2019_MPO,2016-05-19,2016,35.994412,-86.807819,True,0,0,0,,,,,,,,
101207967,Crashes_2010_2019_MPO,2016-05-19,2016,36.0294,-86.7837,True,0,0,0,,,,,,,,
101208240,Crashes_2010_2019_MPO,2016-05-19,2016,36.04137,-86.77976,False,0,0,0,,,,,,,,
101207770,Crashes_2010_2019_MPO,2016-05-19,2016,36.05155,-86.74321,False,0,0,0,,,,,,,,
101207876,Crashes_2010_2019_MPO,2016-05-19,2016,35.9522,-86.81875,False,0,0,0,,,,,,,,
101207825,Crashes_2010_2019_MPO,2016-05-19,2016,36.0305,-86.7836,True,0,0,0,,,,,,,,
101208673,Crashes_2010_2019_MPO,2016-05-20,2016,35.93496,-86.77682,False,0,0,0,,,,,,,,
101209816,Crashes_2010_2019_MPO,2016-05-20,2016,35.94616,-86.80856,False,0,0,0,,,,,,,,
101232193,Crashes_2010_2019_MPO,2016-05-20,2016,36.04064,-86.77149,False,0,0,0,,,,,,,,
101209358,Crashes_2010_2019_MPO,2016-05-20,2016,35.9329,-86.78311,False,0,0,0,,,,,,,,
101208630,Crashes_2010_2019_MPO,2016-05-20,2016,36.04833,-86.77616,False,0,0,0,,,,,,,,
101209744,Crashes_2010_2019_MPO,2016-05-20,2016,35.94055,-86.83309,False,0,0,0,,,,,,,,
101233076,Crashes_2010_2019_MPO,2016-05-20,2016,36.03115,-86.75165,False,0,0,0,,,,,,,,
101208953,Crashes_2010_2019_MPO,2016-05-20,2016,35.966,-86.8064,True,0,0,0,,,,,,,,
101208739,Crashes_2010_2019_MPO,2016-05-20,2016,35.96518,-86.80029,True,0,0,0,,,,,,,,
101208405,Crashes_2010_2019_MPO,2016-05-20,2016,36.03972,-86.7827,False,0,0,0,,,,,,,,
101208628,Crashes_2010_2019_MPO,2016-05-20,2016,36.03735,-86.78712,False,0,0,0,,,,,,,,
101208976,Crashes_2010_2019_MPO,2016-05-20,2016,36.04545,-86.71237,False,0,0,0,,,,,,,,
101208702,Crashes_2010_2019_MPO,2016-05-20,2016,36.03256,-86.7687,False,0,0,0,,,,,,,,
101208513,Crashes_2010_2019_MPO,2016-05-20,2016,36.01727,-86.74635,True,0,0,0,,,,,,,,
101208977,Crashes_2010_2019_MPO,2016-05-20,2016,36.04459,-86.68689,False,0,0,0,,,,,,,,
101208838,Crashes_2010_2019_MPO,2016-05-20,2016,35.9449,-86.80899,False,0,0,0,,,,,,,,
101208954,Crashes_2010_2019_MPO,2016-05-20,2016,35.99578,-86.78176,True,0,0,0,,,,,,,,
101209743,Crashes_2010_2019_MPO,2016-05-20,2016,35.92644,-86.82477,False,0,0,0,,,,,,,,
101232073,Crashes_2010_2019_MPO,2016-05-20,2016,36.03055,-86.74498,False,0,0,0,,,,,,,,
101208368,Crashes_2010_2019_MPO,2016-05-20,2016,36.05481,-86.67908,False,0,0,0,,,,,,,,
101208459,Crashes_2010_2019_MPO,2016-05-20,2016,36.04054,-86.78259,False,0,0,0,,,,,,,,
101208591,Crashes_2010_2019_MPO,2016-05-20,2016,36.037272,-86.8002,True,0,0,0,,,,,,,,
101208935,Crashes_2010_2019_MPO,2016-05-20,2016,35.96495,-86.72805,True,0,0,0,,,,,,,,
101209618,Crashes_2010_2019_MPO,2016-05-20,2016,35.97819,-86.82357,True,0,0,0,,,,,,,,
101209035,Crashes_2010_2019_MPO,2016-05-20,2016,36.05074,-86.87911,False,0,0,0,,,,,,,,
101208488,Crashes_2010_2019_MPO,2016-05-20,2016,36.034327,-86.791585,True,0,0,0,,,,,,,,
101208474,Crashes_2010_2019_MPO,2016-05-20,2016,36.033144,-86.786403,True,0,0,0,,,,,,,,
101209533,Crashes_2010_2019_MPO,2016-05-21,2016,35.9622,-86.81596,True,0,0,0,,,,,,,,
101209812,Crashes_2010_2019_MPO,2016-05-21,2016,36.02193,-86.7951,True,0,0,0,,,,,,,,
101232759,Crashes_2010_2019_MPO,2016-05-21,2016,36.04648,-86.71339,False,0,0,0,,,,,,,,
101209757,Crashes_2010_2019_MPO,2016-05-21,2016,35.99731,-86.79471,True,0,0,0,,,,,,,,
101231361,Crashes_2010_2019_MPO,2016-05-21,2016,36.02181,-86.87548,False,0,0,0,,,,,,,,
101231366,Crashes_2010_2019_MPO,2016-05-22,2016,35.97725,-86.85383,False,0,0,0,,,,,,,,
101210188,Crashes_2010_2019_MPO,2016-05-22,2016,36.02176,-86.70526,False,0,0,0,,,,,,,,
101231465,Crashes_2010_2019_MPO,2016-05-22,2016,35.92964,-86.85293,False,0,0,0,,,,,,,,
101210278,Crashes_2010_2019_MPO,2016-05-22,2016,36.04474,-86.75286,False,0,0,0,,,,,,,,
101232459,Crashes_2010_2019_MPO,2016-05-22,2016,35.94699,-86.81153,False,0,0,0,,,,,,,,
101210270,Crashes_2010_2019_MPO,2016-05-22,2016,36.03352,-86.71298,False,0,0,0,,,,,,,,
101230572,Crashes_2010_2019_MPO,2016-05-23,2016,35.99643,-86.78798,True,0,0,0,,,,,,,,
101230544,Crashes_2010_2019_MPO,2016-05-23,2016,35.99782,-86.79661,True,0,0,0,,,,,,,,
101230570,Crashes_2010_2019_MPO,2016-05-23,2016,35.96693,-86.81359,True,0,0,0,,,,,,,,
101230900,Crashes_2010_2019_MPO,2016-05-23,2016,36.04744,-86.71351,False,0,0,0,,,,,,,,
101234993,Crashes_2010_2019_MPO,2016-05-23,2016,36.03991,-86.74207,False,0,0,0,,,,,,,,
101230556,Crashes_2010_2019_MPO,2016-05-23,2016,35.99381,-86.76074,True,0,0,0,,,,,,,,
101232670,Crashes_2010_2019_MPO,2016-05-23,2016,36.033047,-86.788794,True,0,0,0,,,,,,,,
101230894,Crashes_2010_2019_MPO,2016-05-23,2016,35.93593,-86.82372,False,0,0,0,,,,,,,,
101230527,Crashes_2010_2019_MPO,2016-05-23,2016,35.95775,-86.80259,False,0,0,0,,,,,,,,
101230895,Crashes_2010_2019_MPO,2016-05-23,2016,36.0205,-86.78268,True,0,0,0,,,,,,,,
101230766,Crashes_2010_2019_MPO,2016-05-23,2016,35.99291,-86.81254,True,0,0,0,,,,,,,,
101230870,Crashes_2010_2019_MPO,2016-05-23,2016,35.93215,-86.79441,False,0,0,0,,,,,,,,
101230585,Crashes_2010_2019_MPO,2016-05-23,2016,35.93446,-86.81991,False,0,0,0,,,,,,,,
101231333,Crashes_2010_2019_MPO,2016-05-24,2016,35.99922,-86.80923,True,0,0,0,,,,,,,,
101233984,Crashes_2010_2019_MPO,2016-05-24,2016,36.04001,-86.74348,False,0,0,0,,,,,,,,
101231664,Crashes_2010_2019_MPO,2016-05-24,2016,36.01216,-86.70404,False,0,0,0,,,,,,,,
101231606,Crashes_2010_2019_MPO,2016-05-24,2016,36.05367,-86.71492,False,0,0,0,,,,,,,,
101231369,Crashes_2010_2019_MPO,2016-05-24,2016,36.03671,-86.79087,True,0,0,0,,,,,,,,
101231562,Crashes_2010_2019_MPO,2016-05-24,2016,36.04537,-86.71326,False,0,0,0,,,,,,,,
101231168,Crashes_2010_2019_MPO,2016-05-24,2016,36.01286,-86.80081,True,0,0,0,,,,,,,,
101231435,Crashes_2010_2019_MPO,2016-05-24,2016,36.00975,-86.70181,False,0,0,0,,,,,,,,
101231990,Crashes_2010_2019_MPO,2016-05-24,2016,36.04542,-86.71266,False,0,0,0,,,,,,,,
101231544,Crashes_2010_2019_MPO,2016-05-24,2016,35.9967,-86.81058,True,0,0,0,,,,,,,,
101231324,Crashes_2010_2019_MPO,2016-05-24,2016,35.95078,-86.80672,False,0,0,0,,,,,,,,
101231823,Crashes_2010_2019_MPO,2016-05-24,2016,35.96595,-86.80315,True,0,0,0,,,,,,,,
101231257,Crashes_2010_2019_MPO,2016-05-24,2016,35.93557,-86.82364,False,0,0,0,,,,,,,,
101231571,Crashes_2010_2019_MPO,2016-05-24,2016,36.04513,-86.68592,False,0,0,0,,,,,,,,
101231436,Crashes_2010_2019_MPO,2016-05-24,2016,36.04821,-86.7067,False,0,0,0,,,,,,,,
101232117,Crashes_2010_2019_MPO,2016-05-25,2016,35.95808,-86.81637,False,0,0,0,,,,,,,,
101232245,Crashes_2010_2019_MPO,2016-05-25,2016,35.96798,-86.81833,True,0,0,0,,,,,,,,
101231911,Crashes_2010_2019_MPO,2016-05-25,2016,35.99756,-86.79466,True,0,0,0,,,,,,,,
101232284,Crashes_2010_2019_MPO,2016-05-25,2016,36.03256,-86.7687,False,0,0,0,,,,,,,,
101232036,Crashes_2010_2019_MPO,2016-05-25,2016,36.025466,-86.790041,True,0,0,0,,,,,,,,
101231784,Crashes_2010_2019_MPO,2016-05-25,2016,36.05275,-86.68631,False,0,0,0,,,,,,,,
101232124,Crashes_2010_2019_MPO,2016-05-25,2016,36.03991,-86.78098,False,0,0,0,,,,,,,,
101234950,Crashes_2010_2019_MPO,2016-05-25,2016,35.96133,-86.81226,False,0,0,0,,,,,,,,
101232690,Crashes_2010_2019_MPO,2016-05-25,2016,36.03307,-86.78195,True,0,0,0,,,,,,,,
101232144,Crashes_2010_2019_MPO,2016-05-25,2016,36.04001,-86.74347,False,0,0,0,,,,,,,,
101232488,Crashes_2010_2019_MPO,2016-05-25,2016,36.03047,-86.74398,False,0,0,0,,,,,,,,
101232306,Crashes_2010_2019_MPO,2016-05-25,2016,36.0374,-86.78657,False,0,0,0,,,,,,,,
101233632,Crashes_2010_2019_MPO,2016-05-25,2016,36.03899,-86.78258,False,0,0,0,,,,,,,,
101233049,Crashes_2010_2019_MPO,2016-05-25,2016,35.96333,-86.80859,False,0,0,0,,,,,,,,
101233077,Crashes_2010_2019_MPO,2016-05-26,2016,36.03183,-86.74384,False,0,0,0,,,,,,,,
101232644,Crashes_2010_2019_MPO,2016-05-26,2016,36.035856,-86.816988,True,0,0,0,,,,,,,,
101232773,Crashes_2010_2019_MPO,2016-05-26,2016,35.93295,-86.78268,False,0,0,0,,,,,,,,
101232946,Crashes_2010_2019_MPO,2016-05-26,2016,35.97709,-86.7629,True,0,0,0,,,,,,,,
101232626,Crashes_2010_2019_MPO,2016-05-26,2016,36.0374,-86.78657,False,0,0,0,,,,,,,,
101233109,Crashes_2010_2019_MPO,2016-05-26,2016,35.96683,-86.81135,True,0,0,0,,,,,,,,
101236204,Crashes_2010_2019_MPO,2016-05-26,2016,35.97716,-86.87622,False,0,0,0,,,,,,,,
101232745,Crashes_2010_2019_MPO,2016-05-26,2016,36.04315,-86.71301,False,0,0,0,,,,,,,,
101232968,Crashes_2010_2019_MPO,2016-05-26,2016,35.9608,-86.8131,False,0,0,0,,,,,,,,
101232993,Crashes_2010_2019_MPO,2016-05-26,2016,36.04059,-86.77107,False,0,0,0,,,,,,,,
101233022,Crashes_2010_2019_MPO,2016-05-26,2016,35.95061,-86.81878,False,0,0,0,,,,,,,,
101232722,Crashes_2010_2019_MPO,2016-05-26,2016,35.93212,-86.79398,False,0,0,0,,,,,,,,
101232862,Crashes_2010_2019_MPO,2016-05-26,2016,35.96681,-86.81119,True,0,0,0,,,,,,,,
101232900,Crashes_2010_2019_MPO,2016-05-26,2016,35.99734,-86.79486,True,0,0,0,,,,,,,,
101233042,Crashes_2010_2019_MPO,2016-05-26,2016,35.99618,-86.78577,True,0,0,0,,,,,,,,
101232954,Crashes_2010_2019_MPO,2016-05-26,2016,35.95524,-86.84497,False,0,0,0,,,,,,,,
101232969,Crashes_2010_2019_MPO,2016-05-26,2016,35.96492,-86.81397,False,0,0,0,,,,,,,,
101232526,Crashes_2010_2019_MPO,2016-05-26,2016,36.0398,-86.78146,False,0,0,0,,,,,,,,
101233740,Crashes_2010_2019_MPO,2016-05-27,2016,36.03986,-86.78104,False,0,0,0,,,,,,,,
101233674,Crashes_2010_2019_MPO,2016-05-27,2016,36.04552,-86.71169,False,0,0,0,,,,,,,,
101233624,Crashes_2010_2019_MPO,2016-05-27,2016,35.95846,-86.8315,False,0,0,0,,,,,,,,
101234306,Crashes_2010_2019_MPO,2016-05-27,2016,35.93562,-86.82387,False,0,0,0,,,,,,,,
101233266,Crashes_2010_2019_MPO,2016-05-27,2016,35.95834,-86.80203,False,0,0,0,,,,,,,,
101234307,Crashes_2010_2019_MPO,2016-05-27,2016,35.94172,-86.82131,False,0,0,0,,,,,,,,
101233374,Crashes_2010_2019_MPO,2016-05-27,2016,35.93191,-86.79441,False,0,0,0,,,,,,,,
101234308,Crashes_2010_2019_MPO,2016-05-27,2016,35.96132,-86.81211,False,0,0,0,,,,,,,,
101233635,Crashes_2010_2019_MPO,2016-05-27,2016,35.96244,-86.69365,False,0,0,0,,,,,,,,
101233403,Crashes_2010_2019_MPO,2016-05-27,2016,36.02547,-86.71305,False,0,0,0,,,,,,,,
101233627,Crashes_2010_2019_MPO,2016-05-27,2016,36.031738,-86.789583,True,0,0,0,,,,,,,,
101233339,Crashes_2010_2019_MPO,2016-05-27,2016,35.97709,-86.7629,True,0,0,0,,,,,,,,
101233650,Crashes_2010_2019_MPO,2016-05-27,2016,36.02499,-86.71301,False,0,0,0,,,,,,,,
101233286,Crashes_2010_2019_MPO,2016-05-27,2016,36.04755,-86.86359,False,0,0,0,,,,,,,,
101233419,Crashes_2010_2019_MPO,2016-05-27,2016,35.97709,-86.7629,True,0,0,0,,,,,,,,
101233687,Crashes_2010_2019_MPO,2016-05-27,2016,36.04306,-86.6901,False,0,0,0,,,,,,,,
101235535,Crashes_2010_2019_MPO,2016-05-28,2016,35.956,-86.84807,False,0,0,0,,,,,,,,
101234309,Crashes_2010_2019_MPO,2016-05-28,2016,35.94175,-86.82119,False,0,0,0,,,,,,,,
101234543,Crashes_2010_2019_MPO,2016-05-28,2016,36.05151,-86.71436,False,0,0,0,,,,,,,,
101234391,Crashes_2010_2019_MPO,2016-05-28,2016,36.02814,-86.67827,False,0,0,0,,,,,,,,
101236829,Crashes_2010_2019_MPO,2016-05-28,2016,36.0399,-86.71278,False,0,0,0,,,,,,,,
101234901,Crashes_2010_2019_MPO,2016-05-29,2016,36.04454,-86.68698,False,0,0,0,,,,,,,,
101235073,Crashes_2010_2019_MPO,2016-05-29,2016,36.04245,-86.71294,False,0,0,0,,,,,,,,
101235158,Crashes_2010_2019_MPO,2016-05-29,2016,36.04695,-86.72635,False,0,0,0,,,,,,,,
101237074,Crashes_2010_2019_MPO,2016-05-30,2016,36.04117,-86.77655,False,0,0,0,,,,,,,,
101237714,Crashes_2010_2019_MPO,2016-05-30,2016,36.04537,-86.71326,False,0,0,0,,,,,,,,
101235440,Crashes_2010_2019_MPO,2016-05-30,2016,36.04548,-86.71208,False,0,0,0,,,,,,,,
101236498,Crashes_2010_2019_MPO,2016-05-30,2016,35.97876,-86.77107,True,0,0,0,,,,,,,,
101236060,Crashes_2010_2019_MPO,2016-05-30,2016,36.05088,-86.69822,False,0,0,0,,,,,,,,
101235867,Crashes_2010_2019_MPO,2016-05-30,2016,36.03555,-86.71336,False,0,0,0,,,,,,,,
101235351,Crashes_2010_2019_MPO,2016-05-30,2016,36.0394,-86.7192,False,0,0,0,,,,,,,,
101236484,Crashes_2010_2019_MPO,2016-05-31,2016,35.92366,-86.86782,False,0,0,0,,,,,,,,
101236621,Crashes_2010_2019_MPO,2016-05-31,2016,35.93562,-86.82387,False,0,0,0,,,,,,,,
101271220,Crashes_2010_2019_MPO,2016-05-31,2016,36.0453,-86.70168,False,1,0,0,,,,,,,,
101236115,Crashes_2010_2019_MPO,2016-05-31,2016,36.03832,-86.78631,False,0,0,0,,,,,,,,
101236447,Crashes_2010_2019_MPO,2016-05-31,2016,35.94765,-86.81971,False,0,0,0,,,,,,,,
101236080,Crashes_2010_2019_MPO,2016-05-31,2016,36.0374,-86.78657,False,0,0,0,,,,,,,,
101236897,Crashes_2010_2019_MPO,2016-05-31,2016,35.94183,-86.82196,False,0,0,0,,,,,,,,
101235956,Crashes_2010_2019_MPO,2016-05-31,2016,36.04956,-86.71382,False,0,0,0,,,,,,,,
101236260,Crashes_2010_2019_MPO,2016-05-31,2016,36.04543,-86.70361,False,0,0,0,,,,,,,,
101236134,Crashes_2010_2019_MPO,2016-05-31,2016,35.97102,-86.67835,False,0,0,0,,,,,,,,
101236631,Crashes_2010_2019_MPO,2016-05-31,2016,35.93365,-86.81637,False,0,0,0,,,,,,,,
101236305,Crashes_2010_2019_MPO,2016-05-31,2016,36.04753,-86.7761,False,0,0,0,,,,,,,,
101236076,Crashes_2010_2019_MPO,2016-05-31,2016,35.92407,-86.86956,False,0,0,0,,,,,,,,
101236214,Crashes_2010_2019_MPO,2016-05-31,2016,35.97334,-86.83305,True,0,0,0,,,,,,,,
101236241,Crashes_2010_2019_MPO,2016-05-31,2016,35.92387,-86.87864,False,0,0,0,,,,,,,,
101236254,Crashes_2010_2019_MPO,2016-05-31,2016,35.95643,-86.84402,False,0,0,0,,,,,,,,
101237396,Crashes_2010_2019_MPO,2016-05-31,2016,36.04526,-86.71704,False,0,0,0,,,,,,,,
101236598,Crashes_2010_2019_MPO,2016-06-01,2016,36.04026,-86.8164,False,0,0,0,,,,,,,,
101236566,Crashes_2010_2019_MPO,2016-06-01,2016,36.04088,-86.81869,False,0,0,0,,,,,,,,
101236521,Crashes_2010_2019_MPO,2016-06-01,2016,36.04366,-86.68853,False,0,0,0,,,,,,,,
101237471,Crashes_2010_2019_MPO,2016-06-01,2016,36.03431,-86.68272,False,0,0,0,,,,,,,,
101236828,Crashes_2010_2019_MPO,2016-06-01,2016,35.98071,-86.81865,True,0,0,0,,,,,,,,
101236593,Crashes_2010_2019_MPO,2016-06-01,2016,35.96428,-86.78667,True,0,0,0,,,,,,,,
101236554,Crashes_2010_2019_MPO,2016-06-01,2016,36.04114,-86.77621,False,0,0,0,,,,,,,,
101236807,Crashes_2010_2019_MPO,2016-06-01,2016,35.96681,-86.81119,True,0,0,0,,,,,,,,
101236914,Crashes_2010_2019_MPO,2016-06-01,2016,36.04561,-86.71977,False,0,0,0,,,,,,,,
101236901,Crashes_2010_2019_MPO,2016-06-01,2016,36.01323,-86.73868,True,0,0,0,,,,,,,,
101237232,Crashes_2010_2019_MPO,2016-06-01,2016,36.02547,-86.71305,False,0,0,0,,,,,,,,
101236812,Crashes_2010_2019_MPO,2016-06-01,2016,35.97776,-86.80359,True,0,0,0,,,,,,,,
101236905,Crashes_2010_2019_MPO,2016-06-01,2016,35.96716,-86.81351,True,0,0,0,,,,,,,,
101237582,Crashes_2010_2019_MPO,2016-06-02,2016,35.96868,-86.80993,True,0,0,0,,,,,,,,
101237257,Crashes_2010_2019_MPO,2016-06-02,2016,35.92505,-86.87357,False,0,0,0,,,,,,,,
101237455,Crashes_2010_2019_MPO,2016-06-02,2016,36.036167,-86.797942,True,0,0,0,,,,,,,,
101237467,Crashes_2010_2019_MPO,2016-06-02,2016,35.94759,-86.82045,False,0,0,0,,,,,,,,
101237608,Crashes_2010_2019_MPO,2016-06-02,2016,36.0374,-86.78657,False,0,0,0,,,,,,,,
101237634,Crashes_2010_2019_MPO,2016-06-02,2016,35.96677,-86.81094,True,0,0,0,,,,,,,,