record_no,source_layer,collision_ts,crash_year,latitude,longitude,in_city,fatalities,non_motorists,truck_involved,serious_injuries,pedestrian,bicycle,crash_type,manner_of_collision,lighting,weather,first_harmful_event
101237616,Crashes_2010_2019_MPO,2016-06-02,2016,35.92363,-86.86937,False,0,0,0,,,,,,,,
101237622,Crashes_2010_2019_MPO,2016-06-02,2016,35.94019,-86.83646,False,0,0,0,,,,,,,,
101237840,Crashes_2010_2019_MPO,2016-06-02,2016,35.96681,-86.81119,True,0,0,0,,,,,,,,
101237626,Crashes_2010_2019_MPO,2016-06-02,2016,35.94757,-86.81402,False,0,0,0,,,,,,,,
101237451,Crashes_2010_2019_MPO,2016-06-02,2016,35.99616,-86.78558,True,0,0,0,,,,,,,,
101237614,Crashes_2010_2019_MPO,2016-06-02,2016,36.04093,-86.81897,False,0,0,0,,,,,,,,
101238150,Crashes_2010_2019_MPO,2016-06-02,2016,36.03821,-86.8009,False,0,0,0,,,,,,,,
101237278,Crashes_2010_2019_MPO,2016-06-02,2016,36.0412,-86.75029,False,0,0,0,,,,,,,,
101237650,Crashes_2010_2019_MPO,2016-06-02,2016,35.96537,-86.79979,True,0,0,0,,,,,,,,
101237470,Crashes_2010_2019_MPO,2016-06-02,2016,36.03352,-86.71298,False,0,0,0,,,,,,,,
101237615,Crashes_2010_2019_MPO,2016-06-02,2016,35.93466,-86.82072,False,0,0,0,,,,,,,,
101237258,Crashes_2010_2019_MPO,2016-06-02,2016,36.04479,-86.72487,False,0,0,0,,,,,,,,
101238985,Crashes_2010_2019_MPO,2016-06-03,2016,35.92472,-86.87428,False,0,0,0,,,,,,,,
101238984,Crashes_2010_2019_MPO,2016-06-03,2016,35.93589,-86.82373,False,0,0,0,,,,,,,,
101238466,Crashes_2010_2019_MPO,2016-06-03,2016,36.00541,-86.78955,True,0,0,0,,,,,,,,
101238983,Crashes_2010_2019_MPO,2016-06-03,2016,35.94643,-86.80901,False,0,0,0,,,,,,,,
101238476,Crashes_2010_2019_MPO,2016-06-03,2016,36.04543,-86.70361,False,0,0,0,,,,,,,,
101238518,Crashes_2010_2019_MPO,2016-06-03,2016,36.05151,-86.71436,False,0,0,0,,,,,,,,
101238479,Crashes_2010_2019_MPO,2016-06-03,2016,35.95667,-86.81507,False,0,0,0,,,,,,,,
101238475,Crashes_2010_2019_MPO,2016-06-03,2016,36.04545,-86.70403,False,0,0,0,,,,,,,,
101238443,Crashes_2010_2019_MPO,2016-06-03,2016,35.92738,-86.8687,False,0,0,0,,,,,,,,
101237876,Crashes_2010_2019_MPO,2016-06-03,2016,35.94462,-86.81264,False,0,0,0,,,,,,,,
101237883,Crashes_2010_2019_MPO,2016-06-03,2016,35.96599,-86.80461,True,0,0,0,,,,,,,,
101238988,Crashes_2010_2019_MPO,2016-06-04,2016,35.9517,-86.81797,False,0,0,0,,,,,,,,
101243638,Crashes_2010_2019_MPO,2016-06-04,2016,36.03716,-86.78307,False,0,0,0,,,,,,,,
101238729,Crashes_2010_2019_MPO,2016-06-04,2016,36.03487,-86.76872,False,0,0,0,,,,,,,,
101239158,Crashes_2010_2019_MPO,2016-06-04,2016,36.04543,-86.70361,False,0,0,0,,,,,,,,
101238788,Crashes_2010_2019_MPO,2016-06-04,2016,35.96943,-86.80637,True,0,0,0,,,,,,,,
101239023,Crashes_2010_2019_MPO,2016-06-04,2016,35.9912,-86.68348,False,0,0,0,,,,,,,,
101238897,Crashes_2010_2019_MPO,2016-06-04,2016,36.03488,-86.78307,True,0,0,0,,,,,,,,
101238766,Crashes_2010_2019_MPO,2016-06-04,2016,36.04,-86.78266,False,0,0,0,,,,,,,,
101238782,Crashes_2010_2019_MPO,2016-06-04,2016,36.02263,-86.68056,False,0,0,0,,,,,,,,
101238784,Crashes_2010_2019_MPO,2016-06-04,2016,36.04174,-86.78242,False,0,0,0,,,,,,,,
101238759,Crashes_2010_2019_MPO,2016-06-04,2016,35.97009,-86.83575,False,0,0,0,,,,,,,,
101238822,Crashes_2010_2019_MPO,2016-06-04,2016,35.97217,-86.8607,False,0,0,0,,,,,,,,
101239195,Crashes_2010_2019_MPO,2016-06-04,2016,35.95209,-86.81805,False,0,0,0,,,,,,,,
101238995,Crashes_2010_2019_MPO,2016-06-04,2016,36.03225,-86.75725,False,0,0,0,,,,,,,,
101239595,Crashes_2010_2019_MPO,2016-06-05,2016,35.92964,-86.85399,False,0,0,0,,,,,,,,
101239800,Crashes_2010_2019_MPO,2016-06-05,2016,36.04656,-86.6781,False,0,0,0,,,,,,,,
101239669,Crashes_2010_2019_MPO,2016-06-05,2016,35.99539,-86.81126,True,0,0,0,,,,,,,,
101240215,Crashes_2010_2019_MPO,2016-06-05,2016,35.95212,-86.81784,False,0,0,0,,,,,,,,
101239578,Crashes_2010_2019_MPO,2016-06-05,2016,35.96586,-86.80278,True,0,0,0,,,,,,,,
101239695,Crashes_2010_2019_MPO,2016-06-05,2016,36.03243,-86.70816,False,0,0,0,,,,,,,,
101239483,Crashes_2010_2019_MPO,2016-06-05,2016,36.03562,-86.78582,True,0,0,0,,,,,,,,
101239418,Crashes_2010_2019_MPO,2016-06-05,2016,36.04283,-86.72634,False,0,0,0,,,,,,,,
101240414,Crashes_2010_2019_MPO,2016-06-06,2016,35.94587,-86.80663,False,0,0,0,,,,,,,,
101240552,Crashes_2010_2019_MPO,2016-06-06,2016,35.97334,-86.83305,True,0,0,0,,,,,,,,
101240320,Crashes_2010_2019_MPO,2016-06-06,2016,35.99497,-86.77879,True,0,0,0,,,,,,,,
101240283,Crashes_2010_2019_MPO,2016-06-06,2016,35.95595,-86.81611,False,0,0,0,,,,,,,,
101240415,Crashes_2010_2019_MPO,2016-06-06,2016,35.93206,-86.8628,False,0,0,0,,,,,,,,
101240395,Crashes_2010_2019_MPO,2016-06-06,2016,36.0409,-86.77938,False,0,0,0,,,,,,,,
101240021,Crashes_2010_2019_MPO,2016-06-06,2016,36.04479,-86.72487,False,0,0,0,,,,,,,,
101240056,Crashes_2010_2019_MPO,2016-06-06,2016,35.966676,-86.809157,True,0,0,0,,,,,,,,
101240102,Crashes_2010_2019_MPO,2016-06-06,2016,36.03758,-86.80108,True,0,0,0,,,,,,,,
101240055,Crashes_2010_2019_MPO,2016-06-06,2016,36.0203,-86.78703,True,0,0,0,,,,,,,,
101240410,Crashes_2010_2019_MPO,2016-06-06,2016,35.93124,-86.86341,False,0,0,0,,,,,,,,
101240722,Crashes_2010_2019_MPO,2016-06-06,2016,35.93215,-86.79441,False,0,0,0,,,,,,,,
101241310,Crashes_2010_2019_MPO,2016-06-07,2016,36.03352,-86.71298,False,0,0,0,,,,,,,,
101240894,Crashes_2010_2019_MPO,2016-06-07,2016,35.94558,-86.80876,False,0,0,0,,,,,,,,
101240756,Crashes_2010_2019_MPO,2016-06-07,2016,35.96786,-86.81019,True,0,0,0,,,,,,,,
101240805,Crashes_2010_2019_MPO,2016-06-07,2016,35.92866,-86.8242,False,0,0,0,,,,,,,,
101270651,Crashes_2010_2019_MPO,2016-06-07,2016,36.03689,-86.74349,False,0,0,0,,,,,,,,
101240761,Crashes_2010_2019_MPO,2016-06-07,2016,35.997449,-86.794498,True,0,0,0,,,,,,,,
101240667,Crashes_2010_2019_MPO,2016-06-07,2016,36.00734,-86.78788,True,0,0,0,,,,,,,,
101241042,Crashes_2010_2019_MPO,2016-06-07,2016,35.95433,-86.81614,False,0,0,0,,,,,,,,
101240895,Crashes_2010_2019_MPO,2016-06-07,2016,35.94797,-86.81909,False,0,0,0,,,,,,,,
101240707,Crashes_2010_2019_MPO,2016-06-07,2016,36.03896,-86.78265,False,0,0,0,,,,,,,,
101240686,Crashes_2010_2019_MPO,2016-06-07,2016,36.04348,-86.78162,False,0,0,0,,,,,,,,
101241219,Crashes_2010_2019_MPO,2016-06-07,2016,36.038354,-86.815563,True,0,0,0,,,,,,,,
101240885,Crashes_2010_2019_MPO,2016-06-07,2016,35.94688,-86.81178,False,0,0,0,,,,,,,,
101240670,Crashes_2010_2019_MPO,2016-06-07,2016,35.97755,-86.77536,True,0,0,0,,,,,,,,
101241718,Crashes_2010_2019_MPO,2016-06-08,2016,36.00412,-86.78049,True,0,0,0,,,,,,,,
101241625,Crashes_2010_2019_MPO,2016-06-08,2016,35.96431,-86.8018,True,0,0,0,,,,,,,,
101241660,Crashes_2010_2019_MPO,2016-06-08,2016,35.95792,-86.80256,False,0,0,0,,,,,,,,
101241521,Crashes_2010_2019_MPO,2016-06-08,2016,35.94487,-86.82877,False,0,0,0,,,,,,,,
101242184,Crashes_2010_2019_MPO,2016-06-08,2016,35.92553,-86.86825,False,0,0,0,,,,,,,,
101241823,Crashes_2010_2019_MPO,2016-06-08,2016,36.04437,-86.69406,False,0,0,0,,,,,,,,
101241956,Crashes_2010_2019_MPO,2016-06-08,2016,35.99734,-86.79486,True,0,0,0,,,,,,,,
101243276,Crashes_2010_2019_MPO,2016-06-08,2016,36.04306,-86.8427,False,0,0,0,,,,,,,,
101241661,Crashes_2010_2019_MPO,2016-06-08,2016,35.95795,-86.80254,False,0,0,0,,,,,,,,
101243095,Crashes_2010_2019_MPO,2016-06-08,2016,36.04785,-86.81604,False,0,0,0,,,,,,,,
101288134,Crashes_2010_2019_MPO,2016-06-08,2016,36.03977,-86.81498,False,1,0,0,,,,,,,,
101241662,Crashes_2010_2019_MPO,2016-06-08,2016,35.94981,-86.81352,False,0,0,0,,,,,,,,
101241284,Crashes_2010_2019_MPO,2016-06-08,2016,35.9462,-86.80876,False,0,0,0,,,,,,,,
101241540,Crashes_2010_2019_MPO,2016-06-08,2016,36.02574,-86.6998,False,0,0,0,,,,,,,,
101243040,Crashes_2010_2019_MPO,2016-06-08,2016,36.04322,-86.78132,False,0,0,0,,,,,,,,
101242474,Crashes_2010_2019_MPO,2016-06-08,2016,36.0452,-86.70019,False,0,0,0,,,,,,,,
101242290,Crashes_2010_2019_MPO,2016-06-09,2016,36.03367,-86.79855,True,0,0,0,,,,,,,,
101241999,Crashes_2010_2019_MPO,2016-06-09,2016,35.94683,-86.85172,False,0,0,0,,,,,,,,
101241971,Crashes_2010_2019_MPO,2016-06-09,2016,36.01692,-86.7861,True,0,0,0,,,,,,,,
101242068,Crashes_2010_2019_MPO,2016-06-09,2016,35.96449,-86.87451,False,0,0,0,,,,,,,,
101242335,Crashes_2010_2019_MPO,2016-06-09,2016,35.95572,-86.81121,False,0,0,0,,,,,,,,
101242248,Crashes_2010_2019_MPO,2016-06-09,2016,35.94812,-86.6802,False,0,0,0,,,,,,,,
101242364,Crashes_2010_2019_MPO,2016-06-09,2016,35.94487,-86.80257,False,0,0,0,,,,,,,,
101241998,Crashes_2010_2019_MPO,2016-06-09,2016,35.92321,-86.87307,False,0,0,0,,,,,,,,
101245599,Crashes_2010_2019_MPO,2016-06-09,2016,36.03787,-86.78646,False,0,0,0,,,,,,,,
101242365,Crashes_2010_2019_MPO,2016-06-09,2016,36.03317,-86.79582,True,0,0,0,,,,,,,,
101242427,Crashes_2010_2019_MPO,2016-06-09,2016,36.04135,-86.78254,False,0,0,0,,,,,,,,
101243694,Crashes_2010_2019_MPO,2016-06-09,2016,36.04522,-86.71479,False,0,0,0,,,,,,,,
101242044,Crashes_2010_2019_MPO,2016-06-09,2016,35.99551,-86.77887,True,0,0,0,,,,,,,,
101242322,Crashes_2010_2019_MPO,2016-06-09,2016,36.04301,-86.84231,False,0,0,0,,,,,,,,
101242769,Crashes_2010_2019_MPO,2016-06-10,2016,35.96716,-86.81351,True,0,0,0,,,,,,,,
101243159,Crashes_2010_2019_MPO,2016-06-10,2016,36.03764,-86.79334,False,0,0,0,,,,,,,,
101242696,Crashes_2010_2019_MPO,2016-06-10,2016,35.99079,-86.75111,True,0,0,0,,,,,,,,
101243677,Crashes_2010_2019_MPO,2016-06-10,2016,36.03562,-86.78582,True,0,0,0,,,,,,,,
101242929,Crashes_2010_2019_MPO,2016-06-10,2016,35.97421,-86.83225,True,0,0,0,,,,,,,,
101242661,Crashes_2010_2019_MPO,2016-06-10,2016,35.99551,-86.77887,True,0,0,0,,,,,,,,
101242861,Crashes_2010_2019_MPO,2016-06-10,2016,36.03971,-86.75824,False,0,0,0,,,,,,,,
101243058,Crashes_2010_2019_MPO,2016-06-10,2016,35.96677,-86.81091,True,0,0,0,,,,,,,,
101243097,Crashes_2010_2019_MPO,2016-06-10,2016,36.03899,-86.78258,False,0,0,0,,,,,,,,
101242791,Crashes_2010_2019_MPO,2016-06-10,2016,36.01558,-86.73995,False,0,0,0,,,,,,,,
101242721,Crashes_2010_2019_MPO,2016-06-10,2016,35.94687,-86.85168,False,0,0,0,,,,,,,,
101242783,Crashes_2010_2019_MPO,2016-06-10,2016,35.95899,-86.81594,False,0,0,0,,,,,,,,
101244018,Crashes_2010_2019_MPO,2016-06-10,2016,36.04535,-86.70247,False,0,0,0,,,,,,,,
101242988,Crashes_2010_2019_MPO,2016-06-10,2016,35.99734,-86.79486,True,0,0,0,,,,,,,,
101244076,Crashes_2010_2019_MPO,2016-06-11,2016,35.992893,-86.693985,True,0,0,0,,,,,,,,
101244157,Crashes_2010_2019_MPO,2016-06-11,2016,35.99631,-86.78689,True,0,0,0,,,,,,,,
101243875,Crashes_2010_2019_MPO,2016-06-11,2016,36.03663,-86.78684,False,0,0,0,,,,,,,,
101244182,Crashes_2010_2019_MPO,2016-06-11,2016,35.96675,-86.81082,True,0,0,0,,,,,,,,
101243831,Crashes_2010_2019_MPO,2016-06-11,2016,35.93574,-86.82382,False,0,0,0,,,,,,,,
101243777,Crashes_2010_2019_MPO,2016-06-11,2016,36.03522,-86.78691,True,0,0,0,,,,,,,,
101243725,Crashes_2010_2019_MPO,2016-06-11,2016,35.96668,-86.809158,True,0,0,0,,,,,,,,
101243812,Crashes_2010_2019_MPO,2016-06-11,2016,35.993263,-86.753039,True,0,0,0,,,,,,,,
101243830,Crashes_2010_2019_MPO,2016-06-11,2016,35.96198,-86.81518,False,0,0,0,,,,,,,,
101244172,Crashes_2010_2019_MPO,2016-06-11,2016,35.99719,-86.7939,True,0,0,0,,,,,,,,
101243397,Crashes_2010_2019_MPO,2016-06-11,2016,35.95834,-86.87351,False,0,0,0,,,,,,,,
101244413,Crashes_2010_2019_MPO,2016-06-12,2016,35.9623,-86.82585,True,0,0,0,,,,,,,,
101244451,Crashes_2010_2019_MPO,2016-06-12,2016,36.01192,-86.70489,False,0,0,0,,,,,,,,
101244407,Crashes_2010_2019_MPO,2016-06-12,2016,35.99551,-86.77887,True,0,0,0,,,,,,,,
101244431,Crashes_2010_2019_MPO,2016-06-12,2016,36.03797,-86.79777,False,0,0,0,,,,,,,,
101267364,Crashes_2010_2019_MPO,2016-06-12,2016,36.04564,-86.7472,False,0,0,0,,,,,,,,
101244338,Crashes_2010_2019_MPO,2016-06-12,2016,36.02488,-86.69699,False,0,0,0,,,,,,,,
101244262,Crashes_2010_2019_MPO,2016-06-12,2016,36.03822,-86.80113,False,0,0,0,,,,,,,,
101267363,Crashes_2010_2019_MPO,2016-06-12,2016,36.0406,-86.77993,False,0,0,0,,,,,,,,
101267932,Crashes_2010_2019_MPO,2016-06-13,2016,35.95096,-86.70442,False,0,0,0,,,,,,,,
101244876,Crashes_2010_2019_MPO,2016-06-13,2016,36.03736,-86.79099,False,0,0,0,,,,,,,,
101245170,Crashes_2010_2019_MPO,2016-06-13,2016,35.9912,-86.68349,False,0,0,0,,,,,,,,
101245521,Crashes_2010_2019_MPO,2016-06-13,2016,35.95724,-86.81662,False,0,0,0,,,,,,,,
101245073,Crashes_2010_2019_MPO,2016-06-13,2016,35.99643,-86.78798,True,0,0,0,,,,,,,,
101245102,Crashes_2010_2019_MPO,2016-06-13,2016,35.95517,-86.81756,False,0,0,0,,,,,,,,
101245608,Crashes_2010_2019_MPO,2016-06-13,2016,35.94686,-86.81163,False,0,0,0,,,,,,,,
101245767,Crashes_2010_2019_MPO,2016-06-13,2016,36.02563,-86.71133,False,0,0,0,,,,,,,,
101246240,Crashes_2010_2019_MPO,2016-06-13,2016,36.02478,-86.74973,False,0,0,0,,,,,,,,
101245189,Crashes_2010_2019_MPO,2016-06-13,2016,36.04094,-86.74613,False,0,0,0,,,,,,,,
101269084,Crashes_2010_2019_MPO,2016-06-13,2016,36.04084,-86.77347,False,0,0,0,,,,,,,,
101245153,Crashes_2010_2019_MPO,2016-06-13,2016,35.99643,-86.78798,True,0,0,0,,,,,,,,
101245887,Crashes_2010_2019_MPO,2016-06-14,2016,36.03772,-86.79475,False,0,0,0,,,,,,,,
101246400,Crashes_2010_2019_MPO,2016-06-14,2016,36.03761,-86.78512,False,0,0,0,,,,,,,,
101245722,Crashes_2010_2019_MPO,2016-06-14,2016,35.966693,-86.809177,True,0,0,0,,,,,,,,
101245762,Crashes_2010_2019_MPO,2016-06-14,2016,35.966693,-86.809177,True,0,0,0,,,,,,,,
101245526,Crashes_2010_2019_MPO,2016-06-14,2016,35.96481,-86.81523,True,0,0,0,,,,,,,,
101245886,Crashes_2010_2019_MPO,2016-06-14,2016,36.03924,-86.81648,True,0,0,0,,,,,,,,
101246025,Crashes_2010_2019_MPO,2016-06-14,2016,35.96822,-86.81008,True,0,0,0,,,,,,,,
101245816,Crashes_2010_2019_MPO,2016-06-14,2016,35.95579,-86.87491,False,0,0,0,,,,,,,,
101245555,Crashes_2010_2019_MPO,2016-06-14,2016,36.04529,-86.72374,False,0,0,0,,,,,,,,
101245891,Crashes_2010_2019_MPO,2016-06-14,2016,35.94621,-86.83072,False,0,0,0,,,,,,,,
101245898,Crashes_2010_2019_MPO,2016-06-14,2016,36.04558,-86.70069,False,0,0,0,,,,,,,,
101245594,Crashes_2010_2019_MPO,2016-06-14,2016,35.99551,-86.77887,True,0,0,0,,,,,,,,
101245940,Crashes_2010_2019_MPO,2016-06-14,2016,36.03169,-86.71267,False,0,0,0,,,,,,,,
101271716,Crashes_2010_2019_MPO,2016-06-14,2016,35.96716,-86.81351,True,0,0,0,,,,,,,,
101245735,Crashes_2010_2019_MPO,2016-06-14,2016,36.00945,-86.8451,False,0,0,0,,,,,,,,
101246480,Crashes_2010_2019_MPO,2016-06-15,2016,35.92641,-86.82453,False,0,0,0,,,,,,,,
101246121,Crashes_2010_2019_MPO,2016-06-15,2016,35.99816,-86.80184,True,0,0,0,,,,,,,,
101246431,Crashes_2010_2019_MPO,2016-06-15,2016,36.03465,-86.80295,True,0,0,0,,,,,,,,
101267908,Crashes_2010_2019_MPO,2016-06-15,2016,35.95114,-86.80778,False,0,0,0,,,,,,,,
101246490,Crashes_2010_2019_MPO,2016-06-15,2016,35.94791,-86.81938,False,0,0,0,,,,,,,,
101266729,Crashes_2010_2019_MPO,2016-06-15,2016,35.94751,-86.82014,False,0,0,0,,,,,,,,
101246476,Crashes_2010_2019_MPO,2016-06-15,2016,35.97241,-86.83386,False,0,0,0,,,,,,,,
101246479,Crashes_2010_2019_MPO,2016-06-15,2016,35.97232,-86.83392,False,0,0,0,,,,,,,,
101256555,Crashes_2010_2019_MPO,2016-06-15,2016,35.96638,-86.81433,True,0,0,0,,,,,,,,
101246546,Crashes_2010_2019_MPO,2016-06-15,2016,36.05453,-86.72533,False,0,0,0,,,,,,,,
101246411,Crashes_2010_2019_MPO,2016-06-15,2016,35.974,-86.77579,True,0,0,1,,,,,,,,
101246478,Crashes_2010_2019_MPO,2016-06-15,2016,35.9325,-86.86247,False,0,0,0,,,,,,,,
101246496,Crashes_2010_2019_MPO,2016-06-15,2016,36.03517,-86.76871,False,0,0,0,,,,,,,,
101246379,Crashes_2010_2019_MPO,2016-06-15,2016,35.96487,-86.80016,True,0,0,0,,,,,,,,
101246443,Crashes_2010_2019_MPO,2016-06-15,2016,35.99249,-86.81276,True,0,0,0,,,,,,,,
101246282,Crashes_2010_2019_MPO,2016-06-15,2016,36.04668,-86.72506,False,0,0,0,,,,,,,,
101246493,Crashes_2010_2019_MPO,2016-06-15,2016,35.99475,-86.76958,True,0,0,0,,,,,,,,
101266599,Crashes_2010_2019_MPO,2016-06-15,2016,36.0374,-86.78657,False,0,0,0,,,,,,,,
101246436,Crashes_2010_2019_MPO,2016-06-15,2016,35.96646,-86.80887,True,0,0,0,,,,,,,,
101266618,Crashes_2010_2019_MPO,2016-06-15,2016,36.03066,-86.78358,True,0,0,0,,,,,,,,
101267267,Crashes_2010_2019_MPO,2016-06-16,2016,35.92266,-86.82296,False,0,0,0,,,,,,,,
101266810,Crashes_2010_2019_MPO,2016-06-16,2016,35.92356,-86.87002,False,0,0,0,,,,,,,,
101266875,Crashes_2010_2019_MPO,2016-06-16,2016,35.99467,-86.76863,True,0,0,0,,,,,,,,
101267169,Crashes_2010_2019_MPO,2016-06-16,2016,35.92609,-86.87139,False,0,0,0,,,,,,,,
101267488,Crashes_2010_2019_MPO,2016-06-16,2016,35.94699,-86.81153,False,0,0,0,,,,,,,,
101267531,Crashes_2010_2019_MPO,2016-06-16,2016,35.96594,-86.80375,True,0,0,0,,,,,,,,
101267132,Crashes_2010_2019_MPO,2016-06-16,2016,35.9584,-86.80226,False,0,0,0,,,,,,,,
101267039,Crashes_2010_2019_MPO,2016-06-16,2016,36.03938,-86.78194,False,0,0,0,,,,,,,,
101267574,Crashes_2010_2019_MPO,2016-06-17,2016,36.0374,-86.78657,False,0,0,0,,,,,,,,
101268310,Crashes_2010_2019_MPO,2016-06-17,2016,35.93601,-86.8237,False,0,0,0,,,,,,,,
101268311,Crashes_2010_2019_MPO,2016-06-17,2016,35.95231,-86.81801,False,0,0,0,,,,,,,,
101268868,Crashes_2010_2019_MPO,2016-06-17,2016,36.0537,-86.71503,False,0,0,0,,,,,,,,
101268087,Crashes_2010_2019_MPO,2016-06-17,2016,36.03478,-86.68041,False,0,0,0,,,,,,,,
101267777,Crashes_2010_2019_MPO,2016-06-17,2016,36.03256,-86.7687,False,0,0,0,,,,,,,,
101267595,Crashes_2010_2019_MPO,2016-06-17,2016,35.98439,-86.72434,True,0,0,0,,,,,,,,
101269442,Crashes_2010_2019_MPO,2016-06-17,2016,35.96621,-86.76467,True,0,0,0,,,,,,,,
101269909,Crashes_2010_2019_MPO,2016-06-17,2016,35.99455,-86.84712,False,0,0,0,,,,,,,,
101268437,Crashes_2010_2019_MPO,2016-06-17,2016,35.94709,-86.82356,False,0,0,0,,,,,,,,
101269692,Crashes_2010_2019_MPO,2016-06-17,2016,35.997571,-86.794924,True,0,0,0,,,,,,,,
101269079,Crashes_2010_2019_MPO,2016-06-18,2016,36.0136,-86.78124,True,0,0,0,,,,,,,,
101270292,Crashes_2010_2019_MPO,2016-06-18,2016,35.98635,-86.73664,True,0,0,0,,,,,,,,
101268613,Crashes_2010_2019_MPO,2016-06-18,2016,35.96727,-86.81439,True,0,0,0,,,,,,,,
101268314,Crashes_2010_2019_MPO,2016-06-18,2016,35.94675,-86.85178,False,0,0,0,,,,,,,,
101268315,Crashes_2010_2019_MPO,2016-06-18,2016,35.9536,-86.81378,False,0,0,0,,,,,,,,
101268539,Crashes_2010_2019_MPO,2016-06-18,2016,36.04573,-86.70927,False,0,0,0,,,,,,,,
101272691,Crashes_2010_2019_MPO,2016-06-19,2016,36.04537,-86.71326,False,0,0,0,,,,,,,,
101269370,Crashes_2010_2019_MPO,2016-06-19,2016,35.96486,-86.80311,True,0,0,0,,,,,,,,
101273637,Crashes_2010_2019_MPO,2016-06-19,2016,36.0424,-86.83085,False,0,0,0,,,,,,,,
101268823,Crashes_2010_2019_MPO,2016-06-19,2016,36.05275,-86.68438,False,0,0,0,,,,,,,,
101268546,Crashes_2010_2019_MPO,2016-06-19,2016,35.98415,-86.72436,True,0,0,0,,,,,,,,
101269190,Crashes_2010_2019_MPO,2016-06-20,2016,35.95048,-86.76585,True,0,0,0,,,,,,,,
101270289,Crashes_2010_2019_MPO,2016-06-20,2016,36.03975,-86.78133,False,0,0,0,,,,,,,,
101269384,Crashes_2010_2019_MPO,2016-06-20,2016,35.9744,-86.71464,True,0,0,0,,,,,,,,
101269249,Crashes_2010_2019_MPO,2016-06-20,2016,35.95078,-86.80672,False,0,0,0,,,,,,,,
101270288,Crashes_2010_2019_MPO,2016-06-20,2016,36.04023,-86.75234,False,0,0,0,,,,,,,,
101272173,Crashes_2010_2019_MPO,2016-06-20,2016,36.0249,-86.69697,False,0,0,0,,,,,,,,
101269627,Crashes_2010_2019_MPO,2016-06-20,2016,36.04521,-86.70364,False,0,0,0,,,,,,,,
101269691,Crashes_2010_2019_MPO,2016-06-20,2016,35.97747,-86.82425,True,0,0,0,,,,,,,,
101269430,Crashes_2010_2019_MPO,2016-06-20,2016,36.04543,-86.70361,False,0,0,0,,,,,,,,
101273638,Crashes_2010_2019_MPO,2016-06-20,2016,36.04142,-86.74983,False,0,0,0,,,,,,,,
101269699,Crashes_2010_2019_MPO,2016-06-20,2016,35.94126,-86.79861,False,0,0,0,,,,,,,,
101269080,Crashes_2010_2019_MPO,2016-06-20,2016,36.01477,-86.78573,True,0,0,0,,,,,,,,
101269611,Crashes_2010_2019_MPO,2016-06-20,2016,35.99465,-86.76849,True,0,0,0,,,,,,,,
101269744,Crashes_2010_2019_MPO,2016-06-20,2016,35.92936,-86.87549,False,0,0,0,,,,,,,,
101269200,Crashes_2010_2019_MPO,2016-06-20,2016,36.05208,-86.77516,False,0,0,0,,,,,,,,
101269415,Crashes_2010_2019_MPO,2016-06-20,2016,36.05275,-86.67879,False,0,0,0,,,,,,,,
101269168,Crashes_2010_2019_MPO,2016-06-20,2016,36.05151,-86.71436,False,0,0,0,,,,,,,,
101270878,Crashes_2010_2019_MPO,2016-06-21,2016,36.04525,-86.72386,False,0,0,0,,,,,,,,
101270315,Crashes_2010_2019_MPO,2016-06-21,2016,35.94434,-86.82157,False,0,0,0,,,,,,,,
101274299,Crashes_2010_2019_MPO,2016-06-21,2016,36.0154,-86.73873,False,0,0,0,,,,,,,,
101269844,Crashes_2010_2019_MPO,2016-06-21,2016,36.04792,-86.86495,False,0,0,0,,,,,,,,
101270555,Crashes_2010_2019_MPO,2016-06-21,2016,35.9838,-86.8295,False,0,0,0,,,,,,,,
101270070,Crashes_2010_2019_MPO,2016-06-21,2016,35.96518,-86.81418,False,0,0,0,,,,,,,,
101270171,Crashes_2010_2019_MPO,2016-06-21,2016,35.96721,-86.8139,True,0,0,0,,,,,,,,
101269983,Crashes_2010_2019_MPO,2016-06-21,2016,36.033144,-86.78658,True,0,0,0,,,,,,,,
101270101,Crashes_2010_2019_MPO,2016-06-21,2016,35.92337,-86.87173,False,0,0,0,,,,,,,,
101269853,Crashes_2010_2019_MPO,2016-06-21,2016,36.04792,-86.86495,False,0,0,0,,,,,,,,
101270285,Crashes_2010_2019_MPO,2016-06-21,2016,35.93373,-86.81799,False,0,0,0,,,,,,,,
101270622,Crashes_2010_2019_MPO,2016-06-22,2016,35.93541,-86.82372,False,0,0,0,,,,,,,,
101270955,Crashes_2010_2019_MPO,2016-06-22,2016,35.94814,-86.81735,False,0,0,0,,,,,,,,
101270957,Crashes_2010_2019_MPO,2016-06-22,2016,35.93446,-86.81991,False,0,0,0,,,,,,,,
101272433,Crashes_2010_2019_MPO,2016-06-22,2016,36.01032,-86.70216,False,0,0,0,,,,,,,,
101270896,Crashes_2010_2019_MPO,2016-06-22,2016,36.04477,-86.84833,False,0,0,0,,,,,,,,
101270956,Crashes_2010_2019_MPO,2016-06-22,2016,35.92615,-86.8212,False,0,0,0,,,,,,,,
101270788,Crashes_2010_2019_MPO,2016-06-22,2016,35.95724,-86.81662,False,0,0,0,,,,,,,,
101270440,Crashes_2010_2019_MPO,2016-06-22,2016,36.0359,-86.8724,False,0,0,0,,,,,,,,
101270572,Crashes_2010_2019_MPO,2016-06-22,2016,35.96659,-86.80927,True,0,0,0,,,,,,,,
101271606,Crashes_2010_2019_MPO,2016-06-23,2016,35.94798,-86.81714,False,0,0,0,,,,,,,,
101271665,Crashes_2010_2019_MPO,2016-06-23,2016,35.93157,-86.87926,False,0,0,0,,,,,,,,
101271584,Crashes_2010_2019_MPO,2016-06-23,2016,35.94612,-86.82346,False,0,0,0,,,,,,,,
101271179,Crashes_2010_2019_MPO,2016-06-23,2016,36.00063,-86.81077,True,0,0,0,,,,,,,,
101271712,Crashes_2010_2019_MPO,2016-06-23,2016,36.02437,-86.78583,True,0,0,0,,,,,,,,