record_no,source_layer,collision_ts,crash_year,latitude,longitude,in_city,fatalities,non_motorists,truck_involved,serious_injuries,pedestrian,bicycle,crash_type,manner_of_collision,lighting,weather,first_harmful_event
101271583,Crashes_2010_2019_MPO,2016-06-23,2016,35.96578,-86.82066,True,0,0,0,,,,,,,,
101271596,Crashes_2010_2019_MPO,2016-06-23,2016,35.96199,-86.81523,False,0,0,0,,,,,,,,
101271229,Crashes_2010_2019_MPO,2016-06-23,2016,36.02844,-86.79142,True,0,0,0,,,,,,,,
101271690,Crashes_2010_2019_MPO,2016-06-23,2016,36.01689,-86.78609,True,0,0,0,,,,,,,,
101271547,Crashes_2010_2019_MPO,2016-06-23,2016,36.03322,-86.78531,True,0,0,0,,,,,,,,
101271597,Crashes_2010_2019_MPO,2016-06-23,2016,35.9464,-86.80894,False,0,0,0,,,,,,,,
101271513,Crashes_2010_2019_MPO,2016-06-23,2016,36.0457,-86.85527,False,0,0,0,,,,,,,,
101272542,Crashes_2010_2019_MPO,2016-06-24,2016,36.03755,-86.7854,False,0,0,0,,,,,,,,
101271931,Crashes_2010_2019_MPO,2016-06-24,2016,35.997486,-86.795112,True,0,0,0,,,,,,,,
101271929,Crashes_2010_2019_MPO,2016-06-24,2016,36.03871,-86.73094,False,0,0,0,,,,,,,,
101272828,Crashes_2010_2019_MPO,2016-06-24,2016,35.95212,-86.81784,False,0,0,0,,,,,,,,
101271966,Crashes_2010_2019_MPO,2016-06-24,2016,36.03322,-86.78173,True,0,0,0,,,,,,,,
101272626,Crashes_2010_2019_MPO,2016-06-24,2016,36.036166,-86.787125,True,0,0,0,,,,,,,,
101272712,Crashes_2010_2019_MPO,2016-06-24,2016,35.9688,-86.80889,True,0,0,0,,,,,,,,
101272405,Crashes_2010_2019_MPO,2016-06-24,2016,35.97286,-86.77166,True,0,0,0,,,,,,,,
101272137,Crashes_2010_2019_MPO,2016-06-24,2016,35.95212,-86.81784,False,0,0,0,,,,,,,,
101273669,Crashes_2010_2019_MPO,2016-06-24,2016,36.044979,-86.712493,False,0,0,1,,,,,,,,
101271813,Crashes_2010_2019_MPO,2016-06-24,2016,36.04479,-86.72487,False,0,0,0,,,,,,,,
101272449,Crashes_2010_2019_MPO,2016-06-24,2016,35.9956,-86.79741,True,0,0,0,,,,,,,,
101272481,Crashes_2010_2019_MPO,2016-06-24,2016,36.04001,-86.74347,False,0,0,0,,,,,,,,
101272005,Crashes_2010_2019_MPO,2016-06-24,2016,35.92648,-86.82452,False,0,0,0,,,,,,,,
101272826,Crashes_2010_2019_MPO,2016-06-24,2016,35.95215,-86.8185,False,0,0,0,,,,,,,,
101272970,Crashes_2010_2019_MPO,2016-06-25,2016,35.95239,-86.81798,False,0,0,0,,,,,,,,
101273063,Crashes_2010_2019_MPO,2016-06-25,2016,36.01785,-86.78662,True,0,0,0,,,,,,,,
101272969,Crashes_2010_2019_MPO,2016-06-25,2016,36.03806,-86.74347,False,0,0,0,,,,,,,,
101273106,Crashes_2010_2019_MPO,2016-06-25,2016,35.98335,-86.73121,True,0,0,0,,,,,,,,
101272991,Crashes_2010_2019_MPO,2016-06-25,2016,35.97334,-86.83305,True,0,0,0,,,,,,,,
101273274,Crashes_2010_2019_MPO,2016-06-26,2016,36.04662,-86.67835,False,0,0,0,,,,,,,,
101273478,Crashes_2010_2019_MPO,2016-06-26,2016,36.02547,-86.71305,False,0,0,0,,,,,,,,
101273399,Crashes_2010_2019_MPO,2016-06-26,2016,35.93574,-86.80873,False,0,0,0,,,,,,,,
101273647,Crashes_2010_2019_MPO,2016-06-26,2016,35.99119,-86.68355,False,0,0,0,,,,,,,,
101273433,Crashes_2010_2019_MPO,2016-06-26,2016,35.99612,-86.7852,True,0,0,0,,,,,,,,
101273144,Crashes_2010_2019_MPO,2016-06-26,2016,36.03687,-86.7276,False,0,0,0,,,,,,,,
101274968,Crashes_2010_2019_MPO,2016-06-26,2016,36.04033,-86.76836,False,0,0,0,,,,,,,,
101273292,Crashes_2010_2019_MPO,2016-06-26,2016,36.04543,-86.70361,False,0,0,0,,,,,,,,
101273503,Crashes_2010_2019_MPO,2016-06-26,2016,36.00863,-86.69405,False,0,0,0,,,,,,,,
101273389,Crashes_2010_2019_MPO,2016-06-26,2016,36.03913,-86.78235,False,0,0,0,,,,,,,,
101274096,Crashes_2010_2019_MPO,2016-06-27,2016,35.94965,-86.81724,False,0,0,0,,,,,,,,
101273791,Crashes_2010_2019_MPO,2016-06-27,2016,36.03761,-86.78512,False,0,0,0,,,,,,,,
101274097,Crashes_2010_2019_MPO,2016-06-27,2016,35.9511,-86.80648,False,0,0,0,,,,,,,,
101274361,Crashes_2010_2019_MPO,2016-06-27,2016,35.99404,-86.79795,True,0,0,0,,,,,,,,
101274551,Crashes_2010_2019_MPO,2016-06-27,2016,35.9509,-86.80665,False,0,0,0,,,,,,,,
101278011,Crashes_2010_2019_MPO,2016-06-27,2016,35.94191,-86.79913,False,0,0,0,,,,,,,,
101274129,Crashes_2010_2019_MPO,2016-06-27,2016,36.0332,-86.79955,True,0,0,0,,,,,,,,
101273879,Crashes_2010_2019_MPO,2016-06-27,2016,36.04028,-86.75771,False,0,0,1,,,,,,,,
101274144,Crashes_2010_2019_MPO,2016-06-27,2016,35.96206,-86.81557,True,0,0,0,,,,,,,,
101274231,Crashes_2010_2019_MPO,2016-06-27,2016,36.04711,-86.7178,False,0,0,0,,,,,,,,
101274216,Crashes_2010_2019_MPO,2016-06-27,2016,36.03689,-86.81684,True,0,0,0,,,,,,,,
101273817,Crashes_2010_2019_MPO,2016-06-27,2016,35.97285,-86.83664,False,0,0,0,,,,,,,,
101277015,Crashes_2010_2019_MPO,2016-06-27,2016,35.92536,-86.82526,False,0,0,0,,,,,,,,
101274062,Crashes_2010_2019_MPO,2016-06-27,2016,35.93175,-86.79074,False,0,0,0,,,,,,,,
101274200,Crashes_2010_2019_MPO,2016-06-27,2016,36.05241,-86.68069,False,0,0,0,,,,,,,,
101274160,Crashes_2010_2019_MPO,2016-06-27,2016,35.95275,-86.81794,False,0,0,0,,,,,,,,
101274146,Crashes_2010_2019_MPO,2016-06-27,2016,36.04479,-86.72487,False,0,0,0,,,,,,,,
101274052,Crashes_2010_2019_MPO,2016-06-27,2016,36.03265,-86.76976,False,0,0,0,,,,,,,,
101274581,Crashes_2010_2019_MPO,2016-06-27,2016,36.00132,-86.79408,True,0,0,0,,,,,,,,
101273925,Crashes_2010_2019_MPO,2016-06-27,2016,36.05135,-86.71431,False,0,0,0,,,,,,,,
101274107,Crashes_2010_2019_MPO,2016-06-27,2016,35.97103,-86.72644,True,0,0,0,,,,,,,,
101274893,Crashes_2010_2019_MPO,2016-06-27,2016,35.94029,-86.81055,False,0,0,0,,,,,,,,
101274232,Crashes_2010_2019_MPO,2016-06-27,2016,36.03194,-86.76262,False,0,0,0,,,,,,,,
101274128,Crashes_2010_2019_MPO,2016-06-27,2016,36.03501,-86.80527,True,0,0,0,,,,,,,,
101274063,Crashes_2010_2019_MPO,2016-06-27,2016,35.96716,-86.81351,True,0,0,0,,,,,,,,
101274204,Crashes_2010_2019_MPO,2016-06-27,2016,35.93171,-86.82402,False,0,0,0,,,,,,,,
101274263,Crashes_2010_2019_MPO,2016-06-27,2016,36.04383,-86.71309,False,0,0,0,,,,,,,,
101274489,Crashes_2010_2019_MPO,2016-06-27,2016,36.03968,-86.76205,False,0,0,0,,,,,,,,
101274757,Crashes_2010_2019_MPO,2016-06-28,2016,35.93019,-86.87601,False,0,0,0,,,,,,,,
101275447,Crashes_2010_2019_MPO,2016-06-28,2016,35.94175,-86.82119,False,0,0,0,,,,,,,,
101275011,Crashes_2010_2019_MPO,2016-06-28,2016,36.04221,-86.78202,False,0,0,0,,,,,,,,
101274514,Crashes_2010_2019_MPO,2016-06-28,2016,35.9604,-86.80815,False,0,0,0,,,,,,,,
101274751,Crashes_2010_2019_MPO,2016-06-28,2016,36.01805,-86.70802,False,0,0,0,,,,,,,,
101274919,Crashes_2010_2019_MPO,2016-06-28,2016,35.93323,-86.71344,False,0,0,0,,,,,,,,
101274821,Crashes_2010_2019_MPO,2016-06-28,2016,36.03635,-86.79085,True,0,0,0,,,,,,,,
101274978,Crashes_2010_2019_MPO,2016-06-28,2016,35.99583,-86.78604,True,0,0,0,,,,,,,,
101274872,Crashes_2010_2019_MPO,2016-06-28,2016,35.99507,-86.79784,True,0,0,0,,,,,,,,
101274559,Crashes_2010_2019_MPO,2016-06-28,2016,36.04101,-86.78265,False,0,0,0,,,,,,,,
101283058,Crashes_2010_2019_MPO,2016-06-28,2016,36.04258,-86.82714,False,0,0,0,,,,,,,,
101275260,Crashes_2010_2019_MPO,2016-06-28,2016,36.00114,-86.79427,True,0,0,1,,,,,,,,
101274580,Crashes_2010_2019_MPO,2016-06-28,2016,36.0457,-86.72089,False,0,0,0,,,,,,,,
101274920,Crashes_2010_2019_MPO,2016-06-28,2016,35.94782,-86.81975,False,0,0,0,,,,,,,,
101274653,Crashes_2010_2019_MPO,2016-06-28,2016,36.03602,-86.79717,True,0,1,0,,,,,,,,
101274625,Crashes_2010_2019_MPO,2016-06-28,2016,35.96173,-86.80183,True,0,0,0,,,,,,,,
101275413,Crashes_2010_2019_MPO,2016-06-28,2016,35.94793,-86.81976,False,0,0,0,,,,,,,,
101275930,Crashes_2010_2019_MPO,2016-06-29,2016,36.03507,-86.80581,True,0,0,0,,,,,,,,
101277216,Crashes_2010_2019_MPO,2016-06-29,2016,36.04537,-86.71326,False,0,0,0,,,,,,,,
101277087,Crashes_2010_2019_MPO,2016-06-29,2016,36.05291,-86.68747,False,0,0,0,,,,,,,,
101275451,Crashes_2010_2019_MPO,2016-06-29,2016,36.04541,-86.70337,False,0,0,0,,,,,,,,
101275346,Crashes_2010_2019_MPO,2016-06-29,2016,36.0253,-86.74262,False,0,0,0,,,,,,,,
101276585,Crashes_2010_2019_MPO,2016-06-29,2016,35.95721,-86.84339,False,0,0,0,,,,,,,,
101275394,Crashes_2010_2019_MPO,2016-06-29,2016,36.04392,-86.7131,False,0,0,0,,,,,,,,
101275328,Crashes_2010_2019_MPO,2016-06-29,2016,35.92957,-86.84187,False,0,0,0,,,,,,,,
101275482,Crashes_2010_2019_MPO,2016-06-29,2016,36.03328,-86.78818,True,0,0,0,,,,,,,,
101275569,Crashes_2010_2019_MPO,2016-06-29,2016,36.03971,-86.76279,False,0,0,0,,,,,,,,
101276296,Crashes_2010_2019_MPO,2016-06-30,2016,36.03818,-86.85878,True,0,0,0,,,,,,,,
101278927,Crashes_2010_2019_MPO,2016-06-30,2016,35.92502,-86.82468,False,0,0,0,,,,,,,,
101276294,Crashes_2010_2019_MPO,2016-06-30,2016,36.04438,-86.72533,False,0,0,0,,,,,,,,
101276191,Crashes_2010_2019_MPO,2016-06-30,2016,36.04001,-86.74347,False,0,0,0,,,,,,,,
101280324,Crashes_2010_2019_MPO,2016-06-30,2016,35.99526,-86.7763,True,0,0,0,,,,,,,,
101276233,Crashes_2010_2019_MPO,2016-06-30,2016,36.0339,-86.79497,True,0,0,0,,,,,,,,
101276637,Crashes_2010_2019_MPO,2016-06-30,2016,35.99736,-86.69057,False,0,0,0,,,,,,,,
101276264,Crashes_2010_2019_MPO,2016-06-30,2016,36.04228,-86.86716,True,0,0,0,,,,,,,,
101276349,Crashes_2010_2019_MPO,2016-06-30,2016,35.95232,-86.818,False,0,0,0,,,,,,,,
101276671,Crashes_2010_2019_MPO,2016-06-30,2016,36.00571,-86.78037,True,0,0,0,,,,,,,,
101276420,Crashes_2010_2019_MPO,2016-06-30,2016,35.95209,-86.81805,False,0,0,0,,,,,,,,
101276669,Crashes_2010_2019_MPO,2016-06-30,2016,35.966655,-86.809148,True,0,0,0,,,,,,,,
101276249,Crashes_2010_2019_MPO,2016-06-30,2016,35.9577,-86.81609,False,0,0,0,,,,,,,,
101275961,Crashes_2010_2019_MPO,2016-06-30,2016,36.03987,-86.74153,False,0,0,0,,,,,,,,
101275898,Crashes_2010_2019_MPO,2016-06-30,2016,35.96681,-86.81119,True,0,0,0,,,,,,,,
101277218,Crashes_2010_2019_MPO,2016-07-01,2016,36.05234,-86.73878,False,0,0,0,,,,,,,,
101277217,Crashes_2010_2019_MPO,2016-07-01,2016,36.04114,-86.77621,False,0,0,0,,,,,,,,
101277930,Crashes_2010_2019_MPO,2016-07-01,2016,35.96164,-86.80163,True,0,0,0,,,,,,,,
101277482,Crashes_2010_2019_MPO,2016-07-01,2016,35.96486,-86.7557,True,0,0,0,,,,,,,,
101277441,Crashes_2010_2019_MPO,2016-07-01,2016,35.93808,-86.8218,False,0,0,0,,,,,,,,
101276982,Crashes_2010_2019_MPO,2016-07-01,2016,35.96108,-86.68363,False,0,0,0,,,,,,,,
101277931,Crashes_2010_2019_MPO,2016-07-01,2016,35.93446,-86.81991,False,0,0,0,,,,,,,,
101277933,Crashes_2010_2019_MPO,2016-07-01,2016,35.94563,-86.82719,False,0,0,0,,,,,,,,
101277143,Crashes_2010_2019_MPO,2016-07-01,2016,35.97125,-86.83489,False,0,0,0,,,,,,,,
101277877,Crashes_2010_2019_MPO,2016-07-01,2016,36.03133,-86.87554,False,0,0,0,,,,,,,,
101276717,Crashes_2010_2019_MPO,2016-07-01,2016,35.94613,-86.80777,False,0,0,0,,,,,,,,
101276615,Crashes_2010_2019_MPO,2016-07-01,2016,36.04575,-86.77816,False,0,0,0,,,,,,,,
101277274,Crashes_2010_2019_MPO,2016-07-01,2016,36.04665,-86.7769,False,0,0,0,,,,,,,,
101277834,Crashes_2010_2019_MPO,2016-07-02,2016,36.0522,-86.74309,False,0,0,0,,,,,,,,
101278212,Crashes_2010_2019_MPO,2016-07-02,2016,36.04769,-86.70909,False,0,0,0,,,,,,,,
101277953,Crashes_2010_2019_MPO,2016-07-02,2016,36.03403,-86.80162,True,0,0,0,,,,,,,,
101283628,Crashes_2010_2019_MPO,2016-07-02,2016,35.92827,-86.76703,False,0,0,0,,,,,,,,
101277663,Crashes_2010_2019_MPO,2016-07-02,2016,35.99949,-86.69339,False,0,0,0,,,,,,,,
101278365,Crashes_2010_2019_MPO,2016-07-03,2016,35.93862,-86.82174,False,0,0,0,,,,,,,,
101278296,Crashes_2010_2019_MPO,2016-07-03,2016,36.04942,-86.7059,False,0,0,0,,,,,,,,
101278507,Crashes_2010_2019_MPO,2016-07-03,2016,35.97813,-86.75834,True,0,0,0,,,,,,,,
101278856,Crashes_2010_2019_MPO,2016-07-03,2016,35.96117,-86.808,False,0,0,0,,,,,,,,
101278931,Crashes_2010_2019_MPO,2016-07-03,2016,35.99939,-86.79565,True,0,0,0,,,,,,,,
101278633,Crashes_2010_2019_MPO,2016-07-03,2016,36.03387,-86.69132,False,0,0,0,,,,,,,,
101280364,Crashes_2010_2019_MPO,2016-07-03,2016,36.05151,-86.71436,False,0,0,0,,,,,,,,
101278275,Crashes_2010_2019_MPO,2016-07-03,2016,36.04543,-86.70361,False,0,0,0,,,,,,,,
101279241,Crashes_2010_2019_MPO,2016-07-04,2016,35.93127,-86.87663,False,0,0,1,,,,,,,,
101278877,Crashes_2010_2019_MPO,2016-07-04,2016,35.96732,-86.79673,True,0,1,0,,,,,,,,
101279106,Crashes_2010_2019_MPO,2016-07-04,2016,36.04561,-86.7107,False,0,0,0,,,,,,,,
101278904,Crashes_2010_2019_MPO,2016-07-04,2016,36.0474,-86.75771,False,0,0,0,,,,,,,,
101278811,Crashes_2010_2019_MPO,2016-07-04,2016,36.0275,-86.68007,False,0,0,0,,,,,,,,
101281062,Crashes_2010_2019_MPO,2016-07-05,2016,35.93414,-86.86125,False,0,0,0,,,,,,,,
101279375,Crashes_2010_2019_MPO,2016-07-05,2016,35.92478,-86.87225,False,0,0,0,,,,,,,,
101279352,Crashes_2010_2019_MPO,2016-07-05,2016,36.04101,-86.78265,False,0,0,0,,,,,,,,
101279705,Crashes_2010_2019_MPO,2016-07-05,2016,35.97924,-86.80543,True,0,0,0,,,,,,,,
101279720,Crashes_2010_2019_MPO,2016-07-05,2016,35.94639,-86.82285,False,0,0,0,,,,,,,,
101280044,Crashes_2010_2019_MPO,2016-07-05,2016,35.93723,-86.69972,False,0,0,0,,,,,,,,
101279874,Crashes_2010_2019_MPO,2016-07-05,2016,36.04991,-86.70304,False,0,0,0,,,,,,,,
101279607,Crashes_2010_2019_MPO,2016-07-05,2016,36.0374,-86.78657,False,0,0,0,,,,,,,,
101280005,Crashes_2010_2019_MPO,2016-07-05,2016,36.04495,-86.69645,False,0,0,0,,,,,,,,
101279868,Crashes_2010_2019_MPO,2016-07-05,2016,35.96372,-86.81053,False,0,0,0,,,,,,,,
101279493,Crashes_2010_2019_MPO,2016-07-05,2016,35.96681,-86.81119,True,0,0,0,,,,,,,,
101279299,Crashes_2010_2019_MPO,2016-07-05,2016,35.96785,-86.76951,True,0,0,0,,,,,,,,
101279630,Crashes_2010_2019_MPO,2016-07-05,2016,35.94782,-86.81975,False,0,0,0,,,,,,,,
101279418,Crashes_2010_2019_MPO,2016-07-05,2016,36.03899,-86.78258,False,0,0,0,,,,,,,,
101280497,Crashes_2010_2019_MPO,2016-07-06,2016,36.01339,-86.7385,True,0,0,0,,,,,,,,
101280454,Crashes_2010_2019_MPO,2016-07-06,2016,36.04899,-86.77588,False,0,0,0,,,,,,,,
101280502,Crashes_2010_2019_MPO,2016-07-06,2016,35.96716,-86.81351,True,0,0,0,,,,,,,,
101280099,Crashes_2010_2019_MPO,2016-07-06,2016,35.96734,-86.72758,True,0,0,0,,,,,,,,
101280392,Crashes_2010_2019_MPO,2016-07-06,2016,35.99156,-86.79881,True,0,0,0,,,,,,,,
101280524,Crashes_2010_2019_MPO,2016-07-06,2016,36.01339,-86.7385,True,0,0,0,,,,,,,,
101280382,Crashes_2010_2019_MPO,2016-07-06,2016,35.97616,-86.80439,True,0,0,0,,,,,,,,
101280300,Crashes_2010_2019_MPO,2016-07-06,2016,35.99379,-86.79804,True,0,0,0,,,,,,,,
101280425,Crashes_2010_2019_MPO,2016-07-06,2016,36.04011,-86.74446,False,0,0,0,,,,,,,,
101280297,Crashes_2010_2019_MPO,2016-07-06,2016,35.94114,-86.83623,False,0,0,0,,,,,,,,
101280687,Crashes_2010_2019_MPO,2016-07-06,2016,35.98704,-86.68057,False,0,0,0,,,,,,,,
101280376,Crashes_2010_2019_MPO,2016-07-06,2016,35.96635,-86.80735,True,0,0,0,,,,,,,,
101280592,Crashes_2010_2019_MPO,2016-07-06,2016,36.01286,-86.80081,True,0,0,0,,,,,,,,
101281450,Crashes_2010_2019_MPO,2016-07-07,2016,35.92566,-86.82456,False,0,0,0,,,,,,,,
101281378,Crashes_2010_2019_MPO,2016-07-07,2016,35.99139,-86.68368,False,0,0,0,,,,,,,,
101280982,Crashes_2010_2019_MPO,2016-07-07,2016,35.95365,-86.71909,False,0,0,0,,,,,,,,
101281604,Crashes_2010_2019_MPO,2016-07-07,2016,35.92674,-86.82158,False,0,0,0,,,,,,,,
101281730,Crashes_2010_2019_MPO,2016-07-07,2016,36.04123,-86.77851,False,0,0,0,,,,,,,,
101281430,Crashes_2010_2019_MPO,2016-07-07,2016,35.9569,-86.84365,False,0,0,0,,,,,,,,
101281382,Crashes_2010_2019_MPO,2016-07-07,2016,35.97334,-86.71144,True,0,0,0,,,,,,,,
101281449,Crashes_2010_2019_MPO,2016-07-07,2016,35.966702,-86.809242,True,0,0,0,,,,,,,,
101281784,Crashes_2010_2019_MPO,2016-07-07,2016,36.03934,-86.78566,False,0,0,1,,,,,,,,
101283171,Crashes_2010_2019_MPO,2016-07-07,2016,36.05341,-86.6923,False,0,0,0,,,,,,,,
101282009,Crashes_2010_2019_MPO,2016-07-07,2016,36.04519,-86.71604,False,0,1,0,,,,,,,,
101281418,Crashes_2010_2019_MPO,2016-07-07,2016,35.93194,-86.79398,False,0,0,0,,,,,,,,
101281521,Crashes_2010_2019_MPO,2016-07-07,2016,36.0409,-86.77938,False,0,0,0,,,,,,,,
101281040,Crashes_2010_2019_MPO,2016-07-07,2016,35.96173,-86.80183,True,0,0,0,,,,,,,,
101281276,Crashes_2010_2019_MPO,2016-07-07,2016,35.96718,-86.81891,True,0,0,0,,,,,,,,
101281029,Crashes_2010_2019_MPO,2016-07-07,2016,36.02175,-86.74267,False,0,0,0,,,,,,,,
101282654,Crashes_2010_2019_MPO,2016-07-08,2016,35.94687,-86.85168,False,0,0,0,,,,,,,,
101281803,Crashes_2010_2019_MPO,2016-07-08,2016,36.04214,-86.77265,False,0,0,0,,,,,,,,
101282681,Crashes_2010_2019_MPO,2016-07-08,2016,35.99781,-86.79886,True,0,0,0,,,,,,,,
101281899,Crashes_2010_2019_MPO,2016-07-08,2016,35.96498,-86.79425,True,0,0,0,,,,,,,,
101282274,Crashes_2010_2019_MPO,2016-07-08,2016,35.92946,-86.84336,False,0,0,0,,,,,,,,
101281658,Crashes_2010_2019_MPO,2016-07-08,2016,36.04333,-86.69221,False,0,0,0,,,,,,,,
101282004,Crashes_2010_2019_MPO,2016-07-08,2016,36.0374,-86.78657,False,0,0,0,,,,,,,,
101282269,Crashes_2010_2019_MPO,2016-07-08,2016,36.0374,-86.78657,False,0,0,0,,,,,,,,
101282653,Crashes_2010_2019_MPO,2016-07-08,2016,35.94856,-86.80761,False,0,0,0,,,,,,,,
101281913,Crashes_2010_2019_MPO,2016-07-08,2016,35.92298,-86.82943,False,0,1,0,,,,,,,,
101282652,Crashes_2010_2019_MPO,2016-07-08,2016,35.95676,-86.80309,False,0,0,0,,,,,,,,
101282020,Crashes_2010_2019_MPO,2016-07-08,2016,36.03503,-86.80543,True,0,0,0,,,,,,,,
101282655,Crashes_2010_2019_MPO,2016-07-08,2016,35.96232,-86.81512,False,0,0,0,,,,,,,,
101282448,Crashes_2010_2019_MPO,2016-07-09,2016,35.96518,-86.80029,True,0,0,0,,,,,,,,
101282812,Crashes_2010_2019_MPO,2016-07-09,2016,36.00702,-86.87439,False,0,0,0,,,,,,,,
101282507,Crashes_2010_2019_MPO,2016-07-09,2016,35.99754,-86.79648,True,0,0,0,,,,,,,,
101287822,Crashes_2010_2019_MPO,2016-07-10,2016,36.04084,-86.77347,False,0,0,0,,,,,,,,
101283204,Crashes_2010_2019_MPO,2016-07-10,2016,36.05222,-86.68262,False,0,0,0,,,,,,,,
101283078,Crashes_2010_2019_MPO,2016-07-10,2016,36.03886,-86.80933,False,0,0,0,,,,,,,,
101285289,Crashes_2010_2019_MPO,2016-07-10,2016,36.04102,-86.77514,False,0,0,0,,,,,,,,
101283045,Crashes_2010_2019_MPO,2016-07-10,2016,36.0395,-86.78175,False,0,0,0,,,,,,,,
101283674,Crashes_2010_2019_MPO,2016-07-11,2016,35.94735,-86.8513,False,0,0,0,,,,,,,,
101283563,Crashes_2010_2019_MPO,2016-07-11,2016,36.02583,-86.7929,True,0,0,0,,,,,,,,
101285371,Crashes_2010_2019_MPO,2016-07-11,2016,36.03122,-86.87558,False,0,0,0,,,,,,,,
101283925,Crashes_2010_2019_MPO,2016-07-11,2016,36.04526,-86.71704,False,0,0,0,,,,,,,,
101284061,Crashes_2010_2019_MPO,2016-07-11,2016,35.96659,-86.80927,True,0,0,0,,,,,,,,
101283675,Crashes_2010_2019_MPO,2016-07-11,2016,35.95059,-86.81599,False,0,0,0,,,,,,,,
101283640,Crashes_2010_2019_MPO,2016-07-11,2016,36.04695,-86.68168,False,0,0,0,,,,,,,,
101283748,Crashes_2010_2019_MPO,2016-07-11,2016,36.01286,-86.80081,True,0,0,0,,,,,,,,
101283706,Crashes_2010_2019_MPO,2016-07-11,2016,35.92609,-86.87139,False,0,0,0,,,,,,,,
101283635,Crashes_2010_2019_MPO,2016-07-11,2016,36.03899,-86.78258,False,0,0,0,,,,,,,,
101283804,Crashes_2010_2019_MPO,2016-07-11,2016,35.95215,-86.81843,False,0,0,0,,,,,,,,
101283776,Crashes_2010_2019_MPO,2016-07-11,2016,36.03174,-86.77784,True,0,0,0,,,,,,,,
101284346,Crashes_2010_2019_MPO,2016-07-12,2016,35.92652,-86.82452,False,0,0,0,,,,,,,,
101285424,Crashes_2010_2019_MPO,2016-07-12,2016,36.04469,-86.71703,False,0,0,0,,,,,,,,
101284085,Crashes_2010_2019_MPO,2016-07-12,2016,35.93446,-86.81991,False,0,0,0,,,,,,,,
101284310,Crashes_2010_2019_MPO,2016-07-12,2016,35.92254,-86.86702,False,0,0,0,,,,,,,,
101284709,Crashes_2010_2019_MPO,2016-07-12,2016,36.0488,-86.71367,False,0,0,0,,,,,,,,
101285061,Crashes_2010_2019_MPO,2016-07-12,2016,35.964,-86.81013,False,0,0,0,,,,,,,,
101284260,Crashes_2010_2019_MPO,2016-07-12,2016,36.032,-86.7837,True,0,0,0,,,,,,,,
101284073,Crashes_2010_2019_MPO,2016-07-12,2016,36.04012,-86.76685,False,0,0,0,,,,,,,,
101284745,Crashes_2010_2019_MPO,2016-07-12,2016,36.03326,-86.78489,True,0,0,0,,,,,,,,
101284611,Crashes_2010_2019_MPO,2016-07-12,2016,35.97072,-86.80602,True,0,0,1,,,,,,,,
101284138,Crashes_2010_2019_MPO,2016-07-12,2016,35.9583,-86.8023,False,0,0,0,,,,,,,,
101284589,Crashes_2010_2019_MPO,2016-07-12,2016,36.04891,-86.7137,False,0,0,0,,,,,,,,
101284406,Crashes_2010_2019_MPO,2016-07-12,2016,35.98524,-86.72968,True,0,0,0,,,,,,,,
101284744,Crashes_2010_2019_MPO,2016-07-12,2016,35.9627,-86.80146,True,0,0,0,,,,,,,,
101284381,Crashes_2010_2019_MPO,2016-07-12,2016,35.94465,-86.80908,False,0,0,0,,,,,,,,
101284309,Crashes_2010_2019_MPO,2016-07-12,2016,35.94664,-86.83154,False,0,0,0,,,,,,,,
101285199,Crashes_2010_2019_MPO,2016-07-12,2016,36.03913,-86.78184,False,0,0,0,,,,,,,,
101285435,Crashes_2010_2019_MPO,2016-07-12,2016,35.9706,-86.80606,True,0,0,0,,,,,,,,
101284430,Crashes_2010_2019_MPO,2016-07-12,2016,36.04115,-86.77876,False,0,0,0,,,,,,,,
101284494,Crashes_2010_2019_MPO,2016-07-12,2016,35.95975,-86.80234,False,0,0,0,,,,,,,,
101301556,Crashes_2010_2019_MPO,2016-07-13,2016,35.9416,-86.82154,False,0,0,0,,,,,,,,
101284974,Crashes_2010_2019_MPO,2016-07-13,2016,35.96681,-86.81119,True,0,0,0,,,,,,,,
101284956,Crashes_2010_2019_MPO,2016-07-13,2016,36.00208,-86.77995,True,0,0,0,,,,,,,,
101284800,Crashes_2010_2019_MPO,2016-07-13,2016,36.0045,-86.7906,True,0,0,0,,,,,,,,
101285060,Crashes_2010_2019_MPO,2016-07-13,2016,36.04569,-86.72058,False,0,0,0,,,,,,,,
101285207,Crashes_2010_2019_MPO,2016-07-13,2016,35.97573,-86.80453,True,0,0,1,,,,,,,,
101284855,Crashes_2010_2019_MPO,2016-07-13,2016,35.93285,-86.87739,False,0,0,0,,,,,,,,
101285056,Crashes_2010_2019_MPO,2016-07-13,2016,36.04563,-86.71058,False,0,0,0,,,,,,,,
101284758,Crashes_2010_2019_MPO,2016-07-13,2016,36.0205,-86.78268,True,0,0,0,,,,,,,,
101285254,Crashes_2010_2019_MPO,2016-07-13,2016,35.96726,-86.81431,True,0,0,0,,,,,,,,
101284913,Crashes_2010_2019_MPO,2016-07-13,2016,35.92408,-86.87608,False,0,0,0,,,,,,,,
101284984,Crashes_2010_2019_MPO,2016-07-13,2016,35.98406,-86.71639,True,0,0,0,,,,,,,,
101324938,Crashes_2010_2019_MPO,2016-07-13,2016,36.04205,-86.83278,False,0,0,0,,,,,,,,
101285063,Crashes_2010_2019_MPO,2016-07-13,2016,35.92443,-86.8239,False,0,0,0,,,,,,,,
101285408,Crashes_2010_2019_MPO,2016-07-14,2016,35.99514,-86.77444,True,0,0,0,,,,,,,,
101285305,Crashes_2010_2019_MPO,2016-07-14,2016,36.0522,-86.74309,False,0,0,0,,,,,,,,
101285806,Crashes_2010_2019_MPO,2016-07-14,2016,35.92493,-86.86519,False,0,0,0,,,,,,,,
101285388,Crashes_2010_2019_MPO,2016-07-14,2016,36.03388,-86.79031,True,0,0,0,,,,,,,,
101285405,Crashes_2010_2019_MPO,2016-07-14,2016,36.03428,-86.78337,True,0,0,0,,,,,,,,
101285749,Crashes_2010_2019_MPO,2016-07-14,2016,35.94652,-86.80946,False,0,0,0,,,,,,,,