record_no,source_layer,collision_ts,crash_year,latitude,longitude,in_city,fatalities,non_motorists,truck_involved,serious_injuries,pedestrian,bicycle,crash_type,manner_of_collision,lighting,weather,first_harmful_event
101285739,Crashes_2010_2019_MPO,2016-07-14,2016,36.04873,-86.76093,False,0,0,0,,,,,,,,
101285620,Crashes_2010_2019_MPO,2016-07-14,2016,35.92413,-86.87177,False,0,0,0,,,,,,,,
101285779,Crashes_2010_2019_MPO,2016-07-14,2016,35.95824,-86.80206,False,0,0,0,,,,,,,,
101285403,Crashes_2010_2019_MPO,2016-07-14,2016,36.03868,-86.71295,False,0,0,0,,,,,,,,
101285740,Crashes_2010_2019_MPO,2016-07-14,2016,35.9576,-86.81056,False,0,0,0,,,,,,,,
101285499,Crashes_2010_2019_MPO,2016-07-14,2016,36.01378,-86.73829,False,0,0,0,,,,,,,,
101285526,Crashes_2010_2019_MPO,2016-07-14,2016,36.03449,-86.80251,True,0,0,0,,,,,,,,
101304040,Crashes_2010_2019_MPO,2016-07-14,2016,35.97233,-86.80546,True,0,0,1,,,,,,,,
101285811,Crashes_2010_2019_MPO,2016-07-14,2016,36.04454,-86.74402,False,0,0,0,,,,,,,,
101285756,Crashes_2010_2019_MPO,2016-07-14,2016,35.95214,-86.81248,False,0,0,0,,,,,,,,
101286842,Crashes_2010_2019_MPO,2016-07-14,2016,35.96659,-86.80975,True,0,0,0,,,,,,,,
101286351,Crashes_2010_2019_MPO,2016-07-15,2016,36.0374,-86.78657,False,0,0,0,,,,,,,,
101286568,Crashes_2010_2019_MPO,2016-07-15,2016,36.04869,-86.7345,False,0,0,0,,,,,,,,
101286457,Crashes_2010_2019_MPO,2016-07-15,2016,36.04228,-86.74399,False,0,0,0,,,,,,,,
101286236,Crashes_2010_2019_MPO,2016-07-15,2016,36.04886,-86.8684,False,0,0,0,,,,,,,,
101286310,Crashes_2010_2019_MPO,2016-07-15,2016,35.95214,-86.81248,False,0,0,0,,,,,,,,
101286741,Crashes_2010_2019_MPO,2016-07-15,2016,35.94559,-86.82312,False,0,0,0,,,,,,,,
101286628,Crashes_2010_2019_MPO,2016-07-15,2016,36.0404,-86.7694,False,0,0,0,,,,,,,,
101287289,Crashes_2010_2019_MPO,2016-07-15,2016,35.95015,-86.84906,False,0,0,0,,,,,,,,
101286532,Crashes_2010_2019_MPO,2016-07-15,2016,35.96518,-86.80029,True,0,0,0,,,,,,,,
101286413,Crashes_2010_2019_MPO,2016-07-15,2016,35.92619,-86.76719,False,0,0,0,,,,,,,,
101286318,Crashes_2010_2019_MPO,2016-07-15,2016,35.94686,-86.81163,False,0,0,0,,,,,,,,
101286526,Crashes_2010_2019_MPO,2016-07-15,2016,36.0374,-86.78657,False,0,0,0,,,,,,,,
101286627,Crashes_2010_2019_MPO,2016-07-15,2016,36.04526,-86.71704,False,0,0,0,,,,,,,,
101286055,Crashes_2010_2019_MPO,2016-07-15,2016,36.03968,-86.78158,False,0,0,0,,,,,,,,
101287079,Crashes_2010_2019_MPO,2016-07-16,2016,35.9977,-86.69105,False,0,0,0,,,,,,,,
101287048,Crashes_2010_2019_MPO,2016-07-16,2016,35.95661,-86.81119,False,0,0,0,,,,,,,,
101286840,Crashes_2010_2019_MPO,2016-07-16,2016,35.96498,-86.72757,True,0,0,0,,,,,,,,
101287067,Crashes_2010_2019_MPO,2016-07-16,2016,35.92935,-86.85618,False,0,0,0,,,,,,,,
101288702,Crashes_2010_2019_MPO,2016-07-16,2016,36.04089,-86.74369,False,0,0,0,,,,,,,,
101287346,Crashes_2010_2019_MPO,2016-07-16,2016,36.04482,-86.7248,False,0,0,0,,,,,,,,
101286725,Crashes_2010_2019_MPO,2016-07-16,2016,36.02788,-86.74394,False,0,0,0,,,,,,,,
101287279,Crashes_2010_2019_MPO,2016-07-17,2016,36.04464,-86.69472,False,0,0,0,,,,,,,,
101287817,Crashes_2010_2019_MPO,2016-07-17,2016,36.04495,-86.7245,False,0,0,0,,,,,,,,
101288193,Crashes_2010_2019_MPO,2016-07-18,2016,35.98826,-86.73963,True,0,0,0,,,,,,,,
101288324,Crashes_2010_2019_MPO,2016-07-18,2016,35.95035,-86.81896,False,0,0,0,,,,,,,,
101288225,Crashes_2010_2019_MPO,2016-07-18,2016,35.96742,-86.81346,True,0,0,0,,,,,,,,
101288079,Crashes_2010_2019_MPO,2016-07-18,2016,35.9962,-86.78593,True,0,0,0,,,,,,,,
101288304,Crashes_2010_2019_MPO,2016-07-18,2016,36.02547,-86.71305,False,0,0,0,,,,,,,,
101287939,Crashes_2010_2019_MPO,2016-07-18,2016,35.96663,-86.80999,True,0,0,0,,,,,,,,
101287974,Crashes_2010_2019_MPO,2016-07-18,2016,35.96662,-86.80991,True,0,0,0,,,,,,,,
101288296,Crashes_2010_2019_MPO,2016-07-18,2016,36.04048,-86.7826,False,0,0,1,,,,,,,,
101288414,Crashes_2010_2019_MPO,2016-07-18,2016,35.93541,-86.82372,False,0,0,0,,,,,,,,
101287898,Crashes_2010_2019_MPO,2016-07-18,2016,36.03614,-86.79498,True,0,0,0,,,,,,,,
101288547,Crashes_2010_2019_MPO,2016-07-18,2016,35.94114,-86.83623,False,0,0,0,,,,,,,,
101287959,Crashes_2010_2019_MPO,2016-07-18,2016,35.94631,-86.8236,False,0,0,0,,,,,,,,
101288026,Crashes_2010_2019_MPO,2016-07-18,2016,36.03994,-86.76509,False,0,0,0,,,,,,,,
101288653,Crashes_2010_2019_MPO,2016-07-19,2016,35.93497,-86.82169,False,0,0,0,,,,,,,,
101289151,Crashes_2010_2019_MPO,2016-07-19,2016,35.96793,-86.81319,True,0,0,0,,,,,,,,
101288869,Crashes_2010_2019_MPO,2016-07-19,2016,36.03256,-86.7687,False,0,0,0,,,,,,,,
101288945,Crashes_2010_2019_MPO,2016-07-19,2016,36.04352,-86.68879,False,0,0,0,,,,,,,,
101288704,Crashes_2010_2019_MPO,2016-07-19,2016,36.01378,-86.73829,False,0,0,0,,,,,,,,
101315340,Crashes_2010_2019_MPO,2016-07-19,2016,36.03786,-86.78646,False,0,0,0,,,,,,,,
101288796,Crashes_2010_2019_MPO,2016-07-19,2016,36.03302,-86.71289,False,0,0,0,,,,,,,,
101288807,Crashes_2010_2019_MPO,2016-07-19,2016,35.94588,-86.81042,False,0,0,0,,,,,,,,
101288606,Crashes_2010_2019_MPO,2016-07-19,2016,35.95792,-86.80256,False,0,0,0,,,,,,,,
101288524,Crashes_2010_2019_MPO,2016-07-19,2016,35.98111,-86.84624,False,0,0,0,,,,,,,,
101288856,Crashes_2010_2019_MPO,2016-07-19,2016,36.03324,-86.77627,False,0,0,0,,,,,,,,
101288523,Crashes_2010_2019_MPO,2016-07-19,2016,35.96349,-86.81053,False,0,0,0,,,,,,,,
101288711,Crashes_2010_2019_MPO,2016-07-19,2016,35.92529,-86.82464,False,0,0,0,,,,,,,,
101288516,Crashes_2010_2019_MPO,2016-07-19,2016,36.03941,-86.78253,False,0,0,0,,,,,,,,
101288835,Crashes_2010_2019_MPO,2016-07-19,2016,35.95675,-86.80313,False,0,0,0,,,,,,,,
101299948,Crashes_2010_2019_MPO,2016-07-20,2016,35.98326,-86.71737,True,0,0,0,,,,,,,,
101302493,Crashes_2010_2019_MPO,2016-07-20,2016,35.95821,-86.80268,False,0,0,0,,,,,,,,
101299554,Crashes_2010_2019_MPO,2016-07-20,2016,36.04534,-86.71348,False,0,0,0,,,,,,,,
101289128,Crashes_2010_2019_MPO,2016-07-20,2016,36.04815,-86.86582,False,0,0,0,,,,,,,,
101289255,Crashes_2010_2019_MPO,2016-07-20,2016,36.03331,-86.67855,False,0,0,0,,,,,,,,
101299626,Crashes_2010_2019_MPO,2016-07-20,2016,36.04012,-86.78074,False,0,0,0,,,,,,,,
101289500,Crashes_2010_2019_MPO,2016-07-20,2016,35.95383,-86.80405,False,0,0,0,,,,,,,,
101289356,Crashes_2010_2019_MPO,2016-07-20,2016,35.93218,-86.79403,False,0,0,0,,,,,,,,
101289154,Crashes_2010_2019_MPO,2016-07-20,2016,36.04382,-86.71309,False,0,0,0,,,,,,,,
101289308,Crashes_2010_2019_MPO,2016-07-20,2016,36.04001,-86.74347,False,0,0,0,,,,,,,,
101299930,Crashes_2010_2019_MPO,2016-07-20,2016,36.04482,-86.7248,False,0,0,0,,,,,,,,
101289372,Crashes_2010_2019_MPO,2016-07-20,2016,36.03349,-86.78126,True,0,0,0,,,,,,,,
101289486,Crashes_2010_2019_MPO,2016-07-20,2016,35.93656,-86.81041,False,0,1,0,,,,,,,,
101299912,Crashes_2010_2019_MPO,2016-07-20,2016,35.98578,-86.73391,True,0,0,0,,,,,,,,
101289484,Crashes_2010_2019_MPO,2016-07-20,2016,35.93538,-86.82499,False,0,0,0,,,,,,,,
101289169,Crashes_2010_2019_MPO,2016-07-20,2016,35.99725,-86.79684,True,0,0,0,,,,,,,,
101300170,Crashes_2010_2019_MPO,2016-07-20,2016,35.96681,-86.81119,True,0,0,0,,,,,,,,
101302479,Crashes_2010_2019_MPO,2016-07-20,2016,35.9333,-86.81178,False,0,0,0,,,,,,,,
101289324,Crashes_2010_2019_MPO,2016-07-20,2016,35.95772,-86.80261,False,0,0,0,,,,,,,,
101289325,Crashes_2010_2019_MPO,2016-07-20,2016,35.9407,-86.83934,False,0,0,0,,,,,,,,
101289363,Crashes_2010_2019_MPO,2016-07-20,2016,36.0374,-86.78657,False,0,0,0,,,,,,,,
101289393,Crashes_2010_2019_MPO,2016-07-20,2016,35.96716,-86.81351,True,0,0,0,,,,,,,,
101289485,Crashes_2010_2019_MPO,2016-07-20,2016,35.95117,-86.81837,False,0,0,0,,,,,,,,
101300267,Crashes_2010_2019_MPO,2016-07-21,2016,36.03735,-86.785,False,0,0,0,,,,,,,,
101300265,Crashes_2010_2019_MPO,2016-07-21,2016,36.0453,-86.70165,False,0,0,0,,,,,,,,
101300698,Crashes_2010_2019_MPO,2016-07-21,2016,35.9631,-86.80114,True,0,0,0,,,,,,,,
101300291,Crashes_2010_2019_MPO,2016-07-21,2016,35.94005,-86.83114,False,0,0,0,,,,,,,,
101300344,Crashes_2010_2019_MPO,2016-07-21,2016,36.01764,-86.75886,True,0,0,0,,,,,,,,
101300120,Crashes_2010_2019_MPO,2016-07-21,2016,36.03997,-86.78091,False,0,0,0,,,,,,,,
101300697,Crashes_2010_2019_MPO,2016-07-21,2016,36.03414,-86.78827,True,0,0,0,,,,,,,,
101299856,Crashes_2010_2019_MPO,2016-07-21,2016,36.04482,-86.7248,False,0,0,0,,,,,,,,
101300003,Crashes_2010_2019_MPO,2016-07-21,2016,36.0409,-86.77938,False,0,0,0,,,,,,,,
101300785,Crashes_2010_2019_MPO,2016-07-22,2016,36.0409,-86.77938,False,0,0,0,,,,,,,,
101301077,Crashes_2010_2019_MPO,2016-07-22,2016,36.04302,-86.74413,False,0,0,0,,,,,,,,
101301175,Crashes_2010_2019_MPO,2016-07-22,2016,35.93303,-86.72863,False,0,0,0,,,,,,,,
101300757,Crashes_2010_2019_MPO,2016-07-22,2016,35.9775,-86.8533,False,0,0,0,,,,,,,,
101300827,Crashes_2010_2019_MPO,2016-07-22,2016,36.05188,-86.71447,False,0,0,0,,,,,,,,
101301177,Crashes_2010_2019_MPO,2016-07-22,2016,36.04701,-86.71346,False,0,0,0,,,,,,,,
101300689,Crashes_2010_2019_MPO,2016-07-22,2016,36.04698,-86.86301,False,0,0,0,,,,,,,,
101301064,Crashes_2010_2019_MPO,2016-07-22,2016,36.03729,-86.78763,False,0,0,0,,,,,,,,
101300987,Crashes_2010_2019_MPO,2016-07-22,2016,36.0354,-86.78301,False,0,0,0,,,,,,,,
101300713,Crashes_2010_2019_MPO,2016-07-22,2016,36.03978,-86.78148,False,0,0,0,,,,,,,,
101301102,Crashes_2010_2019_MPO,2016-07-22,2016,36.04527,-86.71426,False,0,0,0,,,,,,,,
101301558,Crashes_2010_2019_MPO,2016-07-23,2016,35.95819,-86.81518,False,0,0,0,,,,,,,,
101301571,Crashes_2010_2019_MPO,2016-07-23,2016,36.04441,-86.78039,False,0,0,0,,,,,,,,
101301673,Crashes_2010_2019_MPO,2016-07-23,2016,35.9913,-86.79915,True,0,0,0,,,,,,,,
101301605,Crashes_2010_2019_MPO,2016-07-23,2016,35.97278,-86.80531,True,0,0,0,,,,,,,,
101301414,Crashes_2010_2019_MPO,2016-07-23,2016,36.03926,-86.7825,False,0,0,0,,,,,,,,
101301717,Crashes_2010_2019_MPO,2016-07-23,2016,35.93159,-86.81202,False,0,0,0,,,,,,,,
101301413,Crashes_2010_2019_MPO,2016-07-23,2016,36.04546,-86.70403,False,0,0,0,,,,,,,,
101301684,Crashes_2010_2019_MPO,2016-07-23,2016,35.92641,-86.82447,False,0,0,0,,,,,,,,
101302191,Crashes_2010_2019_MPO,2016-07-24,2016,35.95411,-86.81553,False,0,0,0,,,,,,,,
101301904,Crashes_2010_2019_MPO,2016-07-24,2016,36.03996,-86.78131,False,0,0,0,,,,,,,,
101302379,Crashes_2010_2019_MPO,2016-07-24,2016,35.95526,-86.82588,False,0,0,0,,,,,,,,
101389513,Crashes_2010_2019_MPO,2016-07-24,2016,36.04545,-86.71243,False,0,0,0,,,,,,,,
101301966,Crashes_2010_2019_MPO,2016-07-24,2016,36.03752,-86.78567,False,0,0,0,,,,,,,,
101301769,Crashes_2010_2019_MPO,2016-07-24,2016,36.04543,-86.70361,False,0,0,0,,,,,,,,
101302160,Crashes_2010_2019_MPO,2016-07-24,2016,35.99227,-86.79881,True,0,0,0,,,,,,,,
101315337,Crashes_2010_2019_MPO,2016-07-25,2016,36.01559,-86.7406,False,0,0,0,,,,,,,,
101303222,Crashes_2010_2019_MPO,2016-07-25,2016,36.04955,-86.74351,False,0,0,0,,,,,,,,
101302520,Crashes_2010_2019_MPO,2016-07-25,2016,35.94738,-86.82047,False,0,0,0,,,,,,,,
101302430,Crashes_2010_2019_MPO,2016-07-25,2016,35.99752,-86.79667,True,0,0,0,,,,,,,,
101302803,Crashes_2010_2019_MPO,2016-07-25,2016,35.95591,-86.81142,False,0,0,0,,,,,,,,
101302531,Crashes_2010_2019_MPO,2016-07-25,2016,35.96716,-86.81351,True,0,0,0,,,,,,,,
101302646,Crashes_2010_2019_MPO,2016-07-25,2016,35.93215,-86.79441,False,0,0,0,,,,,,,,
101302511,Crashes_2010_2019_MPO,2016-07-25,2016,35.92648,-86.8663,False,0,0,0,,,,,,,,
101302990,Crashes_2010_2019_MPO,2016-07-25,2016,35.97925,-86.82304,True,0,0,0,,,,,,,,
101302764,Crashes_2010_2019_MPO,2016-07-25,2016,36.04001,-86.74347,False,0,0,0,,,,,,,,
101303469,Crashes_2010_2019_MPO,2016-07-26,2016,35.99817,-86.6917,False,0,0,0,,,,,,,,
101303416,Crashes_2010_2019_MPO,2016-07-26,2016,35.95681,-86.80307,False,0,0,0,,,,,,,,
101315336,Crashes_2010_2019_MPO,2016-07-26,2016,36.03261,-86.76932,False,0,0,0,,,,,,,,
101303428,Crashes_2010_2019_MPO,2016-07-26,2016,35.94429,-86.81291,False,0,0,1,,,,,,,,
101303225,Crashes_2010_2019_MPO,2016-07-26,2016,35.93423,-86.81894,False,0,0,0,,,,,,,,
101304090,Crashes_2010_2019_MPO,2016-07-26,2016,35.96592,-86.80354,True,0,0,0,,,,,,,,
101303089,Crashes_2010_2019_MPO,2016-07-26,2016,36.04026,-86.8164,False,0,0,0,,,,,,,,
101303904,Crashes_2010_2019_MPO,2016-07-26,2016,35.99783,-86.80997,True,0,0,0,,,,,,,,
101304092,Crashes_2010_2019_MPO,2016-07-26,2016,35.96683,-86.81362,True,0,0,0,,,,,,,,
101303622,Crashes_2010_2019_MPO,2016-07-26,2016,35.92592,-86.87126,False,0,0,0,,,,,,,,
101304300,Crashes_2010_2019_MPO,2016-07-26,2016,35.92585,-86.77985,False,0,0,0,,,,,,,,
101304091,Crashes_2010_2019_MPO,2016-07-26,2016,35.96223,-86.81602,True,0,0,0,,,,,,,,
101303415,Crashes_2010_2019_MPO,2016-07-26,2016,35.95991,-86.80184,False,0,0,0,,,,,,,,
101303593,Crashes_2010_2019_MPO,2016-07-26,2016,36.04727,-86.86261,False,0,0,0,,,,,,,,
101304451,Crashes_2010_2019_MPO,2016-07-27,2016,35.95902,-86.80213,False,0,0,0,,,,,,,,
101314925,Crashes_2010_2019_MPO,2016-07-27,2016,35.92554,-86.86562,False,0,0,0,,,,,,,,
101304304,Crashes_2010_2019_MPO,2016-07-27,2016,35.92317,-86.81685,False,0,0,0,,,,,,,,
101304301,Crashes_2010_2019_MPO,2016-07-27,2016,35.95008,-86.81892,False,0,0,0,,,,,,,,
101304140,Crashes_2010_2019_MPO,2016-07-27,2016,36.04479,-86.72487,False,0,0,0,,,,,,,,
101304141,Crashes_2010_2019_MPO,2016-07-27,2016,36.03256,-86.7687,False,0,0,0,,,,,,,,
101304368,Crashes_2010_2019_MPO,2016-07-27,2016,36.03745,-86.78622,False,0,0,0,,,,,,,,
101314739,Crashes_2010_2019_MPO,2016-07-27,2016,36.04742,-86.86316,False,0,0,0,,,,,,,,
101304477,Crashes_2010_2019_MPO,2016-07-27,2016,36.04579,-86.85574,False,0,0,0,,,,,,,,
101304450,Crashes_2010_2019_MPO,2016-07-27,2016,35.96681,-86.81119,True,0,0,0,,,,,,,,
101303830,Crashes_2010_2019_MPO,2016-07-27,2016,36.03948,-86.78177,False,0,0,0,,,,,,,,
101315371,Crashes_2010_2019_MPO,2016-07-28,2016,35.9326,-86.84705,False,0,0,0,,,,,,,,
101314816,Crashes_2010_2019_MPO,2016-07-28,2016,36.03773,-86.67726,False,0,0,0,,,,,,,,
101314875,Crashes_2010_2019_MPO,2016-07-28,2016,35.9608,-86.80973,False,0,0,0,,,,,,,,
101315195,Crashes_2010_2019_MPO,2016-07-28,2016,35.94703,-86.82191,False,0,0,0,,,,,,,,
101315238,Crashes_2010_2019_MPO,2016-07-28,2016,36.02664,-86.72016,False,0,0,0,,,,,,,,
101315018,Crashes_2010_2019_MPO,2016-07-28,2016,35.97319,-86.83244,True,0,0,0,,,,,,,,
101315022,Crashes_2010_2019_MPO,2016-07-28,2016,35.93374,-86.81767,False,0,0,0,,,,,,,,
101316485,Crashes_2010_2019_MPO,2016-07-28,2016,35.96499,-86.72753,True,0,0,0,,,,,,,,
101314735,Crashes_2010_2019_MPO,2016-07-28,2016,36.04526,-86.70116,False,0,0,0,,,,,,,,
101315222,Crashes_2010_2019_MPO,2016-07-28,2016,35.9583,-86.8023,False,0,0,0,,,,,,,,
101315237,Crashes_2010_2019_MPO,2016-07-28,2016,36.04296,-86.84196,False,0,0,0,,,,,,,,
101314908,Crashes_2010_2019_MPO,2016-07-28,2016,36.033177,-86.799256,True,0,0,0,,,,,,,,
101316355,Crashes_2010_2019_MPO,2016-07-28,2016,36.02592,-86.74316,False,0,0,0,,,,,,,,
101315044,Crashes_2010_2019_MPO,2016-07-28,2016,35.96716,-86.81351,True,0,0,0,,,,,,,,
101314746,Crashes_2010_2019_MPO,2016-07-28,2016,36.04548,-86.70443,False,0,0,0,,,,,,,,
101315879,Crashes_2010_2019_MPO,2016-07-29,2016,35.94782,-86.81975,False,0,0,0,,,,,,,,
101315964,Crashes_2010_2019_MPO,2016-07-29,2016,36.02931,-86.784,True,0,0,0,,,,,,,,
101316902,Crashes_2010_2019_MPO,2016-07-29,2016,35.95212,-86.81784,False,0,0,0,,,,,,,,
101316085,Crashes_2010_2019_MPO,2016-07-29,2016,35.95594,-86.83223,False,0,0,0,,,,,,,,
101315810,Crashes_2010_2019_MPO,2016-07-29,2016,36.03934,-86.78566,False,0,0,0,,,,,,,,
101315548,Crashes_2010_2019_MPO,2016-07-29,2016,36.03599,-86.7872,True,0,0,1,,,,,,,,
101315676,Crashes_2010_2019_MPO,2016-07-29,2016,35.9982,-86.69175,False,0,0,0,,,,,,,,
101315958,Crashes_2010_2019_MPO,2016-07-29,2016,35.95223,-86.81627,False,0,0,0,,,,,,,,
101315880,Crashes_2010_2019_MPO,2016-07-29,2016,35.95445,-86.81628,False,0,0,0,,,,,,,,
101316024,Crashes_2010_2019_MPO,2016-07-29,2016,36.03944,-86.81644,False,0,0,0,,,,,,,,
101317710,Crashes_2010_2019_MPO,2016-07-29,2016,36.05412,-86.68267,False,0,0,0,,,,,,,,
101317731,Crashes_2010_2019_MPO,2016-07-29,2016,35.94679,-86.82393,False,0,0,0,,,,,,,,
101316034,Crashes_2010_2019_MPO,2016-07-29,2016,36.03287,-86.79835,True,0,0,0,,,,,,,,
101315929,Crashes_2010_2019_MPO,2016-07-29,2016,36.0374,-86.78657,False,0,0,0,,,,,,,,
101315650,Crashes_2010_2019_MPO,2016-07-29,2016,35.94908,-86.75095,True,0,0,0,,,,,,,,
101315750,Crashes_2010_2019_MPO,2016-07-29,2016,35.99771,-86.79795,True,0,0,0,,,,,,,,
101316100,Crashes_2010_2019_MPO,2016-07-29,2016,36.04284,-86.84097,False,0,0,0,,,,,,,,
101316110,Crashes_2010_2019_MPO,2016-07-29,2016,36.04802,-86.71358,False,0,0,0,,,,,,,,
101317163,Crashes_2010_2019_MPO,2016-07-29,2016,35.96663,-86.80998,True,0,0,0,,,,,,,,
101315906,Crashes_2010_2019_MPO,2016-07-29,2016,35.97438,-86.83209,True,0,0,0,,,,,,,,
101315772,Crashes_2010_2019_MPO,2016-07-29,2016,36.03204,-86.71272,False,0,0,1,,,,,,,,
101316060,Crashes_2010_2019_MPO,2016-07-29,2016,35.96085,-86.79991,True,0,0,0,,,,,,,,
101316854,Crashes_2010_2019_MPO,2016-07-30,2016,36.05478,-86.72842,False,0,0,0,,,,,,,,
101317012,Crashes_2010_2019_MPO,2016-07-30,2016,35.95198,-86.81788,False,0,0,0,,,,,,,,
101316859,Crashes_2010_2019_MPO,2016-07-30,2016,36.0421,-86.70332,False,0,0,1,,,,,,,,
101317375,Crashes_2010_2019_MPO,2016-07-30,2016,36.0409,-86.77938,False,0,0,0,,,,,,,,
101316826,Crashes_2010_2019_MPO,2016-07-30,2016,36.03508,-86.70938,False,0,0,0,,,,,,,,
101316752,Crashes_2010_2019_MPO,2016-07-30,2016,36.04548,-86.71207,False,0,0,0,,,,,,,,
101317520,Crashes_2010_2019_MPO,2016-07-31,2016,35.9693,-86.80651,True,0,0,0,,,,,,,,
101317558,Crashes_2010_2019_MPO,2016-07-31,2016,35.96518,-86.80029,True,0,0,0,,,,,,,,
101317127,Crashes_2010_2019_MPO,2016-07-31,2016,36.0453,-86.70168,False,0,0,0,,,,,,,,
101317248,Crashes_2010_2019_MPO,2016-07-31,2016,35.95263,-86.81542,False,0,0,0,,,,,,,,
101317549,Crashes_2010_2019_MPO,2016-07-31,2016,35.97064,-86.80605,True,0,0,0,,,,,,,,
101351111,Crashes_2010_2019_MPO,2016-07-31,2016,36.03931,-86.72906,False,1,0,0,,,,,,,,
101317247,Crashes_2010_2019_MPO,2016-07-31,2016,35.96463,-86.81117,False,0,0,0,,,,,,,,
101317401,Crashes_2010_2019_MPO,2016-07-31,2016,35.92755,-86.87423,False,0,0,0,,,,,,,,
101318117,Crashes_2010_2019_MPO,2016-08-01,2016,36.04441,-86.78039,False,0,0,0,,,,,,,,
101318204,Crashes_2010_2019_MPO,2016-08-01,2016,35.94059,-86.83374,False,0,0,0,,,,,,,,
101317712,Crashes_2010_2019_MPO,2016-08-01,2016,36.05044,-86.69123,False,0,0,0,,,,,,,,
101317911,Crashes_2010_2019_MPO,2016-08-01,2016,36.05275,-86.68627,False,0,0,0,,,,,,,,
101318115,Crashes_2010_2019_MPO,2016-08-01,2016,36.00984,-86.84524,False,0,0,0,,,,,,,,
101318163,Crashes_2010_2019_MPO,2016-08-01,2016,35.9325,-86.86247,False,0,0,0,,,,,,,,
101317877,Crashes_2010_2019_MPO,2016-08-01,2016,35.96109,-86.80936,False,0,0,0,,,,,,,,
101318223,Crashes_2010_2019_MPO,2016-08-01,2016,35.96173,-86.80183,True,0,0,0,,,,,,,,
101320495,Crashes_2010_2019_MPO,2016-08-01,2016,35.95361,-86.73168,True,0,0,0,,,,,,,,
101317827,Crashes_2010_2019_MPO,2016-08-01,2016,36.02519,-86.79326,True,0,0,0,,,,,,,,
101318685,Crashes_2010_2019_MPO,2016-08-01,2016,36.04127,-86.78251,False,0,0,0,,,,,,,,
101317941,Crashes_2010_2019_MPO,2016-08-01,2016,36.02157,-86.71154,False,0,0,0,,,,,,,,
101318613,Crashes_2010_2019_MPO,2016-08-01,2016,35.98618,-86.80066,True,0,0,0,,,,,,,,
101322610,Crashes_2010_2019_MPO,2016-08-01,2016,35.99751,-86.69078,False,0,0,0,,,,,,,,
101317691,Crashes_2010_2019_MPO,2016-08-01,2016,35.99671,-86.71049,True,0,0,0,,,,,,,,
101318913,Crashes_2010_2019_MPO,2016-08-01,2016,36.04208,-86.78232,False,0,0,1,,,,,,,,
101318084,Crashes_2010_2019_MPO,2016-08-01,2016,35.9583,-86.8023,False,0,0,0,,,,,,,,
101318005,Crashes_2010_2019_MPO,2016-08-01,2016,36.00471,-86.79027,True,0,0,0,,,,,,,,
101317793,Crashes_2010_2019_MPO,2016-08-01,2016,36.03283,-86.79772,True,0,0,0,,,,,,,,
101318018,Crashes_2010_2019_MPO,2016-08-01,2016,35.98016,-86.77064,True,0,0,0,,,,,,,,
101318143,Crashes_2010_2019_MPO,2016-08-01,2016,36.04094,-86.78255,False,0,0,0,,,,,,,,
101317846,Crashes_2010_2019_MPO,2016-08-01,2016,35.9522,-86.81802,False,0,0,0,,,,,,,,
101318753,Crashes_2010_2019_MPO,2016-08-02,2016,35.93613,-86.87851,False,0,0,0,,,,,,,,
101318705,Crashes_2010_2019_MPO,2016-08-02,2016,35.95536,-86.82688,False,0,0,0,,,,,,,,
101318566,Crashes_2010_2019_MPO,2016-08-02,2016,35.94578,-86.82323,False,0,0,0,,,,,,,,
101318718,Crashes_2010_2019_MPO,2016-08-02,2016,35.97103,-86.72644,True,0,0,0,,,,,,,,
101319385,Crashes_2010_2019_MPO,2016-08-02,2016,35.98673,-86.7091,True,0,0,0,,,,,,,,
101318818,Crashes_2010_2019_MPO,2016-08-02,2016,36.04521,-86.71492,False,0,0,0,,,,,,,,
101318711,Crashes_2010_2019_MPO,2016-08-02,2016,36.02247,-86.70742,False,0,0,0,,,,,,,,
101318582,Crashes_2010_2019_MPO,2016-08-02,2016,35.94706,-86.82125,False,0,0,0,,,,,,,,
101318845,Crashes_2010_2019_MPO,2016-08-02,2016,35.94765,-86.81971,False,0,0,0,,,,,,,,
101318742,Crashes_2010_2019_MPO,2016-08-02,2016,35.97084,-86.72629,True,0,0,0,,,,,,,,
101318627,Crashes_2010_2019_MPO,2016-08-02,2016,35.95233,-86.84731,False,0,0,0,,,,,,,,
101318769,Crashes_2010_2019_MPO,2016-08-02,2016,36.03256,-86.7687,False,0,0,0,,,,,,,,
101319204,Crashes_2010_2019_MPO,2016-08-02,2016,35.96681,-86.81119,True,0,0,0,,,,,,,,
101318759,Crashes_2010_2019_MPO,2016-08-02,2016,35.94787,-86.81866,False,0,0,0,,,,,,,,
101319254,Crashes_2010_2019_MPO,2016-08-02,2016,35.98598,-86.73515,True,0,0,1,,,,,,,,
101318521,Crashes_2010_2019_MPO,2016-08-02,2016,36.02505,-86.71301,False,0,0,0,,,,,,,,
101318844,Crashes_2010_2019_MPO,2016-08-02,2016,35.9912,-86.68349,False,0,0,0,,,,,,,,
101319482,Crashes_2010_2019_MPO,2016-08-02,2016,36.04626,-86.67676,False,0,0,0,,,,,,,,
101318581,Crashes_2010_2019_MPO,2016-08-02,2016,35.93306,-86.81109,False,0,0,0,,,,,,,,
101318765,Crashes_2010_2019_MPO,2016-08-02,2016,35.94857,-86.81142,False,0,0,0,,,,,,,,
101318701,Crashes_2010_2019_MPO,2016-08-02,2016,35.99468,-86.76876,True,0,0,0,,,,,,,,
101329368,Crashes_2010_2019_MPO,2016-08-03,2016,36.04128,-86.77962,False,0,0,0,,,,,,,,
101319583,Crashes_2010_2019_MPO,2016-08-03,2016,35.95816,-86.82512,False,0,0,0,,,,,,,,
101319310,Crashes_2010_2019_MPO,2016-08-03,2016,35.96677,-86.81365,True,0,0,0,,,,,,,,
101319946,Crashes_2010_2019_MPO,2016-08-03,2016,35.95292,-86.81792,False,0,0,0,,,,,,,,