record_no,source_layer,collision_ts,crash_year,latitude,longitude,in_city,fatalities,non_motorists,truck_involved,serious_injuries,pedestrian,bicycle,crash_type,manner_of_collision,lighting,weather,first_harmful_event
101319472,Crashes_2010_2019_MPO,2016-08-03,2016,36.03457,-86.80273,True,0,0,0,,,,,,,,
101319709,Crashes_2010_2019_MPO,2016-08-03,2016,36.05226,-86.68152,False,0,1,0,,,,,,,,
101319584,Crashes_2010_2019_MPO,2016-08-03,2016,35.9574,-86.84323,False,0,0,0,,,,,,,,
101319384,Crashes_2010_2019_MPO,2016-08-03,2016,35.9355,-86.82334,False,0,0,0,,,,,,,,
101319555,Crashes_2010_2019_MPO,2016-08-03,2016,35.95463,-86.76688,True,0,0,0,,,,,,,,
101319490,Crashes_2010_2019_MPO,2016-08-03,2016,36.0176,-86.76263,True,0,0,0,,,,,,,,
101319568,Crashes_2010_2019_MPO,2016-08-03,2016,36.03825,-86.78634,False,0,0,0,,,,,,,,
101319527,Crashes_2010_2019_MPO,2016-08-03,2016,35.97953,-86.82291,True,0,0,0,,,,,,,,
101319585,Crashes_2010_2019_MPO,2016-08-03,2016,35.9295,-86.84135,False,0,0,0,,,,,,,,
101319383,Crashes_2010_2019_MPO,2016-08-03,2016,35.94632,-86.80926,False,0,0,0,,,,,,,,
101319225,Crashes_2010_2019_MPO,2016-08-03,2016,36.03336,-86.78872,True,0,0,0,,,,,,,,
101319654,Crashes_2010_2019_MPO,2016-08-03,2016,35.97103,-86.72644,True,0,0,0,,,,,,,,
101319112,Crashes_2010_2019_MPO,2016-08-03,2016,36.04153,-86.6776,False,0,0,0,,,,,,,,
101319851,Crashes_2010_2019_MPO,2016-08-04,2016,35.93373,-86.81798,False,0,0,0,,,,,,,,
101320526,Crashes_2010_2019_MPO,2016-08-04,2016,36.04514,-86.69925,False,0,0,0,,,,,,,,
101321741,Crashes_2010_2019_MPO,2016-08-04,2016,35.93562,-86.82387,False,0,0,0,,,,,,,,
101320203,Crashes_2010_2019_MPO,2016-08-04,2016,35.9407,-86.8316,False,0,0,0,,,,,,,,
101323084,Crashes_2010_2019_MPO,2016-08-04,2016,35.9745,-86.83141,True,0,0,0,,,,,,,,
101321647,Crashes_2010_2019_MPO,2016-08-04,2016,35.95212,-86.81784,False,0,0,0,,,,,,,,
101319889,Crashes_2010_2019_MPO,2016-08-04,2016,36.04544,-86.73913,False,0,0,0,,,,,,,,
101320844,Crashes_2010_2019_MPO,2016-08-04,2016,35.99336,-86.75871,True,0,0,0,,,,,,,,
101320154,Crashes_2010_2019_MPO,2016-08-04,2016,36.04114,-86.77621,False,0,0,0,,,,,,,,
101319941,Crashes_2010_2019_MPO,2016-08-04,2016,35.97814,-86.80345,True,0,0,0,,,,,,,,
101321366,Crashes_2010_2019_MPO,2016-08-04,2016,36.03047,-86.74398,False,0,0,0,,,,,,,,
101320533,Crashes_2010_2019_MPO,2016-08-04,2016,36.03463,-86.70767,False,0,0,0,,,,,,,,
101320621,Crashes_2010_2019_MPO,2016-08-04,2016,36.0443,-86.72542,False,0,0,0,,,,,,,,
101321852,Crashes_2010_2019_MPO,2016-08-04,2016,36.03,-86.79057,True,0,0,0,,,,,,,,
101320014,Crashes_2010_2019_MPO,2016-08-04,2016,35.92435,-86.86963,False,0,0,0,,,,,,,,
101319994,Crashes_2010_2019_MPO,2016-08-04,2016,36.04679,-86.71343,False,0,0,0,,,,,,,,
101320100,Crashes_2010_2019_MPO,2016-08-04,2016,36.0408,-86.78235,False,0,0,0,,,,,,,,
101320297,Crashes_2010_2019_MPO,2016-08-04,2016,35.9559,-86.81705,False,0,0,0,,,,,,,,
101319874,Crashes_2010_2019_MPO,2016-08-04,2016,35.95654,-86.83789,False,0,0,0,,,,,,,,
101319937,Crashes_2010_2019_MPO,2016-08-04,2016,36.04096,-86.7437,False,0,0,0,,,,,,,,
101320857,Crashes_2010_2019_MPO,2016-08-04,2016,36.02525,-86.78533,True,0,0,0,,,,,,,,
101320856,Crashes_2010_2019_MPO,2016-08-04,2016,35.99681,-86.79699,True,0,0,0,,,,,,,,
101321327,Crashes_2010_2019_MPO,2016-08-05,2016,35.99,-86.8474,False,0,0,0,,,,,,,,
101321823,Crashes_2010_2019_MPO,2016-08-05,2016,35.95265,-86.83113,False,0,0,0,,,,,,,,
101320882,Crashes_2010_2019_MPO,2016-08-05,2016,35.99104,-86.87629,False,0,0,0,,,,,,,,
101321820,Crashes_2010_2019_MPO,2016-08-05,2016,35.94778,-86.81994,False,0,0,0,,,,,,,,
101321261,Crashes_2010_2019_MPO,2016-08-05,2016,36.04146,-86.78019,False,0,0,0,,,,,,,,
101320947,Crashes_2010_2019_MPO,2016-08-05,2016,35.9361,-86.87851,False,0,0,0,,,,,,,,
101320853,Crashes_2010_2019_MPO,2016-08-05,2016,36.04084,-86.77103,False,0,0,0,,,,,,,,
101321821,Crashes_2010_2019_MPO,2016-08-05,2016,35.93223,-86.79404,False,0,0,0,,,,,,,,
101320948,Crashes_2010_2019_MPO,2016-08-05,2016,35.93127,-86.87663,False,0,0,0,,,,,,,,
101321853,Crashes_2010_2019_MPO,2016-08-05,2016,36.03311,-86.78673,True,0,0,0,,,,,,,,
101321819,Crashes_2010_2019_MPO,2016-08-05,2016,35.94616,-86.80856,False,0,0,0,,,,,,,,
101320973,Crashes_2010_2019_MPO,2016-08-05,2016,36.04113,-86.74375,False,0,0,0,,,,,,,,
101321822,Crashes_2010_2019_MPO,2016-08-05,2016,35.95526,-86.82588,False,0,0,0,,,,,,,,
101320988,Crashes_2010_2019_MPO,2016-08-05,2016,35.94044,-86.81678,False,0,0,0,,,,,,,,
101321521,Crashes_2010_2019_MPO,2016-08-06,2016,35.97773,-86.80384,True,0,0,0,,,,,,,,
101321882,Crashes_2010_2019_MPO,2016-08-06,2016,35.96659,-86.80971,True,0,0,0,,,,,,,,
101321831,Crashes_2010_2019_MPO,2016-08-06,2016,36.04342,-86.71304,False,0,0,0,,,,,,,,
101321837,Crashes_2010_2019_MPO,2016-08-06,2016,36.035547,-86.787462,True,0,0,0,,,,,,,,
101322287,Crashes_2010_2019_MPO,2016-08-06,2016,36.03841,-86.713,False,0,0,0,,,,,,,,
101321544,Crashes_2010_2019_MPO,2016-08-06,2016,36.03857,-86.71355,False,0,0,0,,,,,,,,
101329587,Crashes_2010_2019_MPO,2016-08-06,2016,36.04521,-86.7149,False,0,0,0,,,,,,,,
101322172,Crashes_2010_2019_MPO,2016-08-06,2016,35.98555,-86.71404,True,0,0,0,,,,,,,,
101325192,Crashes_2010_2019_MPO,2016-08-06,2016,35.96531,-86.70295,False,0,0,0,,,,,,,,
101322350,Crashes_2010_2019_MPO,2016-08-06,2016,36.05237,-86.70837,False,0,0,0,,,,,,,,
101322051,Crashes_2010_2019_MPO,2016-08-07,2016,35.96716,-86.81351,True,0,0,0,,,,,,,,
101322494,Crashes_2010_2019_MPO,2016-08-07,2016,35.99687,-86.68989,False,0,0,0,,,,,,,,
101323074,Crashes_2010_2019_MPO,2016-08-07,2016,35.97334,-86.83305,True,0,0,0,,,,,,,,
101322265,Crashes_2010_2019_MPO,2016-08-07,2016,36.030462,-86.801557,True,0,0,0,,,,,,,,
101322526,Crashes_2010_2019_MPO,2016-08-07,2016,36.0269,-86.68083,False,0,0,0,,,,,,,,
101322302,Crashes_2010_2019_MPO,2016-08-07,2016,35.96681,-86.81119,True,0,0,0,,,,,,,,
101322492,Crashes_2010_2019_MPO,2016-08-07,2016,35.99922,-86.80923,True,0,0,0,,,,,,,,
101322683,Crashes_2010_2019_MPO,2016-08-07,2016,35.99551,-86.77887,True,0,0,0,,,,,,,,
101323017,Crashes_2010_2019_MPO,2016-08-08,2016,36.034736,-86.78784,True,0,0,0,,,,,,,,
101322827,Crashes_2010_2019_MPO,2016-08-08,2016,35.92861,-86.82065,False,0,0,0,,,,,,,,
101323126,Crashes_2010_2019_MPO,2016-08-08,2016,35.92953,-86.84158,False,0,0,0,,,,,,,,
101323308,Crashes_2010_2019_MPO,2016-08-08,2016,36.03387,-86.69134,False,0,0,0,,,,,,,,
101323041,Crashes_2010_2019_MPO,2016-08-08,2016,35.93215,-86.79441,False,0,0,0,,,,,,,,
101323116,Crashes_2010_2019_MPO,2016-08-08,2016,35.939,-86.87929,False,0,0,0,,,,,,,,
101323086,Crashes_2010_2019_MPO,2016-08-08,2016,35.96036,-86.83608,False,0,0,0,,,,,,,,
101323451,Crashes_2010_2019_MPO,2016-08-08,2016,35.99532,-86.81943,True,0,0,0,,,,,,,,
101324171,Crashes_2010_2019_MPO,2016-08-08,2016,35.98325,-86.80167,True,0,0,0,,,,,,,,
101323405,Crashes_2010_2019_MPO,2016-08-08,2016,36.04681,-86.71343,False,0,0,0,,,,,,,,
101323089,Crashes_2010_2019_MPO,2016-08-08,2016,36.03358,-86.78944,True,0,0,0,,,,,,,,
101322927,Crashes_2010_2019_MPO,2016-08-08,2016,35.92517,-86.86748,False,0,0,0,,,,,,,,
101322823,Crashes_2010_2019_MPO,2016-08-08,2016,35.99923,-86.79577,True,0,0,0,,,,,,,,
101323068,Crashes_2010_2019_MPO,2016-08-08,2016,35.98618,-86.73622,True,0,0,0,,,,,,,,
101323361,Crashes_2010_2019_MPO,2016-08-09,2016,36.00853,-86.78005,True,0,0,0,,,,,,,,
101323506,Crashes_2010_2019_MPO,2016-08-09,2016,35.99999,-86.79542,True,0,0,0,,,,,,,,
101323715,Crashes_2010_2019_MPO,2016-08-09,2016,35.95924,-86.8021,False,0,0,0,,,,,,,,
101323725,Crashes_2010_2019_MPO,2016-08-09,2016,36.04574,-86.70902,False,0,0,0,,,,,,,,
101323500,Crashes_2010_2019_MPO,2016-08-09,2016,36.00418,-86.79114,True,0,0,0,,,,,,,,
101323823,Crashes_2010_2019_MPO,2016-08-09,2016,36.00838,-86.70115,False,0,0,0,,,,,,,,
101324390,Crashes_2010_2019_MPO,2016-08-09,2016,36.03614,-86.79498,True,0,0,0,,,,,,,,
101323559,Crashes_2010_2019_MPO,2016-08-09,2016,36.03747,-86.78608,False,0,0,0,,,,,,,,
101323501,Crashes_2010_2019_MPO,2016-08-09,2016,35.9975,-86.79618,True,0,0,0,,,,,,,,
101323868,Crashes_2010_2019_MPO,2016-08-09,2016,36.0369,-86.72343,False,0,0,0,,,,,,,,
101323438,Crashes_2010_2019_MPO,2016-08-09,2016,35.94878,-86.74769,True,0,0,0,,,,,,,,
101323913,Crashes_2010_2019_MPO,2016-08-09,2016,36.03942,-86.81644,False,0,0,0,,,,,,,,
101323987,Crashes_2010_2019_MPO,2016-08-09,2016,36.0473,-86.86274,False,0,0,0,,,,,,,,
101323521,Crashes_2010_2019_MPO,2016-08-09,2016,36.04526,-86.71704,False,0,1,0,,,,,,,,
101324613,Crashes_2010_2019_MPO,2016-08-10,2016,36.03636,-86.8107,True,0,0,0,,,,,,,,
101325093,Crashes_2010_2019_MPO,2016-08-10,2016,35.94681,-86.85202,False,0,0,0,,,,,,,,
101324318,Crashes_2010_2019_MPO,2016-08-10,2016,36.0459,-86.70353,False,0,0,0,,,,,,,,
101324906,Crashes_2010_2019_MPO,2016-08-10,2016,36.03934,-86.78566,False,0,0,0,,,,,,,,
101324727,Crashes_2010_2019_MPO,2016-08-10,2016,36.03787,-86.79653,False,0,0,0,,,,,,,,
101325076,Crashes_2010_2019_MPO,2016-08-10,2016,35.92609,-86.87139,False,0,0,0,,,,,,,,
101324676,Crashes_2010_2019_MPO,2016-08-10,2016,36.04059,-86.77107,False,0,0,0,,,,,,,,
101325088,Crashes_2010_2019_MPO,2016-08-10,2016,35.9473,-86.81966,False,0,0,0,,,,,,,,
101324525,Crashes_2010_2019_MPO,2016-08-10,2016,35.94769,-86.81431,False,0,0,0,,,,,,,,
101324460,Crashes_2010_2019_MPO,2016-08-10,2016,35.9583,-86.8023,False,0,0,0,,,,,,,,
101325559,Crashes_2010_2019_MPO,2016-08-11,2016,35.93562,-86.82387,False,0,0,0,,,,,,,,
101325434,Crashes_2010_2019_MPO,2016-08-11,2016,36.02391,-86.78682,True,0,0,0,,,,,,,,
101325651,Crashes_2010_2019_MPO,2016-08-11,2016,35.9407,-86.83934,False,0,0,0,,,,,,,,
101325783,Crashes_2010_2019_MPO,2016-08-11,2016,36.01782,-86.78661,True,0,0,0,,,,,,,,
101325962,Crashes_2010_2019_MPO,2016-08-11,2016,35.93895,-86.82916,False,0,0,0,,,,,,,,
101325097,Crashes_2010_2019_MPO,2016-08-11,2016,35.96343,-86.8109,False,0,0,0,,,,,,,,
101324872,Crashes_2010_2019_MPO,2016-08-11,2016,36.04543,-86.70361,False,0,0,0,,,,,,,,
101325541,Crashes_2010_2019_MPO,2016-08-11,2016,36.01256,-86.70372,False,0,0,0,,,,,,,,
101325500,Crashes_2010_2019_MPO,2016-08-11,2016,35.99837,-86.80365,True,0,0,0,,,,,,,,
101326336,Crashes_2010_2019_MPO,2016-08-12,2016,35.94433,-86.82003,False,0,0,0,,,,,,,,
101326324,Crashes_2010_2019_MPO,2016-08-12,2016,35.93933,-86.85747,False,0,0,0,,,,,,,,
101325811,Crashes_2010_2019_MPO,2016-08-12,2016,35.96532,-86.79992,True,0,0,0,,,,,,,,
101326972,Crashes_2010_2019_MPO,2016-08-12,2016,35.93446,-86.81991,False,0,0,0,,,,,,,,
101326359,Crashes_2010_2019_MPO,2016-08-12,2016,35.99715,-86.69028,False,0,0,0,,,,,,,,
101325824,Crashes_2010_2019_MPO,2016-08-12,2016,36.01905,-86.7115,False,0,0,1,,,,,,,,
101325736,Crashes_2010_2019_MPO,2016-08-12,2016,35.99705,-86.70654,True,0,0,0,,,,,,,,
101325904,Crashes_2010_2019_MPO,2016-08-12,2016,36.025965,-86.789949,True,0,0,0,,,,,,,,
101325763,Crashes_2010_2019_MPO,2016-08-12,2016,35.98959,-86.74248,True,0,0,0,,,,,,,,
101327039,Crashes_2010_2019_MPO,2016-08-13,2016,35.94612,-86.82346,False,0,0,0,,,,,,,,
101326556,Crashes_2010_2019_MPO,2016-08-13,2016,36.00175,-86.69263,False,0,0,0,,,,,,,,
101326784,Crashes_2010_2019_MPO,2016-08-13,2016,36.03988,-86.78107,False,0,0,0,,,,,,,,
101326977,Crashes_2010_2019_MPO,2016-08-13,2016,35.94392,-86.82,False,0,0,0,,,,,,,,
101327160,Crashes_2010_2019_MPO,2016-08-13,2016,36.01235,-86.68873,False,0,0,0,,,,,,,,
101326976,Crashes_2010_2019_MPO,2016-08-13,2016,35.93817,-86.87906,False,0,0,0,,,,,,,,
101329380,Crashes_2010_2019_MPO,2016-08-13,2016,36.04245,-86.71294,False,0,0,0,,,,,,,,
101327001,Crashes_2010_2019_MPO,2016-08-13,2016,36.05113,-86.71425,False,0,0,0,,,,,,,,
101326913,Crashes_2010_2019_MPO,2016-08-13,2016,36.04668,-86.72506,False,0,0,0,,,,,,,,
101327031,Crashes_2010_2019_MPO,2016-08-13,2016,36.02725,-86.7921,True,0,0,0,,,,,,,,
101327227,Crashes_2010_2019_MPO,2016-08-14,2016,36.04082,-86.77952,False,0,0,0,,,,,,,,
101327753,Crashes_2010_2019_MPO,2016-08-14,2016,36.0453,-86.70168,False,0,0,0,,,,,,,,
101328275,Crashes_2010_2019_MPO,2016-08-14,2016,35.95123,-86.81723,False,0,0,0,,,,,,,,
101327282,Crashes_2010_2019_MPO,2016-08-14,2016,35.92444,-86.80249,False,0,0,0,,,,,,,,
101328479,Crashes_2010_2019_MPO,2016-08-15,2016,35.99551,-86.77887,True,0,0,0,,,,,,,,
101328424,Crashes_2010_2019_MPO,2016-08-15,2016,35.9746,-86.831796,True,0,0,0,,,,,,,,
101328040,Crashes_2010_2019_MPO,2016-08-15,2016,36.03318,-86.78282,True,0,0,0,,,,,,,,
101328689,Crashes_2010_2019_MPO,2016-08-15,2016,35.94437,-86.81517,False,0,0,0,,,,,,,,
101328655,Crashes_2010_2019_MPO,2016-08-15,2016,36.01501,-86.81342,True,0,0,0,,,,,,,,
101328330,Crashes_2010_2019_MPO,2016-08-15,2016,35.97039,-86.77379,True,0,0,0,,,,,,,,
101328288,Crashes_2010_2019_MPO,2016-08-15,2016,36.04667,-86.6785,False,0,0,0,,,,,,,,
101328522,Crashes_2010_2019_MPO,2016-08-15,2016,36.027035,-86.788803,True,0,0,0,,,,,,,,
101328159,Crashes_2010_2019_MPO,2016-08-15,2016,36.04026,-86.8164,False,0,0,0,,,,,,,,
101365745,Crashes_2010_2019_MPO,2016-08-15,2016,36.04713,-86.7178,False,1,2,0,,,,,,,,
101328321,Crashes_2010_2019_MPO,2016-08-15,2016,35.9282,-86.7672,False,0,0,0,,,,,,,,
101328565,Crashes_2010_2019_MPO,2016-08-15,2016,36.0508,-86.75869,False,0,0,0,,,,,,,,
101328574,Crashes_2010_2019_MPO,2016-08-15,2016,35.96879,-86.6784,False,0,0,0,,,,,,,,
101329155,Crashes_2010_2019_MPO,2016-08-16,2016,36.05082,-86.71417,False,0,0,0,,,,,,,,
101328805,Crashes_2010_2019_MPO,2016-08-16,2016,35.93374,-86.81767,False,0,0,0,,,,,,,,
101329057,Crashes_2010_2019_MPO,2016-08-16,2016,35.96678,-86.811,True,0,0,0,,,,,,,,
101329079,Crashes_2010_2019_MPO,2016-08-16,2016,35.94662,-86.80988,False,0,0,0,,,,,,,,
101328717,Crashes_2010_2019_MPO,2016-08-16,2016,35.97765,-86.77678,True,0,0,0,,,,,,,,
101328975,Crashes_2010_2019_MPO,2016-08-16,2016,35.96173,-86.80183,True,0,0,0,,,,,,,,
101329017,Crashes_2010_2019_MPO,2016-08-16,2016,35.96532,-86.70293,False,0,0,0,,,,,,,,
101329036,Crashes_2010_2019_MPO,2016-08-16,2016,36.03652,-86.7869,False,0,0,0,,,,,,,,
101329092,Crashes_2010_2019_MPO,2016-08-16,2016,35.99004,-86.74528,True,0,0,0,,,,,,,,
101328933,Crashes_2010_2019_MPO,2016-08-16,2016,35.93516,-86.82217,False,0,0,0,,,,,,,,
101328935,Crashes_2010_2019_MPO,2016-08-16,2016,35.94687,-86.85168,False,0,0,0,,,,,,,,
101329876,Crashes_2010_2019_MPO,2016-08-16,2016,36.05412,-86.77593,False,0,0,0,,,,,,,,
101329312,Crashes_2010_2019_MPO,2016-08-16,2016,35.92373,-86.79452,False,0,0,1,,,,,,,,
101329418,Crashes_2010_2019_MPO,2016-08-16,2016,35.9407,-86.83934,False,0,0,0,,,,,,,,
101332128,Crashes_2010_2019_MPO,2016-08-16,2016,35.9711,-86.67836,False,0,0,0,,,,,,,,
101329139,Crashes_2010_2019_MPO,2016-08-16,2016,36.0312,-86.7881,True,0,0,0,,,,,,,,
101329541,Crashes_2010_2019_MPO,2016-08-17,2016,36.03016,-86.79048,True,0,0,0,,,,,,,,
101329814,Crashes_2010_2019_MPO,2016-08-17,2016,35.93215,-86.79441,False,0,0,0,,,,,,,,
101329745,Crashes_2010_2019_MPO,2016-08-17,2016,35.96656,-86.80949,True,0,0,0,,,,,,,,
101329920,Crashes_2010_2019_MPO,2016-08-17,2016,35.95309,-86.84671,False,0,0,0,,,,,,,,
101329913,Crashes_2010_2019_MPO,2016-08-17,2016,35.92302,-86.8166,False,0,0,0,,,,,,,,
101329435,Crashes_2010_2019_MPO,2016-08-17,2016,35.9583,-86.8023,False,0,0,0,,,,,,,,
101329723,Crashes_2010_2019_MPO,2016-08-17,2016,35.97704,-86.82506,True,0,0,0,,,,,,,,
101329683,Crashes_2010_2019_MPO,2016-08-17,2016,35.99621,-86.78598,True,0,0,0,,,,,,,,
101329815,Crashes_2010_2019_MPO,2016-08-17,2016,35.94807,-86.81114,False,0,0,0,,,,,,,,
101329878,Crashes_2010_2019_MPO,2016-08-17,2016,36.04522,-86.71479,False,0,0,0,,,,,,,,
101329716,Crashes_2010_2019_MPO,2016-08-17,2016,35.95806,-86.76773,True,0,0,0,,,,,,,,
101330514,Crashes_2010_2019_MPO,2016-08-17,2016,36.05178,-86.74317,False,0,0,0,,,,,,,,
101329699,Crashes_2010_2019_MPO,2016-08-17,2016,36.04546,-86.70406,False,0,0,0,,,,,,,,
101329879,Crashes_2010_2019_MPO,2016-08-17,2016,36.04029,-86.74507,False,0,0,0,,,,,,,,
101329877,Crashes_2010_2019_MPO,2016-08-17,2016,36.0405,-86.7703,False,0,0,0,,,,,,,,
101329610,Crashes_2010_2019_MPO,2016-08-17,2016,35.92535,-86.87408,False,0,0,0,,,,,,,,
101329782,Crashes_2010_2019_MPO,2016-08-17,2016,36.03614,-86.79498,True,0,0,0,,,,,,,,
101329335,Crashes_2010_2019_MPO,2016-08-17,2016,36.0409,-86.71263,False,0,0,0,,,,,,,,
101329450,Crashes_2010_2019_MPO,2016-08-17,2016,36.03319,-86.7829,True,0,0,0,,,,,,,,
101329813,Crashes_2010_2019_MPO,2016-08-17,2016,35.92762,-86.86567,False,0,0,0,,,,,,,,
101330779,Crashes_2010_2019_MPO,2016-08-18,2016,35.97522,-86.67826,False,0,0,0,,,,,,,,
101330289,Crashes_2010_2019_MPO,2016-08-18,2016,35.96504,-86.72733,True,0,0,0,,,,,,,,
101330591,Crashes_2010_2019_MPO,2016-08-18,2016,36.04556,-86.71121,False,0,0,0,,,,,,,,
101330199,Crashes_2010_2019_MPO,2016-08-18,2016,36.03727,-86.78841,False,0,0,0,,,,,,,,
101330212,Crashes_2010_2019_MPO,2016-08-18,2016,36.01763,-86.8467,True,0,0,0,,,,,,,,
101330068,Crashes_2010_2019_MPO,2016-08-18,2016,35.93374,-86.81767,False,0,0,0,,,,,,,,
101330356,Crashes_2010_2019_MPO,2016-08-18,2016,35.99781,-86.79886,True,0,0,0,,,,,,,,
101331613,Crashes_2010_2019_MPO,2016-08-18,2016,35.95519,-86.82588,False,0,0,0,,,,,,,,
101330103,Crashes_2010_2019_MPO,2016-08-18,2016,35.95401,-86.81181,False,0,0,0,,,,,,,,
101331288,Crashes_2010_2019_MPO,2016-08-18,2016,35.99734,-86.79486,True,0,0,0,,,,,,,,
101331791,Crashes_2010_2019_MPO,2016-08-18,2016,36.03969,-86.76007,False,0,0,0,,,,,,,,
101330218,Crashes_2010_2019_MPO,2016-08-18,2016,35.99734,-86.79486,True,0,0,0,,,,,,,,
101331301,Crashes_2010_2019_MPO,2016-08-18,2016,35.9912,-86.68349,False,0,0,0,,,,,,,,
101330798,Crashes_2010_2019_MPO,2016-08-18,2016,36.04627,-86.67679,False,0,0,0,,,,,,,,
101331311,Crashes_2010_2019_MPO,2016-08-18,2016,35.94685,-86.85221,False,0,0,0,,,,,,,,
101330523,Crashes_2010_2019_MPO,2016-08-18,2016,36.03336,-86.78872,True,0,0,0,,,,,,,,
101331235,Crashes_2010_2019_MPO,2016-08-18,2016,35.94683,-86.85172,False,0,0,0,,,,,,,,
101330196,Crashes_2010_2019_MPO,2016-08-18,2016,36.03727,-86.78841,False,0,0,0,,,,,,,,
101330907,Crashes_2010_2019_MPO,2016-08-18,2016,36.04317,-86.78183,False,0,0,0,,,,,,,,
101330673,Crashes_2010_2019_MPO,2016-08-18,2016,35.92491,-86.86873,False,0,0,0,,,,,,,,
101330080,Crashes_2010_2019_MPO,2016-08-18,2016,36.025,-86.7424,False,0,0,0,,,,,,,,
101330273,Crashes_2010_2019_MPO,2016-08-18,2016,35.99673,-86.79064,True,0,0,0,,,,,,,,
101331181,Crashes_2010_2019_MPO,2016-08-19,2016,36.01535,-86.70564,False,0,0,0,,,,,,,,
101332306,Crashes_2010_2019_MPO,2016-08-19,2016,36.04059,-86.77107,False,0,0,0,,,,,,,,
101331603,Crashes_2010_2019_MPO,2016-08-19,2016,36.04245,-86.71294,False,0,0,0,,,,,,,,
101332256,Crashes_2010_2019_MPO,2016-08-19,2016,36.04059,-86.77107,False,0,0,0,,,,,,,,
101331253,Crashes_2010_2019_MPO,2016-08-19,2016,36.05016,-86.77516,False,0,0,1,,,,,,,,
101331996,Crashes_2010_2019_MPO,2016-08-19,2016,35.92295,-86.87113,False,0,0,0,,,,,,,,
101331680,Crashes_2010_2019_MPO,2016-08-19,2016,36.02676,-86.72617,False,0,0,0,,,,,,,,
101331050,Crashes_2010_2019_MPO,2016-08-19,2016,35.99781,-86.79886,True,0,0,0,,,,,,,,
101331264,Crashes_2010_2019_MPO,2016-08-19,2016,36.04084,-86.77347,False,0,0,0,,,,,,,,
101331094,Crashes_2010_2019_MPO,2016-08-19,2016,35.97318,-86.83239,True,0,0,0,,,,,,,,
101331627,Crashes_2010_2019_MPO,2016-08-19,2016,36.01334,-86.80233,True,0,0,0,,,,,,,,
101331698,Crashes_2010_2019_MPO,2016-08-19,2016,35.94683,-86.82183,False,0,0,0,,,,,,,,
101330973,Crashes_2010_2019_MPO,2016-08-19,2016,35.97817,-86.75898,True,0,0,0,,,,,,,,
101331078,Crashes_2010_2019_MPO,2016-08-19,2016,36.03321,-86.78176,True,0,0,0,,,,,,,,
101330931,Crashes_2010_2019_MPO,2016-08-19,2016,35.93511,-86.82204,False,0,0,0,,,,,,,,
101331072,Crashes_2010_2019_MPO,2016-08-19,2016,35.96056,-86.81522,False,0,0,0,,,,,,,,
101331199,Crashes_2010_2019_MPO,2016-08-19,2016,36.0326,-86.7692,False,0,0,0,,,,,,,,
101332316,Crashes_2010_2019_MPO,2016-08-19,2016,35.92512,-86.87539,False,0,0,0,,,,,,,,
101331036,Crashes_2010_2019_MPO,2016-08-19,2016,36.03689,-86.81684,True,0,0,0,,,,,,,,
101331587,Crashes_2010_2019_MPO,2016-08-19,2016,36.0344,-86.74356,False,0,0,0,,,,,,,,
101331518,Crashes_2010_2019_MPO,2016-08-19,2016,35.99857,-86.80539,True,0,0,1,,,,,,,,
101331852,Crashes_2010_2019_MPO,2016-08-19,2016,36.04045,-86.76983,False,0,0,0,,,,,,,,
101331173,Crashes_2010_2019_MPO,2016-08-19,2016,35.99029,-86.81363,True,0,0,0,,,,,,,,
101332174,Crashes_2010_2019_MPO,2016-08-19,2016,35.96845,-86.81905,True,0,0,0,,,,,,,,
101331982,Crashes_2010_2019_MPO,2016-08-19,2016,36.02735,-86.79204,True,0,0,0,,,,,,,,
101331529,Crashes_2010_2019_MPO,2016-08-19,2016,36.0361,-86.8721,False,0,0,0,,,,,,,,
101331022,Crashes_2010_2019_MPO,2016-08-19,2016,36.01555,-86.70073,False,0,0,0,,,,,,,,
101331290,Crashes_2010_2019_MPO,2016-08-19,2016,36.04633,-86.75262,False,0,0,0,,,,,,,,
101331641,Crashes_2010_2019_MPO,2016-08-19,2016,36.04115,-86.74375,False,0,0,0,,,,,,,,
101331970,Crashes_2010_2019_MPO,2016-08-20,2016,36.0249,-86.69988,False,0,0,0,,,,,,,,
101333237,Crashes_2010_2019_MPO,2016-08-20,2016,36.03797,-86.79777,False,0,0,0,,,,,,,,
101332124,Crashes_2010_2019_MPO,2016-08-20,2016,36.0406,-86.77117,False,0,0,0,,,,,,,,
101332360,Crashes_2010_2019_MPO,2016-08-20,2016,36.04084,-86.77347,False,0,0,0,,,,,,,,
101332180,Crashes_2010_2019_MPO,2016-08-20,2016,35.92553,-86.86825,False,0,0,0,,,,,,,,
101332098,Crashes_2010_2019_MPO,2016-08-20,2016,36.04178,-86.7824,False,0,0,0,,,,,,,,
101344497,Crashes_2010_2019_MPO,2016-08-20,2016,36.04436,-86.78045,False,0,0,0,,,,,,,,
101332179,Crashes_2010_2019_MPO,2016-08-20,2016,36.04531,-86.71384,False,0,0,0,,,,,,,,
101332354,Crashes_2010_2019_MPO,2016-08-20,2016,36.04057,-86.78259,False,0,0,0,,,,,,,,
101345966,Crashes_2010_2019_MPO,2016-08-20,2016,36.04653,-86.7134,False,0,0,0,,,,,,,,
101332319,Crashes_2010_2019_MPO,2016-08-20,2016,35.94765,-86.81971,False,0,0,0,,,,,,,,
101332507,Crashes_2010_2019_MPO,2016-08-20,2016,35.97723,-86.82465,True,0,0,0,,,,,,,,
101332619,Crashes_2010_2019_MPO,2016-08-21,2016,36.01823,-86.71119,False,0,0,0,,,,,,,,
101354808,Crashes_2010_2019_MPO,2016-08-21,2016,36.0397,-86.78334,False,0,0,0,,,,,,,,
101332713,Crashes_2010_2019_MPO,2016-08-21,2016,36.04204,-86.78233,False,0,0,0,,,,,,,,
101347447,Crashes_2010_2019_MPO,2016-08-21,2016,36.0298,-86.67897,False,0,0,0,,,,,,,,