record_no,source_layer,collision_ts,crash_year,latitude,longitude,in_city,fatalities,non_motorists,truck_involved,serious_injuries,pedestrian,bicycle,crash_type,manner_of_collision,lighting,weather,first_harmful_event
101332733,Crashes_2010_2019_MPO,2016-08-21,2016,36.03452,-86.74355,False,0,0,0,,,,,,,,
101332833,Crashes_2010_2019_MPO,2016-08-21,2016,35.92248,-86.86698,False,0,0,0,,,,,,,,
101346263,Crashes_2010_2019_MPO,2016-08-21,2016,36.0478,-86.71355,False,0,0,0,,,,,,,,
101332974,Crashes_2010_2019_MPO,2016-08-21,2016,35.93405,-86.81901,False,0,0,0,,,,,,,,
101333257,Crashes_2010_2019_MPO,2016-08-21,2016,35.92509,-86.86873,False,0,0,0,,,,,,,,
101345250,Crashes_2010_2019_MPO,2016-08-21,2016,36.04537,-86.71326,False,0,0,0,,,,,,,,
101333221,Crashes_2010_2019_MPO,2016-08-21,2016,35.96518,-86.80029,True,0,0,0,,,,,,,,
101332873,Crashes_2010_2019_MPO,2016-08-21,2016,35.95035,-86.81874,False,0,0,0,,,,,,,,
101334174,Crashes_2010_2019_MPO,2016-08-21,2016,35.99449,-86.79804,True,0,0,0,,,,,,,,
101332723,Crashes_2010_2019_MPO,2016-08-21,2016,36.0419,-86.78237,False,0,0,0,,,,,,,,
101332845,Crashes_2010_2019_MPO,2016-08-21,2016,36.03953,-86.78173,False,0,0,0,,,,,,,,
101333660,Crashes_2010_2019_MPO,2016-08-22,2016,35.9562,-86.84421,False,0,0,0,,,,,,,,
101333661,Crashes_2010_2019_MPO,2016-08-22,2016,35.93978,-86.81662,False,0,0,0,,,,,,,,
101333829,Crashes_2010_2019_MPO,2016-08-22,2016,36.03985,-86.81642,False,0,0,0,,,,,,,,
101333837,Crashes_2010_2019_MPO,2016-08-22,2016,35.93967,-86.87745,False,0,0,0,,,,,,,,
101333952,Crashes_2010_2019_MPO,2016-08-22,2016,36.02015,-86.74731,False,0,0,0,,,,,,,,
101333840,Crashes_2010_2019_MPO,2016-08-22,2016,35.94809,-86.81647,False,0,0,0,,,,,,,,
101333437,Crashes_2010_2019_MPO,2016-08-22,2016,35.92648,-86.8663,False,0,0,0,,,,,,,,
101333575,Crashes_2010_2019_MPO,2016-08-22,2016,36.04535,-86.70242,False,0,0,0,,,,,,,,
101333838,Crashes_2010_2019_MPO,2016-08-22,2016,35.92563,-86.87287,False,0,0,0,,,,,,,,
101333764,Crashes_2010_2019_MPO,2016-08-22,2016,36.01346,-86.80304,True,0,0,0,,,,,,,,
101333405,Crashes_2010_2019_MPO,2016-08-22,2016,35.96001,-86.80246,False,0,0,0,,,,,,,,
101333330,Crashes_2010_2019_MPO,2016-08-22,2016,35.98215,-86.80205,True,0,0,0,,,,,,,,
101333977,Crashes_2010_2019_MPO,2016-08-22,2016,36.05366,-86.71502,False,0,0,0,,,,,,,,
101333453,Crashes_2010_2019_MPO,2016-08-22,2016,35.99922,-86.80923,True,0,0,0,,,,,,,,
101344289,Crashes_2010_2019_MPO,2016-08-22,2016,35.95857,-86.80164,False,0,0,0,,,,,,,,
101333360,Crashes_2010_2019_MPO,2016-08-22,2016,36.04702,-86.86161,False,0,0,0,,,,,,,,
101345219,Crashes_2010_2019_MPO,2016-08-23,2016,35.93446,-86.81991,False,0,0,0,,,,,,,,
101334138,Crashes_2010_2019_MPO,2016-08-23,2016,36.03318,-86.78282,True,0,0,0,,,,,,,,
101344605,Crashes_2010_2019_MPO,2016-08-23,2016,35.92365,-86.86792,False,0,0,0,,,,,,,,
101344684,Crashes_2010_2019_MPO,2016-08-23,2016,36.03352,-86.71298,False,0,0,0,,,,,,,,
101344475,Crashes_2010_2019_MPO,2016-08-23,2016,36.03406,-86.79463,True,0,0,0,,,,,,,,
101345437,Crashes_2010_2019_MPO,2016-08-23,2016,36.04561,-86.71977,False,0,0,0,,,,,,,,
101334151,Crashes_2010_2019_MPO,2016-08-23,2016,35.98308,-86.80173,True,0,0,0,,,,,,,,
101344449,Crashes_2010_2019_MPO,2016-08-23,2016,35.966656,-86.809204,True,0,0,0,,,,,,,,
101334210,Crashes_2010_2019_MPO,2016-08-23,2016,36.0375,-86.78584,False,0,0,0,,,,,,,,
101348463,Crashes_2010_2019_MPO,2016-08-23,2016,36.0374,-86.78657,False,0,0,0,,,,,,,,
101345040,Crashes_2010_2019_MPO,2016-08-23,2016,35.92809,-86.82436,False,0,0,0,,,,,,,,
101344945,Crashes_2010_2019_MPO,2016-08-23,2016,35.99716,-86.79377,True,0,0,0,,,,,,,,
101334129,Crashes_2010_2019_MPO,2016-08-23,2016,35.94699,-86.81153,False,0,0,0,,,,,,,,
101344606,Crashes_2010_2019_MPO,2016-08-23,2016,35.92405,-86.87622,False,0,0,0,,,,,,,,
101344612,Crashes_2010_2019_MPO,2016-08-23,2016,36.03977,-86.78128,False,0,0,0,,,,,,,,
101347118,Crashes_2010_2019_MPO,2016-08-24,2016,35.97763,-86.80364,True,0,0,0,,,,,,,,
101344923,Crashes_2010_2019_MPO,2016-08-24,2016,35.95554,-86.73875,True,0,0,0,,,,,,,,
101344973,Crashes_2010_2019_MPO,2016-08-24,2016,36.02003,-86.74517,False,0,0,0,,,,,,,,
101345065,Crashes_2010_2019_MPO,2016-08-24,2016,36.01414,-86.72107,False,0,0,0,,,,,,,,
101345283,Crashes_2010_2019_MPO,2016-08-24,2016,35.98291,-86.82036,True,0,0,0,,,,,,,,
101345147,Crashes_2010_2019_MPO,2016-08-24,2016,36.03039,-86.79036,True,0,0,0,,,,,,,,
101345321,Crashes_2010_2019_MPO,2016-08-24,2016,35.95367,-86.76663,True,0,0,0,,,,,,,,
101347048,Crashes_2010_2019_MPO,2016-08-24,2016,36.045,-86.77932,False,0,0,0,,,,,,,,
101348464,Crashes_2010_2019_MPO,2016-08-24,2016,36.03967,-86.78159,False,0,0,0,,,,,,,,
101345092,Crashes_2010_2019_MPO,2016-08-24,2016,36.0374,-86.79017,False,0,0,0,,,,,,,,
101345110,Crashes_2010_2019_MPO,2016-08-24,2016,36.03885,-86.78391,False,0,0,0,,,,,,,,
101345623,Crashes_2010_2019_MPO,2016-08-24,2016,36.00964,-86.78547,True,0,0,0,,,,,,,,
101345742,Crashes_2010_2019_MPO,2016-08-24,2016,35.9325,-86.86247,False,0,0,0,,,,,,,,
101345078,Crashes_2010_2019_MPO,2016-08-24,2016,35.95578,-86.81119,False,0,0,0,,,,,,,,
101345036,Crashes_2010_2019_MPO,2016-08-24,2016,35.98286,-86.80181,True,0,0,0,,,,,,,,
101345415,Crashes_2010_2019_MPO,2016-08-24,2016,35.96617,-86.83827,False,0,0,1,,,,,,,,
101345045,Crashes_2010_2019_MPO,2016-08-24,2016,36.03243,-86.70816,False,0,0,0,,,,,,,,
101344955,Crashes_2010_2019_MPO,2016-08-24,2016,35.94736,-86.81439,False,0,0,0,,,,,,,,
101345343,Crashes_2010_2019_MPO,2016-08-24,2016,35.93532,-86.86036,False,0,0,0,,,,,,,,
101345353,Crashes_2010_2019_MPO,2016-08-24,2016,35.97765,-86.77678,True,0,0,0,,,,,,,,
101353112,Crashes_2010_2019_MPO,2016-08-24,2016,36.00726,-86.78764,True,0,0,0,,,,,,,,
101348689,Crashes_2010_2019_MPO,2016-08-24,2016,35.98704,-86.80062,True,0,0,0,,,,,,,,
101346138,Crashes_2010_2019_MPO,2016-08-25,2016,35.95196,-86.81845,False,0,0,0,,,,,,,,
101346069,Crashes_2010_2019_MPO,2016-08-25,2016,35.92892,-86.8374,False,0,0,0,,,,,,,,
101345640,Crashes_2010_2019_MPO,2016-08-25,2016,35.9472,-86.76667,True,0,0,0,,,,,,,,
101345873,Crashes_2010_2019_MPO,2016-08-25,2016,36.03627,-86.78704,True,0,0,0,,,,,,,,
101345653,Crashes_2010_2019_MPO,2016-08-25,2016,36.02672,-86.79239,True,0,0,0,,,,,,,,
101345929,Crashes_2010_2019_MPO,2016-08-25,2016,35.94427,-86.82052,False,0,0,0,,,,,,,,
101345673,Crashes_2010_2019_MPO,2016-08-25,2016,36.03973,-86.75664,False,0,0,0,,,,,,,,
101347116,Crashes_2010_2019_MPO,2016-08-25,2016,36.03064,-86.78383,True,0,0,0,,,,,,,,
101345967,Crashes_2010_2019_MPO,2016-08-25,2016,36.03689,-86.81684,True,0,0,0,,,,,,,,
101346139,Crashes_2010_2019_MPO,2016-08-25,2016,35.96004,-86.81085,False,0,0,0,,,,,,,,
101345947,Crashes_2010_2019_MPO,2016-08-25,2016,35.924,-86.87145,False,0,0,0,,,,,,,,
101346837,Crashes_2010_2019_MPO,2016-08-25,2016,36.05151,-86.71436,False,0,0,0,,,,,,,,
101346179,Crashes_2010_2019_MPO,2016-08-25,2016,36.05291,-86.69696,False,0,0,0,,,,,,,,
101345750,Crashes_2010_2019_MPO,2016-08-25,2016,36.00111,-86.79398,True,0,0,0,,,,,,,,
101345753,Crashes_2010_2019_MPO,2016-08-25,2016,36.04062,-86.77923,False,0,0,0,,,,,,,,
101346137,Crashes_2010_2019_MPO,2016-08-25,2016,35.94782,-86.81975,False,0,0,0,,,,,,,,
101346398,Crashes_2010_2019_MPO,2016-08-25,2016,36.04523,-86.71471,False,0,0,0,,,,,,,,
101359316,Crashes_2010_2019_MPO,2016-08-25,2016,36.03122,-86.87558,False,0,0,0,,,,,,,,
101346136,Crashes_2010_2019_MPO,2016-08-25,2016,35.94782,-86.81975,False,0,0,0,,,,,,,,
101345706,Crashes_2010_2019_MPO,2016-08-25,2016,36.04436,-86.71314,False,0,0,0,,,,,,,,
101365371,Crashes_2010_2019_MPO,2016-08-25,2016,36.0374,-86.78657,False,0,0,0,,,,,,,,
101346961,Crashes_2010_2019_MPO,2016-08-25,2016,35.95079,-86.81844,False,0,0,0,,,,,,,,
101349184,Crashes_2010_2019_MPO,2016-08-26,2016,36.03778,-86.78466,False,0,0,0,,,,,,,,
101356541,Crashes_2010_2019_MPO,2016-08-26,2016,35.96448,-86.80013,True,0,0,0,,,,,,,,
101347141,Crashes_2010_2019_MPO,2016-08-26,2016,36.03802,-86.78422,False,0,0,0,,,,,,,,
101346469,Crashes_2010_2019_MPO,2016-08-26,2016,35.93378,-86.81859,False,0,0,0,,,,,,,,
101347065,Crashes_2010_2019_MPO,2016-08-26,2016,36.04068,-86.74221,False,0,0,0,,,,,,,,
101346654,Crashes_2010_2019_MPO,2016-08-26,2016,36.0374,-86.78657,False,0,0,0,,,,,,,,
101346416,Crashes_2010_2019_MPO,2016-08-26,2016,36.03302,-86.78891,True,0,0,0,,,,,,,,
101347343,Crashes_2010_2019_MPO,2016-08-26,2016,35.94652,-86.82372,False,0,0,0,,,,,,,,
101346993,Crashes_2010_2019_MPO,2016-08-26,2016,35.93209,-86.86277,False,0,0,0,,,,,,,,
101347192,Crashes_2010_2019_MPO,2016-08-26,2016,35.96732,-86.79673,True,0,0,0,,,,,,,,
101346566,Crashes_2010_2019_MPO,2016-08-26,2016,35.967336,-86.80855,True,0,0,0,,,,,,,,
101347053,Crashes_2010_2019_MPO,2016-08-26,2016,35.99762,-86.69094,False,0,0,0,,,,,,,,
101347193,Crashes_2010_2019_MPO,2016-08-26,2016,36.01328,-86.80198,True,0,0,0,,,,,,,,
101346459,Crashes_2010_2019_MPO,2016-08-26,2016,35.99718,-86.79384,True,0,0,1,,,,,,,,
101355771,Crashes_2010_2019_MPO,2016-08-26,2016,35.96487,-86.79294,True,0,0,0,,,,,,,,
101346333,Crashes_2010_2019_MPO,2016-08-26,2016,36.05065,-86.68478,False,0,0,0,,,,,,,,
101346974,Crashes_2010_2019_MPO,2016-08-26,2016,35.96078,-86.81305,False,0,0,0,,,,,,,,
101347787,Crashes_2010_2019_MPO,2016-08-27,2016,36.0455,-86.71185,False,0,0,0,,,,,,,,
101348013,Crashes_2010_2019_MPO,2016-08-27,2016,35.96133,-86.81226,False,0,0,0,,,,,,,,
101348048,Crashes_2010_2019_MPO,2016-08-27,2016,36.04537,-86.71326,False,0,0,0,,,,,,,,
101347215,Crashes_2010_2019_MPO,2016-08-27,2016,36.04537,-86.71326,False,0,0,0,,,,,,,,
101348012,Crashes_2010_2019_MPO,2016-08-27,2016,35.92957,-86.84187,False,0,0,0,,,,,,,,
101347791,Crashes_2010_2019_MPO,2016-08-27,2016,35.92854,-86.82094,False,0,0,0,,,,,,,,
101347816,Crashes_2010_2019_MPO,2016-08-27,2016,35.96185,-86.81452,False,0,0,0,,,,,,,,
101347321,Crashes_2010_2019_MPO,2016-08-27,2016,36.03724,-86.78304,False,0,0,0,,,,,,,,
101348230,Crashes_2010_2019_MPO,2016-08-27,2016,35.9292,-86.86493,False,0,0,0,,,,,,,,
101347225,Crashes_2010_2019_MPO,2016-08-27,2016,36.00086,-86.68926,False,0,0,0,,,,,,,,
101347663,Crashes_2010_2019_MPO,2016-08-27,2016,35.92879,-86.82059,False,0,0,0,,,,,,,,
101347596,Crashes_2010_2019_MPO,2016-08-27,2016,36.01272,-86.80091,True,0,0,0,,,,,,,,
101349657,Crashes_2010_2019_MPO,2016-08-28,2016,35.99844,-86.80422,True,0,0,0,,,,,,,,
101348462,Crashes_2010_2019_MPO,2016-08-28,2016,36.04681,-86.75253,False,0,0,0,,,,,,,,
101348603,Crashes_2010_2019_MPO,2016-08-28,2016,35.99922,-86.80923,True,0,0,0,,,,,,,,
101353265,Crashes_2010_2019_MPO,2016-08-28,2016,36.01794,-86.78665,True,0,0,0,,,,,,,,
101348005,Crashes_2010_2019_MPO,2016-08-28,2016,36.04891,-86.67858,False,0,0,0,,,,,,,,
101348478,Crashes_2010_2019_MPO,2016-08-28,2016,35.92391,-86.76682,False,0,0,0,,,,,,,,
101348473,Crashes_2010_2019_MPO,2016-08-28,2016,36.04191,-86.73993,False,0,1,0,,,,,,,,
101348454,Crashes_2010_2019_MPO,2016-08-28,2016,35.92478,-86.86983,False,0,0,0,,,,,,,,
101351019,Crashes_2010_2019_MPO,2016-08-29,2016,35.92738,-86.8687,False,0,0,0,,,,,,,,
101348676,Crashes_2010_2019_MPO,2016-08-29,2016,35.92926,-86.83968,False,0,0,0,,,,,,,,
101348675,Crashes_2010_2019_MPO,2016-08-29,2016,35.94216,-86.85544,False,0,0,0,,,,,,,,
101349065,Crashes_2010_2019_MPO,2016-08-29,2016,35.9297,-86.82054,False,0,0,0,,,,,,,,
101349186,Crashes_2010_2019_MPO,2016-08-29,2016,36.04204,-86.82524,False,0,0,0,,,,,,,,
101349064,Crashes_2010_2019_MPO,2016-08-29,2016,36.0334,-86.778937,True,0,0,0,,,,,,,,
101348650,Crashes_2010_2019_MPO,2016-08-29,2016,36.04031,-86.76868,False,0,0,0,,,,,,,,
101349279,Crashes_2010_2019_MPO,2016-08-29,2016,35.94529,-86.85295,False,0,0,0,,,,,,,,
101348566,Crashes_2010_2019_MPO,2016-08-29,2016,36.0022,-86.79286,True,0,0,0,,,,,,,,
101352957,Crashes_2010_2019_MPO,2016-08-30,2016,36.04098,-86.77476,False,0,0,0,,,,,,,,
101349628,Crashes_2010_2019_MPO,2016-08-30,2016,35.95147,-86.67941,False,0,0,0,,,,,,,,
101349415,Crashes_2010_2019_MPO,2016-08-30,2016,36.0064,-86.78853,True,0,0,0,,,,,,,,
101351528,Crashes_2010_2019_MPO,2016-08-30,2016,36.04534,-86.71355,False,0,0,0,,,,,,,,
101349463,Crashes_2010_2019_MPO,2016-08-30,2016,36.00657,-86.78836,True,0,0,0,,,,,,,,
101349642,Crashes_2010_2019_MPO,2016-08-30,2016,35.92489,-86.87391,False,0,0,0,,,,,,,,
101349635,Crashes_2010_2019_MPO,2016-08-30,2016,35.97025,-86.80905,True,0,0,0,,,,,,,,
101350834,Crashes_2010_2019_MPO,2016-08-30,2016,35.96598,-86.80602,True,0,0,0,,,,,,,,
101349786,Crashes_2010_2019_MPO,2016-08-30,2016,35.99551,-86.77887,True,0,0,0,,,,,,,,
101351377,Crashes_2010_2019_MPO,2016-08-30,2016,36.0409,-86.77938,False,0,0,0,,,,,,,,
101349978,Crashes_2010_2019_MPO,2016-08-30,2016,35.96224,-86.81213,False,0,0,0,,,,,,,,
101349622,Crashes_2010_2019_MPO,2016-08-30,2016,35.9583,-86.8023,False,0,0,0,,,,,,,,
101350398,Crashes_2010_2019_MPO,2016-08-31,2016,35.93586,-86.81813,False,0,0,0,,,,,,,,
101350269,Crashes_2010_2019_MPO,2016-08-31,2016,35.96572,-86.81146,False,0,0,0,,,,,,,,
101350142,Crashes_2010_2019_MPO,2016-08-31,2016,35.9899,-86.79939,True,0,0,0,,,,,,,,
101350154,Crashes_2010_2019_MPO,2016-08-31,2016,36.03318,-86.78282,True,0,0,0,,,,,,,,
101350571,Crashes_2010_2019_MPO,2016-08-31,2016,35.97182,-86.82584,True,0,0,0,,,,,,,,
101350344,Crashes_2010_2019_MPO,2016-08-31,2016,36.00989,-86.80301,True,0,0,0,,,,,,,,
101350538,Crashes_2010_2019_MPO,2016-08-31,2016,36.01978,-86.74213,False,0,0,0,,,,,,,,
101350823,Crashes_2010_2019_MPO,2016-08-31,2016,36.04987,-86.70965,False,0,0,0,,,,,,,,
101350112,Crashes_2010_2019_MPO,2016-08-31,2016,35.94928,-86.81347,False,0,0,0,,,,,,,,
101350617,Crashes_2010_2019_MPO,2016-08-31,2016,35.95286,-86.81214,False,0,0,0,,,,,,,,
101350214,Crashes_2010_2019_MPO,2016-08-31,2016,36.03955,-86.7817,False,0,0,0,,,,,,,,
101350740,Crashes_2010_2019_MPO,2016-08-31,2016,35.94645,-86.80916,False,0,0,0,,,,,,,,
101350558,Crashes_2010_2019_MPO,2016-08-31,2016,36.03193,-86.76236,False,0,0,0,,,,,,,,
101350531,Crashes_2010_2019_MPO,2016-08-31,2016,36.01384,-86.80547,True,0,0,0,,,,,,,,
101353803,Crashes_2010_2019_MPO,2016-08-31,2016,36.0441,-86.72096,False,0,0,0,,,,,,,,
101351552,Crashes_2010_2019_MPO,2016-08-31,2016,36.0269,-86.68083,False,0,0,0,,,,,,,,
101351509,Crashes_2010_2019_MPO,2016-09-01,2016,36.04245,-86.71294,False,0,0,0,,,,,,,,
101350962,Crashes_2010_2019_MPO,2016-09-01,2016,35.94307,-86.82063,False,0,0,0,,,,,,,,
101351171,Crashes_2010_2019_MPO,2016-09-01,2016,35.92396,-86.86953,False,0,0,0,,,,,,,,
101351399,Crashes_2010_2019_MPO,2016-09-01,2016,35.93215,-86.79441,False,0,0,0,,,,,,,,
101351398,Crashes_2010_2019_MPO,2016-09-01,2016,35.94687,-86.85168,False,0,0,0,,,,,,,,
101352100,Crashes_2010_2019_MPO,2016-09-01,2016,35.96494,-86.79378,True,0,0,0,,,,,,,,
101351393,Crashes_2010_2019_MPO,2016-09-01,2016,35.94217,-86.84176,False,0,0,0,,,,,,,,
101351391,Crashes_2010_2019_MPO,2016-09-01,2016,35.92546,-86.87275,False,0,0,0,,,,,,,,
101351169,Crashes_2010_2019_MPO,2016-09-01,2016,35.92317,-86.81685,False,0,0,0,,,,,,,,
101351010,Crashes_2010_2019_MPO,2016-09-01,2016,35.966704,-86.809245,True,0,0,0,,,,,,,,
101350917,Crashes_2010_2019_MPO,2016-09-01,2016,36.04245,-86.71294,False,0,0,0,,,,,,,,
101351140,Crashes_2010_2019_MPO,2016-09-01,2016,35.9584,-86.80226,False,0,0,0,,,,,,,,
101351614,Crashes_2010_2019_MPO,2016-09-01,2016,36.03878,-86.74343,False,0,0,0,,,,,,,,
101351392,Crashes_2010_2019_MPO,2016-09-01,2016,35.94241,-86.8422,False,0,0,0,,,,,,,,
101351352,Crashes_2010_2019_MPO,2016-09-01,2016,35.9951,-86.69185,False,0,0,0,,,,,,,,
101351091,Crashes_2010_2019_MPO,2016-09-01,2016,35.96728,-86.81447,True,0,0,0,,,,,,,,
101351216,Crashes_2010_2019_MPO,2016-09-01,2016,36.04114,-86.77621,False,0,0,0,,,,,,,,
101351594,Crashes_2010_2019_MPO,2016-09-02,2016,36.05482,-86.67901,False,0,0,0,,,,,,,,
101351934,Crashes_2010_2019_MPO,2016-09-02,2016,35.99004,-86.74528,True,0,0,0,,,,,,,,
101355600,Crashes_2010_2019_MPO,2016-09-02,2016,35.97111,-86.80589,True,0,0,0,,,,,,,,
101352979,Crashes_2010_2019_MPO,2016-09-02,2016,35.94575,-86.82744,False,0,0,0,,,,,,,,
101352305,Crashes_2010_2019_MPO,2016-09-02,2016,35.95899,-86.81594,False,0,0,0,,,,,,,,
101352132,Crashes_2010_2019_MPO,2016-09-02,2016,36.02621,-86.87881,False,0,0,0,,,,,,,,
101352978,Crashes_2010_2019_MPO,2016-09-02,2016,35.95945,-86.81596,False,0,0,0,,,,,,,,
101352297,Crashes_2010_2019_MPO,2016-09-02,2016,35.92544,-86.86913,False,0,0,0,,,,,,,,
101351890,Crashes_2010_2019_MPO,2016-09-02,2016,35.96656,-86.80931,True,0,0,0,,,,,,,,
101352216,Crashes_2010_2019_MPO,2016-09-02,2016,36.00761,-86.70086,False,0,0,0,,,,,,,,
101352980,Crashes_2010_2019_MPO,2016-09-02,2016,35.94583,-86.8244,False,0,0,0,,,,,,,,
101351703,Crashes_2010_2019_MPO,2016-09-02,2016,36.04653,-86.68335,False,0,0,0,,,,,,,,
101352825,Crashes_2010_2019_MPO,2016-09-03,2016,36.03885,-86.78287,False,0,0,0,,,,,,,,
101353860,Crashes_2010_2019_MPO,2016-09-03,2016,36.0072,-86.8561,False,0,0,0,,,,,,,,
101353014,Crashes_2010_2019_MPO,2016-09-03,2016,35.9609,-86.81358,False,0,0,0,,,,,,,,
101352972,Crashes_2010_2019_MPO,2016-09-03,2016,36.04193,-86.7129,False,0,0,0,,,,,,,,
101352683,Crashes_2010_2019_MPO,2016-09-03,2016,36.04479,-86.72487,False,0,0,0,,,,,,,,
101352982,Crashes_2010_2019_MPO,2016-09-03,2016,35.9476,-86.81992,False,0,0,0,,,,,,,,
101353115,Crashes_2010_2019_MPO,2016-09-03,2016,35.92641,-86.82447,False,0,0,0,,,,,,,,
101353953,Crashes_2010_2019_MPO,2016-09-03,2016,36.0348,-86.71318,False,0,0,0,,,,,,,,
101353181,Crashes_2010_2019_MPO,2016-09-03,2016,36.02547,-86.71305,False,0,0,0,,,,,,,,
101353318,Crashes_2010_2019_MPO,2016-09-03,2016,35.9509,-86.80665,False,0,0,0,,,,,,,,
101352999,Crashes_2010_2019_MPO,2016-09-03,2016,36.035776,-86.787364,True,0,0,0,,,,,,,,
101353563,Crashes_2010_2019_MPO,2016-09-04,2016,36.02526,-86.74259,False,0,0,0,,,,,,,,
101353650,Crashes_2010_2019_MPO,2016-09-04,2016,36.04293,-86.77687,False,0,0,0,,,,,,,,
101353135,Crashes_2010_2019_MPO,2016-09-04,2016,36.02992,-86.78368,True,0,0,0,,,,,,,,
101353606,Crashes_2010_2019_MPO,2016-09-04,2016,35.97716,-86.67813,False,0,0,0,,,,,,,,
101353684,Crashes_2010_2019_MPO,2016-09-04,2016,36.03615,-86.70741,False,0,0,0,,,,,,,,
101353193,Crashes_2010_2019_MPO,2016-09-04,2016,35.96507,-86.72933,True,0,0,0,,,,,,,,
101353706,Crashes_2010_2019_MPO,2016-09-04,2016,36.03113,-86.75141,False,0,0,0,,,,,,,,
101354280,Crashes_2010_2019_MPO,2016-09-05,2016,35.99985,-86.69306,False,0,0,0,,,,,,,,
101354185,Crashes_2010_2019_MPO,2016-09-05,2016,35.96657,-86.8093,True,0,0,0,,,,,,,,
101354062,Crashes_2010_2019_MPO,2016-09-05,2016,36.03056,-86.75626,False,0,0,0,,,,,,,,
101354290,Crashes_2010_2019_MPO,2016-09-05,2016,35.92546,-86.87275,False,0,0,0,,,,,,,,
101354100,Crashes_2010_2019_MPO,2016-09-05,2016,36.03761,-86.78512,False,0,0,0,,,,,,,,
101355667,Crashes_2010_2019_MPO,2016-09-06,2016,35.96618,-86.80739,True,0,0,0,,,,,,,,
101355083,Crashes_2010_2019_MPO,2016-09-06,2016,35.93215,-86.79441,False,0,0,0,,,,,,,,
101354844,Crashes_2010_2019_MPO,2016-09-06,2016,35.9832,-86.80194,True,0,0,0,,,,,,,,
101354834,Crashes_2010_2019_MPO,2016-09-06,2016,35.99265,-86.79868,True,0,0,0,,,,,,,,
101355552,Crashes_2010_2019_MPO,2016-09-06,2016,35.93351,-86.81895,False,0,0,0,,,,,,,,
101355281,Crashes_2010_2019_MPO,2016-09-06,2016,35.92689,-86.82433,False,0,0,0,,,,,,,,
101354756,Crashes_2010_2019_MPO,2016-09-06,2016,36.04026,-86.8164,False,0,0,0,,,,,,,,
101355282,Crashes_2010_2019_MPO,2016-09-06,2016,36.0343,-86.79174,True,0,0,0,,,,,,,,
101355143,Crashes_2010_2019_MPO,2016-09-06,2016,36.03771,-86.78482,False,0,0,0,,,,,,,,
101355205,Crashes_2010_2019_MPO,2016-09-06,2016,35.94612,-86.82346,False,0,0,0,,,,,,,,
101355253,Crashes_2010_2019_MPO,2016-09-06,2016,35.95015,-86.84906,False,0,0,0,,,,,,,,
101360109,Crashes_2010_2019_MPO,2016-09-06,2016,36.034094,-86.790769,True,0,0,0,,,,,,,,
101354804,Crashes_2010_2019_MPO,2016-09-06,2016,35.99747,-86.79592,True,0,0,0,,,,,,,,
101355157,Crashes_2010_2019_MPO,2016-09-06,2016,36.03971,-86.76279,False,0,0,0,,,,,,,,
101355672,Crashes_2010_2019_MPO,2016-09-07,2016,36.03697,-86.78669,False,0,0,0,,,,,,,,
101355889,Crashes_2010_2019_MPO,2016-09-07,2016,36.0335,-86.71282,False,0,0,0,,,,,,,,
101355618,Crashes_2010_2019_MPO,2016-09-07,2016,36.03314,-86.78247,True,0,0,0,,,,,,,,
101356079,Crashes_2010_2019_MPO,2016-09-07,2016,36.04324,-86.70432,False,0,0,0,,,,,,,,
101355795,Crashes_2010_2019_MPO,2016-09-07,2016,35.93731,-86.87881,False,0,0,0,,,,,,,,
101360658,Crashes_2010_2019_MPO,2016-09-07,2016,36.03956,-86.86945,False,0,0,0,,,,,,,,
101355736,Crashes_2010_2019_MPO,2016-09-07,2016,36.03955,-86.7817,False,0,0,0,,,,,,,,
101355756,Crashes_2010_2019_MPO,2016-09-07,2016,35.9951,-86.77444,True,0,0,0,,,,,,,,
101355686,Crashes_2010_2019_MPO,2016-09-07,2016,35.96788,-86.81808,True,0,0,0,,,,,,,,
101355688,Crashes_2010_2019_MPO,2016-09-07,2016,36.0409,-86.77938,False,0,0,0,,,,,,,,
101355872,Crashes_2010_2019_MPO,2016-09-07,2016,36.04361,-86.78104,False,0,0,0,,,,,,,,
101356024,Crashes_2010_2019_MPO,2016-09-07,2016,35.93208,-86.86278,False,0,0,0,,,,,,,,
101356538,Crashes_2010_2019_MPO,2016-09-07,2016,36.00114,-86.79395,True,0,0,0,,,,,,,,
101355624,Crashes_2010_2019_MPO,2016-09-07,2016,35.9775,-86.77492,True,0,0,0,,,,,,,,
101355819,Crashes_2010_2019_MPO,2016-09-07,2016,36.035564,-86.787484,True,0,0,0,,,,,,,,
101356025,Crashes_2010_2019_MPO,2016-09-07,2016,35.93478,-86.82171,False,0,0,0,,,,,,,,
101357198,Crashes_2010_2019_MPO,2016-09-08,2016,36.03047,-86.74398,False,0,0,0,,,,,,,,
101356862,Crashes_2010_2019_MPO,2016-09-08,2016,36.04543,-86.70361,False,0,0,1,,,,,,,,
101356429,Crashes_2010_2019_MPO,2016-09-08,2016,36.04001,-86.74347,False,0,0,0,,,,,,,,
101357753,Crashes_2010_2019_MPO,2016-09-08,2016,35.9977,-86.77915,True,0,1,0,,,,,,,,
101356595,Crashes_2010_2019_MPO,2016-09-08,2016,36.03775,-86.78478,False,0,0,0,,,,,,,,
101356446,Crashes_2010_2019_MPO,2016-09-08,2016,36.04779,-86.77593,False,0,0,0,,,,,,,,
101356397,Crashes_2010_2019_MPO,2016-09-08,2016,36.04811,-86.71904,False,0,0,0,,,,,,,,
101357093,Crashes_2010_2019_MPO,2016-09-08,2016,36.01238,-86.70361,False,0,0,0,,,,,,,,
101357752,Crashes_2010_2019_MPO,2016-09-08,2016,36.02129,-86.78285,True,0,0,0,,,,,,,,
101356994,Crashes_2010_2019_MPO,2016-09-08,2016,35.94175,-86.82119,False,0,0,0,,,,,,,,
101357205,Crashes_2010_2019_MPO,2016-09-08,2016,35.96752,-86.83765,False,0,0,0,,,,,,,,
101356925,Crashes_2010_2019_MPO,2016-09-08,2016,35.94631,-86.8236,False,0,0,0,,,,,,,,