record_no,source_layer,collision_ts,crash_year,latitude,longitude,in_city,fatalities,non_motorists,truck_involved,serious_injuries,pedestrian,bicycle,crash_type,manner_of_collision,lighting,weather,first_harmful_event
101357064,Crashes_2010_2019_MPO,2016-09-08,2016,36.0125,-86.70368,False,0,0,0,,,,,,,,
101356509,Crashes_2010_2019_MPO,2016-09-08,2016,36.01179,-86.81789,True,0,0,0,,,,,,,,
101358396,Crashes_2010_2019_MPO,2016-09-08,2016,36.04512,-86.69895,False,0,0,0,,,,,,,,
101359776,Crashes_2010_2019_MPO,2016-09-08,2016,36.0255,-86.71214,False,0,0,0,,,,,,,,
101356646,Crashes_2010_2019_MPO,2016-09-08,2016,36.03122,-86.87558,False,0,0,0,,,,,,,,
101360988,Crashes_2010_2019_MPO,2016-09-08,2016,35.98335,-86.80188,True,0,0,0,,,,,,,,
101357103,Crashes_2010_2019_MPO,2016-09-09,2016,36.04068,-86.7812,False,0,0,0,,,,,,,,
101357426,Crashes_2010_2019_MPO,2016-09-09,2016,35.93181,-86.82217,False,0,0,0,,,,,,,,
101357212,Crashes_2010_2019_MPO,2016-09-09,2016,36.0417,-86.74862,False,0,0,0,,,,,,,,
101357290,Crashes_2010_2019_MPO,2016-09-09,2016,35.92421,-86.87003,False,0,0,0,,,,,,,,
101357219,Crashes_2010_2019_MPO,2016-09-09,2016,35.96588,-86.80316,True,0,0,0,,,,,,,,
101357112,Crashes_2010_2019_MPO,2016-09-09,2016,36.04114,-86.77621,False,0,0,0,,,,,,,,
101357221,Crashes_2010_2019_MPO,2016-09-09,2016,36.04555,-86.71134,False,0,0,0,,,,,,,,
101357574,Crashes_2010_2019_MPO,2016-09-09,2016,36.04545,-86.70395,False,0,0,0,,,,,,,,
101357283,Crashes_2010_2019_MPO,2016-09-09,2016,36.0454,-86.71287,False,0,0,0,,,,,,,,
101357755,Crashes_2010_2019_MPO,2016-09-09,2016,35.96621,-86.81383,False,0,0,0,,,,,,,,
101357275,Crashes_2010_2019_MPO,2016-09-09,2016,36.04049,-86.77022,False,0,0,1,,,,,,,,
101357754,Crashes_2010_2019_MPO,2016-09-09,2016,35.99625,-86.78638,True,0,0,0,,,,,,,,
101359472,Crashes_2010_2019_MPO,2016-09-10,2016,35.9355,-86.82399,False,0,0,0,,,,,,,,
101364446,Crashes_2010_2019_MPO,2016-09-10,2016,36.04002,-86.74348,False,0,0,0,,,,,,,,
101358419,Crashes_2010_2019_MPO,2016-09-10,2016,35.95628,-86.81101,False,0,0,0,,,,,,,,
101360009,Crashes_2010_2019_MPO,2016-09-10,2016,35.93687,-86.8787,False,0,0,0,,,,,,,,
101358611,Crashes_2010_2019_MPO,2016-09-10,2016,35.93681,-86.87869,False,0,0,0,,,,,,,,
101358293,Crashes_2010_2019_MPO,2016-09-10,2016,36.02394,-86.81964,True,0,0,0,,,,,,,,
101359077,Crashes_2010_2019_MPO,2016-09-10,2016,36.04707,-86.77776,False,0,0,0,,,,,,,,
101358311,Crashes_2010_2019_MPO,2016-09-10,2016,36.04184,-86.78239,False,0,0,0,,,,,,,,
101358357,Crashes_2010_2019_MPO,2016-09-10,2016,36.02263,-86.68056,False,0,0,0,,,,,,,,
101358112,Crashes_2010_2019_MPO,2016-09-10,2016,36.03345,-86.77903,True,0,0,0,,,,,,,,
101358323,Crashes_2010_2019_MPO,2016-09-10,2016,36.0452,-86.71503,False,0,0,0,,,,,,,,
101358363,Crashes_2010_2019_MPO,2016-09-10,2016,36.03356,-86.78029,True,0,0,0,,,,,,,,
101358646,Crashes_2010_2019_MPO,2016-09-11,2016,36.03989,-86.74184,False,0,0,0,,,,,,,,
101358695,Crashes_2010_2019_MPO,2016-09-11,2016,35.94747,-86.81969,False,0,0,0,,,,,,,,
101358979,Crashes_2010_2019_MPO,2016-09-11,2016,35.92957,-86.84187,False,0,0,0,,,,,,,,
101358699,Crashes_2010_2019_MPO,2016-09-11,2016,35.96902,-86.67783,False,0,0,0,,,,,,,,
101359115,Crashes_2010_2019_MPO,2016-09-11,2016,36.01296,-86.69763,False,0,0,0,,,,,,,,
101358692,Crashes_2010_2019_MPO,2016-09-11,2016,35.93702,-86.80525,False,0,0,0,,,,,,,,
101358742,Crashes_2010_2019_MPO,2016-09-11,2016,36.03895,-86.78267,False,0,0,0,,,,,,,,
101358831,Crashes_2010_2019_MPO,2016-09-11,2016,36.03073,-86.83708,True,0,0,0,,,,,,,,
101358953,Crashes_2010_2019_MPO,2016-09-11,2016,35.92936,-86.84191,False,0,0,0,,,,,,,,
101358913,Crashes_2010_2019_MPO,2016-09-11,2016,35.93559,-86.82589,False,0,0,0,,,,,,,,
101359420,Crashes_2010_2019_MPO,2016-09-12,2016,36.03911,-86.74342,False,0,0,0,,,,,,,,
101359577,Crashes_2010_2019_MPO,2016-09-12,2016,36.03334,-86.79591,True,0,0,0,,,,,,,,
101359469,Crashes_2010_2019_MPO,2016-09-12,2016,35.93252,-86.81167,False,0,0,0,,,,,,,,
101359163,Crashes_2010_2019_MPO,2016-09-12,2016,36.0395,-86.78175,False,0,0,0,,,,,,,,
101359409,Crashes_2010_2019_MPO,2016-09-12,2016,35.92425,-86.86958,False,0,0,0,,,,,,,,
101359775,Crashes_2010_2019_MPO,2016-09-12,2016,35.95604,-86.81493,False,0,0,0,,,,,,,,
101359898,Crashes_2010_2019_MPO,2016-09-12,2016,35.97404,-86.83241,True,0,0,0,,,,,,,,
101359798,Crashes_2010_2019_MPO,2016-09-12,2016,35.92957,-86.84187,False,0,0,0,,,,,,,,
101359669,Crashes_2010_2019_MPO,2016-09-12,2016,35.99273,-86.75713,True,0,0,0,,,,,,,,
101361745,Crashes_2010_2019_MPO,2016-09-12,2016,35.94114,-86.83623,False,0,0,0,,,,,,,,
101359856,Crashes_2010_2019_MPO,2016-09-12,2016,35.99093,-86.77642,True,0,0,0,,,,,,,,
101359674,Crashes_2010_2019_MPO,2016-09-12,2016,36.033265,-86.788677,True,0,0,0,,,,,,,,
101359646,Crashes_2010_2019_MPO,2016-09-12,2016,36.0522,-86.74309,False,0,0,0,,,,,,,,
101359361,Crashes_2010_2019_MPO,2016-09-12,2016,35.92273,-86.81459,False,0,0,0,,,,,,,,
101359660,Crashes_2010_2019_MPO,2016-09-12,2016,36.04001,-86.74347,False,0,0,0,,,,,,,,
101360004,Crashes_2010_2019_MPO,2016-09-13,2016,35.99101,-86.799,True,0,0,0,,,,,,,,
101359908,Crashes_2010_2019_MPO,2016-09-13,2016,36.03209,-86.75897,False,0,0,0,,,,,,,,
101360149,Crashes_2010_2019_MPO,2016-09-13,2016,36.01614,-86.71492,False,0,0,0,,,,,,,,
101360789,Crashes_2010_2019_MPO,2016-09-13,2016,35.95939,-86.80186,False,0,0,0,,,,,,,,
101360356,Crashes_2010_2019_MPO,2016-09-13,2016,36.04117,-86.77872,False,0,0,0,,,,,,,,
101360199,Crashes_2010_2019_MPO,2016-09-13,2016,35.93707,-86.69245,False,0,0,0,,,,,,,,
101360088,Crashes_2010_2019_MPO,2016-09-13,2016,36.04278,-86.7441,False,0,0,0,,,,,,,,
101360006,Crashes_2010_2019_MPO,2016-09-13,2016,36.04253,-86.78216,False,0,0,0,,,,,,,,
101359939,Crashes_2010_2019_MPO,2016-09-13,2016,36.03831,-86.67733,False,0,0,0,,,,,,,,
101361157,Crashes_2010_2019_MPO,2016-09-14,2016,35.9325,-86.86247,False,0,0,0,,,,,,,,
101361564,Crashes_2010_2019_MPO,2016-09-14,2016,35.96663,-86.81369,True,0,0,0,,,,,,,,
101361498,Crashes_2010_2019_MPO,2016-09-14,2016,35.96198,-86.81518,False,0,0,0,,,,,,,,
101361159,Crashes_2010_2019_MPO,2016-09-14,2016,35.94782,-86.85884,False,0,0,0,,,,,,,,
101361233,Crashes_2010_2019_MPO,2016-09-14,2016,36.04345,-86.74414,False,0,1,0,,,,,,,,
101360682,Crashes_2010_2019_MPO,2016-09-14,2016,36.0411,-86.74374,False,0,0,0,,,,,,,,
101361158,Crashes_2010_2019_MPO,2016-09-14,2016,35.94797,-86.86002,False,0,0,0,,,,,,,,
101361234,Crashes_2010_2019_MPO,2016-09-14,2016,36.03923,-86.81648,True,0,0,0,,,,,,,,
101361147,Crashes_2010_2019_MPO,2016-09-14,2016,36.03231,-86.74378,False,0,0,0,,,,,,,,
101364649,Crashes_2010_2019_MPO,2016-09-14,2016,36.0417,-86.74863,False,0,0,0,,,,,,,,
101360756,Crashes_2010_2019_MPO,2016-09-14,2016,36.05101,-86.81624,False,0,0,0,,,,,,,,
101361155,Crashes_2010_2019_MPO,2016-09-14,2016,35.9509,-86.80665,False,0,0,0,,,,,,,,
101364117,Crashes_2010_2019_MPO,2016-09-15,2016,35.96185,-86.81522,False,0,0,0,,,,,,,,
101362760,Crashes_2010_2019_MPO,2016-09-15,2016,35.93977,-86.82138,False,0,0,0,,,,,,,,
101361483,Crashes_2010_2019_MPO,2016-09-15,2016,35.99879,-86.80723,True,0,0,0,,,,,,,,
101361952,Crashes_2010_2019_MPO,2016-09-15,2016,35.93446,-86.81991,False,0,0,0,,,,,,,,
101361799,Crashes_2010_2019_MPO,2016-09-15,2016,35.94992,-86.81924,False,0,0,0,,,,,,,,
101361777,Crashes_2010_2019_MPO,2016-09-15,2016,35.97713,-86.77161,True,0,0,0,,,,,,,,
101361415,Crashes_2010_2019_MPO,2016-09-15,2016,36.03911,-86.73528,False,0,0,0,,,,,,,,
101365000,Crashes_2010_2019_MPO,2016-09-15,2016,36.04536,-86.70255,False,0,0,0,,,,,,,,
101362252,Crashes_2010_2019_MPO,2016-09-15,2016,36.03981,-86.74076,False,0,0,0,,,,,,,,
101363712,Crashes_2010_2019_MPO,2016-09-15,2016,36.04059,-86.77107,False,0,0,0,,,,,,,,
101361414,Crashes_2010_2019_MPO,2016-09-15,2016,35.98465,-86.72556,True,0,0,0,,,,,,,,
101361454,Crashes_2010_2019_MPO,2016-09-15,2016,35.92836,-86.75986,False,0,0,0,,,,,,,,
101361880,Crashes_2010_2019_MPO,2016-09-15,2016,35.96088,-86.80943,False,0,0,0,,,,,,,,
101362672,Crashes_2010_2019_MPO,2016-09-16,2016,36.04245,-86.71294,False,0,0,0,,,,,,,,
101362168,Crashes_2010_2019_MPO,2016-09-16,2016,36.03905,-86.74342,False,0,0,0,,,,,,,,
101363501,Crashes_2010_2019_MPO,2016-09-16,2016,35.96133,-86.81226,False,0,0,0,,,,,,,,
101362962,Crashes_2010_2019_MPO,2016-09-16,2016,35.95752,-86.7676,True,0,0,0,,,,,,,,
101362677,Crashes_2010_2019_MPO,2016-09-16,2016,36.04028,-86.76837,False,0,0,0,,,,,,,,
101363500,Crashes_2010_2019_MPO,2016-09-16,2016,35.93172,-86.861,False,0,0,0,,,,,,,,
101362585,Crashes_2010_2019_MPO,2016-09-16,2016,36.02391,-86.70183,False,0,0,0,,,,,,,,
101362944,Crashes_2010_2019_MPO,2016-09-16,2016,36.04543,-86.70361,False,0,0,0,,,,,,,,
101363502,Crashes_2010_2019_MPO,2016-09-16,2016,35.95799,-86.79927,False,0,0,0,,,,,,,,
101362843,Crashes_2010_2019_MPO,2016-09-16,2016,35.93462,-86.82061,False,0,0,0,,,,,,,,
101363541,Crashes_2010_2019_MPO,2016-09-16,2016,36.04543,-86.7036,False,0,0,0,,,,,,,,
101362629,Crashes_2010_2019_MPO,2016-09-16,2016,36.02193,-86.7951,True,0,0,0,,,,,,,,
101362772,Crashes_2010_2019_MPO,2016-09-16,2016,36.04021,-86.74487,False,0,0,0,,,,,,,,
101362664,Crashes_2010_2019_MPO,2016-09-16,2016,36.00288,-86.69735,False,0,0,0,,,,,,,,
101362657,Crashes_2010_2019_MPO,2016-09-16,2016,35.94648,-86.82371,False,0,0,0,,,,,,,,
101362292,Crashes_2010_2019_MPO,2016-09-16,2016,36.04003,-86.76596,False,0,0,0,,,,,,,,
101363142,Crashes_2010_2019_MPO,2016-09-17,2016,35.99069,-86.68304,False,0,0,0,,,,,,,,
101363297,Crashes_2010_2019_MPO,2016-09-17,2016,36.04146,-86.78247,False,0,0,0,,,,,,,,
101386710,Crashes_2010_2019_MPO,2016-09-17,2016,36.04139,-86.67769,False,0,0,0,,,,,,,,
101363582,Crashes_2010_2019_MPO,2016-09-17,2016,36.04125,-86.77725,False,0,0,0,,,,,,,,
101363497,Crashes_2010_2019_MPO,2016-09-17,2016,36.04491,-86.71983,False,0,0,0,,,,,,,,
101363917,Crashes_2010_2019_MPO,2016-09-17,2016,35.96498,-86.72754,True,0,0,0,,,,,,,,
101363503,Crashes_2010_2019_MPO,2016-09-17,2016,35.93439,-86.77795,False,0,0,0,,,,,,,,
101363307,Crashes_2010_2019_MPO,2016-09-17,2016,36.04178,-86.7824,False,0,0,0,,,,,,,,
101363514,Crashes_2010_2019_MPO,2016-09-17,2016,36.04179,-86.7824,False,0,0,0,,,,,,,,
101365177,Crashes_2010_2019_MPO,2016-09-17,2016,36.04537,-86.71326,False,0,0,0,,,,,,,,
101362980,Crashes_2010_2019_MPO,2016-09-17,2016,35.9971,-86.70413,True,0,0,0,,,,,,,,
101363671,Crashes_2010_2019_MPO,2016-09-17,2016,35.94665,-86.82226,False,0,0,0,,,,,,,,
101363578,Crashes_2010_2019_MPO,2016-09-17,2016,36.01324,-86.73867,True,0,0,0,,,,,,,,
101363701,Crashes_2010_2019_MPO,2016-09-17,2016,35.9279,-86.7175,False,0,0,0,,,,,,,,
101363506,Crashes_2010_2019_MPO,2016-09-17,2016,35.93139,-86.86331,False,0,0,0,,,,,,,,
101364732,Crashes_2010_2019_MPO,2016-09-17,2016,35.99599,-86.68861,False,0,0,0,,,,,,,,
101363283,Crashes_2010_2019_MPO,2016-09-17,2016,36.02447,-86.68886,False,0,0,0,,,,,,,,
101363524,Crashes_2010_2019_MPO,2016-09-17,2016,35.96979,-86.72405,True,0,0,0,,,,,,,,
101363558,Crashes_2010_2019_MPO,2016-09-17,2016,36.0243,-86.74239,False,0,0,0,,,,,,,,
101365237,Crashes_2010_2019_MPO,2016-09-17,2016,36.04529,-86.71406,False,0,0,0,,,,,,,,
101363660,Crashes_2010_2019_MPO,2016-09-17,2016,35.96199,-86.81523,False,0,0,0,,,,,,,,
101363515,Crashes_2010_2019_MPO,2016-09-17,2016,36.02175,-86.74267,False,0,0,0,,,,,,,,
101363505,Crashes_2010_2019_MPO,2016-09-17,2016,35.96062,-86.81522,False,0,0,0,,,,,,,,
101363544,Crashes_2010_2019_MPO,2016-09-17,2016,35.99629,-86.68904,False,0,0,0,,,,,,,,
101390368,Crashes_2010_2019_MPO,2016-09-18,2016,35.99655,-86.78902,True,0,0,0,,,,,,,,
101363772,Crashes_2010_2019_MPO,2016-09-18,2016,36.04485,-86.71983,False,0,0,0,,,,,,,,
101364131,Crashes_2010_2019_MPO,2016-09-18,2016,36.04537,-86.71326,False,0,0,0,,,,,,,,
101364606,Crashes_2010_2019_MPO,2016-09-18,2016,36.02134,-86.78878,True,0,0,0,,,,,,,,
101364133,Crashes_2010_2019_MPO,2016-09-18,2016,36.02564,-86.71128,False,0,0,0,,,,,,,,
101364508,Crashes_2010_2019_MPO,2016-09-19,2016,36.04089,-86.74607,False,0,0,0,,,,,,,,
101364647,Crashes_2010_2019_MPO,2016-09-19,2016,36.04635,-86.67714,False,0,0,0,,,,,,,,
101365019,Crashes_2010_2019_MPO,2016-09-19,2016,36.04528,-86.70146,False,0,0,0,,,,,,,,
101364454,Crashes_2010_2019_MPO,2016-09-19,2016,36.04513,-86.6991,False,0,0,0,,,,,,,,
101364502,Crashes_2010_2019_MPO,2016-09-19,2016,35.92472,-86.87428,False,0,0,0,,,,,,,,
101364950,Crashes_2010_2019_MPO,2016-09-19,2016,35.96657,-86.80929,True,0,0,0,,,,,,,,
101364638,Crashes_2010_2019_MPO,2016-09-19,2016,36.04037,-86.74357,False,0,0,0,,,,,,,,
101364789,Crashes_2010_2019_MPO,2016-09-19,2016,36.03781,-86.79577,False,0,0,0,,,,,,,,
101366113,Crashes_2010_2019_MPO,2016-09-20,2016,36.02193,-86.7951,True,0,0,0,,,,,,,,
101365375,Crashes_2010_2019_MPO,2016-09-20,2016,35.94175,-86.82121,False,0,0,0,,,,,,,,
101365736,Crashes_2010_2019_MPO,2016-09-20,2016,35.99309,-86.75802,True,0,0,0,,,,,,,,
101365612,Crashes_2010_2019_MPO,2016-09-20,2016,35.94798,-86.81903,False,0,0,0,,,,,,,,
101365595,Crashes_2010_2019_MPO,2016-09-20,2016,36.04523,-86.71463,False,0,0,0,,,,,,,,
101365467,Crashes_2010_2019_MPO,2016-09-20,2016,35.99631,-86.68908,False,0,0,0,,,,,,,,
101365602,Crashes_2010_2019_MPO,2016-09-20,2016,35.9462,-86.80876,False,0,0,0,,,,,,,,
101365148,Crashes_2010_2019_MPO,2016-09-20,2016,35.934,-86.81878,False,0,0,0,,,,,,,,
101365663,Crashes_2010_2019_MPO,2016-09-20,2016,35.93563,-86.86013,False,0,0,0,,,,,,,,
101365433,Crashes_2010_2019_MPO,2016-09-20,2016,35.99687,-86.68989,False,0,0,0,,,,,,,,
101365152,Crashes_2010_2019_MPO,2016-09-20,2016,35.98528,-86.73045,True,0,0,0,,,,,,,,
101366239,Crashes_2010_2019_MPO,2016-09-21,2016,35.94587,-86.80866,False,0,0,0,,,,,,,,
101365977,Crashes_2010_2019_MPO,2016-09-21,2016,36.04476,-86.71319,False,0,0,0,,,,,,,,
101365987,Crashes_2010_2019_MPO,2016-09-21,2016,36.0351,-86.78305,False,0,0,0,,,,,,,,
101366396,Crashes_2010_2019_MPO,2016-09-21,2016,36.04001,-86.74347,False,0,0,0,,,,,,,,
101366070,Crashes_2010_2019_MPO,2016-09-21,2016,36.04596,-86.7778,False,0,0,0,,,,,,,,
101386696,Crashes_2010_2019_MPO,2016-09-21,2016,35.95368,-86.71967,False,0,0,0,,,,,,,,
101386780,Crashes_2010_2019_MPO,2016-09-21,2016,35.98112,-86.84623,False,0,0,0,,,,,,,,
101376467,Crashes_2010_2019_MPO,2016-09-21,2016,35.94813,-86.81682,False,0,0,0,,,,,,,,
101387613,Crashes_2010_2019_MPO,2016-09-21,2016,35.97916,-86.82308,True,0,0,0,,,,,,,,
101388374,Crashes_2010_2019_MPO,2016-09-21,2016,35.98525,-86.72839,True,0,0,0,,,,,,,,
101365994,Crashes_2010_2019_MPO,2016-09-21,2016,36.04982,-86.73797,False,0,0,0,,,,,,,,
101366080,Crashes_2010_2019_MPO,2016-09-21,2016,35.99517,-86.77528,True,0,0,0,,,,,,,,
101366000,Crashes_2010_2019_MPO,2016-09-21,2016,35.96716,-86.72751,True,0,0,0,,,,,,,,
101376503,Crashes_2010_2019_MPO,2016-09-21,2016,36.04829,-86.86631,False,0,0,0,,,,,,,,
101366071,Crashes_2010_2019_MPO,2016-09-21,2016,36.0453,-86.71389,False,0,0,0,,,,,,,,
101366156,Crashes_2010_2019_MPO,2016-09-21,2016,36.04528,-86.70138,False,0,0,0,,,,,,,,
101366081,Crashes_2010_2019_MPO,2016-09-21,2016,35.96312,-86.81897,True,0,0,0,,,,,,,,
101386620,Crashes_2010_2019_MPO,2016-09-21,2016,35.94874,-86.74553,True,0,0,0,,,,,,,,
101365926,Crashes_2010_2019_MPO,2016-09-21,2016,35.94696,-86.81428,False,0,0,0,,,,,,,,
101366378,Crashes_2010_2019_MPO,2016-09-21,2016,36.0409,-86.77938,False,0,0,0,,,,,,,,
101388183,Crashes_2010_2019_MPO,2016-09-21,2016,36.0374,-86.78657,False,0,0,0,,,,,,,,
101366105,Crashes_2010_2019_MPO,2016-09-21,2016,36.03948,-86.78177,False,0,0,0,,,,,,,,
101376495,Crashes_2010_2019_MPO,2016-09-21,2016,36.04479,-86.72487,False,0,0,0,,,,,,,,
101376447,Crashes_2010_2019_MPO,2016-09-21,2016,35.92921,-86.85275,False,0,0,0,,,,,,,,
101366024,Crashes_2010_2019_MPO,2016-09-21,2016,36.045,-86.77931,False,0,0,0,,,,,,,,
101366443,Crashes_2010_2019_MPO,2016-09-21,2016,36.04537,-86.71326,False,0,0,0,,,,,,,,
101366008,Crashes_2010_2019_MPO,2016-09-21,2016,36.0331,-86.71069,False,0,0,0,,,,,,,,
101388015,Crashes_2010_2019_MPO,2016-09-22,2016,35.99857,-86.80539,True,0,0,0,,,,,,,,
101387133,Crashes_2010_2019_MPO,2016-09-22,2016,35.94999,-86.76016,True,0,0,0,,,,,,,,
101387159,Crashes_2010_2019_MPO,2016-09-22,2016,35.94847,-86.81133,False,0,0,0,,,,,,,,
101387158,Crashes_2010_2019_MPO,2016-09-22,2016,35.95198,-86.81788,False,0,0,0,,,,,,,,
101386746,Crashes_2010_2019_MPO,2016-09-22,2016,36.04479,-86.72487,False,0,0,0,,,,,,,,
101387601,Crashes_2010_2019_MPO,2016-09-22,2016,35.98883,-86.70458,True,0,0,0,,,,,,,,
101390032,Crashes_2010_2019_MPO,2016-09-22,2016,35.95889,-86.81598,False,0,0,0,,,,,,,,
101387535,Crashes_2010_2019_MPO,2016-09-22,2016,35.95748,-86.76759,True,0,0,0,,,,,,,,
101387245,Crashes_2010_2019_MPO,2016-09-22,2016,36.05027,-86.74342,False,0,0,0,,,,,,,,
101386708,Crashes_2010_2019_MPO,2016-09-22,2016,36.04399,-86.74408,False,0,0,0,,,,,,,,
101386798,Crashes_2010_2019_MPO,2016-09-22,2016,36.01676,-86.78631,True,0,0,0,,,,,,,,
101386783,Crashes_2010_2019_MPO,2016-09-22,2016,35.99194,-86.68418,False,0,0,0,,,,,,,,
101388095,Crashes_2010_2019_MPO,2016-09-23,2016,36.03995,-86.7426,False,0,0,0,,,,,,,,
101388063,Crashes_2010_2019_MPO,2016-09-23,2016,36.04573,-86.70912,False,0,0,0,,,,,,,,
101390354,Crashes_2010_2019_MPO,2016-09-23,2016,35.96328,-86.80099,True,0,0,0,,,,,,,,
101388717,Crashes_2010_2019_MPO,2016-09-23,2016,36.0247,-86.78564,True,0,0,0,,,,,,,,
101387679,Crashes_2010_2019_MPO,2016-09-23,2016,35.92755,-86.87423,False,0,0,0,,,,,,,,
101388270,Crashes_2010_2019_MPO,2016-09-23,2016,36.04554,-86.71144,False,0,0,1,,,,,,,,
101388066,Crashes_2010_2019_MPO,2016-09-23,2016,35.93446,-86.81991,False,0,0,0,,,,,,,,
101388094,Crashes_2010_2019_MPO,2016-09-23,2016,36.0488,-86.71367,False,0,0,0,,,,,,,,
101388016,Crashes_2010_2019_MPO,2016-09-23,2016,36.03381,-86.78846,True,0,0,0,,,,,,,,
101387975,Crashes_2010_2019_MPO,2016-09-23,2016,35.96518,-86.80029,True,0,0,0,,,,,,,,
101389197,Crashes_2010_2019_MPO,2016-09-23,2016,36.03175,-86.78961,True,0,0,0,,,,,,,,
101388030,Crashes_2010_2019_MPO,2016-09-23,2016,35.99771,-86.7979,True,0,0,0,,,,,,,,
101388042,Crashes_2010_2019_MPO,2016-09-23,2016,35.92302,-86.8166,False,0,0,0,,,,,,,,
101387500,Crashes_2010_2019_MPO,2016-09-23,2016,36.03127,-86.78351,True,0,0,0,,,,,,,,
101390684,Crashes_2010_2019_MPO,2016-09-23,2016,36.02915,-86.77412,True,0,1,0,,,,,,,,
101387883,Crashes_2010_2019_MPO,2016-09-23,2016,35.94781,-86.72407,True,0,0,0,,,,,,,,
101387632,Crashes_2010_2019_MPO,2016-09-23,2016,36.0374,-86.78657,False,0,0,0,,,,,,,,
101388031,Crashes_2010_2019_MPO,2016-09-23,2016,36.0205,-86.78268,True,0,0,0,,,,,,,,
101387977,Crashes_2010_2019_MPO,2016-09-23,2016,36.02212,-86.74811,False,0,0,0,,,,,,,,
101387489,Crashes_2010_2019_MPO,2016-09-23,2016,36.03821,-86.8009,False,0,0,0,,,,,,,,
101387530,Crashes_2010_2019_MPO,2016-09-23,2016,36.03747,-86.79098,False,0,0,0,,,,,,,,
101388667,Crashes_2010_2019_MPO,2016-09-24,2016,36.0409,-86.77938,False,0,0,0,,,,,,,,
101388757,Crashes_2010_2019_MPO,2016-09-24,2016,36.04537,-86.71326,False,0,0,0,,,,,,,,
101388861,Crashes_2010_2019_MPO,2016-09-24,2016,36.03451,-86.69424,False,0,0,0,,,,,,,,
101388344,Crashes_2010_2019_MPO,2016-09-24,2016,36.01407,-86.68158,False,0,0,0,,,,,,,,
101388643,Crashes_2010_2019_MPO,2016-09-24,2016,35.94277,-86.81913,False,0,0,0,,,,,,,,
101388682,Crashes_2010_2019_MPO,2016-09-24,2016,35.94218,-86.80417,False,0,0,0,,,,,,,,
101388455,Crashes_2010_2019_MPO,2016-09-24,2016,35.9584,-86.80226,False,0,0,0,,,,,,,,
101389268,Crashes_2010_2019_MPO,2016-09-24,2016,35.92922,-86.85289,False,0,0,0,,,,,,,,
101388378,Crashes_2010_2019_MPO,2016-09-24,2016,36.03747,-86.79098,False,0,0,0,,,,,,,,
101388933,Crashes_2010_2019_MPO,2016-09-24,2016,36.0124,-86.78486,True,0,0,0,,,,,,,,
101388857,Crashes_2010_2019_MPO,2016-09-24,2016,36.03993,-86.74229,False,0,0,0,,,,,,,,
101389325,Crashes_2010_2019_MPO,2016-09-24,2016,36.034019,-86.788393,True,0,0,0,,,,,,,,
101388686,Crashes_2010_2019_MPO,2016-09-24,2016,35.95522,-86.81561,False,0,0,0,,,,,,,,
101388758,Crashes_2010_2019_MPO,2016-09-24,2016,36.04079,-86.7128,False,0,0,0,,,,,,,,
101388722,Crashes_2010_2019_MPO,2016-09-24,2016,35.99734,-86.79486,True,0,0,0,,,,,,,,
101388906,Crashes_2010_2019_MPO,2016-09-24,2016,36.0452,-86.71511,False,0,0,0,,,,,,,,
101389613,Crashes_2010_2019_MPO,2016-09-24,2016,36.03451,-86.69424,False,0,0,0,,,,,,,,
101388672,Crashes_2010_2019_MPO,2016-09-24,2016,35.93579,-86.79226,False,0,0,0,,,,,,,,
101389333,Crashes_2010_2019_MPO,2016-09-25,2016,36.03675,-86.7133,False,0,0,0,,,,,,,,
101389503,Crashes_2010_2019_MPO,2016-09-25,2016,35.9308,-86.84779,False,0,0,0,,,,,,,,
101389657,Crashes_2010_2019_MPO,2016-09-25,2016,36.00856,-86.78663,True,0,0,0,,,,,,,,
101389452,Crashes_2010_2019_MPO,2016-09-25,2016,36.04056,-86.78001,False,0,0,0,,,,,,,,
101389001,Crashes_2010_2019_MPO,2016-09-25,2016,36.03971,-86.75884,False,0,0,0,,,,,,,,
101390265,Crashes_2010_2019_MPO,2016-09-26,2016,36.04002,-86.74358,False,0,0,1,,,,,,,,
101389946,Crashes_2010_2019_MPO,2016-09-26,2016,36.04542,-86.71835,False,0,0,0,,,,,,,,
101390395,Crashes_2010_2019_MPO,2016-09-26,2016,36.02289,-86.71241,False,0,0,0,,,,,,,,
101390105,Crashes_2010_2019_MPO,2016-09-26,2016,35.96978,-86.72439,True,0,0,0,,,,,,,,
101390353,Crashes_2010_2019_MPO,2016-09-26,2016,35.99232,-86.82837,True,0,0,0,,,,,,,,
101390276,Crashes_2010_2019_MPO,2016-09-26,2016,35.96798,-86.81833,True,0,0,0,,,,,,,,
101390033,Crashes_2010_2019_MPO,2016-09-26,2016,36.01377,-86.73828,False,0,0,0,,,,,,,,
101390274,Crashes_2010_2019_MPO,2016-09-26,2016,36.05159,-86.74321,False,0,0,0,,,,,,,,
101390440,Crashes_2010_2019_MPO,2016-09-26,2016,35.92274,-86.78575,False,0,0,0,,,,,,,,
101390397,Crashes_2010_2019_MPO,2016-09-26,2016,35.96654,-86.80934,True,0,0,0,,,,,,,,
101390219,Crashes_2010_2019_MPO,2016-09-26,2016,36.04393,-86.6933,False,0,0,0,,,,,,,,
101390206,Crashes_2010_2019_MPO,2016-09-26,2016,36.04114,-86.77621,False,0,0,0,,,,,,,,
101389921,Crashes_2010_2019_MPO,2016-09-26,2016,36.04143,-86.74981,False,0,0,0,,,,,,,,
101390130,Crashes_2010_2019_MPO,2016-09-26,2016,35.95051,-86.76622,True,0,0,0,,,,,,,,
101390162,Crashes_2010_2019_MPO,2016-09-26,2016,36.04537,-86.71326,False,0,0,0,,,,,,,,
101390084,Crashes_2010_2019_MPO,2016-09-26,2016,35.93483,-86.82186,False,0,0,0,,,,,,,,
101391355,Crashes_2010_2019_MPO,2016-09-27,2016,36.04822,-86.74365,False,0,0,0,,,,,,,,