record_no,source_layer,collision_ts,crash_year,latitude,longitude,in_city,fatalities,non_motorists,truck_involved,serious_injuries,pedestrian,bicycle,crash_type,manner_of_collision,lighting,weather,first_harmful_event
101390820,Crashes_2010_2019_MPO,2016-09-27,2016,36.04047,-86.77005,False,0,0,0,,,,,,,,
101390568,Crashes_2010_2019_MPO,2016-09-27,2016,36.03986,-86.71278,False,0,0,0,,,,,,,,
101390634,Crashes_2010_2019_MPO,2016-09-27,2016,35.998371,-86.805904,True,0,0,0,,,,,,,,
101391538,Crashes_2010_2019_MPO,2016-09-27,2016,35.93465,-86.81936,False,0,0,0,,,,,,,,
101390729,Crashes_2010_2019_MPO,2016-09-27,2016,36.04602,-86.85687,False,0,0,0,,,,,,,,
101391012,Crashes_2010_2019_MPO,2016-09-27,2016,36.03256,-86.7687,False,0,0,0,,,,,,,,
101391338,Crashes_2010_2019_MPO,2016-09-27,2016,35.93502,-86.86059,False,0,0,0,,,,,,,,
101390962,Crashes_2010_2019_MPO,2016-09-27,2016,35.97545,-86.80463,True,0,0,0,,,,,,,,
101390938,Crashes_2010_2019_MPO,2016-09-27,2016,36.03969,-86.75998,False,0,0,0,,,,,,,,
101390921,Crashes_2010_2019_MPO,2016-09-27,2016,36.04649,-86.6778,False,0,0,0,,,,,,,,
101391001,Crashes_2010_2019_MPO,2016-09-27,2016,35.96716,-86.81351,True,0,0,0,,,,,,,,
101390922,Crashes_2010_2019_MPO,2016-09-27,2016,36.04549,-86.70454,False,0,0,0,,,,,,,,
101390678,Crashes_2010_2019_MPO,2016-09-27,2016,36.02569,-86.79298,True,0,0,0,,,,,,,,
101391373,Crashes_2010_2019_MPO,2016-09-27,2016,36.0374,-86.78657,False,0,0,0,,,,,,,,
101390744,Crashes_2010_2019_MPO,2016-09-27,2016,36.04543,-86.70361,False,0,0,0,,,,,,,,
101396343,Crashes_2010_2019_MPO,2016-09-28,2016,36.03127,-86.78351,True,0,0,1,,,,,,,,
101391843,Crashes_2010_2019_MPO,2016-09-28,2016,35.94631,-86.8236,False,0,0,0,,,,,,,,
101391376,Crashes_2010_2019_MPO,2016-09-28,2016,36.04534,-86.70222,False,0,0,0,,,,,,,,
101391265,Crashes_2010_2019_MPO,2016-09-28,2016,35.93154,-86.87914,False,0,0,0,,,,,,,,
101391747,Crashes_2010_2019_MPO,2016-09-28,2016,36.03744,-86.78585,False,0,0,0,,,,,,,,
101391302,Crashes_2010_2019_MPO,2016-09-28,2016,35.9944,-86.77869,True,0,0,0,,,,,,,,
101391880,Crashes_2010_2019_MPO,2016-09-28,2016,35.99687,-86.68989,False,0,0,0,,,,,,,,
101391339,Crashes_2010_2019_MPO,2016-09-28,2016,35.93541,-86.82372,False,0,0,0,,,,,,,,
101391327,Crashes_2010_2019_MPO,2016-09-28,2016,36.04662,-86.72508,False,0,0,0,,,,,,,,
101391340,Crashes_2010_2019_MPO,2016-09-28,2016,35.93014,-86.82012,False,0,0,0,,,,,,,,
101391364,Crashes_2010_2019_MPO,2016-09-28,2016,36.04066,-86.77174,False,0,0,0,,,,,,,,
101391445,Crashes_2010_2019_MPO,2016-09-28,2016,35.96655,-86.80932,True,0,0,0,,,,,,,,
101391776,Crashes_2010_2019_MPO,2016-09-28,2016,35.94782,-86.81975,False,0,0,0,,,,,,,,
101391977,Crashes_2010_2019_MPO,2016-09-28,2016,35.97607,-86.8292,True,0,0,0,,,,,,,,
101392686,Crashes_2010_2019_MPO,2016-09-29,2016,35.96471,-86.80012,True,0,0,0,,,,,,,,
101393502,Crashes_2010_2019_MPO,2016-09-29,2016,35.94639,-86.80888,False,0,0,0,,,,,,,,
101392856,Crashes_2010_2019_MPO,2016-09-29,2016,35.9862,-86.81711,True,0,0,0,,,,,,,,
101392550,Crashes_2010_2019_MPO,2016-09-29,2016,36.04744,-86.86322,False,0,0,0,,,,,,,,
101392207,Crashes_2010_2019_MPO,2016-09-29,2016,36.04561,-86.71977,False,0,0,0,,,,,,,,
101392666,Crashes_2010_2019_MPO,2016-09-29,2016,35.95681,-86.81373,False,0,0,0,,,,,,,,
101392240,Crashes_2010_2019_MPO,2016-09-29,2016,35.94231,-86.85533,False,0,0,0,,,,,,,,
101392699,Crashes_2010_2019_MPO,2016-09-29,2016,36.02561,-86.78539,True,0,0,0,,,,,,,,
101392701,Crashes_2010_2019_MPO,2016-09-29,2016,35.97607,-86.8292,True,0,0,0,,,,,,,,
101392091,Crashes_2010_2019_MPO,2016-09-29,2016,35.99922,-86.80923,True,0,0,0,,,,,,,,
101393092,Crashes_2010_2019_MPO,2016-09-29,2016,35.93294,-86.82389,False,0,0,0,,,,,,,,
101392204,Crashes_2010_2019_MPO,2016-09-29,2016,36.03738,-86.78586,False,0,0,0,,,,,,,,
101392093,Crashes_2010_2019_MPO,2016-09-29,2016,35.92685,-86.82127,False,0,0,0,,,,,,,,
101393686,Crashes_2010_2019_MPO,2016-09-30,2016,35.97658,-86.80424,True,0,0,1,,,,,,,,
101392901,Crashes_2010_2019_MPO,2016-09-30,2016,36.04549,-86.71195,False,0,0,0,,,,,,,,
101393526,Crashes_2010_2019_MPO,2016-09-30,2016,35.9467,-86.85183,False,0,0,0,,,,,,,,
101394074,Crashes_2010_2019_MPO,2016-09-30,2016,35.9476,-86.81992,False,0,0,0,,,,,,,,
101392915,Crashes_2010_2019_MPO,2016-09-30,2016,35.92876,-86.75391,False,0,0,0,,,,,,,,
101393497,Crashes_2010_2019_MPO,2016-09-30,2016,35.99788,-86.6913,False,0,0,0,,,,,,,,
101393261,Crashes_2010_2019_MPO,2016-09-30,2016,36.0409,-86.77938,False,0,0,0,,,,,,,,
101393512,Crashes_2010_2019_MPO,2016-09-30,2016,35.94587,-86.82423,False,0,0,0,,,,,,,,
101393207,Crashes_2010_2019_MPO,2016-09-30,2016,35.94114,-86.83623,False,0,0,1,,,,,,,,
101393538,Crashes_2010_2019_MPO,2016-09-30,2016,35.94659,-86.82296,False,0,0,0,,,,,,,,
101393551,Crashes_2010_2019_MPO,2016-09-30,2016,36.04653,-86.68337,False,0,0,0,,,,,,,,
101393104,Crashes_2010_2019_MPO,2016-09-30,2016,35.96741,-86.81034,True,0,0,0,,,,,,,,
101393490,Crashes_2010_2019_MPO,2016-09-30,2016,35.93171,-86.87686,False,0,0,0,,,,,,,,
101393548,Crashes_2010_2019_MPO,2016-09-30,2016,36.05252,-86.68459,False,0,0,0,,,,,,,,
101393357,Crashes_2010_2019_MPO,2016-09-30,2016,36.04682,-86.67926,False,0,0,0,,,,,,,,
101394076,Crashes_2010_2019_MPO,2016-10-01,2016,35.9507,-86.80099,False,0,0,0,,,,,,,,
101393737,Crashes_2010_2019_MPO,2016-10-01,2016,36.04117,-86.75036,False,0,0,0,,,,,,,,
101394115,Crashes_2010_2019_MPO,2016-10-01,2016,36.05225,-86.70266,False,0,0,0,,,,,,,,
101394078,Crashes_2010_2019_MPO,2016-10-01,2016,35.94429,-86.81993,False,0,0,0,,,,,,,,
101395305,Crashes_2010_2019_MPO,2016-10-01,2016,36.04658,-86.71341,False,0,0,0,,,,,,,,
101394103,Crashes_2010_2019_MPO,2016-10-01,2016,36.00281,-86.68892,False,0,0,0,,,,,,,,
101393876,Crashes_2010_2019_MPO,2016-10-01,2016,36.03615,-86.79512,True,0,0,0,,,,,,,,
101394754,Crashes_2010_2019_MPO,2016-10-01,2016,35.95672,-86.81086,False,0,0,0,,,,,,,,
101394044,Crashes_2010_2019_MPO,2016-10-01,2016,36.01136,-86.78488,True,0,0,0,,,,,,,,
101394090,Crashes_2010_2019_MPO,2016-10-01,2016,36.0118,-86.7851,True,0,0,0,,,,,,,,
101393682,Crashes_2010_2019_MPO,2016-10-01,2016,36.03215,-86.76465,False,0,0,0,,,,,,,,
101393897,Crashes_2010_2019_MPO,2016-10-01,2016,36.03505,-86.71848,False,0,0,0,,,,,,,,
101393797,Crashes_2010_2019_MPO,2016-10-01,2016,36.05486,-86.7351,False,0,0,0,,,,,,,,
101394801,Crashes_2010_2019_MPO,2016-10-02,2016,36.04246,-86.838,False,0,0,0,,,,,,,,
101394454,Crashes_2010_2019_MPO,2016-10-02,2016,36.05081,-86.71743,False,0,0,0,,,,,,,,
101394955,Crashes_2010_2019_MPO,2016-10-02,2016,36.05439,-86.71269,False,0,0,0,,,,,,,,
101394609,Crashes_2010_2019_MPO,2016-10-02,2016,35.98439,-86.72434,True,0,0,0,,,,,,,,
101394919,Crashes_2010_2019_MPO,2016-10-02,2016,36.04159,-86.79101,False,0,0,0,,,,,,,,
101394589,Crashes_2010_2019_MPO,2016-10-02,2016,36.04526,-86.71704,False,0,0,0,,,,,,,,
101395415,Crashes_2010_2019_MPO,2016-10-03,2016,36.05314,-86.69,False,0,0,0,,,,,,,,
101395047,Crashes_2010_2019_MPO,2016-10-03,2016,35.96076,-86.80948,False,0,0,0,,,,,,,,
101395947,Crashes_2010_2019_MPO,2016-10-03,2016,35.92441,-86.82213,False,0,0,0,,,,,,,,
101395371,Crashes_2010_2019_MPO,2016-10-03,2016,36.00609,-86.80564,True,0,0,0,,,,,,,,
101395157,Crashes_2010_2019_MPO,2016-10-03,2016,36.03049,-86.87587,False,0,0,0,,,,,,,,
101395500,Crashes_2010_2019_MPO,2016-10-03,2016,35.98527,-86.7303,True,0,0,0,,,,,,,,
101395298,Crashes_2010_2019_MPO,2016-10-03,2016,35.92456,-86.87463,False,0,0,0,,,,,,,,
101397703,Crashes_2010_2019_MPO,2016-10-03,2016,35.9932,-86.84784,False,0,0,0,,,,,,,,
101396157,Crashes_2010_2019_MPO,2016-10-04,2016,35.93358,-86.86166,False,0,0,0,,,,,,,,
101396158,Crashes_2010_2019_MPO,2016-10-04,2016,35.96458,-86.81444,False,0,0,0,,,,,,,,
101395765,Crashes_2010_2019_MPO,2016-10-04,2016,35.92683,-86.82155,False,0,0,0,,,,,,,,
101396052,Crashes_2010_2019_MPO,2016-10-04,2016,36.03057,-86.87204,False,0,0,0,,,,,,,,
101396345,Crashes_2010_2019_MPO,2016-10-04,2016,36.04494,-86.72451,False,0,0,0,,,,,,,,
101396017,Crashes_2010_2019_MPO,2016-10-04,2016,36.04123,-86.74377,False,0,0,0,,,,,,,,
101396578,Crashes_2010_2019_MPO,2016-10-04,2016,36.01364,-86.80416,True,0,0,0,,,,,,,,
101396138,Crashes_2010_2019_MPO,2016-10-04,2016,35.96716,-86.81351,True,0,0,0,,,,,,,,
101396105,Crashes_2010_2019_MPO,2016-10-04,2016,35.93219,-86.79438,False,0,0,0,,,,,,,,
101395887,Crashes_2010_2019_MPO,2016-10-04,2016,36.01566,-86.70325,False,0,0,0,,,,,,,,
101396097,Crashes_2010_2019_MPO,2016-10-04,2016,36.03939,-86.71282,False,0,0,0,,,,,,,,
101396285,Crashes_2010_2019_MPO,2016-10-04,2016,36.04001,-86.74347,False,0,0,0,,,,,,,,
101396744,Crashes_2010_2019_MPO,2016-10-04,2016,35.96518,-86.80029,True,0,0,0,,,,,,,,
101396169,Crashes_2010_2019_MPO,2016-10-04,2016,35.94152,-86.8405,False,0,0,0,,,,,,,,
101396418,Crashes_2010_2019_MPO,2016-10-05,2016,35.99476,-86.77152,True,0,0,0,,,,,,,,
101396663,Crashes_2010_2019_MPO,2016-10-05,2016,35.96124,-86.81187,False,0,0,0,,,,,,,,
101396767,Crashes_2010_2019_MPO,2016-10-05,2016,36.04061,-86.77128,False,0,0,0,,,,,,,,
101397064,Crashes_2010_2019_MPO,2016-10-05,2016,36.0377,-86.79444,False,0,0,0,,,,,,,,
101396662,Crashes_2010_2019_MPO,2016-10-05,2016,35.93812,-86.82194,False,0,0,0,,,,,,,,
101396715,Crashes_2010_2019_MPO,2016-10-05,2016,36.03899,-86.78258,False,0,0,0,,,,,,,,
101397752,Crashes_2010_2019_MPO,2016-10-05,2016,36.04698,-86.71345,False,0,0,0,,,,,,,,
101396821,Crashes_2010_2019_MPO,2016-10-05,2016,36.03973,-86.75669,False,0,0,0,,,,,,,,
101396856,Crashes_2010_2019_MPO,2016-10-05,2016,36.01775,-86.78633,True,0,0,0,,,,,,,,
101397264,Crashes_2010_2019_MPO,2016-10-05,2016,35.99128,-86.77836,True,0,0,0,,,,,,,,
101396926,Crashes_2010_2019_MPO,2016-10-05,2016,35.98421,-86.80134,True,0,0,0,,,,,,,,
101401436,Crashes_2010_2019_MPO,2016-10-05,2016,35.99877,-86.79609,True,0,0,0,,,,,,,,
101396672,Crashes_2010_2019_MPO,2016-10-05,2016,36.03582,-86.78296,False,0,0,0,,,,,,,,
101396803,Crashes_2010_2019_MPO,2016-10-05,2016,35.94693,-86.82158,False,0,0,0,,,,,,,,
101396754,Crashes_2010_2019_MPO,2016-10-05,2016,36.04522,-86.71479,False,0,0,0,,,,,,,,
101396902,Crashes_2010_2019_MPO,2016-10-05,2016,36.00618,-86.78876,True,0,0,0,,,,,,,,
101396783,Crashes_2010_2019_MPO,2016-10-05,2016,35.96716,-86.81351,True,0,0,0,,,,,,,,
101398669,Crashes_2010_2019_MPO,2016-10-06,2016,35.98839,-86.81552,True,0,0,0,,,,,,,,
101397780,Crashes_2010_2019_MPO,2016-10-06,2016,35.95333,-86.81786,False,0,0,0,,,,,,,,
101397122,Crashes_2010_2019_MPO,2016-10-06,2016,35.98826,-86.8002,True,0,0,0,,,,,,,,
101398023,Crashes_2010_2019_MPO,2016-10-06,2016,35.93215,-86.79441,False,0,0,0,,,,,,,,
101397197,Crashes_2010_2019_MPO,2016-10-06,2016,36.04102,-86.78231,False,0,0,0,,,,,,,,
101398215,Crashes_2010_2019_MPO,2016-10-06,2016,36.05001,-86.71394,False,0,0,0,,,,,,,,
101397447,Crashes_2010_2019_MPO,2016-10-06,2016,35.95225,-86.72544,True,0,0,0,,,,,,,,
101397265,Crashes_2010_2019_MPO,2016-10-06,2016,36.01559,-86.7406,False,0,0,0,,,,,,,,
101397165,Crashes_2010_2019_MPO,2016-10-06,2016,36.04647,-86.7771,False,0,0,1,,,,,,,,
101397557,Crashes_2010_2019_MPO,2016-10-06,2016,36.03287,-86.77205,False,0,0,0,,,,,,,,
101397171,Crashes_2010_2019_MPO,2016-10-06,2016,36.0414,-86.70373,False,0,0,0,,,,,,,,
101400676,Crashes_2010_2019_MPO,2016-10-06,2016,35.99643,-86.78798,True,0,0,0,,,,,,,,
101397391,Crashes_2010_2019_MPO,2016-10-06,2016,36.03753,-86.78552,False,0,0,0,,,,,,,,
101398399,Crashes_2010_2019_MPO,2016-10-07,2016,36.02821,-86.78393,True,0,0,0,,,,,,,,
101398251,Crashes_2010_2019_MPO,2016-10-07,2016,36.04177,-86.71288,False,0,0,0,,,,,,,,
101398784,Crashes_2010_2019_MPO,2016-10-07,2016,35.95824,-86.80206,False,0,0,0,,,,,,,,
101398217,Crashes_2010_2019_MPO,2016-10-07,2016,36.03761,-86.78512,False,0,0,0,,,,,,,,
101398494,Crashes_2010_2019_MPO,2016-10-07,2016,35.92383,-86.86976,False,0,0,0,,,,,,,,
101398250,Crashes_2010_2019_MPO,2016-10-07,2016,36.03327,-86.7839,True,0,0,0,,,,,,,,
101399077,Crashes_2010_2019_MPO,2016-10-07,2016,36.00161,-86.79347,True,0,0,0,,,,,,,,
101400677,Crashes_2010_2019_MPO,2016-10-07,2016,35.96928,-86.80652,True,0,0,0,,,,,,,,
101399294,Crashes_2010_2019_MPO,2016-10-07,2016,35.9696,-86.82557,False,0,0,0,,,,,,,,
101399240,Crashes_2010_2019_MPO,2016-10-08,2016,36.0374,-86.78657,False,0,0,0,,,,,,,,
101399932,Crashes_2010_2019_MPO,2016-10-08,2016,36.02587,-86.85272,False,0,0,0,,,,,,,,
101398852,Crashes_2010_2019_MPO,2016-10-08,2016,36.04543,-86.70361,False,0,0,0,,,,,,,,
101399141,Crashes_2010_2019_MPO,2016-10-08,2016,35.95209,-86.81805,False,0,0,0,,,,,,,,
101400121,Crashes_2010_2019_MPO,2016-10-08,2016,35.95796,-86.80864,False,0,0,0,,,,,,,,
101399416,Crashes_2010_2019_MPO,2016-10-08,2016,35.95851,-86.80723,False,0,0,0,,,,,,,,
101399192,Crashes_2010_2019_MPO,2016-10-08,2016,35.98343,-86.80161,True,0,0,0,,,,,,,,
101400874,Crashes_2010_2019_MPO,2016-10-08,2016,36.04524,-86.7168,False,0,0,0,,,,,,,,
101398992,Crashes_2010_2019_MPO,2016-10-08,2016,35.92497,-86.87375,False,0,0,0,,,,,,,,
101398927,Crashes_2010_2019_MPO,2016-10-08,2016,35.99158,-86.84789,False,0,0,0,,,,,,,,
101399014,Crashes_2010_2019_MPO,2016-10-08,2016,36.05219,-86.68999,False,0,0,0,,,,,,,,
101400031,Crashes_2010_2019_MPO,2016-10-08,2016,35.92373,-86.79452,False,0,0,0,,,,,,,,
101399778,Crashes_2010_2019_MPO,2016-10-09,2016,35.95395,-86.81484,False,0,0,0,,,,,,,,
101399965,Crashes_2010_2019_MPO,2016-10-09,2016,35.94908,-86.81974,False,0,0,0,,,,,,,,
101400363,Crashes_2010_2019_MPO,2016-10-09,2016,35.95053,-86.81883,False,0,0,0,,,,,,,,
101399533,Crashes_2010_2019_MPO,2016-10-09,2016,36.03774,-86.7848,False,0,0,0,,,,,,,,
101400117,Crashes_2010_2019_MPO,2016-10-09,2016,35.94538,-86.87742,False,0,0,0,,,,,,,,
101400324,Crashes_2010_2019_MPO,2016-10-10,2016,36.04737,-86.77622,False,0,0,0,,,,,,,,
101400787,Crashes_2010_2019_MPO,2016-10-10,2016,36.0435,-86.866,True,0,0,0,,,,,,,,
101401015,Crashes_2010_2019_MPO,2016-10-10,2016,36.03323,-86.71135,False,0,0,0,,,,,,,,
101400631,Crashes_2010_2019_MPO,2016-10-10,2016,36.04082,-86.77329,False,0,0,0,,,,,,,,
101400838,Crashes_2010_2019_MPO,2016-10-10,2016,36.02911,-86.70821,False,0,0,0,,,,,,,,
101400305,Crashes_2010_2019_MPO,2016-10-10,2016,35.93374,-86.81779,False,0,0,0,,,,,,,,
101400304,Crashes_2010_2019_MPO,2016-10-10,2016,35.93376,-86.81778,False,0,0,0,,,,,,,,
101400216,Crashes_2010_2019_MPO,2016-10-10,2016,35.92546,-86.87275,False,0,0,0,,,,,,,,
101401016,Crashes_2010_2019_MPO,2016-10-10,2016,36.03638,-86.69637,False,0,0,0,,,,,,,,
101400633,Crashes_2010_2019_MPO,2016-10-10,2016,36.04427,-86.71313,False,0,0,0,,,,,,,,
101400785,Crashes_2010_2019_MPO,2016-10-10,2016,36.04231,-86.72652,False,0,0,0,,,,,,,,
101400765,Crashes_2010_2019_MPO,2016-10-10,2016,35.93808,-86.8218,False,0,0,0,,,,,,,,
101400764,Crashes_2010_2019_MPO,2016-10-10,2016,35.94612,-86.82346,False,0,0,0,,,,,,,,
101401409,Crashes_2010_2019_MPO,2016-10-11,2016,35.9583,-86.8023,False,0,0,0,,,,,,,,
101401456,Crashes_2010_2019_MPO,2016-10-11,2016,35.93386,-86.79443,False,0,0,0,,,,,,,,
101401324,Crashes_2010_2019_MPO,2016-10-11,2016,35.93488,-86.82146,False,0,0,0,,,,,,,,
101400962,Crashes_2010_2019_MPO,2016-10-11,2016,36.03972,-86.76309,False,0,0,0,,,,,,,,
101401573,Crashes_2010_2019_MPO,2016-10-11,2016,35.95888,-86.71236,False,0,0,0,,,,,,,,
101401476,Crashes_2010_2019_MPO,2016-10-11,2016,35.99482,-86.77045,True,0,0,0,,,,,,,,
101401445,Crashes_2010_2019_MPO,2016-10-11,2016,35.94266,-86.76734,True,0,0,0,,,,,,,,
101402810,Crashes_2010_2019_MPO,2016-10-12,2016,35.95198,-86.81788,False,0,0,0,,,,,,,,
101401822,Crashes_2010_2019_MPO,2016-10-12,2016,36.04697,-86.68012,False,0,0,0,,,,,,,,
101402363,Crashes_2010_2019_MPO,2016-10-12,2016,35.94121,-86.83581,False,0,0,0,,,,,,,,
101401772,Crashes_2010_2019_MPO,2016-10-12,2016,35.96661,-86.80923,True,0,0,0,,,,,,,,
101402283,Crashes_2010_2019_MPO,2016-10-12,2016,36.04492,-86.71321,False,0,0,0,,,,,,,,
101401975,Crashes_2010_2019_MPO,2016-10-12,2016,36.0409,-86.77938,False,0,0,0,,,,,,,,
101401700,Crashes_2010_2019_MPO,2016-10-12,2016,35.92356,-86.80861,False,0,0,0,,,,,,,,
101401969,Crashes_2010_2019_MPO,2016-10-12,2016,35.96681,-86.81119,True,0,0,0,,,,,,,,
101402161,Crashes_2010_2019_MPO,2016-10-12,2016,35.96377,-86.80059,True,0,0,0,,,,,,,,
101401970,Crashes_2010_2019_MPO,2016-10-12,2016,36.03442,-86.80235,True,0,0,0,,,,,,,,
101402249,Crashes_2010_2019_MPO,2016-10-12,2016,36.03255,-86.70806,False,0,0,0,,,,,,,,
101401701,Crashes_2010_2019_MPO,2016-10-12,2016,36.04197,-86.78174,False,0,0,0,,,,,,,,
101401847,Crashes_2010_2019_MPO,2016-10-12,2016,36.04539,-86.85376,False,0,0,0,,,,,,,,
101402239,Crashes_2010_2019_MPO,2016-10-12,2016,36.04542,-86.71268,False,0,0,0,,,,,,,,
101402893,Crashes_2010_2019_MPO,2016-10-13,2016,36.03763,-86.78504,False,0,0,0,,,,,,,,
101402941,Crashes_2010_2019_MPO,2016-10-13,2016,36.02175,-86.74267,False,0,0,0,,,,,,,,
101402808,Crashes_2010_2019_MPO,2016-10-13,2016,35.93132,-86.85808,False,0,0,0,,,,,,,,
101406283,Crashes_2010_2019_MPO,2016-10-13,2016,35.93459,-86.81946,False,0,0,0,,,,,,,,
101402873,Crashes_2010_2019_MPO,2016-10-13,2016,35.95781,-86.80258,False,0,0,0,,,,,,,,
101403027,Crashes_2010_2019_MPO,2016-10-13,2016,36.0375,-86.78584,False,0,0,0,,,,,,,,
101402834,Crashes_2010_2019_MPO,2016-10-13,2016,36.05151,-86.71436,False,0,0,0,,,,,,,,
101402803,Crashes_2010_2019_MPO,2016-10-13,2016,35.93496,-86.77668,False,0,0,0,,,,,,,,
101402594,Crashes_2010_2019_MPO,2016-10-13,2016,35.93215,-86.79441,False,0,0,0,,,,,,,,
101402792,Crashes_2010_2019_MPO,2016-10-13,2016,35.92321,-86.87307,False,0,0,0,,,,,,,,
101402650,Crashes_2010_2019_MPO,2016-10-13,2016,36.03971,-86.76279,False,0,1,0,,,,,,,,
101402589,Crashes_2010_2019_MPO,2016-10-13,2016,36.03741,-86.7903,False,0,0,0,,,,,,,,
101402739,Crashes_2010_2019_MPO,2016-10-13,2016,36.03991,-86.74202,False,0,0,0,,,,,,,,
101402828,Crashes_2010_2019_MPO,2016-10-13,2016,36.04022,-86.74489,False,0,0,0,,,,,,,,
101402886,Crashes_2010_2019_MPO,2016-10-13,2016,35.94795,-86.81919,False,0,0,0,,,,,,,,
101403886,Crashes_2010_2019_MPO,2016-10-14,2016,36.01513,-86.73592,False,0,0,0,,,,,,,,
101403702,Crashes_2010_2019_MPO,2016-10-14,2016,36.03318,-86.77517,False,0,0,0,,,,,,,,
101403949,Crashes_2010_2019_MPO,2016-10-14,2016,35.96064,-86.81255,False,0,0,0,,,,,,,,
101403651,Crashes_2010_2019_MPO,2016-10-14,2016,36.03264,-86.76969,False,0,0,0,,,,,,,,
101404569,Crashes_2010_2019_MPO,2016-10-14,2016,35.94526,-86.81942,False,0,0,0,,,,,,,,
101403239,Crashes_2010_2019_MPO,2016-10-14,2016,35.99156,-86.79881,True,0,0,0,,,,,,,,
101406719,Crashes_2010_2019_MPO,2016-10-14,2016,35.94432,-86.8199,False,0,0,0,,,,,,,,
101403920,Crashes_2010_2019_MPO,2016-10-14,2016,36.04135,-86.77972,False,0,0,0,,,,,,,,
101403780,Crashes_2010_2019_MPO,2016-10-14,2016,35.93198,-86.80156,False,0,0,0,,,,,,,,
101404497,Crashes_2010_2019_MPO,2016-10-14,2016,36.00396,-86.81886,True,0,0,0,,,,,,,,
101419316,Crashes_2010_2019_MPO,2016-10-14,2016,35.95013,-86.80679,False,0,0,0,,,,,,,,
101405458,Crashes_2010_2019_MPO,2016-10-14,2016,36.023734,-86.794198,True,0,0,0,,,,,,,,
101403781,Crashes_2010_2019_MPO,2016-10-14,2016,35.96133,-86.81226,False,0,0,0,,,,,,,,
101403782,Crashes_2010_2019_MPO,2016-10-14,2016,35.9334,-86.8196,False,0,0,0,,,,,,,,
101403639,Crashes_2010_2019_MPO,2016-10-14,2016,36.03755,-86.78544,False,0,0,0,,,,,,,,
101403444,Crashes_2010_2019_MPO,2016-10-14,2016,35.94683,-86.85172,False,0,0,0,,,,,,,,
101404876,Crashes_2010_2019_MPO,2016-10-14,2016,35.97057,-86.72592,True,0,0,0,,,,,,,,
101403846,Crashes_2010_2019_MPO,2016-10-14,2016,36.0234,-86.68779,False,0,0,0,,,,,,,,
101404336,Crashes_2010_2019_MPO,2016-10-14,2016,36.04561,-86.71977,False,0,0,1,,,,,,,,
101403441,Crashes_2010_2019_MPO,2016-10-14,2016,36.05295,-86.71481,False,0,0,0,,,,,,,,
101406718,Crashes_2010_2019_MPO,2016-10-14,2016,35.9471,-86.82115,False,0,0,0,,,,,,,,
101404496,Crashes_2010_2019_MPO,2016-10-14,2016,36.01816,-86.77236,True,0,0,0,,,,,,,,
101403677,Crashes_2010_2019_MPO,2016-10-14,2016,35.99314,-86.8289,True,0,0,0,,,,,,,,
101403897,Crashes_2010_2019_MPO,2016-10-14,2016,35.92254,-86.87194,False,0,0,0,,,,,,,,
101404455,Crashes_2010_2019_MPO,2016-10-15,2016,35.94807,-86.81993,False,0,0,0,,,,,,,,
101404385,Crashes_2010_2019_MPO,2016-10-15,2016,35.99035,-86.73185,True,0,0,0,,,,,,,,
101404505,Crashes_2010_2019_MPO,2016-10-15,2016,36.04239,-86.71364,False,0,0,0,,,,,,,,
101404427,Crashes_2010_2019_MPO,2016-10-15,2016,36.04521,-86.74394,False,0,0,0,,,,,,,,
101404335,Crashes_2010_2019_MPO,2016-10-15,2016,36.04493,-86.69615,False,0,0,0,,,,,,,,
101404483,Crashes_2010_2019_MPO,2016-10-15,2016,36.04544,-86.71253,False,0,0,0,,,,,,,,
101427724,Crashes_2010_2019_MPO,2016-10-15,2016,36.04521,-86.74392,False,0,0,0,,,,,,,,
101405881,Crashes_2010_2019_MPO,2016-10-16,2016,36.05368,-86.77552,False,1,0,0,,,,,,,,
101404987,Crashes_2010_2019_MPO,2016-10-16,2016,36.0374,-86.78657,False,0,0,0,,,,,,,,
101405158,Crashes_2010_2019_MPO,2016-10-16,2016,36.01286,-86.80081,True,0,0,0,,,,,,,,
101405689,Crashes_2010_2019_MPO,2016-10-16,2016,36.01286,-86.80081,True,0,0,0,,,,,,,,
101404948,Crashes_2010_2019_MPO,2016-10-16,2016,36.02107,-86.72516,False,0,0,1,,,,,,,,
101405217,Crashes_2010_2019_MPO,2016-10-16,2016,35.99753,-86.69081,False,0,0,0,,,,,,,,
101404931,Crashes_2010_2019_MPO,2016-10-16,2016,35.92378,-86.76681,False,0,0,0,,,,,,,,
101404766,Crashes_2010_2019_MPO,2016-10-16,2016,36.04545,-86.71237,False,0,0,0,,,,,,,,
101405414,Crashes_2010_2019_MPO,2016-10-16,2016,35.93134,-86.82452,False,0,0,0,,,,,,,,
101405420,Crashes_2010_2019_MPO,2016-10-16,2016,36.04026,-86.8164,False,0,0,0,,,,,,,,
101406139,Crashes_2010_2019_MPO,2016-10-17,2016,35.93557,-86.82364,False,0,0,0,,,,,,,,
101405951,Crashes_2010_2019_MPO,2016-10-17,2016,36.03899,-86.78258,False,0,0,0,,,,,,,,
101405551,Crashes_2010_2019_MPO,2016-10-17,2016,35.97334,-86.83305,True,0,0,0,,,,,,,,
101406180,Crashes_2010_2019_MPO,2016-10-17,2016,36.03299,-86.77316,False,0,0,0,,,,,,,,
101406114,Crashes_2010_2019_MPO,2016-10-17,2016,36.0477,-86.71354,False,0,1,0,,,,,,,,
101405992,Crashes_2010_2019_MPO,2016-10-17,2016,36.0029,-86.80731,True,0,0,1,,,,,,,,
101406576,Crashes_2010_2019_MPO,2016-10-17,2016,35.98679,-86.73729,True,0,0,0,,,,,,,,
101405698,Crashes_2010_2019_MPO,2016-10-17,2016,36.03175,-86.78961,True,0,0,0,,,,,,,,
101406252,Crashes_2010_2019_MPO,2016-10-17,2016,35.96463,-86.81476,True,0,0,0,,,,,,,,