record_no,source_layer,collision_ts,crash_year,latitude,longitude,in_city,fatalities,non_motorists,truck_involved,serious_injuries,pedestrian,bicycle,crash_type,manner_of_collision,lighting,weather,first_harmful_event
101406056,Crashes_2010_2019_MPO,2016-10-17,2016,35.96662,-86.80998,True,0,0,0,,,,,,,,
101405561,Crashes_2010_2019_MPO,2016-10-17,2016,36.0254,-86.78524,True,0,0,0,,,,,,,,
101405627,Crashes_2010_2019_MPO,2016-10-17,2016,36.02043,-86.78205,True,0,0,0,,,,,,,,
101405556,Crashes_2010_2019_MPO,2016-10-17,2016,35.9915,-86.69638,True,0,0,0,,,,,,,,
101405733,Crashes_2010_2019_MPO,2016-10-17,2016,35.96588,-86.80316,True,0,0,0,,,,,,,,
101406834,Crashes_2010_2019_MPO,2016-10-17,2016,36.03495,-86.78329,True,0,0,0,,,,,,,,
101406866,Crashes_2010_2019_MPO,2016-10-18,2016,35.99028,-86.74729,True,0,0,0,,,,,,,,
101406369,Crashes_2010_2019_MPO,2016-10-18,2016,36.04543,-86.71255,False,0,0,0,,,,,,,,
101407065,Crashes_2010_2019_MPO,2016-10-18,2016,36.01214,-86.78484,True,0,0,0,,,,,,,,
101407168,Crashes_2010_2019_MPO,2016-10-18,2016,35.94631,-86.8236,False,0,0,0,,,,,,,,
101407484,Crashes_2010_2019_MPO,2016-10-18,2016,35.96419,-86.78544,True,0,0,0,,,,,,,,
101406764,Crashes_2010_2019_MPO,2016-10-18,2016,35.99781,-86.79886,True,0,0,0,,,,,,,,
101406525,Crashes_2010_2019_MPO,2016-10-18,2016,35.94703,-86.81425,False,0,0,1,,,,,,,,
101406804,Crashes_2010_2019_MPO,2016-10-18,2016,35.94787,-86.81995,False,0,0,0,,,,,,,,
101406907,Crashes_2010_2019_MPO,2016-10-18,2016,35.92459,-86.80619,False,0,0,0,,,,,,,,
101406458,Crashes_2010_2019_MPO,2016-10-18,2016,35.93343,-86.81898,False,0,0,0,,,,,,,,
101406775,Crashes_2010_2019_MPO,2016-10-18,2016,36.035,-86.80514,True,0,0,0,,,,,,,,
101406859,Crashes_2010_2019_MPO,2016-10-18,2016,36.04598,-86.71333,False,0,0,0,,,,,,,,
101406844,Crashes_2010_2019_MPO,2016-10-18,2016,35.9522,-86.81875,False,0,0,0,,,,,,,,
101406438,Crashes_2010_2019_MPO,2016-10-18,2016,36.03951,-86.78175,False,0,0,0,,,,,,,,
101407139,Crashes_2010_2019_MPO,2016-10-19,2016,36.04544,-86.7598,False,0,0,1,,,,,,,,
101421197,Crashes_2010_2019_MPO,2016-10-19,2016,35.9283,-86.76647,False,0,0,0,,,,,,,,
101407628,Crashes_2010_2019_MPO,2016-10-19,2016,36.04537,-86.71326,False,0,0,0,,,,,,,,
101407171,Crashes_2010_2019_MPO,2016-10-19,2016,35.99563,-86.78011,True,0,0,0,,,,,,,,
101407630,Crashes_2010_2019_MPO,2016-10-19,2016,35.95164,-86.84787,False,0,0,0,,,,,,,,
101407247,Crashes_2010_2019_MPO,2016-10-19,2016,35.93193,-86.79399,False,0,0,0,,,,,,,,
101407361,Crashes_2010_2019_MPO,2016-10-19,2016,36.01529,-86.81588,True,0,0,0,,,,,,,,
101417755,Crashes_2010_2019_MPO,2016-10-19,2016,35.94195,-86.82297,False,0,0,0,,,,,,,,
101407151,Crashes_2010_2019_MPO,2016-10-19,2016,36.04245,-86.71294,False,0,0,0,,,,,,,,
101407553,Crashes_2010_2019_MPO,2016-10-19,2016,36.03336,-86.78872,True,0,0,0,,,,,,,,
101418798,Crashes_2010_2019_MPO,2016-10-19,2016,35.97293,-86.8055,True,0,0,0,,,,,,,,
101407176,Crashes_2010_2019_MPO,2016-10-19,2016,36.01266,-86.70379,False,0,0,0,,,,,,,,
101417750,Crashes_2010_2019_MPO,2016-10-19,2016,35.94326,-86.85459,False,0,0,0,,,,,,,,
101407414,Crashes_2010_2019_MPO,2016-10-19,2016,36.04535,-86.70243,False,0,0,0,,,,,,,,
101417773,Crashes_2010_2019_MPO,2016-10-19,2016,35.97528,-86.80469,True,0,0,0,,,,,,,,
101407622,Crashes_2010_2019_MPO,2016-10-19,2016,36.04519,-86.71534,False,0,0,0,,,,,,,,
101407619,Crashes_2010_2019_MPO,2016-10-19,2016,35.96492,-86.81131,False,0,0,0,,,,,,,,
101407248,Crashes_2010_2019_MPO,2016-10-19,2016,35.9583,-86.8023,False,0,0,0,,,,,,,,
101407308,Crashes_2010_2019_MPO,2016-10-19,2016,35.95772,-86.8167,True,0,0,0,,,,,,,,
101418815,Crashes_2010_2019_MPO,2016-10-20,2016,35.97349,-86.83353,False,0,0,0,,,,,,,,
101418356,Crashes_2010_2019_MPO,2016-10-20,2016,36.04044,-86.86871,True,0,0,0,,,,,,,,
101418058,Crashes_2010_2019_MPO,2016-10-20,2016,35.99601,-86.68864,False,0,0,0,,,,,,,,
101418534,Crashes_2010_2019_MPO,2016-10-20,2016,35.94683,-86.85172,False,0,0,0,,,,,,,,
101418592,Crashes_2010_2019_MPO,2016-10-20,2016,36.04035,-86.76897,False,0,0,0,,,,,,,,
101418666,Crashes_2010_2019_MPO,2016-10-20,2016,35.99673,-86.69003,False,0,0,0,,,,,,,,
101418447,Crashes_2010_2019_MPO,2016-10-20,2016,36.01409,-86.73862,False,0,0,0,,,,,,,,
101418711,Crashes_2010_2019_MPO,2016-10-20,2016,35.94765,-86.81971,False,0,0,0,,,,,,,,
101418024,Crashes_2010_2019_MPO,2016-10-20,2016,36.04568,-86.85517,False,0,0,0,,,,,,,,
101418460,Crashes_2010_2019_MPO,2016-10-20,2016,36.0454,-86.70324,False,0,0,0,,,,,,,,
101418563,Crashes_2010_2019_MPO,2016-10-20,2016,35.95201,-86.74153,True,0,0,0,,,,,,,,
101418303,Crashes_2010_2019_MPO,2016-10-20,2016,35.93382,-86.81801,False,0,0,0,,,,,,,,
101418551,Crashes_2010_2019_MPO,2016-10-20,2016,35.93494,-86.77637,False,0,0,0,,,,,,,,
101418247,Crashes_2010_2019_MPO,2016-10-20,2016,36.0374,-86.78657,False,0,0,0,,,,,,,,
101418055,Crashes_2010_2019_MPO,2016-10-20,2016,36.04846,-86.72878,False,0,0,0,,,,,,,,
101418083,Crashes_2010_2019_MPO,2016-10-20,2016,36.0319,-86.78298,True,0,0,0,,,,,,,,
101419151,Crashes_2010_2019_MPO,2016-10-20,2016,35.95242,-86.81777,False,0,0,0,,,,,,,,
101418032,Crashes_2010_2019_MPO,2016-10-20,2016,36.04481,-86.84894,False,0,0,1,,,,,,,,
101421583,Crashes_2010_2019_MPO,2016-10-21,2016,35.93129,-86.81997,False,0,0,0,,,,,,,,
101419914,Crashes_2010_2019_MPO,2016-10-21,2016,36.015497,-86.814324,True,0,0,0,,,,,,,,
101419645,Crashes_2010_2019_MPO,2016-10-21,2016,36.04084,-86.74368,False,0,0,0,,,,,,,,
101419362,Crashes_2010_2019_MPO,2016-10-21,2016,35.94023,-86.83127,False,0,0,0,,,,,,,,
101419021,Crashes_2010_2019_MPO,2016-10-21,2016,35.92625,-86.82449,False,0,0,0,,,,,,,,
101419880,Crashes_2010_2019_MPO,2016-10-21,2016,36.015535,-86.81428,True,0,0,0,,,,,,,,
101419618,Crashes_2010_2019_MPO,2016-10-21,2016,36.03739,-86.79013,False,0,0,0,,,,,,,,
101418919,Crashes_2010_2019_MPO,2016-10-21,2016,36.04639,-86.71338,False,0,1,0,,,,,,,,
101419048,Crashes_2010_2019_MPO,2016-10-21,2016,35.95078,-86.80672,False,0,0,0,,,,,,,,
101419232,Crashes_2010_2019_MPO,2016-10-21,2016,36.0409,-86.77938,False,0,0,0,,,,,,,,
101419585,Crashes_2010_2019_MPO,2016-10-21,2016,35.93216,-86.86185,False,0,0,0,,,,,,,,
101419629,Crashes_2010_2019_MPO,2016-10-21,2016,36.03934,-86.78566,False,0,0,0,,,,,,,,
101420350,Crashes_2010_2019_MPO,2016-10-21,2016,35.99759,-86.79683,True,0,0,0,,,,,,,,
101420615,Crashes_2010_2019_MPO,2016-10-22,2016,36.04594,-86.72525,False,0,0,0,,,,,,,,
101420156,Crashes_2010_2019_MPO,2016-10-22,2016,36.04126,-86.75013,False,0,0,0,,,,,,,,
101419979,Crashes_2010_2019_MPO,2016-10-22,2016,36.04142,-86.67767,False,0,0,1,,,,,,,,
101420217,Crashes_2010_2019_MPO,2016-10-22,2016,36.04124,-86.77841,False,0,0,0,,,,,,,,
101420049,Crashes_2010_2019_MPO,2016-10-22,2016,36.03957,-86.78168,False,0,0,0,,,,,,,,
101421107,Crashes_2010_2019_MPO,2016-10-22,2016,36.04001,-86.74347,False,0,0,0,,,,,,,,
101420299,Crashes_2010_2019_MPO,2016-10-22,2016,36.04526,-86.71704,False,0,0,0,,,,,,,,
101420157,Crashes_2010_2019_MPO,2016-10-22,2016,36.03047,-86.74398,False,0,0,0,,,,,,,,
101420043,Crashes_2010_2019_MPO,2016-10-22,2016,35.97847,-86.8234,True,0,0,0,,,,,,,,
101420170,Crashes_2010_2019_MPO,2016-10-22,2016,35.93562,-86.82387,False,0,0,1,,,,,,,,
101421525,Crashes_2010_2019_MPO,2016-10-22,2016,35.94922,-86.81595,False,0,0,0,,,,,,,,
101420133,Crashes_2010_2019_MPO,2016-10-22,2016,35.92641,-86.82453,False,0,0,0,,,,,,,,
101420354,Crashes_2010_2019_MPO,2016-10-22,2016,36.04521,-86.74394,False,0,0,0,,,,,,,,
101420874,Crashes_2010_2019_MPO,2016-10-22,2016,36.04301,-86.84231,False,0,0,0,,,,,,,,
101420443,Crashes_2010_2019_MPO,2016-10-22,2016,36.03217,-86.78339,True,0,0,0,,,,,,,,
101420959,Crashes_2010_2019_MPO,2016-10-22,2016,35.96672,-86.81058,True,0,0,0,,,,,,,,
101420682,Crashes_2010_2019_MPO,2016-10-23,2016,35.92254,-86.87194,False,0,0,0,,,,,,,,
101420984,Crashes_2010_2019_MPO,2016-10-23,2016,35.93549,-86.86024,False,0,0,0,,,,,,,,
101420940,Crashes_2010_2019_MPO,2016-10-23,2016,36.04481,-86.84895,False,0,0,0,,,,,,,,
101421223,Crashes_2010_2019_MPO,2016-10-23,2016,35.9786,-86.8031,True,0,0,0,,,,,,,,
101420904,Crashes_2010_2019_MPO,2016-10-23,2016,36.04064,-86.70598,False,0,0,0,,,,,,,,
101421285,Crashes_2010_2019_MPO,2016-10-23,2016,36.04193,-86.86662,True,0,0,0,,,,,,,,
101420910,Crashes_2010_2019_MPO,2016-10-23,2016,36.04114,-86.77621,False,0,0,0,,,,,,,,
101422007,Crashes_2010_2019_MPO,2016-10-24,2016,36.0409,-86.77938,False,0,0,0,,,,,,,,
101421700,Crashes_2010_2019_MPO,2016-10-24,2016,35.9584,-86.80226,False,0,0,0,,,,,,,,
101421648,Crashes_2010_2019_MPO,2016-10-24,2016,36.02614,-86.7345,False,0,0,0,,,,,,,,
101421967,Crashes_2010_2019_MPO,2016-10-24,2016,35.95253,-86.80493,False,0,0,0,,,,,,,,
101421926,Crashes_2010_2019_MPO,2016-10-24,2016,36.03398,-86.78836,True,0,0,0,,,,,,,,
101421807,Crashes_2010_2019_MPO,2016-10-24,2016,35.99567,-86.78055,True,0,0,0,,,,,,,,
101422137,Crashes_2010_2019_MPO,2016-10-24,2016,36.04537,-86.71326,False,0,0,0,,,,,,,,
101421968,Crashes_2010_2019_MPO,2016-10-24,2016,35.95794,-86.80256,False,0,0,0,,,,,,,,
101422065,Crashes_2010_2019_MPO,2016-10-24,2016,36.04471,-86.69493,False,0,0,0,,,,,,,,
101421511,Crashes_2010_2019_MPO,2016-10-24,2016,35.96756,-86.80711,True,0,0,0,,,,,,,,
101422015,Crashes_2010_2019_MPO,2016-10-24,2016,35.94646,-86.82039,False,0,0,0,,,,,,,,
101422728,Crashes_2010_2019_MPO,2016-10-25,2016,36.04966,-86.8713,False,0,0,0,,,,,,,,
101422812,Crashes_2010_2019_MPO,2016-10-25,2016,36.0409,-86.77938,False,0,0,0,,,,,,,,
101422695,Crashes_2010_2019_MPO,2016-10-25,2016,36.03312,-86.77434,False,0,0,0,,,,,,,,
101422763,Crashes_2010_2019_MPO,2016-10-25,2016,35.93731,-86.87881,False,0,0,0,,,,,,,,
101422759,Crashes_2010_2019_MPO,2016-10-25,2016,36.01491,-86.7298,False,0,0,0,,,,,,,,
101422327,Crashes_2010_2019_MPO,2016-10-25,2016,35.92655,-86.8259,False,0,0,0,,,,,,,,
101423179,Crashes_2010_2019_MPO,2016-10-25,2016,35.95529,-86.82619,False,0,0,0,,,,,,,,
101422324,Crashes_2010_2019_MPO,2016-10-25,2016,36.00805,-86.78683,True,0,0,0,,,,,,,,
101422761,Crashes_2010_2019_MPO,2016-10-25,2016,35.99888,-86.80791,True,0,0,0,,,,,,,,
101422183,Crashes_2010_2019_MPO,2016-10-25,2016,36.03113,-86.75141,False,0,0,0,,,,,,,,
101422847,Crashes_2010_2019_MPO,2016-10-25,2016,36.04956,-86.71382,False,0,0,0,,,,,,,,
101422779,Crashes_2010_2019_MPO,2016-10-25,2016,36.0409,-86.77938,False,0,0,0,,,,,,,,
101422760,Crashes_2010_2019_MPO,2016-10-25,2016,35.95946,-86.82383,False,0,0,0,,,,,,,,
101422273,Crashes_2010_2019_MPO,2016-10-25,2016,36.04118,-86.77662,False,0,0,0,,,,,,,,
101422696,Crashes_2010_2019_MPO,2016-10-25,2016,36.00004,-86.83001,True,0,0,0,,,,,,,,
101422848,Crashes_2010_2019_MPO,2016-10-25,2016,36.04478,-86.86486,True,0,0,0,,,,,,,,
101424108,Crashes_2010_2019_MPO,2016-10-25,2016,35.92669,-86.82704,False,0,0,0,,,,,,,,
101422578,Crashes_2010_2019_MPO,2016-10-25,2016,35.95724,-86.81662,False,0,0,0,,,,,,,,
101422798,Crashes_2010_2019_MPO,2016-10-25,2016,35.97257,-86.82833,True,0,0,0,,,,,,,,
101422648,Crashes_2010_2019_MPO,2016-10-25,2016,36.03958,-86.78168,False,0,0,0,,,,,,,,
101423557,Crashes_2010_2019_MPO,2016-10-26,2016,36.03517,-86.76871,False,0,0,0,,,,,,,,
101423425,Crashes_2010_2019_MPO,2016-10-26,2016,35.96518,-86.80029,True,0,0,0,,,,,,,,
101424106,Crashes_2010_2019_MPO,2016-10-26,2016,35.94433,-86.846,False,0,0,0,,,,,,,,
101423955,Crashes_2010_2019_MPO,2016-10-26,2016,35.94167,-86.81611,False,0,0,0,,,,,,,,
101423664,Crashes_2010_2019_MPO,2016-10-26,2016,36.02835,-86.74406,False,0,0,0,,,,,,,,
101424105,Crashes_2010_2019_MPO,2016-10-26,2016,35.93587,-86.85995,False,0,0,0,,,,,,,,
101424629,Crashes_2010_2019_MPO,2016-10-26,2016,35.93629,-86.81798,False,0,0,0,,,,,,,,
101423165,Crashes_2010_2019_MPO,2016-10-26,2016,35.95007,-86.76099,True,0,0,0,,,,,,,,
101423513,Crashes_2010_2019_MPO,2016-10-26,2016,35.94626,-86.80832,False,0,0,0,,,,,,,,
101423512,Crashes_2010_2019_MPO,2016-10-26,2016,35.95078,-86.80647,False,0,0,0,,,,,,,,
101423099,Crashes_2010_2019_MPO,2016-10-26,2016,35.99551,-86.77887,True,0,0,0,,,,,,,,
101427252,Crashes_2010_2019_MPO,2016-10-26,2016,35.96713,-86.69964,False,0,0,0,,,,,,,,
101423535,Crashes_2010_2019_MPO,2016-10-26,2016,35.93259,-86.84092,False,0,0,0,,,,,,,,
101424104,Crashes_2010_2019_MPO,2016-10-26,2016,35.93282,-86.87738,False,0,0,0,,,,,,,,
101428461,Crashes_2010_2019_MPO,2016-10-26,2016,36.03009,-86.83102,True,0,0,0,,,,,,,,
101423118,Crashes_2010_2019_MPO,2016-10-26,2016,35.95507,-86.8148,False,0,0,0,,,,,,,,
101424107,Crashes_2010_2019_MPO,2016-10-26,2016,35.95716,-86.84317,False,0,0,0,,,,,,,,
101423243,Crashes_2010_2019_MPO,2016-10-26,2016,36.0409,-86.77938,False,0,0,0,,,,,,,,
101422985,Crashes_2010_2019_MPO,2016-10-26,2016,36.05059,-86.87763,False,0,0,0,,,,,,,,
101424828,Crashes_2010_2019_MPO,2016-10-27,2016,35.99922,-86.80923,True,0,0,0,,,,,,,,
101424514,Crashes_2010_2019_MPO,2016-10-27,2016,36.03988,-86.74161,False,0,0,0,,,,,,,,
101423976,Crashes_2010_2019_MPO,2016-10-27,2016,35.95051,-86.76622,True,0,0,0,,,,,,,,
101424903,Crashes_2010_2019_MPO,2016-10-27,2016,35.94511,-86.87828,False,0,0,0,,,,,,,,
101424375,Crashes_2010_2019_MPO,2016-10-27,2016,36.04296,-86.84194,False,0,0,0,,,,,,,,
101424219,Crashes_2010_2019_MPO,2016-10-27,2016,36.03473,-86.78793,True,0,0,0,,,,,,,,
101424473,Crashes_2010_2019_MPO,2016-10-27,2016,35.98512,-86.72769,True,0,0,0,,,,,,,,
101424902,Crashes_2010_2019_MPO,2016-10-27,2016,35.94968,-86.81939,False,0,0,0,,,,,,,,
101424450,Crashes_2010_2019_MPO,2016-10-27,2016,36.0473,-86.86274,False,0,0,0,,,,,,,,
101424408,Crashes_2010_2019_MPO,2016-10-27,2016,35.99922,-86.80923,True,0,0,0,,,,,,,,
101424176,Crashes_2010_2019_MPO,2016-10-27,2016,35.92472,-86.87428,False,0,0,0,,,,,,,,
101424502,Crashes_2010_2019_MPO,2016-10-27,2016,36.04064,-86.78237,False,0,0,0,,,,,,,,
101424479,Crashes_2010_2019_MPO,2016-10-27,2016,36.04954,-86.77524,False,0,0,1,,,,,,,,
101424351,Crashes_2010_2019_MPO,2016-10-27,2016,36.03353,-86.77986,True,0,0,0,,,,,,,,
101424075,Crashes_2010_2019_MPO,2016-10-27,2016,35.96749,-86.80714,True,0,0,0,,,,,,,,
101423835,Crashes_2010_2019_MPO,2016-10-27,2016,36.02551,-86.74283,False,0,0,0,,,,,,,,
101424519,Crashes_2010_2019_MPO,2016-10-27,2016,36.04028,-86.76837,False,0,0,0,,,,,,,,
101424208,Crashes_2010_2019_MPO,2016-10-27,2016,35.9583,-86.8023,False,0,0,0,,,,,,,,
101424891,Crashes_2010_2019_MPO,2016-10-28,2016,35.99721,-86.79401,True,0,0,0,,,,,,,,
101425317,Crashes_2010_2019_MPO,2016-10-28,2016,36.03606,-86.81696,True,0,0,0,,,,,,,,
101425388,Crashes_2010_2019_MPO,2016-10-28,2016,36.04074,-86.77967,False,0,0,0,,,,,,,,
101425496,Crashes_2010_2019_MPO,2016-10-28,2016,36.0409,-86.77938,False,0,0,0,,,,,,,,
101425462,Crashes_2010_2019_MPO,2016-10-28,2016,36.031943,-86.789546,True,0,0,0,,,,,,,,
101427995,Crashes_2010_2019_MPO,2016-10-28,2016,35.96518,-86.80029,True,0,0,0,,,,,,,,
101426234,Crashes_2010_2019_MPO,2016-10-28,2016,35.95467,-86.81231,False,0,0,0,,,,,,,,
101425610,Crashes_2010_2019_MPO,2016-10-28,2016,36.04614,-86.85742,False,0,0,0,,,,,,,,
101425123,Crashes_2010_2019_MPO,2016-10-28,2016,36.04125,-86.77724,False,0,0,0,,,,,,,,
101425498,Crashes_2010_2019_MPO,2016-10-28,2016,36.04545,-86.70402,False,0,0,0,,,,,,,,
101425194,Crashes_2010_2019_MPO,2016-10-28,2016,36.03644,-86.79084,True,0,0,0,,,,,,,,
101424780,Crashes_2010_2019_MPO,2016-10-28,2016,35.952,-86.73307,True,0,0,0,,,,,,,,
101425268,Crashes_2010_2019_MPO,2016-10-28,2016,35.93069,-86.86382,False,0,0,0,,,,,,,,
101425227,Crashes_2010_2019_MPO,2016-10-28,2016,36.03507,-86.80581,True,0,0,0,,,,,,,,
101425315,Crashes_2010_2019_MPO,2016-10-28,2016,36.033064,-86.788783,True,0,0,0,,,,,,,,
101425327,Crashes_2010_2019_MPO,2016-10-28,2016,36.04104,-86.74629,False,0,0,0,,,,,,,,
101425519,Crashes_2010_2019_MPO,2016-10-28,2016,35.96966,-86.79681,True,0,0,0,,,,,,,,
101425047,Crashes_2010_2019_MPO,2016-10-28,2016,35.92384,-86.86977,False,0,0,0,,,,,,,,
101425587,Crashes_2010_2019_MPO,2016-10-28,2016,36.03743,-86.79056,False,0,0,0,,,,,,,,
101425990,Crashes_2010_2019_MPO,2016-10-28,2016,35.95331,-86.80469,False,0,0,0,,,,,,,,
101426240,Crashes_2010_2019_MPO,2016-10-28,2016,35.95689,-86.81277,False,0,0,0,,,,,,,,
101426036,Crashes_2010_2019_MPO,2016-10-28,2016,35.94679,-86.85159,False,0,0,0,,,,,,,,
101425065,Crashes_2010_2019_MPO,2016-10-28,2016,36.04683,-86.6793,False,0,0,0,,,,,,,,
101426074,Crashes_2010_2019_MPO,2016-10-29,2016,35.96669,-86.67672,False,0,0,0,,,,,,,,
101426022,Crashes_2010_2019_MPO,2016-10-29,2016,36.0409,-86.77938,False,0,0,0,,,,,,,,
101426590,Crashes_2010_2019_MPO,2016-10-29,2016,35.94677,-86.85185,False,0,0,0,,,,,,,,
101426259,Crashes_2010_2019_MPO,2016-10-29,2016,36.03971,-86.78141,False,0,0,0,,,,,,,,
101426092,Crashes_2010_2019_MPO,2016-10-29,2016,35.94683,-86.85172,False,0,0,0,,,,,,,,
101426008,Crashes_2010_2019_MPO,2016-10-29,2016,36.03906,-86.78246,False,0,0,0,,,,,,,,
101426238,Crashes_2010_2019_MPO,2016-10-29,2016,35.94114,-86.83623,False,0,0,0,,,,,,,,
101426048,Crashes_2010_2019_MPO,2016-10-29,2016,36.0453,-86.70168,False,0,0,0,,,,,,,,
101425691,Crashes_2010_2019_MPO,2016-10-29,2016,36.03772,-86.79475,False,0,0,0,,,,,,,,
101426523,Crashes_2010_2019_MPO,2016-10-29,2016,35.92372,-86.76683,False,0,0,0,,,,,,,,
101426581,Crashes_2010_2019_MPO,2016-10-30,2016,36.048,-86.71674,False,0,0,0,,,,,,,,
101427105,Crashes_2010_2019_MPO,2016-10-30,2016,36.04526,-86.71704,False,0,0,0,,,,,,,,
101427110,Crashes_2010_2019_MPO,2016-10-30,2016,36.03975,-86.75457,False,0,0,0,,,,,,,,
101427098,Crashes_2010_2019_MPO,2016-10-30,2016,35.95526,-86.82588,False,0,0,1,,,,,,,,
101427099,Crashes_2010_2019_MPO,2016-10-30,2016,36.01575,-86.82116,True,0,0,0,,,,,,,,
101426630,Crashes_2010_2019_MPO,2016-10-30,2016,36.04544,-86.71253,False,0,0,0,,,,,,,,
101427086,Crashes_2010_2019_MPO,2016-10-30,2016,35.93768,-86.82088,False,1,0,0,,,,,,,,
101427168,Crashes_2010_2019_MPO,2016-10-30,2016,35.96507,-86.81167,False,0,0,0,,,,,,,,
101426647,Crashes_2010_2019_MPO,2016-10-30,2016,35.97562,-86.80432,True,0,0,0,,,,,,,,
101426861,Crashes_2010_2019_MPO,2016-10-30,2016,36.04688,-86.67958,False,0,0,0,,,,,,,,
101426980,Crashes_2010_2019_MPO,2016-10-30,2016,36.04393,-86.6933,False,0,0,0,,,,,,,,
101452377,Crashes_2010_2019_MPO,2016-10-30,2016,35.99922,-86.80923,True,0,0,0,,,,,,,,
101427541,Crashes_2010_2019_MPO,2016-10-31,2016,35.97059,-86.83547,False,0,0,0,,,,,,,,
101427851,Crashes_2010_2019_MPO,2016-10-31,2016,36.041,-86.74372,False,0,0,0,,,,,,,,
101427823,Crashes_2010_2019_MPO,2016-10-31,2016,36.03501,-86.80528,True,0,0,0,,,,,,,,
101427329,Crashes_2010_2019_MPO,2016-10-31,2016,35.95672,-86.7674,True,0,0,0,,,,,,,,
101427281,Crashes_2010_2019_MPO,2016-10-31,2016,36.01889,-86.78691,True,0,0,0,,,,,,,,
101428035,Crashes_2010_2019_MPO,2016-10-31,2016,36.02728,-86.78493,True,0,0,0,,,,,,,,
101427927,Crashes_2010_2019_MPO,2016-10-31,2016,36.04039,-86.78094,False,0,0,0,,,,,,,,
101427863,Crashes_2010_2019_MPO,2016-10-31,2016,36.01483,-86.72755,False,0,0,0,,,,,,,,
101427567,Crashes_2010_2019_MPO,2016-10-31,2016,35.92371,-86.76684,False,0,0,0,,,,,,,,
101427311,Crashes_2010_2019_MPO,2016-10-31,2016,36.04018,-86.70512,False,0,0,0,,,,,,,,
101428022,Crashes_2010_2019_MPO,2016-10-31,2016,36.01385,-86.71849,False,0,0,0,,,,,,,,
101427774,Crashes_2010_2019_MPO,2016-10-31,2016,35.96534,-86.79757,True,0,0,0,,,,,,,,
101427889,Crashes_2010_2019_MPO,2016-10-31,2016,35.96592,-86.83838,False,0,0,0,,,,,,,,
101427309,Crashes_2010_2019_MPO,2016-10-31,2016,35.98802,-86.76262,True,0,0,0,,,,,,,,
101427695,Crashes_2010_2019_MPO,2016-10-31,2016,35.96335,-86.83942,False,0,0,0,,,,,,,,
101427763,Crashes_2010_2019_MPO,2016-10-31,2016,35.93327,-86.81179,False,0,0,0,,,,,,,,
101428372,Crashes_2010_2019_MPO,2016-10-31,2016,35.9671,-86.81315,True,0,0,0,,,,,,,,
101427485,Crashes_2010_2019_MPO,2016-10-31,2016,35.96518,-86.80029,True,0,0,0,,,,,,,,
101427295,Crashes_2010_2019_MPO,2016-10-31,2016,36.04028,-86.76837,False,0,0,0,,,,,,,,
101428517,Crashes_2010_2019_MPO,2016-11-01,2016,36.03356,-86.78021,True,0,0,0,,,,,,,,
101428765,Crashes_2010_2019_MPO,2016-11-01,2016,36.04399,-86.69339,False,0,0,0,,,,,,,,
101428496,Crashes_2010_2019_MPO,2016-11-01,2016,35.9462,-86.80876,False,0,0,0,,,,,,,,
101428191,Crashes_2010_2019_MPO,2016-11-01,2016,36.02884,-86.7912,True,0,0,0,,,,,,,,
101428914,Crashes_2010_2019_MPO,2016-11-01,2016,36.04537,-86.71326,False,0,0,0,,,,,,,,
101428491,Crashes_2010_2019_MPO,2016-11-01,2016,36.04537,-86.71326,False,0,0,0,,,,,,,,
101428126,Crashes_2010_2019_MPO,2016-11-01,2016,36.0409,-86.77938,False,0,0,0,,,,,,,,
101429197,Crashes_2010_2019_MPO,2016-11-01,2016,35.98914,-86.70395,True,0,0,0,,,,,,,,
101428561,Crashes_2010_2019_MPO,2016-11-01,2016,36.0407,-86.78161,False,0,0,0,,,,,,,,
101430696,Crashes_2010_2019_MPO,2016-11-01,2016,35.9241,-86.79858,False,0,0,0,,,,,,,,
101428118,Crashes_2010_2019_MPO,2016-11-01,2016,36.03969,-86.76235,False,0,0,0,,,,,,,,
101433881,Crashes_2010_2019_MPO,2016-11-01,2016,35.98102,-86.84638,False,0,0,0,,,,,,,,
101428392,Crashes_2010_2019_MPO,2016-11-01,2016,36.0388,-86.78395,False,0,0,0,,,,,,,,
101429013,Crashes_2010_2019_MPO,2016-11-02,2016,36.01532,-86.81616,True,0,0,0,,,,,,,,
101429414,Crashes_2010_2019_MPO,2016-11-02,2016,35.92945,-86.841,False,0,0,0,,,,,,,,
101430927,Crashes_2010_2019_MPO,2016-11-02,2016,35.92439,-86.82478,False,0,0,0,,,,,,,,
101429430,Crashes_2010_2019_MPO,2016-11-02,2016,36.03804,-86.67728,False,0,0,0,,,,,,,,
101429985,Crashes_2010_2019_MPO,2016-11-02,2016,35.92641,-86.82453,False,0,0,0,,,,,,,,
101429563,Crashes_2010_2019_MPO,2016-11-02,2016,35.9325,-86.86247,False,0,0,0,,,,,,,,
101429196,Crashes_2010_2019_MPO,2016-11-02,2016,35.94723,-86.82084,False,0,0,0,,,,,,,,
101428929,Crashes_2010_2019_MPO,2016-11-02,2016,36.02443,-86.6803,False,0,0,0,,,,,,,,
101429041,Crashes_2010_2019_MPO,2016-11-02,2016,35.92311,-86.87553,False,0,0,0,,,,,,,,
101429576,Crashes_2010_2019_MPO,2016-11-02,2016,36.0095,-86.70166,False,0,0,0,,,,,,,,
101430449,Crashes_2010_2019_MPO,2016-11-02,2016,35.9912,-86.68349,False,0,0,0,,,,,,,,
101429239,Crashes_2010_2019_MPO,2016-11-02,2016,35.9407,-86.8316,False,0,0,0,,,,,,,,
101429596,Crashes_2010_2019_MPO,2016-11-02,2016,36.03603,-86.80224,True,0,0,0,,,,,,,,
101429601,Crashes_2010_2019_MPO,2016-11-02,2016,35.96466,-86.79077,True,0,0,0,,,,,,,,
101430537,Crashes_2010_2019_MPO,2016-11-02,2016,35.93065,-86.7941,False,0,0,0,,,,,,,,