record_no,source_layer,collision_ts,crash_year,latitude,longitude,in_city,fatalities,non_motorists,truck_involved,serious_injuries,pedestrian,bicycle,crash_type,manner_of_collision,lighting,weather,first_harmful_event
101429493,Crashes_2010_2019_MPO,2016-11-02,2016,36.04679,-86.77235,False,0,0,0,,,,,,,,
101430676,Crashes_2010_2019_MPO,2016-11-03,2016,36.04114,-86.77621,False,0,0,0,,,,,,,,
101430403,Crashes_2010_2019_MPO,2016-11-03,2016,35.98903,-86.77769,True,0,0,0,,,,,,,,
101430206,Crashes_2010_2019_MPO,2016-11-03,2016,36.03868,-86.80682,False,0,0,0,,,,,,,,
101429952,Crashes_2010_2019_MPO,2016-11-03,2016,36.01372,-86.80472,True,0,0,0,,,,,,,,
101430548,Crashes_2010_2019_MPO,2016-11-03,2016,35.9874,-86.70769,True,0,0,0,,,,,,,,
101430672,Crashes_2010_2019_MPO,2016-11-03,2016,36.04671,-86.70214,False,0,0,0,,,,,,,,
101431591,Crashes_2010_2019_MPO,2016-11-03,2016,35.93374,-86.81767,False,0,0,0,,,,,,,,
101430380,Crashes_2010_2019_MPO,2016-11-03,2016,35.94931,-86.80728,False,0,0,0,,,,,,,,
101431332,Crashes_2010_2019_MPO,2016-11-03,2016,35.9938,-86.81208,True,0,0,0,,,,,,,,
101429920,Crashes_2010_2019_MPO,2016-11-03,2016,35.96199,-86.81523,False,0,0,0,,,,,,,,
101432586,Crashes_2010_2019_MPO,2016-11-03,2016,35.98029,-86.8027,True,0,0,0,,,,,,,,
101430288,Crashes_2010_2019_MPO,2016-11-03,2016,35.99169,-86.79876,True,0,0,0,,,,,,,,
101430485,Crashes_2010_2019_MPO,2016-11-03,2016,36.04228,-86.74399,False,0,0,0,,,,,,,,
101430366,Crashes_2010_2019_MPO,2016-11-03,2016,36.04594,-86.74388,False,0,0,0,,,,,,,,
101433408,Crashes_2010_2019_MPO,2016-11-03,2016,36.01689,-86.78609,True,0,0,0,,,,,,,,
101431592,Crashes_2010_2019_MPO,2016-11-04,2016,35.93581,-86.82161,False,0,0,0,,,,,,,,
101430962,Crashes_2010_2019_MPO,2016-11-04,2016,36.03614,-86.79498,True,0,0,0,,,,,,,,
101431352,Crashes_2010_2019_MPO,2016-11-04,2016,35.92522,-86.76712,False,0,0,1,,,,,,,,
101431250,Crashes_2010_2019_MPO,2016-11-04,2016,36.03506,-86.80247,True,0,0,0,,,,,,,,
101431273,Crashes_2010_2019_MPO,2016-11-04,2016,36.05151,-86.71436,False,0,0,0,,,,,,,,
101431563,Crashes_2010_2019_MPO,2016-11-04,2016,36.03214,-86.76456,False,0,0,0,,,,,,,,
101431095,Crashes_2010_2019_MPO,2016-11-04,2016,35.96688,-86.81165,True,0,0,0,,,,,,,,
101431693,Crashes_2010_2019_MPO,2016-11-04,2016,35.92957,-86.84187,False,0,0,0,,,,,,,,
101431953,Crashes_2010_2019_MPO,2016-11-04,2016,35.99597,-86.78377,True,0,0,0,,,,,,,,
101431988,Crashes_2010_2019_MPO,2016-11-04,2016,35.96681,-86.81119,True,0,0,0,,,,,,,,
101431266,Crashes_2010_2019_MPO,2016-11-04,2016,36.03374,-86.78541,True,0,0,0,,,,,,,,
101431469,Crashes_2010_2019_MPO,2016-11-04,2016,35.92823,-86.84218,False,0,0,0,,,,,,,,
101431328,Crashes_2010_2019_MPO,2016-11-04,2016,36.03283,-86.77161,False,0,0,0,,,,,,,,
101431458,Crashes_2010_2019_MPO,2016-11-04,2016,36.04682,-86.71344,False,0,0,0,,,,,,,,
101431546,Crashes_2010_2019_MPO,2016-11-04,2016,35.93721,-86.859,False,0,0,0,,,,,,,,
101431638,Crashes_2010_2019_MPO,2016-11-04,2016,36.02723,-86.78872,True,0,0,0,,,,,,,,
101432163,Crashes_2010_2019_MPO,2016-11-05,2016,36.01893,-86.78667,True,0,0,0,,,,,,,,
101431766,Crashes_2010_2019_MPO,2016-11-05,2016,36.04537,-86.71326,False,0,0,0,,,,,,,,
101432303,Crashes_2010_2019_MPO,2016-11-05,2016,36.03489,-86.72799,False,0,0,0,,,,,,,,
101432273,Crashes_2010_2019_MPO,2016-11-05,2016,35.99548,-86.68787,False,0,0,0,,,,,,,,
101433055,Crashes_2010_2019_MPO,2016-11-05,2016,35.99301,-86.79831,True,0,0,0,,,,,,,,
101432374,Crashes_2010_2019_MPO,2016-11-05,2016,35.99713,-86.79358,True,0,0,0,,,,,,,,
101431902,Crashes_2010_2019_MPO,2016-11-05,2016,35.94568,-86.82704,False,0,0,0,,,,,,,,
101432775,Crashes_2010_2019_MPO,2016-11-05,2016,36.01767,-86.78631,True,0,0,0,,,,,,,,
101432334,Crashes_2010_2019_MPO,2016-11-05,2016,36.00603,-86.72832,True,0,0,0,,,,,,,,
101432617,Crashes_2010_2019_MPO,2016-11-05,2016,35.92947,-86.87556,False,0,0,0,,,,,,,,
101431794,Crashes_2010_2019_MPO,2016-11-05,2016,35.99355,-86.75919,True,0,0,0,,,,,,,,
101432684,Crashes_2010_2019_MPO,2016-11-06,2016,36.04625,-86.85796,False,0,0,0,,,,,,,,
101432956,Crashes_2010_2019_MPO,2016-11-06,2016,36.00096,-86.69194,False,0,1,0,,,,,,,,
101433330,Crashes_2010_2019_MPO,2016-11-06,2016,35.93077,-86.86375,False,0,0,0,,,,,,,,
101433141,Crashes_2010_2019_MPO,2016-11-06,2016,35.93446,-86.81991,False,0,0,0,,,,,,,,
101432830,Crashes_2010_2019_MPO,2016-11-06,2016,35.92936,-86.87549,False,0,0,0,,,,,,,,
101432975,Crashes_2010_2019_MPO,2016-11-06,2016,36.04303,-86.84244,False,0,0,0,,,,,,,,
101432740,Crashes_2010_2019_MPO,2016-11-06,2016,36.03986,-86.74145,False,0,0,0,,,,,,,,
101432746,Crashes_2010_2019_MPO,2016-11-06,2016,35.95591,-86.83196,False,0,0,0,,,,,,,,
101432495,Crashes_2010_2019_MPO,2016-11-06,2016,35.98085,-86.84667,False,0,0,0,,,,,,,,
101432885,Crashes_2010_2019_MPO,2016-11-06,2016,36.04602,-86.71334,False,0,0,0,,,,,,,,
101433338,Crashes_2010_2019_MPO,2016-11-07,2016,36.04453,-86.71316,False,0,0,0,,,,,,,,
101433761,Crashes_2010_2019_MPO,2016-11-07,2016,36.0269,-86.68083,False,0,0,0,,,,,,,,
101433780,Crashes_2010_2019_MPO,2016-11-07,2016,35.93793,-86.80984,False,0,0,0,,,,,,,,
101433519,Crashes_2010_2019_MPO,2016-11-07,2016,35.9647,-86.81499,True,0,0,0,,,,,,,,
101435464,Crashes_2010_2019_MPO,2016-11-07,2016,36.03593,-86.78724,True,0,0,0,,,,,,,,
101433196,Crashes_2010_2019_MPO,2016-11-07,2016,35.93778,-86.70522,False,0,0,0,,,,,,,,
101433841,Crashes_2010_2019_MPO,2016-11-07,2016,35.98524,-86.72984,True,0,0,0,,,,,,,,
101433875,Crashes_2010_2019_MPO,2016-11-07,2016,36.03934,-86.78566,False,0,0,0,,,,,,,,
101433768,Crashes_2010_2019_MPO,2016-11-07,2016,36.01749,-86.75946,True,0,0,0,,,,,,,,
101433610,Crashes_2010_2019_MPO,2016-11-07,2016,35.94683,-86.85172,False,0,0,0,,,,,,,,
101433779,Crashes_2010_2019_MPO,2016-11-07,2016,35.92501,-86.87365,False,0,0,0,,,,,,,,
101433293,Crashes_2010_2019_MPO,2016-11-07,2016,36.03971,-86.76279,False,0,0,0,,,,,,,,
101433467,Crashes_2010_2019_MPO,2016-11-07,2016,35.95418,-86.80299,False,0,0,0,,,,,,,,
101434311,Crashes_2010_2019_MPO,2016-11-07,2016,35.94694,-86.85163,False,0,0,0,,,,,,,,
101433934,Crashes_2010_2019_MPO,2016-11-07,2016,36.04047,-86.77007,False,0,0,0,,,,,,,,
101433635,Crashes_2010_2019_MPO,2016-11-07,2016,35.94638,-86.85208,False,0,0,0,,,,,,,,
101433699,Crashes_2010_2019_MPO,2016-11-07,2016,36.03,-86.78391,True,0,0,0,,,,,,,,
101433625,Crashes_2010_2019_MPO,2016-11-07,2016,35.95162,-86.8182,False,0,0,0,,,,,,,,
101433365,Crashes_2010_2019_MPO,2016-11-07,2016,35.99643,-86.78798,True,0,0,0,,,,,,,,
101434175,Crashes_2010_2019_MPO,2016-11-08,2016,35.99922,-86.80923,True,0,0,0,,,,,,,,
101434578,Crashes_2010_2019_MPO,2016-11-08,2016,35.92609,-86.87139,False,0,0,0,,,,,,,,
101434607,Crashes_2010_2019_MPO,2016-11-08,2016,35.9462,-86.80876,False,0,0,0,,,,,,,,
101434478,Crashes_2010_2019_MPO,2016-11-08,2016,35.94798,-86.81714,False,0,0,0,,,,,,,,
101434655,Crashes_2010_2019_MPO,2016-11-08,2016,36.03799,-86.79807,False,0,0,0,,,,,,,,
101434180,Crashes_2010_2019_MPO,2016-11-08,2016,36.0375,-86.78584,False,0,0,0,,,,,,,,
101434640,Crashes_2010_2019_MPO,2016-11-08,2016,35.9941,-86.79793,True,0,0,0,,,,,,,,
101434140,Crashes_2010_2019_MPO,2016-11-08,2016,35.95672,-86.81086,False,0,0,0,,,,,,,,
101434602,Crashes_2010_2019_MPO,2016-11-08,2016,36.03614,-86.79498,True,0,0,0,,,,,,,,
101434139,Crashes_2010_2019_MPO,2016-11-08,2016,35.93994,-86.81669,False,0,0,0,,,,,,,,
101438319,Crashes_2010_2019_MPO,2016-11-08,2016,35.99288,-86.79836,True,0,0,0,,,,,,,,
101434634,Crashes_2010_2019_MPO,2016-11-08,2016,36.01935,-86.78679,True,0,0,1,,,,,,,,
101435029,Crashes_2010_2019_MPO,2016-11-08,2016,35.95104,-86.81828,False,0,0,0,,,,,,,,
101434881,Crashes_2010_2019_MPO,2016-11-08,2016,35.96312,-86.81897,True,0,0,0,,,,,,,,
101434643,Crashes_2010_2019_MPO,2016-11-08,2016,36.04928,-86.71377,False,0,0,0,,,,,,,,
101434628,Crashes_2010_2019_MPO,2016-11-08,2016,35.99689,-86.79201,True,0,0,0,,,,,,,,
101435032,Crashes_2010_2019_MPO,2016-11-08,2016,35.97334,-86.83305,True,0,0,0,,,,,,,,
101434798,Crashes_2010_2019_MPO,2016-11-08,2016,35.9595,-86.81407,False,0,0,0,,,,,,,,
101434126,Crashes_2010_2019_MPO,2016-11-08,2016,36.0453,-86.70168,False,0,0,0,,,,,,,,
101435272,Crashes_2010_2019_MPO,2016-11-09,2016,35.92389,-86.8698,False,0,0,0,,,,,,,,
101435369,Crashes_2010_2019_MPO,2016-11-09,2016,36.04153,-86.74959,False,0,0,0,,,,,,,,
101435480,Crashes_2010_2019_MPO,2016-11-09,2016,35.98988,-86.74396,True,0,0,0,,,,,,,,
101436031,Crashes_2010_2019_MPO,2016-11-09,2016,35.94714,-86.82161,False,0,0,0,,,,,,,,
101436039,Crashes_2010_2019_MPO,2016-11-09,2016,35.95224,-86.84739,False,0,0,0,,,,,,,,
101435657,Crashes_2010_2019_MPO,2016-11-09,2016,36.05027,-86.87465,False,0,0,0,,,,,,,,
101435058,Crashes_2010_2019_MPO,2016-11-09,2016,36.04537,-86.71326,False,0,0,0,,,,,,,,
101435349,Crashes_2010_2019_MPO,2016-11-09,2016,35.93377,-86.81859,False,0,0,0,,,,,,,,
101435033,Crashes_2010_2019_MPO,2016-11-09,2016,36.04217,-86.71292,False,0,0,0,,,,,,,,
101435651,Crashes_2010_2019_MPO,2016-11-09,2016,35.95608,-86.80298,False,0,0,0,,,,,,,,
101436455,Crashes_2010_2019_MPO,2016-11-09,2016,35.92546,-86.87275,False,0,1,1,,,,,,,,
101435134,Crashes_2010_2019_MPO,2016-11-09,2016,36.04202,-86.72651,False,0,0,0,,,,,,,,
101435273,Crashes_2010_2019_MPO,2016-11-09,2016,35.93374,-86.81767,False,0,0,0,,,,,,,,
101435231,Crashes_2010_2019_MPO,2016-11-09,2016,36.03846,-86.78265,False,0,0,0,,,,,,,,
101435499,Crashes_2010_2019_MPO,2016-11-09,2016,36.04072,-86.74365,False,0,0,0,,,,,,,,
101435093,Crashes_2010_2019_MPO,2016-11-09,2016,36.04966,-86.71385,False,0,0,0,,,,,,,,
101436111,Crashes_2010_2019_MPO,2016-11-10,2016,35.9583,-86.8023,False,0,0,0,,,,,,,,
101435936,Crashes_2010_2019_MPO,2016-11-10,2016,35.92317,-86.81685,False,0,0,0,,,,,,,,
101436518,Crashes_2010_2019_MPO,2016-11-10,2016,35.99502,-86.77324,True,0,0,0,,,,,,,,
101436580,Crashes_2010_2019_MPO,2016-11-10,2016,36.0467,-86.71342,False,0,0,0,,,,,,,,
101435989,Crashes_2010_2019_MPO,2016-11-10,2016,36.04562,-86.70643,False,0,0,0,,,,,,,,
101436173,Crashes_2010_2019_MPO,2016-11-10,2016,36.02416,-86.82023,True,0,0,0,,,,,,,,
101436517,Crashes_2010_2019_MPO,2016-11-10,2016,36.01416,-86.78556,True,0,0,0,,,,,,,,
101436677,Crashes_2010_2019_MPO,2016-11-10,2016,36.03309,-86.77409,False,0,0,0,,,,,,,,
101436040,Crashes_2010_2019_MPO,2016-11-10,2016,36.04018,-86.70512,False,0,0,0,,,,,,,,
101436403,Crashes_2010_2019_MPO,2016-11-10,2016,36.02384,-86.71181,False,0,1,0,,,,,,,,
101435940,Crashes_2010_2019_MPO,2016-11-10,2016,35.95023,-86.76291,True,0,0,0,,,,,,,,
101435919,Crashes_2010_2019_MPO,2016-11-10,2016,36.03969,-86.76137,False,0,0,0,,,,,,,,
101437824,Crashes_2010_2019_MPO,2016-11-10,2016,36.01401,-86.79996,True,0,0,0,,,,,,,,
101436423,Crashes_2010_2019_MPO,2016-11-10,2016,36.04005,-86.74405,False,0,0,0,,,,,,,,
101436238,Crashes_2010_2019_MPO,2016-11-10,2016,36.01006,-86.702,False,0,0,0,,,,,,,,
101436510,Crashes_2010_2019_MPO,2016-11-10,2016,36.04045,-86.74359,False,0,0,0,,,,,,,,
101436034,Crashes_2010_2019_MPO,2016-11-10,2016,36.04052,-86.74552,False,0,0,0,,,,,,,,
101436676,Crashes_2010_2019_MPO,2016-11-10,2016,36.04001,-86.74347,False,0,0,0,,,,,,,,
101436267,Crashes_2010_2019_MPO,2016-11-10,2016,35.95594,-86.84441,False,0,0,0,,,,,,,,
101436266,Crashes_2010_2019_MPO,2016-11-10,2016,35.95776,-86.8026,False,0,0,0,,,,,,,,
101435918,Crashes_2010_2019_MPO,2016-11-10,2016,36.05216,-86.74291,False,0,0,0,,,,,,,,
101437068,Crashes_2010_2019_MPO,2016-11-11,2016,35.93554,-86.82375,False,0,0,0,,,,,,,,
101437286,Crashes_2010_2019_MPO,2016-11-11,2016,36.03939,-86.74342,False,0,0,0,,,,,,,,
101437588,Crashes_2010_2019_MPO,2016-11-11,2016,35.98909,-86.79966,True,0,0,0,,,,,,,,
101438306,Crashes_2010_2019_MPO,2016-11-11,2016,35.94612,-86.82346,False,0,0,0,,,,,,,,
101436989,Crashes_2010_2019_MPO,2016-11-11,2016,36.05035,-86.69142,False,0,0,0,,,,,,,,
101437564,Crashes_2010_2019_MPO,2016-11-11,2016,35.95517,-86.81618,False,0,0,0,,,,,,,,
101437035,Crashes_2010_2019_MPO,2016-11-11,2016,36.04559,-86.71096,False,0,0,0,,,,,,,,
101436988,Crashes_2010_2019_MPO,2016-11-11,2016,36.0399,-86.71278,False,0,0,0,,,,,,,,
101437265,Crashes_2010_2019_MPO,2016-11-11,2016,35.95863,-86.81048,False,0,0,0,,,,,,,,
101437635,Crashes_2010_2019_MPO,2016-11-11,2016,36.04544,-86.71249,False,0,0,0,,,,,,,,
101437440,Crashes_2010_2019_MPO,2016-11-11,2016,36.00946,-86.78558,True,0,0,0,,,,,,,,
101437565,Crashes_2010_2019_MPO,2016-11-11,2016,35.94285,-86.81195,False,0,0,0,,,,,,,,
101437549,Crashes_2010_2019_MPO,2016-11-11,2016,35.94871,-86.80753,False,0,0,0,,,,,,,,
101440850,Crashes_2010_2019_MPO,2016-11-11,2016,35.95723,-86.80419,False,0,0,0,,,,,,,,
101437874,Crashes_2010_2019_MPO,2016-11-12,2016,35.99476,-86.76094,True,0,0,0,,,,,,,,
101438308,Crashes_2010_2019_MPO,2016-11-12,2016,35.95635,-86.81254,False,0,0,0,,,,,,,,
101438171,Crashes_2010_2019_MPO,2016-11-12,2016,36.04323,-86.74413,False,0,0,0,,,,,,,,
101437978,Crashes_2010_2019_MPO,2016-11-12,2016,36.03845,-86.71322,False,0,0,1,,,,,,,,
101438330,Crashes_2010_2019_MPO,2016-11-12,2016,36.0473,-86.86274,False,0,0,0,,,,,,,,
101438369,Crashes_2010_2019_MPO,2016-11-12,2016,36.0299,-86.74401,False,0,0,0,,,,,,,,
101438421,Crashes_2010_2019_MPO,2016-11-12,2016,36.04626,-86.67673,False,0,0,0,,,,,,,,
101438479,Crashes_2010_2019_MPO,2016-11-12,2016,36.04547,-86.70421,False,0,0,0,,,,,,,,
101438021,Crashes_2010_2019_MPO,2016-11-12,2016,36.04235,-86.83733,False,0,0,0,,,,,,,,
101439133,Crashes_2010_2019_MPO,2016-11-13,2016,35.98499,-86.7271,True,0,0,0,,,,,,,,
101439276,Crashes_2010_2019_MPO,2016-11-13,2016,35.99039,-86.75119,True,0,0,0,,,,,,,,
101439008,Crashes_2010_2019_MPO,2016-11-13,2016,36.04479,-86.72487,False,0,0,0,,,,,,,,
101438782,Crashes_2010_2019_MPO,2016-11-13,2016,36.04643,-86.71339,False,0,0,0,,,,,,,,
101439415,Crashes_2010_2019_MPO,2016-11-14,2016,36.03804,-86.79868,False,0,0,0,,,,,,,,
101440026,Crashes_2010_2019_MPO,2016-11-14,2016,36.04561,-86.71977,False,0,0,0,,,,,,,,
101439712,Crashes_2010_2019_MPO,2016-11-14,2016,35.94644,-86.80869,False,0,0,0,,,,,,,,
101439428,Crashes_2010_2019_MPO,2016-11-14,2016,35.97429,-86.86937,False,0,0,0,,,,,,,,
101439443,Crashes_2010_2019_MPO,2016-11-14,2016,35.99077,-86.68311,False,0,0,0,,,,,,,,
101440137,Crashes_2010_2019_MPO,2016-11-14,2016,36.04101,-86.74624,False,0,0,0,,,,,,,,
101439448,Crashes_2010_2019_MPO,2016-11-14,2016,35.99224,-86.79858,True,0,0,0,,,,,,,,
101439810,Crashes_2010_2019_MPO,2016-11-14,2016,35.94831,-86.81994,False,0,0,0,,,,,,,,
101451860,Crashes_2010_2019_MPO,2016-11-14,2016,36.03322,-86.78531,True,0,0,0,,,,,,,,
101439941,Crashes_2010_2019_MPO,2016-11-14,2016,35.94854,-86.8114,False,0,0,0,,,,,,,,
101439887,Crashes_2010_2019_MPO,2016-11-14,2016,36.03765,-86.78496,False,0,0,0,,,,,,,,
101440207,Crashes_2010_2019_MPO,2016-11-14,2016,36.03611,-86.79484,True,0,0,0,,,,,,,,
101439581,Crashes_2010_2019_MPO,2016-11-14,2016,36.02737,-86.84901,True,0,0,0,,,,,,,,
101440149,Crashes_2010_2019_MPO,2016-11-14,2016,36.04377,-86.68834,False,0,0,1,,,,,,,,
101439618,Crashes_2010_2019_MPO,2016-11-14,2016,36.03934,-86.78566,False,0,0,0,,,,,,,,
101439394,Crashes_2010_2019_MPO,2016-11-14,2016,35.98635,-86.73664,True,0,0,0,,,,,,,,
101439495,Crashes_2010_2019_MPO,2016-11-14,2016,35.95004,-86.81794,False,0,0,0,,,,,,,,
101439951,Crashes_2010_2019_MPO,2016-11-14,2016,35.95673,-86.83969,False,0,0,0,,,,,,,,
101440599,Crashes_2010_2019_MPO,2016-11-15,2016,35.93585,-86.81813,False,0,0,0,,,,,,,,
101440391,Crashes_2010_2019_MPO,2016-11-15,2016,36.03993,-86.74229,False,0,0,0,,,,,,,,
101440941,Crashes_2010_2019_MPO,2016-11-15,2016,36.04001,-86.74347,False,0,0,0,,,,,,,,
101440600,Crashes_2010_2019_MPO,2016-11-15,2016,35.94978,-86.81329,False,0,0,0,,,,,,,,
101440533,Crashes_2010_2019_MPO,2016-11-15,2016,36.0409,-86.77938,False,0,0,0,,,,,,,,
101440915,Crashes_2010_2019_MPO,2016-11-15,2016,36.01301,-86.83509,True,0,0,0,,,,,,,,
101440578,Crashes_2010_2019_MPO,2016-11-15,2016,35.99137,-86.68366,False,0,0,0,,,,,,,,
101440542,Crashes_2010_2019_MPO,2016-11-15,2016,36.04537,-86.71326,False,0,0,0,,,,,,,,
101441080,Crashes_2010_2019_MPO,2016-11-15,2016,35.98191,-86.82149,True,0,0,0,,,,,,,,
101441835,Crashes_2010_2019_MPO,2016-11-15,2016,35.93273,-86.86229,False,0,0,0,,,,,,,,
101441093,Crashes_2010_2019_MPO,2016-11-15,2016,36.04537,-86.71326,False,0,0,0,,,,,,,,
101440349,Crashes_2010_2019_MPO,2016-11-15,2016,35.93425,-86.81869,False,0,0,0,,,,,,,,
101440173,Crashes_2010_2019_MPO,2016-11-15,2016,36.05493,-86.72717,False,0,0,0,,,,,,,,
101441490,Crashes_2010_2019_MPO,2016-11-15,2016,35.94978,-86.81329,False,0,0,0,,,,,,,,
101441836,Crashes_2010_2019_MPO,2016-11-15,2016,35.93858,-86.80744,False,0,0,0,,,,,,,,
101440867,Crashes_2010_2019_MPO,2016-11-15,2016,35.99687,-86.68989,False,0,0,0,,,,,,,,
101441026,Crashes_2010_2019_MPO,2016-11-15,2016,36.04537,-86.71326,False,0,0,0,,,,,,,,
101440918,Crashes_2010_2019_MPO,2016-11-15,2016,36.04652,-86.81596,False,0,0,0,,,,,,,,
101441716,Crashes_2010_2019_MPO,2016-11-16,2016,36.03128,-86.70048,False,0,0,0,,,,,,,,
101502159,Crashes_2010_2019_MPO,2016-11-16,2016,36.037,-86.74722,False,0,0,0,,,,,,,,
101452755,Crashes_2010_2019_MPO,2016-11-16,2016,35.96798,-86.81833,True,0,0,0,,,,,,,,
101441321,Crashes_2010_2019_MPO,2016-11-16,2016,36.05341,-86.71673,False,0,0,0,,,,,,,,
101452067,Crashes_2010_2019_MPO,2016-11-16,2016,35.93541,-86.82372,False,0,0,0,,,,,,,,
101441808,Crashes_2010_2019_MPO,2016-11-16,2016,36.03636,-86.8107,True,0,0,0,,,,,,,,
101452462,Crashes_2010_2019_MPO,2016-11-16,2016,36.03319,-86.7876,True,0,0,0,,,,,,,,
101458954,Crashes_2010_2019_MPO,2016-11-16,2016,35.94148,-86.81643,False,0,0,0,,,,,,,,
101441288,Crashes_2010_2019_MPO,2016-11-16,2016,36.02175,-86.74267,False,0,0,0,,,,,,,,
101441772,Crashes_2010_2019_MPO,2016-11-16,2016,35.96731,-86.79037,True,0,0,0,,,,,,,,
101441789,Crashes_2010_2019_MPO,2016-11-16,2016,35.9247,-86.87219,False,0,0,0,,,,,,,,
101441786,Crashes_2010_2019_MPO,2016-11-16,2016,36.0472,-86.71348,False,0,0,0,,,,,,,,
101441837,Crashes_2010_2019_MPO,2016-11-16,2016,35.99508,-86.69187,False,0,0,0,,,,,,,,
101452071,Crashes_2010_2019_MPO,2016-11-16,2016,35.95505,-86.76698,True,0,0,0,,,,,,,,
101441269,Crashes_2010_2019_MPO,2016-11-16,2016,36.03318,-86.78282,True,0,0,0,,,,,,,,
101441570,Crashes_2010_2019_MPO,2016-11-16,2016,35.94759,-86.80795,False,0,0,0,,,,,,,,
101441554,Crashes_2010_2019_MPO,2016-11-16,2016,35.95689,-86.80329,False,0,0,0,,,,,,,,
101441815,Crashes_2010_2019_MPO,2016-11-16,2016,35.95772,-86.80261,False,0,0,0,,,,,,,,
101441819,Crashes_2010_2019_MPO,2016-11-16,2016,36.04527,-86.70118,False,0,0,0,,,,,,,,
101441807,Crashes_2010_2019_MPO,2016-11-16,2016,35.94021,-86.81686,False,0,0,0,,,,,,,,
101455851,Crashes_2010_2019_MPO,2016-11-16,2016,35.96461,-86.79027,True,0,0,0,,,,,,,,
101441725,Crashes_2010_2019_MPO,2016-11-16,2016,35.96474,-86.79154,True,0,0,0,,,,,,,,
101441816,Crashes_2010_2019_MPO,2016-11-16,2016,35.93623,-86.80792,False,0,0,0,,,,,,,,
101441258,Crashes_2010_2019_MPO,2016-11-16,2016,36.05389,-86.77515,False,0,0,0,,,,,,,,
101441844,Crashes_2010_2019_MPO,2016-11-16,2016,36.0484,-86.74363,False,0,0,0,,,,,,,,
101452185,Crashes_2010_2019_MPO,2016-11-17,2016,35.94708,-86.81423,False,0,0,0,,,,,,,,
101452343,Crashes_2010_2019_MPO,2016-11-17,2016,35.95689,-86.80329,False,0,0,0,,,,,,,,
101452503,Crashes_2010_2019_MPO,2016-11-17,2016,36.03757,-86.78275,False,0,0,0,,,,,,,,
101452552,Crashes_2010_2019_MPO,2016-11-17,2016,35.94042,-86.8106,False,0,0,0,,,,,,,,
101452687,Crashes_2010_2019_MPO,2016-11-17,2016,36.00655,-86.80537,True,0,0,0,,,,,,,,
101452737,Crashes_2010_2019_MPO,2016-11-17,2016,36.05018,-86.69634,False,0,0,0,,,,,,,,
101453680,Crashes_2010_2019_MPO,2016-11-17,2016,35.96534,-86.79757,True,0,0,0,,,,,,,,
101452947,Crashes_2010_2019_MPO,2016-11-17,2016,36.03954,-86.77102,False,0,0,0,,,,,,,,
101452221,Crashes_2010_2019_MPO,2016-11-17,2016,35.99107,-86.77834,True,0,0,0,,,,,,,,
101452253,Crashes_2010_2019_MPO,2016-11-17,2016,36.03551,-86.78748,True,0,0,0,,,,,,,,
101452922,Crashes_2010_2019_MPO,2016-11-17,2016,36.04119,-86.77674,False,0,0,0,,,,,,,,
101452229,Crashes_2010_2019_MPO,2016-11-17,2016,35.97773,-86.8036,True,0,0,0,,,,,,,,
101453723,Crashes_2010_2019_MPO,2016-11-17,2016,35.95347,-86.81784,False,0,0,0,,,,,,,,
101453569,Crashes_2010_2019_MPO,2016-11-17,2016,35.9415,-86.81642,False,0,0,0,,,,,,,,
101452551,Crashes_2010_2019_MPO,2016-11-17,2016,35.9462,-86.80876,False,0,0,0,,,,,,,,
101452644,Crashes_2010_2019_MPO,2016-11-17,2016,35.96845,-86.81905,True,0,0,0,,,,,,,,
101453519,Crashes_2010_2019_MPO,2016-11-17,2016,35.99941,-86.80912,True,0,0,0,,,,,,,,
101453293,Crashes_2010_2019_MPO,2016-11-17,2016,35.92549,-86.86916,False,0,0,0,,,,,,,,
101452179,Crashes_2010_2019_MPO,2016-11-17,2016,36.05049,-86.87668,False,0,0,0,,,,,,,,
101452634,Crashes_2010_2019_MPO,2016-11-17,2016,36.05047,-86.87651,False,0,0,0,,,,,,,,
101452414,Crashes_2010_2019_MPO,2016-11-17,2016,36.00417,-86.79083,True,0,0,0,,,,,,,,
101453645,Crashes_2010_2019_MPO,2016-11-17,2016,35.99757,-86.77914,True,0,0,0,,,,,,,,
101453726,Crashes_2010_2019_MPO,2016-11-18,2016,35.96118,-86.75923,True,0,0,0,,,,,,,,
101453666,Crashes_2010_2019_MPO,2016-11-18,2016,36.04001,-86.74347,False,0,0,0,,,,,,,,
101453695,Crashes_2010_2019_MPO,2016-11-18,2016,35.95151,-86.73485,True,0,0,0,,,,,,,,
101454114,Crashes_2010_2019_MPO,2016-11-18,2016,36.04537,-86.71326,False,0,0,0,,,,,,,,
101453188,Crashes_2010_2019_MPO,2016-11-18,2016,35.96199,-86.81523,False,0,0,0,,,,,,,,
101454050,Crashes_2010_2019_MPO,2016-11-18,2016,36.03979,-86.7428,False,0,0,0,,,,,,,,
101454008,Crashes_2010_2019_MPO,2016-11-18,2016,36.00236,-86.69677,False,0,0,0,,,,,,,,
101453045,Crashes_2010_2019_MPO,2016-11-18,2016,35.94052,-86.83916,False,0,0,0,,,,,,,,
101453690,Crashes_2010_2019_MPO,2016-11-18,2016,36.03538,-86.71398,False,0,0,0,,,,,,,,
101453412,Crashes_2010_2019_MPO,2016-11-18,2016,36.04656,-86.67808,False,0,0,0,,,,,,,,
101453514,Crashes_2010_2019_MPO,2016-11-18,2016,35.99687,-86.68989,False,0,0,0,,,,,,,,
101453316,Crashes_2010_2019_MPO,2016-11-18,2016,36.03795,-86.79752,False,0,0,0,,,,,,,,
101453940,Crashes_2010_2019_MPO,2016-11-18,2016,36.04682,-86.67924,False,0,0,0,,,,,,,,
101453595,Crashes_2010_2019_MPO,2016-11-18,2016,36.01008,-86.78523,True,0,0,0,,,,,,,,
101453207,Crashes_2010_2019_MPO,2016-11-18,2016,36.03319,-86.7876,True,0,0,0,,,,,,,,