record_no,source_layer,collision_ts,crash_year,latitude,longitude,in_city,fatalities,non_motorists,truck_involved,serious_injuries,pedestrian,bicycle,crash_type,manner_of_collision,lighting,weather,first_harmful_event
101453377,Crashes_2010_2019_MPO,2016-11-18,2016,36.00417,-86.79083,True,0,0,0,,,,,,,,
101453216,Crashes_2010_2019_MPO,2016-11-18,2016,35.92641,-86.82453,False,0,0,0,,,,,,,,
101453721,Crashes_2010_2019_MPO,2016-11-18,2016,35.92481,-86.86976,False,0,0,0,,,,,,,,
101453376,Crashes_2010_2019_MPO,2016-11-18,2016,35.965,-86.72748,True,0,0,0,,,,,,,,
101453217,Crashes_2010_2019_MPO,2016-11-18,2016,35.9293,-86.85453,False,0,0,0,,,,,,,,
101453677,Crashes_2010_2019_MPO,2016-11-18,2016,36.0344,-86.74356,False,0,0,0,,,,,,,,
101453688,Crashes_2010_2019_MPO,2016-11-18,2016,35.94259,-86.82085,False,0,0,0,,,,,,,,
101454874,Crashes_2010_2019_MPO,2016-11-18,2016,36.02959,-86.78458,True,0,0,0,,,,,,,,
101453292,Crashes_2010_2019_MPO,2016-11-18,2016,35.94714,-86.81102,False,0,0,0,,,,,,,,
101453517,Crashes_2010_2019_MPO,2016-11-18,2016,36.01611,-86.78613,True,0,0,0,,,,,,,,
101454141,Crashes_2010_2019_MPO,2016-11-19,2016,35.98889,-86.84703,False,0,0,0,,,,,,,,
101454117,Crashes_2010_2019_MPO,2016-11-19,2016,35.9965,-86.78861,True,0,0,0,,,,,,,,
101454051,Crashes_2010_2019_MPO,2016-11-19,2016,36.03918,-86.78256,False,0,0,0,,,,,,,,
101454565,Crashes_2010_2019_MPO,2016-11-19,2016,35.96733,-86.81492,True,0,0,0,,,,,,,,
101455069,Crashes_2010_2019_MPO,2016-11-19,2016,35.94622,-86.80876,False,0,0,0,,,,,,,,
101454259,Crashes_2010_2019_MPO,2016-11-19,2016,35.92957,-86.84187,False,0,0,0,,,,,,,,
101454257,Crashes_2010_2019_MPO,2016-11-19,2016,35.96722,-86.81402,True,0,0,0,,,,,,,,
101457751,Crashes_2010_2019_MPO,2016-11-19,2016,35.93841,-86.81749,False,0,0,0,,,,,,,,
101454590,Crashes_2010_2019_MPO,2016-11-19,2016,36.03831,-86.78266,False,0,0,0,,,,,,,,
101454354,Crashes_2010_2019_MPO,2016-11-19,2016,35.95405,-86.81529,False,0,0,0,,,,,,,,
101454397,Crashes_2010_2019_MPO,2016-11-19,2016,36.04707,-86.86181,False,0,0,0,,,,,,,,
101454799,Crashes_2010_2019_MPO,2016-11-19,2016,35.94978,-86.81933,False,0,0,0,,,,,,,,
101454809,Crashes_2010_2019_MPO,2016-11-19,2016,35.9912,-86.68349,False,0,0,0,,,,,,,,
101454782,Crashes_2010_2019_MPO,2016-11-19,2016,35.99148,-86.68377,False,0,0,0,,,,,,,,
101454662,Crashes_2010_2019_MPO,2016-11-19,2016,36.0268,-86.71285,False,0,0,0,,,,,,,,
101455151,Crashes_2010_2019_MPO,2016-11-19,2016,35.94675,-86.85178,False,0,0,0,,,,,,,,
101455599,Crashes_2010_2019_MPO,2016-11-19,2016,35.96485,-86.7926,True,0,0,0,,,,,,,,
101454939,Crashes_2010_2019_MPO,2016-11-19,2016,35.93073,-86.86379,False,0,0,0,,,,,,,,
101454242,Crashes_2010_2019_MPO,2016-11-19,2016,36.03652,-86.74349,False,0,0,0,,,,,,,,
101455474,Crashes_2010_2019_MPO,2016-11-20,2016,35.99588,-86.6909,False,0,0,0,,,,,,,,
101455419,Crashes_2010_2019_MPO,2016-11-20,2016,36.04628,-86.7207,False,0,0,0,,,,,,,,
101455163,Crashes_2010_2019_MPO,2016-11-20,2016,36.03016,-86.79048,True,0,0,0,,,,,,,,
101455483,Crashes_2010_2019_MPO,2016-11-20,2016,35.92373,-86.79452,False,0,0,0,,,,,,,,
101455437,Crashes_2010_2019_MPO,2016-11-20,2016,35.94612,-86.82346,False,0,0,0,,,,,,,,
101456632,Crashes_2010_2019_MPO,2016-11-20,2016,36.00417,-86.79083,True,0,0,0,,,,,,,,
101455852,Crashes_2010_2019_MPO,2016-11-20,2016,35.96744,-86.80833,True,0,0,0,,,,,,,,
101455014,Crashes_2010_2019_MPO,2016-11-20,2016,36.0409,-86.77938,False,0,0,0,,,,,,,,
101456441,Crashes_2010_2019_MPO,2016-11-21,2016,35.98381,-86.71661,True,0,0,0,,,,,,,,
101455761,Crashes_2010_2019_MPO,2016-11-21,2016,36.0453,-86.71399,False,0,0,0,,,,,,,,
101457282,Crashes_2010_2019_MPO,2016-11-21,2016,36.01401,-86.78527,True,0,0,0,,,,,,,,
101455848,Crashes_2010_2019_MPO,2016-11-21,2016,35.998027,-86.798717,True,0,0,0,,,,,,,,
101456096,Crashes_2010_2019_MPO,2016-11-21,2016,36.04893,-86.71544,False,0,0,0,,,,,,,,
101455760,Crashes_2010_2019_MPO,2016-11-21,2016,36.03781,-86.78472,False,0,0,0,,,,,,,,
101456271,Crashes_2010_2019_MPO,2016-11-21,2016,36.05463,-86.71532,False,0,0,0,,,,,,,,
101455799,Crashes_2010_2019_MPO,2016-11-21,2016,36.03319,-86.7876,True,0,0,0,,,,,,,,
101456341,Crashes_2010_2019_MPO,2016-11-21,2016,36.03825,-86.78634,False,0,0,0,,,,,,,,
101456419,Crashes_2010_2019_MPO,2016-11-21,2016,35.97685,-86.77673,True,0,0,0,,,,,,,,
101456015,Crashes_2010_2019_MPO,2016-11-21,2016,35.92957,-86.84187,False,0,0,0,,,,,,,,
101456295,Crashes_2010_2019_MPO,2016-11-21,2016,35.96158,-86.80919,False,0,0,0,,,,,,,,
101456194,Crashes_2010_2019_MPO,2016-11-21,2016,36.042,-86.71625,False,0,0,0,,,,,,,,
101455950,Crashes_2010_2019_MPO,2016-11-21,2016,36.033143,-86.788819,True,0,0,0,,,,,,,,
101457252,Crashes_2010_2019_MPO,2016-11-22,2016,35.96458,-86.8144,False,0,0,0,,,,,,,,
101456797,Crashes_2010_2019_MPO,2016-11-22,2016,36.0402,-86.78061,False,0,0,0,,,,,,,,
101457180,Crashes_2010_2019_MPO,2016-11-22,2016,36.03781,-86.79575,False,0,0,0,,,,,,,,
101456723,Crashes_2010_2019_MPO,2016-11-22,2016,36.03977,-86.74025,False,0,0,0,,,,,,,,
101456990,Crashes_2010_2019_MPO,2016-11-22,2016,35.92738,-86.71791,False,0,0,0,,,,,,,,
101456573,Crashes_2010_2019_MPO,2016-11-22,2016,35.96716,-86.81351,True,0,0,1,,,,,,,,
101457340,Crashes_2010_2019_MPO,2016-11-22,2016,35.96724,-86.81414,True,0,0,0,,,,,,,,
101456658,Crashes_2010_2019_MPO,2016-11-22,2016,36.04532,-86.71755,False,0,0,0,,,,,,,,
101457034,Crashes_2010_2019_MPO,2016-11-22,2016,35.95117,-86.67774,False,0,0,0,,,,,,,,
101457384,Crashes_2010_2019_MPO,2016-11-22,2016,35.95842,-86.80311,False,0,0,0,,,,,,,,
101456818,Crashes_2010_2019_MPO,2016-11-22,2016,36.00811,-86.78677,True,0,0,0,,,,,,,,
101457663,Crashes_2010_2019_MPO,2016-11-22,2016,35.99551,-86.77887,True,0,0,0,,,,,,,,
101457494,Crashes_2010_2019_MPO,2016-11-22,2016,36.04537,-86.71326,False,0,0,0,,,,,,,,
101459276,Crashes_2010_2019_MPO,2016-11-23,2016,35.92529,-86.86872,False,0,0,0,,,,,,,,
101458179,Crashes_2010_2019_MPO,2016-11-23,2016,35.99542,-86.79772,True,0,0,0,,,,,,,,
101457826,Crashes_2010_2019_MPO,2016-11-23,2016,35.96588,-86.80316,True,0,0,0,,,,,,,,
101458208,Crashes_2010_2019_MPO,2016-11-23,2016,36.042,-86.71795,False,0,0,0,,,,,,,,
101459277,Crashes_2010_2019_MPO,2016-11-23,2016,35.95654,-86.81169,False,0,0,0,,,,,,,,
101459274,Crashes_2010_2019_MPO,2016-11-23,2016,35.9319,-86.79401,False,0,0,0,,,,,,,,
101457771,Crashes_2010_2019_MPO,2016-11-23,2016,36.04524,-86.70076,False,0,0,0,,,,,,,,
101457691,Crashes_2010_2019_MPO,2016-11-23,2016,36.04574,-86.709,False,0,0,0,,,,,,,,
101458114,Crashes_2010_2019_MPO,2016-11-23,2016,36.01559,-86.7406,False,0,0,0,,,,,,,,
101459275,Crashes_2010_2019_MPO,2016-11-23,2016,35.93541,-86.82372,False,0,0,0,,,,,,,,
101459294,Crashes_2010_2019_MPO,2016-11-23,2016,35.93447,-86.87802,False,0,0,0,,,,,,,,
101457749,Crashes_2010_2019_MPO,2016-11-23,2016,36.04571,-86.70953,False,0,0,0,,,,,,,,
101458458,Crashes_2010_2019_MPO,2016-11-23,2016,35.96684,-86.69586,False,0,0,0,,,,,,,,
101457802,Crashes_2010_2019_MPO,2016-11-23,2016,36.04955,-86.73716,False,0,0,0,,,,,,,,
101457604,Crashes_2010_2019_MPO,2016-11-23,2016,35.95944,-86.80651,False,0,0,0,,,,,,,,
101457992,Crashes_2010_2019_MPO,2016-11-23,2016,36.03256,-86.7687,False,0,0,0,,,,,,,,
101458804,Crashes_2010_2019_MPO,2016-11-24,2016,36.04231,-86.72652,False,0,0,0,,,,,,,,
101461953,Crashes_2010_2019_MPO,2016-11-24,2016,36.01018,-86.8788,False,0,0,0,,,,,,,,
101459070,Crashes_2010_2019_MPO,2016-11-24,2016,35.9601,-86.81339,False,0,0,0,,,,,,,,
101458878,Crashes_2010_2019_MPO,2016-11-24,2016,36.04525,-86.71698,False,0,0,0,,,,,,,,
101458829,Crashes_2010_2019_MPO,2016-11-24,2016,36.04455,-86.71316,False,0,0,0,,,,,,,,
101460419,Crashes_2010_2019_MPO,2016-11-24,2016,35.96681,-86.81119,True,0,0,0,,,,,,,,
101459769,Crashes_2010_2019_MPO,2016-11-25,2016,35.92476,-86.86862,False,0,0,0,,,,,,,,
101459962,Crashes_2010_2019_MPO,2016-11-25,2016,36.03757,-86.7851,False,0,0,0,,,,,,,,
101459249,Crashes_2010_2019_MPO,2016-11-25,2016,36.05366,-86.71502,False,0,0,0,,,,,,,,
101459842,Crashes_2010_2019_MPO,2016-11-25,2016,35.9665,-86.81127,False,0,0,0,,,,,,,,
101461046,Crashes_2010_2019_MPO,2016-11-25,2016,35.96543,-86.81146,False,0,0,0,,,,,,,,
101459770,Crashes_2010_2019_MPO,2016-11-25,2016,35.95581,-86.81654,False,0,0,0,,,,,,,,
101460033,Crashes_2010_2019_MPO,2016-11-25,2016,35.94338,-86.82063,False,0,0,0,,,,,,,,
101459663,Crashes_2010_2019_MPO,2016-11-25,2016,35.96653,-86.80933,True,0,0,0,,,,,,,,
101460592,Crashes_2010_2019_MPO,2016-11-25,2016,35.94544,-86.82307,False,0,0,0,,,,,,,,
101460591,Crashes_2010_2019_MPO,2016-11-25,2016,35.94616,-86.80856,False,0,0,0,,,,,,,,
101459130,Crashes_2010_2019_MPO,2016-11-25,2016,36.04537,-86.71326,False,0,0,0,,,,,,,,
101461083,Crashes_2010_2019_MPO,2016-11-26,2016,36.03551,-86.78748,True,0,0,0,,,,,,,,
101460954,Crashes_2010_2019_MPO,2016-11-26,2016,35.99548,-86.68787,False,0,0,0,,,,,,,,
101460753,Crashes_2010_2019_MPO,2016-11-26,2016,35.96992,-86.80872,True,0,0,0,,,,,,,,
101460685,Crashes_2010_2019_MPO,2016-11-26,2016,36.04001,-86.74347,False,0,0,0,,,,,,,,
101460847,Crashes_2010_2019_MPO,2016-11-26,2016,35.95403,-86.81777,False,0,0,0,,,,,,,,
101461057,Crashes_2010_2019_MPO,2016-11-27,2016,36.03752,-86.783,False,0,0,0,,,,,,,,
101461570,Crashes_2010_2019_MPO,2016-11-27,2016,36.04682,-86.71344,False,0,0,0,,,,,,,,
101461010,Crashes_2010_2019_MPO,2016-11-27,2016,36.0234,-86.78639,True,0,0,0,,,,,,,,
101463752,Crashes_2010_2019_MPO,2016-11-27,2016,36.00134,-86.71558,True,0,0,0,,,,,,,,
101461520,Crashes_2010_2019_MPO,2016-11-27,2016,36.0417,-86.74863,False,0,0,0,,,,,,,,
101461632,Crashes_2010_2019_MPO,2016-11-27,2016,35.97728,-86.84042,False,0,0,0,,,,,,,,
101461362,Crashes_2010_2019_MPO,2016-11-27,2016,35.97182,-86.82584,True,0,0,0,,,,,,,,
101462043,Crashes_2010_2019_MPO,2016-11-27,2016,35.96652,-86.81156,False,0,0,0,,,,,,,,
101461223,Crashes_2010_2019_MPO,2016-11-27,2016,35.9759,-86.67821,False,0,0,0,,,,,,,,
101461399,Crashes_2010_2019_MPO,2016-11-27,2016,35.99006,-86.74528,True,0,0,0,,,,,,,,
101461900,Crashes_2010_2019_MPO,2016-11-27,2016,35.97803,-86.80373,True,0,0,0,,,,,,,,
101462331,Crashes_2010_2019_MPO,2016-11-28,2016,36.04002,-86.74355,False,0,0,0,,,,,,,,
101462279,Crashes_2010_2019_MPO,2016-11-28,2016,35.96509,-86.72722,True,0,0,0,,,,,,,,
101462046,Crashes_2010_2019_MPO,2016-11-28,2016,35.96716,-86.81351,True,0,0,0,,,,,,,,
101462413,Crashes_2010_2019_MPO,2016-11-28,2016,36.03196,-86.76284,False,0,0,0,,,,,,,,
101462444,Crashes_2010_2019_MPO,2016-11-28,2016,36.04821,-86.70283,False,0,0,0,,,,,,,,
101462380,Crashes_2010_2019_MPO,2016-11-28,2016,35.9263,-86.82448,False,0,0,0,,,,,,,,
101463101,Crashes_2010_2019_MPO,2016-11-28,2016,35.99675,-86.79076,True,0,0,0,,,,,,,,
101462755,Crashes_2010_2019_MPO,2016-11-28,2016,35.99564,-86.78028,True,0,0,0,,,,,,,,
101464509,Crashes_2010_2019_MPO,2016-11-28,2016,36.02914,-86.78377,True,0,0,0,,,,,,,,
101462023,Crashes_2010_2019_MPO,2016-11-28,2016,36.04149,-86.78246,False,0,0,0,,,,,,,,
101462124,Crashes_2010_2019_MPO,2016-11-28,2016,35.93544,-86.77542,False,0,0,0,,,,,,,,
101462139,Crashes_2010_2019_MPO,2016-11-28,2016,35.96597,-86.81391,False,0,0,0,,,,,,,,
101462469,Crashes_2010_2019_MPO,2016-11-28,2016,36.03443,-86.7434,False,0,0,0,,,,,,,,
101462008,Crashes_2010_2019_MPO,2016-11-28,2016,36.04179,-86.7824,False,0,0,0,,,,,,,,
101463143,Crashes_2010_2019_MPO,2016-11-28,2016,35.96798,-86.81833,True,0,0,0,,,,,,,,
101462979,Crashes_2010_2019_MPO,2016-11-28,2016,35.99101,-86.799,True,0,0,0,,,,,,,,
101461950,Crashes_2010_2019_MPO,2016-11-28,2016,35.96212,-86.73777,True,0,0,0,,,,,,,,
101462057,Crashes_2010_2019_MPO,2016-11-28,2016,35.96511,-86.72718,True,0,0,0,,,,,,,,
101462382,Crashes_2010_2019_MPO,2016-11-28,2016,35.94489,-86.82843,False,0,0,0,,,,,,,,
101462531,Crashes_2010_2019_MPO,2016-11-28,2016,35.93204,-86.86162,False,0,0,0,,,,,,,,
101462384,Crashes_2010_2019_MPO,2016-11-28,2016,35.9584,-86.80226,False,0,0,0,,,,,,,,
101462140,Crashes_2010_2019_MPO,2016-11-28,2016,35.96198,-86.81518,False,0,0,0,,,,,,,,
101462512,Crashes_2010_2019_MPO,2016-11-28,2016,36.03803,-86.78452,False,0,0,0,,,,,,,,
101462400,Crashes_2010_2019_MPO,2016-11-28,2016,36.04543,-86.71259,False,0,1,0,,,,,,,,
101461912,Crashes_2010_2019_MPO,2016-11-28,2016,35.96196,-86.81503,False,0,0,0,,,,,,,,
101462383,Crashes_2010_2019_MPO,2016-11-28,2016,35.94831,-86.80752,False,0,0,0,,,,,,,,
101462010,Crashes_2010_2019_MPO,2016-11-28,2016,35.92276,-86.78063,False,0,0,0,,,,,,,,
101462308,Crashes_2010_2019_MPO,2016-11-28,2016,35.99122,-86.68351,False,0,0,0,,,,,,,,
101462569,Crashes_2010_2019_MPO,2016-11-28,2016,36.04785,-86.71356,False,0,0,0,,,,,,,,
101462381,Crashes_2010_2019_MPO,2016-11-28,2016,35.93191,-86.79441,False,0,0,0,,,,,,,,
101462428,Crashes_2010_2019_MPO,2016-11-28,2016,36.03336,-86.78872,True,0,0,0,,,,,,,,
101463159,Crashes_2010_2019_MPO,2016-11-29,2016,36.03745,-86.78255,False,0,0,0,,,,,,,,
101462741,Crashes_2010_2019_MPO,2016-11-29,2016,36.04222,-86.83169,False,0,0,0,,,,,,,,
101463139,Crashes_2010_2019_MPO,2016-11-29,2016,36.03368,-86.79534,True,0,0,0,,,,,,,,
101463168,Crashes_2010_2019_MPO,2016-11-29,2016,36.00512,-86.6998,False,0,0,0,,,,,,,,
101464075,Crashes_2010_2019_MPO,2016-11-29,2016,35.96676,-86.80904,True,0,0,0,,,,,,,,
101462598,Crashes_2010_2019_MPO,2016-11-29,2016,36.03196,-86.76284,False,0,0,0,,,,,,,,
101462795,Crashes_2010_2019_MPO,2016-11-29,2016,35.98953,-86.74233,True,0,0,0,,,,,,,,
101463236,Crashes_2010_2019_MPO,2016-11-29,2016,36.02554,-86.81862,True,0,0,0,,,,,,,,
101463001,Crashes_2010_2019_MPO,2016-11-29,2016,35.99381,-86.76074,True,0,0,0,,,,,,,,
101472714,Crashes_2010_2019_MPO,2016-11-29,2016,36.01575,-86.82116,True,0,0,0,,,,,,,,
101463350,Crashes_2010_2019_MPO,2016-11-29,2016,36.04108,-86.77569,False,0,0,0,,,,,,,,
101462870,Crashes_2010_2019_MPO,2016-11-29,2016,36.01471,-86.81117,True,0,0,0,,,,,,,,
101463241,Crashes_2010_2019_MPO,2016-11-29,2016,36.03551,-86.78748,True,0,0,0,,,,,,,,
101462645,Crashes_2010_2019_MPO,2016-11-29,2016,35.92373,-86.79452,False,0,0,0,,,,,,,,
101462666,Crashes_2010_2019_MPO,2016-11-29,2016,35.93497,-86.77647,False,0,0,0,,,,,,,,
101463183,Crashes_2010_2019_MPO,2016-11-29,2016,35.97323,-86.83265,True,0,0,0,,,,,,,,
101463028,Crashes_2010_2019_MPO,2016-11-29,2016,35.93875,-86.79656,False,0,0,0,,,,,,,,
101462786,Crashes_2010_2019_MPO,2016-11-29,2016,36.04545,-86.70403,False,0,0,0,,,,,,,,
101463002,Crashes_2010_2019_MPO,2016-11-29,2016,36.01764,-86.8467,True,0,0,0,,,,,,,,
101463085,Crashes_2010_2019_MPO,2016-11-29,2016,36.01047,-86.78063,True,0,0,0,,,,,,,,
101462765,Crashes_2010_2019_MPO,2016-11-29,2016,36.04,-86.76564,False,0,0,0,,,,,,,,
101463337,Crashes_2010_2019_MPO,2016-11-29,2016,35.96534,-86.79757,True,0,0,0,,,,,,,,
101463154,Crashes_2010_2019_MPO,2016-11-29,2016,35.99565,-86.78036,True,0,0,1,,,,,,,,
101463138,Crashes_2010_2019_MPO,2016-11-29,2016,36.02717,-86.78382,True,0,0,0,,,,,,,,
101463296,Crashes_2010_2019_MPO,2016-11-29,2016,36.05239,-86.71463,False,0,0,0,,,,,,,,
101464074,Crashes_2010_2019_MPO,2016-11-29,2016,35.96206,-86.80154,True,0,0,0,,,,,,,,
101463633,Crashes_2010_2019_MPO,2016-11-29,2016,35.92924,-86.85316,False,0,0,0,,,,,,,,
101464396,Crashes_2010_2019_MPO,2016-11-30,2016,35.93301,-86.85041,False,0,0,1,,,,,,,,
101464059,Crashes_2010_2019_MPO,2016-11-30,2016,35.96091,-86.81366,False,0,0,0,,,,,,,,
101463509,Crashes_2010_2019_MPO,2016-11-30,2016,36.03812,-86.78291,False,0,0,0,,,,,,,,
101463823,Crashes_2010_2019_MPO,2016-11-30,2016,35.95026,-86.81337,False,0,0,0,,,,,,,,
101464528,Crashes_2010_2019_MPO,2016-11-30,2016,35.97569,-86.83021,True,0,0,0,,,,,,,,
101463944,Crashes_2010_2019_MPO,2016-11-30,2016,35.96186,-86.80936,False,0,0,0,,,,,,,,
101464092,Crashes_2010_2019_MPO,2016-11-30,2016,35.94429,-86.81993,False,0,0,0,,,,,,,,
101468130,Crashes_2010_2019_MPO,2016-11-30,2016,35.99079,-86.75111,True,0,0,0,,,,,,,,
101463480,Crashes_2010_2019_MPO,2016-11-30,2016,36.03982,-86.78268,False,0,0,0,,,,,,,,
101464202,Crashes_2010_2019_MPO,2016-11-30,2016,36.04231,-86.72652,False,0,0,0,,,,,,,,
101463634,Crashes_2010_2019_MPO,2016-11-30,2016,35.93117,-86.79415,False,0,0,0,,,,,,,,
101464114,Crashes_2010_2019_MPO,2016-11-30,2016,36.04002,-86.74368,False,0,0,0,,,,,,,,
101464215,Crashes_2010_2019_MPO,2016-11-30,2016,35.96917,-86.82613,False,0,0,0,,,,,,,,
101463939,Crashes_2010_2019_MPO,2016-11-30,2016,36.0409,-86.77938,False,0,0,0,,,,,,,,
101463890,Crashes_2010_2019_MPO,2016-11-30,2016,36.04556,-86.70557,False,0,0,0,,,,,,,,
101465566,Crashes_2010_2019_MPO,2016-11-30,2016,35.92717,-86.84239,False,0,0,0,,,,,,,,
101464091,Crashes_2010_2019_MPO,2016-11-30,2016,36.02289,-86.68051,False,0,0,0,,,,,,,,
101464515,Crashes_2010_2019_MPO,2016-11-30,2016,35.93234,-86.86258,False,0,0,0,,,,,,,,
101464058,Crashes_2010_2019_MPO,2016-11-30,2016,35.94631,-86.8236,False,0,0,0,,,,,,,,
101463696,Crashes_2010_2019_MPO,2016-11-30,2016,35.98973,-86.82914,False,0,0,0,,,,,,,,
101464944,Crashes_2010_2019_MPO,2016-12-01,2016,35.95544,-86.75854,True,0,0,0,,,,,,,,
101464610,Crashes_2010_2019_MPO,2016-12-01,2016,35.966694,-86.809137,True,0,0,0,,,,,,,,
101464440,Crashes_2010_2019_MPO,2016-12-01,2016,35.966,-86.80588,True,0,0,0,,,,,,,,
101464888,Crashes_2010_2019_MPO,2016-12-01,2016,36.04899,-86.71628,False,0,0,0,,,,,,,,
101466485,Crashes_2010_2019_MPO,2016-12-01,2016,35.96351,-86.68498,False,0,0,0,,,,,,,,
101464875,Crashes_2010_2019_MPO,2016-12-01,2016,36.03284,-86.79811,True,0,0,0,,,,,,,,
101464924,Crashes_2010_2019_MPO,2016-12-01,2016,35.95258,-86.68408,False,0,0,0,,,,,,,,
101464613,Crashes_2010_2019_MPO,2016-12-01,2016,35.94587,-86.82588,False,0,0,0,,,,,,,,
101464800,Crashes_2010_2019_MPO,2016-12-01,2016,36.04012,-86.74449,False,0,0,0,,,,,,,,
101465987,Crashes_2010_2019_MPO,2016-12-01,2016,35.92651,-86.86625,False,0,0,0,,,,,,,,
101465164,Crashes_2010_2019_MPO,2016-12-01,2016,35.99123,-86.68352,False,0,0,0,,,,,,,,
101464453,Crashes_2010_2019_MPO,2016-12-01,2016,35.97745,-86.77448,True,0,0,1,,,,,,,,
101465812,Crashes_2010_2019_MPO,2016-12-01,2016,35.94687,-86.85168,False,0,0,0,,,,,,,,
101464974,Crashes_2010_2019_MPO,2016-12-01,2016,35.96713,-86.8133,True,0,0,0,,,,,,,,
101465897,Crashes_2010_2019_MPO,2016-12-01,2016,35.95212,-86.81784,False,0,0,0,,,,,,,,
101464975,Crashes_2010_2019_MPO,2016-12-01,2016,35.99851,-86.77924,True,0,0,0,,,,,,,,
101464973,Crashes_2010_2019_MPO,2016-12-01,2016,36.05446,-86.74098,False,0,0,0,,,,,,,,
101464870,Crashes_2010_2019_MPO,2016-12-01,2016,36.04028,-86.76837,False,0,0,0,,,,,,,,
101466709,Crashes_2010_2019_MPO,2016-12-02,2016,35.92546,-86.87275,False,0,0,0,,,,,,,,
101465921,Crashes_2010_2019_MPO,2016-12-02,2016,35.98221,-86.82115,True,0,0,0,,,,,,,,
101465590,Crashes_2010_2019_MPO,2016-12-02,2016,35.94607,-86.82618,False,0,0,0,,,,,,,,
101466710,Crashes_2010_2019_MPO,2016-12-02,2016,35.92957,-86.84187,False,0,0,0,,,,,,,,
101465949,Crashes_2010_2019_MPO,2016-12-02,2016,35.95801,-86.80218,False,0,0,0,,,,,,,,
101466013,Crashes_2010_2019_MPO,2016-12-02,2016,36.04245,-86.71294,False,0,0,0,,,,,,,,
101467044,Crashes_2010_2019_MPO,2016-12-02,2016,35.92254,-86.87194,False,0,0,0,,,,,,,,
101465484,Crashes_2010_2019_MPO,2016-12-02,2016,35.96716,-86.81351,True,0,0,0,,,,,,,,
101465889,Crashes_2010_2019_MPO,2016-12-02,2016,35.97316,-86.83107,True,0,0,0,,,,,,,,
101465254,Crashes_2010_2019_MPO,2016-12-02,2016,35.92919,-86.84194,False,0,0,0,,,,,,,,
101465377,Crashes_2010_2019_MPO,2016-12-02,2016,36.03674,-86.81485,True,0,0,0,,,,,,,,
101465860,Crashes_2010_2019_MPO,2016-12-02,2016,36.04026,-86.8164,False,0,0,0,,,,,,,,
101466936,Crashes_2010_2019_MPO,2016-12-03,2016,36.04542,-86.70355,False,0,0,0,,,,,,,,
101478020,Crashes_2010_2019_MPO,2016-12-03,2016,35.97334,-86.83305,True,0,0,0,,,,,,,,
101466598,Crashes_2010_2019_MPO,2016-12-03,2016,35.92786,-86.86769,False,0,0,0,,,,,,,,
101466928,Crashes_2010_2019_MPO,2016-12-03,2016,36.04478,-86.71319,False,0,0,0,,,,,,,,
101466916,Crashes_2010_2019_MPO,2016-12-03,2016,36.0437,-86.78144,False,0,0,0,,,,,,,,
101466913,Crashes_2010_2019_MPO,2016-12-03,2016,36.04546,-86.7123,False,0,0,0,,,,,,,,
101466711,Crashes_2010_2019_MPO,2016-12-03,2016,35.94718,-86.85483,False,0,0,0,,,,,,,,
101466963,Crashes_2010_2019_MPO,2016-12-03,2016,36.04245,-86.71294,False,0,0,0,,,,,,,,
101466588,Crashes_2010_2019_MPO,2016-12-03,2016,36.03904,-86.78251,False,0,0,0,,,,,,,,
101466752,Crashes_2010_2019_MPO,2016-12-03,2016,36.0454,-86.70319,False,0,0,0,,,,,,,,
101466289,Crashes_2010_2019_MPO,2016-12-03,2016,36.01004,-86.8033,True,0,0,0,,,,,,,,
101466807,Crashes_2010_2019_MPO,2016-12-03,2016,35.9476,-86.81992,False,0,0,0,,,,,,,,
101467233,Crashes_2010_2019_MPO,2016-12-03,2016,35.96312,-86.81897,True,0,0,0,,,,,,,,
101467498,Crashes_2010_2019_MPO,2016-12-04,2016,36.04178,-86.7824,False,0,0,0,,,,,,,,
101467048,Crashes_2010_2019_MPO,2016-12-04,2016,36.04116,-86.78253,False,0,0,0,,,,,,,,
101468586,Crashes_2010_2019_MPO,2016-12-04,2016,35.95972,-86.67823,False,0,0,0,,,,,,,,
101467305,Crashes_2010_2019_MPO,2016-12-04,2016,36.04152,-86.78249,False,0,0,0,,,,,,,,
101467463,Crashes_2010_2019_MPO,2016-12-04,2016,36.04178,-86.7824,False,0,0,0,,,,,,,,
101467414,Crashes_2010_2019_MPO,2016-12-04,2016,35.96977,-86.72425,True,0,0,0,,,,,,,,
101467499,Crashes_2010_2019_MPO,2016-12-04,2016,36.04178,-86.7824,False,0,0,0,,,,,,,,
101467461,Crashes_2010_2019_MPO,2016-12-04,2016,35.96372,-86.81053,False,0,0,0,,,,,,,,
101467634,Crashes_2010_2019_MPO,2016-12-04,2016,35.9348,-86.87814,False,0,0,0,,,,,,,,
101467337,Crashes_2010_2019_MPO,2016-12-04,2016,36.04063,-86.78278,False,0,0,0,,,,,,,,
101467630,Crashes_2010_2019_MPO,2016-12-04,2016,36.04152,-86.78246,False,0,0,0,,,,,,,,
101467502,Crashes_2010_2019_MPO,2016-12-04,2016,36.03847,-86.78345,False,0,0,0,,,,,,,,
101467113,Crashes_2010_2019_MPO,2016-12-04,2016,36.00154,-86.79354,True,0,0,0,,,,,,,,
101467588,Crashes_2010_2019_MPO,2016-12-04,2016,36.04455,-86.71173,False,0,0,0,,,,,,,,
101467047,Crashes_2010_2019_MPO,2016-12-04,2016,36.04116,-86.78253,False,0,0,0,,,,,,,,
101467706,Crashes_2010_2019_MPO,2016-12-04,2016,36.04163,-86.78244,False,0,0,0,,,,,,,,
101470740,Crashes_2010_2019_MPO,2016-12-04,2016,36.04193,-86.67728,False,0,0,0,,,,,,,,
101467426,Crashes_2010_2019_MPO,2016-12-04,2016,36.0243,-86.74239,False,0,0,0,,,,,,,,
101467217,Crashes_2010_2019_MPO,2016-12-04,2016,36.03897,-86.7828,False,0,0,0,,,,,,,,
101467645,Crashes_2010_2019_MPO,2016-12-04,2016,36.04048,-86.7826,False,0,0,0,,,,,,,,