record_no,source_layer,collision_ts,crash_year,latitude,longitude,in_city,fatalities,non_motorists,truck_involved,serious_injuries,pedestrian,bicycle,crash_type,manner_of_collision,lighting,weather,first_harmful_event
101467564,Crashes_2010_2019_MPO,2016-12-04,2016,36.04023,-86.76791,False,0,0,0,,,,,,,,
101467181,Crashes_2010_2019_MPO,2016-12-04,2016,36.04178,-86.7824,False,0,0,0,,,,,,,,
101467057,Crashes_2010_2019_MPO,2016-12-04,2016,36.04451,-86.71159,False,0,0,0,,,,,,,,
101467232,Crashes_2010_2019_MPO,2016-12-04,2016,36.03974,-86.78269,False,0,0,1,,,,,,,,
101467975,Crashes_2010_2019_MPO,2016-12-05,2016,36.05171,-86.6883,False,0,0,0,,,,,,,,
101468442,Crashes_2010_2019_MPO,2016-12-05,2016,36.03517,-86.76871,False,0,0,0,,,,,,,,
101468256,Crashes_2010_2019_MPO,2016-12-05,2016,35.95741,-86.76757,True,0,0,0,,,,,,,,
101468424,Crashes_2010_2019_MPO,2016-12-05,2016,35.9593,-86.80186,False,0,0,0,,,,,,,,
101468993,Crashes_2010_2019_MPO,2016-12-05,2016,36.01575,-86.82116,True,0,0,0,,,,,,,,
101468690,Crashes_2010_2019_MPO,2016-12-05,2016,35.95594,-86.83223,False,0,0,0,,,,,,,,
101468444,Crashes_2010_2019_MPO,2016-12-05,2016,36.02219,-86.78304,True,0,0,0,,,,,,,,
101468520,Crashes_2010_2019_MPO,2016-12-05,2016,36.04441,-86.78039,False,0,0,0,,,,,,,,
101468348,Crashes_2010_2019_MPO,2016-12-05,2016,35.93412,-86.81159,False,0,0,0,,,,,,,,
101467777,Crashes_2010_2019_MPO,2016-12-05,2016,36.02355,-86.68833,False,0,0,0,,,,,,,,
101467974,Crashes_2010_2019_MPO,2016-12-05,2016,36.05192,-86.68792,False,0,0,0,,,,,,,,
101468211,Crashes_2010_2019_MPO,2016-12-05,2016,35.93133,-86.87731,False,0,0,0,,,,,,,,
101469375,Crashes_2010_2019_MPO,2016-12-05,2016,35.94529,-86.80886,False,0,0,0,,,,,,,,
101468213,Crashes_2010_2019_MPO,2016-12-05,2016,35.97378,-86.83441,False,0,0,0,,,,,,,,
101468308,Crashes_2010_2019_MPO,2016-12-05,2016,35.92924,-86.85316,False,0,0,0,,,,,,,,
101468067,Crashes_2010_2019_MPO,2016-12-05,2016,36.0386,-86.78263,False,0,0,0,,,,,,,,
101468917,Crashes_2010_2019_MPO,2016-12-06,2016,35.9703,-86.72548,True,0,0,0,,,,,,,,
101469288,Crashes_2010_2019_MPO,2016-12-06,2016,36.04001,-86.74347,False,0,0,0,,,,,,,,
101468790,Crashes_2010_2019_MPO,2016-12-06,2016,36.01978,-86.74213,False,0,0,0,,,,,,,,
101469289,Crashes_2010_2019_MPO,2016-12-06,2016,36.03314,-86.7745,False,0,0,0,,,,,,,,
101469348,Crashes_2010_2019_MPO,2016-12-06,2016,35.99096,-86.75162,True,0,0,0,,,,,,,,
101469307,Crashes_2010_2019_MPO,2016-12-06,2016,36.04078,-86.77959,False,0,0,0,,,,,,,,
101469124,Crashes_2010_2019_MPO,2016-12-06,2016,36.05224,-86.74309,False,0,0,0,,,,,,,,
101469864,Crashes_2010_2019_MPO,2016-12-06,2016,35.98439,-86.72434,True,0,0,0,,,,,,,,
101469117,Crashes_2010_2019_MPO,2016-12-06,2016,35.93846,-86.80985,False,0,0,0,,,,,,,,
101468762,Crashes_2010_2019_MPO,2016-12-06,2016,35.99599,-86.68862,False,0,0,0,,,,,,,,
101469377,Crashes_2010_2019_MPO,2016-12-06,2016,35.94773,-86.81934,False,0,0,0,,,,,,,,
101469035,Crashes_2010_2019_MPO,2016-12-06,2016,35.98303,-86.72453,True,0,0,0,,,,,,,,
101469285,Crashes_2010_2019_MPO,2016-12-06,2016,36.01361,-86.80398,True,0,0,0,,,,,,,,
101469569,Crashes_2010_2019_MPO,2016-12-06,2016,35.93423,-86.81894,False,0,0,0,,,,,,,,
101468806,Crashes_2010_2019_MPO,2016-12-06,2016,35.93986,-86.87951,False,0,0,0,,,,,,,,
101468946,Crashes_2010_2019_MPO,2016-12-06,2016,36.02173,-86.74267,False,0,0,0,,,,,,,,
101469118,Crashes_2010_2019_MPO,2016-12-06,2016,35.93488,-86.77717,False,0,0,0,,,,,,,,
101469097,Crashes_2010_2019_MPO,2016-12-06,2016,36.02505,-86.74243,False,0,0,1,,,,,,,,
101468733,Crashes_2010_2019_MPO,2016-12-06,2016,36.04146,-86.78247,False,0,0,0,,,,,,,,
101468907,Crashes_2010_2019_MPO,2016-12-06,2016,36.0325,-86.7681,False,0,0,0,,,,,,,,
101468765,Crashes_2010_2019_MPO,2016-12-06,2016,35.92571,-86.82406,False,0,0,0,,,,,,,,
101468947,Crashes_2010_2019_MPO,2016-12-06,2016,36.03308,-86.71137,False,0,0,0,,,,,,,,
101468936,Crashes_2010_2019_MPO,2016-12-06,2016,35.94036,-86.83304,False,0,0,0,,,,,,,,
101469395,Crashes_2010_2019_MPO,2016-12-06,2016,36.04542,-86.71266,False,0,0,0,,,,,,,,
101470456,Crashes_2010_2019_MPO,2016-12-06,2016,35.96681,-86.81119,True,0,0,0,,,,,,,,
101469309,Crashes_2010_2019_MPO,2016-12-06,2016,35.93526,-86.81112,False,0,0,0,,,,,,,,
101468734,Crashes_2010_2019_MPO,2016-12-06,2016,36.04057,-86.78259,False,0,0,0,,,,,,,,
101468898,Crashes_2010_2019_MPO,2016-12-06,2016,36.04131,-86.7825,False,0,0,0,,,,,,,,
101469376,Crashes_2010_2019_MPO,2016-12-06,2016,35.9331,-86.86202,False,0,0,0,,,,,,,,
101468799,Crashes_2010_2019_MPO,2016-12-06,2016,36.05209,-86.74311,False,0,0,0,,,,,,,,
101469328,Crashes_2010_2019_MPO,2016-12-06,2016,36.03899,-86.78258,False,0,0,0,,,,,,,,
101470229,Crashes_2010_2019_MPO,2016-12-07,2016,35.95212,-86.81784,False,0,0,0,,,,,,,,
101469823,Crashes_2010_2019_MPO,2016-12-07,2016,35.96534,-86.83861,False,0,0,0,,,,,,,,
101470386,Crashes_2010_2019_MPO,2016-12-07,2016,36.04542,-86.71835,False,0,0,0,,,,,,,,
101470395,Crashes_2010_2019_MPO,2016-12-07,2016,35.96681,-86.81119,True,0,0,0,,,,,,,,
101470165,Crashes_2010_2019_MPO,2016-12-07,2016,36.04552,-86.71165,False,0,0,0,,,,,,,,
101470152,Crashes_2010_2019_MPO,2016-12-07,2016,36.03614,-86.78711,True,0,0,0,,,,,,,,
101469932,Crashes_2010_2019_MPO,2016-12-07,2016,35.936,-86.80966,False,0,0,0,,,,,,,,
101470339,Crashes_2010_2019_MPO,2016-12-07,2016,36.01978,-86.74213,False,0,0,0,,,,,,,,
101470212,Crashes_2010_2019_MPO,2016-12-07,2016,35.9675,-86.81626,True,0,0,0,,,,,,,,
101470462,Crashes_2010_2019_MPO,2016-12-07,2016,36.04402,-86.69345,False,0,0,0,,,,,,,,
101470312,Crashes_2010_2019_MPO,2016-12-07,2016,36.03792,-86.79717,False,0,0,0,,,,,,,,
101470035,Crashes_2010_2019_MPO,2016-12-07,2016,35.96655,-86.80932,True,0,0,0,,,,,,,,
101469825,Crashes_2010_2019_MPO,2016-12-07,2016,36.0409,-86.77938,False,0,0,0,,,,,,,,
101469795,Crashes_2010_2019_MPO,2016-12-07,2016,35.9487,-86.74649,True,0,0,0,,,,,,,,
101470154,Crashes_2010_2019_MPO,2016-12-07,2016,36.04026,-86.8164,False,0,0,0,,,,,,,,
101470335,Crashes_2010_2019_MPO,2016-12-07,2016,36.05323,-86.71489,False,0,0,0,,,,,,,,
101470734,Crashes_2010_2019_MPO,2016-12-07,2016,35.94613,-86.80777,False,0,0,0,,,,,,,,
101470350,Crashes_2010_2019_MPO,2016-12-07,2016,35.94978,-86.81933,False,0,0,0,,,,,,,,
101473323,Crashes_2010_2019_MPO,2016-12-08,2016,36.026,-86.7849,True,0,0,0,,,,,,,,
101471024,Crashes_2010_2019_MPO,2016-12-08,2016,36.03066,-86.78358,True,0,0,1,,,,,,,,
101471220,Crashes_2010_2019_MPO,2016-12-08,2016,35.92641,-86.82447,False,0,0,0,,,,,,,,
101471202,Crashes_2010_2019_MPO,2016-12-08,2016,35.96673,-86.81065,True,0,0,0,,,,,,,,
101470841,Crashes_2010_2019_MPO,2016-12-08,2016,36.02394,-86.81964,True,0,0,0,,,,,,,,
101471267,Crashes_2010_2019_MPO,2016-12-08,2016,36.01217,-86.78511,True,0,0,0,,,,,,,,
101471273,Crashes_2010_2019_MPO,2016-12-08,2016,35.95216,-86.81861,False,0,0,0,,,,,,,,
101470791,Crashes_2010_2019_MPO,2016-12-08,2016,36.04033,-86.67788,False,0,0,0,,,,,,,,
101470891,Crashes_2010_2019_MPO,2016-12-08,2016,35.97963,-86.74775,True,0,0,0,,,,,,,,
101472239,Crashes_2010_2019_MPO,2016-12-08,2016,35.96111,-86.81233,False,0,0,0,,,,,,,,
101471242,Crashes_2010_2019_MPO,2016-12-08,2016,36.01238,-86.70361,False,0,0,0,,,,,,,,
101471271,Crashes_2010_2019_MPO,2016-12-08,2016,36.03899,-86.78258,False,0,0,0,,,,,,,,
101473218,Crashes_2010_2019_MPO,2016-12-08,2016,35.95729,-86.84991,False,0,0,0,,,,,,,,
101471144,Crashes_2010_2019_MPO,2016-12-08,2016,35.9973,-86.69049,False,0,0,0,,,,,,,,
101472310,Crashes_2010_2019_MPO,2016-12-08,2016,35.95586,-86.83147,False,0,0,0,,,,,,,,
101473324,Crashes_2010_2019_MPO,2016-12-08,2016,36.0079,-86.7873,True,0,0,0,,,,,,,,
101471178,Crashes_2010_2019_MPO,2016-12-08,2016,35.92526,-86.82465,False,0,0,0,,,,,,,,
101471685,Crashes_2010_2019_MPO,2016-12-09,2016,35.98935,-86.68184,False,0,0,0,,,,,,,,
101471725,Crashes_2010_2019_MPO,2016-12-09,2016,35.99922,-86.80923,True,0,0,0,,,,,,,,
101472553,Crashes_2010_2019_MPO,2016-12-09,2016,36.04537,-86.71326,False,0,0,0,,,,,,,,
101472307,Crashes_2010_2019_MPO,2016-12-09,2016,35.94685,-86.85217,False,0,0,0,,,,,,,,
101472319,Crashes_2010_2019_MPO,2016-12-09,2016,35.97359,-86.83283,True,0,0,0,,,,,,,,
101472299,Crashes_2010_2019_MPO,2016-12-09,2016,36.03841,-86.713,False,0,0,0,,,,,,,,
101472668,Crashes_2010_2019_MPO,2016-12-09,2016,35.96716,-86.81351,True,0,0,0,,,,,,,,
101473188,Crashes_2010_2019_MPO,2016-12-09,2016,35.9471,-86.812,False,0,0,0,,,,,,,,
101473074,Crashes_2010_2019_MPO,2016-12-10,2016,35.96687,-86.80373,True,0,0,0,,,,,,,,
101472821,Crashes_2010_2019_MPO,2016-12-10,2016,36.04615,-86.73108,False,0,0,0,,,,,,,,
101473457,Crashes_2010_2019_MPO,2016-12-10,2016,36.04575,-86.70865,False,0,0,0,,,,,,,,
101472640,Crashes_2010_2019_MPO,2016-12-10,2016,35.95489,-86.81556,False,0,0,0,,,,,,,,
101473149,Crashes_2010_2019_MPO,2016-12-10,2016,35.93986,-86.87951,False,0,0,0,,,,,,,,
101473543,Crashes_2010_2019_MPO,2016-12-10,2016,35.97334,-86.83305,True,0,0,0,,,,,,,,
101473167,Crashes_2010_2019_MPO,2016-12-10,2016,35.95245,-86.81796,False,0,0,0,,,,,,,,
101473187,Crashes_2010_2019_MPO,2016-12-10,2016,35.96287,-86.81117,False,0,0,0,,,,,,,,
101473717,Crashes_2010_2019_MPO,2016-12-11,2016,36.03998,-86.78245,False,0,0,0,,,,,,,,
101473827,Crashes_2010_2019_MPO,2016-12-11,2016,36.0507,-86.71413,False,0,0,0,,,,,,,,
101474261,Crashes_2010_2019_MPO,2016-12-11,2016,36.02203,-86.73898,False,0,0,0,,,,,,,,
101474125,Crashes_2010_2019_MPO,2016-12-11,2016,35.92649,-86.72303,False,0,0,0,,,,,,,,
101473956,Crashes_2010_2019_MPO,2016-12-11,2016,36.02263,-86.68056,False,0,0,0,,,,,,,,
101473775,Crashes_2010_2019_MPO,2016-12-11,2016,36.05219,-86.75183,False,0,0,0,,,,,,,,
101473795,Crashes_2010_2019_MPO,2016-12-11,2016,36.0454,-86.8538,False,0,0,0,,,,,,,,
101474963,Crashes_2010_2019_MPO,2016-12-12,2016,35.94835,-86.81126,False,0,0,0,,,,,,,,
101474528,Crashes_2010_2019_MPO,2016-12-12,2016,35.96512,-86.72717,True,0,0,0,,,,,,,,
101474409,Crashes_2010_2019_MPO,2016-12-12,2016,36.01472,-86.72616,False,0,0,0,,,,,,,,
101474990,Crashes_2010_2019_MPO,2016-12-12,2016,36.03844,-86.78347,False,0,0,0,,,,,,,,
101474486,Crashes_2010_2019_MPO,2016-12-12,2016,36.03319,-86.7876,True,0,0,0,,,,,,,,
101474615,Crashes_2010_2019_MPO,2016-12-12,2016,35.96356,-86.81343,False,0,0,0,,,,,,,,
101474531,Crashes_2010_2019_MPO,2016-12-12,2016,35.97042,-86.72567,True,0,0,0,,,,,,,,
101475054,Crashes_2010_2019_MPO,2016-12-12,2016,35.97388,-86.80493,True,0,0,0,,,,,,,,
101474533,Crashes_2010_2019_MPO,2016-12-12,2016,36.04025,-86.74496,False,0,0,0,,,,,,,,
101475083,Crashes_2010_2019_MPO,2016-12-12,2016,36.03741,-86.78655,False,0,0,0,,,,,,,,
101474353,Crashes_2010_2019_MPO,2016-12-12,2016,36.01296,-86.78497,True,0,0,0,,,,,,,,
101475291,Crashes_2010_2019_MPO,2016-12-12,2016,35.93159,-86.86314,False,0,0,0,,,,,,,,
101476094,Crashes_2010_2019_MPO,2016-12-13,2016,36.02848,-86.78345,True,0,0,0,,,,,,,,
101476427,Crashes_2010_2019_MPO,2016-12-13,2016,35.96199,-86.81523,False,0,0,0,,,,,,,,
101475578,Crashes_2010_2019_MPO,2016-12-13,2016,35.96599,-86.80461,True,0,0,0,,,,,,,,
101475285,Crashes_2010_2019_MPO,2016-12-13,2016,36.0462,-86.77825,False,0,0,0,,,,,,,,
101475434,Crashes_2010_2019_MPO,2016-12-13,2016,36.01689,-86.78609,True,0,0,0,,,,,,,,
101476305,Crashes_2010_2019_MPO,2016-12-13,2016,35.99704,-86.79309,True,0,0,0,,,,,,,,
101475479,Crashes_2010_2019_MPO,2016-12-13,2016,36.01927,-86.70925,False,0,0,1,,,,,,,,
101475948,Crashes_2010_2019_MPO,2016-12-13,2016,35.94518,-86.80366,False,0,0,0,,,,,,,,
101476613,Crashes_2010_2019_MPO,2016-12-13,2016,36.02844,-86.79142,True,0,0,0,,,,,,,,
101475270,Crashes_2010_2019_MPO,2016-12-13,2016,36.04519,-86.71565,False,0,0,0,,,,,,,,
101475420,Crashes_2010_2019_MPO,2016-12-13,2016,36.0374,-86.78657,False,0,0,0,,,,,,,,
101475648,Crashes_2010_2019_MPO,2016-12-13,2016,36.04079,-86.78271,False,0,0,0,,,,,,,,
101476398,Crashes_2010_2019_MPO,2016-12-13,2016,35.9583,-86.8023,False,0,0,0,,,,,,,,
101475829,Crashes_2010_2019_MPO,2016-12-13,2016,35.94204,-86.82149,False,0,0,0,,,,,,,,
101476043,Crashes_2010_2019_MPO,2016-12-13,2016,35.93215,-86.79441,False,0,0,0,,,,,,,,
101475411,Crashes_2010_2019_MPO,2016-12-13,2016,35.97853,-86.72533,True,0,0,0,,,,,,,,
101475376,Crashes_2010_2019_MPO,2016-12-13,2016,35.95033,-86.76416,True,0,0,0,,,,,,,,
101476108,Crashes_2010_2019_MPO,2016-12-13,2016,36.03754,-86.78654,False,0,0,0,,,,,,,,
101475433,Crashes_2010_2019_MPO,2016-12-13,2016,36.00256,-86.79249,True,0,0,0,,,,,,,,
101475493,Crashes_2010_2019_MPO,2016-12-13,2016,35.96741,-86.81556,True,0,0,0,,,,,,,,
101475468,Crashes_2010_2019_MPO,2016-12-13,2016,35.997,-86.79288,True,0,0,0,,,,,,,,
101476030,Crashes_2010_2019_MPO,2016-12-13,2016,36.02126,-86.78709,True,0,0,0,,,,,,,,
101475357,Crashes_2010_2019_MPO,2016-12-13,2016,35.93468,-86.77747,False,0,0,0,,,,,,,,
101475577,Crashes_2010_2019_MPO,2016-12-13,2016,35.9407,-86.8316,False,0,0,0,,,,,,,,
101476614,Crashes_2010_2019_MPO,2016-12-13,2016,35.97606,-86.7766,True,0,0,0,,,,,,,,
101475679,Crashes_2010_2019_MPO,2016-12-13,2016,35.96173,-86.80183,True,0,0,0,,,,,,,,
101475552,Crashes_2010_2019_MPO,2016-12-13,2016,35.94332,-86.82046,False,0,0,0,,,,,,,,
101476474,Crashes_2010_2019_MPO,2016-12-14,2016,36.04519,-86.71586,False,0,0,0,,,,,,,,
101476550,Crashes_2010_2019_MPO,2016-12-14,2016,36.04479,-86.72487,False,0,0,0,,,,,,,,
101478080,Crashes_2010_2019_MPO,2016-12-14,2016,35.92366,-86.86782,False,0,0,0,,,,,,,,
101480581,Crashes_2010_2019_MPO,2016-12-14,2016,35.96532,-86.70293,False,0,0,0,,,,,,,,
101476663,Crashes_2010_2019_MPO,2016-12-14,2016,36.01512,-86.81435,True,0,0,1,,,,,,,,
101477039,Crashes_2010_2019_MPO,2016-12-14,2016,36.03444,-86.78809,True,0,0,0,,,,,,,,
101478040,Crashes_2010_2019_MPO,2016-12-14,2016,35.95638,-86.81703,False,0,0,0,,,,,,,,
101480602,Crashes_2010_2019_MPO,2016-12-14,2016,35.9912,-86.68349,False,0,0,0,,,,,,,,
101476627,Crashes_2010_2019_MPO,2016-12-14,2016,36.01543,-86.81732,True,0,0,0,,,,,,,,
101477074,Crashes_2010_2019_MPO,2016-12-14,2016,35.95853,-86.80382,False,0,0,0,,,,,,,,
101478095,Crashes_2010_2019_MPO,2016-12-14,2016,35.95533,-86.82659,False,0,0,0,,,,,,,,
101478082,Crashes_2010_2019_MPO,2016-12-14,2016,35.94538,-86.84806,False,0,0,0,,,,,,,,
101476490,Crashes_2010_2019_MPO,2016-12-14,2016,36.02941,-86.78374,True,0,0,0,,,,,,,,
101477042,Crashes_2010_2019_MPO,2016-12-14,2016,36.02362,-86.75702,False,0,0,0,,,,,,,,
101477041,Crashes_2010_2019_MPO,2016-12-14,2016,35.93997,-86.85702,False,0,0,0,,,,,,,,
101477217,Crashes_2010_2019_MPO,2016-12-14,2016,36.02604,-86.69563,False,0,0,0,,,,,,,,
101476644,Crashes_2010_2019_MPO,2016-12-14,2016,35.99636,-86.68915,False,0,0,0,,,,,,,,
101476547,Crashes_2010_2019_MPO,2016-12-14,2016,36.0022,-86.79287,True,0,0,0,,,,,,,,
101476862,Crashes_2010_2019_MPO,2016-12-14,2016,35.92493,-86.86519,False,0,0,0,,,,,,,,
101477056,Crashes_2010_2019_MPO,2016-12-14,2016,36.03937,-86.74342,False,0,0,0,,,,,,,,
101477071,Crashes_2010_2019_MPO,2016-12-14,2016,35.96501,-86.8159,True,0,0,0,,,,,,,,
101477086,Crashes_2010_2019_MPO,2016-12-14,2016,36.04888,-86.74358,False,0,0,0,,,,,,,,
101477191,Crashes_2010_2019_MPO,2016-12-14,2016,35.99548,-86.68787,False,0,0,0,,,,,,,,
101478594,Crashes_2010_2019_MPO,2016-12-15,2016,35.93562,-86.82387,False,0,0,0,,,,,,,,
101478075,Crashes_2010_2019_MPO,2016-12-15,2016,35.96681,-86.81119,True,0,0,0,,,,,,,,
101478119,Crashes_2010_2019_MPO,2016-12-15,2016,36.04408,-86.84533,False,0,0,0,,,,,,,,
101478129,Crashes_2010_2019_MPO,2016-12-15,2016,35.94925,-86.81967,False,0,0,0,,,,,,,,
101478112,Crashes_2010_2019_MPO,2016-12-15,2016,36.00102,-86.79408,True,0,0,0,,,,,,,,
101478083,Crashes_2010_2019_MPO,2016-12-15,2016,35.95044,-86.81868,False,0,0,0,,,,,,,,
101478041,Crashes_2010_2019_MPO,2016-12-15,2016,35.96173,-86.80183,True,0,0,0,,,,,,,,
101478093,Crashes_2010_2019_MPO,2016-12-15,2016,36.03311,-86.78656,True,0,0,0,,,,,,,,
101478032,Crashes_2010_2019_MPO,2016-12-15,2016,36.04625,-86.75263,False,0,0,0,,,,,,,,
101477573,Crashes_2010_2019_MPO,2016-12-15,2016,36.03392,-86.7884,True,0,0,0,,,,,,,,
101477930,Crashes_2010_2019_MPO,2016-12-15,2016,36.04561,-86.71977,False,0,0,0,,,,,,,,
101478316,Crashes_2010_2019_MPO,2016-12-15,2016,35.996,-86.79728,True,0,0,0,,,,,,,,
101477450,Crashes_2010_2019_MPO,2016-12-15,2016,36.01546,-86.78568,True,0,0,0,,,,,,,,
101478034,Crashes_2010_2019_MPO,2016-12-15,2016,36.03318,-86.78282,True,0,0,0,,,,,,,,
101478089,Crashes_2010_2019_MPO,2016-12-15,2016,36.03896,-86.7828,False,0,0,0,,,,,,,,
101478015,Crashes_2010_2019_MPO,2016-12-15,2016,36.04626,-86.75263,False,0,0,0,,,,,,,,
101478147,Crashes_2010_2019_MPO,2016-12-15,2016,36.00442,-86.79057,True,0,0,0,,,,,,,,
101478725,Crashes_2010_2019_MPO,2016-12-16,2016,36.04751,-86.86348,False,0,0,0,,,,,,,,
101479191,Crashes_2010_2019_MPO,2016-12-16,2016,35.99275,-86.7984,True,0,0,0,,,,,,,,
101480135,Crashes_2010_2019_MPO,2016-12-16,2016,35.96257,-86.8197,True,0,0,0,,,,,,,,
101479234,Crashes_2010_2019_MPO,2016-12-16,2016,35.99077,-86.68311,False,0,0,0,,,,,,,,
101479189,Crashes_2010_2019_MPO,2016-12-16,2016,35.95754,-86.84313,False,0,0,0,,,,,,,,
101478802,Crashes_2010_2019_MPO,2016-12-16,2016,35.92641,-86.82447,False,0,0,0,,,,,,,,
101479190,Crashes_2010_2019_MPO,2016-12-16,2016,35.9583,-86.8163,False,0,0,0,,,,,,,,
101479225,Crashes_2010_2019_MPO,2016-12-16,2016,35.96726,-86.8143,True,0,0,0,,,,,,,,
101478491,Crashes_2010_2019_MPO,2016-12-16,2016,35.93768,-86.87618,False,0,0,0,,,,,,,,
101478926,Crashes_2010_2019_MPO,2016-12-16,2016,36.05151,-86.71436,False,0,0,0,,,,,,,,
101478923,Crashes_2010_2019_MPO,2016-12-16,2016,36.03336,-86.78871,True,0,0,0,,,,,,,,
101479475,Crashes_2010_2019_MPO,2016-12-16,2016,36.05494,-86.73,False,0,0,0,,,,,,,,
101480134,Crashes_2010_2019_MPO,2016-12-16,2016,35.95953,-86.82375,False,0,0,0,,,,,,,,
101481259,Crashes_2010_2019_MPO,2016-12-16,2016,35.9823,-86.81472,True,0,0,0,,,,,,,,
101478669,Crashes_2010_2019_MPO,2016-12-16,2016,36.04393,-86.6933,False,0,0,0,,,,,,,,
101478736,Crashes_2010_2019_MPO,2016-12-16,2016,35.94475,-86.82827,False,0,0,0,,,,,,,,
101480140,Crashes_2010_2019_MPO,2016-12-17,2016,35.93498,-86.77644,False,0,0,0,,,,,,,,
101479743,Crashes_2010_2019_MPO,2016-12-17,2016,36.03934,-86.78566,False,0,0,0,,,,,,,,
101480340,Crashes_2010_2019_MPO,2016-12-17,2016,35.92321,-86.87307,False,0,0,0,,,,,,,,
101480139,Crashes_2010_2019_MPO,2016-12-17,2016,35.95833,-86.81581,False,0,0,0,,,,,,,,
101479703,Crashes_2010_2019_MPO,2016-12-17,2016,36.04045,-86.7826,False,0,0,0,,,,,,,,
101479796,Crashes_2010_2019_MPO,2016-12-17,2016,35.96716,-86.81351,True,0,0,0,,,,,,,,
101480182,Crashes_2010_2019_MPO,2016-12-17,2016,35.96529,-86.79705,True,0,0,0,,,,,,,,
101480137,Crashes_2010_2019_MPO,2016-12-17,2016,35.93219,-86.79405,False,0,0,0,,,,,,,,
101480088,Crashes_2010_2019_MPO,2016-12-17,2016,35.96524,-86.80013,True,0,0,0,,,,,,,,
101480413,Crashes_2010_2019_MPO,2016-12-17,2016,36.04566,-86.71023,False,0,1,0,,,,,,,,
101480409,Crashes_2010_2019_MPO,2016-12-17,2016,35.96236,-86.77125,True,0,0,0,,,,,,,,
101480138,Crashes_2010_2019_MPO,2016-12-17,2016,35.93292,-86.86217,False,0,0,0,,,,,,,,
101479869,Crashes_2010_2019_MPO,2016-12-17,2016,36.0243,-86.74239,False,0,0,0,,,,,,,,
101479602,Crashes_2010_2019_MPO,2016-12-17,2016,36.04573,-86.70823,False,0,0,0,,,,,,,,
101479838,Crashes_2010_2019_MPO,2016-12-17,2016,36.04077,-86.78257,False,0,0,1,,,,,,,,
101480187,Crashes_2010_2019_MPO,2016-12-17,2016,35.93944,-86.68139,False,0,0,0,,,,,,,,
101479537,Crashes_2010_2019_MPO,2016-12-17,2016,36.04164,-86.74904,False,0,0,0,,,,,,,,
101479730,Crashes_2010_2019_MPO,2016-12-17,2016,36.04667,-86.67848,False,0,0,0,,,,,,,,
101480322,Crashes_2010_2019_MPO,2016-12-17,2016,36.04066,-86.77173,False,0,0,0,,,,,,,,
101480433,Crashes_2010_2019_MPO,2016-12-17,2016,35.97684,-86.80391,True,0,0,0,,,,,,,,
101481574,Crashes_2010_2019_MPO,2016-12-17,2016,36.01282,-86.83296,True,0,0,0,,,,,,,,
101480265,Crashes_2010_2019_MPO,2016-12-17,2016,35.96681,-86.81119,True,0,0,0,,,,,,,,
101480403,Crashes_2010_2019_MPO,2016-12-17,2016,36.05393,-86.69121,False,0,0,0,,,,,,,,
101480847,Crashes_2010_2019_MPO,2016-12-18,2016,36.03113,-86.75141,False,0,0,0,,,,,,,,
101482540,Crashes_2010_2019_MPO,2016-12-18,2016,35.96171,-86.81392,False,0,0,0,,,,,,,,
101481033,Crashes_2010_2019_MPO,2016-12-18,2016,35.95882,-86.81549,False,0,0,0,,,,,,,,
101480777,Crashes_2010_2019_MPO,2016-12-18,2016,35.95806,-86.76773,True,0,0,0,,,,,,,,
101480976,Crashes_2010_2019_MPO,2016-12-18,2016,36.0311,-86.78353,True,0,0,0,,,,,,,,
101480750,Crashes_2010_2019_MPO,2016-12-18,2016,36.04018,-86.7674,False,0,0,0,,,,,,,,
101481020,Crashes_2010_2019_MPO,2016-12-18,2016,36.04302,-86.69066,False,0,0,0,,,,,,,,
101482234,Crashes_2010_2019_MPO,2016-12-19,2016,35.94813,-86.8625,False,0,0,0,,,,,,,,
101481617,Crashes_2010_2019_MPO,2016-12-19,2016,35.95424,-86.81754,False,0,0,0,,,,,,,,
101481856,Crashes_2010_2019_MPO,2016-12-19,2016,35.94587,-86.82589,False,0,0,0,,,,,,,,
101482007,Crashes_2010_2019_MPO,2016-12-19,2016,36.03899,-86.78258,False,0,0,0,,,,,,,,
101481788,Crashes_2010_2019_MPO,2016-12-19,2016,36.0085,-86.78038,True,0,0,0,,,,,,,,
101484160,Crashes_2010_2019_MPO,2016-12-19,2016,36.01568,-86.786,True,0,0,0,,,,,,,,
101482347,Crashes_2010_2019_MPO,2016-12-19,2016,36.03948,-86.78177,False,0,0,0,,,,,,,,
101481863,Crashes_2010_2019_MPO,2016-12-19,2016,36.04077,-86.77962,False,0,0,0,,,,,,,,
101484366,Crashes_2010_2019_MPO,2016-12-19,2016,35.96544,-86.81409,False,0,0,0,,,,,,,,
101494465,Crashes_2010_2019_MPO,2016-12-19,2016,35.97182,-86.82584,True,0,0,0,,,,,,,,
101481323,Crashes_2010_2019_MPO,2016-12-19,2016,35.94679,-86.85175,False,0,0,0,,,,,,,,
101482024,Crashes_2010_2019_MPO,2016-12-19,2016,36.0374,-86.78657,False,0,0,0,,,,,,,,
101482495,Crashes_2010_2019_MPO,2016-12-19,2016,35.9619,-86.81477,False,0,0,0,,,,,,,,
101481887,Crashes_2010_2019_MPO,2016-12-19,2016,35.96238,-86.80917,False,0,0,0,,,,,,,,
101482656,Crashes_2010_2019_MPO,2016-12-19,2016,35.93423,-86.81894,False,0,0,0,,,,,,,,
101482514,Crashes_2010_2019_MPO,2016-12-19,2016,35.99026,-86.68264,False,0,0,0,,,,,,,,
101481581,Crashes_2010_2019_MPO,2016-12-19,2016,36.03898,-86.78279,False,0,0,0,,,,,,,,
101482001,Crashes_2010_2019_MPO,2016-12-19,2016,35.93869,-86.79671,False,0,0,0,,,,,,,,
101487117,Crashes_2010_2019_MPO,2016-12-19,2016,35.99551,-86.77887,True,0,0,0,,,,,,,,