record_no,source_layer,collision_ts,crash_year,latitude,longitude,in_city,fatalities,non_motorists,truck_involved,serious_injuries,pedestrian,bicycle,crash_type,manner_of_collision,lighting,weather,first_harmful_event
101481427,Crashes_2010_2019_MPO,2016-12-19,2016,36.01485,-86.72788,False,0,0,0,,,,,,,,
101481838,Crashes_2010_2019_MPO,2016-12-19,2016,35.95578,-86.81147,False,0,0,0,,,,,,,,
101481589,Crashes_2010_2019_MPO,2016-12-19,2016,35.96723,-86.8141,True,0,0,0,,,,,,,,
101482619,Crashes_2010_2019_MPO,2016-12-20,2016,35.96094,-86.81373,False,0,0,0,,,,,,,,
101482937,Crashes_2010_2019_MPO,2016-12-20,2016,36.04479,-86.72487,False,0,0,0,,,,,,,,
101482833,Crashes_2010_2019_MPO,2016-12-20,2016,35.99687,-86.68989,False,0,1,0,,,,,,,,
101482527,Crashes_2010_2019_MPO,2016-12-20,2016,36.01843,-86.71293,False,0,0,0,,,,,,,,
101482824,Crashes_2010_2019_MPO,2016-12-20,2016,35.98514,-86.80102,True,0,0,0,,,,,,,,
101484534,Crashes_2010_2019_MPO,2016-12-20,2016,35.93535,-86.82397,False,0,0,0,,,,,,,,
101482735,Crashes_2010_2019_MPO,2016-12-20,2016,36.04063,-86.77987,False,0,0,0,,,,,,,,
101482804,Crashes_2010_2019_MPO,2016-12-20,2016,35.96534,-86.83861,False,0,0,0,,,,,,,,
101484339,Crashes_2010_2019_MPO,2016-12-20,2016,36.02637,-86.78469,True,0,0,0,,,,,,,,
101482883,Crashes_2010_2019_MPO,2016-12-20,2016,35.99954,-86.78901,True,0,0,0,,,,,,,,
101482790,Crashes_2010_2019_MPO,2016-12-20,2016,36.00984,-86.84524,False,0,0,0,,,,,,,,
101483189,Crashes_2010_2019_MPO,2016-12-20,2016,35.9616,-86.77101,True,0,0,0,,,,,,,,
101482817,Crashes_2010_2019_MPO,2016-12-20,2016,35.97443,-86.80473,True,0,0,0,,,,,,,,
101482774,Crashes_2010_2019_MPO,2016-12-20,2016,35.96053,-86.8224,False,0,0,0,,,,,,,,
101482996,Crashes_2010_2019_MPO,2016-12-20,2016,36.0101,-86.8785,False,0,0,0,,,,,,,,
101482844,Crashes_2010_2019_MPO,2016-12-20,2016,36.03852,-86.71729,False,0,0,0,,,,,,,,
101482756,Crashes_2010_2019_MPO,2016-12-20,2016,35.99567,-86.78056,True,0,0,0,,,,,,,,
101482455,Crashes_2010_2019_MPO,2016-12-20,2016,35.93053,-86.82421,False,0,0,0,,,,,,,,
101482830,Crashes_2010_2019_MPO,2016-12-20,2016,36.00124,-86.79385,True,0,0,0,,,,,,,,
101483037,Crashes_2010_2019_MPO,2016-12-20,2016,35.95721,-86.84339,False,0,0,0,,,,,,,,
101482288,Crashes_2010_2019_MPO,2016-12-20,2016,35.94149,-86.85596,False,0,0,0,,,,,,,,
101482955,Crashes_2010_2019_MPO,2016-12-20,2016,36.04026,-86.8164,False,0,0,0,,,,,,,,
101483162,Crashes_2010_2019_MPO,2016-12-21,2016,36.04074,-86.78273,False,0,0,0,,,,,,,,
101483839,Crashes_2010_2019_MPO,2016-12-21,2016,36.03287,-86.77206,False,0,0,0,,,,,,,,
101483163,Crashes_2010_2019_MPO,2016-12-21,2016,36.04074,-86.78273,False,0,0,0,,,,,,,,
101484144,Crashes_2010_2019_MPO,2016-12-21,2016,36.0343,-86.79174,True,0,0,0,,,,,,,,
101483161,Crashes_2010_2019_MPO,2016-12-21,2016,36.04074,-86.78273,False,0,0,0,,,,,,,,
101483553,Crashes_2010_2019_MPO,2016-12-21,2016,35.94688,-86.82171,False,0,0,0,,,,,,,,
101483765,Crashes_2010_2019_MPO,2016-12-21,2016,35.99088,-86.68321,False,0,0,0,,,,,,,,
101483723,Crashes_2010_2019_MPO,2016-12-21,2016,35.96133,-86.80927,False,0,0,0,,,,,,,,
101483546,Crashes_2010_2019_MPO,2016-12-21,2016,35.96603,-86.81389,False,0,0,0,,,,,,,,
101483722,Crashes_2010_2019_MPO,2016-12-21,2016,35.95526,-86.82588,False,0,0,0,,,,,,,,
101484217,Crashes_2010_2019_MPO,2016-12-21,2016,36.03336,-86.78872,True,0,0,0,,,,,,,,
101483704,Crashes_2010_2019_MPO,2016-12-21,2016,35.92639,-86.82422,False,0,0,0,,,,,,,,
101483467,Crashes_2010_2019_MPO,2016-12-21,2016,35.96488,-86.7931,True,0,0,0,,,,,,,,
101483547,Crashes_2010_2019_MPO,2016-12-21,2016,35.95522,-86.81166,False,0,0,0,,,,,,,,
101483791,Crashes_2010_2019_MPO,2016-12-21,2016,35.96723,-86.81412,True,0,0,0,,,,,,,,
101483420,Crashes_2010_2019_MPO,2016-12-21,2016,36.04197,-86.83374,False,0,0,0,,,,,,,,
101488639,Crashes_2010_2019_MPO,2016-12-21,2016,35.96084,-86.81331,False,0,0,0,,,,,,,,
101483849,Crashes_2010_2019_MPO,2016-12-21,2016,35.95899,-86.81594,False,0,0,0,,,,,,,,
101483191,Crashes_2010_2019_MPO,2016-12-21,2016,35.99743,-86.69067,False,0,0,0,,,,,,,,
101484202,Crashes_2010_2019_MPO,2016-12-21,2016,36.02926,-86.79814,True,0,0,0,,,,,,,,
101483799,Crashes_2010_2019_MPO,2016-12-21,2016,35.99892,-86.796,True,0,0,0,,,,,,,,
101483335,Crashes_2010_2019_MPO,2016-12-21,2016,36.00285,-86.80733,True,0,0,0,,,,,,,,
101483816,Crashes_2010_2019_MPO,2016-12-21,2016,35.99211,-86.68434,False,0,0,0,,,,,,,,
101483531,Crashes_2010_2019_MPO,2016-12-21,2016,35.95689,-86.80329,False,0,0,0,,,,,,,,
101483717,Crashes_2010_2019_MPO,2016-12-21,2016,35.94042,-86.8106,False,0,0,0,,,,,,,,
101484233,Crashes_2010_2019_MPO,2016-12-22,2016,35.99287,-86.68504,False,0,0,0,,,,,,,,
101484395,Crashes_2010_2019_MPO,2016-12-22,2016,36.03325,-86.71293,False,0,0,0,,,,,,,,
101484763,Crashes_2010_2019_MPO,2016-12-22,2016,36.04146,-86.82299,False,0,0,0,,,,,,,,
101484722,Crashes_2010_2019_MPO,2016-12-22,2016,35.96325,-86.81068,False,0,0,0,,,,,,,,
101484645,Crashes_2010_2019_MPO,2016-12-22,2016,36.01286,-86.80081,True,0,0,0,,,,,,,,
101548352,Crashes_2010_2019_MPO,2016-12-22,2016,35.95399,-86.7103,True,0,0,0,,,,,,,,
101484103,Crashes_2010_2019_MPO,2016-12-22,2016,35.95198,-86.81788,False,0,0,0,,,,,,,,
101484234,Crashes_2010_2019_MPO,2016-12-22,2016,35.99287,-86.68504,False,0,0,0,,,,,,,,
101485788,Crashes_2010_2019_MPO,2016-12-22,2016,35.97278,-86.83354,False,0,0,0,,,,,,,,
101483991,Crashes_2010_2019_MPO,2016-12-22,2016,36.02623,-86.8643,False,0,0,0,,,,,,,,
101485861,Crashes_2010_2019_MPO,2016-12-22,2016,35.92388,-86.87874,False,0,0,0,,,,,,,,
101484890,Crashes_2010_2019_MPO,2016-12-22,2016,35.96657,-86.67666,False,0,0,0,,,,,,,,
101484595,Crashes_2010_2019_MPO,2016-12-22,2016,36.0382,-86.78391,False,0,0,0,,,,,,,,
101484889,Crashes_2010_2019_MPO,2016-12-22,2016,35.92609,-86.87139,False,0,0,0,,,,,,,,
101484486,Crashes_2010_2019_MPO,2016-12-22,2016,36.03227,-86.7893,True,0,0,0,,,,,,,,
101484609,Crashes_2010_2019_MPO,2016-12-22,2016,36.04899,-86.71628,False,0,0,0,,,,,,,,
101484285,Crashes_2010_2019_MPO,2016-12-22,2016,35.93551,-86.82339,False,0,0,0,,,,,,,,
101484378,Crashes_2010_2019_MPO,2016-12-22,2016,35.96163,-86.81214,False,0,0,0,,,,,,,,
101486041,Crashes_2010_2019_MPO,2016-12-23,2016,35.92641,-86.82447,False,0,1,0,,,,,,,,
101485954,Crashes_2010_2019_MPO,2016-12-23,2016,36.04171,-86.71288,False,0,0,0,,,,,,,,
101485860,Crashes_2010_2019_MPO,2016-12-23,2016,35.96628,-86.81134,False,0,0,0,,,,,,,,
101486615,Crashes_2010_2019_MPO,2016-12-23,2016,35.96716,-86.81351,True,0,0,0,,,,,,,,
101486542,Crashes_2010_2019_MPO,2016-12-23,2016,35.9476,-86.81992,False,0,0,0,,,,,,,,
101488605,Crashes_2010_2019_MPO,2016-12-23,2016,35.95863,-86.81556,False,0,0,0,,,,,,,,
101486017,Crashes_2010_2019_MPO,2016-12-23,2016,36.04659,-86.67821,False,0,0,0,,,,,,,,
101486891,Crashes_2010_2019_MPO,2016-12-23,2016,35.92372,-86.76683,False,0,0,0,,,,,,,,
101486544,Crashes_2010_2019_MPO,2016-12-23,2016,35.94778,-86.81994,False,0,0,0,,,,,,,,
101486543,Crashes_2010_2019_MPO,2016-12-23,2016,35.93555,-86.82425,False,0,0,0,,,,,,,,
101485915,Crashes_2010_2019_MPO,2016-12-23,2016,35.98679,-86.73729,True,0,0,0,,,,,,,,
101486508,Crashes_2010_2019_MPO,2016-12-24,2016,36.04441,-86.78039,False,0,0,0,,,,,,,,
101486595,Crashes_2010_2019_MPO,2016-12-24,2016,36.04206,-86.78232,False,0,0,0,,,,,,,,
101486702,Crashes_2010_2019_MPO,2016-12-24,2016,36.04657,-86.71341,False,0,0,0,,,,,,,,
101486727,Crashes_2010_2019_MPO,2016-12-24,2016,35.94631,-86.8236,False,0,0,0,,,,,,,,
101486589,Crashes_2010_2019_MPO,2016-12-24,2016,35.92738,-86.8687,False,0,0,0,,,,,,,,
101486499,Crashes_2010_2019_MPO,2016-12-24,2016,35.96588,-86.80316,True,0,0,0,,,,,,,,
101486568,Crashes_2010_2019_MPO,2016-12-24,2016,36.02626,-86.79266,True,0,0,0,,,,,,,,
101486715,Crashes_2010_2019_MPO,2016-12-24,2016,36.04201,-86.78234,False,0,0,0,,,,,,,,
101486590,Crashes_2010_2019_MPO,2016-12-24,2016,36.04184,-86.78239,False,0,0,0,,,,,,,,
101486436,Crashes_2010_2019_MPO,2016-12-24,2016,36.04148,-86.78247,False,0,0,0,,,,,,,,
101486458,Crashes_2010_2019_MPO,2016-12-24,2016,36.03915,-86.78277,False,0,0,0,,,,,,,,
101491344,Crashes_2010_2019_MPO,2016-12-24,2016,35.9278,-86.74468,False,0,0,1,,,,,,,,
101486522,Crashes_2010_2019_MPO,2016-12-24,2016,36.04636,-86.67723,False,0,0,0,,,,,,,,
101486545,Crashes_2010_2019_MPO,2016-12-24,2016,35.92957,-86.84187,False,0,0,0,,,,,,,,
101486861,Crashes_2010_2019_MPO,2016-12-25,2016,36.04328,-86.7049,False,0,0,0,,,,,,,,
101486884,Crashes_2010_2019_MPO,2016-12-25,2016,36.04432,-86.78033,False,0,0,0,,,,,,,,
101486955,Crashes_2010_2019_MPO,2016-12-25,2016,36.05172,-86.70977,False,0,0,0,,,,,,,,
101486909,Crashes_2010_2019_MPO,2016-12-25,2016,36.0289,-86.74607,False,0,0,0,,,,,,,,
101487498,Crashes_2010_2019_MPO,2016-12-26,2016,35.95993,-86.81332,False,0,0,0,,,,,,,,
101487435,Crashes_2010_2019_MPO,2016-12-26,2016,35.96539,-86.72696,True,0,0,0,,,,,,,,
101487439,Crashes_2010_2019_MPO,2016-12-26,2016,36.00942,-86.70005,False,0,0,0,,,,,,,,
101488291,Crashes_2010_2019_MPO,2016-12-26,2016,36.00507,-86.79022,True,0,0,0,,,,,,,,
101489298,Crashes_2010_2019_MPO,2016-12-27,2016,35.94536,-86.82768,False,0,0,0,,,,,,,,
101488013,Crashes_2010_2019_MPO,2016-12-27,2016,36.04311,-86.78158,False,0,0,0,,,,,,,,
101488342,Crashes_2010_2019_MPO,2016-12-27,2016,35.96617,-86.81137,False,0,0,0,,,,,,,,
101488798,Crashes_2010_2019_MPO,2016-12-27,2016,36.04732,-86.7135,False,0,0,0,,,,,,,,
101488043,Crashes_2010_2019_MPO,2016-12-27,2016,36.04045,-86.7826,False,0,0,0,,,,,,,,
101488178,Crashes_2010_2019_MPO,2016-12-27,2016,36.05298,-86.69779,False,0,0,0,,,,,,,,
101488609,Crashes_2010_2019_MPO,2016-12-27,2016,36.02722,-86.71278,False,0,0,0,,,,,,,,
101488606,Crashes_2010_2019_MPO,2016-12-27,2016,35.9524,-86.81798,False,0,0,0,,,,,,,,
101488404,Crashes_2010_2019_MPO,2016-12-27,2016,35.94698,-86.82147,False,0,0,0,,,,,,,,
101491436,Crashes_2010_2019_MPO,2016-12-27,2016,35.98666,-86.8005,True,0,0,0,,,,,,,,
101488607,Crashes_2010_2019_MPO,2016-12-27,2016,35.94797,-86.81737,False,0,0,0,,,,,,,,
101488403,Crashes_2010_2019_MPO,2016-12-27,2016,35.95724,-86.81662,False,0,0,0,,,,,,,,
101490441,Crashes_2010_2019_MPO,2016-12-28,2016,35.94778,-86.81994,False,0,0,0,,,,,,,,
101489065,Crashes_2010_2019_MPO,2016-12-28,2016,36.04034,-86.74517,False,0,0,0,,,,,,,,
101489300,Crashes_2010_2019_MPO,2016-12-28,2016,35.93374,-86.81767,False,0,0,0,,,,,,,,
101489587,Crashes_2010_2019_MPO,2016-12-28,2016,35.97892,-86.80342,True,0,0,0,,,,,,,,
101489080,Crashes_2010_2019_MPO,2016-12-28,2016,36.04112,-86.74641,False,0,0,0,,,,,,,,
101489328,Crashes_2010_2019_MPO,2016-12-28,2016,36.03971,-86.76279,False,0,0,0,,,,,,,,
101489611,Crashes_2010_2019_MPO,2016-12-28,2016,35.9264,-86.8244,False,0,0,0,,,,,,,,
101490020,Crashes_2010_2019_MPO,2016-12-28,2016,35.9462,-86.80876,False,0,0,0,,,,,,,,
101489260,Crashes_2010_2019_MPO,2016-12-28,2016,36.04012,-86.78074,False,0,0,0,,,,,,,,
101489161,Crashes_2010_2019_MPO,2016-12-28,2016,36.01001,-86.70197,False,0,0,0,,,,,,,,
101489583,Crashes_2010_2019_MPO,2016-12-28,2016,35.94978,-86.81329,False,0,0,0,,,,,,,,
101489089,Crashes_2010_2019_MPO,2016-12-28,2016,35.96656,-86.80953,True,0,0,0,,,,,,,,
101489492,Crashes_2010_2019_MPO,2016-12-28,2016,36.04242,-86.71281,False,0,0,0,,,,,,,,
101489060,Crashes_2010_2019_MPO,2016-12-28,2016,36.04106,-86.74631,False,0,0,0,,,,,,,,
101489588,Crashes_2010_2019_MPO,2016-12-28,2016,36.00618,-86.78908,True,0,0,0,,,,,,,,
101490491,Crashes_2010_2019_MPO,2016-12-29,2016,35.97729,-86.80399,True,0,0,0,,,,,,,,
101492318,Crashes_2010_2019_MPO,2016-12-29,2016,35.92825,-86.76739,False,0,0,1,,,,,,,,
101490483,Crashes_2010_2019_MPO,2016-12-29,2016,35.96179,-86.81523,False,0,0,0,,,,,,,,
101490489,Crashes_2010_2019_MPO,2016-12-29,2016,35.98554,-86.80113,True,0,0,0,,,,,,,,
101490436,Crashes_2010_2019_MPO,2016-12-29,2016,36.0458,-86.77808,False,0,0,0,,,,,,,,
101489803,Crashes_2010_2019_MPO,2016-12-29,2016,35.98191,-86.69904,True,0,0,0,,,,,,,,
101490457,Crashes_2010_2019_MPO,2016-12-29,2016,35.93756,-86.76809,False,0,0,0,,,,,,,,
101489789,Crashes_2010_2019_MPO,2016-12-29,2016,36.04297,-86.78166,False,0,0,0,,,,,,,,
101491444,Crashes_2010_2019_MPO,2016-12-30,2016,35.98335,-86.80188,True,0,0,0,,,,,,,,
101491507,Crashes_2010_2019_MPO,2016-12-30,2016,35.96679,-86.81108,True,0,0,0,,,,,,,,
101490886,Crashes_2010_2019_MPO,2016-12-30,2016,36.03968,-86.76212,False,0,0,0,,,,,,,,
101491378,Crashes_2010_2019_MPO,2016-12-30,2016,36.04001,-86.74347,False,0,0,0,,,,,,,,
101492313,Crashes_2010_2019_MPO,2016-12-30,2016,35.94654,-86.82374,False,0,0,0,,,,,,,,
101491242,Crashes_2010_2019_MPO,2016-12-30,2016,36.03336,-86.78872,True,0,0,0,,,,,,,,
101491098,Crashes_2010_2019_MPO,2016-12-30,2016,36.01339,-86.80041,True,0,0,0,,,,,,,,
101491013,Crashes_2010_2019_MPO,2016-12-30,2016,36.02844,-86.79142,True,0,0,0,,,,,,,,
101492314,Crashes_2010_2019_MPO,2016-12-30,2016,35.95776,-86.80257,False,0,0,0,,,,,,,,
101492056,Crashes_2010_2019_MPO,2016-12-30,2016,36.04149,-86.71098,False,0,0,0,,,,,,,,
101492316,Crashes_2010_2019_MPO,2016-12-30,2016,35.94275,-86.82045,False,0,0,0,,,,,,,,
101492315,Crashes_2010_2019_MPO,2016-12-30,2016,35.95778,-86.80259,False,0,0,0,,,,,,,,
101492801,Crashes_2010_2019_MPO,2016-12-31,2016,35.92641,-86.82453,False,0,0,0,,,,,,,,
101492517,Crashes_2010_2019_MPO,2016-12-31,2016,36.01387,-86.73832,False,0,0,0,,,,,,,,
101491958,Crashes_2010_2019_MPO,2016-12-31,2016,36.04479,-86.77982,False,0,0,0,,,,,,,,
101493110,Crashes_2010_2019_MPO,2016-12-31,2016,35.96681,-86.81119,True,0,0,0,,,,,,,,
101492499,Crashes_2010_2019_MPO,2016-12-31,2016,36.03969,-86.73917,False,0,0,0,,,,,,,,
101492840,Crashes_2010_2019_MPO,2016-12-31,2016,36.05151,-86.71436,False,0,0,0,,,,,,,,
101492017,Crashes_2010_2019_MPO,2016-12-31,2016,36.04391,-86.78094,False,0,0,0,,,,,,,,
101492724,Crashes_2010_2019_MPO,2017-01-01,2017,36.04533,-86.77876,False,0,0,0,,,,,,,,
101493232,Crashes_2010_2019_MPO,2017-01-01,2017,36.04522,-86.71479,False,0,0,0,,,,,,,,
101493033,Crashes_2010_2019_MPO,2017-01-01,2017,36.04093,-86.78255,False,0,0,0,,,,,,,,
101493088,Crashes_2010_2019_MPO,2017-01-01,2017,36.04136,-86.78249,False,0,0,0,,,,,,,,
101493095,Crashes_2010_2019_MPO,2017-01-01,2017,36.04172,-86.78242,False,0,0,1,,,,,,,,
101493043,Crashes_2010_2019_MPO,2017-01-01,2017,36.03716,-86.78307,False,0,0,0,,,,,,,,
101492891,Crashes_2010_2019_MPO,2017-01-01,2017,35.9958,-86.69099,False,0,0,0,,,,,,,,
101493406,Crashes_2010_2019_MPO,2017-01-01,2017,36.03906,-86.78278,False,0,0,0,,,,,,,,
101493464,Crashes_2010_2019_MPO,2017-01-01,2017,35.94765,-86.81971,False,0,0,0,,,,,,,,
101498690,Crashes_2010_2019_MPO,2017-01-01,2017,35.96988,-86.72475,True,0,0,0,,,,,,,,
101496768,Crashes_2010_2019_MPO,2017-01-01,2017,35.92699,-86.76726,False,0,0,0,,,,,,,,
101492938,Crashes_2010_2019_MPO,2017-01-01,2017,36.04885,-86.77644,False,0,0,0,,,,,,,,
101493864,Crashes_2010_2019_MPO,2017-01-02,2017,36.00004,-86.69297,False,0,0,0,,,,,,,,
101494076,Crashes_2010_2019_MPO,2017-01-02,2017,36.0124,-86.68858,False,0,0,0,,,,,,,,
101493561,Crashes_2010_2019_MPO,2017-01-02,2017,36.03488,-86.69471,False,0,0,0,,,,,,,,
101494034,Crashes_2010_2019_MPO,2017-01-02,2017,35.93986,-86.87951,False,0,0,0,,,,,,,,
101493904,Crashes_2010_2019_MPO,2017-01-02,2017,35.99355,-86.78745,True,0,0,0,,,,,,,,
101494019,Crashes_2010_2019_MPO,2017-01-02,2017,36.04902,-86.77466,False,0,0,0,,,,,,,,
101495401,Crashes_2010_2019_MPO,2017-01-02,2017,35.92684,-86.7343,False,0,0,0,,,,,,,,
101493745,Crashes_2010_2019_MPO,2017-01-02,2017,36.04204,-86.78233,False,0,0,0,,,,,,,,
101498076,Crashes_2010_2019_MPO,2017-01-02,2017,35.98618,-86.80066,True,0,0,0,,,,,,,,
101495195,Crashes_2010_2019_MPO,2017-01-03,2017,36.05196,-86.7145,False,0,0,0,,,,,,,,
101494612,Crashes_2010_2019_MPO,2017-01-03,2017,36.04116,-86.78253,False,0,0,0,,,,,,,,
101495101,Crashes_2010_2019_MPO,2017-01-03,2017,35.99508,-86.69187,False,0,0,0,,,,,,,,
101495169,Crashes_2010_2019_MPO,2017-01-03,2017,36.02603,-86.71297,False,0,0,0,,,,,,,,
101494558,Crashes_2010_2019_MPO,2017-01-03,2017,35.97301,-86.83333,False,0,0,0,,,,,,,,
101495134,Crashes_2010_2019_MPO,2017-01-03,2017,36.03747,-86.79098,False,0,0,0,,,,,,,,
101494761,Crashes_2010_2019_MPO,2017-01-03,2017,36.04098,-86.78265,False,0,0,0,,,,,,,,
101495144,Crashes_2010_2019_MPO,2017-01-03,2017,36.04242,-86.71165,False,0,0,0,,,,,,,,
101495206,Crashes_2010_2019_MPO,2017-01-03,2017,35.95615,-86.83419,False,0,0,0,,,,,,,,
101495910,Crashes_2010_2019_MPO,2017-01-03,2017,36.01372,-86.82426,True,0,0,0,,,,,,,,
101495128,Crashes_2010_2019_MPO,2017-01-03,2017,36.03733,-86.78726,False,0,0,0,,,,,,,,
101494707,Crashes_2010_2019_MPO,2017-01-03,2017,36.04059,-86.77107,False,0,0,0,,,,,,,,
101495591,Crashes_2010_2019_MPO,2017-01-03,2017,35.99744,-86.79677,True,0,0,0,,,,,,,,
101494863,Crashes_2010_2019_MPO,2017-01-03,2017,36.02534,-86.78528,True,0,0,0,,,,,,,,
101495135,Crashes_2010_2019_MPO,2017-01-03,2017,36.03314,-86.77448,False,0,0,0,,,,,,,,
101494607,Crashes_2010_2019_MPO,2017-01-03,2017,36.05089,-86.77449,False,0,0,0,,,,,,,,
101494611,Crashes_2010_2019_MPO,2017-01-03,2017,36.04116,-86.78253,False,0,0,0,,,,,,,,
101495247,Crashes_2010_2019_MPO,2017-01-03,2017,35.98215,-86.80205,True,0,0,0,,,,,,,,
101494610,Crashes_2010_2019_MPO,2017-01-03,2017,36.04116,-86.78253,False,0,0,0,,,,,,,,
101494692,Crashes_2010_2019_MPO,2017-01-03,2017,36.04028,-86.76837,False,0,0,0,,,,,,,,
101495978,Crashes_2010_2019_MPO,2017-01-04,2017,36.03899,-86.78258,False,0,0,0,,,,,,,,
101495809,Crashes_2010_2019_MPO,2017-01-04,2017,36.04768,-86.71354,False,0,0,0,,,,,,,,
101496834,Crashes_2010_2019_MPO,2017-01-04,2017,35.95058,-86.81858,False,0,0,0,,,,,,,,
101495404,Crashes_2010_2019_MPO,2017-01-04,2017,36.02662,-86.68062,False,0,0,0,,,,,,,,
101495614,Crashes_2010_2019_MPO,2017-01-04,2017,36.04392,-86.68808,False,0,0,0,,,,,,,,
101495483,Crashes_2010_2019_MPO,2017-01-04,2017,35.94782,-86.81975,False,0,0,0,,,,,,,,
101496874,Crashes_2010_2019_MPO,2017-01-05,2017,35.92999,-86.86435,False,0,0,0,,,,,,,,
101496688,Crashes_2010_2019_MPO,2017-01-05,2017,35.92577,-86.87297,False,0,0,0,,,,,,,,
101496351,Crashes_2010_2019_MPO,2017-01-05,2017,35.93171,-86.86305,False,0,0,0,,,,,,,,
101496828,Crashes_2010_2019_MPO,2017-01-05,2017,36.05069,-86.87861,False,0,0,0,,,,,,,,
101498223,Crashes_2010_2019_MPO,2017-01-05,2017,36.03334,-86.77776,True,0,0,0,,,,,,,,
101666490,Crashes_2010_2019_MPO,2017-01-05,2017,35.99922,-86.80923,True,0,0,0,,,,,,,,
101496673,Crashes_2010_2019_MPO,2017-01-05,2017,35.99737,-86.79509,True,0,0,0,,,,,,,,
101496860,Crashes_2010_2019_MPO,2017-01-05,2017,35.94707,-86.82123,False,0,0,0,,,,,,,,
101497135,Crashes_2010_2019_MPO,2017-01-05,2017,36.03352,-86.71298,False,0,0,0,,,,,,,,
101496430,Crashes_2010_2019_MPO,2017-01-05,2017,36.01957,-86.78685,True,0,0,0,,,,,,,,
101496434,Crashes_2010_2019_MPO,2017-01-05,2017,36.04543,-86.70361,False,0,0,0,,,,,,,,
101497884,Crashes_2010_2019_MPO,2017-01-06,2017,35.98266,-86.72461,True,0,0,0,,,,,,,,
101497967,Crashes_2010_2019_MPO,2017-01-06,2017,35.96064,-86.73864,True,0,0,0,,,,,,,,
101497375,Crashes_2010_2019_MPO,2017-01-06,2017,36.05461,-86.7562,False,0,0,0,,,,,,,,
101497839,Crashes_2010_2019_MPO,2017-01-06,2017,36.0449,-86.72497,False,0,0,0,,,,,,,,
101497977,Crashes_2010_2019_MPO,2017-01-06,2017,36.03927,-86.72053,False,0,0,0,,,,,,,,
101497221,Crashes_2010_2019_MPO,2017-01-06,2017,35.93314,-86.81502,False,0,0,0,,,,,,,,
101500822,Crashes_2010_2019_MPO,2017-01-06,2017,35.98474,-86.72422,True,0,0,0,,,,,,,,
101500700,Crashes_2010_2019_MPO,2017-01-06,2017,36.01195,-86.68422,False,0,1,0,,,,,,,,
101497771,Crashes_2010_2019_MPO,2017-01-06,2017,36.03902,-86.7838,False,0,0,0,,,,,,,,
101497942,Crashes_2010_2019_MPO,2017-01-06,2017,36.0449,-86.72497,False,0,0,0,,,,,,,,
101497640,Crashes_2010_2019_MPO,2017-01-06,2017,36.04595,-86.72525,False,0,0,0,,,,,,,,
101497844,Crashes_2010_2019_MPO,2017-01-06,2017,35.94477,-86.82853,False,0,0,0,,,,,,,,
101497595,Crashes_2010_2019_MPO,2017-01-06,2017,35.96518,-86.80029,True,0,0,0,,,,,,,,
101499119,Crashes_2010_2019_MPO,2017-01-06,2017,35.98875,-86.7048,True,0,0,0,,,,,,,,
101497913,Crashes_2010_2019_MPO,2017-01-06,2017,36.05423,-86.70371,False,0,0,1,,,,,,,,
101497345,Crashes_2010_2019_MPO,2017-01-06,2017,35.98969,-86.82912,False,0,0,0,,,,,,,,
101498470,Crashes_2010_2019_MPO,2017-01-06,2017,35.9292,-86.6808,False,0,0,0,,,,,,,,
101534227,Crashes_2010_2019_MPO,2017-01-06,2017,35.99421,-86.84787,False,0,0,0,,,,,,,,
101500821,Crashes_2010_2019_MPO,2017-01-06,2017,35.96518,-86.80029,True,0,0,0,,,,,,,,
101497219,Crashes_2010_2019_MPO,2017-01-06,2017,36.03728,-86.79099,False,0,0,0,,,,,,,,
101497575,Crashes_2010_2019_MPO,2017-01-06,2017,35.99126,-86.68216,False,0,0,0,,,,,,,,
101497998,Crashes_2010_2019_MPO,2017-01-06,2017,35.96057,-86.73867,True,0,0,0,,,,,,,,
101500820,Crashes_2010_2019_MPO,2017-01-06,2017,35.95189,-86.74075,True,0,0,0,,,,,,,,
101497730,Crashes_2010_2019_MPO,2017-01-06,2017,35.95051,-86.76622,True,0,0,0,,,,,,,,
101499538,Crashes_2010_2019_MPO,2017-01-06,2017,35.98825,-86.7396,True,0,0,0,,,,,,,,
101497779,Crashes_2010_2019_MPO,2017-01-06,2017,35.98635,-86.73664,True,0,0,0,,,,,,,,
101497227,Crashes_2010_2019_MPO,2017-01-06,2017,36.04242,-86.7505,False,0,0,0,,,,,,,,
101497689,Crashes_2010_2019_MPO,2017-01-06,2017,36.04598,-86.72525,False,0,0,0,,,,,,,,
101497673,Crashes_2010_2019_MPO,2017-01-06,2017,35.93183,-86.8016,False,0,0,1,,,,,,,,
101498020,Crashes_2010_2019_MPO,2017-01-06,2017,36.04819,-86.79056,False,0,0,0,,,,,,,,
101497758,Crashes_2010_2019_MPO,2017-01-06,2017,35.96798,-86.81833,True,0,0,0,,,,,,,,
101498170,Crashes_2010_2019_MPO,2017-01-06,2017,36.04169,-86.71877,False,0,0,0,,,,,,,,
101497688,Crashes_2010_2019_MPO,2017-01-06,2017,36.02945,-86.68219,False,0,0,0,,,,,,,,
101498116,Crashes_2010_2019_MPO,2017-01-06,2017,36.04579,-86.71331,False,0,0,0,,,,,,,,
101498966,Crashes_2010_2019_MPO,2017-01-06,2017,36.00513,-86.69189,False,0,0,0,,,,,,,,
101498795,Crashes_2010_2019_MPO,2017-01-06,2017,35.92899,-86.81445,False,0,0,0,,,,,,,,
101498797,Crashes_2010_2019_MPO,2017-01-06,2017,35.94782,-86.81975,False,0,0,0,,,,,,,,
101497941,Crashes_2010_2019_MPO,2017-01-06,2017,36.03931,-86.72033,False,0,0,0,,,,,,,,
101502635,Crashes_2010_2019_MPO,2017-01-06,2017,35.99127,-86.6819,False,0,0,0,,,,,,,,
101497206,Crashes_2010_2019_MPO,2017-01-06,2017,36.0393,-86.78275,False,0,0,0,,,,,,,,