record_no,source_layer,collision_ts,crash_year,latitude,longitude,in_city,fatalities,non_motorists,truck_involved,serious_injuries,pedestrian,bicycle,crash_type,manner_of_collision,lighting,weather,first_harmful_event
101499828,Crashes_2010_2019_MPO,2017-01-06,2017,35.9939,-86.70046,True,0,0,0,,,,,,,,
101497981,Crashes_2010_2019_MPO,2017-01-06,2017,36.04107,-86.72536,False,0,0,0,,,,,,,,
101497889,Crashes_2010_2019_MPO,2017-01-06,2017,36.03973,-86.71967,False,0,0,0,,,,,,,,
101499971,Crashes_2010_2019_MPO,2017-01-06,2017,35.96518,-86.80029,True,0,0,0,,,,,,,,
101498495,Crashes_2010_2019_MPO,2017-01-06,2017,35.95189,-86.74075,True,0,0,0,,,,,,,,
101498332,Crashes_2010_2019_MPO,2017-01-07,2017,36.01402,-86.72011,False,0,0,0,,,,,,,,
101499894,Crashes_2010_2019_MPO,2017-01-07,2017,36.02606,-86.87904,False,0,0,0,,,,,,,,
101499298,Crashes_2010_2019_MPO,2017-01-07,2017,36.024,-86.7106,False,0,0,0,,,,,,,,
101498689,Crashes_2010_2019_MPO,2017-01-07,2017,36.04571,-86.7883,False,0,0,0,,,,,,,,
101498535,Crashes_2010_2019_MPO,2017-01-07,2017,36.01491,-86.72971,False,0,0,0,,,,,,,,
101498904,Crashes_2010_2019_MPO,2017-01-07,2017,35.96539,-86.81145,False,0,0,0,,,,,,,,
101499590,Crashes_2010_2019_MPO,2017-01-08,2017,35.96432,-86.81415,False,0,0,0,,,,,,,,
101499070,Crashes_2010_2019_MPO,2017-01-08,2017,36.04537,-86.71326,False,0,0,0,,,,,,,,
101499635,Crashes_2010_2019_MPO,2017-01-08,2017,35.94683,-86.85172,False,0,0,0,,,,,,,,
101500456,Crashes_2010_2019_MPO,2017-01-09,2017,36.0473,-86.86274,False,0,0,0,,,,,,,,
101500051,Crashes_2010_2019_MPO,2017-01-09,2017,36.05138,-86.71432,False,0,0,0,,,,,,,,
101500411,Crashes_2010_2019_MPO,2017-01-09,2017,35.9285,-86.82512,False,0,0,0,,,,,,,,
101499892,Crashes_2010_2019_MPO,2017-01-09,2017,36.04561,-86.71977,False,0,0,0,,,,,,,,
101500511,Crashes_2010_2019_MPO,2017-01-09,2017,36.04543,-86.71256,False,0,0,0,,,,,,,,
101500796,Crashes_2010_2019_MPO,2017-01-09,2017,35.98109,-86.77713,True,0,0,1,,,,,,,,
101501102,Crashes_2010_2019_MPO,2017-01-09,2017,36.01286,-86.80081,True,0,0,0,,,,,,,,
101507230,Crashes_2010_2019_MPO,2017-01-09,2017,35.96845,-86.81905,True,0,0,0,,,,,,,,
101499934,Crashes_2010_2019_MPO,2017-01-09,2017,35.93487,-86.82144,False,0,0,0,,,,,,,,
101500566,Crashes_2010_2019_MPO,2017-01-09,2017,35.95246,-86.68674,False,0,0,0,,,,,,,,
101499967,Crashes_2010_2019_MPO,2017-01-09,2017,36.03689,-86.8019,True,0,0,0,,,,,,,,
101500438,Crashes_2010_2019_MPO,2017-01-09,2017,36.04545,-86.71854,False,0,0,0,,,,,,,,
101500567,Crashes_2010_2019_MPO,2017-01-09,2017,35.97169,-86.68472,False,0,0,0,,,,,,,,
101500805,Crashes_2010_2019_MPO,2017-01-09,2017,36.03767,-86.81673,True,0,0,0,,,,,,,,
101500958,Crashes_2010_2019_MPO,2017-01-10,2017,36.05084,-86.77515,False,0,0,0,,,,,,,,
101501378,Crashes_2010_2019_MPO,2017-01-10,2017,36.04097,-86.77923,False,0,0,0,,,,,,,,
101501181,Crashes_2010_2019_MPO,2017-01-10,2017,36.04678,-86.67906,False,0,0,0,,,,,,,,
101501310,Crashes_2010_2019_MPO,2017-01-10,2017,36.04582,-86.71693,False,0,0,0,,,,,,,,
101501313,Crashes_2010_2019_MPO,2017-01-10,2017,35.9751,-86.83122,True,0,0,0,,,,,,,,
101500791,Crashes_2010_2019_MPO,2017-01-10,2017,36.03821,-86.8009,False,0,0,0,,,,,,,,
101500979,Crashes_2010_2019_MPO,2017-01-10,2017,36.04546,-86.71227,False,0,0,0,,,,,,,,
101501332,Crashes_2010_2019_MPO,2017-01-10,2017,35.9355,-86.82398,False,0,0,0,,,,,,,,
101501308,Crashes_2010_2019_MPO,2017-01-10,2017,36.01934,-86.70933,False,0,0,0,,,,,,,,
101501282,Crashes_2010_2019_MPO,2017-01-10,2017,35.94539,-86.80457,False,0,0,0,,,,,,,,
101500795,Crashes_2010_2019_MPO,2017-01-10,2017,36.03319,-86.7876,True,0,0,0,,,,,,,,
101501239,Crashes_2010_2019_MPO,2017-01-10,2017,36.04537,-86.71326,False,0,0,0,,,,,,,,
101500936,Crashes_2010_2019_MPO,2017-01-10,2017,36.0243,-86.74239,False,0,0,0,,,,,,,,
101501291,Crashes_2010_2019_MPO,2017-01-10,2017,35.95707,-86.84351,False,0,0,0,,,,,,,,
101501800,Crashes_2010_2019_MPO,2017-01-11,2017,36.00655,-86.80537,True,0,0,0,,,,,,,,
101501649,Crashes_2010_2019_MPO,2017-01-11,2017,36.04094,-86.77342,False,0,0,0,,,,,,,,
101502165,Crashes_2010_2019_MPO,2017-01-11,2017,36.04573,-86.70912,False,0,0,0,,,,,,,,
101502579,Crashes_2010_2019_MPO,2017-01-11,2017,35.99101,-86.75171,True,0,0,0,,,,,,,,
101502133,Crashes_2010_2019_MPO,2017-01-11,2017,36.01409,-86.7999,True,0,0,0,,,,,,,,
101502168,Crashes_2010_2019_MPO,2017-01-11,2017,36.04575,-86.70888,False,0,0,0,,,,,,,,
101502176,Crashes_2010_2019_MPO,2017-01-11,2017,36.0333,-86.78835,True,0,0,0,,,,,,,,
101505258,Crashes_2010_2019_MPO,2017-01-11,2017,35.96597,-86.8042,True,0,0,0,,,,,,,,
101502324,Crashes_2010_2019_MPO,2017-01-11,2017,35.96125,-86.82145,False,0,0,0,,,,,,,,
101504418,Crashes_2010_2019_MPO,2017-01-11,2017,35.95707,-86.84963,False,0,0,0,,,,,,,,
101501623,Crashes_2010_2019_MPO,2017-01-11,2017,36.01351,-86.80032,True,0,0,0,,,,,,,,
101501971,Crashes_2010_2019_MPO,2017-01-11,2017,36.03478,-86.80391,True,0,0,0,,,,,,,,
101502986,Crashes_2010_2019_MPO,2017-01-12,2017,35.9295,-86.84135,False,0,0,0,,,,,,,,
101502458,Crashes_2010_2019_MPO,2017-01-12,2017,36.00008,-86.74304,True,0,0,0,,,,,,,,
101503030,Crashes_2010_2019_MPO,2017-01-12,2017,36.04231,-86.72652,False,0,0,0,,,,,,,,
101503436,Crashes_2010_2019_MPO,2017-01-12,2017,35.97716,-86.67813,False,0,0,0,,,,,,,,
101503334,Crashes_2010_2019_MPO,2017-01-12,2017,36.00044,-86.69459,False,0,0,0,,,,,,,,
101502477,Crashes_2010_2019_MPO,2017-01-12,2017,35.94884,-86.74493,True,0,0,0,,,,,,,,
101502372,Crashes_2010_2019_MPO,2017-01-12,2017,36.04661,-86.6783,False,0,0,0,,,,,,,,
101503076,Crashes_2010_2019_MPO,2017-01-12,2017,36.04533,-86.7136,False,0,0,0,,,,,,,,
101502565,Crashes_2010_2019_MPO,2017-01-12,2017,36.03836,-86.80296,False,0,0,0,,,,,,,,
101504458,Crashes_2010_2019_MPO,2017-01-12,2017,35.94699,-86.81153,False,0,0,0,,,,,,,,
101503541,Crashes_2010_2019_MPO,2017-01-13,2017,35.95032,-86.76398,True,0,0,0,,,,,,,,
101504374,Crashes_2010_2019_MPO,2017-01-13,2017,36.02381,-86.68862,False,0,0,0,,,,,,,,
101503806,Crashes_2010_2019_MPO,2017-01-13,2017,36.05311,-86.71486,False,0,0,0,,,,,,,,
101504287,Crashes_2010_2019_MPO,2017-01-13,2017,36.03992,-86.78096,False,0,0,0,,,,,,,,
101505228,Crashes_2010_2019_MPO,2017-01-13,2017,36.00268,-86.79268,True,0,0,0,,,,,,,,
101503678,Crashes_2010_2019_MPO,2017-01-13,2017,36.0403,-86.76859,False,0,0,0,,,,,,,,
101503907,Crashes_2010_2019_MPO,2017-01-13,2017,35.92738,-86.82108,False,0,0,0,,,,,,,,
101503700,Crashes_2010_2019_MPO,2017-01-13,2017,35.94795,-86.76656,True,0,0,0,,,,,,,,
101504087,Crashes_2010_2019_MPO,2017-01-13,2017,36.0375,-86.78584,False,0,0,0,,,,,,,,
101504004,Crashes_2010_2019_MPO,2017-01-13,2017,36.04495,-86.78086,False,0,0,0,,,,,,,,
101504132,Crashes_2010_2019_MPO,2017-01-13,2017,36.00219,-86.79319,True,0,0,0,,,,,,,,
101503933,Crashes_2010_2019_MPO,2017-01-13,2017,35.96506,-86.72931,True,0,0,0,,,,,,,,
101503908,Crashes_2010_2019_MPO,2017-01-13,2017,35.92771,-86.82097,False,0,0,0,,,,,,,,
101504130,Crashes_2010_2019_MPO,2017-01-13,2017,36.0514,-86.74324,False,0,0,0,,,,,,,,
101505295,Crashes_2010_2019_MPO,2017-01-14,2017,35.96512,-86.72717,True,0,0,0,,,,,,,,
101505397,Crashes_2010_2019_MPO,2017-01-14,2017,35.96359,-86.81953,True,0,0,0,,,,,,,,
101505829,Crashes_2010_2019_MPO,2017-01-14,2017,35.96133,-86.81226,False,0,0,0,,,,,,,,
101504696,Crashes_2010_2019_MPO,2017-01-14,2017,35.99583,-86.78225,True,0,0,0,,,,,,,,
101505058,Crashes_2010_2019_MPO,2017-01-14,2017,36.04537,-86.71326,False,0,0,0,,,,,,,,
101504746,Crashes_2010_2019_MPO,2017-01-14,2017,35.98111,-86.84624,False,0,0,0,,,,,,,,
101505677,Crashes_2010_2019_MPO,2017-01-15,2017,36.04504,-86.71322,False,0,0,0,,,,,,,,
101505806,Crashes_2010_2019_MPO,2017-01-15,2017,36.01442,-86.72335,False,0,0,0,,,,,,,,
101505427,Crashes_2010_2019_MPO,2017-01-15,2017,36.04143,-86.78247,False,0,0,0,,,,,,,,
101505950,Crashes_2010_2019_MPO,2017-01-15,2017,35.9242,-86.8078,False,0,0,0,,,,,,,,
101506418,Crashes_2010_2019_MPO,2017-01-16,2017,36.03093,-86.78699,True,0,0,0,,,,,,,,
101506947,Crashes_2010_2019_MPO,2017-01-16,2017,35.92308,-86.86741,False,0,0,0,,,,,,,,
101506050,Crashes_2010_2019_MPO,2017-01-16,2017,36.0523,-86.75168,False,0,0,0,,,,,,,,
101506354,Crashes_2010_2019_MPO,2017-01-16,2017,36.03772,-86.79475,False,0,0,0,,,,,,,,
101506728,Crashes_2010_2019_MPO,2017-01-16,2017,36.0076,-86.7424,True,0,0,0,,,,,,,,
101506666,Crashes_2010_2019_MPO,2017-01-16,2017,35.92709,-86.72053,False,0,0,0,,,,,,,,
101506502,Crashes_2010_2019_MPO,2017-01-16,2017,36.03636,-86.8107,True,0,0,0,,,,,,,,
101506539,Crashes_2010_2019_MPO,2017-01-16,2017,35.94556,-86.82775,False,0,0,0,,,,,,,,
101506718,Crashes_2010_2019_MPO,2017-01-16,2017,35.93127,-86.87663,False,0,0,0,,,,,,,,
101506742,Crashes_2010_2019_MPO,2017-01-16,2017,35.998,-86.82883,True,0,0,0,,,,,,,,
101506422,Crashes_2010_2019_MPO,2017-01-16,2017,36.05469,-86.68012,False,0,0,0,,,,,,,,
101506755,Crashes_2010_2019_MPO,2017-01-16,2017,36.01978,-86.74213,False,0,0,0,,,,,,,,
101506967,Crashes_2010_2019_MPO,2017-01-16,2017,36.00002,-86.80879,True,0,0,0,,,,,,,,
101506578,Crashes_2010_2019_MPO,2017-01-16,2017,35.96518,-86.80029,True,0,0,1,,,,,,,,
101506541,Crashes_2010_2019_MPO,2017-01-16,2017,36.04382,-86.71309,False,0,0,0,,,,,,,,
101506473,Crashes_2010_2019_MPO,2017-01-16,2017,35.95939,-86.84168,False,0,0,0,,,,,,,,
101506723,Crashes_2010_2019_MPO,2017-01-16,2017,35.98055,-86.84715,False,0,0,0,,,,,,,,
101507578,Crashes_2010_2019_MPO,2017-01-17,2017,36.0374,-86.78657,False,0,0,0,,,,,,,,
101507378,Crashes_2010_2019_MPO,2017-01-17,2017,35.94306,-86.82063,False,0,0,0,,,,,,,,
101507660,Crashes_2010_2019_MPO,2017-01-17,2017,36.02643,-86.71291,False,0,0,0,,,,,,,,
101506991,Crashes_2010_2019_MPO,2017-01-17,2017,35.96734,-86.80719,True,0,0,0,,,,,,,,
101507733,Crashes_2010_2019_MPO,2017-01-17,2017,35.94586,-86.82579,False,0,0,0,,,,,,,,
101538309,Crashes_2010_2019_MPO,2017-01-17,2017,35.92887,-86.83704,False,0,0,0,,,,,,,,
101508317,Crashes_2010_2019_MPO,2017-01-17,2017,35.98448,-86.80149,True,0,0,0,,,,,,,,
101506985,Crashes_2010_2019_MPO,2017-01-17,2017,36.03821,-86.8009,False,0,0,0,,,,,,,,
101507812,Crashes_2010_2019_MPO,2017-01-17,2017,35.92649,-86.86618,False,0,0,0,,,,,,,,
101507458,Crashes_2010_2019_MPO,2017-01-17,2017,35.99734,-86.79486,True,0,0,0,,,,,,,,
101507065,Crashes_2010_2019_MPO,2017-01-17,2017,36.03116,-86.75183,False,0,0,0,,,,,,,,
101507271,Crashes_2010_2019_MPO,2017-01-17,2017,36.0409,-86.77938,False,0,0,0,,,,,,,,
101507150,Crashes_2010_2019_MPO,2017-01-17,2017,36.0374,-86.78657,False,0,0,0,,,,,,,,
101507264,Crashes_2010_2019_MPO,2017-01-17,2017,35.92957,-86.84187,False,0,0,0,,,,,,,,
101507703,Crashes_2010_2019_MPO,2017-01-17,2017,35.96312,-86.81897,True,0,0,0,,,,,,,,
101508331,Crashes_2010_2019_MPO,2017-01-18,2017,35.93215,-86.79441,False,0,0,0,,,,,,,,
101508585,Crashes_2010_2019_MPO,2017-01-18,2017,35.94675,-86.85178,False,0,0,0,,,,,,,,
101533671,Crashes_2010_2019_MPO,2017-01-18,2017,35.98579,-86.67995,False,0,0,0,,,,,,,,
101507859,Crashes_2010_2019_MPO,2017-01-18,2017,36.03914,-86.71287,False,0,0,0,,,,,,,,
101508432,Crashes_2010_2019_MPO,2017-01-18,2017,36.0409,-86.77938,False,0,0,0,,,,,,,,
101508372,Crashes_2010_2019_MPO,2017-01-18,2017,36.0409,-86.77938,False,0,0,0,,,,,,,,
101529256,Crashes_2010_2019_MPO,2017-01-19,2017,35.94877,-86.81923,False,0,0,0,,,,,,,,
101529000,Crashes_2010_2019_MPO,2017-01-19,2017,36.04004,-86.74402,False,0,0,0,,,,,,,,
101529048,Crashes_2010_2019_MPO,2017-01-19,2017,35.97716,-86.67813,False,0,0,0,,,,,,,,
101529440,Crashes_2010_2019_MPO,2017-01-19,2017,35.95524,-86.84497,False,0,0,0,,,,,,,,
101529524,Crashes_2010_2019_MPO,2017-01-19,2017,36.03587,-86.87244,False,0,0,0,,,,,,,,
101528974,Crashes_2010_2019_MPO,2017-01-19,2017,36.02806,-86.78422,True,0,0,0,,,,,,,,
101529172,Crashes_2010_2019_MPO,2017-01-19,2017,36.04235,-86.83733,False,0,0,0,,,,,,,,
101529070,Crashes_2010_2019_MPO,2017-01-19,2017,35.97651,-86.8273,True,0,0,0,,,,,,,,
101529221,Crashes_2010_2019_MPO,2017-01-19,2017,35.94475,-86.82827,False,0,0,0,,,,,,,,
101528892,Crashes_2010_2019_MPO,2017-01-19,2017,35.96202,-86.81533,False,0,0,0,,,,,,,,
101529439,Crashes_2010_2019_MPO,2017-01-19,2017,35.93292,-86.81185,False,0,0,0,,,,,,,,
101530663,Crashes_2010_2019_MPO,2017-01-19,2017,35.95051,-86.80467,False,0,0,0,,,,,,,,
101529363,Crashes_2010_2019_MPO,2017-01-19,2017,36.04,-86.78087,False,0,0,0,,,,,,,,
101529068,Crashes_2010_2019_MPO,2017-01-19,2017,36.03978,-86.76278,False,0,0,0,,,,,,,,
101529441,Crashes_2010_2019_MPO,2017-01-19,2017,35.95721,-86.84339,False,0,0,0,,,,,,,,
101530626,Crashes_2010_2019_MPO,2017-01-20,2017,35.95276,-86.8126,False,0,0,0,,,,,,,,
101529918,Crashes_2010_2019_MPO,2017-01-20,2017,36.03383,-86.78845,True,0,0,0,,,,,,,,
101530267,Crashes_2010_2019_MPO,2017-01-20,2017,36.0452,-86.7151,False,0,0,0,,,,,,,,
101530614,Crashes_2010_2019_MPO,2017-01-20,2017,35.96978,-86.72443,True,0,0,0,,,,,,,,
101530594,Crashes_2010_2019_MPO,2017-01-20,2017,35.9882,-86.7998,True,0,0,0,,,,,,,,
101529836,Crashes_2010_2019_MPO,2017-01-20,2017,35.94664,-86.80862,False,0,0,0,,,,,,,,
101532282,Crashes_2010_2019_MPO,2017-01-20,2017,35.93551,-86.82336,False,0,0,0,,,,,,,,
101531680,Crashes_2010_2019_MPO,2017-01-20,2017,35.99265,-86.79844,True,0,0,0,,,,,,,,
101529691,Crashes_2010_2019_MPO,2017-01-20,2017,35.93081,-86.84161,False,0,0,0,,,,,,,,
101532304,Crashes_2010_2019_MPO,2017-01-20,2017,35.96136,-86.81224,False,0,0,0,,,,,,,,
101529882,Crashes_2010_2019_MPO,2017-01-20,2017,36.02963,-86.70395,False,0,0,0,,,,,,,,
101529844,Crashes_2010_2019_MPO,2017-01-20,2017,35.96603,-86.82028,True,0,0,0,,,,,,,,
101530426,Crashes_2010_2019_MPO,2017-01-20,2017,36.04522,-86.71479,False,0,0,0,,,,,,,,
101531030,Crashes_2010_2019_MPO,2017-01-21,2017,36.0026,-86.80746,True,0,0,0,,,,,,,,
101531003,Crashes_2010_2019_MPO,2017-01-21,2017,35.96372,-86.81053,False,0,0,0,,,,,,,,
101531243,Crashes_2010_2019_MPO,2017-01-21,2017,36.04706,-86.86176,False,0,0,0,,,,,,,,
101531168,Crashes_2010_2019_MPO,2017-01-21,2017,35.96312,-86.81897,True,0,0,0,,,,,,,,
101531088,Crashes_2010_2019_MPO,2017-01-21,2017,36.00734,-86.78787,True,0,0,0,,,,,,,,
101531240,Crashes_2010_2019_MPO,2017-01-21,2017,36.00106,-86.79403,True,0,0,0,,,,,,,,
101531389,Crashes_2010_2019_MPO,2017-01-21,2017,35.92546,-86.87275,False,0,0,0,,,,,,,,
101530953,Crashes_2010_2019_MPO,2017-01-21,2017,35.9583,-86.8023,False,0,0,0,,,,,,,,
101530869,Crashes_2010_2019_MPO,2017-01-21,2017,35.96716,-86.81351,True,0,0,0,,,,,,,,
101531167,Crashes_2010_2019_MPO,2017-01-21,2017,35.95774,-86.80261,False,0,0,0,,,,,,,,
101531258,Crashes_2010_2019_MPO,2017-01-21,2017,36.04069,-86.77976,False,0,0,0,,,,,,,,
101531046,Crashes_2010_2019_MPO,2017-01-21,2017,35.93037,-86.86406,False,0,0,0,,,,,,,,
101531170,Crashes_2010_2019_MPO,2017-01-21,2017,36.04222,-86.77067,False,0,0,0,,,,,,,,
101531145,Crashes_2010_2019_MPO,2017-01-21,2017,36.02549,-86.71238,False,0,0,0,,,,,,,,
101531610,Crashes_2010_2019_MPO,2017-01-22,2017,36.04079,-86.78257,False,0,0,0,,,,,,,,
101531625,Crashes_2010_2019_MPO,2017-01-22,2017,36.04048,-86.7826,False,0,0,0,,,,,,,,
101531973,Crashes_2010_2019_MPO,2017-01-22,2017,35.93745,-86.83839,False,0,0,0,,,,,,,,
101531485,Crashes_2010_2019_MPO,2017-01-22,2017,35.93423,-86.81894,False,0,0,0,,,,,,,,
101532803,Crashes_2010_2019_MPO,2017-01-23,2017,36.01222,-86.7035,False,0,0,0,,,,,,,,
101533835,Crashes_2010_2019_MPO,2017-01-23,2017,35.93575,-86.81085,False,0,0,0,,,,,,,,
101532317,Crashes_2010_2019_MPO,2017-01-23,2017,35.99642,-86.79713,True,0,0,0,,,,,,,,
101532603,Crashes_2010_2019_MPO,2017-01-23,2017,35.94485,-86.82873,False,0,0,0,,,,,,,,
101533400,Crashes_2010_2019_MPO,2017-01-23,2017,36.01286,-86.80081,True,0,0,0,,,,,,,,
101533100,Crashes_2010_2019_MPO,2017-01-23,2017,35.95209,-86.81805,False,0,0,0,,,,,,,,
101532711,Crashes_2010_2019_MPO,2017-01-23,2017,36.03318,-86.78282,True,0,0,0,,,,,,,,
101532275,Crashes_2010_2019_MPO,2017-01-23,2017,36.02615,-86.78481,True,0,0,0,,,,,,,,
101533114,Crashes_2010_2019_MPO,2017-01-23,2017,35.96492,-86.81553,True,0,0,0,,,,,,,,
101532217,Crashes_2010_2019_MPO,2017-01-23,2017,36.04106,-86.74632,False,0,0,0,,,,,,,,
101532759,Crashes_2010_2019_MPO,2017-01-23,2017,35.95566,-86.81123,False,0,0,0,,,,,,,,
101532795,Crashes_2010_2019_MPO,2017-01-23,2017,36.05258,-86.71469,False,0,0,0,,,,,,,,
101533469,Crashes_2010_2019_MPO,2017-01-24,2017,35.93059,-86.86389,False,0,0,0,,,,,,,,
101533677,Crashes_2010_2019_MPO,2017-01-24,2017,35.997996,-86.799015,True,0,0,0,,,,,,,,
101533681,Crashes_2010_2019_MPO,2017-01-24,2017,36.0126,-86.78515,True,0,0,0,,,,,,,,
101533137,Crashes_2010_2019_MPO,2017-01-24,2017,36.02608,-86.79276,True,0,0,0,,,,,,,,
101533329,Crashes_2010_2019_MPO,2017-01-24,2017,36.04479,-86.72487,False,0,0,0,,,,,,,,
101533138,Crashes_2010_2019_MPO,2017-01-24,2017,36.03381,-86.78847,True,0,0,0,,,,,,,,
101534989,Crashes_2010_2019_MPO,2017-01-24,2017,35.92903,-86.84899,False,0,0,0,,,,,,,,
101533564,Crashes_2010_2019_MPO,2017-01-24,2017,36.04122,-86.77096,False,0,0,0,,,,,,,,
101533493,Crashes_2010_2019_MPO,2017-01-24,2017,36.0484,-86.74363,False,0,0,0,,,,,,,,
101533486,Crashes_2010_2019_MPO,2017-01-24,2017,36.04488,-86.7132,False,0,0,0,,,,,,,,
101533149,Crashes_2010_2019_MPO,2017-01-24,2017,35.97765,-86.77678,True,0,0,0,,,,,,,,
101533260,Crashes_2010_2019_MPO,2017-01-24,2017,35.96677,-86.81092,True,0,0,0,,,,,,,,
101533605,Crashes_2010_2019_MPO,2017-01-24,2017,35.96599,-86.80631,True,0,0,0,,,,,,,,
101533563,Crashes_2010_2019_MPO,2017-01-24,2017,35.92687,-86.73467,False,0,0,0,,,,,,,,
101534061,Crashes_2010_2019_MPO,2017-01-25,2017,36.03551,-86.78748,True,0,0,0,,,,,,,,
101534147,Crashes_2010_2019_MPO,2017-01-25,2017,35.96716,-86.81351,True,0,0,0,,,,,,,,
101533958,Crashes_2010_2019_MPO,2017-01-25,2017,36.02871,-86.87657,False,0,0,0,,,,,,,,
101534516,Crashes_2010_2019_MPO,2017-01-25,2017,36.03478,-86.71318,False,0,0,0,,,,,,,,
101534619,Crashes_2010_2019_MPO,2017-01-25,2017,35.97334,-86.83305,True,0,0,0,,,,,,,,
101534038,Crashes_2010_2019_MPO,2017-01-25,2017,36.05293,-86.77516,False,0,0,0,,,,,,,,
101534138,Crashes_2010_2019_MPO,2017-01-25,2017,35.96655,-86.80932,True,0,0,0,,,,,,,,
101534491,Crashes_2010_2019_MPO,2017-01-25,2017,35.96754,-86.81658,True,0,0,0,,,,,,,,
101533945,Crashes_2010_2019_MPO,2017-01-25,2017,35.93374,-86.81767,False,0,0,0,,,,,,,,
101535378,Crashes_2010_2019_MPO,2017-01-25,2017,35.94213,-86.83035,False,0,0,0,,,,,,,,
101535244,Crashes_2010_2019_MPO,2017-01-26,2017,36.01327,-86.80194,True,0,0,0,,,,,,,,
101535547,Crashes_2010_2019_MPO,2017-01-26,2017,36.03844,-86.71315,False,0,0,0,,,,,,,,
101534804,Crashes_2010_2019_MPO,2017-01-26,2017,36.04507,-86.69828,False,0,0,0,,,,,,,,
101535675,Crashes_2010_2019_MPO,2017-01-26,2017,36.0387,-86.73097,False,0,0,0,,,,,,,,
101534870,Crashes_2010_2019_MPO,2017-01-26,2017,35.99965,-86.79543,True,0,0,0,,,,,,,,
101535410,Crashes_2010_2019_MPO,2017-01-26,2017,36.01784,-86.74145,False,0,0,0,,,,,,,,
101535342,Crashes_2010_2019_MPO,2017-01-26,2017,36.04101,-86.77914,False,0,0,0,,,,,,,,
101535395,Crashes_2010_2019_MPO,2017-01-26,2017,35.95114,-86.80839,False,0,0,0,,,,,,,,
101536586,Crashes_2010_2019_MPO,2017-01-27,2017,36.03794,-86.78434,False,0,0,0,,,,,,,,
101536512,Crashes_2010_2019_MPO,2017-01-27,2017,35.94568,-86.82317,False,0,0,0,,,,,,,,
101536696,Crashes_2010_2019_MPO,2017-01-27,2017,36.0411,-86.82025,False,0,0,0,,,,,,,,
101536575,Crashes_2010_2019_MPO,2017-01-27,2017,36.0417,-86.74862,False,0,0,0,,,,,,,,
101536034,Crashes_2010_2019_MPO,2017-01-27,2017,35.95733,-86.81093,False,0,0,0,,,,,,,,
101536234,Crashes_2010_2019_MPO,2017-01-27,2017,36.01298,-86.80108,True,0,0,0,,,,,,,,
101536424,Crashes_2010_2019_MPO,2017-01-27,2017,35.9583,-86.8023,False,0,0,0,,,,,,,,
101536641,Crashes_2010_2019_MPO,2017-01-27,2017,36.04558,-86.72249,False,0,0,0,,,,,,,,
101535887,Crashes_2010_2019_MPO,2017-01-27,2017,36.02616,-86.71295,False,0,0,0,,,,,,,,
101537601,Crashes_2010_2019_MPO,2017-01-27,2017,35.93191,-86.79441,False,0,0,0,,,,,,,,
101536386,Crashes_2010_2019_MPO,2017-01-27,2017,36.0332,-86.79955,True,0,0,0,,,,,,,,
101537599,Crashes_2010_2019_MPO,2017-01-27,2017,35.94616,-86.80856,False,0,0,0,,,,,,,,
101536781,Crashes_2010_2019_MPO,2017-01-27,2017,36.0473,-86.86274,False,0,0,0,,,,,,,,
101536425,Crashes_2010_2019_MPO,2017-01-27,2017,35.9325,-86.86247,False,0,0,0,,,,,,,,
101537640,Crashes_2010_2019_MPO,2017-01-28,2017,35.92366,-86.86782,False,0,0,0,,,,,,,,
101537605,Crashes_2010_2019_MPO,2017-01-28,2017,35.95899,-86.81594,False,0,0,0,,,,,,,,
101537341,Crashes_2010_2019_MPO,2017-01-28,2017,36.03997,-86.76539,False,0,0,0,,,,,,,,
101537606,Crashes_2010_2019_MPO,2017-01-28,2017,35.94806,-86.81994,False,0,0,0,,,,,,,,
101537915,Crashes_2010_2019_MPO,2017-01-28,2017,36.04813,-86.71359,False,0,0,0,,,,,,,,
101537720,Crashes_2010_2019_MPO,2017-01-28,2017,35.95728,-86.81144,False,0,0,0,,,,,,,,
101537303,Crashes_2010_2019_MPO,2017-01-28,2017,36.03241,-86.78924,True,0,0,0,,,,,,,,
101538310,Crashes_2010_2019_MPO,2017-01-29,2017,35.95051,-86.80467,False,0,0,0,,,,,,,,
101538255,Crashes_2010_2019_MPO,2017-01-29,2017,36.04164,-86.78243,False,0,0,0,,,,,,,,
101538699,Crashes_2010_2019_MPO,2017-01-29,2017,35.96716,-86.81351,True,0,0,0,,,,,,,,
101538169,Crashes_2010_2019_MPO,2017-01-29,2017,36.01232,-86.68797,False,0,0,0,,,,,,,,
101538404,Crashes_2010_2019_MPO,2017-01-29,2017,36.03987,-86.75346,False,0,0,0,,,,,,,,
101538216,Crashes_2010_2019_MPO,2017-01-29,2017,36.0418,-86.7824,False,0,0,0,,,,,,,,
101538727,Crashes_2010_2019_MPO,2017-01-29,2017,36.03345,-86.78133,True,0,0,0,,,,,,,,
101538224,Crashes_2010_2019_MPO,2017-01-29,2017,35.95015,-86.84906,False,0,0,0,,,,,,,,
101538495,Crashes_2010_2019_MPO,2017-01-29,2017,36.0525,-86.71466,False,0,0,0,,,,,,,,
101539323,Crashes_2010_2019_MPO,2017-01-30,2017,36.04655,-86.67806,False,0,0,0,,,,,,,,
101538858,Crashes_2010_2019_MPO,2017-01-30,2017,36.04485,-86.77972,False,0,0,0,,,,,,,,
101543955,Crashes_2010_2019_MPO,2017-01-30,2017,35.94749,-86.8144,False,0,0,0,,,,,,,,
101539615,Crashes_2010_2019_MPO,2017-01-30,2017,35.93656,-86.79453,False,0,0,0,,,,,,,,
101539641,Crashes_2010_2019_MPO,2017-01-30,2017,36.04933,-86.87013,False,0,0,0,,,,,,,,
101538882,Crashes_2010_2019_MPO,2017-01-30,2017,35.99781,-86.79886,True,0,0,0,,,,,,,,
101539470,Crashes_2010_2019_MPO,2017-01-30,2017,35.99389,-86.686,False,0,0,0,,,,,,,,
101538842,Crashes_2010_2019_MPO,2017-01-30,2017,36.01069,-86.68272,False,0,1,0,,,,,,,,