record_no,source_layer,collision_ts,crash_year,latitude,longitude,in_city,fatalities,non_motorists,truck_involved,serious_injuries,pedestrian,bicycle,crash_type,manner_of_collision,lighting,weather,first_harmful_event
101539356,Crashes_2010_2019_MPO,2017-01-30,2017,35.9856,-86.73275,True,0,0,0,,,,,,,,
101539397,Crashes_2010_2019_MPO,2017-01-30,2017,36.04537,-86.71326,False,0,0,0,,,,,,,,
101540483,Crashes_2010_2019_MPO,2017-01-31,2017,36.04304,-86.72397,False,0,0,0,,,,,,,,
101539681,Crashes_2010_2019_MPO,2017-01-31,2017,36.04157,-86.77807,False,0,0,0,,,,,,,,
101540372,Crashes_2010_2019_MPO,2017-01-31,2017,36.04627,-86.85806,False,0,0,0,,,,,,,,
101540168,Crashes_2010_2019_MPO,2017-01-31,2017,35.93599,-86.768,False,0,0,0,,,,,,,,
101540557,Crashes_2010_2019_MPO,2017-01-31,2017,36.05265,-86.67934,False,0,0,0,,,,,,,,
101540433,Crashes_2010_2019_MPO,2017-01-31,2017,35.93196,-86.78955,False,0,0,0,,,,,,,,
101540595,Crashes_2010_2019_MPO,2017-01-31,2017,35.9912,-86.68349,False,0,0,0,,,,,,,,
101540594,Crashes_2010_2019_MPO,2017-01-31,2017,36.03328,-86.7771,False,0,0,0,,,,,,,,
101539728,Crashes_2010_2019_MPO,2017-01-31,2017,36.02339,-86.72337,False,0,1,0,,,,,,,,
101539919,Crashes_2010_2019_MPO,2017-01-31,2017,36.03175,-86.78961,True,0,0,0,,,,,,,,
101540181,Crashes_2010_2019_MPO,2017-01-31,2017,36.0455,-86.70467,False,0,0,0,,,,,,,,
101539825,Crashes_2010_2019_MPO,2017-01-31,2017,36.03974,-86.76326,False,0,0,0,,,,,,,,
101540421,Crashes_2010_2019_MPO,2017-01-31,2017,36.03972,-86.75982,False,0,0,0,,,,,,,,
101540330,Crashes_2010_2019_MPO,2017-01-31,2017,35.96588,-86.80316,True,0,0,0,,,,,,,,
101541479,Crashes_2010_2019_MPO,2017-02-01,2017,36.0473,-86.86274,False,0,0,0,,,,,,,,
101541340,Crashes_2010_2019_MPO,2017-02-01,2017,35.99922,-86.80923,True,0,0,0,,,,,,,,
101541200,Crashes_2010_2019_MPO,2017-02-01,2017,35.97878,-86.75282,True,0,0,0,,,,,,,,
101541056,Crashes_2010_2019_MPO,2017-02-01,2017,35.97739,-86.77677,True,0,0,0,,,,,,,,
101541338,Crashes_2010_2019_MPO,2017-02-01,2017,35.95055,-86.8487,False,0,0,0,,,,,,,,
101541459,Crashes_2010_2019_MPO,2017-02-01,2017,35.97103,-86.72644,True,0,0,0,,,,,,,,
101540851,Crashes_2010_2019_MPO,2017-02-01,2017,36.03364,-86.78321,True,0,0,1,,,,,,,,
101541156,Crashes_2010_2019_MPO,2017-02-01,2017,35.94709,-86.82173,False,0,0,0,,,,,,,,
101540877,Crashes_2010_2019_MPO,2017-02-01,2017,35.92764,-86.8625,False,0,0,0,,,,,,,,
101546081,Crashes_2010_2019_MPO,2017-02-01,2017,35.99458,-86.79801,True,0,0,0,,,,,,,,
101541330,Crashes_2010_2019_MPO,2017-02-01,2017,35.93541,-86.82372,False,0,0,0,,,,,,,,
101542319,Crashes_2010_2019_MPO,2017-02-01,2017,35.92261,-86.80957,False,0,0,0,,,,,,,,
101540878,Crashes_2010_2019_MPO,2017-02-01,2017,35.96018,-86.80968,False,0,0,0,,,,,,,,
101541296,Crashes_2010_2019_MPO,2017-02-01,2017,36.00053,-86.80852,True,0,0,0,,,,,,,,
101541786,Crashes_2010_2019_MPO,2017-02-02,2017,36.04345,-86.74414,False,0,0,0,,,,,,,,
101543262,Crashes_2010_2019_MPO,2017-02-02,2017,35.92957,-86.84187,False,0,0,0,,,,,,,,
101542250,Crashes_2010_2019_MPO,2017-02-02,2017,36.04245,-86.71294,False,0,0,0,,,,,,,,
101541879,Crashes_2010_2019_MPO,2017-02-02,2017,35.94497,-86.87939,False,0,0,0,,,,,,,,
101542008,Crashes_2010_2019_MPO,2017-02-02,2017,36.03551,-86.78748,True,0,0,0,,,,,,,,
101542532,Crashes_2010_2019_MPO,2017-02-02,2017,35.93164,-86.82395,False,0,0,0,,,,,,,,
101543261,Crashes_2010_2019_MPO,2017-02-02,2017,35.9447,-86.80928,False,0,0,0,,,,,,,,
101542798,Crashes_2010_2019_MPO,2017-02-02,2017,35.96721,-86.8139,True,0,0,0,,,,,,,,
101542668,Crashes_2010_2019_MPO,2017-02-03,2017,36.04537,-86.71326,False,0,0,0,,,,,,,,
101543627,Crashes_2010_2019_MPO,2017-02-03,2017,36.03866,-86.74344,False,0,0,0,,,,,,,,
101544591,Crashes_2010_2019_MPO,2017-02-03,2017,35.95052,-86.87063,False,0,0,0,,,,,,,,
101543555,Crashes_2010_2019_MPO,2017-02-03,2017,36.04479,-86.72487,False,0,0,0,,,,,,,,
101543602,Crashes_2010_2019_MPO,2017-02-03,2017,36.04796,-86.86511,False,0,0,0,,,,,,,,
101542795,Crashes_2010_2019_MPO,2017-02-03,2017,35.93735,-86.77132,False,0,0,0,,,,,,,,
101543950,Crashes_2010_2019_MPO,2017-02-03,2017,36.0244,-86.87704,False,0,0,0,,,,,,,,
101543374,Crashes_2010_2019_MPO,2017-02-03,2017,36.05309,-86.71485,False,0,0,0,,,,,,,,
101543601,Crashes_2010_2019_MPO,2017-02-03,2017,35.96491,-86.79342,True,0,0,0,,,,,,,,
101544869,Crashes_2010_2019_MPO,2017-02-04,2017,35.92316,-86.81661,False,0,0,0,,,,,,,,
101544721,Crashes_2010_2019_MPO,2017-02-04,2017,35.96458,-86.8144,False,0,0,0,,,,,,,,
101544188,Crashes_2010_2019_MPO,2017-02-04,2017,36.04197,-86.78349,False,0,0,0,,,,,,,,
101544163,Crashes_2010_2019_MPO,2017-02-04,2017,35.99551,-86.77887,True,0,0,0,,,,,,,,
101545297,Crashes_2010_2019_MPO,2017-02-04,2017,35.99784,-86.79846,True,0,0,0,,,,,,,,
101544115,Crashes_2010_2019_MPO,2017-02-04,2017,35.98326,-86.71737,True,0,0,0,,,,,,,,
101544719,Crashes_2010_2019_MPO,2017-02-04,2017,35.99607,-86.78472,True,0,0,0,,,,,,,,
101545145,Crashes_2010_2019_MPO,2017-02-05,2017,36.0399,-86.74188,False,0,0,0,,,,,,,,
101546982,Crashes_2010_2019_MPO,2017-02-05,2017,35.92652,-86.82564,False,0,0,0,,,,,,,,
101545953,Crashes_2010_2019_MPO,2017-02-05,2017,36.04537,-86.71326,False,0,0,0,,,,,,,,
101547127,Crashes_2010_2019_MPO,2017-02-05,2017,36.02247,-86.7948,True,0,0,0,,,,,,,,
101545269,Crashes_2010_2019_MPO,2017-02-05,2017,35.96588,-86.80316,True,0,1,0,,,,,,,,
101546776,Crashes_2010_2019_MPO,2017-02-06,2017,36.03258,-86.76901,False,0,0,0,,,,,,,,
101546405,Crashes_2010_2019_MPO,2017-02-06,2017,36.03264,-86.76965,False,0,0,0,,,,,,,,
101546123,Crashes_2010_2019_MPO,2017-02-06,2017,36.04537,-86.71326,False,0,0,0,,,,,,,,
101546255,Crashes_2010_2019_MPO,2017-02-06,2017,36.02368,-86.74246,False,0,0,0,,,,,,,,
101545954,Crashes_2010_2019_MPO,2017-02-06,2017,36.04415,-86.78103,False,0,0,0,,,,,,,,
101546186,Crashes_2010_2019_MPO,2017-02-06,2017,36.03983,-86.74095,False,0,0,0,,,,,,,,
101546109,Crashes_2010_2019_MPO,2017-02-06,2017,36.01012,-86.70204,False,0,0,0,,,,,,,,
101546550,Crashes_2010_2019_MPO,2017-02-06,2017,36.03825,-86.78633,False,0,0,0,,,,,,,,
101546477,Crashes_2010_2019_MPO,2017-02-06,2017,36.04243,-86.71316,False,0,0,0,,,,,,,,
101547041,Crashes_2010_2019_MPO,2017-02-07,2017,35.98431,-86.80131,True,0,0,0,,,,,,,,
101547066,Crashes_2010_2019_MPO,2017-02-07,2017,35.9765,-86.82733,True,0,0,0,,,,,,,,
101547983,Crashes_2010_2019_MPO,2017-02-07,2017,35.96518,-86.80029,True,0,0,0,,,,,,,,
101547612,Crashes_2010_2019_MPO,2017-02-07,2017,35.96765,-86.81341,True,0,0,0,,,,,,,,
101547528,Crashes_2010_2019_MPO,2017-02-07,2017,35.99618,-86.69058,False,0,0,0,,,,,,,,
101547051,Crashes_2010_2019_MPO,2017-02-07,2017,36.04032,-86.74514,False,0,0,0,,,,,,,,
101547603,Crashes_2010_2019_MPO,2017-02-07,2017,35.93256,-86.78771,False,0,0,1,,,,,,,,
101547083,Crashes_2010_2019_MPO,2017-02-07,2017,36.04567,-86.7133,False,0,0,0,,,,,,,,
101549811,Crashes_2010_2019_MPO,2017-02-07,2017,35.97508,-86.80451,True,0,0,0,,,,,,,,
101547002,Crashes_2010_2019_MPO,2017-02-07,2017,35.99156,-86.79881,True,0,0,0,,,,,,,,
101546945,Crashes_2010_2019_MPO,2017-02-07,2017,35.93374,-86.81767,False,0,0,0,,,,,,,,
101547022,Crashes_2010_2019_MPO,2017-02-07,2017,36.04545,-86.71236,False,0,0,0,,,,,,,,
101548999,Crashes_2010_2019_MPO,2017-02-07,2017,35.93215,-86.79441,False,0,0,0,,,,,,,,
101549000,Crashes_2010_2019_MPO,2017-02-07,2017,35.93204,-86.79396,False,0,0,0,,,,,,,,
101547415,Crashes_2010_2019_MPO,2017-02-07,2017,36.01353,-86.7044,False,0,0,0,,,,,,,,
101548466,Crashes_2010_2019_MPO,2017-02-08,2017,36.03944,-86.78558,False,0,0,0,,,,,,,,
101548542,Crashes_2010_2019_MPO,2017-02-08,2017,36.03741,-86.7865,False,0,0,0,,,,,,,,
101548462,Crashes_2010_2019_MPO,2017-02-08,2017,35.99781,-86.79886,True,0,0,0,,,,,,,,
101548463,Crashes_2010_2019_MPO,2017-02-08,2017,35.96458,-86.8144,False,0,0,0,,,,,,,,
101548368,Crashes_2010_2019_MPO,2017-02-08,2017,36.04142,-86.86784,True,0,0,0,,,,,,,,
101547858,Crashes_2010_2019_MPO,2017-02-08,2017,36.03649,-86.79084,True,0,0,0,,,,,,,,
101547973,Crashes_2010_2019_MPO,2017-02-08,2017,36.04263,-86.70052,False,0,0,0,,,,,,,,
101550771,Crashes_2010_2019_MPO,2017-02-08,2017,36.02912,-86.78402,True,0,0,0,,,,,,,,
101547832,Crashes_2010_2019_MPO,2017-02-08,2017,36.03326,-86.71151,False,0,0,0,,,,,,,,
101548873,Crashes_2010_2019_MPO,2017-02-08,2017,36.03157,-86.78971,True,0,0,0,,,,,,,,
101549765,Crashes_2010_2019_MPO,2017-02-08,2017,35.96412,-86.69217,False,0,0,0,,,,,,,,
101548440,Crashes_2010_2019_MPO,2017-02-08,2017,35.95524,-86.84497,False,0,0,0,,,,,,,,
101548439,Crashes_2010_2019_MPO,2017-02-08,2017,35.95016,-86.81885,False,0,0,0,,,,,,,,
101549280,Crashes_2010_2019_MPO,2017-02-09,2017,36.03538,-86.78301,False,0,0,0,,,,,,,,
101548960,Crashes_2010_2019_MPO,2017-02-09,2017,36.03765,-86.79357,False,0,0,0,,,,,,,,
101549154,Crashes_2010_2019_MPO,2017-02-09,2017,36.03853,-86.78336,False,0,0,0,,,,,,,,
101549542,Crashes_2010_2019_MPO,2017-02-09,2017,36.02689,-86.70295,False,0,0,0,,,,,,,,
101549315,Crashes_2010_2019_MPO,2017-02-09,2017,35.97666,-86.8266,True,0,0,0,,,,,,,,
101548872,Crashes_2010_2019_MPO,2017-02-09,2017,35.9842,-86.72352,True,0,0,0,,,,,,,,
101548909,Crashes_2010_2019_MPO,2017-02-09,2017,36.04038,-86.74526,False,0,0,0,,,,,,,,
101549374,Crashes_2010_2019_MPO,2017-02-09,2017,36.04084,-86.77347,False,0,0,0,,,,,,,,
101548885,Crashes_2010_2019_MPO,2017-02-09,2017,36.04925,-86.81614,False,0,0,0,,,,,,,,
101549071,Crashes_2010_2019_MPO,2017-02-09,2017,36.0409,-86.77938,False,0,0,0,,,,,,,,
101549271,Crashes_2010_2019_MPO,2017-02-09,2017,35.94483,-86.82868,False,0,0,0,,,,,,,,
101548906,Crashes_2010_2019_MPO,2017-02-09,2017,36.03489,-86.78783,True,0,0,0,,,,,,,,
101548871,Crashes_2010_2019_MPO,2017-02-09,2017,35.98624,-86.73639,True,0,0,0,,,,,,,,
101549269,Crashes_2010_2019_MPO,2017-02-09,2017,35.9462,-86.80876,False,0,0,0,,,,,,,,
101549784,Crashes_2010_2019_MPO,2017-02-10,2017,35.93136,-86.82408,False,0,0,0,,,,,,,,
101550773,Crashes_2010_2019_MPO,2017-02-10,2017,36.01377,-86.80013,True,0,0,0,,,,,,,,
101553044,Crashes_2010_2019_MPO,2017-02-10,2017,35.97643,-86.80405,True,0,0,0,,,,,,,,
101564317,Crashes_2010_2019_MPO,2017-02-10,2017,35.97137,-86.8058,True,0,0,0,,,,,,,,
101550024,Crashes_2010_2019_MPO,2017-02-10,2017,35.9857,-86.8011,True,0,0,0,,,,,,,,
101550514,Crashes_2010_2019_MPO,2017-02-10,2017,36.04792,-86.86495,False,0,0,0,,,,,,,,
101552979,Crashes_2010_2019_MPO,2017-02-10,2017,36.03167,-86.77781,True,0,0,0,,,,,,,,
101551211,Crashes_2010_2019_MPO,2017-02-10,2017,35.92254,-86.87194,False,0,0,0,,,,,,,,
101550206,Crashes_2010_2019_MPO,2017-02-10,2017,35.97776,-86.80359,True,0,0,0,,,,,,,,
101550704,Crashes_2010_2019_MPO,2017-02-10,2017,36.01467,-86.72558,False,0,0,0,,,,,,,,
101549858,Crashes_2010_2019_MPO,2017-02-10,2017,36.04774,-86.86431,False,0,0,0,,,,,,,,
101550674,Crashes_2010_2019_MPO,2017-02-10,2017,36.03948,-86.78177,False,0,0,0,,,,,,,,
101549875,Crashes_2010_2019_MPO,2017-02-10,2017,36.05361,-86.77516,False,0,0,0,,,,,,,,
101550308,Crashes_2010_2019_MPO,2017-02-10,2017,35.9407,-86.83934,False,0,0,0,,,,,,,,
101551114,Crashes_2010_2019_MPO,2017-02-11,2017,36.0395,-86.73766,False,0,0,0,,,,,,,,
101551787,Crashes_2010_2019_MPO,2017-02-11,2017,35.96474,-86.81508,True,0,0,0,,,,,,,,
101551655,Crashes_2010_2019_MPO,2017-02-11,2017,35.96599,-86.81141,False,0,0,0,,,,,,,,
101551640,Crashes_2010_2019_MPO,2017-02-11,2017,36.04593,-86.71333,False,0,0,0,,,,,,,,
101551916,Crashes_2010_2019_MPO,2017-02-11,2017,36.04586,-86.71332,False,0,0,0,,,,,,,,
101551405,Crashes_2010_2019_MPO,2017-02-11,2017,36.04042,-86.74533,False,0,0,0,,,,,,,,
101551855,Crashes_2010_2019_MPO,2017-02-11,2017,36.03969,-86.73917,False,0,0,0,,,,,,,,
101611133,Crashes_2010_2019_MPO,2017-02-11,2017,36.04827,-86.71367,False,0,0,0,,,,,,,,
101551796,Crashes_2010_2019_MPO,2017-02-11,2017,35.96716,-86.81351,True,0,0,0,,,,,,,,
101552606,Crashes_2010_2019_MPO,2017-02-12,2017,35.93446,-86.81991,False,0,0,0,,,,,,,,
101552811,Crashes_2010_2019_MPO,2017-02-12,2017,35.92635,-86.83719,False,0,0,0,,,,,,,,
101552769,Crashes_2010_2019_MPO,2017-02-12,2017,36.0457,-86.72079,False,0,0,0,,,,,,,,
101552597,Crashes_2010_2019_MPO,2017-02-12,2017,36.03318,-86.78282,True,0,0,0,,,,,,,,
101552608,Crashes_2010_2019_MPO,2017-02-12,2017,35.98432,-86.72402,True,0,0,0,,,,,,,,
101552607,Crashes_2010_2019_MPO,2017-02-12,2017,36.00336,-86.73682,True,0,0,0,,,,,,,,
101552337,Crashes_2010_2019_MPO,2017-02-12,2017,36.04321,-86.78133,False,0,0,0,,,,,,,,
101566507,Crashes_2010_2019_MPO,2017-02-13,2017,35.9927,-86.84799,False,0,0,0,,,,,,,,
101554285,Crashes_2010_2019_MPO,2017-02-13,2017,35.92826,-86.82454,False,0,0,0,,,,,,,,
101553052,Crashes_2010_2019_MPO,2017-02-13,2017,36.04001,-86.74347,False,0,0,0,,,,,,,,
101553478,Crashes_2010_2019_MPO,2017-02-13,2017,36.04035,-86.75659,False,0,0,0,,,,,,,,
101553391,Crashes_2010_2019_MPO,2017-02-13,2017,36.04231,-86.71272,False,0,0,0,,,,,,,,
101553057,Crashes_2010_2019_MPO,2017-02-13,2017,35.93306,-86.81126,False,0,0,0,,,,,,,,
101553711,Crashes_2010_2019_MPO,2017-02-13,2017,35.93446,-86.81991,False,0,0,0,,,,,,,,
101553666,Crashes_2010_2019_MPO,2017-02-13,2017,36.05147,-86.70303,False,0,0,0,,,,,,,,
101555699,Crashes_2010_2019_MPO,2017-02-13,2017,35.99781,-86.79886,True,0,0,0,,,,,,,,
101553217,Crashes_2010_2019_MPO,2017-02-13,2017,35.99922,-86.80923,True,0,0,0,,,,,,,,
101553756,Crashes_2010_2019_MPO,2017-02-13,2017,35.9595,-86.81299,False,0,0,0,,,,,,,,
101553498,Crashes_2010_2019_MPO,2017-02-13,2017,36.03227,-86.78851,True,0,0,0,,,,,,,,
101554574,Crashes_2010_2019_MPO,2017-02-13,2017,35.94687,-86.85168,False,0,0,0,,,,,,,,
101554284,Crashes_2010_2019_MPO,2017-02-13,2017,35.92498,-86.86879,False,0,0,0,,,,,,,,
101553606,Crashes_2010_2019_MPO,2017-02-13,2017,36.04476,-86.7811,False,0,0,0,,,,,,,,
101555245,Crashes_2010_2019_MPO,2017-02-14,2017,36.03403,-86.78833,True,0,0,0,,,,,,,,
101554740,Crashes_2010_2019_MPO,2017-02-14,2017,35.94274,-86.80983,False,0,0,0,,,,,,,,
101555246,Crashes_2010_2019_MPO,2017-02-14,2017,35.9729,-86.7753,True,0,0,0,,,,,,,,
101562913,Crashes_2010_2019_MPO,2017-02-14,2017,36.01419,-86.80777,True,0,0,0,,,,,,,,
101554481,Crashes_2010_2019_MPO,2017-02-14,2017,36.04252,-86.82694,False,0,0,0,,,,,,,,
101555613,Crashes_2010_2019_MPO,2017-02-14,2017,36.03233,-86.78337,True,0,0,0,,,,,,,,
101560389,Crashes_2010_2019_MPO,2017-02-14,2017,36.03532,-86.78302,False,0,0,0,,,,,,,,
101554271,Crashes_2010_2019_MPO,2017-02-14,2017,36.04684,-86.71344,False,0,0,0,,,,,,,,
101554385,Crashes_2010_2019_MPO,2017-02-14,2017,36.0522,-86.74309,False,0,0,0,,,,,,,,
101554428,Crashes_2010_2019_MPO,2017-02-14,2017,35.96698,-86.81356,True,0,0,0,,,,,,,,
101554777,Crashes_2010_2019_MPO,2017-02-14,2017,36.04017,-86.78264,False,0,0,0,,,,,,,,
101554300,Crashes_2010_2019_MPO,2017-02-14,2017,36.03739,-86.78671,False,0,0,0,,,,,,,,
101555486,Crashes_2010_2019_MPO,2017-02-14,2017,35.94778,-86.81994,False,0,0,0,,,,,,,,
101554552,Crashes_2010_2019_MPO,2017-02-14,2017,36.03364,-86.78321,True,0,0,0,,,,,,,,
101553866,Crashes_2010_2019_MPO,2017-02-14,2017,36.04028,-86.76837,False,0,0,0,,,,,,,,
101555614,Crashes_2010_2019_MPO,2017-02-15,2017,35.99539,-86.77771,True,0,0,0,,,,,,,,
101555658,Crashes_2010_2019_MPO,2017-02-15,2017,36.04439,-86.71314,False,0,0,0,,,,,,,,
101555462,Crashes_2010_2019_MPO,2017-02-15,2017,35.99551,-86.77887,True,0,0,0,,,,,,,,
101555440,Crashes_2010_2019_MPO,2017-02-15,2017,35.93061,-86.86388,False,0,0,0,,,,,,,,
101554742,Crashes_2010_2019_MPO,2017-02-15,2017,35.95724,-86.81662,False,0,0,0,,,,,,,,
101554944,Crashes_2010_2019_MPO,2017-02-15,2017,35.97007,-86.80625,True,0,0,0,,,,,,,,
101556280,Crashes_2010_2019_MPO,2017-02-16,2017,36.02338,-86.69078,False,0,0,0,,,,,,,,
101556029,Crashes_2010_2019_MPO,2017-02-16,2017,35.96681,-86.81119,True,0,0,0,,,,,,,,
101560400,Crashes_2010_2019_MPO,2017-02-16,2017,35.94685,-86.81092,False,0,0,0,,,,,,,,
101556624,Crashes_2010_2019_MPO,2017-02-16,2017,36.02383,-86.7206,False,0,0,0,,,,,,,,
101557736,Crashes_2010_2019_MPO,2017-02-16,2017,35.92321,-86.87307,False,0,0,0,,,,,,,,
101557959,Crashes_2010_2019_MPO,2017-02-16,2017,35.94957,-86.81827,False,0,0,0,,,,,,,,
101559858,Crashes_2010_2019_MPO,2017-02-16,2017,35.98576,-86.67993,False,0,0,0,,,,,,,,
101560592,Crashes_2010_2019_MPO,2017-02-16,2017,35.95565,-86.69388,False,0,0,0,,,,,,,,
101555978,Crashes_2010_2019_MPO,2017-02-16,2017,36.04003,-86.74385,False,0,0,0,,,,,,,,
101556740,Crashes_2010_2019_MPO,2017-02-16,2017,36.04393,-86.6933,False,0,0,0,,,,,,,,
101556073,Crashes_2010_2019_MPO,2017-02-16,2017,36.04245,-86.71294,False,0,0,0,,,,,,,,
101557092,Crashes_2010_2019_MPO,2017-02-17,2017,35.99781,-86.79886,True,0,0,0,,,,,,,,
101557023,Crashes_2010_2019_MPO,2017-02-17,2017,36.03737,-86.78692,False,0,0,0,,,,,,,,
101556866,Crashes_2010_2019_MPO,2017-02-17,2017,36.04179,-86.74391,False,0,0,0,,,,,,,,
101557896,Crashes_2010_2019_MPO,2017-02-17,2017,35.97313,-86.83067,True,0,0,0,,,,,,,,
101556928,Crashes_2010_2019_MPO,2017-02-17,2017,35.9583,-86.8023,False,0,0,0,,,,,,,,
101556790,Crashes_2010_2019_MPO,2017-02-17,2017,35.95689,-86.80329,False,0,0,0,,,,,,,,
101556976,Crashes_2010_2019_MPO,2017-02-17,2017,36.03246,-86.71279,False,0,0,0,,,,,,,,
101556901,Crashes_2010_2019_MPO,2017-02-17,2017,36.04543,-86.70361,False,0,0,0,,,,,,,,
101557871,Crashes_2010_2019_MPO,2017-02-17,2017,35.99561,-86.77995,True,0,0,0,,,,,,,,
101557961,Crashes_2010_2019_MPO,2017-02-17,2017,35.95311,-86.8179,False,0,0,0,,,,,,,,
101557147,Crashes_2010_2019_MPO,2017-02-17,2017,36.03488,-86.80405,True,0,0,0,,,,,,,,
101557956,Crashes_2010_2019_MPO,2017-02-17,2017,36.030455,-86.790343,True,0,0,0,,,,,,,,
101558123,Crashes_2010_2019_MPO,2017-02-17,2017,35.99791,-86.79972,True,0,0,0,,,,,,,,
101557960,Crashes_2010_2019_MPO,2017-02-17,2017,35.94932,-86.81962,False,0,0,0,,,,,,,,
101557957,Crashes_2010_2019_MPO,2017-02-17,2017,35.95395,-86.81484,False,0,0,0,,,,,,,,
101557810,Crashes_2010_2019_MPO,2017-02-17,2017,35.96461,-86.79024,True,0,0,0,,,,,,,,
101557040,Crashes_2010_2019_MPO,2017-02-17,2017,35.99734,-86.79486,True,0,0,0,,,,,,,,
101558119,Crashes_2010_2019_MPO,2017-02-17,2017,35.94804,-86.86368,False,0,0,0,,,,,,,,
101561874,Crashes_2010_2019_MPO,2017-02-18,2017,35.95797,-86.81485,False,0,0,0,,,,,,,,
101559035,Crashes_2010_2019_MPO,2017-02-18,2017,35.95176,-86.81815,False,0,0,0,,,,,,,,
101560232,Crashes_2010_2019_MPO,2017-02-18,2017,35.96716,-86.81351,True,0,0,0,,,,,,,,
101558516,Crashes_2010_2019_MPO,2017-02-18,2017,36.04263,-86.82732,False,0,0,0,,,,,,,,
101558455,Crashes_2010_2019_MPO,2017-02-18,2017,36.04922,-86.81614,False,0,0,0,,,,,,,,
101558463,Crashes_2010_2019_MPO,2017-02-18,2017,36.04173,-86.78242,False,0,0,0,,,,,,,,
101558759,Crashes_2010_2019_MPO,2017-02-18,2017,35.95241,-86.81996,False,0,0,0,,,,,,,,
101559006,Crashes_2010_2019_MPO,2017-02-18,2017,35.92835,-86.76579,False,0,0,0,,,,,,,,
101558406,Crashes_2010_2019_MPO,2017-02-18,2017,36.03354,-86.78119,True,0,0,0,,,,,,,,
101558581,Crashes_2010_2019_MPO,2017-02-18,2017,35.98027,-86.82257,True,0,0,0,,,,,,,,
101558841,Crashes_2010_2019_MPO,2017-02-18,2017,35.94722,-86.82422,False,0,0,0,,,,,,,,
101558842,Crashes_2010_2019_MPO,2017-02-18,2017,35.93522,-86.82378,False,0,0,0,,,,,,,,
101558914,Crashes_2010_2019_MPO,2017-02-18,2017,36.05056,-86.86,False,0,0,0,,,,,,,,
101559406,Crashes_2010_2019_MPO,2017-02-19,2017,35.96435,-86.80823,False,0,0,0,,,,,,,,
101559469,Crashes_2010_2019_MPO,2017-02-19,2017,36.04569,-86.70979,False,0,0,0,,,,,,,,
101560016,Crashes_2010_2019_MPO,2017-02-19,2017,36.03681,-86.7133,False,0,0,0,,,,,,,,
101560171,Crashes_2010_2019_MPO,2017-02-19,2017,36.01133,-86.76641,True,0,0,0,,,,,,,,
101559537,Crashes_2010_2019_MPO,2017-02-19,2017,35.93537,-86.82356,False,0,0,0,,,,,,,,
101559997,Crashes_2010_2019_MPO,2017-02-19,2017,36.03735,-86.78711,False,0,0,0,,,,,,,,
101559755,Crashes_2010_2019_MPO,2017-02-19,2017,36.0473,-86.86274,False,0,0,0,,,,,,,,
101561658,Crashes_2010_2019_MPO,2017-02-19,2017,35.95898,-86.81085,False,0,0,0,,,,,,,,
101559970,Crashes_2010_2019_MPO,2017-02-19,2017,36.04643,-86.71339,False,0,0,0,,,,,,,,
101560941,Crashes_2010_2019_MPO,2017-02-20,2017,35.96259,-86.82533,True,0,0,0,,,,,,,,
101560519,Crashes_2010_2019_MPO,2017-02-20,2017,35.94882,-86.81964,False,0,0,0,,,,,,,,
101561240,Crashes_2010_2019_MPO,2017-02-20,2017,36.04001,-86.74347,False,0,0,0,,,,,,,,
101561146,Crashes_2010_2019_MPO,2017-02-20,2017,35.93423,-86.81894,False,0,0,0,,,,,,,,
101560962,Crashes_2010_2019_MPO,2017-02-20,2017,35.92685,-86.72185,False,0,0,0,,,,,,,,
101560831,Crashes_2010_2019_MPO,2017-02-20,2017,35.96117,-86.81231,False,0,0,0,,,,,,,,
101561227,Crashes_2010_2019_MPO,2017-02-20,2017,35.9885,-86.68132,False,0,0,0,,,,,,,,
101562067,Crashes_2010_2019_MPO,2017-02-21,2017,35.93562,-86.82387,False,0,0,0,,,,,,,,
101561752,Crashes_2010_2019_MPO,2017-02-21,2017,36.04482,-86.71319,False,0,0,0,,,,,,,,
101562418,Crashes_2010_2019_MPO,2017-02-21,2017,35.92986,-86.76753,False,0,0,0,,,,,,,,
101561418,Crashes_2010_2019_MPO,2017-02-21,2017,36.0399,-86.74188,False,0,0,0,,,,,,,,
101562091,Crashes_2010_2019_MPO,2017-02-21,2017,36.03979,-86.74045,False,0,0,0,,,,,,,,
101561767,Crashes_2010_2019_MPO,2017-02-21,2017,36.04797,-86.71357,False,0,0,0,,,,,,,,
101561437,Crashes_2010_2019_MPO,2017-02-21,2017,35.9951,-86.77444,True,0,0,0,,,,,,,,
101561956,Crashes_2010_2019_MPO,2017-02-21,2017,35.9491,-86.81953,False,0,0,0,,,,,,,,
101562249,Crashes_2010_2019_MPO,2017-02-21,2017,35.96192,-86.81485,False,0,0,0,,,,,,,,
101561824,Crashes_2010_2019_MPO,2017-02-21,2017,36.04133,-86.74677,False,0,0,0,,,,,,,,
101563178,Crashes_2010_2019_MPO,2017-02-22,2017,35.94675,-86.85178,False,0,0,0,,,,,,,,
101562344,Crashes_2010_2019_MPO,2017-02-22,2017,36.04489,-86.70173,False,0,0,0,,,,,,,,
101562414,Crashes_2010_2019_MPO,2017-02-22,2017,36.0472,-86.77637,False,0,0,0,,,,,,,,
101562705,Crashes_2010_2019_MPO,2017-02-22,2017,35.92884,-86.82057,False,0,0,0,,,,,,,,
101563119,Crashes_2010_2019_MPO,2017-02-22,2017,36.03743,-86.78634,False,0,0,0,,,,,,,,
101562304,Crashes_2010_2019_MPO,2017-02-22,2017,36.04181,-86.78239,False,0,0,0,,,,,,,,
101562634,Crashes_2010_2019_MPO,2017-02-22,2017,35.92657,-86.86993,False,0,0,0,,,,,,,,
101562300,Crashes_2010_2019_MPO,2017-02-22,2017,35.96744,-86.81345,True,0,0,0,,,,,,,,
101563027,Crashes_2010_2019_MPO,2017-02-22,2017,35.94706,-86.81181,False,0,0,0,,,,,,,,