record_no,source_layer,collision_ts,crash_year,latitude,longitude,in_city,fatalities,non_motorists,truck_involved,serious_injuries,pedestrian,bicycle,crash_type,manner_of_collision,lighting,weather,first_harmful_event
101562352,Crashes_2010_2019_MPO,2017-02-22,2017,36.02231,-86.82031,True,0,0,0,,,,,,,,
101562914,Crashes_2010_2019_MPO,2017-02-22,2017,36.03702,-86.79778,True,0,0,0,,,,,,,,
101562272,Crashes_2010_2019_MPO,2017-02-22,2017,36.04172,-86.78242,False,0,0,0,,,,,,,,
101562459,Crashes_2010_2019_MPO,2017-02-22,2017,35.94074,-86.83928,False,0,0,0,,,,,,,,
101563938,Crashes_2010_2019_MPO,2017-02-23,2017,36.04068,-86.77979,False,0,0,0,,,,,,,,
101564473,Crashes_2010_2019_MPO,2017-02-23,2017,35.92981,-86.84181,False,0,0,0,,,,,,,,
101563339,Crashes_2010_2019_MPO,2017-02-23,2017,35.9638,-86.80842,False,0,0,0,,,,,,,,
101563452,Crashes_2010_2019_MPO,2017-02-23,2017,36.04526,-86.71704,False,0,0,0,,,,,,,,
101564472,Crashes_2010_2019_MPO,2017-02-23,2017,35.93344,-86.81922,False,0,0,0,,,,,,,,
101563886,Crashes_2010_2019_MPO,2017-02-23,2017,35.92577,-86.8085,False,0,0,0,,,,,,,,
101564380,Crashes_2010_2019_MPO,2017-02-23,2017,35.96663,-86.80999,True,0,0,0,,,,,,,,
101563396,Crashes_2010_2019_MPO,2017-02-23,2017,35.93215,-86.79441,False,0,0,0,,,,,,,,
101567496,Crashes_2010_2019_MPO,2017-02-23,2017,35.92515,-86.87322,False,0,0,0,,,,,,,,
101563364,Crashes_2010_2019_MPO,2017-02-23,2017,35.9325,-86.86247,False,0,0,0,,,,,,,,
101563743,Crashes_2010_2019_MPO,2017-02-23,2017,36.05072,-86.71414,False,0,0,0,,,,,,,,
101563459,Crashes_2010_2019_MPO,2017-02-23,2017,35.92838,-86.86538,False,0,0,0,,,,,,,,
101563946,Crashes_2010_2019_MPO,2017-02-23,2017,36.04052,-86.78008,False,0,0,0,,,,,,,,
101563517,Crashes_2010_2019_MPO,2017-02-23,2017,35.93446,-86.81991,False,0,0,0,,,,,,,,
101574435,Crashes_2010_2019_MPO,2017-02-24,2017,36.00176,-86.79363,True,0,0,0,,,,,,,,
101564601,Crashes_2010_2019_MPO,2017-02-24,2017,35.92451,-86.8704,False,0,0,0,,,,,,,,
101565182,Crashes_2010_2019_MPO,2017-02-24,2017,36.04752,-86.71875,False,0,0,0,,,,,,,,
101564598,Crashes_2010_2019_MPO,2017-02-24,2017,35.96028,-86.80964,False,0,0,0,,,,,,,,
101565503,Crashes_2010_2019_MPO,2017-02-24,2017,36.03741,-86.79781,True,0,0,0,,,,,,,,
101564423,Crashes_2010_2019_MPO,2017-02-24,2017,36.04182,-86.716,False,0,0,1,,,,,,,,
101564192,Crashes_2010_2019_MPO,2017-02-24,2017,36.02935,-86.71254,False,0,0,0,,,,,,,,
101565422,Crashes_2010_2019_MPO,2017-02-24,2017,35.94878,-86.80885,False,0,0,0,,,,,,,,
101564691,Crashes_2010_2019_MPO,2017-02-24,2017,35.93544,-86.8237,False,0,0,0,,,,,,,,
101564896,Crashes_2010_2019_MPO,2017-02-24,2017,35.99122,-86.68313,False,0,0,0,,,,,,,,
101569622,Crashes_2010_2019_MPO,2017-02-24,2017,35.92433,-86.82215,False,0,0,0,,,,,,,,
101564419,Crashes_2010_2019_MPO,2017-02-24,2017,35.9394,-86.81689,False,0,0,0,,,,,,,,
101565045,Crashes_2010_2019_MPO,2017-02-24,2017,36.05401,-86.71513,False,0,0,0,,,,,,,,
101565048,Crashes_2010_2019_MPO,2017-02-24,2017,35.99557,-86.77952,True,0,0,0,,,,,,,,
101564596,Crashes_2010_2019_MPO,2017-02-24,2017,36.05348,-86.71497,False,0,0,0,,,,,,,,
101564597,Crashes_2010_2019_MPO,2017-02-24,2017,35.93586,-86.81813,False,0,0,0,,,,,,,,
101564616,Crashes_2010_2019_MPO,2017-02-24,2017,36.04552,-86.71165,False,0,0,0,,,,,,,,
101564705,Crashes_2010_2019_MPO,2017-02-24,2017,36.03968,-86.76194,False,0,0,0,,,,,,,,
101564418,Crashes_2010_2019_MPO,2017-02-24,2017,35.95231,-86.81242,False,0,0,0,,,,,,,,
101565046,Crashes_2010_2019_MPO,2017-02-24,2017,36.04028,-86.74504,False,0,0,0,,,,,,,,
101567791,Crashes_2010_2019_MPO,2017-02-25,2017,35.96746,-86.81592,True,0,0,0,,,,,,,,
101566105,Crashes_2010_2019_MPO,2017-02-25,2017,35.95721,-86.84339,False,0,0,0,,,,,,,,
101567381,Crashes_2010_2019_MPO,2017-02-25,2017,35.96716,-86.81351,True,0,0,1,,,,,,,,
101566103,Crashes_2010_2019_MPO,2017-02-25,2017,35.94683,-86.85172,False,0,0,0,,,,,,,,
101566218,Crashes_2010_2019_MPO,2017-02-25,2017,35.96518,-86.80029,True,0,0,0,,,,,,,,
101566104,Crashes_2010_2019_MPO,2017-02-25,2017,35.94648,-86.81975,False,0,0,0,,,,,,,,
101567076,Crashes_2010_2019_MPO,2017-02-26,2017,36.033212,-86.787741,True,0,0,0,,,,,,,,
101567231,Crashes_2010_2019_MPO,2017-02-26,2017,36.04615,-86.68412,False,0,0,0,,,,,,,,
101567232,Crashes_2010_2019_MPO,2017-02-26,2017,36.0452,-86.71624,False,0,0,0,,,,,,,,
101567939,Crashes_2010_2019_MPO,2017-02-27,2017,35.99643,-86.78798,True,0,0,0,,,,,,,,
101568910,Crashes_2010_2019_MPO,2017-02-27,2017,35.93155,-86.87678,False,0,0,0,,,,,,,,
101568023,Crashes_2010_2019_MPO,2017-02-27,2017,35.92703,-86.82445,False,0,0,0,,,,,,,,
101567919,Crashes_2010_2019_MPO,2017-02-27,2017,35.9407,-86.83934,False,0,0,0,,,,,,,,
101568465,Crashes_2010_2019_MPO,2017-02-27,2017,35.99691,-86.79696,True,1,0,0,,,,,,,,
101568156,Crashes_2010_2019_MPO,2017-02-27,2017,36.01895,-86.82082,True,0,0,0,,,,,,,,
101567523,Crashes_2010_2019_MPO,2017-02-27,2017,35.9579,-86.80257,False,0,0,0,,,,,,,,
101567729,Crashes_2010_2019_MPO,2017-02-27,2017,36.03663,-86.78684,False,0,0,0,,,,,,,,
101568416,Crashes_2010_2019_MPO,2017-02-27,2017,35.95618,-86.84422,False,0,0,0,,,,,,,,
101568024,Crashes_2010_2019_MPO,2017-02-27,2017,35.95555,-86.82857,False,0,0,0,,,,,,,,
101568909,Crashes_2010_2019_MPO,2017-02-27,2017,35.96973,-86.8362,False,0,0,0,,,,,,,,
101567369,Crashes_2010_2019_MPO,2017-02-27,2017,36.00471,-86.80639,True,0,0,0,,,,,,,,
101567885,Crashes_2010_2019_MPO,2017-02-27,2017,35.93191,-86.79441,False,0,0,0,,,,,,,,
101567589,Crashes_2010_2019_MPO,2017-02-27,2017,35.997827,-86.794889,True,0,0,0,,,,,,,,
101569025,Crashes_2010_2019_MPO,2017-02-28,2017,35.93233,-86.87905,False,0,0,0,,,,,,,,
101568975,Crashes_2010_2019_MPO,2017-02-28,2017,35.94999,-86.81898,False,0,0,0,,,,,,,,
101568669,Crashes_2010_2019_MPO,2017-02-28,2017,35.94507,-86.81493,False,0,0,0,,,,,,,,
101569542,Crashes_2010_2019_MPO,2017-02-28,2017,35.99551,-86.77887,True,0,0,0,,,,,,,,
101568690,Crashes_2010_2019_MPO,2017-02-28,2017,35.94927,-86.81943,False,0,0,0,,,,,,,,
101568799,Crashes_2010_2019_MPO,2017-02-28,2017,35.99352,-86.74447,True,0,0,0,,,,,,,,
101568650,Crashes_2010_2019_MPO,2017-02-28,2017,36.04355,-86.78109,False,0,0,0,,,,,,,,
101568523,Crashes_2010_2019_MPO,2017-02-28,2017,35.97945,-86.77695,True,0,0,0,,,,,,,,
101568609,Crashes_2010_2019_MPO,2017-02-28,2017,35.96524,-86.72705,True,0,0,0,,,,,,,,
101569947,Crashes_2010_2019_MPO,2017-02-28,2017,35.95813,-86.80261,False,0,0,0,,,,,,,,
101575859,Crashes_2010_2019_MPO,2017-02-28,2017,36.02791,-86.85631,False,0,0,0,,,,,,,,
101568566,Crashes_2010_2019_MPO,2017-02-28,2017,36.05049,-86.87668,False,0,0,0,,,,,,,,
101568704,Crashes_2010_2019_MPO,2017-02-28,2017,35.95586,-86.83146,False,0,0,0,,,,,,,,
101568623,Crashes_2010_2019_MPO,2017-02-28,2017,36.0357,-86.78737,True,0,0,0,,,,,,,,
101568603,Crashes_2010_2019_MPO,2017-02-28,2017,36.01803,-86.77029,True,0,0,0,,,,,,,,
101569308,Crashes_2010_2019_MPO,2017-02-28,2017,35.94582,-86.82522,False,0,0,0,,,,,,,,
101568677,Crashes_2010_2019_MPO,2017-02-28,2017,36.03949,-86.78273,False,0,0,0,,,,,,,,
101568383,Crashes_2010_2019_MPO,2017-02-28,2017,36.04549,-86.70462,False,0,0,0,,,,,,,,
101572217,Crashes_2010_2019_MPO,2017-03-01,2017,35.92957,-86.84209,False,0,0,0,,,,,,,,
101569571,Crashes_2010_2019_MPO,2017-03-01,2017,36.04515,-86.77919,False,0,0,0,,,,,,,,
101569435,Crashes_2010_2019_MPO,2017-03-01,2017,36.0496,-86.87108,False,0,0,0,,,,,,,,
101569480,Crashes_2010_2019_MPO,2017-03-01,2017,36.04222,-86.71292,False,0,0,0,,,,,,,,
101569578,Crashes_2010_2019_MPO,2017-03-01,2017,35.96716,-86.81351,True,0,0,0,,,,,,,,
101569851,Crashes_2010_2019_MPO,2017-03-01,2017,35.96565,-86.81401,False,0,0,0,,,,,,,,
101569476,Crashes_2010_2019_MPO,2017-03-01,2017,35.9842,-86.72353,True,0,0,0,,,,,,,,
101569880,Crashes_2010_2019_MPO,2017-03-01,2017,36.04068,-86.77977,False,0,0,0,,,,,,,,
101569884,Crashes_2010_2019_MPO,2017-03-01,2017,35.99687,-86.68989,False,0,0,0,,,,,,,,
101569544,Crashes_2010_2019_MPO,2017-03-01,2017,35.97935,-86.74864,True,0,0,0,,,,,,,,
101569847,Crashes_2010_2019_MPO,2017-03-01,2017,36.04012,-86.78074,False,0,0,0,,,,,,,,
101569541,Crashes_2010_2019_MPO,2017-03-01,2017,35.94269,-86.82102,False,0,0,0,,,,,,,,
101569718,Crashes_2010_2019_MPO,2017-03-01,2017,35.95039,-86.86918,False,0,0,0,,,,,,,,
101569733,Crashes_2010_2019_MPO,2017-03-01,2017,35.95944,-86.80651,False,0,0,0,,,,,,,,
101569551,Crashes_2010_2019_MPO,2017-03-01,2017,35.94753,-86.82007,False,0,0,0,,,,,,,,
101569545,Crashes_2010_2019_MPO,2017-03-01,2017,36.01823,-86.77296,True,0,0,0,,,,,,,,
101574173,Crashes_2010_2019_MPO,2017-03-02,2017,35.97052,-86.80609,True,0,0,0,,,,,,,,
101570245,Crashes_2010_2019_MPO,2017-03-02,2017,36.03971,-86.72059,False,0,0,0,,,,,,,,
101570924,Crashes_2010_2019_MPO,2017-03-02,2017,35.95111,-86.84829,False,0,0,0,,,,,,,,
101570286,Crashes_2010_2019_MPO,2017-03-02,2017,35.93307,-86.81137,False,0,0,0,,,,,,,,
101570744,Crashes_2010_2019_MPO,2017-03-02,2017,35.96176,-86.81209,False,0,0,0,,,,,,,,
101570930,Crashes_2010_2019_MPO,2017-03-02,2017,36.00429,-86.68845,False,0,0,0,,,,,,,,
101570553,Crashes_2010_2019_MPO,2017-03-02,2017,35.97007,-86.80625,True,0,0,0,,,,,,,,
101570632,Crashes_2010_2019_MPO,2017-03-02,2017,36.03973,-86.75672,False,0,0,0,,,,,,,,
101570729,Crashes_2010_2019_MPO,2017-03-02,2017,36.03179,-86.68047,False,0,0,0,,,,,,,,
101570904,Crashes_2010_2019_MPO,2017-03-02,2017,35.96702,-86.81356,True,0,0,0,,,,,,,,
101573032,Crashes_2010_2019_MPO,2017-03-02,2017,35.97039,-86.77379,True,0,0,0,,,,,,,,
101570911,Crashes_2010_2019_MPO,2017-03-02,2017,35.95777,-86.81607,False,0,0,0,,,,,,,,
101570943,Crashes_2010_2019_MPO,2017-03-02,2017,35.93555,-86.86043,False,0,0,0,,,,,,,,
101570875,Crashes_2010_2019_MPO,2017-03-02,2017,36.03083,-86.87573,False,0,0,0,,,,,,,,
101570299,Crashes_2010_2019_MPO,2017-03-02,2017,35.93374,-86.81767,False,0,0,0,,,,,,,,
101571425,Crashes_2010_2019_MPO,2017-03-02,2017,35.96518,-86.80029,True,0,0,0,,,,,,,,
101571782,Crashes_2010_2019_MPO,2017-03-03,2017,35.95689,-86.80329,False,0,0,0,,,,,,,,
101572622,Crashes_2010_2019_MPO,2017-03-03,2017,36.02547,-86.71305,False,0,0,0,,,,,,,,
101572462,Crashes_2010_2019_MPO,2017-03-03,2017,36.03118,-86.75211,False,0,0,0,,,,,,,,
101571932,Crashes_2010_2019_MPO,2017-03-03,2017,36.05151,-86.71436,False,0,0,0,,,,,,,,
101571812,Crashes_2010_2019_MPO,2017-03-03,2017,36.03752,-86.78564,False,0,0,0,,,,,,,,
101571762,Crashes_2010_2019_MPO,2017-03-03,2017,35.94772,-86.85101,False,0,0,0,,,,,,,,
101601676,Crashes_2010_2019_MPO,2017-03-03,2017,36.03016,-86.79048,True,0,0,0,,,,,,,,
101573016,Crashes_2010_2019_MPO,2017-03-03,2017,36.01775,-86.76547,True,0,0,0,,,,,,,,
101572234,Crashes_2010_2019_MPO,2017-03-03,2017,35.9406,-86.83185,False,0,0,0,,,,,,,,
101573689,Crashes_2010_2019_MPO,2017-03-03,2017,35.94656,-86.81441,False,0,0,0,,,,,,,,
101571598,Crashes_2010_2019_MPO,2017-03-03,2017,35.94663,-86.82381,False,0,0,0,,,,,,,,
101574587,Crashes_2010_2019_MPO,2017-03-03,2017,35.966621,-86.809199,True,0,0,0,,,,,,,,
101572681,Crashes_2010_2019_MPO,2017-03-03,2017,35.94778,-86.81994,False,0,0,0,,,,,,,,
101574525,Crashes_2010_2019_MPO,2017-03-03,2017,35.96518,-86.80029,True,0,0,0,,,,,,,,
101572307,Crashes_2010_2019_MPO,2017-03-03,2017,36.04672,-86.73222,False,0,1,0,,,,,,,,
101571295,Crashes_2010_2019_MPO,2017-03-03,2017,35.95842,-86.80311,False,0,0,0,,,,,,,,
101572606,Crashes_2010_2019_MPO,2017-03-03,2017,35.96395,-86.73529,True,0,0,0,,,,,,,,
101572215,Crashes_2010_2019_MPO,2017-03-03,2017,36.04424,-86.71313,False,0,0,0,,,,,,,,
101571508,Crashes_2010_2019_MPO,2017-03-03,2017,35.96241,-86.8151,False,0,0,0,,,,,,,,
101574247,Crashes_2010_2019_MPO,2017-03-03,2017,35.96687,-86.81157,True,0,0,0,,,,,,,,
101572366,Crashes_2010_2019_MPO,2017-03-03,2017,35.96525,-86.79665,True,0,0,0,,,,,,,,
101571530,Crashes_2010_2019_MPO,2017-03-03,2017,35.96798,-86.81833,True,0,0,0,,,,,,,,
101571390,Crashes_2010_2019_MPO,2017-03-03,2017,36.04028,-86.76837,False,0,0,0,,,,,,,,
101572837,Crashes_2010_2019_MPO,2017-03-04,2017,35.94651,-86.82412,False,0,0,0,,,,,,,,
101573461,Crashes_2010_2019_MPO,2017-03-04,2017,35.95117,-86.84824,False,0,0,0,,,,,,,,
101574479,Crashes_2010_2019_MPO,2017-03-04,2017,35.97803,-86.77681,True,0,0,0,,,,,,,,
101573335,Crashes_2010_2019_MPO,2017-03-04,2017,36.03047,-86.74398,False,0,0,0,,,,,,,,
101572865,Crashes_2010_2019_MPO,2017-03-04,2017,36.04301,-86.84231,False,0,0,0,,,,,,,,
101573442,Crashes_2010_2019_MPO,2017-03-04,2017,36.03796,-86.78432,False,0,0,0,,,,,,,,
101573040,Crashes_2010_2019_MPO,2017-03-04,2017,36.04526,-86.717,False,0,0,0,,,,,,,,
101573933,Crashes_2010_2019_MPO,2017-03-04,2017,35.95538,-86.81565,False,0,0,0,,,,,,,,
101572964,Crashes_2010_2019_MPO,2017-03-04,2017,35.95524,-86.84497,False,0,0,0,,,,,,,,
101572910,Crashes_2010_2019_MPO,2017-03-04,2017,36.03026,-86.71254,False,0,0,0,,,,,,,,
101574216,Crashes_2010_2019_MPO,2017-03-05,2017,36.04534,-86.70236,False,0,0,0,,,,,,,,
101574017,Crashes_2010_2019_MPO,2017-03-05,2017,36.00066,-86.74293,True,0,1,0,,,,,,,,
101574454,Crashes_2010_2019_MPO,2017-03-05,2017,35.95215,-86.81629,False,0,0,0,,,,,,,,
101574530,Crashes_2010_2019_MPO,2017-03-06,2017,35.92546,-86.87275,False,0,0,0,,,,,,,,
101574562,Crashes_2010_2019_MPO,2017-03-06,2017,36.01854,-86.70852,False,0,0,0,,,,,,,,
101575079,Crashes_2010_2019_MPO,2017-03-06,2017,36.02591,-86.71298,False,0,0,0,,,,,,,,
101574969,Crashes_2010_2019_MPO,2017-03-06,2017,36.04537,-86.71326,False,0,1,0,,,,,,,,
101577301,Crashes_2010_2019_MPO,2017-03-06,2017,35.99929,-86.85561,False,0,0,0,,,,,,,,
101575304,Crashes_2010_2019_MPO,2017-03-06,2017,36.04609,-86.71335,False,0,0,1,,,,,,,,
101574598,Crashes_2010_2019_MPO,2017-03-06,2017,35.96675,-86.80739,True,0,0,0,,,,,,,,
101575147,Crashes_2010_2019_MPO,2017-03-06,2017,36.03792,-86.79715,False,0,0,0,,,,,,,,
101575956,Crashes_2010_2019_MPO,2017-03-07,2017,36.03552,-86.78747,True,0,0,0,,,,,,,,
101576044,Crashes_2010_2019_MPO,2017-03-07,2017,35.95063,-86.81877,False,0,0,0,,,,,,,,
101576602,Crashes_2010_2019_MPO,2017-03-07,2017,35.93787,-86.7075,False,0,0,0,,,,,,,,
101575612,Crashes_2010_2019_MPO,2017-03-07,2017,36.0375,-86.78584,False,0,0,0,,,,,,,,
101575855,Crashes_2010_2019_MPO,2017-03-07,2017,35.932,-86.86284,False,0,0,0,,,,,,,,
101575719,Crashes_2010_2019_MPO,2017-03-07,2017,36.02669,-86.78477,True,0,0,0,,,,,,,,
101575496,Crashes_2010_2019_MPO,2017-03-07,2017,35.99459,-86.76773,True,0,0,0,,,,,,,,
101575802,Crashes_2010_2019_MPO,2017-03-07,2017,35.95383,-86.80405,False,0,0,0,,,,,,,,
101575854,Crashes_2010_2019_MPO,2017-03-07,2017,35.92546,-86.87275,False,0,0,0,,,,,,,,
101576235,Crashes_2010_2019_MPO,2017-03-07,2017,35.97437,-86.83551,False,0,0,0,,,,,,,,
101575795,Crashes_2010_2019_MPO,2017-03-07,2017,36.0414,-86.78248,False,0,0,0,,,,,,,,
101576043,Crashes_2010_2019_MPO,2017-03-07,2017,35.95244,-86.81261,False,0,0,0,,,,,,,,
101576153,Crashes_2010_2019_MPO,2017-03-07,2017,35.92641,-86.82447,False,0,0,0,,,,,,,,
101576021,Crashes_2010_2019_MPO,2017-03-07,2017,36.04537,-86.71326,False,0,0,0,,,,,,,,
101575981,Crashes_2010_2019_MPO,2017-03-07,2017,36.03581,-86.7873,True,0,0,0,,,,,,,,
101576549,Crashes_2010_2019_MPO,2017-03-07,2017,35.96118,-86.75924,True,0,0,0,,,,,,,,
101575851,Crashes_2010_2019_MPO,2017-03-07,2017,36.0418,-86.7824,False,0,0,0,,,,,,,,
101576685,Crashes_2010_2019_MPO,2017-03-08,2017,36.03093,-86.78699,True,0,0,0,,,,,,,,
101576567,Crashes_2010_2019_MPO,2017-03-08,2017,36.01689,-86.78609,True,0,0,0,,,,,,,,
101576504,Crashes_2010_2019_MPO,2017-03-08,2017,35.94925,-86.75259,True,0,0,0,,,,,,,,
101576782,Crashes_2010_2019_MPO,2017-03-08,2017,35.92609,-86.87139,False,0,0,0,,,,,,,,
101576826,Crashes_2010_2019_MPO,2017-03-08,2017,36.0466,-86.71341,False,0,1,0,,,,,,,,
101576389,Crashes_2010_2019_MPO,2017-03-08,2017,35.99454,-86.76729,True,0,0,0,,,,,,,,
101577006,Crashes_2010_2019_MPO,2017-03-08,2017,35.9263,-86.82308,False,0,0,0,,,,,,,,
101576907,Crashes_2010_2019_MPO,2017-03-08,2017,35.93953,-86.81684,False,0,0,0,,,,,,,,
101578029,Crashes_2010_2019_MPO,2017-03-08,2017,35.93561,-86.81846,False,0,0,0,,,,,,,,
101577968,Crashes_2010_2019_MPO,2017-03-08,2017,35.93417,-86.81953,False,0,0,0,,,,,,,,
101576650,Crashes_2010_2019_MPO,2017-03-08,2017,36.03384,-86.78845,True,0,0,0,,,,,,,,
101576420,Crashes_2010_2019_MPO,2017-03-08,2017,36.04575,-86.77817,False,0,0,0,,,,,,,,
101576383,Crashes_2010_2019_MPO,2017-03-08,2017,36.04084,-86.77347,False,0,0,0,,,,,,,,
101576370,Crashes_2010_2019_MPO,2017-03-08,2017,35.92544,-86.86747,False,0,0,0,,,,,,,,
101576447,Crashes_2010_2019_MPO,2017-03-08,2017,36.00905,-86.78586,True,0,0,0,,,,,,,,
101577913,Crashes_2010_2019_MPO,2017-03-09,2017,35.98372,-86.70416,True,0,0,0,,,,,,,,
101578122,Crashes_2010_2019_MPO,2017-03-09,2017,36.04001,-86.74347,False,0,0,0,,,,,,,,
101577770,Crashes_2010_2019_MPO,2017-03-09,2017,36.03731,-86.78749,False,0,0,0,,,,,,,,
101577967,Crashes_2010_2019_MPO,2017-03-09,2017,35.93133,-86.86334,False,0,0,0,,,,,,,,
101577475,Crashes_2010_2019_MPO,2017-03-09,2017,35.96218,-86.80924,False,0,0,0,,,,,,,,
101578413,Crashes_2010_2019_MPO,2017-03-09,2017,35.94782,-86.81975,False,0,0,0,,,,,,,,
101577459,Crashes_2010_2019_MPO,2017-03-09,2017,35.9583,-86.8023,False,0,0,0,,,,,,,,
101581650,Crashes_2010_2019_MPO,2017-03-09,2017,35.97429,-86.70041,True,0,0,0,,,,,,,,
101578150,Crashes_2010_2019_MPO,2017-03-09,2017,36.0409,-86.77938,False,0,0,0,,,,,,,,
101578018,Crashes_2010_2019_MPO,2017-03-09,2017,36.00006,-86.7025,True,0,0,0,,,,,,,,
101578055,Crashes_2010_2019_MPO,2017-03-09,2017,36.03775,-86.79511,False,0,0,0,,,,,,,,
101577271,Crashes_2010_2019_MPO,2017-03-09,2017,36.05296,-86.70269,False,0,0,0,,,,,,,,
101579856,Crashes_2010_2019_MPO,2017-03-10,2017,35.98271,-86.77221,True,0,0,0,,,,,,,,
101579286,Crashes_2010_2019_MPO,2017-03-10,2017,36.04677,-86.86049,False,0,0,0,,,,,,,,
101578795,Crashes_2010_2019_MPO,2017-03-10,2017,35.99107,-86.77834,True,0,0,0,,,,,,,,
101579498,Crashes_2010_2019_MPO,2017-03-10,2017,35.94855,-86.81991,False,0,0,0,,,,,,,,
101578729,Crashes_2010_2019_MPO,2017-03-10,2017,36.04301,-86.84231,False,0,0,0,,,,,,,,
101579350,Crashes_2010_2019_MPO,2017-03-10,2017,36.04029,-86.78262,False,0,0,0,,,,,,,,
101579718,Crashes_2010_2019_MPO,2017-03-10,2017,35.98894,-86.74107,True,0,0,0,,,,,,,,
101579389,Crashes_2010_2019_MPO,2017-03-10,2017,36.0473,-86.86274,False,0,0,0,,,,,,,,
101579719,Crashes_2010_2019_MPO,2017-03-10,2017,36.02203,-86.79505,True,0,0,0,,,,,,,,
101578599,Crashes_2010_2019_MPO,2017-03-10,2017,35.94569,-86.83004,False,0,0,0,,,,,,,,
101583425,Crashes_2010_2019_MPO,2017-03-10,2017,35.96588,-86.80316,True,0,0,1,,,,,,,,
101579623,Crashes_2010_2019_MPO,2017-03-10,2017,35.95797,-86.82524,False,0,0,0,,,,,,,,
101579019,Crashes_2010_2019_MPO,2017-03-10,2017,35.93374,-86.81767,False,0,0,0,,,,,,,,
101578916,Crashes_2010_2019_MPO,2017-03-10,2017,36.03745,-86.78618,False,0,0,0,,,,,,,,
101578528,Crashes_2010_2019_MPO,2017-03-10,2017,35.92641,-86.82452,False,0,0,0,,,,,,,,
101578553,Crashes_2010_2019_MPO,2017-03-10,2017,36.04479,-86.72487,False,0,0,0,,,,,,,,
101578598,Crashes_2010_2019_MPO,2017-03-10,2017,35.95191,-86.74092,True,0,0,0,,,,,,,,
101583097,Crashes_2010_2019_MPO,2017-03-10,2017,35.94176,-86.82702,False,0,0,0,,,,,,,,
101578733,Crashes_2010_2019_MPO,2017-03-10,2017,35.96654,-86.80936,True,0,0,0,,,,,,,,
101578407,Crashes_2010_2019_MPO,2017-03-10,2017,35.92924,-86.85316,False,0,0,0,,,,,,,,
101579162,Crashes_2010_2019_MPO,2017-03-10,2017,36.04532,-86.71753,False,0,0,0,,,,,,,,
101579413,Crashes_2010_2019_MPO,2017-03-10,2017,35.96959,-86.80641,True,0,0,0,,,,,,,,
101579878,Crashes_2010_2019_MPO,2017-03-11,2017,36.04105,-86.78254,False,0,0,0,,,,,,,,
101580645,Crashes_2010_2019_MPO,2017-03-11,2017,36.05049,-86.87668,False,0,0,0,,,,,,,,
101580543,Crashes_2010_2019_MPO,2017-03-11,2017,35.92762,-86.87249,False,0,0,0,,,,,,,,
101580526,Crashes_2010_2019_MPO,2017-03-11,2017,35.95078,-86.80647,False,0,0,0,,,,,,,,
101580291,Crashes_2010_2019_MPO,2017-03-11,2017,35.95063,-86.8068,False,0,0,0,,,,,,,,
101580576,Crashes_2010_2019_MPO,2017-03-11,2017,35.94354,-86.8205,False,0,0,0,,,,,,,,
101579999,Crashes_2010_2019_MPO,2017-03-11,2017,36.0448,-86.72487,False,0,0,0,,,,,,,,
101580711,Crashes_2010_2019_MPO,2017-03-12,2017,36.04532,-86.7137,False,0,0,0,,,,,,,,
101581508,Crashes_2010_2019_MPO,2017-03-12,2017,35.93315,-86.81169,False,0,0,0,,,,,,,,
101581365,Crashes_2010_2019_MPO,2017-03-12,2017,35.96136,-86.81234,False,0,0,0,,,,,,,,
101581123,Crashes_2010_2019_MPO,2017-03-12,2017,35.92526,-86.86744,False,0,0,0,,,,,,,,
101580962,Crashes_2010_2019_MPO,2017-03-12,2017,36.04479,-86.72487,False,0,0,0,,,,,,,,
101581167,Crashes_2010_2019_MPO,2017-03-12,2017,36.03981,-86.7812,False,0,0,0,,,,,,,,
101581244,Crashes_2010_2019_MPO,2017-03-12,2017,36.03016,-86.79048,True,0,0,0,,,,,,,,
101581638,Crashes_2010_2019_MPO,2017-03-13,2017,36.03735,-86.85609,True,0,0,0,,,,,,,,
101582262,Crashes_2010_2019_MPO,2017-03-13,2017,36.03488,-86.76872,False,0,0,0,,,,,,,,
101582278,Crashes_2010_2019_MPO,2017-03-13,2017,36.04075,-86.77256,False,0,0,0,,,,,,,,
101582225,Crashes_2010_2019_MPO,2017-03-13,2017,36.01786,-86.84678,True,0,0,0,,,,,,,,
101582316,Crashes_2010_2019_MPO,2017-03-13,2017,36.01538,-86.70566,False,0,0,0,,,,,,,,
101581739,Crashes_2010_2019_MPO,2017-03-13,2017,35.97672,-86.76771,True,0,0,0,,,,,,,,
101582339,Crashes_2010_2019_MPO,2017-03-13,2017,36.03869,-86.77824,False,0,0,0,,,,,,,,
101582484,Crashes_2010_2019_MPO,2017-03-13,2017,35.93112,-86.86349,False,0,0,0,,,,,,,,
101582409,Crashes_2010_2019_MPO,2017-03-13,2017,35.96523,-86.72705,True,0,0,0,,,,,,,,
101581771,Crashes_2010_2019_MPO,2017-03-13,2017,35.94411,-86.82711,False,0,0,0,,,,,,,,
101582226,Crashes_2010_2019_MPO,2017-03-13,2017,35.99551,-86.77889,True,0,0,0,,,,,,,,
101581706,Crashes_2010_2019_MPO,2017-03-13,2017,35.99465,-86.79774,True,0,0,0,,,,,,,,
101582291,Crashes_2010_2019_MPO,2017-03-13,2017,35.94637,-86.82345,False,0,0,0,,,,,,,,
101581966,Crashes_2010_2019_MPO,2017-03-13,2017,36.0414,-86.77985,False,0,0,0,,,,,,,,
101582408,Crashes_2010_2019_MPO,2017-03-13,2017,35.96683,-86.81118,True,0,0,0,,,,,,,,
101581883,Crashes_2010_2019_MPO,2017-03-13,2017,36.01978,-86.74213,False,0,0,0,,,,,,,,
101582315,Crashes_2010_2019_MPO,2017-03-13,2017,36.02175,-86.74267,False,0,0,0,,,,,,,,
101582750,Crashes_2010_2019_MPO,2017-03-14,2017,35.93372,-86.81804,False,0,0,0,,,,,,,,