record_no,source_layer,collision_ts,crash_year,latitude,longitude,in_city,fatalities,non_motorists,truck_involved,serious_injuries,pedestrian,bicycle,crash_type,manner_of_collision,lighting,weather,first_harmful_event
101582728,Crashes_2010_2019_MPO,2017-03-14,2017,35.99922,-86.80923,True,0,0,0,,,,,,,,
101583338,Crashes_2010_2019_MPO,2017-03-14,2017,36.04254,-86.83008,False,0,0,0,,,,,,,,
101582555,Crashes_2010_2019_MPO,2017-03-14,2017,36.04525,-86.72386,False,0,0,0,,,,,,,,
101583109,Crashes_2010_2019_MPO,2017-03-14,2017,35.93446,-86.81991,False,0,0,0,,,,,,,,
101583397,Crashes_2010_2019_MPO,2017-03-14,2017,36.01756,-86.78654,True,0,0,0,,,,,,,,
101583316,Crashes_2010_2019_MPO,2017-03-14,2017,36.04244,-86.83062,False,0,0,0,,,,,,,,
101582553,Crashes_2010_2019_MPO,2017-03-14,2017,36.04394,-86.72577,False,0,0,0,,,,,,,,
101582656,Crashes_2010_2019_MPO,2017-03-14,2017,36.04001,-86.78128,False,0,0,0,,,,,,,,
101582554,Crashes_2010_2019_MPO,2017-03-14,2017,36.03948,-86.78177,False,0,0,0,,,,,,,,
101583858,Crashes_2010_2019_MPO,2017-03-14,2017,35.96655,-86.81126,True,0,0,0,,,,,,,,
101587719,Crashes_2010_2019_MPO,2017-03-14,2017,35.97372,-86.80523,True,0,0,0,,,,,,,,
101582935,Crashes_2010_2019_MPO,2017-03-14,2017,36.03652,-86.73064,False,0,0,0,,,,,,,,
101583339,Crashes_2010_2019_MPO,2017-03-14,2017,35.95334,-86.8123,False,0,0,0,,,,,,,,
101583323,Crashes_2010_2019_MPO,2017-03-14,2017,36.0508,-86.71608,False,0,0,0,,,,,,,,
101583985,Crashes_2010_2019_MPO,2017-03-15,2017,35.93498,-86.82434,False,0,0,0,,,,,,,,
101583974,Crashes_2010_2019_MPO,2017-03-15,2017,36.03184,-86.78956,True,0,0,0,,,,,,,,
101584225,Crashes_2010_2019_MPO,2017-03-15,2017,35.9846,-86.8014,True,0,0,0,,,,,,,,
101583586,Crashes_2010_2019_MPO,2017-03-15,2017,36.03256,-86.7687,False,0,0,0,,,,,,,,
101583991,Crashes_2010_2019_MPO,2017-03-15,2017,35.9407,-86.8343,False,0,0,0,,,,,,,,
101583980,Crashes_2010_2019_MPO,2017-03-15,2017,35.99553,-86.77909,True,0,0,0,,,,,,,,
101584187,Crashes_2010_2019_MPO,2017-03-15,2017,35.94695,-86.82154,False,0,0,0,,,,,,,,
101583982,Crashes_2010_2019_MPO,2017-03-15,2017,36.03329,-86.79602,True,0,0,0,,,,,,,,
101584221,Crashes_2010_2019_MPO,2017-03-15,2017,35.98459,-86.80146,True,0,0,0,,,,,,,,
101583335,Crashes_2010_2019_MPO,2017-03-15,2017,35.97398,-86.67839,False,0,0,0,,,,,,,,
101583984,Crashes_2010_2019_MPO,2017-03-15,2017,35.96653,-86.81126,True,0,0,0,,,,,,,,
101583851,Crashes_2010_2019_MPO,2017-03-15,2017,35.969243,-86.807047,True,0,0,0,,,,,,,,
101583966,Crashes_2010_2019_MPO,2017-03-15,2017,35.99922,-86.80923,True,0,0,0,,,,,,,,
101584002,Crashes_2010_2019_MPO,2017-03-15,2017,36.0095,-86.70166,False,0,0,0,,,,,,,,
101584344,Crashes_2010_2019_MPO,2017-03-16,2017,36.03564,-86.80849,True,0,0,0,,,,,,,,
101584330,Crashes_2010_2019_MPO,2017-03-16,2017,35.93284,-86.78395,False,0,0,0,,,,,,,,
101584993,Crashes_2010_2019_MPO,2017-03-16,2017,35.94722,-86.82141,False,0,0,0,,,,,,,,
101584551,Crashes_2010_2019_MPO,2017-03-16,2017,36.04653,-86.68335,False,0,0,0,,,,,,,,
101584440,Crashes_2010_2019_MPO,2017-03-16,2017,35.96653,-86.80932,True,0,0,0,,,,,,,,
101584399,Crashes_2010_2019_MPO,2017-03-16,2017,36.03943,-86.86956,False,0,0,0,,,,,,,,
101584742,Crashes_2010_2019_MPO,2017-03-16,2017,35.99576,-86.81105,True,0,0,0,,,,,,,,
101584614,Crashes_2010_2019_MPO,2017-03-16,2017,35.99586,-86.68841,False,0,0,0,,,,,,,,
101585054,Crashes_2010_2019_MPO,2017-03-16,2017,36.03399,-86.78316,True,0,0,1,,,,,,,,
101584329,Crashes_2010_2019_MPO,2017-03-16,2017,35.99421,-86.77867,True,0,0,0,,,,,,,,
101584491,Crashes_2010_2019_MPO,2017-03-16,2017,36.0473,-86.86274,False,0,0,0,,,,,,,,
101584679,Crashes_2010_2019_MPO,2017-03-16,2017,35.94629,-86.85215,False,0,0,0,,,,,,,,
101585814,Crashes_2010_2019_MPO,2017-03-17,2017,36.04019,-86.78062,False,0,0,0,,,,,,,,
101586259,Crashes_2010_2019_MPO,2017-03-17,2017,35.9815,-86.8022,True,0,0,0,,,,,,,,
101585524,Crashes_2010_2019_MPO,2017-03-17,2017,35.9269,-86.82446,False,0,0,0,,,,,,,,
101586091,Crashes_2010_2019_MPO,2017-03-17,2017,36.04584,-86.70354,False,0,0,0,,,,,,,,
101586642,Crashes_2010_2019_MPO,2017-03-17,2017,35.96716,-86.81351,True,0,0,0,,,,,,,,
101586778,Crashes_2010_2019_MPO,2017-03-17,2017,35.94687,-86.85168,False,0,0,0,,,,,,,,
101585753,Crashes_2010_2019_MPO,2017-03-17,2017,35.96497,-86.79408,True,0,0,0,,,,,,,,
101586744,Crashes_2010_2019_MPO,2017-03-17,2017,35.9246,-86.8702,False,0,0,0,,,,,,,,
101586422,Crashes_2010_2019_MPO,2017-03-17,2017,35.96655,-86.80932,True,0,0,0,,,,,,,,
101585895,Crashes_2010_2019_MPO,2017-03-17,2017,35.94782,-86.81975,False,0,0,0,,,,,,,,
101586197,Crashes_2010_2019_MPO,2017-03-17,2017,35.99727,-86.68608,False,0,0,0,,,,,,,,
101586779,Crashes_2010_2019_MPO,2017-03-17,2017,35.92926,-86.83968,False,0,0,0,,,,,,,,
101585453,Crashes_2010_2019_MPO,2017-03-17,2017,36.04205,-86.78233,False,0,0,0,,,,,,,,
101585896,Crashes_2010_2019_MPO,2017-03-17,2017,35.95564,-86.81532,False,0,0,0,,,,,,,,
101586780,Crashes_2010_2019_MPO,2017-03-18,2017,35.96414,-86.81202,False,0,0,0,,,,,,,,
101586556,Crashes_2010_2019_MPO,2017-03-18,2017,35.93257,-86.82625,False,0,0,0,,,,,,,,
101586316,Crashes_2010_2019_MPO,2017-03-18,2017,36.04079,-86.78257,False,0,0,0,,,,,,,,
101586754,Crashes_2010_2019_MPO,2017-03-18,2017,35.96518,-86.80029,True,0,0,0,,,,,,,,
101586710,Crashes_2010_2019_MPO,2017-03-18,2017,36.04498,-86.72444,False,0,0,0,,,,,,,,
101586849,Crashes_2010_2019_MPO,2017-03-18,2017,35.95053,-86.80749,False,0,0,0,,,,,,,,
101587290,Crashes_2010_2019_MPO,2017-03-19,2017,36.05149,-86.70337,False,0,0,0,,,,,,,,
101587411,Crashes_2010_2019_MPO,2017-03-19,2017,36.04189,-86.72653,False,0,0,0,,,,,,,,
101587856,Crashes_2010_2019_MPO,2017-03-19,2017,35.94684,-86.8218,False,0,0,0,,,,,,,,
101588055,Crashes_2010_2019_MPO,2017-03-19,2017,35.96549,-86.81407,False,0,0,0,,,,,,,,
101587223,Crashes_2010_2019_MPO,2017-03-19,2017,36.03718,-86.70324,False,0,0,1,,,,,,,,
101595492,Crashes_2010_2019_MPO,2017-03-19,2017,36.03875,-86.78261,False,1,0,0,,,,,,,,
101587314,Crashes_2010_2019_MPO,2017-03-19,2017,36.03841,-86.713,False,0,0,0,,,,,,,,
101587955,Crashes_2010_2019_MPO,2017-03-19,2017,36.04504,-86.69786,False,0,0,0,,,,,,,,
101587501,Crashes_2010_2019_MPO,2017-03-19,2017,36.04537,-86.71326,False,0,0,0,,,,,,,,
101587864,Crashes_2010_2019_MPO,2017-03-19,2017,35.95724,-86.81662,False,0,0,0,,,,,,,,
101592604,Crashes_2010_2019_MPO,2017-03-19,2017,35.95864,-86.80445,False,0,0,0,,,,,,,,
101588158,Crashes_2010_2019_MPO,2017-03-20,2017,35.9912,-86.68349,False,0,0,0,,,,,,,,
101590025,Crashes_2010_2019_MPO,2017-03-20,2017,35.95209,-86.81805,False,0,0,0,,,,,,,,
101588514,Crashes_2010_2019_MPO,2017-03-20,2017,35.95089,-86.80724,False,0,0,0,,,,,,,,
101589913,Crashes_2010_2019_MPO,2017-03-20,2017,36.03584,-86.7873,True,0,0,0,,,,,,,,
101590026,Crashes_2010_2019_MPO,2017-03-20,2017,35.94729,-86.82121,False,0,0,0,,,,,,,,
101589516,Crashes_2010_2019_MPO,2017-03-20,2017,35.92321,-86.87307,False,0,0,0,,,,,,,,
101597915,Crashes_2010_2019_MPO,2017-03-20,2017,36.04696,-86.68161,False,1,0,0,,,,,,,,
101588054,Crashes_2010_2019_MPO,2017-03-20,2017,36.0525,-86.68445,False,0,0,0,,,,,,,,
101588591,Crashes_2010_2019_MPO,2017-03-20,2017,36.04001,-86.74347,False,0,0,0,,,,,,,,
101588202,Crashes_2010_2019_MPO,2017-03-20,2017,35.96588,-86.80316,True,0,0,0,,,,,,,,
101588107,Crashes_2010_2019_MPO,2017-03-20,2017,36.04561,-86.71977,False,0,0,0,,,,,,,,
101588987,Crashes_2010_2019_MPO,2017-03-21,2017,36.00779,-86.78709,True,0,0,0,,,,,,,,
101589673,Crashes_2010_2019_MPO,2017-03-21,2017,36.05276,-86.73981,False,0,0,0,,,,,,,,
101590200,Crashes_2010_2019_MPO,2017-03-21,2017,35.92707,-86.8155,False,0,0,0,,,,,,,,
101595319,Crashes_2010_2019_MPO,2017-03-21,2017,35.99328,-86.79822,True,0,0,0,,,,,,,,
101589092,Crashes_2010_2019_MPO,2017-03-21,2017,36.03376,-86.74361,False,0,0,0,,,,,,,,
101589649,Crashes_2010_2019_MPO,2017-03-21,2017,35.94943,-86.81956,False,0,0,0,,,,,,,,
101590882,Crashes_2010_2019_MPO,2017-03-21,2017,35.94813,-86.81682,False,0,0,0,,,,,,,,
101589542,Crashes_2010_2019_MPO,2017-03-21,2017,35.9236,-86.82266,False,0,0,0,,,,,,,,
101589517,Crashes_2010_2019_MPO,2017-03-21,2017,36.04107,-86.78254,False,0,0,0,,,,,,,,
101589090,Crashes_2010_2019_MPO,2017-03-21,2017,35.96681,-86.81119,True,0,0,0,,,,,,,,
101589186,Crashes_2010_2019_MPO,2017-03-21,2017,35.94034,-86.87333,False,0,0,0,,,,,,,,
101589688,Crashes_2010_2019_MPO,2017-03-21,2017,36.04543,-86.71255,False,0,0,0,,,,,,,,
101590521,Crashes_2010_2019_MPO,2017-03-22,2017,35.92924,-86.85316,False,0,0,0,,,,,,,,
101590745,Crashes_2010_2019_MPO,2017-03-22,2017,36.04542,-86.71835,False,0,0,0,,,,,,,,
101589908,Crashes_2010_2019_MPO,2017-03-22,2017,36.04561,-86.71977,False,0,0,0,,,,,,,,
101590505,Crashes_2010_2019_MPO,2017-03-22,2017,35.97438,-86.83209,True,0,0,0,,,,,,,,
101590502,Crashes_2010_2019_MPO,2017-03-22,2017,35.94665,-86.82383,False,0,0,0,,,,,,,,
101590725,Crashes_2010_2019_MPO,2017-03-22,2017,36.04544,-86.71852,False,0,0,0,,,,,,,,
101590906,Crashes_2010_2019_MPO,2017-03-22,2017,35.93962,-86.77217,False,0,0,0,,,,,,,,
101590001,Crashes_2010_2019_MPO,2017-03-22,2017,36.0205,-86.78268,True,0,0,0,,,,,,,,
101590795,Crashes_2010_2019_MPO,2017-03-22,2017,36.04001,-86.74347,False,0,0,0,,,,,,,,
101591565,Crashes_2010_2019_MPO,2017-03-23,2017,36.0451,-86.69866,False,0,0,0,,,,,,,,
101591386,Crashes_2010_2019_MPO,2017-03-23,2017,35.93313,-86.862,False,0,0,0,,,,,,,,
101591294,Crashes_2010_2019_MPO,2017-03-23,2017,36.03936,-86.78197,False,0,0,0,,,,,,,,
101591194,Crashes_2010_2019_MPO,2017-03-23,2017,35.99734,-86.79486,True,0,0,0,,,,,,,,
101591084,Crashes_2010_2019_MPO,2017-03-23,2017,36.04758,-86.73484,False,0,0,0,,,,,,,,
101591718,Crashes_2010_2019_MPO,2017-03-23,2017,35.94695,-86.82212,False,0,0,0,,,,,,,,
101591204,Crashes_2010_2019_MPO,2017-03-23,2017,36.05344,-86.68041,False,0,0,0,,,,,,,,
101591620,Crashes_2010_2019_MPO,2017-03-23,2017,36.04273,-86.72638,False,0,0,0,,,,,,,,
101591595,Crashes_2010_2019_MPO,2017-03-23,2017,35.93215,-86.79441,False,0,0,0,,,,,,,,
101591745,Crashes_2010_2019_MPO,2017-03-23,2017,36.01459,-86.78568,True,0,0,0,,,,,,,,
101591604,Crashes_2010_2019_MPO,2017-03-23,2017,35.94769,-86.82018,False,0,0,0,,,,,,,,
101591208,Crashes_2010_2019_MPO,2017-03-23,2017,36.0339,-86.79497,True,0,0,0,,,,,,,,
101591506,Crashes_2010_2019_MPO,2017-03-23,2017,35.97415,-86.8323,True,0,0,0,,,,,,,,
101594165,Crashes_2010_2019_MPO,2017-03-24,2017,36.03315,-86.78192,True,0,0,0,,,,,,,,
101592226,Crashes_2010_2019_MPO,2017-03-24,2017,36.04004,-86.78082,False,0,0,0,,,,,,,,
101592696,Crashes_2010_2019_MPO,2017-03-24,2017,35.94866,-86.80851,False,0,0,1,,,,,,,,
101592708,Crashes_2010_2019_MPO,2017-03-24,2017,36.04477,-86.7811,False,0,0,0,,,,,,,,
101592929,Crashes_2010_2019_MPO,2017-03-24,2017,36.04231,-86.72652,False,0,0,0,,,,,,,,
101592778,Crashes_2010_2019_MPO,2017-03-24,2017,35.99112,-86.75192,True,0,0,0,,,,,,,,
101592928,Crashes_2010_2019_MPO,2017-03-24,2017,36.0488,-86.71367,False,0,0,0,,,,,,,,
101593039,Crashes_2010_2019_MPO,2017-03-24,2017,35.92254,-86.87194,False,0,0,0,,,,,,,,
101592115,Crashes_2010_2019_MPO,2017-03-24,2017,36.03739,-86.78674,False,0,0,0,,,,,,,,
101593159,Crashes_2010_2019_MPO,2017-03-25,2017,35.92889,-86.82448,False,0,0,0,,,,,,,,
101593945,Crashes_2010_2019_MPO,2017-03-25,2017,35.94841,-86.80673,False,0,0,0,,,,,,,,
101593991,Crashes_2010_2019_MPO,2017-03-25,2017,36.0043,-86.79069,True,0,0,0,,,,,,,,
101593631,Crashes_2010_2019_MPO,2017-03-25,2017,35.96024,-86.8153,False,0,0,0,,,,,,,,
101593057,Crashes_2010_2019_MPO,2017-03-25,2017,35.94683,-86.85172,False,0,0,0,,,,,,,,
101593054,Crashes_2010_2019_MPO,2017-03-25,2017,35.96985,-86.72354,True,0,0,0,,,,,,,,
101594053,Crashes_2010_2019_MPO,2017-03-25,2017,36.04245,-86.71294,False,0,0,0,,,,,,,,
101593085,Crashes_2010_2019_MPO,2017-03-25,2017,35.9647,-86.8084,False,0,0,1,,,,,,,,
101598793,Crashes_2010_2019_MPO,2017-03-26,2017,35.98909,-86.79966,True,0,0,0,,,,,,,,
101595274,Crashes_2010_2019_MPO,2017-03-26,2017,35.99901,-86.79593,True,0,1,0,,,,,,,,
101624019,Crashes_2010_2019_MPO,2017-03-26,2017,36.04522,-86.71479,False,0,0,0,,,,,,,,
101594055,Crashes_2010_2019_MPO,2017-03-26,2017,36.04537,-86.71326,False,0,0,0,,,,,,,,
101595585,Crashes_2010_2019_MPO,2017-03-26,2017,35.97163,-86.82595,False,0,0,0,,,,,,,,
101594519,Crashes_2010_2019_MPO,2017-03-26,2017,36.04543,-86.70361,False,0,0,0,,,,,,,,
101594861,Crashes_2010_2019_MPO,2017-03-26,2017,35.99725,-86.79683,True,0,0,0,,,,,,,,
101594364,Crashes_2010_2019_MPO,2017-03-26,2017,36.04917,-86.86955,False,0,0,0,,,,,,,,
101594383,Crashes_2010_2019_MPO,2017-03-26,2017,36.03947,-86.78179,False,0,0,0,,,,,,,,
101596998,Crashes_2010_2019_MPO,2017-03-26,2017,35.99912,-86.79585,True,1,0,0,,,,,,,,
101595557,Crashes_2010_2019_MPO,2017-03-27,2017,35.94041,-86.81679,False,0,0,0,,,,,,,,
101595371,Crashes_2010_2019_MPO,2017-03-27,2017,35.96756,-86.81042,True,0,0,0,,,,,,,,
101595514,Crashes_2010_2019_MPO,2017-03-27,2017,35.97878,-86.75282,True,0,0,0,,,,,,,,
101595554,Crashes_2010_2019_MPO,2017-03-27,2017,36.03517,-86.76871,False,0,0,0,,,,,,,,
101595459,Crashes_2010_2019_MPO,2017-03-27,2017,35.93834,-86.81751,False,0,0,0,,,,,,,,
101595378,Crashes_2010_2019_MPO,2017-03-27,2017,36.04749,-86.71352,False,0,0,1,,,,,,,,
101595481,Crashes_2010_2019_MPO,2017-03-27,2017,36.03311,-86.78656,True,0,0,0,,,,,,,,
101595493,Crashes_2010_2019_MPO,2017-03-27,2017,36.01486,-86.73081,False,0,0,0,,,,,,,,
101595372,Crashes_2010_2019_MPO,2017-03-27,2017,35.95328,-86.81787,False,0,0,0,,,,,,,,
101595556,Crashes_2010_2019_MPO,2017-03-27,2017,35.9412,-86.81653,False,0,0,0,,,,,,,,
101595118,Crashes_2010_2019_MPO,2017-03-27,2017,35.93217,-86.79402,False,0,0,0,,,,,,,,
101595680,Crashes_2010_2019_MPO,2017-03-27,2017,36.04231,-86.78224,False,0,0,0,,,,,,,,
101595322,Crashes_2010_2019_MPO,2017-03-27,2017,35.94842,-86.81975,False,0,0,0,,,,,,,,
101595586,Crashes_2010_2019_MPO,2017-03-27,2017,36.05016,-86.71399,False,0,0,0,,,,,,,,
101595692,Crashes_2010_2019_MPO,2017-03-27,2017,35.94175,-86.82119,False,0,0,0,,,,,,,,
101606123,Crashes_2010_2019_MPO,2017-03-27,2017,36.0362,-86.78707,True,0,0,0,,,,,,,,
101595321,Crashes_2010_2019_MPO,2017-03-27,2017,35.92384,-86.81066,False,0,0,0,,,,,,,,
101597244,Crashes_2010_2019_MPO,2017-03-28,2017,35.94787,-86.81866,False,0,0,0,,,,,,,,
101596614,Crashes_2010_2019_MPO,2017-03-28,2017,36.04001,-86.74347,False,0,0,0,,,,,,,,
101596602,Crashes_2010_2019_MPO,2017-03-28,2017,36.04255,-86.74405,False,0,0,0,,,,,,,,
101595957,Crashes_2010_2019_MPO,2017-03-28,2017,36.03986,-86.7684,False,0,0,0,,,,,,,,
101596428,Crashes_2010_2019_MPO,2017-03-28,2017,35.96507,-86.79501,True,0,0,0,,,,,,,,
101596957,Crashes_2010_2019_MPO,2017-03-28,2017,36.04679,-86.71343,False,0,0,1,,,,,,,,
101595837,Crashes_2010_2019_MPO,2017-03-28,2017,35.97776,-86.80359,True,0,0,0,,,,,,,,
101595959,Crashes_2010_2019_MPO,2017-03-28,2017,36.04022,-86.78301,False,0,0,0,,,,,,,,
101597243,Crashes_2010_2019_MPO,2017-03-28,2017,35.97182,-86.82584,True,0,0,0,,,,,,,,
101596615,Crashes_2010_2019_MPO,2017-03-28,2017,35.9711,-86.67836,False,0,0,0,,,,,,,,
101595869,Crashes_2010_2019_MPO,2017-03-28,2017,35.94986,-86.75883,True,0,0,0,,,,,,,,
101596086,Crashes_2010_2019_MPO,2017-03-28,2017,35.94136,-86.8211,False,0,0,0,,,,,,,,
101596170,Crashes_2010_2019_MPO,2017-03-28,2017,35.94722,-86.85141,False,0,0,0,,,,,,,,
101596171,Crashes_2010_2019_MPO,2017-03-28,2017,36.04672,-86.71342,False,0,1,0,,,,,,,,
101598506,Crashes_2010_2019_MPO,2017-03-29,2017,35.95651,-86.8036,False,0,0,0,,,,,,,,
101597422,Crashes_2010_2019_MPO,2017-03-29,2017,36.04012,-86.78074,False,0,0,0,,,,,,,,
101597289,Crashes_2010_2019_MPO,2017-03-29,2017,36.03639,-86.78697,False,0,0,0,,,,,,,,
101597094,Crashes_2010_2019_MPO,2017-03-29,2017,35.96518,-86.80029,True,0,0,0,,,,,,,,
101597296,Crashes_2010_2019_MPO,2017-03-29,2017,36.04114,-86.77621,False,0,0,0,,,,,,,,
101597285,Crashes_2010_2019_MPO,2017-03-29,2017,35.94989,-86.81926,False,0,0,0,,,,,,,,
101600933,Crashes_2010_2019_MPO,2017-03-29,2017,35.99745,-86.79577,True,0,0,0,,,,,,,,
101597831,Crashes_2010_2019_MPO,2017-03-29,2017,36.03067,-86.7902,True,0,0,0,,,,,,,,
101597655,Crashes_2010_2019_MPO,2017-03-29,2017,35.95633,-86.81128,False,0,0,0,,,,,,,,
101597458,Crashes_2010_2019_MPO,2017-03-29,2017,35.92947,-86.84116,False,0,0,0,,,,,,,,
101597459,Crashes_2010_2019_MPO,2017-03-29,2017,35.95209,-86.81805,False,0,0,0,,,,,,,,
101597361,Crashes_2010_2019_MPO,2017-03-29,2017,36.01088,-86.78496,True,0,0,0,,,,,,,,
101597371,Crashes_2010_2019_MPO,2017-03-29,2017,36.03316,-86.77481,False,0,0,0,,,,,,,,
101597475,Crashes_2010_2019_MPO,2017-03-29,2017,35.95217,-86.81854,False,0,0,0,,,,,,,,
101598168,Crashes_2010_2019_MPO,2017-03-30,2017,36.04966,-86.71385,False,0,0,0,,,,,,,,
101598293,Crashes_2010_2019_MPO,2017-03-30,2017,36.04026,-86.8164,False,0,0,0,,,,,,,,
101598794,Crashes_2010_2019_MPO,2017-03-30,2017,35.97558,-86.79114,True,0,0,0,,,,,,,,
101598342,Crashes_2010_2019_MPO,2017-03-30,2017,36.04521,-86.74394,False,0,0,0,,,,,,,,
101597935,Crashes_2010_2019_MPO,2017-03-30,2017,36.0374,-86.79025,False,0,0,0,,,,,,,,
101598225,Crashes_2010_2019_MPO,2017-03-30,2017,35.99671,-86.79043,True,0,0,0,,,,,,,,
101598819,Crashes_2010_2019_MPO,2017-03-30,2017,36.00053,-86.80852,True,0,0,0,,,,,,,,
101598319,Crashes_2010_2019_MPO,2017-03-30,2017,36.03644,-86.67926,False,0,0,0,,,,,,,,
101598507,Crashes_2010_2019_MPO,2017-03-30,2017,35.94477,-86.82853,False,0,0,0,,,,,,,,
101598463,Crashes_2010_2019_MPO,2017-03-30,2017,36.03319,-86.7876,True,0,0,0,,,,,,,,
101598489,Crashes_2010_2019_MPO,2017-03-30,2017,35.9583,-86.8023,False,0,0,0,,,,,,,,
101597853,Crashes_2010_2019_MPO,2017-03-30,2017,36.00831,-86.80417,True,0,0,0,,,,,,,,
101598760,Crashes_2010_2019_MPO,2017-03-31,2017,36.03907,-86.77844,False,0,0,0,,,,,,,,
101602502,Crashes_2010_2019_MPO,2017-03-31,2017,35.94789,-86.69538,False,0,0,0,,,,,,,,
101599628,Crashes_2010_2019_MPO,2017-03-31,2017,36.05277,-86.71475,False,0,0,0,,,,,,,,
101600876,Crashes_2010_2019_MPO,2017-03-31,2017,35.96716,-86.81351,True,0,0,0,,,,,,,,
101602391,Crashes_2010_2019_MPO,2017-03-31,2017,36.03556,-86.78745,True,0,0,0,,,,,,,,
101600350,Crashes_2010_2019_MPO,2017-03-31,2017,35.93196,-86.79644,False,0,0,0,,,,,,,,
101600349,Crashes_2010_2019_MPO,2017-03-31,2017,35.93446,-86.81991,False,0,0,0,,,,,,,,
101599918,Crashes_2010_2019_MPO,2017-03-31,2017,35.97765,-86.77678,True,0,0,0,,,,,,,,
101598924,Crashes_2010_2019_MPO,2017-03-31,2017,35.98405,-86.71639,True,0,0,0,,,,,,,,
101599950,Crashes_2010_2019_MPO,2017-03-31,2017,36.0406,-86.78197,False,0,0,0,,,,,,,,
101598904,Crashes_2010_2019_MPO,2017-03-31,2017,36.00417,-86.79083,True,0,0,0,,,,,,,,
101605055,Crashes_2010_2019_MPO,2017-03-31,2017,35.94041,-86.83909,False,0,0,0,,,,,,,,
101600351,Crashes_2010_2019_MPO,2017-04-01,2017,35.93558,-86.82431,False,0,0,0,,,,,,,,
101600664,Crashes_2010_2019_MPO,2017-04-01,2017,36.04068,-86.77189,False,0,0,0,,,,,,,,
101609603,Crashes_2010_2019_MPO,2017-04-01,2017,35.997561,-86.794651,True,0,0,0,,,,,,,,
101600437,Crashes_2010_2019_MPO,2017-04-01,2017,36.05184,-86.71446,False,0,0,0,,,,,,,,
101600454,Crashes_2010_2019_MPO,2017-04-01,2017,36.04231,-86.72652,False,0,0,0,,,,,,,,
101600552,Crashes_2010_2019_MPO,2017-04-01,2017,36.04547,-86.71221,False,0,0,0,,,,,,,,
101601384,Crashes_2010_2019_MPO,2017-04-02,2017,36.04073,-86.78124,False,0,0,0,,,,,,,,
101601073,Crashes_2010_2019_MPO,2017-04-02,2017,36.04028,-86.76837,False,0,0,0,,,,,,,,
101601767,Crashes_2010_2019_MPO,2017-04-02,2017,35.9983,-86.80309,True,0,0,0,,,,,,,,
101601341,Crashes_2010_2019_MPO,2017-04-02,2017,35.999111,-86.779343,True,0,0,0,,,,,,,,
101601621,Crashes_2010_2019_MPO,2017-04-02,2017,36.04068,-86.72693,False,0,0,0,,,,,,,,
101601540,Crashes_2010_2019_MPO,2017-04-02,2017,36.04486,-86.74398,False,0,0,0,,,,,,,,
101600820,Crashes_2010_2019_MPO,2017-04-02,2017,35.95435,-86.81195,False,0,0,0,,,,,,,,
101602155,Crashes_2010_2019_MPO,2017-04-02,2017,35.9509,-86.80665,False,0,0,0,,,,,,,,
101600769,Crashes_2010_2019_MPO,2017-04-02,2017,36.01286,-86.80081,True,0,0,0,,,,,,,,
101600821,Crashes_2010_2019_MPO,2017-04-02,2017,36.04586,-86.71332,False,0,0,0,,,,,,,,
101601314,Crashes_2010_2019_MPO,2017-04-02,2017,36.0453,-86.70168,False,0,0,0,,,,,,,,
101601432,Crashes_2010_2019_MPO,2017-04-02,2017,36.04063,-86.77142,False,0,0,0,,,,,,,,
101601664,Crashes_2010_2019_MPO,2017-04-02,2017,35.94765,-86.82196,False,0,1,0,,,,,,,,
101603467,Crashes_2010_2019_MPO,2017-04-02,2017,35.96716,-86.81351,True,0,0,0,,,,,,,,
101602369,Crashes_2010_2019_MPO,2017-04-03,2017,36.01392,-86.71935,False,0,0,0,,,,,,,,
101602324,Crashes_2010_2019_MPO,2017-04-03,2017,36.031,-86.71145,False,0,0,0,,,,,,,,
101602426,Crashes_2010_2019_MPO,2017-04-03,2017,36.03358,-86.7805,True,0,0,0,,,,,,,,
101602137,Crashes_2010_2019_MPO,2017-04-03,2017,36.01592,-86.71521,False,0,0,0,,,,,,,,
101601935,Crashes_2010_2019_MPO,2017-04-03,2017,36.04063,-86.78258,False,0,0,0,,,,,,,,
101602438,Crashes_2010_2019_MPO,2017-04-03,2017,36.03164,-86.71266,False,0,0,0,,,,,,,,
101601937,Crashes_2010_2019_MPO,2017-04-03,2017,35.94675,-86.85178,False,0,0,0,,,,,,,,
101601782,Crashes_2010_2019_MPO,2017-04-03,2017,36.02973,-86.7837,True,0,0,0,,,,,,,,
101602637,Crashes_2010_2019_MPO,2017-04-03,2017,36.04065,-86.74458,False,0,0,0,,,,,,,,
101601969,Crashes_2010_2019_MPO,2017-04-03,2017,36.03244,-86.76748,False,0,0,0,,,,,,,,
101602532,Crashes_2010_2019_MPO,2017-04-03,2017,36.04546,-86.70403,False,0,0,0,,,,,,,,
101603466,Crashes_2010_2019_MPO,2017-04-03,2017,36.00917,-86.7778,True,0,0,0,,,,,,,,
101601828,Crashes_2010_2019_MPO,2017-04-03,2017,36.03847,-86.71299,False,0,0,0,,,,,,,,
101602485,Crashes_2010_2019_MPO,2017-04-03,2017,36.05035,-86.8754,False,0,0,0,,,,,,,,
101602326,Crashes_2010_2019_MPO,2017-04-03,2017,35.97716,-86.67813,False,0,0,0,,,,,,,,
101601905,Crashes_2010_2019_MPO,2017-04-03,2017,35.97635,-86.82803,True,0,0,0,,,,,,,,
101603648,Crashes_2010_2019_MPO,2017-04-03,2017,35.92664,-86.87024,False,0,0,0,,,,,,,,
101602160,Crashes_2010_2019_MPO,2017-04-03,2017,36.02173,-86.71069,False,0,0,0,,,,,,,,
101602389,Crashes_2010_2019_MPO,2017-04-03,2017,36.04524,-86.72514,False,0,0,0,,,,,,,,
101602683,Crashes_2010_2019_MPO,2017-04-04,2017,35.95317,-86.81236,False,0,0,0,,,,,,,,
101602790,Crashes_2010_2019_MPO,2017-04-04,2017,36.04662,-86.86331,False,0,0,0,,,,,,,,