record_no,source_layer,collision_ts,crash_year,latitude,longitude,in_city,fatalities,non_motorists,truck_involved,serious_injuries,pedestrian,bicycle,crash_type,manner_of_collision,lighting,weather,first_harmful_event
101604084,Crashes_2010_2019_MPO,2017-04-04,2017,36.03307,-86.78189,True,0,0,0,,,,,,,,
101603511,Crashes_2010_2019_MPO,2017-04-04,2017,36.04118,-86.77659,False,0,0,0,,,,,,,,
101603460,Crashes_2010_2019_MPO,2017-04-04,2017,35.96788,-86.81839,True,0,0,0,,,,,,,,
101602710,Crashes_2010_2019_MPO,2017-04-04,2017,35.94804,-86.86368,False,0,0,0,,,,,,,,
101603261,Crashes_2010_2019_MPO,2017-04-04,2017,36.04868,-86.7069,False,0,0,0,,,,,,,,
101602891,Crashes_2010_2019_MPO,2017-04-04,2017,36.02855,-86.71259,False,0,0,0,,,,,,,,
101604436,Crashes_2010_2019_MPO,2017-04-04,2017,35.98524,-86.72912,True,0,0,0,,,,,,,,
101602717,Crashes_2010_2019_MPO,2017-04-04,2017,35.94978,-86.81329,False,0,0,0,,,,,,,,
101603492,Crashes_2010_2019_MPO,2017-04-04,2017,36.05481,-86.72874,False,0,0,0,,,,,,,,
101603481,Crashes_2010_2019_MPO,2017-04-04,2017,36.05208,-86.71453,False,0,0,0,,,,,,,,
101605258,Crashes_2010_2019_MPO,2017-04-04,2017,35.94785,-86.81962,False,0,0,0,,,,,,,,
101611486,Crashes_2010_2019_MPO,2017-04-04,2017,36.0302,-86.87597,False,0,0,0,,,,,,,,
101603225,Crashes_2010_2019_MPO,2017-04-04,2017,35.94675,-86.85178,False,0,0,0,,,,,,,,
101603403,Crashes_2010_2019_MPO,2017-04-04,2017,36.03778,-86.79541,False,0,0,0,,,,,,,,
101605683,Crashes_2010_2019_MPO,2017-04-05,2017,35.96716,-86.81351,True,0,0,0,,,,,,,,
101605373,Crashes_2010_2019_MPO,2017-04-05,2017,36.03403,-86.80162,True,0,0,0,,,,,,,,
101604707,Crashes_2010_2019_MPO,2017-04-05,2017,36.03403,-86.80162,True,0,0,0,,,,,,,,
101605265,Crashes_2010_2019_MPO,2017-04-05,2017,35.96546,-86.81152,False,0,0,0,,,,,,,,
101605262,Crashes_2010_2019_MPO,2017-04-05,2017,35.95681,-86.80308,False,0,1,0,,,,,,,,
101607970,Crashes_2010_2019_MPO,2017-04-05,2017,35.931,-86.86359,False,0,0,0,,,,,,,,
101604698,Crashes_2010_2019_MPO,2017-04-05,2017,36.0374,-86.78657,False,0,0,0,,,,,,,,
101604560,Crashes_2010_2019_MPO,2017-04-05,2017,36.0473,-86.86274,False,0,0,0,,,,,,,,
101604866,Crashes_2010_2019_MPO,2017-04-05,2017,35.93505,-86.82525,False,0,0,0,,,,,,,,
101604772,Crashes_2010_2019_MPO,2017-04-05,2017,36.03322,-86.78531,True,0,0,0,,,,,,,,
101604083,Crashes_2010_2019_MPO,2017-04-05,2017,36.04373,-86.71308,False,0,0,0,,,,,,,,
101604853,Crashes_2010_2019_MPO,2017-04-05,2017,35.92896,-86.78649,False,0,0,0,,,,,,,,
101604144,Crashes_2010_2019_MPO,2017-04-05,2017,35.97039,-86.77379,True,0,0,0,,,,,,,,
101604195,Crashes_2010_2019_MPO,2017-04-05,2017,36.03323,-86.71135,False,0,0,0,,,,,,,,
101604162,Crashes_2010_2019_MPO,2017-04-05,2017,36.03248,-86.78335,True,0,0,0,,,,,,,,
101607164,Crashes_2010_2019_MPO,2017-04-05,2017,35.9325,-86.86247,False,0,0,0,,,,,,,,
101604448,Crashes_2010_2019_MPO,2017-04-05,2017,35.94749,-86.8512,False,0,0,0,,,,,,,,
101604330,Crashes_2010_2019_MPO,2017-04-05,2017,35.93885,-86.6853,False,0,0,0,,,,,,,,
101603961,Crashes_2010_2019_MPO,2017-04-05,2017,35.94683,-86.85172,False,0,0,1,,,,,,,,
101604387,Crashes_2010_2019_MPO,2017-04-05,2017,35.99687,-86.68989,False,0,0,0,,,,,,,,
101605684,Crashes_2010_2019_MPO,2017-04-05,2017,35.96599,-86.80466,True,0,0,0,,,,,,,,
101604700,Crashes_2010_2019_MPO,2017-04-05,2017,36.01541,-86.78592,True,0,0,0,,,,,,,,
101606064,Crashes_2010_2019_MPO,2017-04-06,2017,36.04751,-86.71876,False,0,0,0,,,,,,,,
101607247,Crashes_2010_2019_MPO,2017-04-06,2017,35.94823,-86.81934,False,0,0,0,,,,,,,,
101605758,Crashes_2010_2019_MPO,2017-04-06,2017,36.03916,-86.78231,False,0,0,0,,,,,,,,
101605413,Crashes_2010_2019_MPO,2017-04-06,2017,35.99753,-86.79638,True,0,0,0,,,,,,,,
101605874,Crashes_2010_2019_MPO,2017-04-06,2017,35.95114,-86.80778,False,0,0,0,,,,,,,,
101606462,Crashes_2010_2019_MPO,2017-04-06,2017,36.00717,-86.78806,True,0,0,0,,,,,,,,
101605316,Crashes_2010_2019_MPO,2017-04-06,2017,35.98128,-86.82205,True,0,0,0,,,,,,,,
101605139,Crashes_2010_2019_MPO,2017-04-06,2017,35.9638,-86.80842,False,0,0,0,,,,,,,,
101605590,Crashes_2010_2019_MPO,2017-04-06,2017,35.93457,-86.8195,False,0,0,0,,,,,,,,
101605189,Crashes_2010_2019_MPO,2017-04-06,2017,36.04547,-86.72498,False,0,0,0,,,,,,,,
101605207,Crashes_2010_2019_MPO,2017-04-06,2017,36.01214,-86.70344,False,0,0,0,,,,,,,,
101605243,Crashes_2010_2019_MPO,2017-04-06,2017,36.04199,-86.78234,False,0,0,0,,,,,,,,
101605719,Crashes_2010_2019_MPO,2017-04-06,2017,36.04543,-86.70367,False,0,0,0,,,,,,,,
101605587,Crashes_2010_2019_MPO,2017-04-06,2017,35.93407,-86.82398,False,0,0,0,,,,,,,,
101605498,Crashes_2010_2019_MPO,2017-04-06,2017,36.03564,-86.80849,True,0,0,0,,,,,,,,
101606227,Crashes_2010_2019_MPO,2017-04-07,2017,35.94595,-86.81488,False,0,0,0,,,,,,,,
101607109,Crashes_2010_2019_MPO,2017-04-07,2017,35.96408,-86.81457,False,0,0,0,,,,,,,,
101607925,Crashes_2010_2019_MPO,2017-04-07,2017,35.99287,-86.72289,True,0,0,0,,,,,,,,
101606407,Crashes_2010_2019_MPO,2017-04-07,2017,35.99302,-86.82885,True,0,0,0,,,,,,,,
101606735,Crashes_2010_2019_MPO,2017-04-07,2017,36.04122,-86.77698,False,0,0,0,,,,,,,,
101606936,Crashes_2010_2019_MPO,2017-04-07,2017,35.99551,-86.77887,True,0,0,0,,,,,,,,
101606382,Crashes_2010_2019_MPO,2017-04-07,2017,35.99781,-86.79886,True,0,0,0,,,,,,,,
101606894,Crashes_2010_2019_MPO,2017-04-07,2017,35.96688,-86.81116,True,0,0,0,,,,,,,,
101608141,Crashes_2010_2019_MPO,2017-04-07,2017,35.95524,-86.84497,False,0,0,0,,,,,,,,
101607926,Crashes_2010_2019_MPO,2017-04-07,2017,35.99443,-86.76641,True,0,0,0,,,,,,,,
101608142,Crashes_2010_2019_MPO,2017-04-07,2017,35.94667,-86.83159,False,0,0,0,,,,,,,,
101606183,Crashes_2010_2019_MPO,2017-04-07,2017,35.96532,-86.70293,False,0,0,0,,,,,,,,
101608140,Crashes_2010_2019_MPO,2017-04-07,2017,35.93446,-86.81991,False,0,0,0,,,,,,,,
101607227,Crashes_2010_2019_MPO,2017-04-07,2017,36.04612,-86.71335,False,0,0,0,,,,,,,,
101606440,Crashes_2010_2019_MPO,2017-04-07,2017,35.99018,-86.74642,True,0,0,0,,,,,,,,
101607511,Crashes_2010_2019_MPO,2017-04-08,2017,36.04925,-86.73131,False,0,0,0,,,,,,,,
101608549,Crashes_2010_2019_MPO,2017-04-08,2017,35.95594,-86.83223,False,0,0,0,,,,,,,,
101608371,Crashes_2010_2019_MPO,2017-04-08,2017,35.92884,-86.86988,False,0,0,0,,,,,,,,
101607471,Crashes_2010_2019_MPO,2017-04-08,2017,36.03019,-86.78389,True,0,0,0,,,,,,,,
101607820,Crashes_2010_2019_MPO,2017-04-08,2017,36.03761,-86.78512,False,0,0,0,,,,,,,,
101607714,Crashes_2010_2019_MPO,2017-04-08,2017,36.0483,-86.86635,False,0,0,0,,,,,,,,
101608145,Crashes_2010_2019_MPO,2017-04-08,2017,35.93314,-86.87751,False,0,0,0,,,,,,,,
101607730,Crashes_2010_2019_MPO,2017-04-08,2017,35.94778,-86.81994,False,0,0,0,,,,,,,,
101608144,Crashes_2010_2019_MPO,2017-04-08,2017,35.94596,-86.82336,False,0,0,0,,,,,,,,
101609913,Crashes_2010_2019_MPO,2017-04-08,2017,35.969155,-86.80714,True,0,0,0,,,,,,,,
101609129,Crashes_2010_2019_MPO,2017-04-09,2017,35.96518,-86.80029,True,0,0,0,,,,,,,,
101609652,Crashes_2010_2019_MPO,2017-04-09,2017,35.97685,-86.76893,True,0,0,0,,,,,,,,
101609475,Crashes_2010_2019_MPO,2017-04-09,2017,35.92738,-86.8687,False,0,0,0,,,,,,,,
101610139,Crashes_2010_2019_MPO,2017-04-09,2017,35.983261,-86.68838,True,0,0,0,,,,,,,,
101609000,Crashes_2010_2019_MPO,2017-04-09,2017,35.93731,-86.87881,False,0,0,0,,,,,,,,
101609928,Crashes_2010_2019_MPO,2017-04-10,2017,36.03774,-86.7848,False,0,0,0,,,,,,,,
101610128,Crashes_2010_2019_MPO,2017-04-10,2017,36.03551,-86.78748,True,0,0,0,,,,,,,,
101610973,Crashes_2010_2019_MPO,2017-04-10,2017,35.97334,-86.83305,True,0,0,0,,,,,,,,
101609685,Crashes_2010_2019_MPO,2017-04-10,2017,36.03319,-86.7876,True,0,0,0,,,,,,,,
101610109,Crashes_2010_2019_MPO,2017-04-10,2017,36.02023,-86.71027,False,0,0,0,,,,,,,,
101609674,Crashes_2010_2019_MPO,2017-04-10,2017,36.04612,-86.71335,False,0,0,0,,,,,,,,
101611130,Crashes_2010_2019_MPO,2017-04-10,2017,35.94433,-86.8199,False,0,0,0,,,,,,,,
101609606,Crashes_2010_2019_MPO,2017-04-10,2017,36.04112,-86.77602,False,0,0,0,,,,,,,,
101610207,Crashes_2010_2019_MPO,2017-04-10,2017,35.93446,-86.81991,False,0,0,0,,,,,,,,
101609884,Crashes_2010_2019_MPO,2017-04-10,2017,35.95209,-86.81805,False,0,0,0,,,,,,,,
101609886,Crashes_2010_2019_MPO,2017-04-10,2017,36.0061,-86.68823,False,0,0,0,,,,,,,,
101610023,Crashes_2010_2019_MPO,2017-04-10,2017,35.96481,-86.81431,False,0,0,0,,,,,,,,
101610361,Crashes_2010_2019_MPO,2017-04-10,2017,36.00215,-86.80769,True,0,0,0,,,,,,,,
101609920,Crashes_2010_2019_MPO,2017-04-10,2017,36.05366,-86.71502,False,0,0,0,,,,,,,,
101610347,Crashes_2010_2019_MPO,2017-04-10,2017,35.92925,-86.85341,False,0,0,0,,,,,,,,
101610060,Crashes_2010_2019_MPO,2017-04-10,2017,35.92654,-86.86991,False,0,0,0,,,,,,,,
101609912,Crashes_2010_2019_MPO,2017-04-10,2017,36.03809,-86.79938,False,0,0,0,,,,,,,,
101610222,Crashes_2010_2019_MPO,2017-04-10,2017,36.0374,-86.78657,False,0,0,0,,,,,,,,
101609824,Crashes_2010_2019_MPO,2017-04-10,2017,36.03883,-86.76747,False,0,0,0,,,,,,,,
101610111,Crashes_2010_2019_MPO,2017-04-10,2017,35.99079,-86.75111,True,0,0,0,,,,,,,,
101611129,Crashes_2010_2019_MPO,2017-04-10,2017,35.94234,-86.81613,False,0,0,0,,,,,,,,
101609663,Crashes_2010_2019_MPO,2017-04-10,2017,35.94351,-86.81547,False,0,0,0,,,,,,,,
101609797,Crashes_2010_2019_MPO,2017-04-10,2017,36.0409,-86.77938,False,0,0,0,,,,,,,,
101610990,Crashes_2010_2019_MPO,2017-04-11,2017,36.04001,-86.74347,False,0,0,0,,,,,,,,
101610605,Crashes_2010_2019_MPO,2017-04-11,2017,35.98861,-86.79983,True,0,0,0,,,,,,,,
101610620,Crashes_2010_2019_MPO,2017-04-11,2017,35.92649,-86.82536,False,0,0,0,,,,,,,,
101611538,Crashes_2010_2019_MPO,2017-04-11,2017,35.99572,-86.78112,True,0,0,0,,,,,,,,
101610634,Crashes_2010_2019_MPO,2017-04-11,2017,36.04298,-86.8421,False,0,0,0,,,,,,,,
101610951,Crashes_2010_2019_MPO,2017-04-11,2017,35.92641,-86.82447,False,0,0,0,,,,,,,,
101611038,Crashes_2010_2019_MPO,2017-04-11,2017,36.04711,-86.71347,False,0,0,0,,,,,,,,
101611186,Crashes_2010_2019_MPO,2017-04-11,2017,35.9546,-86.8141,False,0,0,0,,,,,,,,
101619073,Crashes_2010_2019_MPO,2017-04-12,2017,36.01293,-86.78522,True,0,0,0,,,,,,,,
101612458,Crashes_2010_2019_MPO,2017-04-12,2017,36.03336,-86.78872,True,0,0,0,,,,,,,,
101616585,Crashes_2010_2019_MPO,2017-04-12,2017,35.92832,-86.76615,False,0,0,0,,,,,,,,
101612162,Crashes_2010_2019_MPO,2017-04-12,2017,36.0465,-86.67783,False,0,0,0,,,,,,,,
101613477,Crashes_2010_2019_MPO,2017-04-12,2017,35.92546,-86.87275,False,0,0,0,,,,,,,,
101611683,Crashes_2010_2019_MPO,2017-04-12,2017,35.97007,-86.77365,True,0,0,0,,,,,,,,
101611611,Crashes_2010_2019_MPO,2017-04-12,2017,35.9638,-86.80842,False,0,0,0,,,,,,,,
101619074,Crashes_2010_2019_MPO,2017-04-12,2017,36.01297,-86.78523,True,0,0,0,,,,,,,,
101612147,Crashes_2010_2019_MPO,2017-04-12,2017,35.9495,-86.81951,False,0,0,0,,,,,,,,
101612093,Crashes_2010_2019_MPO,2017-04-12,2017,35.9407,-86.8316,False,0,0,0,,,,,,,,
101613273,Crashes_2010_2019_MPO,2017-04-12,2017,35.92361,-86.767,False,0,0,0,,,,,,,,
101611572,Crashes_2010_2019_MPO,2017-04-12,2017,35.99812,-86.8015,True,0,0,0,,,,,,,,
101612610,Crashes_2010_2019_MPO,2017-04-12,2017,35.94683,-86.85172,False,0,0,0,,,,,,,,
101611859,Crashes_2010_2019_MPO,2017-04-12,2017,36.04527,-86.71713,False,0,0,0,,,,,,,,
101612708,Crashes_2010_2019_MPO,2017-04-12,2017,36.03311,-86.78656,True,0,1,0,,,,,,,,
101611775,Crashes_2010_2019_MPO,2017-04-12,2017,35.92929,-86.86486,False,0,0,0,,,,,,,,
101611898,Crashes_2010_2019_MPO,2017-04-12,2017,36.03814,-86.78401,False,0,0,0,,,,,,,,
101617383,Crashes_2010_2019_MPO,2017-04-12,2017,35.93217,-86.80357,False,0,0,0,,,,,,,,
101612180,Crashes_2010_2019_MPO,2017-04-12,2017,36.02138,-86.71138,False,0,0,0,,,,,,,,
101612743,Crashes_2010_2019_MPO,2017-04-13,2017,35.93399,-86.86136,False,0,0,0,,,,,,,,
101619009,Crashes_2010_2019_MPO,2017-04-13,2017,36.01747,-86.78651,True,0,0,0,,,,,,,,
101612737,Crashes_2010_2019_MPO,2017-04-13,2017,36.0205,-86.78268,True,0,0,1,,,,,,,,
101612739,Crashes_2010_2019_MPO,2017-04-13,2017,35.99473,-86.77875,True,0,0,0,,,,,,,,
101613397,Crashes_2010_2019_MPO,2017-04-13,2017,36.03386,-86.78843,True,0,0,0,,,,,,,,
101614852,Crashes_2010_2019_MPO,2017-04-13,2017,35.97716,-86.87622,False,0,0,0,,,,,,,,
101614851,Crashes_2010_2019_MPO,2017-04-13,2017,35.97563,-86.8586,False,0,0,0,,,,,,,,
101613372,Crashes_2010_2019_MPO,2017-04-13,2017,36.04381,-86.78103,False,0,0,0,,,,,,,,
101613130,Crashes_2010_2019_MPO,2017-04-13,2017,36.0374,-86.78657,False,0,0,0,,,,,,,,
101613115,Crashes_2010_2019_MPO,2017-04-13,2017,35.93374,-86.81773,False,0,0,0,,,,,,,,
101613393,Crashes_2010_2019_MPO,2017-04-13,2017,35.93507,-86.82244,False,0,0,0,,,,,,,,
101612797,Crashes_2010_2019_MPO,2017-04-13,2017,35.99036,-86.74797,True,0,0,0,,,,,,,,
101613159,Crashes_2010_2019_MPO,2017-04-13,2017,36.03886,-86.7826,False,0,0,0,,,,,,,,
101614258,Crashes_2010_2019_MPO,2017-04-14,2017,36.04152,-86.77616,False,0,0,0,,,,,,,,
101615844,Crashes_2010_2019_MPO,2017-04-14,2017,36.0263,-86.79263,True,0,0,0,,,,,,,,
101619455,Crashes_2010_2019_MPO,2017-04-14,2017,35.96435,-86.81337,False,0,0,0,,,,,,,,
101613909,Crashes_2010_2019_MPO,2017-04-14,2017,35.96946,-86.82,True,0,0,0,,,,,,,,
101615962,Crashes_2010_2019_MPO,2017-04-14,2017,35.9324,-86.86254,False,0,0,0,,,,,,,,
101617389,Crashes_2010_2019_MPO,2017-04-14,2017,35.96187,-86.81461,False,0,0,0,,,,,,,,
101614591,Crashes_2010_2019_MPO,2017-04-14,2017,36.01326,-86.80051,True,0,0,0,,,,,,,,
101615964,Crashes_2010_2019_MPO,2017-04-15,2017,35.92584,-86.86759,False,0,0,0,,,,,,,,
101615987,Crashes_2010_2019_MPO,2017-04-15,2017,36.03195,-86.76275,False,0,0,0,,,,,,,,
101615999,Crashes_2010_2019_MPO,2017-04-15,2017,36.04132,-86.74859,False,0,0,0,,,,,,,,
101615779,Crashes_2010_2019_MPO,2017-04-15,2017,36.04609,-86.71335,False,0,0,0,,,,,,,,
101618057,Crashes_2010_2019_MPO,2017-04-15,2017,35.9463,-86.8085,False,0,0,0,,,,,,,,
101616194,Crashes_2010_2019_MPO,2017-04-15,2017,36.04008,-86.78226,False,0,0,0,,,,,,,,
101616889,Crashes_2010_2019_MPO,2017-04-16,2017,35.93423,-86.81894,False,0,0,0,,,,,,,,
101616834,Crashes_2010_2019_MPO,2017-04-16,2017,36.04493,-86.71321,False,0,0,0,,,,,,,,
101616742,Crashes_2010_2019_MPO,2017-04-16,2017,36.03951,-86.78172,False,0,0,0,,,,,,,,
101616399,Crashes_2010_2019_MPO,2017-04-16,2017,36.04616,-86.71823,False,0,0,0,,,,,,,,
101616368,Crashes_2010_2019_MPO,2017-04-16,2017,36.04695,-86.68182,False,0,0,0,,,,,,,,
101617209,Crashes_2010_2019_MPO,2017-04-16,2017,36.03892,-86.67733,False,0,0,0,,,,,,,,
101617029,Crashes_2010_2019_MPO,2017-04-16,2017,35.96563,-86.78178,True,0,0,0,,,,,,,,
101617203,Crashes_2010_2019_MPO,2017-04-16,2017,36.04781,-86.86231,False,0,0,0,,,,,,,,
101616696,Crashes_2010_2019_MPO,2017-04-16,2017,35.9667,-86.83805,False,0,0,0,,,,,,,,
101617562,Crashes_2010_2019_MPO,2017-04-17,2017,35.96924,-86.70648,True,0,0,0,,,,,,,,
101617630,Crashes_2010_2019_MPO,2017-04-17,2017,35.94683,-86.85172,False,0,0,0,,,,,,,,
101617755,Crashes_2010_2019_MPO,2017-04-17,2017,35.98439,-86.72434,True,0,0,0,,,,,,,,
101617735,Crashes_2010_2019_MPO,2017-04-17,2017,35.94616,-86.80856,False,0,0,0,,,,,,,,
101617933,Crashes_2010_2019_MPO,2017-04-17,2017,35.94838,-86.80772,False,0,0,0,,,,,,,,
101617941,Crashes_2010_2019_MPO,2017-04-17,2017,35.97391,-86.83253,True,0,0,0,,,,,,,,
101617858,Crashes_2010_2019_MPO,2017-04-17,2017,35.97902,-86.81818,True,0,0,0,,,,,,,,
101617733,Crashes_2010_2019_MPO,2017-04-17,2017,35.97272,-86.83359,False,0,0,0,,,,,,,,
101617581,Crashes_2010_2019_MPO,2017-04-17,2017,36.03734,-86.78658,False,0,0,0,,,,,,,,
101617987,Crashes_2010_2019_MPO,2017-04-17,2017,36.05476,-86.70091,False,0,0,0,,,,,,,,
101618401,Crashes_2010_2019_MPO,2017-04-17,2017,35.96301,-86.80906,False,0,0,0,,,,,,,,
101617871,Crashes_2010_2019_MPO,2017-04-17,2017,36.04537,-86.71326,False,0,0,0,,,,,,,,
101617591,Crashes_2010_2019_MPO,2017-04-17,2017,36.04476,-86.7811,False,0,0,0,,,,,,,,
101617958,Crashes_2010_2019_MPO,2017-04-17,2017,35.97765,-86.77678,True,0,0,0,,,,,,,,
101618400,Crashes_2010_2019_MPO,2017-04-17,2017,35.94609,-86.82353,False,0,0,0,,,,,,,,
101617734,Crashes_2010_2019_MPO,2017-04-17,2017,35.93035,-86.86407,False,0,0,0,,,,,,,,
101617983,Crashes_2010_2019_MPO,2017-04-17,2017,36.03216,-86.78364,True,0,0,0,,,,,,,,
101618652,Crashes_2010_2019_MPO,2017-04-17,2017,35.97334,-86.83305,True,0,0,0,,,,,,,,
101617951,Crashes_2010_2019_MPO,2017-04-17,2017,36.03749,-86.78506,False,0,0,0,,,,,,,,
101618765,Crashes_2010_2019_MPO,2017-04-18,2017,36.04175,-86.78241,False,0,0,0,,,,,,,,
101618544,Crashes_2010_2019_MPO,2017-04-18,2017,35.96208,-86.70686,True,0,0,0,,,,,,,,
101618817,Crashes_2010_2019_MPO,2017-04-18,2017,35.94736,-86.81967,False,0,0,0,,,,,,,,
101618815,Crashes_2010_2019_MPO,2017-04-18,2017,36.04535,-86.71338,False,0,0,0,,,,,,,,
101618468,Crashes_2010_2019_MPO,2017-04-18,2017,35.93456,-86.82115,False,0,0,0,,,,,,,,
101618787,Crashes_2010_2019_MPO,2017-04-18,2017,35.94652,-86.80943,False,0,0,0,,,,,,,,
101619404,Crashes_2010_2019_MPO,2017-04-18,2017,35.99938,-86.79566,True,0,0,0,,,,,,,,
101618713,Crashes_2010_2019_MPO,2017-04-18,2017,35.96702,-86.80876,True,0,0,0,,,,,,,,
101619350,Crashes_2010_2019_MPO,2017-04-18,2017,35.92987,-86.86443,False,0,0,0,,,,,,,,
101619815,Crashes_2010_2019_MPO,2017-04-18,2017,35.95516,-86.81493,False,0,0,0,,,,,,,,
101618686,Crashes_2010_2019_MPO,2017-04-18,2017,36.03312,-86.78699,True,0,0,0,,,,,,,,
101618777,Crashes_2010_2019_MPO,2017-04-18,2017,35.99751,-86.79674,True,0,0,0,,,,,,,,
101618270,Crashes_2010_2019_MPO,2017-04-18,2017,35.94683,-86.85172,False,0,0,0,,,,,,,,
101619814,Crashes_2010_2019_MPO,2017-04-18,2017,35.92431,-86.86923,False,0,0,0,,,,,,,,
101618651,Crashes_2010_2019_MPO,2017-04-18,2017,36.0137,-86.80455,True,0,0,0,,,,,,,,
101618977,Crashes_2010_2019_MPO,2017-04-18,2017,36.04026,-86.8164,False,0,0,0,,,,,,,,
101619091,Crashes_2010_2019_MPO,2017-04-18,2017,35.92481,-86.87408,False,0,1,0,,,,,,,,
101618812,Crashes_2010_2019_MPO,2017-04-18,2017,35.97715,-86.87611,False,0,0,0,,,,,,,,
101618897,Crashes_2010_2019_MPO,2017-04-18,2017,36.03974,-86.76327,False,0,0,0,,,,,,,,
101619046,Crashes_2010_2019_MPO,2017-04-18,2017,36.02663,-86.87824,False,0,0,0,,,,,,,,
101618616,Crashes_2010_2019_MPO,2017-04-18,2017,36.03991,-86.74205,False,0,0,0,,,,,,,,
101618751,Crashes_2010_2019_MPO,2017-04-18,2017,36.0085,-86.78038,True,0,0,0,,,,,,,,
101619244,Crashes_2010_2019_MPO,2017-04-19,2017,36.03156,-86.71265,False,0,0,0,,,,,,,,
101619697,Crashes_2010_2019_MPO,2017-04-19,2017,36.04171,-86.74827,False,0,0,0,,,,,,,,
101619849,Crashes_2010_2019_MPO,2017-04-19,2017,35.93812,-86.82194,False,0,0,0,,,,,,,,
101620360,Crashes_2010_2019_MPO,2017-04-19,2017,35.95254,-86.84715,False,0,0,0,,,,,,,,
101619247,Crashes_2010_2019_MPO,2017-04-19,2017,35.934,-86.81878,False,0,0,0,,,,,,,,
101619736,Crashes_2010_2019_MPO,2017-04-19,2017,36.0317,-86.7835,True,0,0,0,,,,,,,,
101619957,Crashes_2010_2019_MPO,2017-04-19,2017,36.01676,-86.78631,True,0,0,0,,,,,,,,
101619850,Crashes_2010_2019_MPO,2017-04-19,2017,35.94782,-86.81975,False,0,0,0,,,,,,,,
101619860,Crashes_2010_2019_MPO,2017-04-19,2017,36.0409,-86.77938,False,0,0,0,,,,,,,,
101619567,Crashes_2010_2019_MPO,2017-04-19,2017,36.04017,-86.78077,False,0,0,0,,,,,,,,
101619734,Crashes_2010_2019_MPO,2017-04-19,2017,36.04012,-86.78074,False,0,0,0,,,,,,,,
101620527,Crashes_2010_2019_MPO,2017-04-19,2017,35.9407,-86.8316,False,0,0,0,,,,,,,,
101620792,Crashes_2010_2019_MPO,2017-04-20,2017,36.04529,-86.71732,False,0,0,0,,,,,,,,
101620761,Crashes_2010_2019_MPO,2017-04-20,2017,35.96599,-86.80518,True,0,0,0,,,,,,,,
101620502,Crashes_2010_2019_MPO,2017-04-20,2017,35.95775,-86.80192,False,0,0,0,,,,,,,,
101620175,Crashes_2010_2019_MPO,2017-04-20,2017,36.04007,-86.78122,False,0,0,0,,,,,,,,
101621041,Crashes_2010_2019_MPO,2017-04-20,2017,35.92734,-86.82693,False,0,0,0,,,,,,,,
101620548,Crashes_2010_2019_MPO,2017-04-20,2017,35.93964,-86.8214,False,0,0,0,,,,,,,,
101620929,Crashes_2010_2019_MPO,2017-04-20,2017,35.93772,-86.87893,False,0,0,0,,,,,,,,
101620772,Crashes_2010_2019_MPO,2017-04-20,2017,35.99808,-86.8012,True,0,0,0,,,,,,,,
101621569,Crashes_2010_2019_MPO,2017-04-20,2017,35.99551,-86.77887,True,0,0,0,,,,,,,,
101620482,Crashes_2010_2019_MPO,2017-04-20,2017,35.93374,-86.81767,False,0,0,0,,,,,,,,
101620483,Crashes_2010_2019_MPO,2017-04-20,2017,35.94702,-86.81164,False,0,0,0,,,,,,,,
101620394,Crashes_2010_2019_MPO,2017-04-20,2017,36.0409,-86.77938,False,0,0,0,,,,,,,,
101620971,Crashes_2010_2019_MPO,2017-04-20,2017,36.04025,-86.76813,False,0,0,0,,,,,,,,
101620901,Crashes_2010_2019_MPO,2017-04-20,2017,36.03473,-86.78793,True,0,0,1,,,,,,,,
101621034,Crashes_2010_2019_MPO,2017-04-20,2017,36.04539,-86.70312,False,0,0,0,,,,,,,,
101620087,Crashes_2010_2019_MPO,2017-04-20,2017,36.03975,-86.7634,False,0,0,0,,,,,,,,
101620523,Crashes_2010_2019_MPO,2017-04-20,2017,35.92977,-86.82024,False,0,0,0,,,,,,,,
101621141,Crashes_2010_2019_MPO,2017-04-20,2017,35.9239,-86.86973,False,0,0,0,,,,,,,,
101621776,Crashes_2010_2019_MPO,2017-04-21,2017,36.03689,-86.81684,True,0,0,0,,,,,,,,
101621461,Crashes_2010_2019_MPO,2017-04-21,2017,36.01585,-86.82118,True,0,0,0,,,,,,,,
101621523,Crashes_2010_2019_MPO,2017-04-21,2017,36.04129,-86.7825,False,0,0,0,,,,,,,,
101621793,Crashes_2010_2019_MPO,2017-04-21,2017,36.01358,-86.78514,True,0,0,0,,,,,,,,
101621878,Crashes_2010_2019_MPO,2017-04-21,2017,36.03351,-86.78323,True,0,0,0,,,,,,,,
101623854,Crashes_2010_2019_MPO,2017-04-21,2017,35.93446,-86.81991,False,0,0,0,,,,,,,,
101622093,Crashes_2010_2019_MPO,2017-04-21,2017,36.03906,-86.78257,False,0,0,0,,,,,,,,
101622055,Crashes_2010_2019_MPO,2017-04-21,2017,36.04272,-86.70061,False,0,0,0,,,,,,,,
101621727,Crashes_2010_2019_MPO,2017-04-21,2017,35.98572,-86.73348,True,0,0,0,,,,,,,,
101621632,Crashes_2010_2019_MPO,2017-04-21,2017,36.04829,-86.86631,False,0,0,0,,,,,,,,
101621430,Crashes_2010_2019_MPO,2017-04-21,2017,36.05449,-86.7248,False,0,0,0,,,,,,,,
101622057,Crashes_2010_2019_MPO,2017-04-21,2017,36.04124,-86.78251,False,0,0,0,,,,,,,,
101621728,Crashes_2010_2019_MPO,2017-04-21,2017,35.98572,-86.73348,True,0,0,0,,,,,,,,
101622045,Crashes_2010_2019_MPO,2017-04-21,2017,36.04065,-86.78258,False,0,0,0,,,,,,,,
101621215,Crashes_2010_2019_MPO,2017-04-21,2017,35.93549,-86.82393,False,0,0,0,,,,,,,,
101623250,Crashes_2010_2019_MPO,2017-04-21,2017,35.98083,-86.69095,True,0,0,0,,,,,,,,
101621668,Crashes_2010_2019_MPO,2017-04-21,2017,36.05004,-86.74345,False,0,0,0,,,,,,,,