record_no,source_layer,collision_ts,crash_year,latitude,longitude,in_city,fatalities,non_motorists,truck_involved,serious_injuries,pedestrian,bicycle,crash_type,manner_of_collision,lighting,weather,first_harmful_event
101622714,Crashes_2010_2019_MPO,2017-04-21,2017,35.92844,-86.83378,False,0,0,0,,,,,,,,
101621222,Crashes_2010_2019_MPO,2017-04-21,2017,36.03983,-86.74095,False,0,0,0,,,,,,,,
101621477,Crashes_2010_2019_MPO,2017-04-21,2017,36.04048,-86.7826,False,0,0,0,,,,,,,,
101622724,Crashes_2010_2019_MPO,2017-04-21,2017,35.92254,-86.87194,False,0,0,0,,,,,,,,
101621443,Crashes_2010_2019_MPO,2017-04-21,2017,35.94458,-86.82278,False,0,0,0,,,,,,,,
101622553,Crashes_2010_2019_MPO,2017-04-22,2017,36.05145,-86.70271,False,0,0,0,,,,,,,,
101622880,Crashes_2010_2019_MPO,2017-04-22,2017,36.04809,-86.76001,False,0,0,0,,,,,,,,
101622456,Crashes_2010_2019_MPO,2017-04-22,2017,36.04062,-86.78259,False,0,0,0,,,,,,,,
101623032,Crashes_2010_2019_MPO,2017-04-22,2017,36.04172,-86.78242,False,0,0,0,,,,,,,,
101625871,Crashes_2010_2019_MPO,2017-04-22,2017,36.03658,-86.78375,False,1,0,0,,,,,,,,
101622713,Crashes_2010_2019_MPO,2017-04-22,2017,36.01401,-86.72008,False,0,0,0,,,,,,,,
101622681,Crashes_2010_2019_MPO,2017-04-22,2017,35.95385,-86.81441,False,0,0,0,,,,,,,,
101622433,Crashes_2010_2019_MPO,2017-04-22,2017,36.03677,-86.78465,False,0,0,0,,,,,,,,
101622587,Crashes_2010_2019_MPO,2017-04-22,2017,36.04184,-86.78239,False,0,0,0,,,,,,,,
101622518,Crashes_2010_2019_MPO,2017-04-22,2017,35.92641,-86.82453,False,0,0,0,,,,,,,,
101623030,Crashes_2010_2019_MPO,2017-04-22,2017,36.05392,-86.77515,False,0,0,0,,,,,,,,
101622727,Crashes_2010_2019_MPO,2017-04-22,2017,35.95772,-86.81127,False,0,0,0,,,,,,,,
101622415,Crashes_2010_2019_MPO,2017-04-22,2017,36.03822,-86.7829,False,0,0,0,,,,,,,,
101623080,Crashes_2010_2019_MPO,2017-04-22,2017,35.94193,-86.82116,False,0,0,0,,,,,,,,
101623445,Crashes_2010_2019_MPO,2017-04-23,2017,35.9456,-86.81963,False,0,0,0,,,,,,,,
101623524,Crashes_2010_2019_MPO,2017-04-23,2017,36.0268,-86.71285,False,0,0,0,,,,,,,,
101623458,Crashes_2010_2019_MPO,2017-04-23,2017,35.94743,-86.82087,False,0,0,0,,,,,,,,
101623413,Crashes_2010_2019_MPO,2017-04-23,2017,36.0409,-86.77938,False,0,0,0,,,,,,,,
101623477,Crashes_2010_2019_MPO,2017-04-23,2017,36.04557,-86.77913,False,0,0,0,,,,,,,,
101623153,Crashes_2010_2019_MPO,2017-04-23,2017,36.04104,-86.78264,False,0,0,0,,,,,,,,
101623301,Crashes_2010_2019_MPO,2017-04-23,2017,36.01559,-86.7406,False,0,0,0,,,,,,,,
101623237,Crashes_2010_2019_MPO,2017-04-23,2017,35.96597,-86.69483,False,0,0,0,,,,,,,,
101623022,Crashes_2010_2019_MPO,2017-04-23,2017,35.97275,-86.80556,True,0,0,0,,,,,,,,
101623190,Crashes_2010_2019_MPO,2017-04-23,2017,36.03336,-86.78872,True,0,0,0,,,,,,,,
101623518,Crashes_2010_2019_MPO,2017-04-23,2017,35.9519,-86.74083,True,0,0,0,,,,,,,,
101623068,Crashes_2010_2019_MPO,2017-04-23,2017,36.04858,-86.77604,False,0,0,0,,,,,,,,
101632683,Crashes_2010_2019_MPO,2017-04-24,2017,35.92912,-86.84793,False,0,0,0,,,,,,,,
101624017,Crashes_2010_2019_MPO,2017-04-24,2017,35.96096,-86.82183,False,0,0,1,,,,,,,,
101624324,Crashes_2010_2019_MPO,2017-04-24,2017,35.93209,-86.8237,False,0,0,0,,,,,,,,
101624614,Crashes_2010_2019_MPO,2017-04-24,2017,36.03238,-86.78926,True,0,0,0,,,,,,,,
101625376,Crashes_2010_2019_MPO,2017-04-24,2017,35.96664,-86.81005,True,0,0,0,,,,,,,,
101624963,Crashes_2010_2019_MPO,2017-04-24,2017,35.96578,-86.82066,True,0,0,0,,,,,,,,
101624325,Crashes_2010_2019_MPO,2017-04-24,2017,35.9239,-86.87905,False,0,0,0,,,,,,,,
101623697,Crashes_2010_2019_MPO,2017-04-24,2017,35.94854,-86.81468,False,0,0,0,,,,,,,,
101624314,Crashes_2010_2019_MPO,2017-04-24,2017,36.028261,-86.79361,True,0,0,0,,,,,,,,
101623951,Crashes_2010_2019_MPO,2017-04-24,2017,35.95227,-86.81801,False,0,0,0,,,,,,,,
101625636,Crashes_2010_2019_MPO,2017-04-25,2017,35.95102,-86.80784,False,0,0,0,,,,,,,,
101625428,Crashes_2010_2019_MPO,2017-04-25,2017,35.99622,-86.69054,False,0,0,0,,,,,,,,
101625294,Crashes_2010_2019_MPO,2017-04-25,2017,36.02308,-86.74252,False,0,0,0,,,,,,,,
101625264,Crashes_2010_2019_MPO,2017-04-25,2017,36.03738,-86.79781,True,0,0,0,,,,,,,,
101625271,Crashes_2010_2019_MPO,2017-04-25,2017,35.96312,-86.81897,True,0,0,0,,,,,,,,
101627318,Crashes_2010_2019_MPO,2017-04-25,2017,35.99562,-86.81114,True,0,0,0,,,,,,,,
101625031,Crashes_2010_2019_MPO,2017-04-25,2017,35.99945,-86.69343,False,0,0,0,,,,,,,,
101625881,Crashes_2010_2019_MPO,2017-04-25,2017,35.92509,-86.86876,False,0,0,0,,,,,,,,
101625883,Crashes_2010_2019_MPO,2017-04-25,2017,35.92994,-86.86438,False,0,0,0,,,,,,,,
101624968,Crashes_2010_2019_MPO,2017-04-25,2017,35.96312,-86.81897,True,0,0,0,,,,,,,,
101625045,Crashes_2010_2019_MPO,2017-04-25,2017,36.04882,-86.69169,False,0,0,0,,,,,,,,
101629983,Crashes_2010_2019_MPO,2017-04-25,2017,36.02667,-86.8782,False,0,0,0,,,,,,,,
101625020,Crashes_2010_2019_MPO,2017-04-25,2017,36.03826,-86.78366,False,0,0,0,,,,,,,,
101625377,Crashes_2010_2019_MPO,2017-04-25,2017,35.96173,-86.80183,True,0,0,0,,,,,,,,
101626216,Crashes_2010_2019_MPO,2017-04-25,2017,35.94571,-86.82797,False,0,0,0,,,,,,,,
101624850,Crashes_2010_2019_MPO,2017-04-25,2017,36.03823,-86.70649,False,0,0,0,,,,,,,,
101625137,Crashes_2010_2019_MPO,2017-04-25,2017,36.04806,-86.71358,False,0,0,0,,,,,,,,
101626680,Crashes_2010_2019_MPO,2017-04-25,2017,35.9401,-86.83704,False,0,0,0,,,,,,,,
101625319,Crashes_2010_2019_MPO,2017-04-25,2017,36.031,-86.70136,False,0,0,0,,,,,,,,
101625882,Crashes_2010_2019_MPO,2017-04-25,2017,35.9441,-86.81094,False,0,0,0,,,,,,,,
101625411,Crashes_2010_2019_MPO,2017-04-25,2017,35.94677,-86.85185,False,0,0,0,,,,,,,,
101626734,Crashes_2010_2019_MPO,2017-04-26,2017,36.01931,-86.78703,True,0,0,0,,,,,,,,
101626220,Crashes_2010_2019_MPO,2017-04-26,2017,35.95806,-86.76773,True,0,0,0,,,,,,,,
101626683,Crashes_2010_2019_MPO,2017-04-26,2017,35.92923,-86.84511,False,0,0,0,,,,,,,,
101627338,Crashes_2010_2019_MPO,2017-04-26,2017,36.05264,-86.71471,False,0,0,0,,,,,,,,
101626819,Crashes_2010_2019_MPO,2017-04-26,2017,35.92641,-86.82453,False,0,0,0,,,,,,,,
101626234,Crashes_2010_2019_MPO,2017-04-26,2017,36.04001,-86.76839,False,0,0,0,,,,,,,,
101626681,Crashes_2010_2019_MPO,2017-04-26,2017,35.9404,-86.81653,False,0,0,0,,,,,,,,
101626313,Crashes_2010_2019_MPO,2017-04-26,2017,35.96461,-86.81464,True,0,0,0,,,,,,,,
101625764,Crashes_2010_2019_MPO,2017-04-26,2017,36.02148,-86.74265,False,0,0,0,,,,,,,,
101626177,Crashes_2010_2019_MPO,2017-04-26,2017,35.96716,-86.81351,True,0,0,0,,,,,,,,
101626735,Crashes_2010_2019_MPO,2017-04-26,2017,36.01683,-86.78633,True,0,0,1,,,,,,,,
101626907,Crashes_2010_2019_MPO,2017-04-26,2017,35.96443,-86.8082,False,0,0,0,,,,,,,,
101625571,Crashes_2010_2019_MPO,2017-04-26,2017,36.01381,-86.7046,False,0,0,0,,,,,,,,
101625895,Crashes_2010_2019_MPO,2017-04-26,2017,36.03941,-86.74343,False,0,0,0,,,,,,,,
101626219,Crashes_2010_2019_MPO,2017-04-26,2017,36.03196,-86.78367,True,0,0,0,,,,,,,,
101627032,Crashes_2010_2019_MPO,2017-04-27,2017,35.94949,-86.81656,False,0,0,0,,,,,,,,
101626531,Crashes_2010_2019_MPO,2017-04-27,2017,36.05186,-86.71446,False,0,0,0,,,,,,,,
101626571,Crashes_2010_2019_MPO,2017-04-27,2017,35.99101,-86.799,True,0,0,0,,,,,,,,
101627031,Crashes_2010_2019_MPO,2017-04-27,2017,35.94579,-86.80869,False,0,0,0,,,,,,,,
101626885,Crashes_2010_2019_MPO,2017-04-27,2017,36.04561,-86.71072,False,0,0,0,,,,,,,,
101627536,Crashes_2010_2019_MPO,2017-04-27,2017,35.98771,-86.84667,False,0,0,0,,,,,,,,
101627060,Crashes_2010_2019_MPO,2017-04-27,2017,36.03822,-86.78635,False,0,0,0,,,,,,,,
101627787,Crashes_2010_2019_MPO,2017-04-28,2017,36.04122,-86.77956,False,0,0,0,,,,,,,,
101627968,Crashes_2010_2019_MPO,2017-04-28,2017,36.04075,-86.77966,False,0,0,0,,,,,,,,
101627664,Crashes_2010_2019_MPO,2017-04-28,2017,36.03336,-86.78872,True,0,0,0,,,,,,,,
101627544,Crashes_2010_2019_MPO,2017-04-28,2017,36.04973,-86.7051,False,0,0,0,,,,,,,,
101629065,Crashes_2010_2019_MPO,2017-04-28,2017,35.93308,-86.81155,False,0,0,0,,,,,,,,
101627712,Crashes_2010_2019_MPO,2017-04-28,2017,35.96718,-86.81367,True,0,0,0,,,,,,,,
101628857,Crashes_2010_2019_MPO,2017-04-28,2017,35.94683,-86.85172,False,0,0,0,,,,,,,,
101628350,Crashes_2010_2019_MPO,2017-04-28,2017,36.03958,-86.74344,False,0,0,0,,,,,,,,
101631761,Crashes_2010_2019_MPO,2017-04-28,2017,35.96645,-86.81129,False,0,0,0,,,,,,,,
101628177,Crashes_2010_2019_MPO,2017-04-28,2017,36.02505,-86.79334,True,0,0,0,,,,,,,,
101627977,Crashes_2010_2019_MPO,2017-04-28,2017,35.94918,-86.81949,False,0,0,0,,,,,,,,
101629114,Crashes_2010_2019_MPO,2017-04-29,2017,36.01155,-86.78512,True,0,0,0,,,,,,,,
101629354,Crashes_2010_2019_MPO,2017-04-29,2017,36.04861,-86.71365,False,0,0,0,,,,,,,,
101629789,Crashes_2010_2019_MPO,2017-04-29,2017,36.04537,-86.71326,False,0,0,0,,,,,,,,
101629536,Crashes_2010_2019_MPO,2017-04-29,2017,35.97057,-86.82204,True,0,0,0,,,,,,,,
101629031,Crashes_2010_2019_MPO,2017-04-29,2017,35.99606,-86.69071,False,0,0,0,,,,,,,,
101629534,Crashes_2010_2019_MPO,2017-04-29,2017,35.94489,-86.82843,False,0,0,0,,,,,,,,
101630038,Crashes_2010_2019_MPO,2017-04-30,2017,36.04113,-86.74642,False,0,0,0,,,,,,,,
101630520,Crashes_2010_2019_MPO,2017-04-30,2017,35.92391,-86.87162,False,0,0,0,,,,,,,,
101630234,Crashes_2010_2019_MPO,2017-04-30,2017,36.04002,-86.74348,False,0,0,0,,,,,,,,
101630195,Crashes_2010_2019_MPO,2017-04-30,2017,36.03576,-86.70476,False,0,0,0,,,,,,,,
101630738,Crashes_2010_2019_MPO,2017-04-30,2017,36.04835,-86.7329,False,0,0,0,,,,,,,,
101630690,Crashes_2010_2019_MPO,2017-04-30,2017,35.95209,-86.81805,False,0,0,0,,,,,,,,
101630142,Crashes_2010_2019_MPO,2017-04-30,2017,35.93204,-86.87703,False,0,0,0,,,,,,,,
101632797,Crashes_2010_2019_MPO,2017-04-30,2017,36.03758,-86.78511,False,0,0,1,,,,,,,,
101630104,Crashes_2010_2019_MPO,2017-04-30,2017,36.01129,-86.7013,False,0,0,0,,,,,,,,
101630438,Crashes_2010_2019_MPO,2017-04-30,2017,36.04147,-86.74706,False,0,0,0,,,,,,,,
101630771,Crashes_2010_2019_MPO,2017-05-01,2017,36.01451,-86.72409,False,0,0,0,,,,,,,,
101631100,Crashes_2010_2019_MPO,2017-05-01,2017,35.96716,-86.81351,True,0,0,0,,,,,,,,
101631108,Crashes_2010_2019_MPO,2017-05-01,2017,36.04491,-86.69593,False,0,0,0,,,,,,,,
101631891,Crashes_2010_2019_MPO,2017-05-01,2017,35.94871,-86.8638,False,0,0,0,,,,,,,,
101631291,Crashes_2010_2019_MPO,2017-05-01,2017,36.0417,-86.78243,False,0,0,0,,,,,,,,
101631145,Crashes_2010_2019_MPO,2017-05-01,2017,36.04304,-86.713,False,0,0,0,,,,,,,,
101631251,Crashes_2010_2019_MPO,2017-05-01,2017,35.99012,-86.74593,True,0,0,0,,,,,,,,
101631008,Crashes_2010_2019_MPO,2017-05-01,2017,36.03968,-86.76182,False,0,0,0,,,,,,,,
101631396,Crashes_2010_2019_MPO,2017-05-01,2017,35.93321,-86.71346,False,0,0,0,,,,,,,,
101631423,Crashes_2010_2019_MPO,2017-05-01,2017,35.95213,-86.81832,False,0,0,0,,,,,,,,
101632798,Crashes_2010_2019_MPO,2017-05-01,2017,35.96318,-86.80864,False,0,0,0,,,,,,,,
101631890,Crashes_2010_2019_MPO,2017-05-01,2017,35.94872,-86.83189,False,0,0,0,,,,,,,,
101630925,Crashes_2010_2019_MPO,2017-05-01,2017,35.98439,-86.72434,True,0,0,0,,,,,,,,
101631250,Crashes_2010_2019_MPO,2017-05-01,2017,35.95558,-86.82888,False,0,0,0,,,,,,,,
101631422,Crashes_2010_2019_MPO,2017-05-01,2017,35.95529,-86.82621,False,0,0,0,,,,,,,,
101631293,Crashes_2010_2019_MPO,2017-05-01,2017,35.99783,-86.80997,True,0,0,0,,,,,,,,
101630937,Crashes_2010_2019_MPO,2017-05-01,2017,35.96141,-86.71076,True,0,0,0,,,,,,,,
101631157,Crashes_2010_2019_MPO,2017-05-01,2017,35.94604,-86.8086,False,0,0,0,,,,,,,,
101631436,Crashes_2010_2019_MPO,2017-05-01,2017,36.03748,-86.78596,False,0,0,0,,,,,,,,
101632425,Crashes_2010_2019_MPO,2017-05-02,2017,35.94036,-86.87677,False,0,0,0,,,,,,,,
101633282,Crashes_2010_2019_MPO,2017-05-02,2017,36.03031,-86.8693,False,0,0,0,,,,,,,,
101632301,Crashes_2010_2019_MPO,2017-05-02,2017,35.94677,-86.85185,False,0,0,0,,,,,,,,
101631763,Crashes_2010_2019_MPO,2017-05-02,2017,35.96562,-86.70619,True,0,0,0,,,,,,,,
101631882,Crashes_2010_2019_MPO,2017-05-02,2017,35.92974,-86.85585,False,0,0,0,,,,,,,,
101631794,Crashes_2010_2019_MPO,2017-05-02,2017,35.9666,-86.80925,True,0,0,0,,,,,,,,
101633248,Crashes_2010_2019_MPO,2017-05-02,2017,35.95401,-86.84596,False,0,0,0,,,,,,,,
101633247,Crashes_2010_2019_MPO,2017-05-02,2017,35.97153,-86.83476,False,0,0,0,,,,,,,,
101632414,Crashes_2010_2019_MPO,2017-05-02,2017,35.92755,-86.87423,False,0,0,0,,,,,,,,
101633734,Crashes_2010_2019_MPO,2017-05-03,2017,35.97738,-86.80372,True,0,0,0,,,,,,,,
101634834,Crashes_2010_2019_MPO,2017-05-03,2017,35.98102,-86.82221,True,0,0,1,,,,,,,,
101637887,Crashes_2010_2019_MPO,2017-05-03,2017,35.94281,-86.8098,False,0,0,0,,,,,,,,
101632813,Crashes_2010_2019_MPO,2017-05-03,2017,36.03978,-86.78148,False,0,0,0,,,,,,,,
101633774,Crashes_2010_2019_MPO,2017-05-03,2017,35.93127,-86.87663,False,0,0,0,,,,,,,,
101632778,Crashes_2010_2019_MPO,2017-05-03,2017,35.99388,-86.76142,True,0,0,0,,,,,,,,
101633017,Crashes_2010_2019_MPO,2017-05-03,2017,36.0374,-86.78657,False,0,0,0,,,,,,,,
101633511,Crashes_2010_2019_MPO,2017-05-03,2017,36.03907,-86.78246,False,0,0,0,,,,,,,,
101633793,Crashes_2010_2019_MPO,2017-05-03,2017,35.92972,-86.82026,False,0,0,0,,,,,,,,
101637291,Crashes_2010_2019_MPO,2017-05-03,2017,36.033204,-86.787603,True,0,0,0,,,,,,,,
101633364,Crashes_2010_2019_MPO,2017-05-03,2017,36.03969,-86.73917,False,0,0,0,,,,,,,,
101632807,Crashes_2010_2019_MPO,2017-05-03,2017,35.99702,-86.79692,True,0,0,0,,,,,,,,
101632814,Crashes_2010_2019_MPO,2017-05-03,2017,36.03882,-86.78393,False,0,0,0,,,,,,,,
101633408,Crashes_2010_2019_MPO,2017-05-03,2017,35.9638,-86.80842,False,0,0,0,,,,,,,,
101634113,Crashes_2010_2019_MPO,2017-05-03,2017,36.02972,-86.7837,True,0,0,0,,,,,,,,
101633305,Crashes_2010_2019_MPO,2017-05-03,2017,35.95209,-86.81805,False,0,0,0,,,,,,,,
101633794,Crashes_2010_2019_MPO,2017-05-03,2017,35.95901,-86.80621,False,0,0,0,,,,,,,,
101633319,Crashes_2010_2019_MPO,2017-05-03,2017,36.0331,-86.77417,False,0,0,0,,,,,,,,
101632893,Crashes_2010_2019_MPO,2017-05-03,2017,36.02501,-86.84972,True,0,0,0,,,,,,,,
101633030,Crashes_2010_2019_MPO,2017-05-03,2017,36.0149,-86.73002,False,0,0,0,,,,,,,,
101633763,Crashes_2010_2019_MPO,2017-05-03,2017,35.99937,-86.79567,True,0,0,0,,,,,,,,
101633037,Crashes_2010_2019_MPO,2017-05-03,2017,36.03887,-86.78259,False,0,0,0,,,,,,,,
101636784,Crashes_2010_2019_MPO,2017-05-03,2017,35.94624,-86.80895,False,0,0,0,,,,,,,,
101634127,Crashes_2010_2019_MPO,2017-05-03,2017,36.03282,-86.78331,True,0,0,0,,,,,,,,
101633775,Crashes_2010_2019_MPO,2017-05-03,2017,35.94277,-86.82078,False,0,0,0,,,,,,,,
101632920,Crashes_2010_2019_MPO,2017-05-03,2017,36.03841,-86.7842,False,0,0,0,,,,,,,,
101634898,Crashes_2010_2019_MPO,2017-05-04,2017,35.99781,-86.79886,True,0,0,0,,,,,,,,
101634421,Crashes_2010_2019_MPO,2017-05-04,2017,35.98653,-86.79899,True,0,0,0,,,,,,,,
101635338,Crashes_2010_2019_MPO,2017-05-04,2017,36.01575,-86.82116,True,0,0,0,,,,,,,,
101634448,Crashes_2010_2019_MPO,2017-05-04,2017,35.95718,-86.81468,False,0,0,0,,,,,,,,
101633792,Crashes_2010_2019_MPO,2017-05-04,2017,36.04172,-86.78242,False,0,0,0,,,,,,,,
101634106,Crashes_2010_2019_MPO,2017-05-04,2017,36.04225,-86.74391,False,0,0,0,,,,,,,,
101634013,Crashes_2010_2019_MPO,2017-05-04,2017,36.03788,-86.78646,False,0,0,0,,,,,,,,
101634500,Crashes_2010_2019_MPO,2017-05-04,2017,36.01704,-86.7979,True,0,0,0,,,,,,,,
101642346,Crashes_2010_2019_MPO,2017-05-04,2017,36.02524,-86.7167,False,0,0,0,,,,,,,,
101633860,Crashes_2010_2019_MPO,2017-05-04,2017,36.0458,-86.85578,False,0,0,0,,,,,,,,
101634186,Crashes_2010_2019_MPO,2017-05-04,2017,35.95573,-86.68815,False,0,0,0,,,,,,,,
101633871,Crashes_2010_2019_MPO,2017-05-04,2017,35.99457,-86.76757,True,0,0,0,,,,,,,,
101634383,Crashes_2010_2019_MPO,2017-05-04,2017,36.03261,-86.76937,False,0,0,0,,,,,,,,
101635419,Crashes_2010_2019_MPO,2017-05-05,2017,36.01516,-86.8147,True,0,0,0,,,,,,,,
101636600,Crashes_2010_2019_MPO,2017-05-05,2017,35.98439,-86.72434,True,0,0,0,,,,,,,,
101635663,Crashes_2010_2019_MPO,2017-05-05,2017,36.04178,-86.7824,False,0,0,0,,,,,,,,
101638410,Crashes_2010_2019_MPO,2017-05-05,2017,35.95572,-86.83012,False,0,0,0,,,,,,,,
101635211,Crashes_2010_2019_MPO,2017-05-05,2017,36.04052,-86.78284,False,0,0,0,,,,,,,,
101635141,Crashes_2010_2019_MPO,2017-05-05,2017,35.93469,-86.86084,False,0,0,0,,,,,,,,
101635586,Crashes_2010_2019_MPO,2017-05-05,2017,35.94702,-86.82187,False,0,0,0,,,,,,,,
101635585,Crashes_2010_2019_MPO,2017-05-05,2017,35.94683,-86.85172,False,0,0,0,,,,,,,,
101635500,Crashes_2010_2019_MPO,2017-05-05,2017,36.04545,-86.70396,False,0,0,0,,,,,,,,
101635392,Crashes_2010_2019_MPO,2017-05-05,2017,36.04084,-86.77347,False,0,0,0,,,,,,,,
101635662,Crashes_2010_2019_MPO,2017-05-05,2017,36.04045,-86.78213,False,0,0,0,,,,,,,,
101636786,Crashes_2010_2019_MPO,2017-05-05,2017,35.94489,-86.82843,False,0,0,0,,,,,,,,
101634937,Crashes_2010_2019_MPO,2017-05-05,2017,35.95029,-86.84895,False,0,0,0,,,,,,,,
101636359,Crashes_2010_2019_MPO,2017-05-06,2017,36.02391,-86.68868,False,0,0,0,,,,,,,,
101638758,Crashes_2010_2019_MPO,2017-05-06,2017,36.0413,-86.71284,False,0,0,0,,,,,,,,
101636791,Crashes_2010_2019_MPO,2017-05-06,2017,36.05366,-86.71502,False,0,0,0,,,,,,,,
101636383,Crashes_2010_2019_MPO,2017-05-06,2017,36.00016,-86.68931,False,0,0,0,,,,,,,,
101637190,Crashes_2010_2019_MPO,2017-05-06,2017,35.92961,-86.82471,False,0,0,0,,,,,,,,
101636789,Crashes_2010_2019_MPO,2017-05-06,2017,35.94699,-86.81153,False,0,0,0,,,,,,,,
101636751,Crashes_2010_2019_MPO,2017-05-06,2017,36.04871,-86.73456,False,0,0,0,,,,,,,,
101636675,Crashes_2010_2019_MPO,2017-05-06,2017,35.96681,-86.81119,True,0,0,0,,,,,,,,
101638056,Crashes_2010_2019_MPO,2017-05-06,2017,35.99314,-86.69643,True,0,0,0,,,,,,,,
101637837,Crashes_2010_2019_MPO,2017-05-06,2017,35.9967,-86.81058,True,0,0,0,,,,,,,,
101636588,Crashes_2010_2019_MPO,2017-05-06,2017,35.94813,-86.81682,False,0,0,0,,,,,,,,
101636778,Crashes_2010_2019_MPO,2017-05-06,2017,36.04122,-86.75024,False,0,0,0,,,,,,,,
101636485,Crashes_2010_2019_MPO,2017-05-06,2017,36.034954,-86.804095,True,0,0,0,,,,,,,,
101636916,Crashes_2010_2019_MPO,2017-05-07,2017,35.93298,-86.86211,False,0,0,0,,,,,,,,
101637144,Crashes_2010_2019_MPO,2017-05-07,2017,35.93502,-86.8218,False,0,0,0,,,,,,,,
101638268,Crashes_2010_2019_MPO,2017-05-07,2017,36.038402,-86.83051,True,0,0,0,,,,,,,,
101637788,Crashes_2010_2019_MPO,2017-05-08,2017,35.99805,-86.80093,True,0,0,0,,,,,,,,
101640965,Crashes_2010_2019_MPO,2017-05-08,2017,35.9602,-86.81364,False,0,0,0,,,,,,,,
101638102,Crashes_2010_2019_MPO,2017-05-08,2017,35.966682,-86.80918,True,0,0,0,,,,,,,,
101638656,Crashes_2010_2019_MPO,2017-05-08,2017,36.04125,-86.82181,False,0,0,0,,,,,,,,
101638476,Crashes_2010_2019_MPO,2017-05-08,2017,36.03322,-86.78531,True,0,0,0,,,,,,,,
101638429,Crashes_2010_2019_MPO,2017-05-08,2017,36.03302,-86.71289,False,0,0,0,,,,,,,,
101638441,Crashes_2010_2019_MPO,2017-05-08,2017,36.0328,-86.78331,True,0,0,0,,,,,,,,
101638888,Crashes_2010_2019_MPO,2017-05-08,2017,36.03319,-86.7876,True,0,0,0,,,,,,,,
101638000,Crashes_2010_2019_MPO,2017-05-08,2017,36.03992,-86.76491,False,0,0,0,,,,,,,,
101638473,Crashes_2010_2019_MPO,2017-05-08,2017,36.03336,-86.78872,True,0,0,0,,,,,,,,
101638560,Crashes_2010_2019_MPO,2017-05-08,2017,35.94765,-86.81971,False,0,0,0,,,,,,,,
101638415,Crashes_2010_2019_MPO,2017-05-08,2017,36.034889,-86.783214,True,0,0,0,,,,,,,,
101637901,Crashes_2010_2019_MPO,2017-05-08,2017,36.0332,-86.78881,True,0,0,0,,,,,,,,
101638532,Crashes_2010_2019_MPO,2017-05-08,2017,36.04519,-86.71533,False,0,0,0,,,,,,,,
101639315,Crashes_2010_2019_MPO,2017-05-09,2017,35.99797,-86.80025,True,0,0,0,,,,,,,,
101639636,Crashes_2010_2019_MPO,2017-05-09,2017,36.0455,-86.71188,False,0,0,0,,,,,,,,
101639227,Crashes_2010_2019_MPO,2017-05-09,2017,36.05263,-86.71471,False,0,0,0,,,,,,,,
101638823,Crashes_2010_2019_MPO,2017-05-09,2017,35.99837,-86.80968,True,0,0,0,,,,,,,,
101639186,Crashes_2010_2019_MPO,2017-05-09,2017,35.96458,-86.8144,False,0,0,0,,,,,,,,
101639140,Crashes_2010_2019_MPO,2017-05-09,2017,35.92936,-86.87549,False,0,0,0,,,,,,,,
101639198,Crashes_2010_2019_MPO,2017-05-09,2017,36.01408,-86.80705,True,0,0,0,,,,,,,,
101638805,Crashes_2010_2019_MPO,2017-05-09,2017,36.05091,-86.77464,False,0,0,0,,,,,,,,
101639041,Crashes_2010_2019_MPO,2017-05-09,2017,35.94832,-86.81994,False,0,0,0,,,,,,,,
101639219,Crashes_2010_2019_MPO,2017-05-09,2017,35.94782,-86.81975,False,0,0,0,,,,,,,,
101639255,Crashes_2010_2019_MPO,2017-05-09,2017,35.99642,-86.69035,False,0,0,0,,,,,,,,
101639313,Crashes_2010_2019_MPO,2017-05-09,2017,36.05216,-86.77516,False,0,0,0,,,,,,,,
101639398,Crashes_2010_2019_MPO,2017-05-09,2017,35.97334,-86.83305,True,0,0,0,,,,,,,,
101638896,Crashes_2010_2019_MPO,2017-05-09,2017,36.02741,-86.792,True,0,0,0,,,,,,,,
101639371,Crashes_2010_2019_MPO,2017-05-09,2017,36.0332,-86.79955,True,0,0,0,,,,,,,,
101638801,Crashes_2010_2019_MPO,2017-05-09,2017,35.99633,-86.79716,True,0,0,0,,,,,,,,
101639991,Crashes_2010_2019_MPO,2017-05-10,2017,36.03255,-86.7852,True,0,0,0,,,,,,,,
101640170,Crashes_2010_2019_MPO,2017-05-10,2017,35.9295,-86.84135,False,0,0,0,,,,,,,,
101642364,Crashes_2010_2019_MPO,2017-05-10,2017,35.96681,-86.81119,True,0,0,0,,,,,,,,
101640646,Crashes_2010_2019_MPO,2017-05-10,2017,35.92957,-86.84187,False,0,0,0,,,,,,,,
101639829,Crashes_2010_2019_MPO,2017-05-10,2017,36.05029,-86.74341,False,0,0,0,,,,,,,,
101640227,Crashes_2010_2019_MPO,2017-05-10,2017,36.02979,-86.74401,False,0,0,0,,,,,,,,
101644056,Crashes_2010_2019_MPO,2017-05-10,2017,35.95165,-86.8101,False,0,0,0,,,,,,,,
101640209,Crashes_2010_2019_MPO,2017-05-10,2017,35.97316,-86.83094,True,0,0,1,,,,,,,,
101640147,Crashes_2010_2019_MPO,2017-05-10,2017,35.93681,-86.87869,False,0,0,0,,,,,,,,
101640008,Crashes_2010_2019_MPO,2017-05-10,2017,36.04231,-86.72652,False,0,0,0,,,,,,,,
101666677,Crashes_2010_2019_MPO,2017-05-10,2017,35.93262,-86.80833,False,1,0,0,,,,,,,,
101640340,Crashes_2010_2019_MPO,2017-05-10,2017,36.02501,-86.84972,True,0,0,0,,,,,,,,
101640654,Crashes_2010_2019_MPO,2017-05-10,2017,35.99583,-86.78225,True,0,0,0,,,,,,,,
101640609,Crashes_2010_2019_MPO,2017-05-10,2017,35.95209,-86.81805,False,0,0,0,,,,,,,,
101640647,Crashes_2010_2019_MPO,2017-05-10,2017,35.95899,-86.81594,False,0,0,0,,,,,,,,
101640461,Crashes_2010_2019_MPO,2017-05-10,2017,35.92771,-86.82449,False,0,0,0,,,,,,,,