record_no,source_layer,collision_ts,crash_year,latitude,longitude,in_city,fatalities,non_motorists,truck_involved,serious_injuries,pedestrian,bicycle,crash_type,manner_of_collision,lighting,weather,first_harmful_event
101640169,Crashes_2010_2019_MPO,2017-05-10,2017,35.93586,-86.81813,False,0,0,0,,,,,,,,
101641493,Crashes_2010_2019_MPO,2017-05-11,2017,36.04561,-86.71977,False,0,0,0,,,,,,,,
101641207,Crashes_2010_2019_MPO,2017-05-11,2017,35.93586,-86.81813,False,0,0,0,,,,,,,,
101640776,Crashes_2010_2019_MPO,2017-05-11,2017,36.01539,-86.78566,True,0,0,0,,,,,,,,
101641356,Crashes_2010_2019_MPO,2017-05-11,2017,36.04907,-86.70305,False,0,0,0,,,,,,,,
101641286,Crashes_2010_2019_MPO,2017-05-11,2017,35.99743,-86.795496,True,0,0,0,,,,,,,,
101641357,Crashes_2010_2019_MPO,2017-05-11,2017,35.93374,-86.81767,False,0,0,0,,,,,,,,
101640781,Crashes_2010_2019_MPO,2017-05-11,2017,35.9969,-86.79207,True,0,0,0,,,,,,,,
101641061,Crashes_2010_2019_MPO,2017-05-11,2017,36.04059,-86.77107,False,0,0,0,,,,,,,,
101644198,Crashes_2010_2019_MPO,2017-05-12,2017,35.95212,-86.81784,False,0,0,0,,,,,,,,
101641733,Crashes_2010_2019_MPO,2017-05-12,2017,35.95414,-86.8262,False,0,0,0,,,,,,,,
101641813,Crashes_2010_2019_MPO,2017-05-12,2017,35.99769,-86.79773,True,0,0,0,,,,,,,,
101642148,Crashes_2010_2019_MPO,2017-05-12,2017,36.02202,-86.69038,False,0,0,0,,,,,,,,
101642323,Crashes_2010_2019_MPO,2017-05-12,2017,36.00318,-86.74259,True,0,0,0,,,,,,,,
101642089,Crashes_2010_2019_MPO,2017-05-12,2017,36.03953,-86.78173,False,0,0,0,,,,,,,,
101642605,Crashes_2010_2019_MPO,2017-05-12,2017,35.94401,-86.82002,False,0,0,0,,,,,,,,
101641772,Crashes_2010_2019_MPO,2017-05-12,2017,36.04201,-86.78209,False,0,0,0,,,,,,,,
101642533,Crashes_2010_2019_MPO,2017-05-12,2017,35.96977,-86.72135,True,0,0,0,,,,,,,,
101642614,Crashes_2010_2019_MPO,2017-05-12,2017,35.94025,-86.76776,False,0,0,0,,,,,,,,
101644851,Crashes_2010_2019_MPO,2017-05-12,2017,36.0343,-86.79174,True,0,0,0,,,,,,,,
101642762,Crashes_2010_2019_MPO,2017-05-12,2017,35.99704,-86.69013,False,0,0,0,,,,,,,,
101642026,Crashes_2010_2019_MPO,2017-05-12,2017,36.03861,-86.74344,False,0,0,0,,,,,,,,
101642705,Crashes_2010_2019_MPO,2017-05-12,2017,36.01102,-86.78494,True,0,0,0,,,,,,,,
101642436,Crashes_2010_2019_MPO,2017-05-12,2017,36.04537,-86.71326,False,0,0,0,,,,,,,,
101642567,Crashes_2010_2019_MPO,2017-05-12,2017,35.95209,-86.81805,False,0,0,0,,,,,,,,
101643700,Crashes_2010_2019_MPO,2017-05-13,2017,35.92738,-86.8687,False,0,0,0,,,,,,,,
101643982,Crashes_2010_2019_MPO,2017-05-13,2017,35.94612,-86.82346,False,0,0,0,,,,,,,,
101645884,Crashes_2010_2019_MPO,2017-05-13,2017,35.9912,-86.68349,False,0,0,0,,,,,,,,
101643350,Crashes_2010_2019_MPO,2017-05-13,2017,36.03672,-86.7868,False,0,0,0,,,,,,,,
101643824,Crashes_2010_2019_MPO,2017-05-13,2017,35.97096,-86.72653,True,0,0,0,,,,,,,,
101643426,Crashes_2010_2019_MPO,2017-05-13,2017,36.04469,-86.84743,False,0,0,0,,,,,,,,
101643660,Crashes_2010_2019_MPO,2017-05-13,2017,36.04172,-86.71288,False,0,0,0,,,,,,,,
101643970,Crashes_2010_2019_MPO,2017-05-13,2017,35.94928,-86.81943,False,0,0,0,,,,,,,,
101643003,Crashes_2010_2019_MPO,2017-05-13,2017,35.99734,-86.79486,True,0,0,0,,,,,,,,
101643751,Crashes_2010_2019_MPO,2017-05-13,2017,36.04632,-86.81615,False,0,0,0,,,,,,,,
101643030,Crashes_2010_2019_MPO,2017-05-13,2017,36.04026,-86.8164,False,0,0,0,,,,,,,,
101643351,Crashes_2010_2019_MPO,2017-05-13,2017,35.93235,-86.8606,False,0,0,0,,,,,,,,
101643969,Crashes_2010_2019_MPO,2017-05-13,2017,35.95057,-86.81859,False,0,0,0,,,,,,,,
101643836,Crashes_2010_2019_MPO,2017-05-13,2017,36.05276,-86.68639,False,0,0,0,,,,,,,,
101643521,Crashes_2010_2019_MPO,2017-05-13,2017,35.95161,-86.73411,True,0,0,0,,,,,,,,
101644106,Crashes_2010_2019_MPO,2017-05-14,2017,36.03195,-86.76267,False,0,0,0,,,,,,,,
101644095,Crashes_2010_2019_MPO,2017-05-14,2017,36.0374,-86.78657,False,0,0,0,,,,,,,,
101644797,Crashes_2010_2019_MPO,2017-05-14,2017,35.9258,-86.82456,False,0,0,0,,,,,,,,
101644633,Crashes_2010_2019_MPO,2017-05-14,2017,36.03967,-86.8497,True,0,0,0,,,,,,,,
101644392,Crashes_2010_2019_MPO,2017-05-14,2017,35.997905,-86.79933,True,0,0,0,,,,,,,,
101643952,Crashes_2010_2019_MPO,2017-05-14,2017,36.0507,-86.73987,False,0,0,0,,,,,,,,
101644585,Crashes_2010_2019_MPO,2017-05-14,2017,36.04544,-86.71249,False,0,0,0,,,,,,,,
101644352,Crashes_2010_2019_MPO,2017-05-14,2017,35.96151,-86.81219,False,0,0,0,,,,,,,,
101645824,Crashes_2010_2019_MPO,2017-05-15,2017,35.92393,-86.8793,False,0,0,0,,,,,,,,
101645155,Crashes_2010_2019_MPO,2017-05-15,2017,35.92838,-86.87161,False,0,0,0,,,,,,,,
101645485,Crashes_2010_2019_MPO,2017-05-15,2017,36.05085,-86.71417,False,0,0,0,,,,,,,,
101645280,Crashes_2010_2019_MPO,2017-05-15,2017,36.03617,-86.79565,True,0,0,0,,,,,,,,
101644799,Crashes_2010_2019_MPO,2017-05-15,2017,35.99543,-86.77814,True,0,0,0,,,,,,,,
101644862,Crashes_2010_2019_MPO,2017-05-15,2017,35.92332,-86.87206,False,0,0,0,,,,,,,,
101645154,Crashes_2010_2019_MPO,2017-05-15,2017,35.92637,-86.86867,False,0,0,0,,,,,,,,
101645401,Crashes_2010_2019_MPO,2017-05-15,2017,35.9535,-86.8123,False,0,0,0,,,,,,,,
101644779,Crashes_2010_2019_MPO,2017-05-15,2017,35.93549,-86.82393,False,0,0,0,,,,,,,,
101645357,Crashes_2010_2019_MPO,2017-05-15,2017,36.03988,-86.74159,False,0,0,0,,,,,,,,
101645169,Crashes_2010_2019_MPO,2017-05-15,2017,36.01173,-86.70315,False,0,0,0,,,,,,,,
101645182,Crashes_2010_2019_MPO,2017-05-15,2017,36.04989,-86.71618,False,0,0,0,,,,,,,,
101646729,Crashes_2010_2019_MPO,2017-05-16,2017,35.92621,-86.72358,False,0,0,0,,,,,,,,
101646219,Crashes_2010_2019_MPO,2017-05-16,2017,36.04263,-86.83919,False,0,0,0,,,,,,,,
101646137,Crashes_2010_2019_MPO,2017-05-16,2017,36.04811,-86.74366,False,0,0,0,,,,,,,,
101646284,Crashes_2010_2019_MPO,2017-05-16,2017,36.0473,-86.86274,False,0,0,0,,,,,,,,
101651449,Crashes_2010_2019_MPO,2017-05-16,2017,35.96462,-86.81473,True,0,0,0,,,,,,,,
101648217,Crashes_2010_2019_MPO,2017-05-16,2017,35.94602,-86.82367,False,0,0,0,,,,,,,,
101647924,Crashes_2010_2019_MPO,2017-05-16,2017,35.96681,-86.81119,True,0,0,0,,,,,,,,
101645993,Crashes_2010_2019_MPO,2017-05-16,2017,36.03744,-86.7863,False,0,0,0,,,,,,,,
101645800,Crashes_2010_2019_MPO,2017-05-16,2017,36.04167,-86.74388,False,0,0,0,,,,,,,,
101646465,Crashes_2010_2019_MPO,2017-05-16,2017,36.035873,-86.78704,True,0,0,0,,,,,,,,
101645819,Crashes_2010_2019_MPO,2017-05-16,2017,35.93362,-86.81144,False,0,0,0,,,,,,,,
101646217,Crashes_2010_2019_MPO,2017-05-16,2017,36.03776,-86.78477,False,0,0,0,,,,,,,,
101646108,Crashes_2010_2019_MPO,2017-05-16,2017,35.93259,-86.81165,False,0,0,0,,,,,,,,
101646488,Crashes_2010_2019_MPO,2017-05-16,2017,35.96917,-86.82615,False,0,0,0,,,,,,,,
101645754,Crashes_2010_2019_MPO,2017-05-16,2017,35.92908,-86.84648,False,0,0,0,,,,,,,,
101646282,Crashes_2010_2019_MPO,2017-05-16,2017,35.99551,-86.77887,True,0,0,0,,,,,,,,
101646176,Crashes_2010_2019_MPO,2017-05-16,2017,36.032391,-86.78434,True,0,0,0,,,,,,,,
101646204,Crashes_2010_2019_MPO,2017-05-16,2017,36.03747,-86.79098,False,0,0,0,,,,,,,,
101646131,Crashes_2010_2019_MPO,2017-05-16,2017,35.997016,-86.810429,True,0,0,0,,,,,,,,
101646730,Crashes_2010_2019_MPO,2017-05-17,2017,35.9583,-86.8023,False,0,0,0,,,,,,,,
101646765,Crashes_2010_2019_MPO,2017-05-17,2017,36.03744,-86.78627,False,0,0,0,,,,,,,,
101646987,Crashes_2010_2019_MPO,2017-05-17,2017,36.04191,-86.82481,False,0,0,0,,,,,,,,
101646784,Crashes_2010_2019_MPO,2017-05-17,2017,36.04537,-86.71326,False,0,0,0,,,,,,,,
101646807,Crashes_2010_2019_MPO,2017-05-17,2017,35.96588,-86.80316,True,0,0,0,,,,,,,,
101647200,Crashes_2010_2019_MPO,2017-05-17,2017,35.94933,-86.81939,False,0,0,0,,,,,,,,
101646862,Crashes_2010_2019_MPO,2017-05-17,2017,36.03897,-86.78264,False,0,0,0,,,,,,,,
101651864,Crashes_2010_2019_MPO,2017-05-17,2017,35.97553,-86.80435,True,0,0,0,,,,,,,,
101648858,Crashes_2010_2019_MPO,2017-05-17,2017,35.99042,-86.79921,True,0,0,0,,,,,,,,
101648859,Crashes_2010_2019_MPO,2017-05-17,2017,35.97776,-86.80359,True,0,0,0,,,,,,,,
101647076,Crashes_2010_2019_MPO,2017-05-17,2017,36.0472,-86.86283,False,0,0,0,,,,,,,,
101646610,Crashes_2010_2019_MPO,2017-05-17,2017,35.96599,-86.8047,True,0,0,0,,,,,,,,
101647221,Crashes_2010_2019_MPO,2017-05-17,2017,36.04922,-86.81614,False,0,0,0,,,,,,,,
101647189,Crashes_2010_2019_MPO,2017-05-17,2017,36.04059,-86.77107,False,0,0,0,,,,,,,,
101648856,Crashes_2010_2019_MPO,2017-05-17,2017,35.97056,-86.80607,True,0,0,0,,,,,,,,
101646549,Crashes_2010_2019_MPO,2017-05-17,2017,36.02305,-86.68491,False,0,0,0,,,,,,,,
101647148,Crashes_2010_2019_MPO,2017-05-17,2017,35.94813,-86.81682,False,0,0,0,,,,,,,,
101647178,Crashes_2010_2019_MPO,2017-05-17,2017,36.03319,-86.7876,True,0,0,0,,,,,,,,
101648220,Crashes_2010_2019_MPO,2017-05-18,2017,36.03674,-86.81485,True,0,0,0,,,,,,,,
101648268,Crashes_2010_2019_MPO,2017-05-18,2017,36.03244,-86.70818,False,0,0,0,,,,,,,,
101648219,Crashes_2010_2019_MPO,2017-05-18,2017,35.95151,-86.81014,False,0,0,0,,,,,,,,
101648571,Crashes_2010_2019_MPO,2017-05-18,2017,36.03313,-86.78706,True,0,0,0,,,,,,,,
101648853,Crashes_2010_2019_MPO,2017-05-18,2017,35.96681,-86.81119,True,0,0,0,,,,,,,,
101648860,Crashes_2010_2019_MPO,2017-05-18,2017,35.95526,-86.82588,False,0,0,0,,,,,,,,
101648015,Crashes_2010_2019_MPO,2017-05-18,2017,35.95997,-86.83392,False,0,0,0,,,,,,,,
101677971,Crashes_2010_2019_MPO,2017-05-18,2017,36.03988,-86.71278,False,1,0,0,,,,,,,,
101648187,Crashes_2010_2019_MPO,2017-05-18,2017,36.04537,-86.71326,False,0,0,0,,,,,,,,
101648105,Crashes_2010_2019_MPO,2017-05-18,2017,36.02613,-86.71295,False,0,0,0,,,,,,,,
101647678,Crashes_2010_2019_MPO,2017-05-18,2017,36.03992,-86.76492,False,0,0,0,,,,,,,,
101648147,Crashes_2010_2019_MPO,2017-05-18,2017,36.03821,-86.8009,False,0,0,0,,,,,,,,
101648202,Crashes_2010_2019_MPO,2017-05-18,2017,35.92829,-86.7667,False,0,0,0,,,,,,,,
101647760,Crashes_2010_2019_MPO,2017-05-18,2017,36.03984,-86.78142,False,0,0,0,,,,,,,,
101647637,Crashes_2010_2019_MPO,2017-05-18,2017,36.03987,-86.7535,False,0,0,0,,,,,,,,
101648383,Crashes_2010_2019_MPO,2017-05-18,2017,35.95916,-86.76761,True,0,0,0,,,,,,,,
101648031,Crashes_2010_2019_MPO,2017-05-18,2017,35.99831,-86.80312,True,0,0,0,,,,,,,,
101648305,Crashes_2010_2019_MPO,2017-05-18,2017,36.0374,-86.78657,False,0,0,0,,,,,,,,
101647622,Crashes_2010_2019_MPO,2017-05-18,2017,35.9549,-86.8113,False,0,0,0,,,,,,,,
101648592,Crashes_2010_2019_MPO,2017-05-19,2017,36.03632,-86.81046,True,0,0,0,,,,,,,,
101649114,Crashes_2010_2019_MPO,2017-05-19,2017,35.92405,-86.87172,False,0,0,0,,,,,,,,
101650266,Crashes_2010_2019_MPO,2017-05-19,2017,35.96458,-86.8144,False,0,0,0,,,,,,,,
101649486,Crashes_2010_2019_MPO,2017-05-19,2017,35.96681,-86.81119,True,0,0,0,,,,,,,,
101648708,Crashes_2010_2019_MPO,2017-05-19,2017,36.03,-86.876,False,0,0,0,,,,,,,,
101648594,Crashes_2010_2019_MPO,2017-05-19,2017,36.00525,-86.7037,False,0,0,0,,,,,,,,
101648733,Crashes_2010_2019_MPO,2017-05-19,2017,36.04368,-86.69286,False,0,0,0,,,,,,,,
101649164,Crashes_2010_2019_MPO,2017-05-19,2017,36.04,-86.74331,False,0,0,0,,,,,,,,
101649142,Crashes_2010_2019_MPO,2017-05-19,2017,36.0379,-86.79776,False,0,0,0,,,,,,,,
101648604,Crashes_2010_2019_MPO,2017-05-19,2017,36.0408,-86.77957,False,0,0,0,,,,,,,,
101648840,Crashes_2010_2019_MPO,2017-05-19,2017,36.03761,-86.78512,False,0,0,0,,,,,,,,
101649115,Crashes_2010_2019_MPO,2017-05-19,2017,35.93267,-86.86234,False,0,0,0,,,,,,,,
101649248,Crashes_2010_2019_MPO,2017-05-19,2017,36.04012,-86.74451,False,0,0,0,,,,,,,,
101649347,Crashes_2010_2019_MPO,2017-05-19,2017,36.04614,-86.7197,False,0,0,0,,,,,,,,
101649511,Crashes_2010_2019_MPO,2017-05-19,2017,36.04028,-86.76837,False,0,0,0,,,,,,,,
101651072,Crashes_2010_2019_MPO,2017-05-19,2017,35.96598,-86.80586,True,0,0,0,,,,,,,,
101649321,Crashes_2010_2019_MPO,2017-05-19,2017,36.01559,-86.7406,False,0,0,0,,,,,,,,
101650217,Crashes_2010_2019_MPO,2017-05-19,2017,35.92839,-86.7654,False,0,0,0,,,,,,,,
101648605,Crashes_2010_2019_MPO,2017-05-19,2017,36.0409,-86.74608,False,0,0,0,,,,,,,,
101648960,Crashes_2010_2019_MPO,2017-05-19,2017,36.04058,-86.77097,False,0,0,0,,,,,,,,
101649296,Crashes_2010_2019_MPO,2017-05-19,2017,35.97862,-86.75438,True,0,0,0,,,,,,,,
101649070,Crashes_2010_2019_MPO,2017-05-19,2017,36.04099,-86.77484,False,0,0,0,,,,,,,,
101649361,Crashes_2010_2019_MPO,2017-05-19,2017,36.04573,-86.70797,False,0,0,0,,,,,,,,
101650614,Crashes_2010_2019_MPO,2017-05-20,2017,36.03243,-86.70816,False,0,0,0,,,,,,,,
101649992,Crashes_2010_2019_MPO,2017-05-20,2017,36.04084,-86.77347,False,0,0,0,,,,,,,,
101650603,Crashes_2010_2019_MPO,2017-05-20,2017,35.94934,-86.68655,False,0,0,0,,,,,,,,
101649906,Crashes_2010_2019_MPO,2017-05-20,2017,36.04249,-86.71295,False,0,0,0,,,,,,,,
101650309,Crashes_2010_2019_MPO,2017-05-20,2017,35.97765,-86.77678,True,0,0,0,,,,,,,,
101650274,Crashes_2010_2019_MPO,2017-05-20,2017,35.94701,-86.82139,False,0,0,0,,,,,,,,
101650302,Crashes_2010_2019_MPO,2017-05-20,2017,36.0383,-86.77815,False,0,0,0,,,,,,,,
101650268,Crashes_2010_2019_MPO,2017-05-20,2017,35.9407,-86.83934,False,0,0,0,,,,,,,,
101650566,Crashes_2010_2019_MPO,2017-05-20,2017,36.0449,-86.7132,False,0,0,0,,,,,,,,
101651019,Crashes_2010_2019_MPO,2017-05-20,2017,35.96681,-86.81119,True,0,0,0,,,,,,,,
101650272,Crashes_2010_2019_MPO,2017-05-20,2017,35.95824,-86.80206,False,0,0,0,,,,,,,,
101661891,Crashes_2010_2019_MPO,2017-05-20,2017,36.00318,-86.74259,True,0,0,0,,,,,,,,
101650508,Crashes_2010_2019_MPO,2017-05-20,2017,35.96562,-86.70619,True,0,0,0,,,,,,,,
101649632,Crashes_2010_2019_MPO,2017-05-20,2017,36.04245,-86.71294,False,0,0,0,,,,,,,,
101651373,Crashes_2010_2019_MPO,2017-05-21,2017,36.02573,-86.78505,True,0,0,0,,,,,,,,
101651032,Crashes_2010_2019_MPO,2017-05-21,2017,35.99922,-86.80923,True,0,0,0,,,,,,,,
101651103,Crashes_2010_2019_MPO,2017-05-21,2017,35.96615,-86.72709,True,0,0,0,,,,,,,,
101650899,Crashes_2010_2019_MPO,2017-05-21,2017,36.04123,-86.67776,False,0,0,0,,,,,,,,
101651634,Crashes_2010_2019_MPO,2017-05-21,2017,35.96539,-86.79975,True,0,0,0,,,,,,,,
101651123,Crashes_2010_2019_MPO,2017-05-21,2017,35.98726,-86.73787,True,0,0,0,,,,,,,,
101651138,Crashes_2010_2019_MPO,2017-05-21,2017,35.92926,-86.82663,False,0,0,0,,,,,,,,
101653037,Crashes_2010_2019_MPO,2017-05-22,2017,35.94849,-86.82292,False,0,0,0,,,,,,,,
101652023,Crashes_2010_2019_MPO,2017-05-22,2017,35.94683,-86.85172,False,0,0,0,,,,,,,,
101653035,Crashes_2010_2019_MPO,2017-05-22,2017,35.94392,-86.81889,False,0,0,0,,,,,,,,
101652328,Crashes_2010_2019_MPO,2017-05-22,2017,36.01003,-86.78526,True,0,0,0,,,,,,,,
101651513,Crashes_2010_2019_MPO,2017-05-22,2017,35.93218,-86.79403,False,0,0,0,,,,,,,,
101656230,Crashes_2010_2019_MPO,2017-05-22,2017,36.00999,-86.78528,True,0,0,0,,,,,,,,
101652594,Crashes_2010_2019_MPO,2017-05-23,2017,36.03248,-86.78335,True,0,0,0,,,,,,,,
101652961,Crashes_2010_2019_MPO,2017-05-23,2017,36.02548,-86.71351,False,0,0,0,,,,,,,,
101652681,Crashes_2010_2019_MPO,2017-05-23,2017,35.93981,-86.82137,False,0,0,0,,,,,,,,
101652934,Crashes_2010_2019_MPO,2017-05-23,2017,36.03772,-86.79475,False,0,0,0,,,,,,,,
101652789,Crashes_2010_2019_MPO,2017-05-23,2017,35.93215,-86.79441,False,0,0,0,,,,,,,,
101652927,Crashes_2010_2019_MPO,2017-05-23,2017,35.93446,-86.81991,False,0,0,0,,,,,,,,
101652792,Crashes_2010_2019_MPO,2017-05-23,2017,35.99761,-86.79709,True,0,0,1,,,,,,,,
101652790,Crashes_2010_2019_MPO,2017-05-23,2017,35.94969,-86.81939,False,0,0,0,,,,,,,,
101652914,Crashes_2010_2019_MPO,2017-05-23,2017,36.03614,-86.79498,True,0,0,0,,,,,,,,
101655142,Crashes_2010_2019_MPO,2017-05-24,2017,35.92423,-86.87096,False,0,0,0,,,,,,,,
101653337,Crashes_2010_2019_MPO,2017-05-24,2017,36.0406,-86.78259,False,0,0,0,,,,,,,,
101653819,Crashes_2010_2019_MPO,2017-05-24,2017,36.03502,-86.76872,False,0,0,0,,,,,,,,
101653362,Crashes_2010_2019_MPO,2017-05-24,2017,35.95228,-86.76626,True,0,0,0,,,,,,,,
101653331,Crashes_2010_2019_MPO,2017-05-24,2017,36.04157,-86.78245,False,0,0,0,,,,,,,,
101653661,Crashes_2010_2019_MPO,2017-05-24,2017,35.92398,-86.81572,False,0,0,0,,,,,,,,
101653327,Crashes_2010_2019_MPO,2017-05-24,2017,36.0425,-86.72645,False,0,0,0,,,,,,,,
101653646,Crashes_2010_2019_MPO,2017-05-24,2017,35.96573,-86.77235,True,0,0,0,,,,,,,,
101653660,Crashes_2010_2019_MPO,2017-05-24,2017,35.94028,-86.8313,False,0,0,0,,,,,,,,
101653830,Crashes_2010_2019_MPO,2017-05-24,2017,35.9951,-86.77444,True,0,0,0,,,,,,,,
101653516,Crashes_2010_2019_MPO,2017-05-24,2017,36.03332,-86.71294,False,0,0,1,,,,,,,,
101653617,Crashes_2010_2019_MPO,2017-05-24,2017,35.96798,-86.81833,True,0,0,0,,,,,,,,
101653276,Crashes_2010_2019_MPO,2017-05-24,2017,36.04119,-86.78259,False,0,0,0,,,,,,,,
101653662,Crashes_2010_2019_MPO,2017-05-24,2017,35.95296,-86.81791,False,0,0,0,,,,,,,,
101653993,Crashes_2010_2019_MPO,2017-05-24,2017,35.9866,-86.75238,True,0,0,0,,,,,,,,
101653632,Crashes_2010_2019_MPO,2017-05-24,2017,35.99008,-86.82922,False,0,0,0,,,,,,,,
101654223,Crashes_2010_2019_MPO,2017-05-25,2017,36.03127,-86.70065,False,0,0,0,,,,,,,,
101654021,Crashes_2010_2019_MPO,2017-05-25,2017,35.981,-86.72493,True,0,0,0,,,,,,,,
101654566,Crashes_2010_2019_MPO,2017-05-25,2017,36.04551,-86.71173,False,0,0,0,,,,,,,,
101655109,Crashes_2010_2019_MPO,2017-05-25,2017,35.94636,-86.80871,False,0,0,0,,,,,,,,
101654486,Crashes_2010_2019_MPO,2017-05-25,2017,36.04161,-86.74925,False,0,0,0,,,,,,,,
101653987,Crashes_2010_2019_MPO,2017-05-25,2017,35.94916,-86.75172,True,0,0,0,,,,,,,,
101654225,Crashes_2010_2019_MPO,2017-05-25,2017,35.9782,-86.75932,True,0,0,0,,,,,,,,
101654335,Crashes_2010_2019_MPO,2017-05-25,2017,35.92553,-86.86825,False,0,0,0,,,,,,,,
101654645,Crashes_2010_2019_MPO,2017-05-25,2017,35.95226,-86.81913,False,0,0,0,,,,,,,,
101654177,Crashes_2010_2019_MPO,2017-05-25,2017,35.96716,-86.81351,True,0,0,0,,,,,,,,
101654456,Crashes_2010_2019_MPO,2017-05-25,2017,36.03379,-86.78542,True,0,0,0,,,,,,,,
101656863,Crashes_2010_2019_MPO,2017-05-26,2017,35.95178,-86.8317,False,0,0,0,,,,,,,,
101656865,Crashes_2010_2019_MPO,2017-05-26,2017,35.94175,-86.82119,False,0,0,0,,,,,,,,
101655978,Crashes_2010_2019_MPO,2017-05-26,2017,36.0189,-86.72569,False,0,0,0,,,,,,,,
101655932,Crashes_2010_2019_MPO,2017-05-26,2017,36.03336,-86.78872,True,0,0,0,,,,,,,,
101655597,Crashes_2010_2019_MPO,2017-05-26,2017,35.94877,-86.8075,False,0,0,0,,,,,,,,
101660686,Crashes_2010_2019_MPO,2017-05-26,2017,35.98154,-86.80226,True,0,0,0,,,,,,,,
101655916,Crashes_2010_2019_MPO,2017-05-26,2017,36.04061,-86.77125,False,0,0,0,,,,,,,,
101655934,Crashes_2010_2019_MPO,2017-05-26,2017,36.04061,-86.77125,False,0,0,0,,,,,,,,
101656075,Crashes_2010_2019_MPO,2017-05-26,2017,36.0452,-86.71513,False,0,0,0,,,,,,,,
101655296,Crashes_2010_2019_MPO,2017-05-26,2017,36.04231,-86.72652,False,0,0,0,,,,,,,,
101655598,Crashes_2010_2019_MPO,2017-05-26,2017,35.92384,-86.86975,False,0,0,0,,,,,,,,
101655094,Crashes_2010_2019_MPO,2017-05-26,2017,36.04028,-86.76837,False,0,0,0,,,,,,,,
101656166,Crashes_2010_2019_MPO,2017-05-26,2017,36.03147,-86.78976,True,0,0,0,,,,,,,,
101657602,Crashes_2010_2019_MPO,2017-05-26,2017,35.96598,-86.80602,True,0,0,0,,,,,,,,
101655576,Crashes_2010_2019_MPO,2017-05-26,2017,35.92744,-86.87392,False,0,0,0,,,,,,,,
101655803,Crashes_2010_2019_MPO,2017-05-26,2017,36.02547,-86.71305,False,0,1,0,,,,,,,,
101655479,Crashes_2010_2019_MPO,2017-05-26,2017,35.94748,-86.81363,False,0,0,0,,,,,,,,
101656707,Crashes_2010_2019_MPO,2017-05-27,2017,36.04161,-86.74925,False,0,0,0,,,,,,,,
101656869,Crashes_2010_2019_MPO,2017-05-27,2017,35.99138,-86.68368,False,0,0,0,,,,,,,,
101657280,Crashes_2010_2019_MPO,2017-05-27,2017,36.03628,-86.79085,True,0,0,0,,,,,,,,
101662197,Crashes_2010_2019_MPO,2017-05-27,2017,36.04081,-86.78257,False,0,0,0,,,,,,,,
101656866,Crashes_2010_2019_MPO,2017-05-27,2017,35.95081,-86.84855,False,0,0,0,,,,,,,,
101657526,Crashes_2010_2019_MPO,2017-05-27,2017,35.99795,-86.78801,True,0,0,0,,,,,,,,
101656918,Crashes_2010_2019_MPO,2017-05-27,2017,36.04537,-86.71326,False,0,0,0,,,,,,,,
101657180,Crashes_2010_2019_MPO,2017-05-27,2017,36.04122,-86.777,False,0,0,0,,,,,,,,
101657043,Crashes_2010_2019_MPO,2017-05-27,2017,36.02494,-86.68023,False,0,0,0,,,,,,,,
101656964,Crashes_2010_2019_MPO,2017-05-27,2017,36.03841,-86.713,False,0,0,0,,,,,,,,
101657715,Crashes_2010_2019_MPO,2017-05-28,2017,36.01641,-86.70133,False,0,0,0,,,,,,,,
101657367,Crashes_2010_2019_MPO,2017-05-28,2017,35.96518,-86.80029,True,0,0,0,,,,,,,,
101657371,Crashes_2010_2019_MPO,2017-05-28,2017,36.03985,-86.75357,False,0,0,0,,,,,,,,
101657893,Crashes_2010_2019_MPO,2017-05-28,2017,35.93186,-86.79406,False,0,0,0,,,,,,,,
101657657,Crashes_2010_2019_MPO,2017-05-28,2017,36.04685,-86.67941,False,0,0,0,,,,,,,,
101657389,Crashes_2010_2019_MPO,2017-05-28,2017,36.04007,-86.78265,False,0,0,0,,,,,,,,
101657267,Crashes_2010_2019_MPO,2017-05-28,2017,36.0453,-86.70168,False,0,0,0,,,,,,,,
101657988,Crashes_2010_2019_MPO,2017-05-28,2017,36.02529,-86.71277,False,0,0,0,,,,,,,,
101657454,Crashes_2010_2019_MPO,2017-05-28,2017,36.0519,-86.71448,False,0,0,0,,,,,,,,
101658789,Crashes_2010_2019_MPO,2017-05-29,2017,36.04217,-86.72651,False,0,0,1,,,,,,,,
101658301,Crashes_2010_2019_MPO,2017-05-29,2017,35.97969,-86.86552,False,0,0,0,,,,,,,,
101662516,Crashes_2010_2019_MPO,2017-05-29,2017,35.96133,-86.81226,False,0,0,0,,,,,,,,
101659505,Crashes_2010_2019_MPO,2017-05-29,2017,35.998215,-86.803247,True,0,0,0,,,,,,,,
101659467,Crashes_2010_2019_MPO,2017-05-30,2017,35.99527,-86.68762,False,0,0,0,,,,,,,,
101664241,Crashes_2010_2019_MPO,2017-05-30,2017,35.9407,-86.83934,False,0,0,0,,,,,,,,
101659850,Crashes_2010_2019_MPO,2017-05-30,2017,35.94565,-86.80635,False,0,0,0,,,,,,,,
101659425,Crashes_2010_2019_MPO,2017-05-30,2017,36.03336,-86.78872,True,0,0,0,,,,,,,,
101659759,Crashes_2010_2019_MPO,2017-05-30,2017,36.0354,-86.78754,True,0,0,0,,,,,,,,
101660710,Crashes_2010_2019_MPO,2017-05-30,2017,35.99922,-86.80923,True,0,0,0,,,,,,,,
101660034,Crashes_2010_2019_MPO,2017-05-30,2017,36.04561,-86.71977,False,0,0,0,,,,,,,,
101659727,Crashes_2010_2019_MPO,2017-05-30,2017,35.95051,-86.76622,True,0,0,0,,,,,,,,
101659492,Crashes_2010_2019_MPO,2017-05-30,2017,35.9417,-86.82105,False,0,0,0,,,,,,,,
101659776,Crashes_2010_2019_MPO,2017-05-30,2017,36.04529,-86.71405,False,0,0,0,,,,,,,,
101659829,Crashes_2010_2019_MPO,2017-05-30,2017,35.93882,-86.68523,False,0,0,0,,,,,,,,