record_no,source_layer,collision_ts,crash_year,latitude,longitude,in_city,fatalities,non_motorists,truck_involved,serious_injuries,pedestrian,bicycle,crash_type,manner_of_collision,lighting,weather,first_harmful_event
101700425,Crashes_2010_2019_MPO,2017-07-13,2017,36.02371,-86.71273,False,0,0,0,,,,,,,,
101699781,Crashes_2010_2019_MPO,2017-07-13,2017,36.04043,-86.76835,False,0,0,0,,,,,,,,
101700485,Crashes_2010_2019_MPO,2017-07-13,2017,36.03858,-86.73183,False,0,0,0,,,,,,,,
101700420,Crashes_2010_2019_MPO,2017-07-13,2017,36.04069,-86.78258,False,0,0,0,,,,,,,,
101700017,Crashes_2010_2019_MPO,2017-07-13,2017,35.99922,-86.80923,True,0,0,0,,,,,,,,
101701038,Crashes_2010_2019_MPO,2017-07-13,2017,36.01451,-86.78541,True,0,0,0,,,,,,,,
101699575,Crashes_2010_2019_MPO,2017-07-13,2017,35.93287,-86.78346,False,0,0,0,,,,,,,,
101700551,Crashes_2010_2019_MPO,2017-07-13,2017,36.0485,-86.71364,False,0,0,0,,,,,,,,
101700278,Crashes_2010_2019_MPO,2017-07-13,2017,36.04524,-86.71453,False,0,0,0,,,,,,,,
101700938,Crashes_2010_2019_MPO,2017-07-13,2017,36.01376,-86.71736,False,0,0,0,,,,,,,,
101704486,Crashes_2010_2019_MPO,2017-07-14,2017,35.96637,-86.81112,False,0,0,0,,,,,,,,
101700692,Crashes_2010_2019_MPO,2017-07-14,2017,36.04312,-86.78186,False,0,0,0,,,,,,,,
101701594,Crashes_2010_2019_MPO,2017-07-14,2017,36.03465,-86.7831,True,0,0,0,,,,,,,,
101701496,Crashes_2010_2019_MPO,2017-07-14,2017,35.95051,-86.76622,True,0,0,0,,,,,,,,
101701448,Crashes_2010_2019_MPO,2017-07-14,2017,35.9283,-86.7665,False,0,0,0,,,,,,,,
101701504,Crashes_2010_2019_MPO,2017-07-14,2017,36.04084,-86.77347,False,0,0,0,,,,,,,,
101701536,Crashes_2010_2019_MPO,2017-07-14,2017,35.96547,-86.82114,True,0,0,0,,,,,,,,
101702659,Crashes_2010_2019_MPO,2017-07-15,2017,35.96593,-86.78616,True,0,0,0,,,,,,,,
101702823,Crashes_2010_2019_MPO,2017-07-15,2017,35.93369,-86.86158,False,0,0,0,,,,,,,,
101703062,Crashes_2010_2019_MPO,2017-07-15,2017,35.96725,-86.811,True,0,0,0,,,,,,,,
101702194,Crashes_2010_2019_MPO,2017-07-15,2017,36.04776,-86.86235,False,0,0,0,,,,,,,,
101701965,Crashes_2010_2019_MPO,2017-07-15,2017,35.97037,-86.80639,True,0,0,0,,,,,,,,
101702245,Crashes_2010_2019_MPO,2017-07-15,2017,35.96681,-86.81119,True,0,0,0,,,,,,,,
101702287,Crashes_2010_2019_MPO,2017-07-15,2017,36.0522,-86.74309,False,0,0,0,,,,,,,,
101702308,Crashes_2010_2019_MPO,2017-07-15,2017,36.02352,-86.68826,False,0,0,0,,,,,,,,
101702838,Crashes_2010_2019_MPO,2017-07-16,2017,36.04523,-86.71675,False,0,0,0,,,,,,,,
101703469,Crashes_2010_2019_MPO,2017-07-16,2017,35.99793,-86.69137,False,0,0,0,,,,,,,,
101702873,Crashes_2010_2019_MPO,2017-07-16,2017,35.98879,-86.80179,True,0,0,0,,,,,,,,
101708021,Crashes_2010_2019_MPO,2017-07-16,2017,35.99766,-86.79468,True,0,0,0,,,,,,,,
101703839,Crashes_2010_2019_MPO,2017-07-17,2017,36.03742,-86.79047,False,0,0,0,,,,,,,,
101704588,Crashes_2010_2019_MPO,2017-07-17,2017,35.94811,-86.81116,False,0,0,0,,,,,,,,
101703851,Crashes_2010_2019_MPO,2017-07-17,2017,35.95721,-86.84339,False,0,0,0,,,,,,,,
101704587,Crashes_2010_2019_MPO,2017-07-17,2017,35.94417,-86.81978,False,0,0,0,,,,,,,,
101703787,Crashes_2010_2019_MPO,2017-07-17,2017,35.95899,-86.81594,False,0,0,0,,,,,,,,
101703701,Crashes_2010_2019_MPO,2017-07-17,2017,35.96798,-86.81833,True,0,0,0,,,,,,,,
101704474,Crashes_2010_2019_MPO,2017-07-17,2017,35.97701,-86.87498,False,0,0,0,,,,,,,,
101704165,Crashes_2010_2019_MPO,2017-07-17,2017,35.94801,-86.86385,False,0,0,0,,,,,,,,
101703678,Crashes_2010_2019_MPO,2017-07-17,2017,35.99872,-86.68945,False,0,0,0,,,,,,,,
101704243,Crashes_2010_2019_MPO,2017-07-17,2017,35.99004,-86.74528,True,0,0,0,,,,,,,,
101703822,Crashes_2010_2019_MPO,2017-07-17,2017,35.99532,-86.79596,True,0,0,0,,,,,,,,
101703964,Crashes_2010_2019_MPO,2017-07-17,2017,36.0456,-86.71088,False,0,0,0,,,,,,,,
101710252,Crashes_2010_2019_MPO,2017-07-17,2017,35.95365,-86.71909,False,0,0,0,,,,,,,,
101704589,Crashes_2010_2019_MPO,2017-07-17,2017,35.94481,-86.82862,False,0,0,0,,,,,,,,
101704029,Crashes_2010_2019_MPO,2017-07-17,2017,35.93438,-86.86107,False,0,0,0,,,,,,,,
101705000,Crashes_2010_2019_MPO,2017-07-18,2017,35.96677,-86.81093,True,0,0,0,,,,,,,,
101706185,Crashes_2010_2019_MPO,2017-07-18,2017,35.97007,-86.80625,True,0,0,0,,,,,,,,
101704916,Crashes_2010_2019_MPO,2017-07-18,2017,36.03772,-86.79475,False,0,0,0,,,,,,,,
101704478,Crashes_2010_2019_MPO,2017-07-18,2017,36.03277,-86.70897,False,0,0,0,,,,,,,,
101704488,Crashes_2010_2019_MPO,2017-07-18,2017,35.9583,-86.8023,False,0,0,0,,,,,,,,
101704728,Crashes_2010_2019_MPO,2017-07-18,2017,36.0409,-86.77938,False,0,0,0,,,,,,,,
101705434,Crashes_2010_2019_MPO,2017-07-18,2017,35.96681,-86.81119,True,0,0,0,,,,,,,,
101704783,Crashes_2010_2019_MPO,2017-07-18,2017,35.93065,-86.86384,False,0,0,0,,,,,,,,
101704977,Crashes_2010_2019_MPO,2017-07-18,2017,36.0111,-86.78492,True,0,0,0,,,,,,,,
101705092,Crashes_2010_2019_MPO,2017-07-18,2017,36.0465,-86.7134,False,0,0,0,,,,,,,,
101705060,Crashes_2010_2019_MPO,2017-07-18,2017,36.03218,-86.76866,False,0,0,0,,,,,,,,
101704508,Crashes_2010_2019_MPO,2017-07-18,2017,36.02943,-86.74403,False,0,0,0,,,,,,,,
101705077,Crashes_2010_2019_MPO,2017-07-18,2017,36.03689,-86.81684,True,0,0,0,,,,,,,,
101704958,Crashes_2010_2019_MPO,2017-07-18,2017,35.9901,-86.74574,True,0,0,0,,,,,,,,
101704985,Crashes_2010_2019_MPO,2017-07-18,2017,35.93446,-86.81991,False,0,0,0,,,,,,,,
101704511,Crashes_2010_2019_MPO,2017-07-18,2017,35.93446,-86.81991,False,0,0,0,,,,,,,,
101706487,Crashes_2010_2019_MPO,2017-07-19,2017,36.03987,-86.78139,False,0,0,0,,,,,,,,
101705394,Crashes_2010_2019_MPO,2017-07-19,2017,36.03971,-86.76279,False,0,0,0,,,,,,,,
101705859,Crashes_2010_2019_MPO,2017-07-19,2017,35.95126,-86.82016,False,0,0,0,,,,,,,,
101705694,Crashes_2010_2019_MPO,2017-07-19,2017,35.92558,-86.87283,False,0,0,0,,,,,,,,
101706026,Crashes_2010_2019_MPO,2017-07-19,2017,36.04667,-86.73997,False,0,0,0,,,,,,,,
101705330,Crashes_2010_2019_MPO,2017-07-19,2017,36.01434,-86.67918,False,0,0,0,,,,,,,,
101707612,Crashes_2010_2019_MPO,2017-07-19,2017,36.034835,-86.803625,True,0,0,0,,,,,,,,
101705627,Crashes_2010_2019_MPO,2017-07-19,2017,36.04216,-86.78204,False,0,0,0,,,,,,,,
101705629,Crashes_2010_2019_MPO,2017-07-19,2017,35.96635,-86.81379,False,0,0,0,,,,,,,,
101705272,Crashes_2010_2019_MPO,2017-07-19,2017,36.04636,-86.71338,False,0,0,0,,,,,,,,
101705331,Crashes_2010_2019_MPO,2017-07-19,2017,35.95693,-86.81107,False,0,0,0,,,,,,,,
101707430,Crashes_2010_2019_MPO,2017-07-20,2017,36.02724,-86.78425,True,0,0,0,,,,,,,,
101706590,Crashes_2010_2019_MPO,2017-07-20,2017,35.95899,-86.80436,False,0,0,0,,,,,,,,
101706315,Crashes_2010_2019_MPO,2017-07-20,2017,36.02012,-86.71014,False,0,0,0,,,,,,,,
101710256,Crashes_2010_2019_MPO,2017-07-20,2017,36.00492,-86.79005,True,0,0,0,,,,,,,,
101706925,Crashes_2010_2019_MPO,2017-07-20,2017,35.96191,-86.82718,False,0,0,0,,,,,,,,
101706376,Crashes_2010_2019_MPO,2017-07-20,2017,36.04559,-86.7109,False,0,0,0,,,,,,,,
101706804,Crashes_2010_2019_MPO,2017-07-20,2017,36.03122,-86.87558,False,0,0,0,,,,,,,,
101707736,Crashes_2010_2019_MPO,2017-07-20,2017,35.95824,-86.8111,False,0,0,0,,,,,,,,
101706913,Crashes_2010_2019_MPO,2017-07-20,2017,35.93211,-86.86276,False,0,0,0,,,,,,,,
101707129,Crashes_2010_2019_MPO,2017-07-20,2017,36.01389,-86.68162,False,0,0,0,,,,,,,,
101706102,Crashes_2010_2019_MPO,2017-07-20,2017,36.04587,-86.77796,False,0,0,1,,,,,,,,
101706924,Crashes_2010_2019_MPO,2017-07-20,2017,35.96473,-86.81432,False,0,0,0,,,,,,,,
101711915,Crashes_2010_2019_MPO,2017-07-20,2017,36.03107,-86.78353,True,0,0,0,,,,,,,,
101708344,Crashes_2010_2019_MPO,2017-07-21,2017,35.94412,-86.82056,False,0,0,0,,,,,,,,
101707506,Crashes_2010_2019_MPO,2017-07-21,2017,35.93325,-86.81179,False,0,0,0,,,,,,,,
101707181,Crashes_2010_2019_MPO,2017-07-21,2017,35.93789,-86.7078,False,0,0,0,,,,,,,,
101708929,Crashes_2010_2019_MPO,2017-07-21,2017,35.94778,-86.81994,False,0,0,0,,,,,,,,
101708430,Crashes_2010_2019_MPO,2017-07-21,2017,36.03933,-86.78275,False,0,0,0,,,,,,,,
101708380,Crashes_2010_2019_MPO,2017-07-21,2017,36.04191,-86.82481,False,0,0,0,,,,,,,,
101708290,Crashes_2010_2019_MPO,2017-07-21,2017,36.04749,-86.68766,False,0,0,0,,,,,,,,
101707985,Crashes_2010_2019_MPO,2017-07-21,2017,36.04641,-86.71339,False,0,0,0,,,,,,,,
101707439,Crashes_2010_2019_MPO,2017-07-21,2017,36.01286,-86.80081,True,0,0,0,,,,,,,,
101707743,Crashes_2010_2019_MPO,2017-07-21,2017,36.02104,-86.78735,True,0,0,0,,,,,,,,
101707716,Crashes_2010_2019_MPO,2017-07-21,2017,35.94613,-86.76022,True,0,0,0,,,,,,,,
101708345,Crashes_2010_2019_MPO,2017-07-21,2017,35.92738,-86.8687,False,0,0,0,,,,,,,,
101708243,Crashes_2010_2019_MPO,2017-07-21,2017,36.04537,-86.71326,False,0,0,0,,,,,,,,
101707363,Crashes_2010_2019_MPO,2017-07-21,2017,35.93249,-86.80616,False,0,1,0,,,,,,,,
101708249,Crashes_2010_2019_MPO,2017-07-21,2017,36.04077,-86.74366,False,0,0,0,,,,,,,,
101714367,Crashes_2010_2019_MPO,2017-07-22,2017,35.9562,-86.81522,False,0,0,0,,,,,,,,
101709396,Crashes_2010_2019_MPO,2017-07-22,2017,35.96716,-86.81351,True,0,0,0,,,,,,,,
101709011,Crashes_2010_2019_MPO,2017-07-22,2017,36.04063,-86.77987,False,0,0,0,,,,,,,,
101708407,Crashes_2010_2019_MPO,2017-07-22,2017,36.04423,-86.78094,False,0,0,0,,,,,,,,
101708568,Crashes_2010_2019_MPO,2017-07-22,2017,36.03546,-86.78298,False,0,0,0,,,,,,,,
101708932,Crashes_2010_2019_MPO,2017-07-22,2017,35.93423,-86.86117,False,0,0,0,,,,,,,,
101709060,Crashes_2010_2019_MPO,2017-07-22,2017,35.95834,-86.80203,False,0,0,0,,,,,,,,
101709893,Crashes_2010_2019_MPO,2017-07-23,2017,35.94603,-86.82479,False,0,0,0,,,,,,,,
101709852,Crashes_2010_2019_MPO,2017-07-23,2017,35.94164,-86.85584,False,0,0,0,,,,,,,,
101710772,Crashes_2010_2019_MPO,2017-07-23,2017,36.0525,-86.68445,False,0,0,0,,,,,,,,
101709962,Crashes_2010_2019_MPO,2017-07-23,2017,36.01546,-86.78568,True,0,0,0,,,,,,,,
101710107,Crashes_2010_2019_MPO,2017-07-23,2017,36.0374,-86.78657,False,0,0,0,,,,,,,,
101709454,Crashes_2010_2019_MPO,2017-07-23,2017,36.04166,-86.82381,False,0,0,0,,,,,,,,
101710058,Crashes_2010_2019_MPO,2017-07-23,2017,35.99581,-86.68835,False,0,0,0,,,,,,,,
101710092,Crashes_2010_2019_MPO,2017-07-23,2017,36.0473,-86.86274,False,0,0,0,,,,,,,,
101709931,Crashes_2010_2019_MPO,2017-07-23,2017,35.93902,-86.82151,False,0,0,0,,,,,,,,
101709858,Crashes_2010_2019_MPO,2017-07-23,2017,35.96681,-86.81119,True,0,0,0,,,,,,,,
101709540,Crashes_2010_2019_MPO,2017-07-23,2017,36.03987,-86.74149,False,0,0,0,,,,,,,,
101711105,Crashes_2010_2019_MPO,2017-07-24,2017,35.96655,-86.80932,True,0,0,0,,,,,,,,
101710370,Crashes_2010_2019_MPO,2017-07-24,2017,36.03748,-86.76855,False,0,0,0,,,,,,,,
101710544,Crashes_2010_2019_MPO,2017-07-24,2017,36.04901,-86.71371,False,0,0,0,,,,,,,,
101710614,Crashes_2010_2019_MPO,2017-07-24,2017,35.95383,-86.80405,False,0,0,0,,,,,,,,
101710474,Crashes_2010_2019_MPO,2017-07-24,2017,36.03249,-86.7892,True,0,0,0,,,,,,,,
101710265,Crashes_2010_2019_MPO,2017-07-24,2017,35.94866,-86.80989,False,0,0,0,,,,,,,,
101710895,Crashes_2010_2019_MPO,2017-07-24,2017,36.04088,-86.77381,False,0,0,0,,,,,,,,
101710674,Crashes_2010_2019_MPO,2017-07-24,2017,36.03689,-86.81684,True,0,0,0,,,,,,,,
101711344,Crashes_2010_2019_MPO,2017-07-24,2017,35.98439,-86.72434,True,0,0,0,,,,,,,,
101710419,Crashes_2010_2019_MPO,2017-07-24,2017,36.05053,-86.72557,False,0,0,0,,,,,,,,
101710936,Crashes_2010_2019_MPO,2017-07-24,2017,35.93144,-86.87822,False,0,0,0,,,,,,,,
101710592,Crashes_2010_2019_MPO,2017-07-24,2017,36.04536,-86.70362,False,0,0,0,,,,,,,,
101714937,Crashes_2010_2019_MPO,2017-07-24,2017,35.99004,-86.79934,True,0,0,0,,,,,,,,
101710300,Crashes_2010_2019_MPO,2017-07-24,2017,36.03047,-86.74398,False,0,0,0,,,,,,,,
101710217,Crashes_2010_2019_MPO,2017-07-24,2017,35.98618,-86.80066,True,0,0,0,,,,,,,,
101711438,Crashes_2010_2019_MPO,2017-07-24,2017,35.97734,-86.72553,True,0,0,0,,,,,,,,
101710275,Crashes_2010_2019_MPO,2017-07-24,2017,35.96598,-86.80586,True,0,0,0,,,,,,,,
101711448,Crashes_2010_2019_MPO,2017-07-25,2017,36.02529,-86.74262,False,0,0,0,,,,,,,,
101711328,Crashes_2010_2019_MPO,2017-07-25,2017,35.96173,-86.80183,True,0,0,0,,,,,,,,
101712074,Crashes_2010_2019_MPO,2017-07-25,2017,35.966717,-86.809135,True,0,0,0,,,,,,,,
101712259,Crashes_2010_2019_MPO,2017-07-25,2017,35.96588,-86.80316,True,0,0,0,,,,,,,,
101711571,Crashes_2010_2019_MPO,2017-07-25,2017,35.93133,-86.79293,False,0,0,0,,,,,,,,
101711912,Crashes_2010_2019_MPO,2017-07-25,2017,36.04503,-86.69766,False,0,1,0,,,,,,,,
101711214,Crashes_2010_2019_MPO,2017-07-25,2017,35.94675,-86.85178,False,0,0,0,,,,,,,,
101711239,Crashes_2010_2019_MPO,2017-07-25,2017,35.99781,-86.79886,True,0,0,0,,,,,,,,
101711123,Crashes_2010_2019_MPO,2017-07-25,2017,36.03689,-86.81684,True,0,0,0,,,,,,,,
101711122,Crashes_2010_2019_MPO,2017-07-25,2017,35.99454,-86.76731,True,0,0,0,,,,,,,,
101713107,Crashes_2010_2019_MPO,2017-07-25,2017,36.03122,-86.87558,False,0,0,0,,,,,,,,
101711327,Crashes_2010_2019_MPO,2017-07-25,2017,35.94747,-86.85574,False,0,0,0,,,,,,,,
101711896,Crashes_2010_2019_MPO,2017-07-25,2017,36.00457,-86.79042,True,0,0,0,,,,,,,,
101711638,Crashes_2010_2019_MPO,2017-07-25,2017,35.94481,-86.82539,False,0,0,0,,,,,,,,
101713579,Crashes_2010_2019_MPO,2017-07-25,2017,35.93756,-86.76809,False,0,0,1,,,,,,,,
101712242,Crashes_2010_2019_MPO,2017-07-26,2017,36.04026,-86.81639,False,0,0,0,,,,,,,,
101712086,Crashes_2010_2019_MPO,2017-07-26,2017,36.04715,-86.77641,False,0,0,0,,,,,,,,
101712507,Crashes_2010_2019_MPO,2017-07-26,2017,36.02813,-86.8769,False,0,0,0,,,,,,,,
101712094,Crashes_2010_2019_MPO,2017-07-26,2017,36.0374,-86.78657,False,0,0,0,,,,,,,,
101711981,Crashes_2010_2019_MPO,2017-07-26,2017,35.99687,-86.68989,False,0,0,0,,,,,,,,
101712450,Crashes_2010_2019_MPO,2017-07-26,2017,36.04054,-86.77629,False,0,0,0,,,,,,,,
101712618,Crashes_2010_2019_MPO,2017-07-26,2017,36.04531,-86.71386,False,0,0,0,,,,,,,,
101712523,Crashes_2010_2019_MPO,2017-07-26,2017,35.97607,-86.8292,True,0,0,0,,,,,,,,
101712520,Crashes_2010_2019_MPO,2017-07-26,2017,35.96464,-86.81437,False,0,0,0,,,,,,,,
101712156,Crashes_2010_2019_MPO,2017-07-26,2017,36.03342,-86.78535,True,0,0,1,,,,,,,,
101712191,Crashes_2010_2019_MPO,2017-07-26,2017,36.04087,-86.77103,False,0,0,0,,,,,,,,
101713205,Crashes_2010_2019_MPO,2017-07-26,2017,35.93586,-86.82376,False,0,0,0,,,,,,,,
101712322,Crashes_2010_2019_MPO,2017-07-26,2017,35.96503,-86.81599,True,0,0,0,,,,,,,,
101712630,Crashes_2010_2019_MPO,2017-07-26,2017,36.03285,-86.77181,False,0,0,0,,,,,,,,
101712441,Crashes_2010_2019_MPO,2017-07-26,2017,36.05254,-86.71468,False,0,0,0,,,,,,,,
101712096,Crashes_2010_2019_MPO,2017-07-26,2017,35.98885,-86.79975,True,0,0,0,,,,,,,,
101712038,Crashes_2010_2019_MPO,2017-07-26,2017,35.97117,-86.77414,True,0,0,0,,,,,,,,
101712131,Crashes_2010_2019_MPO,2017-07-26,2017,36.009474,-86.701647,False,0,0,0,,,,,,,,
101712390,Crashes_2010_2019_MPO,2017-07-26,2017,36.03685,-86.77899,False,0,0,0,,,,,,,,
101712485,Crashes_2010_2019_MPO,2017-07-26,2017,35.96674,-86.81074,True,0,0,0,,,,,,,,
101712080,Crashes_2010_2019_MPO,2017-07-26,2017,36.03322,-86.78531,True,0,0,0,,,,,,,,
101713134,Crashes_2010_2019_MPO,2017-07-27,2017,36.03901,-86.78381,False,0,0,0,,,,,,,,
101713389,Crashes_2010_2019_MPO,2017-07-27,2017,35.96737,-86.81521,True,0,0,0,,,,,,,,
101713396,Crashes_2010_2019_MPO,2017-07-27,2017,35.92976,-86.81347,False,0,0,0,,,,,,,,
101712959,Crashes_2010_2019_MPO,2017-07-27,2017,35.99544,-86.79747,True,0,0,0,,,,,,,,
101714434,Crashes_2010_2019_MPO,2017-07-27,2017,35.94337,-86.80988,False,0,0,0,,,,,,,,
101712888,Crashes_2010_2019_MPO,2017-07-27,2017,36.01978,-86.74213,False,0,0,0,,,,,,,,
101713203,Crashes_2010_2019_MPO,2017-07-27,2017,35.96475,-86.81434,False,0,0,0,,,,,,,,
101713317,Crashes_2010_2019_MPO,2017-07-27,2017,36.03066,-86.78358,True,0,0,0,,,,,,,,
101713199,Crashes_2010_2019_MPO,2017-07-27,2017,35.984,-86.72265,True,0,0,0,,,,,,,,
101712861,Crashes_2010_2019_MPO,2017-07-27,2017,36.01689,-86.78609,True,0,0,0,,,,,,,,
101713433,Crashes_2010_2019_MPO,2017-07-27,2017,36.04771,-86.86417,False,0,0,0,,,,,,,,
101713246,Crashes_2010_2019_MPO,2017-07-27,2017,36.03821,-86.8009,False,0,0,0,,,,,,,,
101712918,Crashes_2010_2019_MPO,2017-07-27,2017,36.01689,-86.78609,True,0,0,0,,,,,,,,
101713005,Crashes_2010_2019_MPO,2017-07-27,2017,35.92909,-86.74996,False,0,0,0,,,,,,,,
101713225,Crashes_2010_2019_MPO,2017-07-27,2017,35.94703,-86.82191,False,0,0,0,,,,,,,,
101713198,Crashes_2010_2019_MPO,2017-07-27,2017,36.01689,-86.78609,True,0,0,0,,,,,,,,
101713388,Crashes_2010_2019_MPO,2017-07-27,2017,36.03336,-86.78872,True,0,0,0,,,,,,,,
101713432,Crashes_2010_2019_MPO,2017-07-27,2017,36.04245,-86.71294,False,0,0,0,,,,,,,,
101713226,Crashes_2010_2019_MPO,2017-07-27,2017,36.01475,-86.84109,False,0,0,0,,,,,,,,
101712974,Crashes_2010_2019_MPO,2017-07-27,2017,35.93405,-86.81901,False,0,0,0,,,,,,,,
101713368,Crashes_2010_2019_MPO,2017-07-27,2017,35.96555,-86.81405,False,0,0,0,,,,,,,,
101713641,Crashes_2010_2019_MPO,2017-07-27,2017,36.01191,-86.70328,False,0,0,0,,,,,,,,
101714461,Crashes_2010_2019_MPO,2017-07-28,2017,35.95182,-86.81793,False,0,0,0,,,,,,,,
101713810,Crashes_2010_2019_MPO,2017-07-28,2017,35.94509,-86.82826,False,0,0,0,,,,,,,,
101715192,Crashes_2010_2019_MPO,2017-07-28,2017,35.94187,-86.8208,False,0,0,0,,,,,,,,
101713753,Crashes_2010_2019_MPO,2017-07-28,2017,35.93446,-86.81991,False,0,0,0,,,,,,,,
101714039,Crashes_2010_2019_MPO,2017-07-28,2017,36.04402,-86.71311,False,0,0,0,,,,,,,,
101714418,Crashes_2010_2019_MPO,2017-07-28,2017,36.04002,-86.7436,False,0,0,0,,,,,,,,
101713956,Crashes_2010_2019_MPO,2017-07-28,2017,36.02505,-86.79334,True,0,0,1,,,,,,,,
101714200,Crashes_2010_2019_MPO,2017-07-28,2017,35.96681,-86.81119,True,0,0,0,,,,,,,,
101714295,Crashes_2010_2019_MPO,2017-07-28,2017,35.97334,-86.83305,True,0,0,0,,,,,,,,
101714252,Crashes_2010_2019_MPO,2017-07-28,2017,35.94872,-86.83189,False,0,0,0,,,,,,,,
101714292,Crashes_2010_2019_MPO,2017-07-28,2017,35.97723,-86.67742,False,0,0,0,,,,,,,,
101713892,Crashes_2010_2019_MPO,2017-07-28,2017,36.05128,-86.81622,False,0,0,0,,,,,,,,
101714742,Crashes_2010_2019_MPO,2017-07-28,2017,36.00938,-86.68777,False,0,0,0,,,,,,,,
101714510,Crashes_2010_2019_MPO,2017-07-28,2017,36.03841,-86.78627,False,0,0,0,,,,,,,,
101714460,Crashes_2010_2019_MPO,2017-07-28,2017,35.93288,-86.7833,False,0,0,0,,,,,,,,
101714438,Crashes_2010_2019_MPO,2017-07-28,2017,36.03895,-86.74343,False,0,0,0,,,,,,,,
101717872,Crashes_2010_2019_MPO,2017-07-28,2017,35.95846,-86.8017,False,0,0,0,,,,,,,,
101713943,Crashes_2010_2019_MPO,2017-07-28,2017,35.96487,-86.79294,True,0,0,0,,,,,,,,
101714477,Crashes_2010_2019_MPO,2017-07-28,2017,35.94036,-86.83304,False,0,0,0,,,,,,,,
101714540,Crashes_2010_2019_MPO,2017-07-28,2017,36.04324,-86.70438,False,0,0,0,,,,,,,,
101715525,Crashes_2010_2019_MPO,2017-07-29,2017,35.99761,-86.68574,False,0,0,0,,,,,,,,
101715517,Crashes_2010_2019_MPO,2017-07-29,2017,35.92391,-86.87162,False,0,0,0,,,,,,,,
101715195,Crashes_2010_2019_MPO,2017-07-29,2017,35.96534,-86.81145,False,0,0,0,,,,,,,,
101714709,Crashes_2010_2019_MPO,2017-07-29,2017,36.0419,-86.70338,False,0,0,0,,,,,,,,
101715490,Crashes_2010_2019_MPO,2017-07-29,2017,36.04746,-86.71351,False,0,0,0,,,,,,,,
101715139,Crashes_2010_2019_MPO,2017-07-29,2017,35.96731,-86.81476,True,0,0,0,,,,,,,,
101716189,Crashes_2010_2019_MPO,2017-07-30,2017,35.99651,-86.69025,False,0,0,0,,,,,,,,
101717937,Crashes_2010_2019_MPO,2017-07-30,2017,36.0263,-86.79263,True,0,0,0,,,,,,,,
101716259,Crashes_2010_2019_MPO,2017-07-30,2017,35.96681,-86.81119,True,0,0,0,,,,,,,,
101717029,Crashes_2010_2019_MPO,2017-07-31,2017,36.03473,-86.78793,True,0,0,0,,,,,,,,
101717004,Crashes_2010_2019_MPO,2017-07-31,2017,35.95745,-86.85013,False,0,0,0,,,,,,,,
101716505,Crashes_2010_2019_MPO,2017-07-31,2017,35.9583,-86.8023,False,0,0,0,,,,,,,,
101717044,Crashes_2010_2019_MPO,2017-07-31,2017,35.95084,-86.81864,False,0,0,0,,,,,,,,
101717005,Crashes_2010_2019_MPO,2017-07-31,2017,35.96599,-86.80461,True,0,0,0,,,,,,,,
101716957,Crashes_2010_2019_MPO,2017-07-31,2017,36.04582,-86.85588,False,0,0,0,,,,,,,,
101716938,Crashes_2010_2019_MPO,2017-07-31,2017,35.94676,-86.8518,False,0,0,0,,,,,,,,
101716663,Crashes_2010_2019_MPO,2017-07-31,2017,36.0343,-86.79174,True,0,0,0,,,,,,,,
101716996,Crashes_2010_2019_MPO,2017-07-31,2017,35.94429,-86.81993,False,0,0,0,,,,,,,,
101716670,Crashes_2010_2019_MPO,2017-07-31,2017,36.04091,-86.77938,False,0,0,0,,,,,,,,
101717308,Crashes_2010_2019_MPO,2017-07-31,2017,36.0447,-86.83125,False,0,0,0,,,,,,,,
101717031,Crashes_2010_2019_MPO,2017-07-31,2017,36.04521,-86.74394,False,0,1,0,,,,,,,,
101716994,Crashes_2010_2019_MPO,2017-07-31,2017,35.92647,-86.82515,False,0,0,1,,,,,,,,
101717028,Crashes_2010_2019_MPO,2017-07-31,2017,36.03591,-86.78725,True,0,0,0,,,,,,,,
101716771,Crashes_2010_2019_MPO,2017-07-31,2017,36.04248,-86.81611,False,0,0,0,,,,,,,,
101717056,Crashes_2010_2019_MPO,2017-07-31,2017,36.03075,-86.74395,False,0,0,0,,,,,,,,
101716941,Crashes_2010_2019_MPO,2017-07-31,2017,36.04667,-86.71342,False,0,0,0,,,,,,,,
101717042,Crashes_2010_2019_MPO,2017-07-31,2017,35.93756,-86.76809,False,0,0,0,,,,,,,,
101717836,Crashes_2010_2019_MPO,2017-08-01,2017,36.0333,-86.78833,True,0,0,0,,,,,,,,
101717406,Crashes_2010_2019_MPO,2017-08-01,2017,35.97691,-86.77673,True,0,0,0,,,,,,,,
101717446,Crashes_2010_2019_MPO,2017-08-01,2017,36.00322,-86.78027,True,0,0,0,,,,,,,,
101717498,Crashes_2010_2019_MPO,2017-08-01,2017,36.04139,-86.77982,False,0,0,0,,,,,,,,
101718270,Crashes_2010_2019_MPO,2017-08-01,2017,35.93541,-86.82372,False,0,0,0,,,,,,,,
101717485,Crashes_2010_2019_MPO,2017-08-01,2017,35.99763,-86.79724,True,0,0,0,,,,,,,,
101717856,Crashes_2010_2019_MPO,2017-08-01,2017,35.98113,-86.8462,False,0,0,0,,,,,,,,
101717936,Crashes_2010_2019_MPO,2017-08-01,2017,36.02781,-86.79178,True,0,0,0,,,,,,,,
101717565,Crashes_2010_2019_MPO,2017-08-01,2017,36.04789,-86.72202,False,0,0,0,,,,,,,,
101718254,Crashes_2010_2019_MPO,2017-08-01,2017,35.95069,-86.8185,False,0,0,0,,,,,,,,
101717627,Crashes_2010_2019_MPO,2017-08-01,2017,35.92936,-86.87549,False,0,0,0,,,,,,,,
101717566,Crashes_2010_2019_MPO,2017-08-01,2017,35.92609,-86.87139,False,0,0,0,,,,,,,,
101717935,Crashes_2010_2019_MPO,2017-08-01,2017,36.03407,-86.78831,True,0,0,0,,,,,,,,
101719683,Crashes_2010_2019_MPO,2017-08-01,2017,35.93215,-86.79441,False,0,0,0,,,,,,,,