record_no,source_layer,collision_ts,crash_year,latitude,longitude,in_city,fatalities,non_motorists,truck_involved,serious_injuries,pedestrian,bicycle,crash_type,manner_of_collision,lighting,weather,first_harmful_event
101718772,Crashes_2010_2019_MPO,2017-08-02,2017,35.9963,-86.68906,False,0,0,1,,,,,,,,
101718550,Crashes_2010_2019_MPO,2017-08-02,2017,36.04075,-86.74588,False,0,1,0,,,,,,,,
101718334,Crashes_2010_2019_MPO,2017-08-02,2017,36.04041,-86.81687,False,0,0,0,,,,,,,,
101720241,Crashes_2010_2019_MPO,2017-08-02,2017,35.99691,-86.79696,True,0,0,0,,,,,,,,
101722646,Crashes_2010_2019_MPO,2017-08-02,2017,36.02717,-86.78382,True,0,0,0,,,,,,,,
101718897,Crashes_2010_2019_MPO,2017-08-02,2017,36.03828,-86.78378,False,0,0,0,,,,,,,,
101719033,Crashes_2010_2019_MPO,2017-08-02,2017,35.96601,-86.80653,True,0,0,0,,,,,,,,
101718420,Crashes_2010_2019_MPO,2017-08-02,2017,35.99801,-86.80056,True,0,0,0,,,,,,,,
101722681,Crashes_2010_2019_MPO,2017-08-02,2017,36.02717,-86.78382,True,0,0,0,,,,,,,,
101718286,Crashes_2010_2019_MPO,2017-08-02,2017,36.03049,-86.74424,False,0,0,0,,,,,,,,
101718491,Crashes_2010_2019_MPO,2017-08-02,2017,36.03971,-86.81478,False,0,0,0,,,,,,,,
101719111,Crashes_2010_2019_MPO,2017-08-02,2017,35.9918,-86.79898,True,0,0,0,,,,,,,,
101718645,Crashes_2010_2019_MPO,2017-08-02,2017,36.05252,-86.68462,False,0,0,0,,,,,,,,
101718749,Crashes_2010_2019_MPO,2017-08-02,2017,35.93106,-86.81233,False,0,0,0,,,,,,,,
101718567,Crashes_2010_2019_MPO,2017-08-02,2017,36.05312,-86.71486,False,0,0,0,,,,,,,,
101719197,Crashes_2010_2019_MPO,2017-08-03,2017,35.99298,-86.79832,True,0,0,0,,,,,,,,
101720383,Crashes_2010_2019_MPO,2017-08-03,2017,35.97765,-86.77678,True,0,0,0,,,,,,,,
101719402,Crashes_2010_2019_MPO,2017-08-03,2017,35.98452,-86.72493,True,0,0,0,,,,,,,,
101719296,Crashes_2010_2019_MPO,2017-08-03,2017,35.96312,-86.81897,True,0,0,0,,,,,,,,
101719855,Crashes_2010_2019_MPO,2017-08-03,2017,36.03522,-86.78303,False,0,0,0,,,,,,,,
101719162,Crashes_2010_2019_MPO,2017-08-03,2017,35.96653,-86.80932,True,0,0,0,,,,,,,,
101719715,Crashes_2010_2019_MPO,2017-08-03,2017,35.93192,-86.79784,False,0,0,0,,,,,,,,
101719712,Crashes_2010_2019_MPO,2017-08-03,2017,35.92957,-86.84187,False,0,0,0,,,,,,,,
101719277,Crashes_2010_2019_MPO,2017-08-03,2017,36.03336,-86.78872,True,0,0,0,,,,,,,,
101719166,Crashes_2010_2019_MPO,2017-08-03,2017,36.02175,-86.74267,False,0,0,0,,,,,,,,
101719713,Crashes_2010_2019_MPO,2017-08-03,2017,35.94805,-86.83237,False,0,0,0,,,,,,,,
101730810,Crashes_2010_2019_MPO,2017-08-03,2017,35.98359,-86.72114,True,0,0,0,,,,,,,,
101719543,Crashes_2010_2019_MPO,2017-08-03,2017,35.92885,-86.87339,False,0,0,0,,,,,,,,
101719635,Crashes_2010_2019_MPO,2017-08-03,2017,35.94813,-86.81682,False,0,0,0,,,,,,,,
101720835,Crashes_2010_2019_MPO,2017-08-03,2017,35.92656,-86.86619,False,0,0,0,,,,,,,,
101720232,Crashes_2010_2019_MPO,2017-08-04,2017,35.965653,-86.803207,True,0,0,0,,,,,,,,
101720869,Crashes_2010_2019_MPO,2017-08-04,2017,36.01559,-86.7406,False,0,0,0,,,,,,,,
101720017,Crashes_2010_2019_MPO,2017-08-04,2017,36.0414,-86.78225,False,0,0,0,,,,,,,,
101721950,Crashes_2010_2019_MPO,2017-08-04,2017,35.93374,-86.81767,False,0,0,0,,,,,,,,
101720849,Crashes_2010_2019_MPO,2017-08-04,2017,35.99249,-86.82849,True,0,0,0,,,,,,,,
101719975,Crashes_2010_2019_MPO,2017-08-04,2017,36.03322,-86.78531,True,0,0,0,,,,,,,,
101720000,Crashes_2010_2019_MPO,2017-08-04,2017,36.03963,-86.78162,False,0,0,0,,,,,,,,
101720853,Crashes_2010_2019_MPO,2017-08-04,2017,36.04479,-86.72487,False,0,0,0,,,,,,,,
101721951,Crashes_2010_2019_MPO,2017-08-04,2017,35.92999,-86.86435,False,0,0,0,,,,,,,,
101720144,Crashes_2010_2019_MPO,2017-08-04,2017,36.04,-86.78128,False,0,0,0,,,,,,,,
101720617,Crashes_2010_2019_MPO,2017-08-04,2017,36.05073,-86.69057,False,0,0,0,,,,,,,,
101722721,Crashes_2010_2019_MPO,2017-08-05,2017,35.99555,-86.77933,True,0,0,0,,,,,,,,
101723168,Crashes_2010_2019_MPO,2017-08-05,2017,36.00306,-86.79198,True,0,0,1,,,,,,,,
101721297,Crashes_2010_2019_MPO,2017-08-05,2017,35.97364,-86.86859,False,0,0,0,,,,,,,,
101721952,Crashes_2010_2019_MPO,2017-08-05,2017,35.94677,-86.82195,False,0,0,0,,,,,,,,
101721741,Crashes_2010_2019_MPO,2017-08-05,2017,35.966638,-86.809175,True,0,0,0,,,,,,,,
101721535,Crashes_2010_2019_MPO,2017-08-05,2017,35.94687,-86.85168,False,0,0,0,,,,,,,,
101722269,Crashes_2010_2019_MPO,2017-08-05,2017,36.03228,-86.78338,True,0,0,0,,,,,,,,
101721965,Crashes_2010_2019_MPO,2017-08-05,2017,35.93322,-86.86196,False,0,0,0,,,,,,,,
101721742,Crashes_2010_2019_MPO,2017-08-05,2017,35.92924,-86.85316,False,0,1,0,,,,,,,,
101721953,Crashes_2010_2019_MPO,2017-08-05,2017,35.95215,-86.81837,False,0,0,0,,,,,,,,
101721561,Crashes_2010_2019_MPO,2017-08-05,2017,35.99781,-86.79886,True,0,0,0,,,,,,,,
101722358,Crashes_2010_2019_MPO,2017-08-05,2017,36.04241,-86.71266,False,0,0,0,,,,,,,,
101723586,Crashes_2010_2019_MPO,2017-08-06,2017,35.92591,-86.87177,False,0,0,0,,,,,,,,
101722986,Crashes_2010_2019_MPO,2017-08-06,2017,35.9342,-86.86121,False,0,0,0,,,,,,,,
101722890,Crashes_2010_2019_MPO,2017-08-06,2017,36.04552,-86.71165,False,0,0,0,,,,,,,,
101723034,Crashes_2010_2019_MPO,2017-08-06,2017,36.03904,-86.78279,False,0,0,0,,,,,,,,
101722477,Crashes_2010_2019_MPO,2017-08-06,2017,36.03336,-86.78872,True,0,0,0,,,,,,,,
101723983,Crashes_2010_2019_MPO,2017-08-07,2017,36.05351,-86.71575,False,0,0,0,,,,,,,,
101724562,Crashes_2010_2019_MPO,2017-08-07,2017,35.9407,-86.83934,False,0,0,0,,,,,,,,
101724561,Crashes_2010_2019_MPO,2017-08-07,2017,35.95016,-86.81909,False,0,0,0,,,,,,,,
101724770,Crashes_2010_2019_MPO,2017-08-07,2017,35.93691,-86.69328,False,0,0,0,,,,,,,,
101723601,Crashes_2010_2019_MPO,2017-08-07,2017,35.96587,-86.83839,False,0,0,0,,,,,,,,
101724598,Crashes_2010_2019_MPO,2017-08-08,2017,35.94686,-86.85225,False,0,0,0,,,,,,,,
101724803,Crashes_2010_2019_MPO,2017-08-08,2017,35.96691,-86.81185,True,0,0,0,,,,,,,,
101724580,Crashes_2010_2019_MPO,2017-08-08,2017,36.03664,-86.81688,True,0,0,0,,,,,,,,
101724163,Crashes_2010_2019_MPO,2017-08-08,2017,35.94683,-86.85172,False,0,0,0,,,,,,,,
101724649,Crashes_2010_2019_MPO,2017-08-08,2017,36.04001,-86.74347,False,0,0,0,,,,,,,,
101725854,Crashes_2010_2019_MPO,2017-08-08,2017,35.96673,-86.81067,True,0,0,0,,,,,,,,
101724589,Crashes_2010_2019_MPO,2017-08-08,2017,36.03312,-86.78213,True,0,0,0,,,,,,,,
101725492,Crashes_2010_2019_MPO,2017-08-09,2017,36.02044,-86.7105,False,0,0,0,,,,,,,,
101725524,Crashes_2010_2019_MPO,2017-08-09,2017,36.03817,-86.78439,False,0,0,0,,,,,,,,
101725601,Crashes_2010_2019_MPO,2017-08-09,2017,36.03761,-86.78512,False,0,0,0,,,,,,,,
101726072,Crashes_2010_2019_MPO,2017-08-09,2017,36.01286,-86.80081,True,0,0,0,,,,,,,,
101725632,Crashes_2010_2019_MPO,2017-08-09,2017,35.92399,-86.79448,False,0,0,0,,,,,,,,
101725102,Crashes_2010_2019_MPO,2017-08-09,2017,36.01689,-86.78609,True,0,0,0,,,,,,,,
101725180,Crashes_2010_2019_MPO,2017-08-09,2017,36.03614,-86.79516,True,0,0,0,,,,,,,,
101725721,Crashes_2010_2019_MPO,2017-08-09,2017,35.93557,-86.82364,False,0,0,0,,,,,,,,
101726258,Crashes_2010_2019_MPO,2017-08-09,2017,36.03083,-86.79011,True,0,0,0,,,,,,,,
101725635,Crashes_2010_2019_MPO,2017-08-09,2017,36.0412,-86.72667,False,0,0,0,,,,,,,,
101725851,Crashes_2010_2019_MPO,2017-08-09,2017,35.98107,-86.8463,False,0,0,0,,,,,,,,
101727743,Crashes_2010_2019_MPO,2017-08-09,2017,35.93482,-86.8213,False,0,0,0,,,,,,,,
101725149,Crashes_2010_2019_MPO,2017-08-09,2017,36.01108,-86.70269,False,0,0,0,,,,,,,,
101725465,Crashes_2010_2019_MPO,2017-08-09,2017,35.95443,-86.84563,False,0,0,0,,,,,,,,
101726371,Crashes_2010_2019_MPO,2017-08-10,2017,36.0374,-86.78657,False,0,0,0,,,,,,,,
101726542,Crashes_2010_2019_MPO,2017-08-10,2017,35.94189,-86.81628,False,0,0,0,,,,,,,,
101726337,Crashes_2010_2019_MPO,2017-08-10,2017,35.94175,-86.82119,False,0,0,0,,,,,,,,
101734490,Crashes_2010_2019_MPO,2017-08-10,2017,35.955619,-86.819113,False,0,0,0,,,,,,,,
101727744,Crashes_2010_2019_MPO,2017-08-10,2017,35.93036,-86.86407,False,0,0,0,,,,,,,,
101725853,Crashes_2010_2019_MPO,2017-08-10,2017,35.93446,-86.81991,False,0,0,0,,,,,,,,
101726030,Crashes_2010_2019_MPO,2017-08-10,2017,36.0394,-86.7192,False,0,1,0,,,,,,,,
101727668,Crashes_2010_2019_MPO,2017-08-10,2017,36.01923,-86.78676,True,0,0,0,,,,,,,,
101725992,Crashes_2010_2019_MPO,2017-08-10,2017,35.99687,-86.68989,False,0,0,0,,,,,,,,
101725856,Crashes_2010_2019_MPO,2017-08-10,2017,36.04385,-86.7441,False,0,0,0,,,,,,,,
101726385,Crashes_2010_2019_MPO,2017-08-10,2017,35.97734,-86.77677,True,0,0,0,,,,,,,,
101729384,Crashes_2010_2019_MPO,2017-08-10,2017,36.03957,-86.86945,False,0,0,0,,,,,,,,
101726029,Crashes_2010_2019_MPO,2017-08-10,2017,36.03881,-86.76725,False,0,0,0,,,,,,,,
101726351,Crashes_2010_2019_MPO,2017-08-10,2017,35.93152,-86.87678,False,0,0,0,,,,,,,,
101726142,Crashes_2010_2019_MPO,2017-08-10,2017,36.02654,-86.7925,True,0,0,0,,,,,,,,
101727636,Crashes_2010_2019_MPO,2017-08-11,2017,36.03586,-86.78728,True,0,0,0,,,,,,,,
101727569,Crashes_2010_2019_MPO,2017-08-11,2017,36.03505,-86.80567,True,0,0,0,,,,,,,,
101729021,Crashes_2010_2019_MPO,2017-08-11,2017,35.93779,-86.68892,False,0,0,0,,,,,,,,
101727745,Crashes_2010_2019_MPO,2017-08-11,2017,35.92738,-86.8687,False,0,0,0,,,,,,,,
101727369,Crashes_2010_2019_MPO,2017-08-11,2017,35.94672,-86.82388,False,0,0,0,,,,,,,,
101729210,Crashes_2010_2019_MPO,2017-08-11,2017,35.94612,-86.82346,False,0,0,0,,,,,,,,
101731666,Crashes_2010_2019_MPO,2017-08-11,2017,35.93609,-86.82658,False,0,0,0,,,,,,,,
101727378,Crashes_2010_2019_MPO,2017-08-11,2017,35.92949,-86.85959,False,0,0,0,,,,,,,,
101729212,Crashes_2010_2019_MPO,2017-08-11,2017,35.96065,-86.82985,False,0,0,0,,,,,,,,
101737172,Crashes_2010_2019_MPO,2017-08-11,2017,35.94674,-86.82389,False,0,0,0,,,,,,,,
101727023,Crashes_2010_2019_MPO,2017-08-11,2017,35.92311,-86.8718,False,0,0,0,,,,,,,,
101727341,Crashes_2010_2019_MPO,2017-08-11,2017,36.01765,-86.7636,True,0,0,0,,,,,,,,
101726905,Crashes_2010_2019_MPO,2017-08-11,2017,35.9638,-86.80842,False,0,0,0,,,,,,,,
101727670,Crashes_2010_2019_MPO,2017-08-11,2017,36.0374,-86.78657,False,0,0,0,,,,,,,,
101727201,Crashes_2010_2019_MPO,2017-08-11,2017,36.03503,-86.80549,True,0,0,0,,,,,,,,
101728953,Crashes_2010_2019_MPO,2017-08-12,2017,35.99624,-86.75036,True,0,0,0,,,,,,,,
101728493,Crashes_2010_2019_MPO,2017-08-12,2017,35.9476,-86.81992,False,0,0,0,,,,,,,,
101728878,Crashes_2010_2019_MPO,2017-08-12,2017,35.95834,-86.80203,False,0,0,0,,,,,,,,
101729460,Crashes_2010_2019_MPO,2017-08-12,2017,35.98121,-86.8461,False,0,0,0,,,,,,,,
101728525,Crashes_2010_2019_MPO,2017-08-12,2017,35.96133,-86.81226,False,0,0,0,,,,,,,,
101728005,Crashes_2010_2019_MPO,2017-08-12,2017,35.99207,-86.69644,True,0,0,0,,,,,,,,
101729386,Crashes_2010_2019_MPO,2017-08-13,2017,35.99389,-86.686,False,0,0,0,,,,,,,,
101729997,Crashes_2010_2019_MPO,2017-08-13,2017,35.95209,-86.81805,False,0,0,0,,,,,,,,
101729807,Crashes_2010_2019_MPO,2017-08-13,2017,36.03819,-86.74008,False,0,0,0,,,,,,,,
101729720,Crashes_2010_2019_MPO,2017-08-13,2017,35.94631,-86.8236,False,0,0,0,,,,,,,,
101729491,Crashes_2010_2019_MPO,2017-08-13,2017,36.0415,-86.72659,False,0,0,0,,,,,,,,
101729840,Crashes_2010_2019_MPO,2017-08-13,2017,35.92809,-86.82672,False,0,0,0,,,,,,,,
101729925,Crashes_2010_2019_MPO,2017-08-13,2017,35.9912,-86.68349,False,0,0,0,,,,,,,,
101729459,Crashes_2010_2019_MPO,2017-08-13,2017,35.99525,-86.68759,False,0,0,0,,,,,,,,
101729313,Crashes_2010_2019_MPO,2017-08-13,2017,36.04572,-86.71146,False,0,0,0,,,,,,,,
101729205,Crashes_2010_2019_MPO,2017-08-13,2017,35.98056,-86.725,True,0,0,0,,,,,,,,
101730852,Crashes_2010_2019_MPO,2017-08-14,2017,35.93282,-86.81944,False,0,0,0,,,,,,,,
101730874,Crashes_2010_2019_MPO,2017-08-14,2017,36.04824,-86.86614,False,0,0,0,,,,,,,,
101742363,Crashes_2010_2019_MPO,2017-08-14,2017,35.98421,-86.80134,True,0,0,0,,,,,,,,
101730536,Crashes_2010_2019_MPO,2017-08-14,2017,35.9325,-86.86247,False,0,0,0,,,,,,,,
101730543,Crashes_2010_2019_MPO,2017-08-14,2017,36.03771,-86.78482,False,0,0,0,,,,,,,,
101730654,Crashes_2010_2019_MPO,2017-08-14,2017,35.9375,-86.82972,False,0,0,0,,,,,,,,
101734935,Crashes_2010_2019_MPO,2017-08-14,2017,35.94616,-86.80856,False,0,0,0,,,,,,,,
101742364,Crashes_2010_2019_MPO,2017-08-14,2017,35.98421,-86.80134,True,0,0,0,,,,,,,,
101731995,Crashes_2010_2019_MPO,2017-08-14,2017,35.94993,-86.81902,False,0,0,0,,,,,,,,
101730138,Crashes_2010_2019_MPO,2017-08-14,2017,35.95044,-86.76539,True,0,0,0,,,,,,,,
101730570,Crashes_2010_2019_MPO,2017-08-14,2017,35.94978,-86.81329,False,0,0,0,,,,,,,,
101730732,Crashes_2010_2019_MPO,2017-08-14,2017,36.0279,-86.78843,True,0,0,0,,,,,,,,
101730681,Crashes_2010_2019_MPO,2017-08-14,2017,35.94782,-86.81975,False,0,0,0,,,,,,,,
101730626,Crashes_2010_2019_MPO,2017-08-14,2017,35.9493,-86.81942,False,0,0,0,,,,,,,,
101730507,Crashes_2010_2019_MPO,2017-08-14,2017,35.9407,-86.83934,False,0,0,0,,,,,,,,
101730853,Crashes_2010_2019_MPO,2017-08-14,2017,35.96458,-86.8144,False,0,0,0,,,,,,,,
101730171,Crashes_2010_2019_MPO,2017-08-14,2017,35.93274,-86.78522,False,0,0,0,,,,,,,,
101730731,Crashes_2010_2019_MPO,2017-08-14,2017,36.03175,-86.78961,True,0,0,0,,,,,,,,
101730481,Crashes_2010_2019_MPO,2017-08-14,2017,35.93292,-86.81159,False,0,0,0,,,,,,,,
101730609,Crashes_2010_2019_MPO,2017-08-14,2017,35.96199,-86.81523,False,0,0,0,,,,,,,,
101731086,Crashes_2010_2019_MPO,2017-08-14,2017,35.98738,-86.82882,False,0,0,0,,,,,,,,
101730897,Crashes_2010_2019_MPO,2017-08-14,2017,35.93557,-86.82364,False,0,0,0,,,,,,,,
101730608,Crashes_2010_2019_MPO,2017-08-14,2017,36.01576,-86.82103,True,0,0,0,,,,,,,,
101730532,Crashes_2010_2019_MPO,2017-08-14,2017,35.96591,-86.81143,False,0,0,0,,,,,,,,
101731657,Crashes_2010_2019_MPO,2017-08-14,2017,35.99183,-86.68408,False,0,0,0,,,,,,,,
101731153,Crashes_2010_2019_MPO,2017-08-15,2017,35.96182,-86.80911,False,0,0,0,,,,,,,,
101731185,Crashes_2010_2019_MPO,2017-08-15,2017,36.03982,-86.74087,False,0,0,0,,,,,,,,
101731289,Crashes_2010_2019_MPO,2017-08-15,2017,36.04114,-86.77621,False,0,0,0,,,,,,,,
101731160,Crashes_2010_2019_MPO,2017-08-15,2017,36.04171,-86.74838,False,0,0,0,,,,,,,,
101731352,Crashes_2010_2019_MPO,2017-08-15,2017,36.03131,-86.78842,True,0,0,0,,,,,,,,
101731291,Crashes_2010_2019_MPO,2017-08-15,2017,36.0374,-86.78657,False,0,0,0,,,,,,,,
101731159,Crashes_2010_2019_MPO,2017-08-15,2017,36.01726,-86.74124,False,0,0,0,,,,,,,,
101731130,Crashes_2010_2019_MPO,2017-08-15,2017,36.01257,-86.78489,True,0,0,0,,,,,,,,
101731789,Crashes_2010_2019_MPO,2017-08-15,2017,36.04003,-86.78083,False,0,0,0,,,,,,,,
101731999,Crashes_2010_2019_MPO,2017-08-15,2017,35.966789,-86.809202,True,0,0,0,,,,,,,,
101732420,Crashes_2010_2019_MPO,2017-08-15,2017,35.94005,-86.83114,False,0,0,0,,,,,,,,
101731671,Crashes_2010_2019_MPO,2017-08-15,2017,35.96681,-86.81119,True,0,0,0,,,,,,,,
101732592,Crashes_2010_2019_MPO,2017-08-15,2017,35.94891,-86.83161,False,0,0,0,,,,,,,,
101731991,Crashes_2010_2019_MPO,2017-08-15,2017,35.9583,-86.8023,False,0,0,0,,,,,,,,
101731670,Crashes_2010_2019_MPO,2017-08-15,2017,36.04526,-86.71704,False,0,0,0,,,,,,,,
101731993,Crashes_2010_2019_MPO,2017-08-15,2017,36.0185,-86.78226,True,0,0,0,,,,,,,,
101731668,Crashes_2010_2019_MPO,2017-08-15,2017,35.94872,-86.83189,False,0,0,0,,,,,,,,
101732966,Crashes_2010_2019_MPO,2017-08-16,2017,35.96083,-86.81323,False,0,0,0,,,,,,,,
101732042,Crashes_2010_2019_MPO,2017-08-16,2017,36.01392,-86.71935,False,0,0,0,,,,,,,,
101732509,Crashes_2010_2019_MPO,2017-08-16,2017,35.99667,-86.69009,False,0,0,0,,,,,,,,
101732094,Crashes_2010_2019_MPO,2017-08-16,2017,35.9736,-86.8048,True,0,0,0,,,,,,,,
101732273,Crashes_2010_2019_MPO,2017-08-16,2017,36.0234,-86.68782,False,0,0,0,,,,,,,,
101736763,Crashes_2010_2019_MPO,2017-08-16,2017,35.94699,-86.82143,False,0,0,0,,,,,,,,
101732103,Crashes_2010_2019_MPO,2017-08-16,2017,35.99357,-86.82904,True,0,0,0,,,,,,,,
101732538,Crashes_2010_2019_MPO,2017-08-16,2017,35.99523,-86.776,True,0,0,0,,,,,,,,
101732619,Crashes_2010_2019_MPO,2017-08-16,2017,36.04097,-86.74371,False,0,0,0,,,,,,,,
101732410,Crashes_2010_2019_MPO,2017-08-16,2017,35.94001,-86.81666,False,0,0,0,,,,,,,,
101731937,Crashes_2010_2019_MPO,2017-08-16,2017,36.0531,-86.71486,False,0,0,0,,,,,,,,
101732926,Crashes_2010_2019_MPO,2017-08-16,2017,35.95217,-86.81858,False,0,0,0,,,,,,,,
101732066,Crashes_2010_2019_MPO,2017-08-16,2017,36.03522,-86.78691,True,0,0,0,,,,,,,,
101732057,Crashes_2010_2019_MPO,2017-08-16,2017,36.03689,-86.8019,True,0,0,0,,,,,,,,
101732718,Crashes_2010_2019_MPO,2017-08-16,2017,36.02467,-86.74236,False,0,0,0,,,,,,,,
101732409,Crashes_2010_2019_MPO,2017-08-16,2017,35.93374,-86.81767,False,0,0,0,,,,,,,,
101732364,Crashes_2010_2019_MPO,2017-08-16,2017,36.04001,-86.74347,False,0,0,0,,,,,,,,
101732813,Crashes_2010_2019_MPO,2017-08-16,2017,35.97716,-86.67813,False,0,0,0,,,,,,,,
101733459,Crashes_2010_2019_MPO,2017-08-17,2017,35.96806,-86.81848,True,0,0,0,,,,,,,,
101733359,Crashes_2010_2019_MPO,2017-08-17,2017,35.97386,-86.8346,False,0,0,0,,,,,,,,
101733010,Crashes_2010_2019_MPO,2017-08-17,2017,36.039,-86.78382,False,0,0,0,,,,,,,,
101732935,Crashes_2010_2019_MPO,2017-08-17,2017,36.03066,-86.78358,True,0,0,0,,,,,,,,
101733454,Crashes_2010_2019_MPO,2017-08-17,2017,36.05151,-86.71436,False,0,0,0,,,,,,,,
101733038,Crashes_2010_2019_MPO,2017-08-17,2017,35.94612,-86.8307,False,0,0,0,,,,,,,,
101734788,Crashes_2010_2019_MPO,2017-08-17,2017,35.99334,-86.82898,True,0,0,1,,,,,,,,
101733665,Crashes_2010_2019_MPO,2017-08-17,2017,35.94654,-86.80953,False,0,0,0,,,,,,,,
101733080,Crashes_2010_2019_MPO,2017-08-17,2017,35.97741,-86.77677,True,0,0,0,,,,,,,,
101733017,Crashes_2010_2019_MPO,2017-08-17,2017,36.00045,-86.74297,True,0,0,0,,,,,,,,
101733104,Crashes_2010_2019_MPO,2017-08-17,2017,35.99071,-86.68305,False,0,0,0,,,,,,,,
101733683,Crashes_2010_2019_MPO,2017-08-17,2017,36.01174,-86.72656,False,0,0,0,,,,,,,,
101736647,Crashes_2010_2019_MPO,2017-08-17,2017,35.94496,-86.82838,False,0,0,0,,,,,,,,
101737301,Crashes_2010_2019_MPO,2017-08-17,2017,35.93756,-86.76809,False,0,0,0,,,,,,,,
101733041,Crashes_2010_2019_MPO,2017-08-17,2017,36.03237,-86.76673,False,0,0,0,,,,,,,,
101734978,Crashes_2010_2019_MPO,2017-08-17,2017,36.02709,-86.78432,True,0,0,0,,,,,,,,
101733587,Crashes_2010_2019_MPO,2017-08-17,2017,35.95198,-86.81788,False,0,0,0,,,,,,,,
101734467,Crashes_2010_2019_MPO,2017-08-18,2017,36.03991,-86.78136,False,0,0,0,,,,,,,,
101734946,Crashes_2010_2019_MPO,2017-08-18,2017,35.93215,-86.79441,False,0,0,0,,,,,,,,
101734847,Crashes_2010_2019_MPO,2017-08-18,2017,35.96654,-86.80934,True,0,0,0,,,,,,,,
101734802,Crashes_2010_2019_MPO,2017-08-18,2017,36.05048,-86.70602,False,0,0,0,,,,,,,,
101734001,Crashes_2010_2019_MPO,2017-08-18,2017,35.96596,-86.80401,True,0,0,0,,,,,,,,
101735119,Crashes_2010_2019_MPO,2017-08-18,2017,35.92782,-86.8245,False,0,0,0,,,,,,,,
101734853,Crashes_2010_2019_MPO,2017-08-18,2017,36.03995,-86.78093,False,0,0,0,,,,,,,,
101734674,Crashes_2010_2019_MPO,2017-08-18,2017,35.94554,-86.87456,False,0,0,0,,,,,,,,
101735142,Crashes_2010_2019_MPO,2017-08-19,2017,36.04114,-86.77621,False,0,0,0,,,,,,,,
101735540,Crashes_2010_2019_MPO,2017-08-19,2017,35.96312,-86.81897,True,0,0,0,,,,,,,,
101735659,Crashes_2010_2019_MPO,2017-08-19,2017,36.04773,-86.71355,False,0,0,0,,,,,,,,
101735492,Crashes_2010_2019_MPO,2017-08-19,2017,36.03016,-86.79048,True,0,0,0,,,,,,,,
101736399,Crashes_2010_2019_MPO,2017-08-20,2017,35.92958,-86.84267,False,0,0,0,,,,,,,,
101736446,Crashes_2010_2019_MPO,2017-08-20,2017,36.0115,-86.7847,True,0,0,0,,,,,,,,
101736785,Crashes_2010_2019_MPO,2017-08-20,2017,36.04529,-86.714,False,0,0,0,,,,,,,,
101736150,Crashes_2010_2019_MPO,2017-08-20,2017,36.04424,-86.71313,False,0,0,0,,,,,,,,
101736670,Crashes_2010_2019_MPO,2017-08-20,2017,35.94719,-86.82094,False,0,0,0,,,,,,,,
101736625,Crashes_2010_2019_MPO,2017-08-20,2017,35.97468,-86.8049,True,0,0,0,,,,,,,,
101735952,Crashes_2010_2019_MPO,2017-08-20,2017,36.04669,-86.71414,False,0,0,0,,,,,,,,
101736879,Crashes_2010_2019_MPO,2017-08-20,2017,36.04545,-86.70396,False,0,0,0,,,,,,,,
101736753,Crashes_2010_2019_MPO,2017-08-20,2017,35.96681,-86.81119,True,0,0,0,,,,,,,,
101736566,Crashes_2010_2019_MPO,2017-08-20,2017,35.9651,-86.81631,True,0,0,0,,,,,,,,
101737297,Crashes_2010_2019_MPO,2017-08-21,2017,36.03717,-86.78662,False,0,0,0,,,,,,,,
101737438,Crashes_2010_2019_MPO,2017-08-21,2017,35.94808,-86.81388,False,0,0,0,,,,,,,,
101737750,Crashes_2010_2019_MPO,2017-08-21,2017,36.0453,-86.70168,False,0,0,0,,,,,,,,
101737715,Crashes_2010_2019_MPO,2017-08-21,2017,36.0358,-86.78319,False,0,0,0,,,,,,,,
101737277,Crashes_2010_2019_MPO,2017-08-21,2017,35.96616,-86.80462,True,0,0,0,,,,,,,,
101737292,Crashes_2010_2019_MPO,2017-08-21,2017,36.04513,-86.72683,False,0,0,0,,,,,,,,
101737215,Crashes_2010_2019_MPO,2017-08-21,2017,35.99676,-86.68973,False,0,0,0,,,,,,,,
101737244,Crashes_2010_2019_MPO,2017-08-21,2017,35.99215,-86.79861,True,0,0,0,,,,,,,,
101737094,Crashes_2010_2019_MPO,2017-08-21,2017,36.03386,-86.79027,True,0,0,0,,,,,,,,
101737512,Crashes_2010_2019_MPO,2017-08-21,2017,36.04796,-86.86512,False,0,0,0,,,,,,,,
101739224,Crashes_2010_2019_MPO,2017-08-21,2017,36.03808,-86.78241,False,0,0,0,,,,,,,,
101737410,Crashes_2010_2019_MPO,2017-08-21,2017,36.03655,-86.81294,True,0,0,0,,,,,,,,
101738220,Crashes_2010_2019_MPO,2017-08-21,2017,35.93334,-86.82392,False,0,0,0,,,,,,,,
101737692,Crashes_2010_2019_MPO,2017-08-21,2017,36.03778,-86.79543,False,0,0,0,,,,,,,,
101736975,Crashes_2010_2019_MPO,2017-08-21,2017,36.01767,-86.78631,True,0,0,0,,,,,,,,
101737045,Crashes_2010_2019_MPO,2017-08-21,2017,35.9951,-86.77444,True,0,0,0,,,,,,,,
101737645,Crashes_2010_2019_MPO,2017-08-21,2017,35.93215,-86.79441,False,0,0,0,,,,,,,,
101738510,Crashes_2010_2019_MPO,2017-08-22,2017,35.96224,-86.8119,False,0,0,0,,,,,,,,
101740126,Crashes_2010_2019_MPO,2017-08-22,2017,35.9452,-86.80374,False,0,0,0,,,,,,,,
101738778,Crashes_2010_2019_MPO,2017-08-22,2017,36.03175,-86.78961,True,0,0,0,,,,,,,,
101738611,Crashes_2010_2019_MPO,2017-08-22,2017,35.94515,-86.82303,False,0,0,0,,,,,,,,
101738646,Crashes_2010_2019_MPO,2017-08-22,2017,36.02095,-86.79566,True,0,0,0,,,,,,,,
101738623,Crashes_2010_2019_MPO,2017-08-22,2017,35.966656,-86.809172,True,0,0,0,,,,,,,,
101738798,Crashes_2010_2019_MPO,2017-08-22,2017,36.03972,-86.75802,False,0,0,0,,,,,,,,
101738881,Crashes_2010_2019_MPO,2017-08-22,2017,36.04001,-86.74347,False,0,0,0,,,,,,,,