record_no,source_layer,collision_ts,crash_year,latitude,longitude,in_city,fatalities,non_motorists,truck_involved,serious_injuries,pedestrian,bicycle,crash_type,manner_of_collision,lighting,weather,first_harmful_event
101738147,Crashes_2010_2019_MPO,2017-08-22,2017,36.04526,-86.70108,False,0,0,0,,,,,,,,
101740021,Crashes_2010_2019_MPO,2017-08-22,2017,35.99691,-86.79696,True,0,0,0,,,,,,,,
101738718,Crashes_2010_2019_MPO,2017-08-22,2017,35.98635,-86.73664,True,0,0,0,,,,,,,,
101740227,Crashes_2010_2019_MPO,2017-08-22,2017,36.0151,-86.78558,True,0,0,1,,,,,,,,
101739625,Crashes_2010_2019_MPO,2017-08-23,2017,35.98735,-86.73797,True,0,0,0,,,,,,,,
101739465,Crashes_2010_2019_MPO,2017-08-23,2017,35.96466,-86.81119,False,0,0,0,,,,,,,,
101741525,Crashes_2010_2019_MPO,2017-08-23,2017,36.01689,-86.78609,True,0,0,0,,,,,,,,
101739267,Crashes_2010_2019_MPO,2017-08-23,2017,35.92801,-86.86553,False,0,0,0,,,,,,,,
101739329,Crashes_2010_2019_MPO,2017-08-23,2017,35.93764,-86.81751,False,0,0,0,,,,,,,,
101739622,Crashes_2010_2019_MPO,2017-08-23,2017,35.94784,-86.81122,False,0,0,0,,,,,,,,
101739170,Crashes_2010_2019_MPO,2017-08-23,2017,36.0453,-86.70168,False,0,0,0,,,,,,,,
101739551,Crashes_2010_2019_MPO,2017-08-23,2017,35.9785,-86.77686,True,0,0,0,,,,,,,,
101739729,Crashes_2010_2019_MPO,2017-08-23,2017,35.93235,-86.8795,False,0,1,0,,,,,,,,
101739586,Crashes_2010_2019_MPO,2017-08-23,2017,36.04538,-86.71313,False,0,0,0,,,,,,,,
101740156,Crashes_2010_2019_MPO,2017-08-24,2017,35.93283,-86.78412,False,0,0,0,,,,,,,,
101743857,Crashes_2010_2019_MPO,2017-08-24,2017,35.9583,-86.8023,False,0,0,0,,,,,,,,
101740116,Crashes_2010_2019_MPO,2017-08-24,2017,36.00107,-86.79403,True,0,0,0,,,,,,,,
101740337,Crashes_2010_2019_MPO,2017-08-24,2017,36.0448,-86.71319,False,0,0,0,,,,,,,,
101743858,Crashes_2010_2019_MPO,2017-08-24,2017,35.93496,-86.82218,False,0,0,0,,,,,,,,
101740050,Crashes_2010_2019_MPO,2017-08-24,2017,36.02736,-86.78421,True,0,0,0,,,,,,,,
101740521,Crashes_2010_2019_MPO,2017-08-24,2017,36.04735,-86.7135,False,0,0,0,,,,,,,,
101741002,Crashes_2010_2019_MPO,2017-08-24,2017,35.99198,-86.79891,True,0,0,1,,,,,,,,
101740517,Crashes_2010_2019_MPO,2017-08-24,2017,36.03737,-86.78693,False,0,0,0,,,,,,,,
101743609,Crashes_2010_2019_MPO,2017-08-24,2017,35.92671,-86.76723,False,0,0,0,,,,,,,,
101740117,Crashes_2010_2019_MPO,2017-08-24,2017,35.99759,-86.79683,True,0,0,0,,,,,,,,
101740370,Crashes_2010_2019_MPO,2017-08-24,2017,36.03576,-86.78291,False,0,0,0,,,,,,,,
101740129,Crashes_2010_2019_MPO,2017-08-24,2017,35.95905,-86.82105,False,0,0,0,,,,,,,,
101740506,Crashes_2010_2019_MPO,2017-08-24,2017,36.02431,-86.78348,True,0,0,0,,,,,,,,
101740009,Crashes_2010_2019_MPO,2017-08-24,2017,35.99798,-86.80033,True,0,0,0,,,,,,,,
101741104,Crashes_2010_2019_MPO,2017-08-25,2017,36.04114,-86.77621,False,0,0,0,,,,,,,,
101742917,Crashes_2010_2019_MPO,2017-08-25,2017,35.98883,-86.70458,True,0,0,0,,,,,,,,
101745891,Crashes_2010_2019_MPO,2017-08-25,2017,35.93549,-86.82393,False,0,0,0,,,,,,,,
101742068,Crashes_2010_2019_MPO,2017-08-25,2017,36.04513,-86.69918,False,0,0,0,,,,,,,,
101741033,Crashes_2010_2019_MPO,2017-08-25,2017,36.04051,-86.71277,False,0,0,0,,,,,,,,
101742080,Crashes_2010_2019_MPO,2017-08-25,2017,35.92616,-86.72373,False,0,0,0,,,,,,,,
101741352,Crashes_2010_2019_MPO,2017-08-25,2017,36.03077,-86.69958,False,0,0,0,,,,,,,,
101743165,Crashes_2010_2019_MPO,2017-08-25,2017,35.9379,-86.68841,False,0,0,0,,,,,,,,
101741817,Crashes_2010_2019_MPO,2017-08-25,2017,35.99551,-86.77887,True,0,0,0,,,,,,,,
101742158,Crashes_2010_2019_MPO,2017-08-25,2017,36.04643,-86.67752,False,0,0,0,,,,,,,,
101743167,Crashes_2010_2019_MPO,2017-08-26,2017,35.96598,-86.80548,True,0,0,0,,,,,,,,
101742493,Crashes_2010_2019_MPO,2017-08-26,2017,35.96497,-86.81573,True,0,0,0,,,,,,,,
101745789,Crashes_2010_2019_MPO,2017-08-26,2017,36.01648,-86.78623,True,0,0,0,,,,,,,,
101743005,Crashes_2010_2019_MPO,2017-08-26,2017,36.02434,-86.74238,False,0,0,0,,,,,,,,
101742966,Crashes_2010_2019_MPO,2017-08-26,2017,35.94858,-86.8191,False,0,0,0,,,,,,,,
101743265,Crashes_2010_2019_MPO,2017-08-26,2017,35.98214,-86.82123,True,0,0,0,,,,,,,,
101743885,Crashes_2010_2019_MPO,2017-08-27,2017,36.03745,-86.71592,False,0,0,0,,,,,,,,
101744438,Crashes_2010_2019_MPO,2017-08-27,2017,35.92673,-86.87005,False,0,0,0,,,,,,,,
101743121,Crashes_2010_2019_MPO,2017-08-27,2017,35.96264,-86.80907,False,0,0,0,,,,,,,,
101743499,Crashes_2010_2019_MPO,2017-08-27,2017,35.99551,-86.77887,True,0,0,0,,,,,,,,
101743606,Crashes_2010_2019_MPO,2017-08-27,2017,36.02414,-86.74241,False,0,0,0,,,,,,,,
101743503,Crashes_2010_2019_MPO,2017-08-27,2017,36.04409,-86.70343,False,0,0,0,,,,,,,,
101746617,Crashes_2010_2019_MPO,2017-08-27,2017,35.95788,-86.76924,True,0,0,0,,,,,,,,
101743090,Crashes_2010_2019_MPO,2017-08-27,2017,36.03234,-86.78516,True,0,0,0,,,,,,,,
101743757,Crashes_2010_2019_MPO,2017-08-27,2017,36.0472,-86.8623,False,0,0,0,,,,,,,,
101743695,Crashes_2010_2019_MPO,2017-08-27,2017,35.94684,-86.82396,False,0,0,0,,,,,,,,
101743934,Crashes_2010_2019_MPO,2017-08-27,2017,35.9476,-86.82196,False,0,0,0,,,,,,,,
101743793,Crashes_2010_2019_MPO,2017-08-27,2017,36.04231,-86.72652,False,0,0,0,,,,,,,,
101744499,Crashes_2010_2019_MPO,2017-08-28,2017,36.02341,-86.68785,False,0,0,0,,,,,,,,
101744178,Crashes_2010_2019_MPO,2017-08-28,2017,35.9243,-86.86648,False,0,0,0,,,,,,,,
101744102,Crashes_2010_2019_MPO,2017-08-28,2017,36.04097,-86.74371,False,0,0,0,,,,,,,,
101744079,Crashes_2010_2019_MPO,2017-08-28,2017,36.04028,-86.76837,False,0,0,0,,,,,,,,
101744073,Crashes_2010_2019_MPO,2017-08-28,2017,35.95051,-86.76622,True,0,0,0,,,,,,,,
101744206,Crashes_2010_2019_MPO,2017-08-28,2017,36.03336,-86.78148,True,0,0,0,,,,,,,,
101744357,Crashes_2010_2019_MPO,2017-08-28,2017,36.05214,-86.69113,False,0,0,0,,,,,,,,
101743951,Crashes_2010_2019_MPO,2017-08-28,2017,35.92368,-86.76687,False,0,0,0,,,,,,,,
101745522,Crashes_2010_2019_MPO,2017-08-28,2017,35.95138,-86.80776,False,0,0,0,,,,,,,,
101744360,Crashes_2010_2019_MPO,2017-08-28,2017,35.99846,-86.82909,True,0,0,0,,,,,,,,
101744786,Crashes_2010_2019_MPO,2017-08-28,2017,36.03081,-86.78356,True,0,0,0,,,,,,,,
101745001,Crashes_2010_2019_MPO,2017-08-28,2017,35.93741,-86.80972,False,0,0,0,,,,,,,,
101744066,Crashes_2010_2019_MPO,2017-08-28,2017,35.99723,-86.79488,True,0,0,0,,,,,,,,
101744521,Crashes_2010_2019_MPO,2017-08-28,2017,35.94976,-86.73008,False,0,0,1,,,,,,,,
101744213,Crashes_2010_2019_MPO,2017-08-28,2017,35.92537,-86.87381,False,0,0,0,,,,,,,,
101744593,Crashes_2010_2019_MPO,2017-08-28,2017,36.03882,-86.80872,False,0,0,0,,,,,,,,
101744937,Crashes_2010_2019_MPO,2017-08-29,2017,36.04543,-86.70361,False,0,0,0,,,,,,,,
101744994,Crashes_2010_2019_MPO,2017-08-29,2017,35.9469,-86.82166,False,0,0,0,,,,,,,,
101745709,Crashes_2010_2019_MPO,2017-08-29,2017,35.98567,-86.67702,False,0,0,0,,,,,,,,
101744875,Crashes_2010_2019_MPO,2017-08-29,2017,35.95701,-86.81076,False,0,0,0,,,,,,,,
101744985,Crashes_2010_2019_MPO,2017-08-29,2017,36.0136,-86.785,True,0,0,0,,,,,,,,
101745549,Crashes_2010_2019_MPO,2017-08-29,2017,36.03708,-86.78592,False,0,0,0,,,,,,,,
101753509,Crashes_2010_2019_MPO,2017-08-29,2017,36.00648,-86.70323,False,1,0,0,,,,,,,,
101745447,Crashes_2010_2019_MPO,2017-08-29,2017,35.98454,-86.77756,True,0,0,0,,,,,,,,
101744911,Crashes_2010_2019_MPO,2017-08-29,2017,36.02306,-86.78658,True,0,0,0,,,,,,,,
101744944,Crashes_2010_2019_MPO,2017-08-29,2017,36.04045,-86.7699,False,0,0,0,,,,,,,,
101745079,Crashes_2010_2019_MPO,2017-08-29,2017,36.03827,-86.78633,False,0,0,0,,,,,,,,
101744977,Crashes_2010_2019_MPO,2017-08-29,2017,36.04142,-86.74382,False,0,0,1,,,,,,,,
101744909,Crashes_2010_2019_MPO,2017-08-29,2017,35.9583,-86.8023,False,0,0,0,,,,,,,,
101745278,Crashes_2010_2019_MPO,2017-08-29,2017,35.96431,-86.8109,False,0,0,0,,,,,,,,
101746402,Crashes_2010_2019_MPO,2017-08-29,2017,35.92413,-86.86933,False,0,0,0,,,,,,,,
101744989,Crashes_2010_2019_MPO,2017-08-29,2017,36.00788,-86.7423,True,0,0,0,,,,,,,,
101745243,Crashes_2010_2019_MPO,2017-08-29,2017,36.03407,-86.79461,True,0,0,0,,,,,,,,
101744981,Crashes_2010_2019_MPO,2017-08-29,2017,36.02652,-86.79251,True,0,0,0,,,,,,,,
101752562,Crashes_2010_2019_MPO,2017-08-29,2017,35.99613,-86.79723,True,0,0,0,,,,,,,,
101746380,Crashes_2010_2019_MPO,2017-08-30,2017,35.95051,-86.76622,True,0,0,0,,,,,,,,
101746538,Crashes_2010_2019_MPO,2017-08-30,2017,35.93002,-86.82429,False,0,0,0,,,,,,,,
101747010,Crashes_2010_2019_MPO,2017-08-30,2017,35.9323,-86.86262,False,0,0,0,,,,,,,,
101746223,Crashes_2010_2019_MPO,2017-08-30,2017,36.03361,-86.78747,True,0,0,0,,,,,,,,
101746056,Crashes_2010_2019_MPO,2017-08-30,2017,35.94027,-86.81658,False,0,0,0,,,,,,,,
101745878,Crashes_2010_2019_MPO,2017-08-30,2017,35.93605,-86.82619,False,0,0,0,,,,,,,,
101746326,Crashes_2010_2019_MPO,2017-08-30,2017,36.03103,-86.79001,True,0,0,0,,,,,,,,
101746287,Crashes_2010_2019_MPO,2017-08-30,2017,35.99607,-86.81091,True,0,0,0,,,,,,,,
101745953,Crashes_2010_2019_MPO,2017-08-30,2017,35.96716,-86.81351,True,0,0,0,,,,,,,,
101747285,Crashes_2010_2019_MPO,2017-08-31,2017,36.01733,-86.78647,True,0,0,0,,,,,,,,
101748871,Crashes_2010_2019_MPO,2017-08-31,2017,35.93785,-86.70699,False,0,0,1,,,,,,,,
101747012,Crashes_2010_2019_MPO,2017-08-31,2017,35.98584,-86.75209,True,0,0,0,,,,,,,,
101746880,Crashes_2010_2019_MPO,2017-08-31,2017,36.04475,-86.8481,False,0,0,0,,,,,,,,
101746760,Crashes_2010_2019_MPO,2017-08-31,2017,35.96114,-86.80934,False,0,0,0,,,,,,,,
101747367,Crashes_2010_2019_MPO,2017-08-31,2017,35.92561,-86.87286,False,0,0,0,,,,,,,,
101747143,Crashes_2010_2019_MPO,2017-08-31,2017,35.93446,-86.81991,False,0,0,0,,,,,,,,
101747379,Crashes_2010_2019_MPO,2017-08-31,2017,36.03784,-86.79778,False,0,0,0,,,,,,,,
101751984,Crashes_2010_2019_MPO,2017-08-31,2017,35.92957,-86.84187,False,0,0,1,,,,,,,,
101747083,Crashes_2010_2019_MPO,2017-08-31,2017,36.03347,-86.71297,False,0,0,0,,,,,,,,
101746850,Crashes_2010_2019_MPO,2017-08-31,2017,36.03403,-86.80162,True,0,0,0,,,,,,,,
101753309,Crashes_2010_2019_MPO,2017-08-31,2017,35.96697,-86.71019,True,1,0,0,,,,,,,,
101746756,Crashes_2010_2019_MPO,2017-08-31,2017,35.94924,-86.75256,True,0,0,0,,,,,,,,
101747034,Crashes_2010_2019_MPO,2017-08-31,2017,36.04479,-86.72487,False,0,0,0,,,,,,,,
101746854,Crashes_2010_2019_MPO,2017-08-31,2017,35.942,-86.85557,False,0,0,0,,,,,,,,
101746829,Crashes_2010_2019_MPO,2017-08-31,2017,35.98404,-86.69971,True,0,0,0,,,,,,,,
101747373,Crashes_2010_2019_MPO,2017-08-31,2017,35.94429,-86.81993,False,0,0,0,,,,,,,,
101747372,Crashes_2010_2019_MPO,2017-08-31,2017,35.94005,-86.83114,False,0,0,0,,,,,,,,
101748168,Crashes_2010_2019_MPO,2017-09-01,2017,35.96562,-86.70619,True,0,0,0,,,,,,,,
101749188,Crashes_2010_2019_MPO,2017-09-01,2017,35.94583,-86.81985,False,0,1,0,,,,,,,,
101766215,Crashes_2010_2019_MPO,2017-09-01,2017,35.92456,-86.87028,False,0,0,0,,,,,,,,
101748441,Crashes_2010_2019_MPO,2017-09-01,2017,36.01239,-86.70361,False,0,0,0,,,,,,,,
101747820,Crashes_2010_2019_MPO,2017-09-01,2017,35.96689,-86.80889,True,0,0,0,,,,,,,,
101748592,Crashes_2010_2019_MPO,2017-09-01,2017,35.99876,-86.79637,True,0,0,0,,,,,,,,
101748197,Crashes_2010_2019_MPO,2017-09-01,2017,35.96655,-86.80932,True,0,0,0,,,,,,,,
101748218,Crashes_2010_2019_MPO,2017-09-01,2017,35.99107,-86.77834,True,0,0,0,,,,,,,,
101747651,Crashes_2010_2019_MPO,2017-09-01,2017,36.031,-86.74992,False,0,0,0,,,,,,,,
101748582,Crashes_2010_2019_MPO,2017-09-01,2017,36.02532,-86.74264,False,0,0,0,,,,,,,,
101747708,Crashes_2010_2019_MPO,2017-09-01,2017,36.04001,-86.74347,False,0,0,0,,,,,,,,
101748591,Crashes_2010_2019_MPO,2017-09-01,2017,35.97653,-86.82718,True,0,0,0,,,,,,,,
101747752,Crashes_2010_2019_MPO,2017-09-01,2017,36.03602,-86.70743,False,0,0,0,,,,,,,,
101747643,Crashes_2010_2019_MPO,2017-09-01,2017,36.04084,-86.77347,False,0,0,0,,,,,,,,
101748303,Crashes_2010_2019_MPO,2017-09-01,2017,36.04859,-86.77552,False,0,0,0,,,,,,,,
101748962,Crashes_2010_2019_MPO,2017-09-01,2017,35.9476,-86.81992,False,0,0,0,,,,,,,,
101748631,Crashes_2010_2019_MPO,2017-09-01,2017,35.94675,-86.85178,False,0,0,0,,,,,,,,
101747924,Crashes_2010_2019_MPO,2017-09-01,2017,35.96845,-86.81905,True,0,0,0,,,,,,,,
101747709,Crashes_2010_2019_MPO,2017-09-01,2017,36.04725,-86.8625,False,0,0,0,,,,,,,,
101748489,Crashes_2010_2019_MPO,2017-09-01,2017,36.0451,-86.71323,False,0,0,0,,,,,,,,
101747733,Crashes_2010_2019_MPO,2017-09-01,2017,35.95004,-86.84915,False,0,0,0,,,,,,,,
101748986,Crashes_2010_2019_MPO,2017-09-02,2017,36.04697,-86.68012,False,0,0,0,,,,,,,,
101748825,Crashes_2010_2019_MPO,2017-09-02,2017,36.04328,-86.68929,False,0,0,0,,,,,,,,
101749470,Crashes_2010_2019_MPO,2017-09-02,2017,35.92546,-86.87275,False,0,0,0,,,,,,,,
101749391,Crashes_2010_2019_MPO,2017-09-02,2017,35.96312,-86.81897,True,0,0,0,,,,,,,,
101748832,Crashes_2010_2019_MPO,2017-09-02,2017,36.02844,-86.79142,True,0,0,0,,,,,,,,
101750496,Crashes_2010_2019_MPO,2017-09-03,2017,35.99329,-86.75852,True,0,0,0,,,,,,,,
101749957,Crashes_2010_2019_MPO,2017-09-03,2017,36.04531,-86.7138,False,0,0,0,,,,,,,,
101750910,Crashes_2010_2019_MPO,2017-09-03,2017,35.96713,-86.81336,True,0,0,0,,,,,,,,
101750172,Crashes_2010_2019_MPO,2017-09-03,2017,35.96681,-86.81119,True,0,0,0,,,,,,,,
101750157,Crashes_2010_2019_MPO,2017-09-03,2017,35.92954,-86.84187,False,0,0,0,,,,,,,,
101749482,Crashes_2010_2019_MPO,2017-09-03,2017,36.00867,-86.69482,False,0,0,0,,,,,,,,
101750911,Crashes_2010_2019_MPO,2017-09-03,2017,35.97442,-86.83204,True,0,0,0,,,,,,,,
101750118,Crashes_2010_2019_MPO,2017-09-03,2017,35.99781,-86.79886,True,0,0,0,,,,,,,,
101749956,Crashes_2010_2019_MPO,2017-09-03,2017,36.0522,-86.74309,False,0,0,0,,,,,,,,
101750436,Crashes_2010_2019_MPO,2017-09-03,2017,36.04048,-86.78014,False,0,0,0,,,,,,,,
101751592,Crashes_2010_2019_MPO,2017-09-04,2017,35.96647,-86.81129,False,0,0,0,,,,,,,,
101751017,Crashes_2010_2019_MPO,2017-09-04,2017,35.96666,-86.80917,True,0,0,0,,,,,,,,
101750497,Crashes_2010_2019_MPO,2017-09-04,2017,35.92848,-86.79362,False,0,0,0,,,,,,,,
101750993,Crashes_2010_2019_MPO,2017-09-04,2017,35.96677,-86.81309,False,0,0,0,,,,,,,,
101750776,Crashes_2010_2019_MPO,2017-09-04,2017,35.966741,-86.809077,True,0,0,0,,,,,,,,
101752263,Crashes_2010_2019_MPO,2017-09-05,2017,35.94655,-86.81468,False,0,0,1,,,,,,,,
101751884,Crashes_2010_2019_MPO,2017-09-05,2017,36.04006,-86.74416,False,0,0,0,,,,,,,,
101751794,Crashes_2010_2019_MPO,2017-09-05,2017,36.02366,-86.6885,False,0,0,0,,,,,,,,
101754268,Crashes_2010_2019_MPO,2017-09-05,2017,35.94369,-86.81577,False,0,0,1,,,,,,,,
101752548,Crashes_2010_2019_MPO,2017-09-05,2017,35.96202,-86.81533,False,0,0,0,,,,,,,,
101751768,Crashes_2010_2019_MPO,2017-09-05,2017,36.01764,-86.75887,True,0,0,0,,,,,,,,
101751693,Crashes_2010_2019_MPO,2017-09-05,2017,35.94687,-86.85168,False,0,0,0,,,,,,,,
101751487,Crashes_2010_2019_MPO,2017-09-05,2017,35.97431,-86.77593,True,0,0,0,,,,,,,,
101751898,Crashes_2010_2019_MPO,2017-09-05,2017,35.998568,-86.80556,True,0,0,1,,,,,,,,
101751788,Crashes_2010_2019_MPO,2017-09-05,2017,35.92553,-86.86825,False,0,0,0,,,,,,,,
101751476,Crashes_2010_2019_MPO,2017-09-05,2017,36.03893,-86.78272,False,0,0,0,,,,,,,,
101751692,Crashes_2010_2019_MPO,2017-09-05,2017,35.92655,-86.82587,False,0,0,0,,,,,,,,
101751669,Crashes_2010_2019_MPO,2017-09-05,2017,35.93553,-86.82348,False,0,0,0,,,,,,,,
101757371,Crashes_2010_2019_MPO,2017-09-05,2017,35.9907,-86.79911,True,0,0,0,,,,,,,,
101752270,Crashes_2010_2019_MPO,2017-09-06,2017,35.98763,-86.80016,True,0,0,0,,,,,,,,
101754048,Crashes_2010_2019_MPO,2017-09-06,2017,35.96706,-86.81284,True,0,0,0,,,,,,,,
101752348,Crashes_2010_2019_MPO,2017-09-06,2017,35.92689,-86.82126,False,0,0,0,,,,,,,,
101752527,Crashes_2010_2019_MPO,2017-09-06,2017,36.035548,-86.79098,True,0,0,0,,,,,,,,
101752710,Crashes_2010_2019_MPO,2017-09-06,2017,35.93998,-86.81695,False,0,0,0,,,,,,,,
101752881,Crashes_2010_2019_MPO,2017-09-06,2017,36.02051,-86.71057,False,0,0,0,,,,,,,,
101752711,Crashes_2010_2019_MPO,2017-09-06,2017,35.94036,-86.83304,False,0,0,0,,,,,,,,
101752466,Crashes_2010_2019_MPO,2017-09-06,2017,35.96463,-86.79039,True,0,0,0,,,,,,,,
101752291,Crashes_2010_2019_MPO,2017-09-06,2017,36.0243,-86.74239,False,0,0,0,,,,,,,,
101752915,Crashes_2010_2019_MPO,2017-09-06,2017,36.0509,-86.7509,False,0,0,0,,,,,,,,
101752496,Crashes_2010_2019_MPO,2017-09-06,2017,35.97879,-86.75282,True,0,0,0,,,,,,,,
101755985,Crashes_2010_2019_MPO,2017-09-06,2017,35.99608,-86.78488,True,0,0,0,,,,,,,,
101753236,Crashes_2010_2019_MPO,2017-09-06,2017,36.04522,-86.85286,False,0,0,0,,,,,,,,
101754091,Crashes_2010_2019_MPO,2017-09-07,2017,35.95879,-86.80442,False,0,0,0,,,,,,,,
101754176,Crashes_2010_2019_MPO,2017-09-07,2017,35.96518,-86.80029,True,0,0,0,,,,,,,,
101754222,Crashes_2010_2019_MPO,2017-09-07,2017,35.97015,-86.80646,True,0,0,0,,,,,,,,
101753447,Crashes_2010_2019_MPO,2017-09-07,2017,36.03131,-86.7835,True,0,0,0,,,,,,,,
101754240,Crashes_2010_2019_MPO,2017-09-07,2017,35.92878,-86.87559,False,0,1,0,,,,,,,,
101754118,Crashes_2010_2019_MPO,2017-09-07,2017,36.0172,-86.786,True,0,0,0,,,,,,,,
101754094,Crashes_2010_2019_MPO,2017-09-07,2017,35.9968,-86.797,True,0,0,0,,,,,,,,
101754032,Crashes_2010_2019_MPO,2017-09-07,2017,35.97206,-86.82651,True,0,0,0,,,,,,,,
101753357,Crashes_2010_2019_MPO,2017-09-07,2017,35.9403,-86.83901,False,0,0,0,,,,,,,,
101753409,Crashes_2010_2019_MPO,2017-09-07,2017,35.92586,-86.82455,False,0,0,0,,,,,,,,
101753378,Crashes_2010_2019_MPO,2017-09-07,2017,36.03991,-86.76487,False,0,0,0,,,,,,,,
101754096,Crashes_2010_2019_MPO,2017-09-07,2017,35.9869,-86.8003,True,0,0,0,,,,,,,,
101753994,Crashes_2010_2019_MPO,2017-09-07,2017,36.02708,-86.78432,True,0,0,0,,,,,,,,
101757387,Crashes_2010_2019_MPO,2017-09-08,2017,36.00546,-86.7895,True,0,0,0,,,,,,,,
101754635,Crashes_2010_2019_MPO,2017-09-08,2017,36.03669,-86.79086,True,0,0,0,,,,,,,,
101754840,Crashes_2010_2019_MPO,2017-09-08,2017,35.92254,-86.87194,False,0,0,0,,,,,,,,
101756608,Crashes_2010_2019_MPO,2017-09-08,2017,36.05339,-86.69059,False,0,0,0,,,,,,,,
101755236,Crashes_2010_2019_MPO,2017-09-08,2017,36.03388,-86.795,True,0,0,0,,,,,,,,
101758811,Crashes_2010_2019_MPO,2017-09-08,2017,35.93446,-86.81991,False,0,0,0,,,,,,,,
101756693,Crashes_2010_2019_MPO,2017-09-08,2017,35.96949,-86.80669,True,0,0,0,,,,,,,,
101755228,Crashes_2010_2019_MPO,2017-09-08,2017,35.92538,-86.87269,False,0,0,0,,,,,,,,
101754527,Crashes_2010_2019_MPO,2017-09-08,2017,36.01613,-86.68127,False,0,0,0,,,,,,,,
101755304,Crashes_2010_2019_MPO,2017-09-08,2017,36.05151,-86.71436,False,0,0,0,,,,,,,,
101755884,Crashes_2010_2019_MPO,2017-09-08,2017,36.00878,-86.7861,True,0,0,0,,,,,,,,
101755520,Crashes_2010_2019_MPO,2017-09-08,2017,36.0474,-86.6808,False,0,0,0,,,,,,,,
101756144,Crashes_2010_2019_MPO,2017-09-08,2017,36.01567,-86.81999,True,0,0,0,,,,,,,,
101756180,Crashes_2010_2019_MPO,2017-09-08,2017,35.99758,-86.79681,True,0,0,0,,,,,,,,
101754368,Crashes_2010_2019_MPO,2017-09-08,2017,36.04538,-86.70293,False,0,0,0,,,,,,,,
101754681,Crashes_2010_2019_MPO,2017-09-08,2017,36.0409,-86.77938,False,0,0,0,,,,,,,,
101755882,Crashes_2010_2019_MPO,2017-09-08,2017,36.00913,-86.7858,True,0,0,0,,,,,,,,
101755475,Crashes_2010_2019_MPO,2017-09-08,2017,35.96458,-86.8144,False,0,0,0,,,,,,,,
101755037,Crashes_2010_2019_MPO,2017-09-08,2017,36.04057,-86.77999,False,0,0,0,,,,,,,,
101754491,Crashes_2010_2019_MPO,2017-09-08,2017,36.03983,-86.74093,False,0,0,0,,,,,,,,
101754510,Crashes_2010_2019_MPO,2017-09-08,2017,35.93533,-86.82268,False,0,0,0,,,,,,,,
101755936,Crashes_2010_2019_MPO,2017-09-09,2017,36.02492,-86.74526,False,0,0,0,,,,,,,,
101756161,Crashes_2010_2019_MPO,2017-09-09,2017,35.92444,-86.80249,False,0,0,0,,,,,,,,
101755672,Crashes_2010_2019_MPO,2017-09-09,2017,36.05459,-86.68078,False,0,0,0,,,,,,,,
101756409,Crashes_2010_2019_MPO,2017-09-09,2017,36.04199,-86.70277,False,0,0,0,,,,,,,,
101756160,Crashes_2010_2019_MPO,2017-09-09,2017,35.95997,-86.80215,False,0,0,0,,,,,,,,
101755801,Crashes_2010_2019_MPO,2017-09-09,2017,36.04597,-86.68984,False,0,0,0,,,,,,,,
101755951,Crashes_2010_2019_MPO,2017-09-09,2017,36.04537,-86.71326,False,0,0,0,,,,,,,,
101756448,Crashes_2010_2019_MPO,2017-09-09,2017,35.96493,-86.79369,True,0,0,0,,,,,,,,
101756352,Crashes_2010_2019_MPO,2017-09-09,2017,36.0415,-86.74964,False,0,0,0,,,,,,,,
101755766,Crashes_2010_2019_MPO,2017-09-09,2017,36.01435,-86.8088,True,0,0,0,,,,,,,,
101756374,Crashes_2010_2019_MPO,2017-09-09,2017,36.05009,-86.69526,False,0,0,0,,,,,,,,
101756412,Crashes_2010_2019_MPO,2017-09-09,2017,36.03491,-86.78307,True,0,0,0,,,,,,,,
101757209,Crashes_2010_2019_MPO,2017-09-10,2017,35.94909,-86.81954,False,0,0,0,,,,,,,,
101757136,Crashes_2010_2019_MPO,2017-09-10,2017,35.97025,-86.80643,True,0,0,0,,,,,,,,
101757792,Crashes_2010_2019_MPO,2017-09-11,2017,35.94662,-86.85133,False,0,0,0,,,,,,,,
101757688,Crashes_2010_2019_MPO,2017-09-11,2017,35.94256,-86.83005,False,0,0,0,,,,,,,,
101757992,Crashes_2010_2019_MPO,2017-09-11,2017,36.04526,-86.71434,False,0,0,0,,,,,,,,
101758041,Crashes_2010_2019_MPO,2017-09-11,2017,36.04541,-86.70338,False,0,0,0,,,,,,,,
101758431,Crashes_2010_2019_MPO,2017-09-11,2017,35.95099,-86.81853,False,0,0,0,,,,,,,,
101757555,Crashes_2010_2019_MPO,2017-09-11,2017,35.95276,-86.72838,True,0,0,0,,,,,,,,
101757619,Crashes_2010_2019_MPO,2017-09-11,2017,35.96199,-86.81523,False,0,0,0,,,,,,,,
101757934,Crashes_2010_2019_MPO,2017-09-11,2017,36.03577,-86.78291,False,0,0,0,,,,,,,,
101758626,Crashes_2010_2019_MPO,2017-09-11,2017,35.95758,-86.76761,True,0,0,0,,,,,,,,
101757699,Crashes_2010_2019_MPO,2017-09-11,2017,36.04375,-86.71308,False,0,0,0,,,,,,,,
101758042,Crashes_2010_2019_MPO,2017-09-11,2017,36.0314,-86.7833,True,0,0,0,,,,,,,,
101757582,Crashes_2010_2019_MPO,2017-09-11,2017,35.99427,-86.68639,False,0,0,0,,,,,,,,
101757946,Crashes_2010_2019_MPO,2017-09-11,2017,36.04118,-86.82111,False,0,0,0,,,,,,,,
101758848,Crashes_2010_2019_MPO,2017-09-12,2017,36.04024,-86.76806,False,0,0,0,,,,,,,,
101758737,Crashes_2010_2019_MPO,2017-09-12,2017,36.01504,-86.72553,False,0,0,0,,,,,,,,
101758735,Crashes_2010_2019_MPO,2017-09-12,2017,36.00721,-86.78025,True,0,0,0,,,,,,,,
101758618,Crashes_2010_2019_MPO,2017-09-12,2017,35.94675,-86.85178,False,0,0,0,,,,,,,,
101758412,Crashes_2010_2019_MPO,2017-09-12,2017,35.9583,-86.8023,False,0,0,0,,,,,,,,