record_no,source_layer,collision_ts,crash_year,latitude,longitude,in_city,fatalities,non_motorists,truck_involved,serious_injuries,pedestrian,bicycle,crash_type,manner_of_collision,lighting,weather,first_harmful_event
101758573,Crashes_2010_2019_MPO,2017-09-12,2017,36.04026,-86.8164,False,0,0,0,,,,,,,,
101759530,Crashes_2010_2019_MPO,2017-09-12,2017,36.00219,-86.79319,True,0,0,0,,,,,,,,
101759769,Crashes_2010_2019_MPO,2017-09-12,2017,35.99784,-86.79908,True,0,0,0,,,,,,,,
101759553,Crashes_2010_2019_MPO,2017-09-12,2017,36.0182,-86.7863,True,0,0,0,,,,,,,,
101758276,Crashes_2010_2019_MPO,2017-09-12,2017,36.04099,-86.77482,False,0,0,0,,,,,,,,
101758869,Crashes_2010_2019_MPO,2017-09-12,2017,36.01978,-86.74213,False,0,0,0,,,,,,,,
101759833,Crashes_2010_2019_MPO,2017-09-13,2017,36.03194,-86.76262,False,0,0,0,,,,,,,,
101759793,Crashes_2010_2019_MPO,2017-09-13,2017,36.04479,-86.72487,False,0,0,0,,,,,,,,
101759422,Crashes_2010_2019_MPO,2017-09-13,2017,35.95212,-86.81784,False,0,0,0,,,,,,,,
101760187,Crashes_2010_2019_MPO,2017-09-13,2017,35.93223,-86.86267,False,0,0,0,,,,,,,,
101760236,Crashes_2010_2019_MPO,2017-09-13,2017,35.966741,-86.809123,True,0,0,0,,,,,,,,
101759679,Crashes_2010_2019_MPO,2017-09-13,2017,35.94687,-86.85168,False,0,0,0,,,,,,,,
101759325,Crashes_2010_2019_MPO,2017-09-13,2017,35.99671,-86.79041,True,0,0,0,,,,,,,,
101759544,Crashes_2010_2019_MPO,2017-09-13,2017,36.0455,-86.71184,False,0,0,0,,,,,,,,
101760534,Crashes_2010_2019_MPO,2017-09-13,2017,35.99931,-86.82957,True,0,0,0,,,,,,,,
101760186,Crashes_2010_2019_MPO,2017-09-13,2017,35.9481,-86.81995,False,0,0,0,,,,,,,,
101759326,Crashes_2010_2019_MPO,2017-09-13,2017,35.94672,-86.74796,True,0,0,0,,,,,,,,
101759296,Crashes_2010_2019_MPO,2017-09-13,2017,35.92902,-86.82051,False,0,0,0,,,,,,,,
101759220,Crashes_2010_2019_MPO,2017-09-13,2017,35.99238,-86.79853,True,0,0,0,,,,,,,,
101759808,Crashes_2010_2019_MPO,2017-09-13,2017,36.03194,-86.76262,False,0,0,0,,,,,,,,
101759738,Crashes_2010_2019_MPO,2017-09-13,2017,36.04081,-86.77954,False,0,0,0,,,,,,,,
101759783,Crashes_2010_2019_MPO,2017-09-13,2017,36.02771,-86.6797,False,0,0,0,,,,,,,,
101759753,Crashes_2010_2019_MPO,2017-09-13,2017,36.01392,-86.71935,False,0,0,0,,,,,,,,
101759933,Crashes_2010_2019_MPO,2017-09-13,2017,36.04638,-86.85862,False,0,0,0,,,,,,,,
101759153,Crashes_2010_2019_MPO,2017-09-13,2017,36.04537,-86.71326,False,0,0,0,,,,,,,,
101760641,Crashes_2010_2019_MPO,2017-09-14,2017,35.99624,-86.78631,True,0,0,0,,,,,,,,
101762760,Crashes_2010_2019_MPO,2017-09-14,2017,35.96682,-86.81363,True,0,0,0,,,,,,,,
101760958,Crashes_2010_2019_MPO,2017-09-14,2017,36.03671,-86.78285,False,0,0,0,,,,,,,,
101760191,Crashes_2010_2019_MPO,2017-09-14,2017,36.04295,-86.78195,False,0,0,0,,,,,,,,
101760387,Crashes_2010_2019_MPO,2017-09-14,2017,36.04541,-86.70331,False,0,0,0,,,,,,,,
101760384,Crashes_2010_2019_MPO,2017-09-14,2017,36.04232,-86.67691,False,0,0,0,,,,,,,,
101760351,Crashes_2010_2019_MPO,2017-09-14,2017,36.03237,-86.7668,False,0,0,0,,,,,,,,
101761060,Crashes_2010_2019_MPO,2017-09-14,2017,36.00756,-86.78765,True,0,0,0,,,,,,,,
101760235,Crashes_2010_2019_MPO,2017-09-14,2017,36.04299,-86.71299,False,0,0,0,,,,,,,,
101760197,Crashes_2010_2019_MPO,2017-09-14,2017,35.92345,-86.82243,False,0,0,0,,,,,,,,
101764288,Crashes_2010_2019_MPO,2017-09-14,2017,35.95867,-86.80525,False,0,0,0,,,,,,,,
101760304,Crashes_2010_2019_MPO,2017-09-14,2017,36.0332,-86.79955,True,0,0,0,,,,,,,,
101761174,Crashes_2010_2019_MPO,2017-09-14,2017,35.95957,-86.81595,False,0,0,0,,,,,,,,
101760766,Crashes_2010_2019_MPO,2017-09-14,2017,36.03115,-86.78377,True,0,0,0,,,,,,,,
101768728,Crashes_2010_2019_MPO,2017-09-14,2017,36.04323,-86.7815,False,0,0,0,,,,,,,,
101762759,Crashes_2010_2019_MPO,2017-09-14,2017,35.92926,-86.83968,False,0,0,0,,,,,,,,
101762376,Crashes_2010_2019_MPO,2017-09-15,2017,35.96142,-86.68523,False,0,0,0,,,,,,,,
101761239,Crashes_2010_2019_MPO,2017-09-15,2017,36.02829,-86.78416,True,0,0,0,,,,,,,,
101761711,Crashes_2010_2019_MPO,2017-09-15,2017,35.92302,-86.8166,False,0,0,0,,,,,,,,
101761662,Crashes_2010_2019_MPO,2017-09-15,2017,35.92606,-86.86711,False,0,0,0,,,,,,,,
101761188,Crashes_2010_2019_MPO,2017-09-15,2017,36.03951,-86.67763,False,0,0,1,,,,,,,,
101761777,Crashes_2010_2019_MPO,2017-09-15,2017,35.98524,-86.7298,True,0,0,0,,,,,,,,
101761145,Crashes_2010_2019_MPO,2017-09-15,2017,36.03322,-86.78531,True,0,0,0,,,,,,,,
101761610,Crashes_2010_2019_MPO,2017-09-15,2017,36.04819,-86.86594,False,0,0,0,,,,,,,,
101764241,Crashes_2010_2019_MPO,2017-09-15,2017,35.99781,-86.79886,True,0,0,0,,,,,,,,
101762245,Crashes_2010_2019_MPO,2017-09-15,2017,36.04128,-86.82205,False,0,0,0,,,,,,,,
101762879,Crashes_2010_2019_MPO,2017-09-15,2017,36.00525,-86.79004,True,0,0,0,,,,,,,,
101761620,Crashes_2010_2019_MPO,2017-09-15,2017,36.04424,-86.71315,False,0,0,0,,,,,,,,
101762277,Crashes_2010_2019_MPO,2017-09-15,2017,36.01529,-86.81589,True,0,0,0,,,,,,,,
101761309,Crashes_2010_2019_MPO,2017-09-15,2017,36.03689,-86.8019,True,0,0,0,,,,,,,,
101761832,Crashes_2010_2019_MPO,2017-09-15,2017,36.0095,-86.70166,False,0,0,0,,,,,,,,
101763830,Crashes_2010_2019_MPO,2017-09-16,2017,35.94675,-86.85178,False,0,0,0,,,,,,,,
101762393,Crashes_2010_2019_MPO,2017-09-16,2017,35.96403,-86.80738,False,0,0,0,,,,,,,,
101762432,Crashes_2010_2019_MPO,2017-09-16,2017,35.96667,-86.80916,True,0,0,0,,,,,,,,
101762764,Crashes_2010_2019_MPO,2017-09-16,2017,35.94036,-86.83304,False,0,0,0,,,,,,,,
101762652,Crashes_2010_2019_MPO,2017-09-16,2017,35.96133,-86.81226,False,0,0,0,,,,,,,,
101763007,Crashes_2010_2019_MPO,2017-09-16,2017,35.96086,-86.80944,False,0,0,0,,,,,,,,
101764515,Crashes_2010_2019_MPO,2017-09-16,2017,36.03141,-86.78979,True,0,0,0,,,,,,,,
101762331,Crashes_2010_2019_MPO,2017-09-16,2017,36.03941,-86.74343,False,0,0,0,,,,,,,,
101762799,Crashes_2010_2019_MPO,2017-09-16,2017,36.0409,-86.77938,False,0,0,0,,,,,,,,
101763044,Crashes_2010_2019_MPO,2017-09-16,2017,36.04245,-86.71294,False,0,0,0,,,,,,,,
101762998,Crashes_2010_2019_MPO,2017-09-16,2017,36.00527,-86.74277,True,0,0,0,,,,,,,,
101762847,Crashes_2010_2019_MPO,2017-09-16,2017,36.034332,-86.788121,True,0,0,0,,,,,,,,
101764488,Crashes_2010_2019_MPO,2017-09-17,2017,35.95721,-86.84339,False,0,0,0,,,,,,,,
101763635,Crashes_2010_2019_MPO,2017-09-17,2017,36.04028,-86.76837,False,0,0,0,,,,,,,,
101763361,Crashes_2010_2019_MPO,2017-09-17,2017,35.96198,-86.81518,False,0,0,0,,,,,,,,
101764305,Crashes_2010_2019_MPO,2017-09-17,2017,36.03971,-86.76279,False,0,0,0,,,,,,,,
101763292,Crashes_2010_2019_MPO,2017-09-17,2017,35.94114,-86.83623,False,0,0,0,,,,,,,,
101763196,Crashes_2010_2019_MPO,2017-09-17,2017,36.05473,-86.72382,False,0,0,0,,,,,,,,
101763143,Crashes_2010_2019_MPO,2017-09-17,2017,35.93358,-86.86111,False,0,0,0,,,,,,,,
101764117,Crashes_2010_2019_MPO,2017-09-17,2017,35.94978,-86.81329,False,0,0,0,,,,,,,,
101764667,Crashes_2010_2019_MPO,2017-09-18,2017,35.98548,-86.73193,True,0,0,0,,,,,,,,
101766614,Crashes_2010_2019_MPO,2017-09-18,2017,36.03047,-86.74398,False,0,0,0,,,,,,,,
101764228,Crashes_2010_2019_MPO,2017-09-18,2017,36.03983,-86.7684,False,0,0,0,,,,,,,,
101764622,Crashes_2010_2019_MPO,2017-09-18,2017,36.0242,-86.7862,True,0,0,0,,,,,,,,
101764652,Crashes_2010_2019_MPO,2017-09-18,2017,36.02287,-86.7124,False,0,0,0,,,,,,,,
101764160,Crashes_2010_2019_MPO,2017-09-18,2017,35.9638,-86.80842,False,0,0,0,,,,,,,,
101766140,Crashes_2010_2019_MPO,2017-09-18,2017,35.96458,-86.8144,False,0,0,0,,,,,,,,
101764875,Crashes_2010_2019_MPO,2017-09-18,2017,36.05262,-86.7147,False,0,0,0,,,,,,,,
101764264,Crashes_2010_2019_MPO,2017-09-18,2017,35.92957,-86.84187,False,0,0,0,,,,,,,,
101764657,Crashes_2010_2019_MPO,2017-09-18,2017,36.0338,-86.78542,True,0,0,0,,,,,,,,
101764415,Crashes_2010_2019_MPO,2017-09-18,2017,36.05366,-86.71502,False,0,0,0,,,,,,,,
101764263,Crashes_2010_2019_MPO,2017-09-18,2017,35.92317,-86.81685,False,0,0,0,,,,,,,,
101764196,Crashes_2010_2019_MPO,2017-09-18,2017,36.04122,-86.77696,False,0,0,0,,,,,,,,
101765495,Crashes_2010_2019_MPO,2017-09-18,2017,35.97241,-86.67846,False,0,0,0,,,,,,,,
101768093,Crashes_2010_2019_MPO,2017-09-18,2017,36.04069,-86.78258,False,0,0,0,,,,,,,,
101764637,Crashes_2010_2019_MPO,2017-09-18,2017,36.03742,-86.78277,False,0,0,0,,,,,,,,
101764747,Crashes_2010_2019_MPO,2017-09-18,2017,36.03747,-86.79098,False,0,0,0,,,,,,,,
101764189,Crashes_2010_2019_MPO,2017-09-18,2017,36.02175,-86.74267,False,0,0,0,,,,,,,,
101764221,Crashes_2010_2019_MPO,2017-09-18,2017,35.9938,-86.68591,False,0,0,0,,,,,,,,
101765278,Crashes_2010_2019_MPO,2017-09-19,2017,36.03336,-86.78872,True,0,0,0,,,,,,,,
101766003,Crashes_2010_2019_MPO,2017-09-19,2017,36.033521,-86.787479,True,0,0,0,,,,,,,,
101768064,Crashes_2010_2019_MPO,2017-09-19,2017,36.01689,-86.78609,True,0,0,0,,,,,,,,
101765736,Crashes_2010_2019_MPO,2017-09-19,2017,36.04075,-86.77964,False,0,0,0,,,,,,,,
101765496,Crashes_2010_2019_MPO,2017-09-19,2017,35.95048,-86.76596,True,0,0,0,,,,,,,,
101765349,Crashes_2010_2019_MPO,2017-09-19,2017,36.03286,-86.7974,True,0,0,0,,,,,,,,
101765461,Crashes_2010_2019_MPO,2017-09-19,2017,36.01448,-86.80966,True,0,0,0,,,,,,,,
101765651,Crashes_2010_2019_MPO,2017-09-19,2017,36.0374,-86.78657,False,0,0,0,,,,,,,,
101765586,Crashes_2010_2019_MPO,2017-09-19,2017,36.04732,-86.79017,False,0,0,0,,,,,,,,
101765394,Crashes_2010_2019_MPO,2017-09-19,2017,36.03009,-86.79029,True,0,0,0,,,,,,,,
101766101,Crashes_2010_2019_MPO,2017-09-19,2017,35.98776,-86.73865,True,0,0,0,,,,,,,,
101765209,Crashes_2010_2019_MPO,2017-09-19,2017,35.93541,-86.82372,False,0,0,0,,,,,,,,
101765561,Crashes_2010_2019_MPO,2017-09-19,2017,35.95211,-86.80535,False,0,0,0,,,,,,,,
101766548,Crashes_2010_2019_MPO,2017-09-19,2017,35.94606,-86.8086,False,0,0,0,,,,,,,,
101765332,Crashes_2010_2019_MPO,2017-09-19,2017,35.96571,-86.82076,True,0,0,1,,,,,,,,
101766071,Crashes_2010_2019_MPO,2017-09-20,2017,36.0399,-86.74192,False,0,0,0,,,,,,,,
101766065,Crashes_2010_2019_MPO,2017-09-20,2017,35.93215,-86.79441,False,0,0,0,,,,,,,,
101766241,Crashes_2010_2019_MPO,2017-09-20,2017,36.03989,-86.74176,False,0,0,0,,,,,,,,
101766521,Crashes_2010_2019_MPO,2017-09-20,2017,35.93385,-86.85893,False,0,0,0,,,,,,,,
101768675,Crashes_2010_2019_MPO,2017-09-20,2017,36.03122,-86.87558,False,0,0,0,,,,,,,,
101766992,Crashes_2010_2019_MPO,2017-09-20,2017,35.9728,-86.77159,True,0,0,0,,,,,,,,
101766557,Crashes_2010_2019_MPO,2017-09-20,2017,35.94005,-86.83114,False,0,0,0,,,,,,,,
101766542,Crashes_2010_2019_MPO,2017-09-20,2017,36.04158,-86.74937,False,0,0,0,,,,,,,,
101766203,Crashes_2010_2019_MPO,2017-09-20,2017,35.99004,-86.74528,True,0,0,0,,,,,,,,
101766728,Crashes_2010_2019_MPO,2017-09-20,2017,36.03471,-86.78309,True,0,0,0,,,,,,,,
101766816,Crashes_2010_2019_MPO,2017-09-20,2017,36.04001,-86.74347,False,0,0,0,,,,,,,,
101766104,Crashes_2010_2019_MPO,2017-09-20,2017,35.93219,-86.79404,False,0,0,0,,,,,,,,
101766099,Crashes_2010_2019_MPO,2017-09-20,2017,36.04158,-86.78245,False,0,0,0,,,,,,,,
101766312,Crashes_2010_2019_MPO,2017-09-20,2017,36.03473,-86.78793,True,0,0,0,,,,,,,,
101766559,Crashes_2010_2019_MPO,2017-09-20,2017,36.03837,-86.78353,False,0,0,0,,,,,,,,
101766533,Crashes_2010_2019_MPO,2017-09-20,2017,36.04028,-86.76837,False,0,0,0,,,,,,,,
101765952,Crashes_2010_2019_MPO,2017-09-20,2017,35.9989,-86.69344,False,0,0,0,,,,,,,,
101766093,Crashes_2010_2019_MPO,2017-09-20,2017,35.92544,-86.8673,False,0,0,0,,,,,,,,
101766619,Crashes_2010_2019_MPO,2017-09-20,2017,35.97091,-86.80595,True,0,0,0,,,,,,,,
101766052,Crashes_2010_2019_MPO,2017-09-20,2017,35.99156,-86.79881,True,0,0,0,,,,,,,,
101766991,Crashes_2010_2019_MPO,2017-09-20,2017,36.03877,-86.81655,True,0,0,0,,,,,,,,
101766517,Crashes_2010_2019_MPO,2017-09-20,2017,35.95051,-86.76622,True,0,0,0,,,,,,,,
101766531,Crashes_2010_2019_MPO,2017-09-20,2017,35.94786,-86.81958,False,0,0,0,,,,,,,,
101767462,Crashes_2010_2019_MPO,2017-09-21,2017,35.99875,-86.80948,True,0,0,0,,,,,,,,
101769617,Crashes_2010_2019_MPO,2017-09-21,2017,35.93215,-86.79441,False,0,0,0,,,,,,,,
101767246,Crashes_2010_2019_MPO,2017-09-21,2017,35.96419,-86.80025,True,0,0,0,,,,,,,,
101767801,Crashes_2010_2019_MPO,2017-09-21,2017,36.03689,-86.81684,True,0,0,0,,,,,,,,
101767044,Crashes_2010_2019_MPO,2017-09-21,2017,35.94543,-86.8148,False,0,0,0,,,,,,,,
101767787,Crashes_2010_2019_MPO,2017-09-21,2017,36.04543,-86.70361,False,0,0,0,,,,,,,,
101767206,Crashes_2010_2019_MPO,2017-09-21,2017,36.03963,-86.78162,False,0,0,0,,,,,,,,
101767617,Crashes_2010_2019_MPO,2017-09-21,2017,36.03614,-86.79498,True,0,0,0,,,,,,,,
101767525,Crashes_2010_2019_MPO,2017-09-21,2017,35.97393,-86.80516,True,0,0,0,,,,,,,,
101767436,Crashes_2010_2019_MPO,2017-09-21,2017,35.97813,-86.75833,True,0,0,0,,,,,,,,
101767701,Crashes_2010_2019_MPO,2017-09-21,2017,36.03918,-86.78252,False,0,0,0,,,,,,,,
101767416,Crashes_2010_2019_MPO,2017-09-21,2017,35.97716,-86.67813,False,0,0,0,,,,,,,,
101767626,Crashes_2010_2019_MPO,2017-09-21,2017,36.01346,-86.80307,True,0,0,0,,,,,,,,
101767423,Crashes_2010_2019_MPO,2017-09-21,2017,35.96774,-86.80804,True,0,0,0,,,,,,,,
101766847,Crashes_2010_2019_MPO,2017-09-21,2017,35.9829,-86.8017,True,0,1,0,,,,,,,,
101772919,Crashes_2010_2019_MPO,2017-09-21,2017,35.92848,-86.79168,False,0,0,0,,,,,,,,
101767658,Crashes_2010_2019_MPO,2017-09-21,2017,36.03936,-86.78198,False,0,0,0,,,,,,,,
101766997,Crashes_2010_2019_MPO,2017-09-21,2017,36.0443,-86.71313,False,0,0,0,,,,,,,,
101767450,Crashes_2010_2019_MPO,2017-09-21,2017,35.96681,-86.81119,True,0,0,0,,,,,,,,
101780199,Crashes_2010_2019_MPO,2017-09-21,2017,35.99125,-86.68354,False,0,0,0,,,,,,,,
101768073,Crashes_2010_2019_MPO,2017-09-22,2017,36.0452,-86.70017,False,0,0,0,,,,,,,,
101768387,Crashes_2010_2019_MPO,2017-09-22,2017,35.96681,-86.81119,True,0,0,0,,,,,,,,
101768196,Crashes_2010_2019_MPO,2017-09-22,2017,36.03587,-86.7617,False,0,0,0,,,,,,,,
101770308,Crashes_2010_2019_MPO,2017-09-22,2017,35.92444,-86.80249,False,0,0,0,,,,,,,,
101768637,Crashes_2010_2019_MPO,2017-09-22,2017,35.92296,-86.8158,False,0,0,0,,,,,,,,
101768844,Crashes_2010_2019_MPO,2017-09-22,2017,36.04061,-86.77992,False,0,0,0,,,,,,,,
101772852,Crashes_2010_2019_MPO,2017-09-22,2017,35.92641,-86.82447,False,0,0,0,,,,,,,,
101768071,Crashes_2010_2019_MPO,2017-09-22,2017,36.0157,-86.82038,True,0,0,0,,,,,,,,
101768043,Crashes_2010_2019_MPO,2017-09-22,2017,36.03497,-86.79143,True,0,0,0,,,,,,,,
101769866,Crashes_2010_2019_MPO,2017-09-22,2017,35.96716,-86.81351,True,0,0,0,,,,,,,,
101768103,Crashes_2010_2019_MPO,2017-09-22,2017,36.05113,-86.77562,False,0,0,0,,,,,,,,
101768779,Crashes_2010_2019_MPO,2017-09-22,2017,35.96174,-86.80177,True,0,0,0,,,,,,,,
101768851,Crashes_2010_2019_MPO,2017-09-22,2017,36.01661,-86.78627,True,0,0,0,,,,,,,,
101769497,Crashes_2010_2019_MPO,2017-09-22,2017,35.99291,-86.75758,True,0,0,0,,,,,,,,
101769181,Crashes_2010_2019_MPO,2017-09-22,2017,35.94557,-86.81499,False,0,0,0,,,,,,,,
101768400,Crashes_2010_2019_MPO,2017-09-22,2017,36.0375,-86.78584,False,0,0,0,,,,,,,,
101768466,Crashes_2010_2019_MPO,2017-09-22,2017,36.04231,-86.72652,False,0,0,0,,,,,,,,
101767994,Crashes_2010_2019_MPO,2017-09-22,2017,35.93624,-86.81824,False,0,0,0,,,,,,,,
101768037,Crashes_2010_2019_MPO,2017-09-22,2017,36.03747,-86.79098,False,0,0,0,,,,,,,,
101769174,Crashes_2010_2019_MPO,2017-09-22,2017,35.97938,-86.74854,True,0,0,0,,,,,,,,
101769620,Crashes_2010_2019_MPO,2017-09-22,2017,35.95724,-86.81662,False,0,0,0,,,,,,,,
101768077,Crashes_2010_2019_MPO,2017-09-22,2017,36.02175,-86.74267,False,0,0,0,,,,,,,,
101770492,Crashes_2010_2019_MPO,2017-09-23,2017,36.02478,-86.78586,True,0,0,0,,,,,,,,
101769494,Crashes_2010_2019_MPO,2017-09-23,2017,36.03615,-86.70617,False,0,0,0,,,,,,,,
101769217,Crashes_2010_2019_MPO,2017-09-23,2017,36.02886,-86.8765,False,0,0,0,,,,,,,,
101769313,Crashes_2010_2019_MPO,2017-09-23,2017,36.03551,-86.78748,True,0,0,0,,,,,,,,
101770312,Crashes_2010_2019_MPO,2017-09-23,2017,35.92277,-86.86538,False,0,0,0,,,,,,,,
101770060,Crashes_2010_2019_MPO,2017-09-23,2017,36.03683,-86.75745,False,0,0,0,,,,,,,,
101769347,Crashes_2010_2019_MPO,2017-09-23,2017,35.9505,-86.76611,True,0,0,0,,,,,,,,
101770310,Crashes_2010_2019_MPO,2017-09-23,2017,35.92882,-86.83675,False,0,0,0,,,,,,,,
101770122,Crashes_2010_2019_MPO,2017-09-23,2017,36.03979,-86.78112,False,0,0,0,,,,,,,,
101769351,Crashes_2010_2019_MPO,2017-09-23,2017,36.04338,-86.68906,False,0,0,0,,,,,,,,
101770011,Crashes_2010_2019_MPO,2017-09-23,2017,35.92907,-86.84196,False,0,0,0,,,,,,,,
101769197,Crashes_2010_2019_MPO,2017-09-23,2017,36.0422,-86.72652,False,0,0,0,,,,,,,,
101769917,Crashes_2010_2019_MPO,2017-09-23,2017,35.96681,-86.81119,True,0,0,0,,,,,,,,
101770151,Crashes_2010_2019_MPO,2017-09-23,2017,35.973,-86.80363,True,0,0,0,,,,,,,,
101770808,Crashes_2010_2019_MPO,2017-09-24,2017,35.94766,-86.81973,False,0,0,0,,,,,,,,
101771067,Crashes_2010_2019_MPO,2017-09-24,2017,36.04001,-86.74347,False,0,0,0,,,,,,,,
101770491,Crashes_2010_2019_MPO,2017-09-24,2017,36.03978,-86.74345,False,0,0,0,,,,,,,,
101770993,Crashes_2010_2019_MPO,2017-09-24,2017,35.96183,-86.70835,True,0,0,0,,,,,,,,
101770935,Crashes_2010_2019_MPO,2017-09-24,2017,36.04884,-86.71425,False,0,0,0,,,,,,,,
101771050,Crashes_2010_2019_MPO,2017-09-24,2017,36.05447,-86.71215,False,0,0,0,,,,,,,,
101770879,Crashes_2010_2019_MPO,2017-09-24,2017,36.03827,-86.7843,False,0,0,0,,,,,,,,
101771006,Crashes_2010_2019_MPO,2017-09-24,2017,36.02547,-86.71318,False,0,0,0,,,,,,,,
101770214,Crashes_2010_2019_MPO,2017-09-24,2017,36.04567,-86.77899,False,0,0,0,,,,,,,,
101770756,Crashes_2010_2019_MPO,2017-09-24,2017,36.03934,-86.78566,False,0,0,0,,,,,,,,
101770915,Crashes_2010_2019_MPO,2017-09-24,2017,36.01111,-86.70262,False,0,0,0,,,,,,,,
101771160,Crashes_2010_2019_MPO,2017-09-25,2017,35.94823,-86.85997,False,0,0,0,,,,,,,,
101771045,Crashes_2010_2019_MPO,2017-09-25,2017,35.965845,-86.804705,True,0,0,0,,,,,,,,
101771693,Crashes_2010_2019_MPO,2017-09-25,2017,36.03689,-86.8019,True,0,0,0,,,,,,,,
101771783,Crashes_2010_2019_MPO,2017-09-25,2017,35.96547,-86.82631,False,0,0,0,,,,,,,,
101772146,Crashes_2010_2019_MPO,2017-09-25,2017,36.03663,-86.78858,False,0,0,0,,,,,,,,
101771151,Crashes_2010_2019_MPO,2017-09-25,2017,36.04023,-86.75234,False,0,0,0,,,,,,,,
101771774,Crashes_2010_2019_MPO,2017-09-25,2017,35.92254,-86.87194,False,0,0,0,,,,,,,,
101771929,Crashes_2010_2019_MPO,2017-09-25,2017,35.98554,-86.73239,True,0,0,0,,,,,,,,
101772012,Crashes_2010_2019_MPO,2017-09-25,2017,35.92373,-86.76683,False,0,0,0,,,,,,,,
101772152,Crashes_2010_2019_MPO,2017-09-25,2017,35.99635,-86.79716,True,0,0,0,,,,,,,,
101771655,Crashes_2010_2019_MPO,2017-09-25,2017,36.03157,-86.74387,False,0,0,0,,,,,,,,
101771826,Crashes_2010_2019_MPO,2017-09-25,2017,35.99771,-86.79797,True,0,0,0,,,,,,,,
101772854,Crashes_2010_2019_MPO,2017-09-26,2017,35.94606,-86.81969,False,0,0,0,,,,,,,,
101772687,Crashes_2010_2019_MPO,2017-09-26,2017,35.9462,-86.80876,False,0,0,0,,,,,,,,
101772331,Crashes_2010_2019_MPO,2017-09-26,2017,36.02803,-86.71265,False,0,0,0,,,,,,,,
101773234,Crashes_2010_2019_MPO,2017-09-26,2017,35.9477,-86.82016,False,0,0,0,,,,,,,,
101772948,Crashes_2010_2019_MPO,2017-09-26,2017,36.04537,-86.71326,False,0,0,0,,,,,,,,
101776221,Crashes_2010_2019_MPO,2017-09-26,2017,35.9524,-86.81836,False,0,0,0,,,,,,,,
101772274,Crashes_2010_2019_MPO,2017-09-26,2017,35.98299,-86.71958,True,0,0,0,,,,,,,,
101773842,Crashes_2010_2019_MPO,2017-09-26,2017,35.96668,-86.81033,True,0,0,0,,,,,,,,
101772840,Crashes_2010_2019_MPO,2017-09-26,2017,35.99103,-86.68335,False,0,0,0,,,,,,,,
101772316,Crashes_2010_2019_MPO,2017-09-26,2017,35.92824,-86.82078,False,0,0,0,,,,,,,,
101775299,Crashes_2010_2019_MPO,2017-09-27,2017,35.99023,-86.68261,False,0,0,0,,,,,,,,
101773815,Crashes_2010_2019_MPO,2017-09-27,2017,36.05021,-86.8741,False,0,0,0,,,,,,,,
101774248,Crashes_2010_2019_MPO,2017-09-27,2017,36.04196,-86.7681,False,0,0,0,,,,,,,,
101773559,Crashes_2010_2019_MPO,2017-09-27,2017,36.0351,-86.78668,True,0,0,0,,,,,,,,
101775298,Crashes_2010_2019_MPO,2017-09-27,2017,35.99017,-86.68255,False,0,0,0,,,,,,,,
101774040,Crashes_2010_2019_MPO,2017-09-27,2017,36.04566,-86.70643,False,0,0,0,,,,,,,,
101773336,Crashes_2010_2019_MPO,2017-09-27,2017,36.03818,-86.78375,False,0,0,0,,,,,,,,
101775705,Crashes_2010_2019_MPO,2017-09-27,2017,35.97334,-86.83305,True,0,0,0,,,,,,,,
101773945,Crashes_2010_2019_MPO,2017-09-27,2017,35.93518,-86.81091,False,0,0,0,,,,,,,,
101773285,Crashes_2010_2019_MPO,2017-09-27,2017,36.04114,-86.77621,False,0,0,0,,,,,,,,
101773734,Crashes_2010_2019_MPO,2017-09-27,2017,35.93373,-86.81796,False,0,0,0,,,,,,,,
101773331,Crashes_2010_2019_MPO,2017-09-27,2017,36.04064,-86.74363,False,0,0,0,,,,,,,,
101773443,Crashes_2010_2019_MPO,2017-09-27,2017,36.02174,-86.78703,True,0,0,0,,,,,,,,
101775215,Crashes_2010_2019_MPO,2017-09-27,2017,35.9516,-86.8479,False,0,0,0,,,,,,,,
101773311,Crashes_2010_2019_MPO,2017-09-27,2017,35.99425,-86.79788,True,0,0,0,,,,,,,,
101776366,Crashes_2010_2019_MPO,2017-09-27,2017,35.95672,-86.81513,False,0,0,0,,,,,,,,
101774843,Crashes_2010_2019_MPO,2017-09-28,2017,36.03797,-86.79777,False,0,0,0,,,,,,,,
101774586,Crashes_2010_2019_MPO,2017-09-28,2017,36.03761,-86.78512,False,0,0,0,,,,,,,,
101774971,Crashes_2010_2019_MPO,2017-09-28,2017,35.98564,-86.73301,True,0,0,0,,,,,,,,
101774676,Crashes_2010_2019_MPO,2017-09-28,2017,35.94995,-86.81324,False,0,0,0,,,,,,,,
101774857,Crashes_2010_2019_MPO,2017-09-28,2017,36.03821,-86.8009,False,0,0,0,,,,,,,,
101774432,Crashes_2010_2019_MPO,2017-09-28,2017,36.03883,-86.78289,False,0,0,0,,,,,,,,
101775217,Crashes_2010_2019_MPO,2017-09-28,2017,35.99922,-86.80923,True,0,0,0,,,,,,,,
101774365,Crashes_2010_2019_MPO,2017-09-28,2017,35.94199,-86.87824,False,0,0,0,,,,,,,,
101775030,Crashes_2010_2019_MPO,2017-09-28,2017,35.99786,-86.79935,True,0,0,0,,,,,,,,
101776367,Crashes_2010_2019_MPO,2017-09-28,2017,35.94612,-86.82346,False,0,0,0,,,,,,,,
101776365,Crashes_2010_2019_MPO,2017-09-28,2017,35.94734,-86.81967,False,0,0,0,,,,,,,,
101774441,Crashes_2010_2019_MPO,2017-09-28,2017,36.04561,-86.71977,False,0,0,0,,,,,,,,
101774758,Crashes_2010_2019_MPO,2017-09-28,2017,36.04012,-86.78074,False,0,0,0,,,,,,,,
101776216,Crashes_2010_2019_MPO,2017-09-29,2017,35.95025,-86.8188,False,0,0,0,,,,,,,,
101776701,Crashes_2010_2019_MPO,2017-09-29,2017,36.02513,-86.68924,False,0,0,0,,,,,,,,
101775504,Crashes_2010_2019_MPO,2017-09-29,2017,36.00821,-86.78035,True,0,0,0,,,,,,,,