record_no,source_layer,collision_ts,crash_year,latitude,longitude,in_city,fatalities,non_motorists,truck_involved,serious_injuries,pedestrian,bicycle,crash_type,manner_of_collision,lighting,weather,first_harmful_event
101775456,Crashes_2010_2019_MPO,2017-09-29,2017,35.99728,-86.79451,True,0,0,0,,,,,,,,
101776270,Crashes_2010_2019_MPO,2017-09-29,2017,36.04102,-86.74625,False,0,0,0,,,,,,,,
101776539,Crashes_2010_2019_MPO,2017-09-29,2017,36.04208,-86.83518,False,0,0,0,,,,,,,,
101775929,Crashes_2010_2019_MPO,2017-09-29,2017,35.92957,-86.84187,False,0,0,0,,,,,,,,
101776504,Crashes_2010_2019_MPO,2017-09-29,2017,35.94091,-86.83494,False,0,0,0,,,,,,,,
101780079,Crashes_2010_2019_MPO,2017-09-29,2017,35.92409,-86.8694,False,0,0,0,,,,,,,,
101776562,Crashes_2010_2019_MPO,2017-09-29,2017,35.93925,-86.85753,False,0,0,0,,,,,,,,
101777574,Crashes_2010_2019_MPO,2017-09-30,2017,36.02442,-86.72332,False,0,0,0,,,,,,,,
101776961,Crashes_2010_2019_MPO,2017-09-30,2017,35.96035,-86.77,True,0,0,0,,,,,,,,
101777446,Crashes_2010_2019_MPO,2017-09-30,2017,35.99105,-86.68336,False,0,0,0,,,,,,,,
101777569,Crashes_2010_2019_MPO,2017-09-30,2017,36.00874,-86.78613,True,0,0,0,,,,,,,,
101777824,Crashes_2010_2019_MPO,2017-09-30,2017,35.94699,-86.81151,False,0,0,0,,,,,,,,
101777392,Crashes_2010_2019_MPO,2017-09-30,2017,35.94612,-86.82346,False,0,0,0,,,,,,,,
101776783,Crashes_2010_2019_MPO,2017-09-30,2017,35.95689,-86.80329,False,0,0,0,,,,,,,,
101777651,Crashes_2010_2019_MPO,2017-09-30,2017,36.04543,-86.71258,False,0,0,0,,,,,,,,
101776984,Crashes_2010_2019_MPO,2017-09-30,2017,35.96995,-86.82058,True,0,0,0,,,,,,,,
101777916,Crashes_2010_2019_MPO,2017-09-30,2017,35.96498,-86.8002,True,0,0,0,,,,,,,,
101778131,Crashes_2010_2019_MPO,2017-10-01,2017,36.04324,-86.71302,False,0,0,0,,,,,,,,
101779153,Crashes_2010_2019_MPO,2017-10-01,2017,35.96511,-86.79535,True,0,0,0,,,,,,,,
101777844,Crashes_2010_2019_MPO,2017-10-01,2017,36.04399,-86.71958,False,0,0,0,,,,,,,,
101777785,Crashes_2010_2019_MPO,2017-10-01,2017,36.04561,-86.71697,False,0,0,0,,,,,,,,
101779154,Crashes_2010_2019_MPO,2017-10-01,2017,36.01417,-86.78531,True,0,0,0,,,,,,,,
101778012,Crashes_2010_2019_MPO,2017-10-01,2017,35.9583,-86.8023,False,0,0,0,,,,,,,,
101779480,Crashes_2010_2019_MPO,2017-10-02,2017,36.04652,-86.8593,False,0,0,0,,,,,,,,
101779541,Crashes_2010_2019_MPO,2017-10-02,2017,36.04539,-86.70312,False,0,0,0,,,,,,,,
101779622,Crashes_2010_2019_MPO,2017-10-02,2017,36.04393,-86.6933,False,0,0,0,,,,,,,,
101778743,Crashes_2010_2019_MPO,2017-10-02,2017,36.03302,-86.78891,True,0,0,0,,,,,,,,
101783056,Crashes_2010_2019_MPO,2017-10-02,2017,35.97715,-86.67813,False,0,0,0,,,,,,,,
101803281,Crashes_2010_2019_MPO,2017-10-02,2017,36.04829,-86.86631,False,0,0,0,,,,,,,,
101787949,Crashes_2010_2019_MPO,2017-10-02,2017,35.98635,-86.73664,True,0,0,1,,,,,,,,
101779251,Crashes_2010_2019_MPO,2017-10-02,2017,36.01808,-86.82094,True,0,0,0,,,,,,,,
101779254,Crashes_2010_2019_MPO,2017-10-02,2017,36.0453,-86.70168,False,0,0,0,,,,,,,,
101779327,Crashes_2010_2019_MPO,2017-10-02,2017,35.96458,-86.8144,False,0,0,0,,,,,,,,
101779272,Crashes_2010_2019_MPO,2017-10-02,2017,35.96688,-86.808976,True,0,0,0,,,,,,,,
101780332,Crashes_2010_2019_MPO,2017-10-03,2017,35.94616,-86.80856,False,0,0,0,,,,,,,,
101780243,Crashes_2010_2019_MPO,2017-10-03,2017,36.03501,-86.7152,False,0,0,0,,,,,,,,
101779794,Crashes_2010_2019_MPO,2017-10-03,2017,36.05484,-86.72906,False,0,0,0,,,,,,,,
101780392,Crashes_2010_2019_MPO,2017-10-03,2017,35.9971,-86.69021,False,0,0,0,,,,,,,,
101780684,Crashes_2010_2019_MPO,2017-10-03,2017,35.97102,-86.67835,False,0,0,0,,,,,,,,
101780333,Crashes_2010_2019_MPO,2017-10-03,2017,35.9552,-86.80393,False,0,0,0,,,,,,,,
101780340,Crashes_2010_2019_MPO,2017-10-03,2017,36.04573,-86.85543,False,0,0,0,,,,,,,,
101780620,Crashes_2010_2019_MPO,2017-10-03,2017,36.0227,-86.78675,True,0,0,0,,,,,,,,
101780434,Crashes_2010_2019_MPO,2017-10-03,2017,35.94747,-86.82023,False,0,0,0,,,,,,,,
101779945,Crashes_2010_2019_MPO,2017-10-03,2017,35.94652,-86.81017,False,0,0,0,,,,,,,,
101780178,Crashes_2010_2019_MPO,2017-10-03,2017,35.94768,-86.83645,False,0,0,0,,,,,,,,
101780331,Crashes_2010_2019_MPO,2017-10-03,2017,35.96707,-86.81354,True,0,0,0,,,,,,,,
101780868,Crashes_2010_2019_MPO,2017-10-03,2017,36.04524,-86.71678,False,1,1,0,,,,,,,,
101783052,Crashes_2010_2019_MPO,2017-10-03,2017,35.99761,-86.797,True,0,0,0,,,,,,,,
101779760,Crashes_2010_2019_MPO,2017-10-03,2017,35.95198,-86.81788,False,0,0,0,,,,,,,,
101781432,Crashes_2010_2019_MPO,2017-10-03,2017,35.93998,-86.85702,False,0,0,0,,,,,,,,
101782045,Crashes_2010_2019_MPO,2017-10-04,2017,35.96367,-86.81052,False,0,0,0,,,,,,,,
101832756,Crashes_2010_2019_MPO,2017-10-04,2017,36.03599,-86.78286,False,0,0,0,,,,,,,,
101781242,Crashes_2010_2019_MPO,2017-10-04,2017,36.0343,-86.79174,True,0,0,0,,,,,,,,
101780709,Crashes_2010_2019_MPO,2017-10-04,2017,36.02484,-86.74237,False,0,0,0,,,,,,,,
101781003,Crashes_2010_2019_MPO,2017-10-04,2017,35.94636,-86.80871,False,0,0,0,,,,,,,,
101781629,Crashes_2010_2019_MPO,2017-10-04,2017,36.04476,-86.7811,False,0,0,0,,,,,,,,
101782072,Crashes_2010_2019_MPO,2017-10-04,2017,35.92419,-86.824,False,0,0,0,,,,,,,,
101781548,Crashes_2010_2019_MPO,2017-10-04,2017,36.03926,-86.78213,False,0,0,0,,,,,,,,
101781461,Crashes_2010_2019_MPO,2017-10-04,2017,36.01978,-86.74213,False,0,0,0,,,,,,,,
101782066,Crashes_2010_2019_MPO,2017-10-04,2017,35.9921,-86.79862,True,0,0,0,,,,,,,,
101781813,Crashes_2010_2019_MPO,2017-10-04,2017,35.99601,-86.78419,True,0,0,0,,,,,,,,
101781196,Crashes_2010_2019_MPO,2017-10-04,2017,36.01175,-86.70316,False,0,0,0,,,,,,,,
101780835,Crashes_2010_2019_MPO,2017-10-04,2017,36.03614,-86.79498,True,0,0,0,,,,,,,,
101780725,Crashes_2010_2019_MPO,2017-10-04,2017,35.94928,-86.75291,True,0,0,0,,,,,,,,
101786034,Crashes_2010_2019_MPO,2017-10-04,2017,35.93241,-86.82377,False,0,0,0,,,,,,,,
101780925,Crashes_2010_2019_MPO,2017-10-04,2017,36.04114,-86.77621,False,0,0,0,,,,,,,,
101780869,Crashes_2010_2019_MPO,2017-10-04,2017,36.05323,-86.73387,False,0,0,0,,,,,,,,
101783423,Crashes_2010_2019_MPO,2017-10-05,2017,35.97877,-86.75289,True,0,0,0,,,,,,,,
101789599,Crashes_2010_2019_MPO,2017-10-05,2017,35.96133,-86.81226,False,0,0,0,,,,,,,,
101781806,Crashes_2010_2019_MPO,2017-10-05,2017,36.04549,-86.71195,False,0,0,0,,,,,,,,
101781984,Crashes_2010_2019_MPO,2017-10-05,2017,36.03156,-86.71265,False,0,0,0,,,,,,,,
101781889,Crashes_2010_2019_MPO,2017-10-05,2017,35.99334,-86.69969,True,0,0,0,,,,,,,,
101782550,Crashes_2010_2019_MPO,2017-10-05,2017,35.96173,-86.80183,True,0,0,0,,,,,,,,
101781941,Crashes_2010_2019_MPO,2017-10-05,2017,35.96312,-86.81897,True,0,0,0,,,,,,,,
101782557,Crashes_2010_2019_MPO,2017-10-05,2017,36.0384,-86.78265,False,0,0,0,,,,,,,,
101782549,Crashes_2010_2019_MPO,2017-10-05,2017,36.04371,-86.84473,False,0,0,0,,,,,,,,
101781901,Crashes_2010_2019_MPO,2017-10-05,2017,35.94686,-86.81163,False,0,0,0,,,,,,,,
101781850,Crashes_2010_2019_MPO,2017-10-05,2017,35.94884,-86.74827,True,0,0,0,,,,,,,,
101782296,Crashes_2010_2019_MPO,2017-10-05,2017,35.92919,-86.82044,False,0,0,0,,,,,,,,
101781871,Crashes_2010_2019_MPO,2017-10-05,2017,36.03201,-86.76335,False,0,0,0,,,,,,,,
101782803,Crashes_2010_2019_MPO,2017-10-05,2017,36.04081,-86.7128,False,0,0,0,,,,,,,,
101783992,Crashes_2010_2019_MPO,2017-10-06,2017,36.03817,-86.78637,False,0,0,0,,,,,,,,
101784194,Crashes_2010_2019_MPO,2017-10-06,2017,35.95868,-86.80218,False,0,0,0,,,,,,,,
101783204,Crashes_2010_2019_MPO,2017-10-06,2017,35.99922,-86.80923,True,0,0,0,,,,,,,,
101784066,Crashes_2010_2019_MPO,2017-10-06,2017,35.99695,-86.7972,True,0,0,0,,,,,,,,
101783922,Crashes_2010_2019_MPO,2017-10-06,2017,36.00212,-86.79294,True,0,0,0,,,,,,,,
101784191,Crashes_2010_2019_MPO,2017-10-06,2017,36.00344,-86.71836,True,0,0,0,,,,,,,,
101782997,Crashes_2010_2019_MPO,2017-10-06,2017,36.03211,-86.76433,False,0,0,0,,,,,,,,
101783925,Crashes_2010_2019_MPO,2017-10-06,2017,35.99282,-86.68499,False,0,0,0,,,,,,,,
101783753,Crashes_2010_2019_MPO,2017-10-06,2017,36.04001,-86.74347,False,0,0,0,,,,,,,,
101783425,Crashes_2010_2019_MPO,2017-10-06,2017,35.92957,-86.84187,False,0,0,0,,,,,,,,
101783762,Crashes_2010_2019_MPO,2017-10-06,2017,35.96062,-86.85345,False,0,0,0,,,,,,,,
101784827,Crashes_2010_2019_MPO,2017-10-06,2017,35.9476,-86.81406,False,0,0,0,,,,,,,,
101786766,Crashes_2010_2019_MPO,2017-10-06,2017,35.98129,-86.82204,True,0,0,1,,,,,,,,
101783250,Crashes_2010_2019_MPO,2017-10-06,2017,36.02113,-86.78801,True,0,0,0,,,,,,,,
101784836,Crashes_2010_2019_MPO,2017-10-06,2017,35.99808,-86.80984,True,0,0,0,,,,,,,,
101784065,Crashes_2010_2019_MPO,2017-10-06,2017,35.99438,-86.77869,True,0,0,0,,,,,,,,
101783592,Crashes_2010_2019_MPO,2017-10-06,2017,36.0172,-86.70716,False,0,0,0,,,,,,,,
101784021,Crashes_2010_2019_MPO,2017-10-06,2017,36.0014,-86.7937,True,0,0,0,,,,,,,,
101784067,Crashes_2010_2019_MPO,2017-10-06,2017,35.98461,-86.72537,True,0,0,0,,,,,,,,
101784847,Crashes_2010_2019_MPO,2017-10-06,2017,36.00655,-86.80537,True,0,0,0,,,,,,,,
101783847,Crashes_2010_2019_MPO,2017-10-06,2017,35.9666,-86.80978,True,0,0,0,,,,,,,,
101782944,Crashes_2010_2019_MPO,2017-10-06,2017,35.97291,-86.85977,False,0,0,0,,,,,,,,
101784894,Crashes_2010_2019_MPO,2017-10-07,2017,36.01091,-86.78496,True,0,0,0,,,,,,,,
101785518,Crashes_2010_2019_MPO,2017-10-07,2017,36.03948,-86.78177,False,0,0,0,,,,,,,,
101784810,Crashes_2010_2019_MPO,2017-10-07,2017,35.9878,-86.8467,False,0,0,0,,,,,,,,
101784637,Crashes_2010_2019_MPO,2017-10-07,2017,35.98074,-86.85564,False,0,0,0,,,,,,,,
101784861,Crashes_2010_2019_MPO,2017-10-07,2017,36.0236,-86.68845,False,0,0,0,,,,,,,,
101784679,Crashes_2010_2019_MPO,2017-10-07,2017,36.03384,-86.76879,False,0,0,0,,,,,,,,
101784598,Crashes_2010_2019_MPO,2017-10-07,2017,36.03775,-86.78473,False,0,0,0,,,,,,,,
101784581,Crashes_2010_2019_MPO,2017-10-07,2017,36.0485,-86.72451,False,0,0,0,,,,,,,,
101784851,Crashes_2010_2019_MPO,2017-10-07,2017,36.04533,-86.70215,False,0,0,0,,,,,,,,
101784989,Crashes_2010_2019_MPO,2017-10-07,2017,36.03323,-86.71135,False,0,0,0,,,,,,,,
101785046,Crashes_2010_2019_MPO,2017-10-07,2017,35.95779,-86.80256,False,0,0,0,,,,,,,,
101785409,Crashes_2010_2019_MPO,2017-10-07,2017,35.95788,-86.81604,False,0,0,0,,,,,,,,
101785600,Crashes_2010_2019_MPO,2017-10-08,2017,36.03986,-86.7414,False,0,0,0,,,,,,,,
101785984,Crashes_2010_2019_MPO,2017-10-08,2017,36.04161,-86.74925,False,0,0,0,,,,,,,,
101786102,Crashes_2010_2019_MPO,2017-10-08,2017,35.96763,-86.81857,True,0,0,0,,,,,,,,
101786825,Crashes_2010_2019_MPO,2017-10-08,2017,36.03175,-86.78961,True,0,0,0,,,,,,,,
101785843,Crashes_2010_2019_MPO,2017-10-08,2017,36.0147,-86.69984,False,0,0,0,,,,,,,,
101785267,Crashes_2010_2019_MPO,2017-10-08,2017,36.05291,-86.68746,False,0,0,0,,,,,,,,
101785933,Crashes_2010_2019_MPO,2017-10-08,2017,36.03201,-86.75659,False,0,0,0,,,,,,,,
101785332,Crashes_2010_2019_MPO,2017-10-08,2017,35.93495,-86.7769,False,0,0,0,,,,,,,,
101785613,Crashes_2010_2019_MPO,2017-10-08,2017,36.0397,-86.75982,False,0,0,0,,,,,,,,
101786062,Crashes_2010_2019_MPO,2017-10-08,2017,36.0243,-86.74239,False,0,0,0,,,,,,,,
101785325,Crashes_2010_2019_MPO,2017-10-08,2017,36.04796,-86.75701,False,0,0,0,,,,,,,,
101785280,Crashes_2010_2019_MPO,2017-10-08,2017,36.03658,-86.7837,False,0,0,1,,,,,,,,
101786041,Crashes_2010_2019_MPO,2017-10-08,2017,35.95724,-86.81662,False,0,0,0,,,,,,,,
101786704,Crashes_2010_2019_MPO,2017-10-09,2017,35.94493,-86.87874,False,0,0,0,,,,,,,,
101786800,Crashes_2010_2019_MPO,2017-10-09,2017,36.0374,-86.78657,False,0,0,0,,,,,,,,
101786438,Crashes_2010_2019_MPO,2017-10-09,2017,35.95845,-86.87714,False,0,0,0,,,,,,,,
101786977,Crashes_2010_2019_MPO,2017-10-09,2017,35.93101,-86.87649,False,0,0,0,,,,,,,,
101786213,Crashes_2010_2019_MPO,2017-10-09,2017,36.03358,-86.78045,True,0,0,0,,,,,,,,
101786743,Crashes_2010_2019_MPO,2017-10-09,2017,36.0095,-86.70166,False,0,0,0,,,,,,,,
101787256,Crashes_2010_2019_MPO,2017-10-09,2017,35.92645,-86.82495,False,0,0,0,,,,,,,,
101786490,Crashes_2010_2019_MPO,2017-10-09,2017,35.96653,-86.80932,True,0,0,0,,,,,,,,
101786957,Crashes_2010_2019_MPO,2017-10-09,2017,36.04658,-86.68339,False,0,0,0,,,,,,,,
101786950,Crashes_2010_2019_MPO,2017-10-09,2017,36.04555,-86.71328,False,0,0,0,,,,,,,,
101786273,Crashes_2010_2019_MPO,2017-10-09,2017,36.03601,-86.78719,True,0,0,0,,,,,,,,
101786759,Crashes_2010_2019_MPO,2017-10-09,2017,35.94056,-86.83296,False,0,0,0,,,,,,,,
101786848,Crashes_2010_2019_MPO,2017-10-09,2017,35.99107,-86.77834,True,0,0,0,,,,,,,,
101786907,Crashes_2010_2019_MPO,2017-10-09,2017,36.04546,-86.77929,False,0,0,0,,,,,,,,
101786219,Crashes_2010_2019_MPO,2017-10-09,2017,36.01419,-86.80774,True,0,0,0,,,,,,,,
101786338,Crashes_2010_2019_MPO,2017-10-09,2017,36.00417,-86.79083,True,0,0,0,,,,,,,,
101788500,Crashes_2010_2019_MPO,2017-10-10,2017,35.9577,-86.80262,False,0,0,0,,,,,,,,
101789287,Crashes_2010_2019_MPO,2017-10-10,2017,35.94626,-86.82315,False,0,0,0,,,,,,,,
101787571,Crashes_2010_2019_MPO,2017-10-10,2017,35.96663,-86.80999,True,0,0,0,,,,,,,,
101787151,Crashes_2010_2019_MPO,2017-10-10,2017,35.97682,-86.82586,True,0,0,0,,,,,,,,
101787884,Crashes_2010_2019_MPO,2017-10-10,2017,35.95824,-86.80206,False,0,0,0,,,,,,,,
101787167,Crashes_2010_2019_MPO,2017-10-10,2017,35.93374,-86.81767,False,0,0,0,,,,,,,,
101787732,Crashes_2010_2019_MPO,2017-10-10,2017,36.01724,-86.79777,True,0,0,0,,,,,,,,
101787611,Crashes_2010_2019_MPO,2017-10-10,2017,35.96494,-86.79371,True,0,0,0,,,,,,,,
101788181,Crashes_2010_2019_MPO,2017-10-11,2017,36.030791,-86.74722,False,0,0,0,,,,,,,,
101788684,Crashes_2010_2019_MPO,2017-10-11,2017,35.94919,-86.81946,False,0,0,0,,,,,,,,
101788095,Crashes_2010_2019_MPO,2017-10-11,2017,36.0374,-86.78657,False,0,0,0,,,,,,,,
101791456,Crashes_2010_2019_MPO,2017-10-11,2017,35.94814,-86.81751,False,0,0,0,,,,,,,,
101788129,Crashes_2010_2019_MPO,2017-10-11,2017,35.97776,-86.80359,True,0,0,0,,,,,,,,
101788198,Crashes_2010_2019_MPO,2017-10-11,2017,36.03739,-86.78669,False,0,0,0,,,,,,,,
101791013,Crashes_2010_2019_MPO,2017-10-12,2017,35.9479,-86.81943,False,0,0,0,,,,,,,,
101789592,Crashes_2010_2019_MPO,2017-10-12,2017,35.95212,-86.81784,False,0,0,0,,,,,,,,
101788938,Crashes_2010_2019_MPO,2017-10-12,2017,36.0417,-86.72113,False,0,0,0,,,,,,,,
101794830,Crashes_2010_2019_MPO,2017-10-12,2017,36.03319,-86.7876,True,0,0,0,,,,,,,,
101789291,Crashes_2010_2019_MPO,2017-10-12,2017,36.0417,-86.82395,False,0,0,0,,,,,,,,
101789782,Crashes_2010_2019_MPO,2017-10-12,2017,36.01228,-86.68783,False,0,0,0,,,,,,,,
101789560,Crashes_2010_2019_MPO,2017-10-12,2017,36.03604,-86.71332,False,0,0,0,,,,,,,,
101789383,Crashes_2010_2019_MPO,2017-10-12,2017,35.97281,-86.837,False,0,0,0,,,,,,,,
101789373,Crashes_2010_2019_MPO,2017-10-12,2017,35.94558,-86.81475,False,0,0,0,,,,,,,,
101789450,Crashes_2010_2019_MPO,2017-10-12,2017,35.94713,-86.82026,False,0,0,0,,,,,,,,
101789500,Crashes_2010_2019_MPO,2017-10-12,2017,35.96658,-86.80966,True,0,0,0,,,,,,,,
101789856,Crashes_2010_2019_MPO,2017-10-13,2017,35.99778,-86.69116,False,0,0,0,,,,,,,,
101789886,Crashes_2010_2019_MPO,2017-10-13,2017,36.0343,-86.79174,True,0,0,0,,,,,,,,
101791231,Crashes_2010_2019_MPO,2017-10-13,2017,36.04476,-86.7811,False,0,0,0,,,,,,,,
101793567,Crashes_2010_2019_MPO,2017-10-13,2017,36.01761,-86.76289,True,0,0,0,,,,,,,,
101791741,Crashes_2010_2019_MPO,2017-10-13,2017,36.036,-86.78863,True,0,0,0,,,,,,,,
101789892,Crashes_2010_2019_MPO,2017-10-13,2017,36.00108,-86.74286,True,0,0,0,,,,,,,,
101791015,Crashes_2010_2019_MPO,2017-10-13,2017,35.95958,-86.80988,False,0,0,0,,,,,,,,
101791198,Crashes_2010_2019_MPO,2017-10-13,2017,36.01978,-86.74213,False,0,0,0,,,,,,,,
101796468,Crashes_2010_2019_MPO,2017-10-13,2017,36.01593,-86.78607,True,0,0,0,,,,,,,,
101793055,Crashes_2010_2019_MPO,2017-10-13,2017,35.96518,-86.80029,True,0,0,0,,,,,,,,
101791490,Crashes_2010_2019_MPO,2017-10-13,2017,36.04064,-86.77149,False,0,0,0,,,,,,,,
101792357,Crashes_2010_2019_MPO,2017-10-14,2017,35.93054,-86.82421,False,0,0,0,,,,,,,,
101795110,Crashes_2010_2019_MPO,2017-10-14,2017,36.04546,-86.69345,False,0,0,0,,,,,,,,
101792155,Crashes_2010_2019_MPO,2017-10-14,2017,35.9658,-86.80569,True,0,0,0,,,,,,,,
101792561,Crashes_2010_2019_MPO,2017-10-14,2017,35.93435,-86.86109,False,0,0,0,,,,,,,,
101792556,Crashes_2010_2019_MPO,2017-10-14,2017,36.04559,-86.71961,False,0,0,0,,,,,,,,
101791994,Crashes_2010_2019_MPO,2017-10-14,2017,35.92738,-86.8687,False,0,0,0,,,,,,,,
101793067,Crashes_2010_2019_MPO,2017-10-15,2017,35.96683,-86.81134,True,0,0,0,,,,,,,,
101793046,Crashes_2010_2019_MPO,2017-10-15,2017,36.0223,-86.84837,True,0,0,0,,,,,,,,
101793276,Crashes_2010_2019_MPO,2017-10-15,2017,35.93555,-86.82356,False,0,0,0,,,,,,,,
101793107,Crashes_2010_2019_MPO,2017-10-15,2017,36.04094,-86.7437,False,0,0,0,,,,,,,,
101792759,Crashes_2010_2019_MPO,2017-10-15,2017,36.04001,-86.74347,False,0,0,0,,,,,,,,
101801361,Crashes_2010_2019_MPO,2017-10-15,2017,35.96458,-86.8144,False,0,0,0,,,,,,,,
101794145,Crashes_2010_2019_MPO,2017-10-16,2017,35.94114,-86.83623,False,0,0,0,,,,,,,,
101794344,Crashes_2010_2019_MPO,2017-10-16,2017,35.95899,-86.81594,False,0,0,0,,,,,,,,
101794144,Crashes_2010_2019_MPO,2017-10-16,2017,35.94858,-86.80761,False,0,0,0,,,,,,,,
101793528,Crashes_2010_2019_MPO,2017-10-16,2017,36.04084,-86.77347,False,0,0,1,,,,,,,,
101794220,Crashes_2010_2019_MPO,2017-10-16,2017,36.03911,-86.70879,False,0,0,0,,,,,,,,
101794195,Crashes_2010_2019_MPO,2017-10-16,2017,36.04531,-86.71743,False,0,0,0,,,,,,,,
101794233,Crashes_2010_2019_MPO,2017-10-16,2017,36.01775,-86.78633,True,0,0,0,,,,,,,,
101799873,Crashes_2010_2019_MPO,2017-10-16,2017,35.98642,-86.80058,True,0,0,0,,,,,,,,
101793568,Crashes_2010_2019_MPO,2017-10-16,2017,36.00835,-86.83134,True,0,1,0,,,,,,,,
101793636,Crashes_2010_2019_MPO,2017-10-16,2017,36.04696,-86.71345,False,0,0,0,,,,,,,,
101793750,Crashes_2010_2019_MPO,2017-10-16,2017,36.03282,-86.80905,True,0,0,0,,,,,,,,
101794169,Crashes_2010_2019_MPO,2017-10-16,2017,36.0352,-86.78304,False,0,0,0,,,,,,,,
101794219,Crashes_2010_2019_MPO,2017-10-16,2017,36.04026,-86.8164,False,0,0,0,,,,,,,,
101794009,Crashes_2010_2019_MPO,2017-10-16,2017,36.05049,-86.87668,False,0,0,0,,,,,,,,
101793645,Crashes_2010_2019_MPO,2017-10-16,2017,36.03327,-86.7839,True,0,0,0,,,,,,,,
101794202,Crashes_2010_2019_MPO,2017-10-16,2017,36.03657,-86.80128,True,0,1,0,,,,,,,,
101794174,Crashes_2010_2019_MPO,2017-10-16,2017,36.0014,-86.69569,False,0,0,0,,,,,,,,
101794030,Crashes_2010_2019_MPO,2017-10-16,2017,35.94772,-86.81938,False,0,0,0,,,,,,,,
101794999,Crashes_2010_2019_MPO,2017-10-17,2017,35.96181,-86.81434,False,0,0,0,,,,,,,,
101794418,Crashes_2010_2019_MPO,2017-10-17,2017,35.94711,-86.81895,False,0,0,0,,,,,,,,
101795202,Crashes_2010_2019_MPO,2017-10-17,2017,35.92641,-86.82453,False,0,0,0,,,,,,,,
101795123,Crashes_2010_2019_MPO,2017-10-17,2017,36.033198,-86.785278,True,0,0,0,,,,,,,,
101794922,Crashes_2010_2019_MPO,2017-10-17,2017,35.9583,-86.8023,False,0,0,0,,,,,,,,
101794959,Crashes_2010_2019_MPO,2017-10-17,2017,35.96326,-86.80861,False,0,0,0,,,,,,,,
101794656,Crashes_2010_2019_MPO,2017-10-17,2017,36.04164,-86.78243,False,0,0,0,,,,,,,,
101795166,Crashes_2010_2019_MPO,2017-10-17,2017,35.99606,-86.69071,False,0,0,0,,,,,,,,
101794578,Crashes_2010_2019_MPO,2017-10-17,2017,35.97176,-86.80566,True,0,0,0,,,,,,,,
101795450,Crashes_2010_2019_MPO,2017-10-17,2017,36.04655,-86.67806,False,0,0,0,,,,,,,,
101794823,Crashes_2010_2019_MPO,2017-10-17,2017,36.05399,-86.77549,False,0,0,0,,,,,,,,
101794651,Crashes_2010_2019_MPO,2017-10-17,2017,35.99569,-86.68762,False,0,0,0,,,,,,,,
101794559,Crashes_2010_2019_MPO,2017-10-17,2017,36.03318,-86.78282,True,0,0,0,,,,,,,,
101796227,Crashes_2010_2019_MPO,2017-10-18,2017,36.04127,-86.7776,False,0,0,0,,,,,,,,
101795617,Crashes_2010_2019_MPO,2017-10-18,2017,36.02606,-86.87904,False,0,0,0,,,,,,,,
101796207,Crashes_2010_2019_MPO,2017-10-18,2017,36.04516,-86.6996,False,0,0,0,,,,,,,,
101796419,Crashes_2010_2019_MPO,2017-10-18,2017,36.03756,-86.78253,False,0,0,0,,,,,,,,
101796217,Crashes_2010_2019_MPO,2017-10-18,2017,36.03643,-86.786958,False,0,0,0,,,,,,,,
101796251,Crashes_2010_2019_MPO,2017-10-18,2017,35.92304,-86.81684,False,0,0,0,,,,,,,,
101795590,Crashes_2010_2019_MPO,2017-10-18,2017,36.03764,-86.78502,False,0,0,0,,,,,,,,
101796471,Crashes_2010_2019_MPO,2017-10-18,2017,36.03899,-86.78258,False,0,0,0,,,,,,,,
101796206,Crashes_2010_2019_MPO,2017-10-18,2017,35.99862,-86.80577,True,0,0,0,,,,,,,,
101796183,Crashes_2010_2019_MPO,2017-10-18,2017,36.04537,-86.71326,False,0,0,0,,,,,,,,
101796235,Crashes_2010_2019_MPO,2017-10-18,2017,36.03914,-86.74342,False,0,0,0,,,,,,,,
101796452,Crashes_2010_2019_MPO,2017-10-18,2017,36.00209,-86.79298,True,0,0,0,,,,,,,,
101796483,Crashes_2010_2019_MPO,2017-10-18,2017,36.05379,-86.77595,False,0,0,0,,,,,,,,
101796246,Crashes_2010_2019_MPO,2017-10-18,2017,35.99758,-86.79683,True,0,0,0,,,,,,,,
101795541,Crashes_2010_2019_MPO,2017-10-18,2017,35.93439,-86.79459,False,0,0,0,,,,,,,,
101796777,Crashes_2010_2019_MPO,2017-10-18,2017,35.92914,-86.84577,False,0,0,0,,,,,,,,
101796866,Crashes_2010_2019_MPO,2017-10-19,2017,36.0397,-86.75982,False,0,0,0,,,,,,,,
101797955,Crashes_2010_2019_MPO,2017-10-19,2017,36.04802,-86.71358,False,0,0,0,,,,,,,,
101797238,Crashes_2010_2019_MPO,2017-10-19,2017,35.998262,-86.803453,True,0,0,0,,,,,,,,
101796830,Crashes_2010_2019_MPO,2017-10-19,2017,36.03255,-86.71621,False,0,0,0,,,,,,,,
101797412,Crashes_2010_2019_MPO,2017-10-19,2017,36.04522,-86.71479,False,0,0,0,,,,,,,,
101797246,Crashes_2010_2019_MPO,2017-10-19,2017,36.031995,-86.78807,True,0,0,0,,,,,,,,
101797033,Crashes_2010_2019_MPO,2017-10-19,2017,36.03112,-86.75126,False,0,0,0,,,,,,,,
101797009,Crashes_2010_2019_MPO,2017-10-19,2017,35.99689,-86.79697,True,0,0,0,,,,,,,,
101796637,Crashes_2010_2019_MPO,2017-10-19,2017,35.92775,-86.86563,False,0,0,0,,,,,,,,
101797599,Crashes_2010_2019_MPO,2017-10-19,2017,36.04465,-86.72502,False,0,0,0,,,,,,,,
101797592,Crashes_2010_2019_MPO,2017-10-19,2017,35.99592,-86.68851,False,0,0,0,,,,,,,,
101796733,Crashes_2010_2019_MPO,2017-10-19,2017,36.03821,-86.8009,False,0,0,0,,,,,,,,
101797031,Crashes_2010_2019_MPO,2017-10-19,2017,36.0309,-86.74885,False,0,0,0,,,,,,,,
101796623,Crashes_2010_2019_MPO,2017-10-19,2017,36.01289,-86.80078,True,0,0,0,,,,,,,,