record_no,source_layer,collision_ts,crash_year,latitude,longitude,in_city,fatalities,non_motorists,truck_involved,serious_injuries,pedestrian,bicycle,crash_type,manner_of_collision,lighting,weather,first_harmful_event
101797347,Crashes_2010_2019_MPO,2017-10-19,2017,35.95314,-86.74714,True,0,0,0,,,,,,,,
101798202,Crashes_2010_2019_MPO,2017-10-19,2017,35.93331,-86.81178,False,0,0,0,,,,,,,,
101798000,Crashes_2010_2019_MPO,2017-10-20,2017,35.92609,-86.87139,False,0,0,0,,,,,,,,
101798460,Crashes_2010_2019_MPO,2017-10-20,2017,36.03748,-86.76855,False,0,0,0,,,,,,,,
101797968,Crashes_2010_2019_MPO,2017-10-20,2017,35.93573,-86.82494,False,0,0,0,,,,,,,,
101798107,Crashes_2010_2019_MPO,2017-10-20,2017,36.0458,-86.72078,False,0,0,0,,,,,,,,
101797967,Crashes_2010_2019_MPO,2017-10-20,2017,36.0409,-86.77938,False,0,0,0,,,,,,,,
101798002,Crashes_2010_2019_MPO,2017-10-20,2017,36.01978,-86.74213,False,0,0,0,,,,,,,,
101798633,Crashes_2010_2019_MPO,2017-10-20,2017,35.967441,-86.80836,True,0,0,0,,,,,,,,
101798257,Crashes_2010_2019_MPO,2017-10-20,2017,35.96716,-86.81351,True,0,0,0,,,,,,,,
101798393,Crashes_2010_2019_MPO,2017-10-20,2017,35.96199,-86.81523,False,0,0,0,,,,,,,,
101799682,Crashes_2010_2019_MPO,2017-10-20,2017,35.96667,-86.81368,True,0,0,0,,,,,,,,
101798703,Crashes_2010_2019_MPO,2017-10-20,2017,36.03951,-86.78175,False,0,0,0,,,,,,,,
101798262,Crashes_2010_2019_MPO,2017-10-20,2017,36.00596,-86.7893,True,0,0,0,,,,,,,,
101798301,Crashes_2010_2019_MPO,2017-10-20,2017,35.94569,-86.80587,False,0,0,0,,,,,,,,
101799664,Crashes_2010_2019_MPO,2017-10-20,2017,35.92936,-86.87549,False,0,1,0,,,,,,,,
101798869,Crashes_2010_2019_MPO,2017-10-20,2017,36.04523,-86.71675,False,0,0,0,,,,,,,,
101798676,Crashes_2010_2019_MPO,2017-10-20,2017,35.94602,-86.82663,False,0,0,0,,,,,,,,
101799050,Crashes_2010_2019_MPO,2017-10-20,2017,36.04561,-86.71977,False,0,0,0,,,,,,,,
101799663,Crashes_2010_2019_MPO,2017-10-20,2017,35.95209,-86.81805,False,0,0,0,,,,,,,,
101797982,Crashes_2010_2019_MPO,2017-10-20,2017,35.92459,-86.79294,False,0,0,0,,,,,,,,
101803728,Crashes_2010_2019_MPO,2017-10-20,2017,36.03336,-86.78872,True,0,0,0,,,,,,,,
101798409,Crashes_2010_2019_MPO,2017-10-20,2017,36.04341,-86.78137,False,0,0,0,,,,,,,,
101798268,Crashes_2010_2019_MPO,2017-10-20,2017,35.94651,-86.80941,False,0,0,0,,,,,,,,
101799808,Crashes_2010_2019_MPO,2017-10-21,2017,36.03723,-86.78661,False,0,0,0,,,,,,,,
101800966,Crashes_2010_2019_MPO,2017-10-21,2017,35.96673,-86.81066,True,0,0,0,,,,,,,,
101799218,Crashes_2010_2019_MPO,2017-10-21,2017,36.04028,-86.77387,False,0,0,0,,,,,,,,
101800103,Crashes_2010_2019_MPO,2017-10-21,2017,35.98885,-86.70732,True,0,0,0,,,,,,,,
101800104,Crashes_2010_2019_MPO,2017-10-21,2017,36.019,-86.84869,True,0,0,0,,,,,,,,
101800090,Crashes_2010_2019_MPO,2017-10-21,2017,35.92641,-86.82447,False,0,0,0,,,,,,,,
101800458,Crashes_2010_2019_MPO,2017-10-21,2017,36.01186,-86.8625,False,0,0,0,,,,,,,,
101800391,Crashes_2010_2019_MPO,2017-10-21,2017,35.93557,-86.82364,False,0,0,0,,,,,,,,
101800547,Crashes_2010_2019_MPO,2017-10-22,2017,36.05122,-86.71519,False,0,0,0,,,,,,,,
101800803,Crashes_2010_2019_MPO,2017-10-22,2017,35.97136,-86.80604,True,0,0,0,,,,,,,,
101801017,Crashes_2010_2019_MPO,2017-10-22,2017,35.99079,-86.75111,True,0,0,0,,,,,,,,
101800828,Crashes_2010_2019_MPO,2017-10-22,2017,35.99742,-86.81269,True,0,0,0,,,,,,,,
101800115,Crashes_2010_2019_MPO,2017-10-22,2017,35.96511,-86.72719,True,0,0,0,,,,,,,,
101800596,Crashes_2010_2019_MPO,2017-10-22,2017,35.92972,-86.82026,False,0,0,0,,,,,,,,
101800566,Crashes_2010_2019_MPO,2017-10-22,2017,35.93215,-86.79441,False,0,0,0,,,,,,,,
101801159,Crashes_2010_2019_MPO,2017-10-23,2017,35.9912,-86.68349,False,0,0,0,,,,,,,,
101801207,Crashes_2010_2019_MPO,2017-10-23,2017,36.02008,-86.77878,True,0,0,0,,,,,,,,
101802556,Crashes_2010_2019_MPO,2017-10-23,2017,35.93097,-86.86361,False,0,0,0,,,,,,,,
101802555,Crashes_2010_2019_MPO,2017-10-23,2017,35.93606,-86.82365,False,0,0,0,,,,,,,,
101801305,Crashes_2010_2019_MPO,2017-10-23,2017,35.93024,-86.82008,False,0,0,0,,,,,,,,
101801130,Crashes_2010_2019_MPO,2017-10-23,2017,35.97083,-86.823,True,0,0,0,,,,,,,,
101801480,Crashes_2010_2019_MPO,2017-10-23,2017,36.02551,-86.71208,False,0,0,0,,,,,,,,
101801143,Crashes_2010_2019_MPO,2017-10-23,2017,35.9729,-86.8051,True,0,0,0,,,,,,,,
101801479,Crashes_2010_2019_MPO,2017-10-23,2017,35.99122,-86.68315,False,0,0,0,,,,,,,,
101802416,Crashes_2010_2019_MPO,2017-10-24,2017,36.02228,-86.78306,True,0,0,0,,,,,,,,
101802574,Crashes_2010_2019_MPO,2017-10-24,2017,36.03352,-86.71298,False,0,0,0,,,,,,,,
101802604,Crashes_2010_2019_MPO,2017-10-24,2017,35.99296,-86.7577,True,0,0,0,,,,,,,,
101813057,Crashes_2010_2019_MPO,2017-10-24,2017,36.02191,-86.71034,False,0,0,0,,,,,,,,
101801978,Crashes_2010_2019_MPO,2017-10-24,2017,36.03127,-86.78351,True,0,0,0,,,,,,,,
101802004,Crashes_2010_2019_MPO,2017-10-24,2017,35.95386,-86.81186,False,0,0,0,,,,,,,,
101802595,Crashes_2010_2019_MPO,2017-10-24,2017,36.01925,-86.69913,False,0,0,0,,,,,,,,
101801830,Crashes_2010_2019_MPO,2017-10-24,2017,36.05107,-86.68398,False,0,0,0,,,,,,,,
101802593,Crashes_2010_2019_MPO,2017-10-24,2017,36.0409,-86.77938,False,0,0,0,,,,,,,,
101802133,Crashes_2010_2019_MPO,2017-10-24,2017,35.93503,-86.86058,False,0,0,0,,,,,,,,
101803300,Crashes_2010_2019_MPO,2017-10-24,2017,36.01689,-86.78609,True,0,0,0,,,,,,,,
101802689,Crashes_2010_2019_MPO,2017-10-24,2017,36.0331,-86.7828,True,0,0,0,,,,,,,,
101802698,Crashes_2010_2019_MPO,2017-10-24,2017,36.02401,-86.71059,False,0,0,0,,,,,,,,
101802562,Crashes_2010_2019_MPO,2017-10-24,2017,35.97305,-86.80521,True,0,0,0,,,,,,,,
101802943,Crashes_2010_2019_MPO,2017-10-24,2017,35.99922,-86.80923,True,0,0,0,,,,,,,,
101801928,Crashes_2010_2019_MPO,2017-10-24,2017,35.9793,-86.7252,True,0,0,0,,,,,,,,
101802192,Crashes_2010_2019_MPO,2017-10-24,2017,36.05047,-86.87646,False,0,0,0,,,,,,,,
101801986,Crashes_2010_2019_MPO,2017-10-24,2017,35.96308,-86.73648,True,0,0,0,,,,,,,,
101802087,Crashes_2010_2019_MPO,2017-10-24,2017,36.03916,-86.73556,False,0,0,0,,,,,,,,
101802535,Crashes_2010_2019_MPO,2017-10-24,2017,36.04118,-86.75032,False,0,0,0,,,,,,,,
101803613,Crashes_2010_2019_MPO,2017-10-24,2017,35.98635,-86.73664,True,0,0,0,,,,,,,,
101802613,Crashes_2010_2019_MPO,2017-10-24,2017,35.98611,-86.73596,True,0,0,0,,,,,,,,
101803638,Crashes_2010_2019_MPO,2017-10-25,2017,35.92947,-86.87192,False,0,0,0,,,,,,,,
101803640,Crashes_2010_2019_MPO,2017-10-25,2017,35.94491,-86.82842,False,0,0,0,,,,,,,,
101803200,Crashes_2010_2019_MPO,2017-10-25,2017,35.9394,-86.81689,False,0,0,0,,,,,,,,
101803839,Crashes_2010_2019_MPO,2017-10-25,2017,35.93446,-86.81991,False,0,0,0,,,,,,,,
101803548,Crashes_2010_2019_MPO,2017-10-25,2017,35.9253,-86.86876,False,0,0,0,,,,,,,,
101805278,Crashes_2010_2019_MPO,2017-10-25,2017,36.0298,-86.87613,False,0,0,0,,,,,,,,
101803881,Crashes_2010_2019_MPO,2017-10-25,2017,36.05494,-86.75183,False,0,0,0,,,,,,,,
101803749,Crashes_2010_2019_MPO,2017-10-25,2017,36.01978,-86.74213,False,0,0,0,,,,,,,,
101803162,Crashes_2010_2019_MPO,2017-10-25,2017,36.03586,-86.78728,True,0,0,0,,,,,,,,
101803750,Crashes_2010_2019_MPO,2017-10-25,2017,36.0374,-86.78657,False,0,0,0,,,,,,,,
101804699,Crashes_2010_2019_MPO,2017-10-26,2017,35.93004,-86.86445,False,0,0,0,,,,,,,,
101804157,Crashes_2010_2019_MPO,2017-10-26,2017,35.99667,-86.79704,True,0,0,0,,,,,,,,
101804357,Crashes_2010_2019_MPO,2017-10-26,2017,36.03969,-86.76221,False,0,0,0,,,,,,,,
101804675,Crashes_2010_2019_MPO,2017-10-26,2017,35.95534,-86.82586,False,0,0,0,,,,,,,,
101804700,Crashes_2010_2019_MPO,2017-10-26,2017,35.99334,-86.69969,True,0,0,0,,,,,,,,
101804304,Crashes_2010_2019_MPO,2017-10-26,2017,35.96645,-86.81376,False,0,0,0,,,,,,,,
101804966,Crashes_2010_2019_MPO,2017-10-26,2017,36.03336,-86.78872,True,0,0,0,,,,,,,,
101804046,Crashes_2010_2019_MPO,2017-10-26,2017,35.94891,-86.8136,False,0,0,0,,,,,,,,
101804225,Crashes_2010_2019_MPO,2017-10-26,2017,36.023959,-86.819623,True,0,0,0,,,,,,,,
101805245,Crashes_2010_2019_MPO,2017-10-26,2017,35.95426,-86.84577,False,0,0,0,,,,,,,,
101804805,Crashes_2010_2019_MPO,2017-10-26,2017,36.05145,-86.70271,False,0,0,0,,,,,,,,
101804728,Crashes_2010_2019_MPO,2017-10-26,2017,35.99547,-86.77847,True,0,0,0,,,,,,,,
101803967,Crashes_2010_2019_MPO,2017-10-26,2017,36.03953,-86.78172,False,0,0,0,,,,,,,,
101804168,Crashes_2010_2019_MPO,2017-10-26,2017,35.9912,-86.68349,False,0,0,0,,,,,,,,
101804022,Crashes_2010_2019_MPO,2017-10-26,2017,35.99438,-86.79783,True,0,0,0,,,,,,,,
101805364,Crashes_2010_2019_MPO,2017-10-26,2017,35.96199,-86.81523,False,0,0,0,,,,,,,,
101804099,Crashes_2010_2019_MPO,2017-10-26,2017,36.03094,-86.81775,True,0,0,0,,,,,,,,
101804207,Crashes_2010_2019_MPO,2017-10-26,2017,36.04532,-86.7137,False,0,0,0,,,,,,,,
101806292,Crashes_2010_2019_MPO,2017-10-27,2017,36.03983,-86.76413,False,0,0,0,,,,,,,,
101808932,Crashes_2010_2019_MPO,2017-10-27,2017,35.92381,-86.76681,False,0,0,0,,,,,,,,
101806698,Crashes_2010_2019_MPO,2017-10-27,2017,35.96636,-86.80822,True,0,0,0,,,,,,,,
101805397,Crashes_2010_2019_MPO,2017-10-27,2017,36.03905,-86.74342,False,0,0,0,,,,,,,,
101805053,Crashes_2010_2019_MPO,2017-10-27,2017,35.93684,-86.76806,False,0,0,0,,,,,,,,
101806476,Crashes_2010_2019_MPO,2017-10-27,2017,36.0409,-86.77938,False,0,0,0,,,,,,,,
101805892,Crashes_2010_2019_MPO,2017-10-27,2017,35.96716,-86.81351,True,0,0,0,,,,,,,,
101805146,Crashes_2010_2019_MPO,2017-10-27,2017,36.01806,-86.75664,True,0,0,0,,,,,,,,
101806291,Crashes_2010_2019_MPO,2017-10-27,2017,36.04142,-86.77997,False,0,0,0,,,,,,,,
101805983,Crashes_2010_2019_MPO,2017-10-27,2017,35.99806,-86.81455,True,0,0,0,,,,,,,,
101806252,Crashes_2010_2019_MPO,2017-10-27,2017,36.04551,-86.70479,False,0,0,0,,,,,,,,
101806449,Crashes_2010_2019_MPO,2017-10-27,2017,36.01575,-86.82116,True,0,0,0,,,,,,,,
101806050,Crashes_2010_2019_MPO,2017-10-27,2017,35.9776,-86.72549,True,0,0,0,,,,,,,,
101805675,Crashes_2010_2019_MPO,2017-10-27,2017,35.94423,-86.81975,False,0,0,0,,,,,,,,
101804969,Crashes_2010_2019_MPO,2017-10-27,2017,36.04361,-86.68861,False,0,0,0,,,,,,,,
101805385,Crashes_2010_2019_MPO,2017-10-27,2017,35.93399,-86.76785,False,0,0,0,,,,,,,,
101808473,Crashes_2010_2019_MPO,2017-10-28,2017,36.00222,-86.77999,True,0,0,0,,,,,,,,
101806399,Crashes_2010_2019_MPO,2017-10-28,2017,36.00601,-86.86567,False,0,0,0,,,,,,,,
101807024,Crashes_2010_2019_MPO,2017-10-28,2017,35.9243,-86.86648,False,0,0,0,,,,,,,,
101806980,Crashes_2010_2019_MPO,2017-10-28,2017,35.93756,-86.76809,False,0,0,0,,,,,,,,
101807389,Crashes_2010_2019_MPO,2017-10-28,2017,35.9407,-86.83934,False,0,0,0,,,,,,,,
101807218,Crashes_2010_2019_MPO,2017-10-28,2017,36.04409,-86.78059,False,0,0,0,,,,,,,,
101807141,Crashes_2010_2019_MPO,2017-10-28,2017,35.93446,-86.81991,False,0,0,0,,,,,,,,
101807476,Crashes_2010_2019_MPO,2017-10-28,2017,35.95198,-86.81788,False,0,0,0,,,,,,,,
101807142,Crashes_2010_2019_MPO,2017-10-28,2017,35.94216,-86.82095,False,0,0,0,,,,,,,,
101808979,Crashes_2010_2019_MPO,2017-10-29,2017,35.95428,-86.71386,False,0,0,0,,,,,,,,
101808163,Crashes_2010_2019_MPO,2017-10-29,2017,36.01009,-86.70202,False,0,0,0,,,,,,,,
101808250,Crashes_2010_2019_MPO,2017-10-29,2017,36.03754,-86.78509,False,0,0,0,,,,,,,,
101807590,Crashes_2010_2019_MPO,2017-10-29,2017,36.04546,-86.717,False,0,0,0,,,,,,,,
101811565,Crashes_2010_2019_MPO,2017-10-29,2017,35.92796,-86.74609,False,0,0,0,,,,,,,,
101808041,Crashes_2010_2019_MPO,2017-10-29,2017,35.94708,-86.83267,False,0,0,0,,,,,,,,
101808289,Crashes_2010_2019_MPO,2017-10-29,2017,36.05151,-86.71436,False,0,0,0,,,,,,,,
101807545,Crashes_2010_2019_MPO,2017-10-29,2017,35.9903,-86.72521,True,0,0,0,,,,,,,,
101807975,Crashes_2010_2019_MPO,2017-10-29,2017,36.04798,-86.86519,False,0,0,0,,,,,,,,
101808046,Crashes_2010_2019_MPO,2017-10-29,2017,35.95594,-86.83222,False,0,0,0,,,,,,,,
101808191,Crashes_2010_2019_MPO,2017-10-29,2017,36.0456,-86.71088,False,0,0,0,,,,,,,,
101809265,Crashes_2010_2019_MPO,2017-10-30,2017,36.04479,-86.72487,False,0,0,0,,,,,,,,
101810432,Crashes_2010_2019_MPO,2017-10-30,2017,35.98532,-86.73074,True,0,0,0,,,,,,,,
101808622,Crashes_2010_2019_MPO,2017-10-30,2017,35.98978,-86.74322,True,0,0,0,,,,,,,,
101808747,Crashes_2010_2019_MPO,2017-10-30,2017,36.04405,-86.76223,False,0,1,0,,,,,,,,
101808621,Crashes_2010_2019_MPO,2017-10-30,2017,36.04402,-86.78184,False,0,0,0,,,,,,,,
101809218,Crashes_2010_2019_MPO,2017-10-30,2017,36.03797,-86.79777,False,0,0,0,,,,,,,,
101815482,Crashes_2010_2019_MPO,2017-10-30,2017,35.97039,-86.77379,True,0,0,0,,,,,,,,
101810418,Crashes_2010_2019_MPO,2017-10-30,2017,35.93278,-86.81161,False,0,0,0,,,,,,,,
101810964,Crashes_2010_2019_MPO,2017-10-30,2017,35.94455,-86.8284,False,0,0,0,,,,,,,,
101808728,Crashes_2010_2019_MPO,2017-10-30,2017,36.04383,-86.71309,False,0,0,0,,,,,,,,
101809222,Crashes_2010_2019_MPO,2017-10-30,2017,35.93071,-86.85294,False,0,0,0,,,,,,,,
101808672,Crashes_2010_2019_MPO,2017-10-30,2017,36.04526,-86.71436,False,0,0,0,,,,,,,,
101808613,Crashes_2010_2019_MPO,2017-10-30,2017,35.93374,-86.81767,False,0,0,0,,,,,,,,
101808701,Crashes_2010_2019_MPO,2017-10-30,2017,36.04833,-86.86645,False,0,0,0,,,,,,,,
101808806,Crashes_2010_2019_MPO,2017-10-30,2017,36.00169,-86.7937,True,0,0,0,,,,,,,,
101808680,Crashes_2010_2019_MPO,2017-10-30,2017,35.95279,-86.7664,True,0,0,0,,,,,,,,
101808612,Crashes_2010_2019_MPO,2017-10-30,2017,35.95887,-86.81012,False,0,0,0,,,,,,,,
101808673,Crashes_2010_2019_MPO,2017-10-30,2017,35.98507,-86.72748,True,0,0,0,,,,,,,,
101810151,Crashes_2010_2019_MPO,2017-10-30,2017,35.94623,-86.80817,False,0,0,0,,,,,,,,
101809305,Crashes_2010_2019_MPO,2017-10-30,2017,35.99539,-86.77768,True,0,0,0,,,,,,,,
101809633,Crashes_2010_2019_MPO,2017-10-31,2017,35.99185,-86.6841,False,0,0,0,,,,,,,,
101809991,Crashes_2010_2019_MPO,2017-10-31,2017,36.03935,-86.78199,False,0,0,0,,,,,,,,
101810094,Crashes_2010_2019_MPO,2017-10-31,2017,36.01827,-86.72671,False,0,0,0,,,,,,,,
101809640,Crashes_2010_2019_MPO,2017-10-31,2017,36.03841,-86.713,False,0,0,0,,,,,,,,
101811413,Crashes_2010_2019_MPO,2017-10-31,2017,35.98587,-86.73449,True,0,0,0,,,,,,,,
101810762,Crashes_2010_2019_MPO,2017-10-31,2017,35.99706,-86.79716,True,0,0,0,,,,,,,,
101810438,Crashes_2010_2019_MPO,2017-10-31,2017,36.04838,-86.86664,False,0,0,0,,,,,,,,
101810422,Crashes_2010_2019_MPO,2017-10-31,2017,35.95064,-86.8068,False,0,0,0,,,,,,,,
101810981,Crashes_2010_2019_MPO,2017-10-31,2017,35.99781,-86.79886,True,0,0,0,,,,,,,,
101809764,Crashes_2010_2019_MPO,2017-10-31,2017,35.99406,-86.77864,True,0,0,0,,,,,,,,
101810406,Crashes_2010_2019_MPO,2017-10-31,2017,36.04567,-86.70643,False,0,0,0,,,,,,,,
101810506,Crashes_2010_2019_MPO,2017-10-31,2017,36.0398,-86.74345,False,0,0,0,,,,,,,,
101810433,Crashes_2010_2019_MPO,2017-10-31,2017,35.99566,-86.78051,True,0,0,0,,,,,,,,
101810681,Crashes_2010_2019_MPO,2017-10-31,2017,36.05331,-86.68416,False,0,0,0,,,,,,,,
101810124,Crashes_2010_2019_MPO,2017-10-31,2017,35.93484,-86.82565,False,0,0,0,,,,,,,,
101809596,Crashes_2010_2019_MPO,2017-10-31,2017,35.98439,-86.72434,True,0,0,0,,,,,,,,
101810537,Crashes_2010_2019_MPO,2017-10-31,2017,35.92658,-86.86617,False,0,0,0,,,,,,,,
101810374,Crashes_2010_2019_MPO,2017-10-31,2017,35.94756,-86.81401,False,0,0,0,,,,,,,,
101810858,Crashes_2010_2019_MPO,2017-10-31,2017,36.04026,-86.8164,False,0,0,0,,,,,,,,
101810067,Crashes_2010_2019_MPO,2017-10-31,2017,36.03735,-86.78705,False,0,0,0,,,,,,,,
101810508,Crashes_2010_2019_MPO,2017-10-31,2017,35.97015,-86.80622,True,0,0,0,,,,,,,,
101810444,Crashes_2010_2019_MPO,2017-10-31,2017,35.95291,-86.8122,False,0,0,0,,,,,,,,
101809669,Crashes_2010_2019_MPO,2017-10-31,2017,35.97281,-86.77526,True,0,0,0,,,,,,,,
101810529,Crashes_2010_2019_MPO,2017-10-31,2017,36.0409,-86.77938,False,0,0,0,,,,,,,,
101809754,Crashes_2010_2019_MPO,2017-10-31,2017,35.93562,-86.82387,False,0,0,0,,,,,,,,
101810434,Crashes_2010_2019_MPO,2017-10-31,2017,36.03301,-86.78329,True,0,0,0,,,,,,,,
101810324,Crashes_2010_2019_MPO,2017-10-31,2017,36.00454,-86.79044,True,0,0,0,,,,,,,,
101810782,Crashes_2010_2019_MPO,2017-10-31,2017,36.04506,-86.71322,False,0,0,0,,,,,,,,
101811501,Crashes_2010_2019_MPO,2017-11-01,2017,36.03111,-86.74391,False,0,0,0,,,,,,,,
101811406,Crashes_2010_2019_MPO,2017-11-01,2017,35.94884,-86.81162,False,0,0,0,,,,,,,,
101811522,Crashes_2010_2019_MPO,2017-11-01,2017,36.01286,-86.80081,True,0,0,0,,,,,,,,
101814266,Crashes_2010_2019_MPO,2017-11-01,2017,35.99349,-86.79838,True,0,0,1,,,,,,,,
101811132,Crashes_2010_2019_MPO,2017-11-01,2017,36.04646,-86.71339,False,0,0,0,,,,,,,,
101812398,Crashes_2010_2019_MPO,2017-11-01,2017,35.98685,-86.73736,True,0,0,0,,,,,,,,
101811558,Crashes_2010_2019_MPO,2017-11-01,2017,35.99279,-86.79863,True,0,0,0,,,,,,,,
101811068,Crashes_2010_2019_MPO,2017-11-01,2017,36.04823,-86.86608,False,0,0,0,,,,,,,,
101810926,Crashes_2010_2019_MPO,2017-11-01,2017,36.04467,-86.71318,False,0,0,0,,,,,,,,
101811412,Crashes_2010_2019_MPO,2017-11-01,2017,35.99968,-86.80897,True,0,0,0,,,,,,,,
101812742,Crashes_2010_2019_MPO,2017-11-02,2017,36.03987,-86.74155,False,0,0,0,,,,,,,,
101812770,Crashes_2010_2019_MPO,2017-11-02,2017,36.0374,-86.78657,False,0,0,0,,,,,,,,
101812520,Crashes_2010_2019_MPO,2017-11-02,2017,35.94116,-86.83846,False,0,0,0,,,,,,,,
101812501,Crashes_2010_2019_MPO,2017-11-02,2017,35.94876,-86.74515,True,0,0,0,,,,,,,,
101812032,Crashes_2010_2019_MPO,2017-11-02,2017,35.94861,-86.80759,False,0,0,0,,,,,,,,
101812171,Crashes_2010_2019_MPO,2017-11-02,2017,36.04114,-86.77621,False,0,0,0,,,,,,,,
101814883,Crashes_2010_2019_MPO,2017-11-02,2017,35.92743,-86.76731,False,0,0,0,,,,,,,,
101811881,Crashes_2010_2019_MPO,2017-11-02,2017,36.03312,-86.7869,True,0,0,0,,,,,,,,
101812729,Crashes_2010_2019_MPO,2017-11-02,2017,36.0473,-86.86274,False,0,0,0,,,,,,,,
101813803,Crashes_2010_2019_MPO,2017-11-02,2017,35.94683,-86.85212,False,0,0,0,,,,,,,,
101811894,Crashes_2010_2019_MPO,2017-11-02,2017,36.02263,-86.68056,False,0,0,0,,,,,,,,
101812340,Crashes_2010_2019_MPO,2017-11-02,2017,36.04245,-86.71294,False,0,0,0,,,,,,,,
101813372,Crashes_2010_2019_MPO,2017-11-03,2017,36.04907,-86.86919,False,0,0,0,,,,,,,,
101814819,Crashes_2010_2019_MPO,2017-11-03,2017,35.92359,-86.86877,False,0,0,0,,,,,,,,
101813812,Crashes_2010_2019_MPO,2017-11-03,2017,36.04534,-86.72358,False,0,0,0,,,,,,,,
101813860,Crashes_2010_2019_MPO,2017-11-03,2017,35.97103,-86.72644,True,0,0,0,,,,,,,,
101813894,Crashes_2010_2019_MPO,2017-11-03,2017,36.04114,-86.77621,False,0,0,0,,,,,,,,
101813219,Crashes_2010_2019_MPO,2017-11-03,2017,36.04541,-86.71284,False,0,0,0,,,,,,,,
101814163,Crashes_2010_2019_MPO,2017-11-03,2017,36.05337,-86.73963,False,0,0,0,,,,,,,,
101813837,Crashes_2010_2019_MPO,2017-11-03,2017,36.04573,-86.85543,False,0,0,0,,,,,,,,
101813774,Crashes_2010_2019_MPO,2017-11-03,2017,35.99781,-86.79886,True,0,0,0,,,,,,,,
101813158,Crashes_2010_2019_MPO,2017-11-03,2017,35.95531,-86.69977,False,0,0,0,,,,,,,,
101813008,Crashes_2010_2019_MPO,2017-11-03,2017,35.97776,-86.80359,True,0,0,0,,,,,,,,
101815117,Crashes_2010_2019_MPO,2017-11-03,2017,35.92913,-86.84586,False,0,0,0,,,,,,,,
101813115,Crashes_2010_2019_MPO,2017-11-03,2017,36.03393,-86.78317,True,0,0,1,,,,,,,,
101813406,Crashes_2010_2019_MPO,2017-11-03,2017,36.03473,-86.78793,True,0,0,0,,,,,,,,
101813131,Crashes_2010_2019_MPO,2017-11-03,2017,35.94782,-86.81975,False,0,0,0,,,,,,,,
101814994,Crashes_2010_2019_MPO,2017-11-04,2017,35.97878,-86.75282,True,0,0,0,,,,,,,,
101815061,Crashes_2010_2019_MPO,2017-11-04,2017,36.047,-86.68054,False,0,0,0,,,,,,,,
101826025,Crashes_2010_2019_MPO,2017-11-04,2017,35.97103,-86.72644,True,0,0,0,,,,,,,,
101814603,Crashes_2010_2019_MPO,2017-11-04,2017,36.0337,-86.71301,False,0,0,0,,,,,,,,
101814605,Crashes_2010_2019_MPO,2017-11-04,2017,36.04747,-86.86332,False,0,0,0,,,,,,,,
101814759,Crashes_2010_2019_MPO,2017-11-04,2017,36.04026,-86.77905,False,0,0,0,,,,,,,,
101814541,Crashes_2010_2019_MPO,2017-11-04,2017,36.03466,-86.83451,True,0,0,0,,,,,,,,
101814949,Crashes_2010_2019_MPO,2017-11-04,2017,35.96716,-86.81351,True,0,0,0,,,,,,,,
101814686,Crashes_2010_2019_MPO,2017-11-04,2017,35.98635,-86.73664,True,0,0,0,,,,,,,,
101815041,Crashes_2010_2019_MPO,2017-11-04,2017,35.97887,-86.75192,True,0,0,0,,,,,,,,
101814820,Crashes_2010_2019_MPO,2017-11-04,2017,35.92493,-86.86519,False,0,0,0,,,,,,,,
101815907,Crashes_2010_2019_MPO,2017-11-05,2017,35.9499,-86.80467,False,0,1,0,,,,,,,,
101816127,Crashes_2010_2019_MPO,2017-11-05,2017,35.92456,-86.87028,False,0,3,0,,,,,,,,
101815243,Crashes_2010_2019_MPO,2017-11-05,2017,35.95439,-86.81194,False,0,0,0,,,,,,,,
101815421,Crashes_2010_2019_MPO,2017-11-05,2017,35.99852,-86.805745,True,0,0,0,,,,,,,,
101815955,Crashes_2010_2019_MPO,2017-11-05,2017,36.0411,-86.77588,False,0,0,0,,,,,,,,
101815806,Crashes_2010_2019_MPO,2017-11-05,2017,36.04105,-86.77544,False,0,0,0,,,,,,,,
101815652,Crashes_2010_2019_MPO,2017-11-05,2017,35.94699,-86.81153,False,0,0,0,,,,,,,,
101815809,Crashes_2010_2019_MPO,2017-11-05,2017,36.0413,-86.74379,False,0,0,0,,,,,,,,
101816095,Crashes_2010_2019_MPO,2017-11-05,2017,36.04711,-86.71347,False,0,0,0,,,,,,,,
101816340,Crashes_2010_2019_MPO,2017-11-05,2017,35.95197,-86.81808,False,0,0,0,,,,,,,,
101816114,Crashes_2010_2019_MPO,2017-11-05,2017,36.04519,-86.71531,False,0,0,0,,,,,,,,
101817907,Crashes_2010_2019_MPO,2017-11-06,2017,35.95146,-86.81826,False,0,0,0,,,,,,,,
101817154,Crashes_2010_2019_MPO,2017-11-06,2017,35.99293,-86.69425,True,0,0,0,,,,,,,,
101816603,Crashes_2010_2019_MPO,2017-11-06,2017,36.02548,-86.71359,False,0,0,0,,,,,,,,
101816418,Crashes_2010_2019_MPO,2017-11-06,2017,35.94755,-86.81407,False,0,0,0,,,,,,,,
101817245,Crashes_2010_2019_MPO,2017-11-06,2017,36.01074,-86.78527,True,0,0,0,,,,,,,,
101817909,Crashes_2010_2019_MPO,2017-11-06,2017,35.93598,-86.82689,False,0,0,0,,,,,,,,
101816544,Crashes_2010_2019_MPO,2017-11-06,2017,36.04027,-86.74503,False,0,0,0,,,,,,,,
101817059,Crashes_2010_2019_MPO,2017-11-06,2017,35.94612,-86.82346,False,0,0,0,,,,,,,,
101817908,Crashes_2010_2019_MPO,2017-11-06,2017,35.94651,-86.80939,False,0,0,0,,,,,,,,
101817161,Crashes_2010_2019_MPO,2017-11-06,2017,36.04055,-86.78466,False,0,0,0,,,,,,,,
101817065,Crashes_2010_2019_MPO,2017-11-06,2017,36.02394,-86.81964,True,0,0,0,,,,,,,,
101819049,Crashes_2010_2019_MPO,2017-11-06,2017,36.03345,-86.78323,True,0,0,0,,,,,,,,