record_no,source_layer,collision_ts,crash_year,latitude,longitude,in_city,fatalities,non_motorists,truck_involved,serious_injuries,pedestrian,bicycle,crash_type,manner_of_collision,lighting,weather,first_harmful_event
101817905,Crashes_2010_2019_MPO,2017-11-06,2017,35.93446,-86.81991,False,0,0,0,,,,,,,,
101817013,Crashes_2010_2019_MPO,2017-11-06,2017,36.03191,-86.76012,False,0,0,0,,,,,,,,
101820027,Crashes_2010_2019_MPO,2017-11-06,2017,36.04541,-86.85385,False,0,0,0,,,,,,,,
101817009,Crashes_2010_2019_MPO,2017-11-06,2017,36.03237,-86.76677,False,0,0,0,,,,,,,,
101817164,Crashes_2010_2019_MPO,2017-11-06,2017,35.99293,-86.6943,True,0,0,0,,,,,,,,
101817950,Crashes_2010_2019_MPO,2017-11-07,2017,36.04114,-86.77621,False,0,0,0,,,,,,,,
101819925,Crashes_2010_2019_MPO,2017-11-07,2017,35.94644,-86.80907,False,0,0,0,,,,,,,,
101828683,Crashes_2010_2019_MPO,2017-11-07,2017,35.96719,-86.81351,True,0,0,0,,,,,,,,
101824523,Crashes_2010_2019_MPO,2017-11-07,2017,36.02213,-86.78695,True,0,0,0,,,,,,,,
101817325,Crashes_2010_2019_MPO,2017-11-07,2017,36.04184,-86.74392,False,0,0,0,,,,,,,,
101818063,Crashes_2010_2019_MPO,2017-11-07,2017,36.04538,-86.7794,False,0,0,0,,,,,,,,
101817346,Crashes_2010_2019_MPO,2017-11-07,2017,36.03175,-86.78961,True,0,0,0,,,,,,,,
101817839,Crashes_2010_2019_MPO,2017-11-07,2017,35.99817,-86.80199,True,0,0,0,,,,,,,,
101817680,Crashes_2010_2019_MPO,2017-11-07,2017,36.03969,-86.78156,False,0,0,0,,,,,,,,
101817722,Crashes_2010_2019_MPO,2017-11-07,2017,36.04245,-86.71294,False,0,0,0,,,,,,,,
101818386,Crashes_2010_2019_MPO,2017-11-08,2017,35.966662,-86.809188,True,0,0,0,,,,,,,,
101819345,Crashes_2010_2019_MPO,2017-11-08,2017,35.96518,-86.80029,True,0,0,0,,,,,,,,
101818594,Crashes_2010_2019_MPO,2017-11-08,2017,35.93698,-86.80842,False,0,0,0,,,,,,,,
101818764,Crashes_2010_2019_MPO,2017-11-08,2017,36.03441,-86.81721,True,0,0,0,,,,,,,,
101818561,Crashes_2010_2019_MPO,2017-11-08,2017,35.99922,-86.80923,True,0,0,0,,,,,,,,
101819529,Crashes_2010_2019_MPO,2017-11-08,2017,35.98861,-86.79983,True,0,0,0,,,,,,,,
101819390,Crashes_2010_2019_MPO,2017-11-08,2017,36.03175,-86.78961,True,0,0,0,,,,,,,,
101818270,Crashes_2010_2019_MPO,2017-11-08,2017,35.95857,-86.81022,False,0,0,0,,,,,,,,
101818436,Crashes_2010_2019_MPO,2017-11-08,2017,36.00545,-86.86575,False,0,0,0,,,,,,,,
101818439,Crashes_2010_2019_MPO,2017-11-08,2017,36.0415,-86.82317,False,0,0,0,,,,,,,,
101818816,Crashes_2010_2019_MPO,2017-11-08,2017,35.9958,-86.79734,True,0,0,0,,,,,,,,
101818857,Crashes_2010_2019_MPO,2017-11-08,2017,35.98776,-86.80037,True,0,0,0,,,,,,,,
101819076,Crashes_2010_2019_MPO,2017-11-08,2017,35.99781,-86.79886,True,0,0,0,,,,,,,,
101818991,Crashes_2010_2019_MPO,2017-11-08,2017,36.03766,-86.78495,False,0,0,0,,,,,,,,
101824210,Crashes_2010_2019_MPO,2017-11-09,2017,35.94477,-86.82853,False,0,0,0,,,,,,,,
101819921,Crashes_2010_2019_MPO,2017-11-09,2017,36.01541,-86.81715,True,0,0,0,,,,,,,,
101819274,Crashes_2010_2019_MPO,2017-11-09,2017,36.04116,-86.77647,False,0,0,0,,,,,,,,
101824318,Crashes_2010_2019_MPO,2017-11-09,2017,35.9879,-86.68101,False,0,0,0,,,,,,,,
101819883,Crashes_2010_2019_MPO,2017-11-09,2017,35.95218,-86.76623,True,0,0,0,,,,,,,,
101819388,Crashes_2010_2019_MPO,2017-11-09,2017,36.0375,-86.78584,False,0,0,0,,,,,,,,
101819916,Crashes_2010_2019_MPO,2017-11-09,2017,36.04476,-86.7811,False,0,0,0,,,,,,,,
101819602,Crashes_2010_2019_MPO,2017-11-09,2017,36.0374,-86.78657,False,0,0,0,,,,,,,,
101819617,Crashes_2010_2019_MPO,2017-11-09,2017,35.92673,-86.87005,False,0,0,0,,,,,,,,
101819786,Crashes_2010_2019_MPO,2017-11-09,2017,36.01198,-86.81868,True,0,0,0,,,,,,,,
101819866,Crashes_2010_2019_MPO,2017-11-09,2017,36.04062,-86.77989,False,0,0,0,,,,,,,,
101819250,Crashes_2010_2019_MPO,2017-11-09,2017,35.95692,-86.81079,False,0,0,0,,,,,,,,
101819306,Crashes_2010_2019_MPO,2017-11-09,2017,36.04446,-86.84676,False,0,0,0,,,,,,,,
101819341,Crashes_2010_2019_MPO,2017-11-09,2017,36.05006,-86.73553,False,0,0,0,,,,,,,,
101820344,Crashes_2010_2019_MPO,2017-11-09,2017,35.94162,-86.81638,False,0,0,1,,,,,,,,
101824213,Crashes_2010_2019_MPO,2017-11-09,2017,35.9294,-86.87552,False,0,0,0,,,,,,,,
101825031,Crashes_2010_2019_MPO,2017-11-10,2017,36.02908,-86.78378,True,0,0,0,,,,,,,,
101821630,Crashes_2010_2019_MPO,2017-11-10,2017,36.05035,-86.87539,False,0,0,0,,,,,,,,
101821696,Crashes_2010_2019_MPO,2017-11-10,2017,35.9924,-86.7986,True,0,0,0,,,,,,,,
101825708,Crashes_2010_2019_MPO,2017-11-10,2017,35.9974,-86.79678,True,0,0,0,,,,,,,,
101821664,Crashes_2010_2019_MPO,2017-11-10,2017,35.9476,-86.81992,False,0,0,0,,,,,,,,
101821587,Crashes_2010_2019_MPO,2017-11-10,2017,36.01263,-86.70868,False,0,0,0,,,,,,,,
101829449,Crashes_2010_2019_MPO,2017-11-10,2017,35.92426,-86.86941,False,0,0,0,,,,,,,,
101820478,Crashes_2010_2019_MPO,2017-11-10,2017,36.0417,-86.74862,False,0,0,0,,,,,,,,
101820326,Crashes_2010_2019_MPO,2017-11-10,2017,35.92505,-86.82101,False,0,0,0,,,,,,,,
101820421,Crashes_2010_2019_MPO,2017-11-10,2017,36.0355,-86.79108,True,0,0,0,,,,,,,,
101821361,Crashes_2010_2019_MPO,2017-11-10,2017,36.00417,-86.79083,True,0,0,0,,,,,,,,
101820569,Crashes_2010_2019_MPO,2017-11-10,2017,35.99424,-86.70085,True,0,0,0,,,,,,,,
101821701,Crashes_2010_2019_MPO,2017-11-10,2017,36.04531,-86.70185,False,0,0,0,,,,,,,,
101821357,Crashes_2010_2019_MPO,2017-11-10,2017,35.92673,-86.87005,False,0,0,0,,,,,,,,
101822622,Crashes_2010_2019_MPO,2017-11-11,2017,36.0391,-86.71419,False,0,0,1,,,,,,,,
101822084,Crashes_2010_2019_MPO,2017-11-11,2017,35.94765,-86.81971,False,0,0,0,,,,,,,,
101822677,Crashes_2010_2019_MPO,2017-11-11,2017,35.92984,-86.86445,False,0,0,0,,,,,,,,
101822343,Crashes_2010_2019_MPO,2017-11-11,2017,35.9412,-86.81653,False,0,0,0,,,,,,,,
101822964,Crashes_2010_2019_MPO,2017-11-11,2017,35.96716,-86.81351,True,0,0,0,,,,,,,,
101822346,Crashes_2010_2019_MPO,2017-11-11,2017,35.9505,-86.81885,False,0,0,0,,,,,,,,
101822230,Crashes_2010_2019_MPO,2017-11-11,2017,36.03336,-86.78872,True,0,0,0,,,,,,,,
101822987,Crashes_2010_2019_MPO,2017-11-11,2017,35.96763,-86.81033,True,0,0,0,,,,,,,,
101821982,Crashes_2010_2019_MPO,2017-11-11,2017,35.94275,-86.82079,False,0,0,0,,,,,,,,
101822545,Crashes_2010_2019_MPO,2017-11-11,2017,35.96508,-86.8162,True,0,0,0,,,,,,,,
101822204,Crashes_2010_2019_MPO,2017-11-11,2017,36.03504,-86.71322,False,0,0,0,,,,,,,,
101822606,Crashes_2010_2019_MPO,2017-11-11,2017,36.04548,-86.71205,False,0,0,0,,,,,,,,
101823475,Crashes_2010_2019_MPO,2017-11-11,2017,35.95721,-86.84339,False,0,0,0,,,,,,,,
101823330,Crashes_2010_2019_MPO,2017-11-12,2017,36.0205,-86.78268,True,0,0,0,,,,,,,,
101824335,Crashes_2010_2019_MPO,2017-11-12,2017,35.94838,-86.80772,False,0,0,0,,,,,,,,
101823592,Crashes_2010_2019_MPO,2017-11-12,2017,36.0453,-86.70168,False,0,0,0,,,,,,,,
101823572,Crashes_2010_2019_MPO,2017-11-12,2017,36.03948,-86.78177,False,0,0,0,,,,,,,,
101823588,Crashes_2010_2019_MPO,2017-11-12,2017,36.00569,-86.74673,True,0,0,0,,,,,,,,
101823200,Crashes_2010_2019_MPO,2017-11-12,2017,36.04096,-86.74617,False,0,0,0,,,,,,,,
101824151,Crashes_2010_2019_MPO,2017-11-13,2017,35.92409,-86.86995,False,0,0,0,,,,,,,,
101824653,Crashes_2010_2019_MPO,2017-11-13,2017,36.04626,-86.67675,False,0,0,0,,,,,,,,
101827326,Crashes_2010_2019_MPO,2017-11-13,2017,35.98607,-86.73688,True,0,0,0,,,,,,,,
101824566,Crashes_2010_2019_MPO,2017-11-13,2017,35.9712,-86.8056,True,0,0,0,,,,,,,,
101824529,Crashes_2010_2019_MPO,2017-11-13,2017,35.99171,-86.68397,False,0,0,0,,,,,,,,
101824368,Crashes_2010_2019_MPO,2017-11-13,2017,35.9311,-86.82397,False,0,0,0,,,,,,,,
101823961,Crashes_2010_2019_MPO,2017-11-13,2017,35.9948,-86.77876,True,0,0,0,,,,,,,,
101824531,Crashes_2010_2019_MPO,2017-11-13,2017,35.92935,-86.84418,False,0,0,0,,,,,,,,
101824922,Crashes_2010_2019_MPO,2017-11-13,2017,36.03319,-86.7876,True,0,0,0,,,,,,,,
101824508,Crashes_2010_2019_MPO,2017-11-13,2017,35.96725,-86.81422,True,0,0,0,,,,,,,,
101824423,Crashes_2010_2019_MPO,2017-11-13,2017,35.99643,-86.78798,True,0,0,0,,,,,,,,
101825408,Crashes_2010_2019_MPO,2017-11-13,2017,35.94603,-86.82365,False,0,0,0,,,,,,,,
101824350,Crashes_2010_2019_MPO,2017-11-13,2017,36.04443,-86.71315,False,0,0,0,,,,,,,,
101824502,Crashes_2010_2019_MPO,2017-11-13,2017,36.04537,-86.71326,False,0,0,0,,,,,,,,
101826662,Crashes_2010_2019_MPO,2017-11-14,2017,35.92815,-86.87467,False,0,0,0,,,,,,,,
101826659,Crashes_2010_2019_MPO,2017-11-14,2017,35.96652,-86.81373,True,0,0,0,,,,,,,,
101826657,Crashes_2010_2019_MPO,2017-11-14,2017,35.95195,-86.81809,False,0,0,0,,,,,,,,
101825348,Crashes_2010_2019_MPO,2017-11-14,2017,36.04554,-86.71149,False,0,0,0,,,,,,,,
101824958,Crashes_2010_2019_MPO,2017-11-14,2017,35.95837,-86.7128,False,0,0,0,,,,,,,,
101825710,Crashes_2010_2019_MPO,2017-11-14,2017,35.99639,-86.79714,True,0,0,0,,,,,,,,
101825307,Crashes_2010_2019_MPO,2017-11-14,2017,35.93914,-86.79715,False,0,0,0,,,,,,,,
101824959,Crashes_2010_2019_MPO,2017-11-14,2017,35.95799,-86.81042,False,0,0,0,,,,,,,,
101825215,Crashes_2010_2019_MPO,2017-11-14,2017,36.03742,-86.79045,False,0,0,0,,,,,,,,
101825001,Crashes_2010_2019_MPO,2017-11-14,2017,36.00133,-86.79024,True,0,0,0,,,,,,,,
101825359,Crashes_2010_2019_MPO,2017-11-14,2017,36.01309,-86.80063,True,0,0,0,,,,,,,,
101826658,Crashes_2010_2019_MPO,2017-11-14,2017,35.96089,-86.8135,False,0,0,0,,,,,,,,
101828684,Crashes_2010_2019_MPO,2017-11-14,2017,35.98873,-86.79979,True,0,0,0,,,,,,,,
101826915,Crashes_2010_2019_MPO,2017-11-14,2017,36.0452,-86.71617,False,0,0,0,,,,,,,,
101825448,Crashes_2010_2019_MPO,2017-11-14,2017,36.03411,-86.78829,True,0,0,0,,,,,,,,
101826257,Crashes_2010_2019_MPO,2017-11-14,2017,35.99683,-86.79151,True,0,0,0,,,,,,,,
101830879,Crashes_2010_2019_MPO,2017-11-14,2017,36.04106,-86.81998,False,0,0,0,,,,,,,,
101826960,Crashes_2010_2019_MPO,2017-11-14,2017,36.04327,-86.71302,False,0,0,0,,,,,,,,
101825518,Crashes_2010_2019_MPO,2017-11-14,2017,36.04125,-86.77729,False,0,0,0,,,,,,,,
101825239,Crashes_2010_2019_MPO,2017-11-14,2017,36.03997,-86.76539,False,0,0,0,,,,,,,,
101825521,Crashes_2010_2019_MPO,2017-11-14,2017,35.97718,-86.77206,True,0,0,0,,,,,,,,
101825438,Crashes_2010_2019_MPO,2017-11-14,2017,35.95788,-86.80257,False,0,0,0,,,,,,,,
101825798,Crashes_2010_2019_MPO,2017-11-14,2017,36.00896,-86.69358,False,0,0,0,,,,,,,,
101826661,Crashes_2010_2019_MPO,2017-11-14,2017,35.9659,-86.81393,False,0,0,0,,,,,,,,
101825977,Crashes_2010_2019_MPO,2017-11-15,2017,35.93541,-86.82372,False,0,0,0,,,,,,,,
101826243,Crashes_2010_2019_MPO,2017-11-15,2017,35.96518,-86.80029,True,0,0,0,,,,,,,,
101826639,Crashes_2010_2019_MPO,2017-11-15,2017,35.96671,-86.809127,True,0,0,0,,,,,,,,
101826109,Crashes_2010_2019_MPO,2017-11-15,2017,35.94782,-86.81975,False,0,0,0,,,,,,,,
101826680,Crashes_2010_2019_MPO,2017-11-15,2017,36.03352,-86.71298,False,0,0,0,,,,,,,,
101825976,Crashes_2010_2019_MPO,2017-11-15,2017,35.94625,-86.81452,False,0,0,0,,,,,,,,
101826309,Crashes_2010_2019_MPO,2017-11-15,2017,36.0409,-86.77938,False,0,0,0,,,,,,,,
101826917,Crashes_2010_2019_MPO,2017-11-15,2017,36.0375,-86.78584,False,0,0,0,,,,,,,,
101826607,Crashes_2010_2019_MPO,2017-11-15,2017,36.03747,-86.79098,False,0,0,0,,,,,,,,
101826072,Crashes_2010_2019_MPO,2017-11-15,2017,36.04519,-86.70004,False,0,0,0,,,,,,,,
101826817,Crashes_2010_2019_MPO,2017-11-15,2017,36.05393,-86.69121,False,0,0,0,,,,,,,,
101826563,Crashes_2010_2019_MPO,2017-11-15,2017,36.05218,-86.77601,False,0,0,0,,,,,,,,
101827186,Crashes_2010_2019_MPO,2017-11-15,2017,36.03416,-86.78826,True,0,0,0,,,,,,,,
101826625,Crashes_2010_2019_MPO,2017-11-15,2017,36.03704,-86.74928,False,0,0,0,,,,,,,,
101827187,Crashes_2010_2019_MPO,2017-11-15,2017,35.97397,-86.80514,True,0,0,0,,,,,,,,
101825980,Crashes_2010_2019_MPO,2017-11-15,2017,35.93374,-86.81767,False,0,0,0,,,,,,,,
101828044,Crashes_2010_2019_MPO,2017-11-16,2017,35.95008,-86.81914,False,0,0,0,,,,,,,,
101827813,Crashes_2010_2019_MPO,2017-11-16,2017,35.96716,-86.81351,True,0,0,0,,,,,,,,
101829361,Crashes_2010_2019_MPO,2017-11-16,2017,35.9351,-86.80574,False,0,0,0,,,,,,,,
101828131,Crashes_2010_2019_MPO,2017-11-16,2017,36.03336,-86.78872,True,0,0,0,,,,,,,,
101827822,Crashes_2010_2019_MPO,2017-11-16,2017,35.95721,-86.84339,False,0,0,0,,,,,,,,
101827083,Crashes_2010_2019_MPO,2017-11-16,2017,36.04534,-86.70222,False,0,0,0,,,,,,,,
101827108,Crashes_2010_2019_MPO,2017-11-16,2017,36.05251,-86.68455,False,0,0,0,,,,,,,,
101827557,Crashes_2010_2019_MPO,2017-11-16,2017,35.93423,-86.81894,False,0,0,0,,,,,,,,
101827334,Crashes_2010_2019_MPO,2017-11-16,2017,36.0374,-86.78657,False,0,0,0,,,,,,,,
101827496,Crashes_2010_2019_MPO,2017-11-16,2017,36.03689,-86.8019,True,0,0,0,,,,,,,,
101828040,Crashes_2010_2019_MPO,2017-11-16,2017,36.03469,-86.70589,False,0,0,0,,,,,,,,
101827071,Crashes_2010_2019_MPO,2017-11-16,2017,35.92866,-86.82437,False,0,0,0,,,,,,,,
101827377,Crashes_2010_2019_MPO,2017-11-16,2017,35.96198,-86.81518,False,0,0,0,,,,,,,,
101831500,Crashes_2010_2019_MPO,2017-11-16,2017,35.96542,-86.80049,True,0,0,0,,,,,,,,
101827008,Crashes_2010_2019_MPO,2017-11-16,2017,36.03047,-86.74398,False,0,0,0,,,,,,,,
101827748,Crashes_2010_2019_MPO,2017-11-16,2017,35.95067,-86.81852,False,0,0,0,,,,,,,,
101831734,Crashes_2010_2019_MPO,2017-11-16,2017,35.9579,-86.83173,False,0,0,0,,,,,,,,
101827122,Crashes_2010_2019_MPO,2017-11-16,2017,35.93374,-86.81767,False,0,0,0,,,,,,,,
101829195,Crashes_2010_2019_MPO,2017-11-17,2017,35.97182,-86.82584,True,0,0,0,,,,,,,,
101829044,Crashes_2010_2019_MPO,2017-11-17,2017,36.01978,-86.74213,False,0,0,0,,,,,,,,
101828328,Crashes_2010_2019_MPO,2017-11-17,2017,35.93446,-86.81991,False,0,0,0,,,,,,,,
101829127,Crashes_2010_2019_MPO,2017-11-17,2017,35.92697,-86.82445,False,0,0,0,,,,,,,,
101828539,Crashes_2010_2019_MPO,2017-11-17,2017,35.966657,-86.809166,True,0,0,0,,,,,,,,
101828872,Crashes_2010_2019_MPO,2017-11-17,2017,35.96714,-86.81343,True,0,0,0,,,,,,,,
101828895,Crashes_2010_2019_MPO,2017-11-17,2017,35.94631,-86.8236,False,0,0,0,,,,,,,,
101829273,Crashes_2010_2019_MPO,2017-11-17,2017,36.03313,-86.77437,False,0,0,0,,,,,,,,
101828388,Crashes_2010_2019_MPO,2017-11-17,2017,35.92542,-86.86729,False,0,0,0,,,,,,,,
101830399,Crashes_2010_2019_MPO,2017-11-17,2017,35.95599,-86.84809,False,0,0,0,,,,,,,,
101829307,Crashes_2010_2019_MPO,2017-11-17,2017,35.9407,-86.8316,False,0,0,0,,,,,,,,
101828840,Crashes_2010_2019_MPO,2017-11-17,2017,36.05159,-86.714,False,0,0,0,,,,,,,,
101829030,Crashes_2010_2019_MPO,2017-11-17,2017,36.02487,-86.78554,True,0,0,0,,,,,,,,
101828412,Crashes_2010_2019_MPO,2017-11-17,2017,36.04026,-86.8164,False,0,0,0,,,,,,,,
101829557,Crashes_2010_2019_MPO,2017-11-17,2017,35.99749,-86.82857,True,0,0,0,,,,,,,,
101830121,Crashes_2010_2019_MPO,2017-11-18,2017,35.96681,-86.81119,True,0,0,0,,,,,,,,
101829830,Crashes_2010_2019_MPO,2017-11-18,2017,36.04519,-86.70004,False,0,0,0,,,,,,,,
101830228,Crashes_2010_2019_MPO,2017-11-18,2017,36.04801,-86.71358,False,0,0,0,,,,,,,,
101830354,Crashes_2010_2019_MPO,2017-11-18,2017,35.9509,-86.81668,False,0,0,0,,,,,,,,
101830138,Crashes_2010_2019_MPO,2017-11-18,2017,35.96663,-86.8137,True,0,0,0,,,,,,,,
101829829,Crashes_2010_2019_MPO,2017-11-18,2017,36.04001,-86.74347,False,0,0,0,,,,,,,,
101830430,Crashes_2010_2019_MPO,2017-11-18,2017,36.04113,-86.75043,False,0,0,0,,,,,,,,
101829783,Crashes_2010_2019_MPO,2017-11-18,2017,36.03771,-86.78482,False,0,0,0,,,,,,,,
101830345,Crashes_2010_2019_MPO,2017-11-18,2017,36.04304,-86.69107,False,0,0,0,,,,,,,,
101831837,Crashes_2010_2019_MPO,2017-11-18,2017,36.03385,-86.78343,True,0,0,0,,,,,,,,
101830123,Crashes_2010_2019_MPO,2017-11-18,2017,36.0456,-86.71082,False,0,0,0,,,,,,,,
101830509,Crashes_2010_2019_MPO,2017-11-18,2017,35.96669,-86.81037,True,0,0,0,,,,,,,,
101830273,Crashes_2010_2019_MPO,2017-11-18,2017,35.98195,-86.79016,True,0,0,0,,,,,,,,
101829909,Crashes_2010_2019_MPO,2017-11-18,2017,35.95228,-86.8192,False,0,0,0,,,,,,,,
101829636,Crashes_2010_2019_MPO,2017-11-18,2017,36.05348,-86.73957,False,0,0,0,,,,,,,,
101830454,Crashes_2010_2019_MPO,2017-11-18,2017,36.04114,-86.77621,False,0,0,0,,,,,,,,
101831827,Crashes_2010_2019_MPO,2017-11-19,2017,35.9367,-86.69578,False,0,0,0,,,,,,,,
101831081,Crashes_2010_2019_MPO,2017-11-19,2017,36.04245,-86.71294,False,0,0,0,,,,,,,,
101830445,Crashes_2010_2019_MPO,2017-11-19,2017,36.0457,-86.71695,False,0,0,0,,,,,,,,
101831116,Crashes_2010_2019_MPO,2017-11-19,2017,36.02016,-86.787,True,0,0,0,,,,,,,,
101830945,Crashes_2010_2019_MPO,2017-11-19,2017,35.94708,-86.82178,False,0,0,0,,,,,,,,
101831065,Crashes_2010_2019_MPO,2017-11-19,2017,35.93306,-86.81184,False,0,0,0,,,,,,,,
101831681,Crashes_2010_2019_MPO,2017-11-20,2017,36.04635,-86.85847,False,0,0,0,,,,,,,,
101831690,Crashes_2010_2019_MPO,2017-11-20,2017,36.03474,-86.76873,False,0,0,0,,,,,,,,
101832155,Crashes_2010_2019_MPO,2017-11-20,2017,36.04114,-86.77621,False,0,0,0,,,,,,,,
101831581,Crashes_2010_2019_MPO,2017-11-20,2017,35.96488,-86.79303,True,0,0,0,,,,,,,,
101832658,Crashes_2010_2019_MPO,2017-11-20,2017,36.03422,-86.78822,True,0,0,0,,,,,,,,
101831369,Crashes_2010_2019_MPO,2017-11-20,2017,36.0243,-86.74239,False,0,0,0,,,,,,,,
101832882,Crashes_2010_2019_MPO,2017-11-20,2017,35.98154,-86.84521,False,0,0,0,,,,,,,,
101832172,Crashes_2010_2019_MPO,2017-11-20,2017,35.96312,-86.81897,True,0,0,0,,,,,,,,
101832272,Crashes_2010_2019_MPO,2017-11-20,2017,36.02741,-86.792,True,0,0,0,,,,,,,,
101832402,Crashes_2010_2019_MPO,2017-11-20,2017,36.0233,-86.7868,True,0,0,0,,,,,,,,
101831650,Crashes_2010_2019_MPO,2017-11-20,2017,36.0481,-86.73169,False,0,0,0,,,,,,,,
101832122,Crashes_2010_2019_MPO,2017-11-20,2017,35.92495,-86.8247,False,0,0,0,,,,,,,,
101831660,Crashes_2010_2019_MPO,2017-11-20,2017,36.04006,-86.74419,False,0,0,0,,,,,,,,
101832124,Crashes_2010_2019_MPO,2017-11-20,2017,36.03868,-86.78313,False,0,0,0,,,,,,,,
101832157,Crashes_2010_2019_MPO,2017-11-20,2017,36.041,-86.74371,False,0,0,0,,,,,,,,
101831462,Crashes_2010_2019_MPO,2017-11-20,2017,36.04012,-86.78074,False,0,0,0,,,,,,,,
101831628,Crashes_2010_2019_MPO,2017-11-20,2017,36.01259,-86.70374,False,0,0,0,,,,,,,,
101831530,Crashes_2010_2019_MPO,2017-11-20,2017,35.95828,-86.81587,False,0,0,0,,,,,,,,
101832012,Crashes_2010_2019_MPO,2017-11-20,2017,35.9463,-86.8085,False,0,0,0,,,,,,,,
101831546,Crashes_2010_2019_MPO,2017-11-20,2017,35.97776,-86.80359,True,0,0,0,,,,,,,,
101831614,Crashes_2010_2019_MPO,2017-11-20,2017,35.9407,-86.83934,False,0,0,0,,,,,,,,
101832013,Crashes_2010_2019_MPO,2017-11-20,2017,35.94683,-86.85172,False,0,0,0,,,,,,,,
101832273,Crashes_2010_2019_MPO,2017-11-20,2017,36.03231,-86.79989,True,0,0,0,,,,,,,,
101831742,Crashes_2010_2019_MPO,2017-11-20,2017,36.03931,-86.73647,False,0,0,0,,,,,,,,
101833867,Crashes_2010_2019_MPO,2017-11-20,2017,36.031566,-86.789768,True,0,0,0,,,,,,,,
101832031,Crashes_2010_2019_MPO,2017-11-20,2017,35.93202,-86.86282,False,0,0,0,,,,,,,,
101832919,Crashes_2010_2019_MPO,2017-11-21,2017,35.95032,-86.81898,False,0,0,0,,,,,,,,
101833083,Crashes_2010_2019_MPO,2017-11-21,2017,35.99734,-86.79486,True,0,0,0,,,,,,,,
101832767,Crashes_2010_2019_MPO,2017-11-21,2017,35.93931,-86.8216,False,0,0,0,,,,,,,,
101833151,Crashes_2010_2019_MPO,2017-11-21,2017,35.93374,-86.81767,False,0,0,0,,,,,,,,
101832568,Crashes_2010_2019_MPO,2017-11-21,2017,36.05317,-86.858,False,0,0,0,,,,,,,,
101833819,Crashes_2010_2019_MPO,2017-11-21,2017,35.95721,-86.87366,False,0,0,0,,,,,,,,
101833024,Crashes_2010_2019_MPO,2017-11-21,2017,36.04114,-86.77621,False,0,0,0,,,,,,,,
101832797,Crashes_2010_2019_MPO,2017-11-21,2017,36.03727,-86.78859,False,0,0,0,,,,,,,,
101833082,Crashes_2010_2019_MPO,2017-11-21,2017,35.97421,-86.80506,True,0,0,0,,,,,,,,
101833737,Crashes_2010_2019_MPO,2017-11-21,2017,36.03162,-86.87542,False,0,0,0,,,,,,,,
101833531,Crashes_2010_2019_MPO,2017-11-21,2017,36.04562,-86.70643,False,0,0,0,,,,,,,,
101832786,Crashes_2010_2019_MPO,2017-11-21,2017,36.00065,-86.81056,True,0,0,0,,,,,,,,
101833389,Crashes_2010_2019_MPO,2017-11-21,2017,36.04454,-86.68697,False,0,0,0,,,,,,,,
101833825,Crashes_2010_2019_MPO,2017-11-21,2017,36.01518,-86.70553,False,0,0,0,,,,,,,,
101833373,Crashes_2010_2019_MPO,2017-11-21,2017,36.03776,-86.78296,False,0,0,0,,,,,,,,
101833390,Crashes_2010_2019_MPO,2017-11-21,2017,35.9584,-86.80226,False,0,0,0,,,,,,,,
101833150,Crashes_2010_2019_MPO,2017-11-21,2017,35.9492,-86.81948,False,0,0,0,,,,,,,,
101833376,Crashes_2010_2019_MPO,2017-11-21,2017,36.03036,-86.78362,True,0,0,0,,,,,,,,
101832807,Crashes_2010_2019_MPO,2017-11-21,2017,35.9351,-86.82414,False,0,0,0,,,,,,,,
101838910,Crashes_2010_2019_MPO,2017-11-22,2017,35.96495,-86.81133,False,0,0,0,,,,,,,,
101834822,Crashes_2010_2019_MPO,2017-11-22,2017,36.04859,-86.74361,False,0,0,0,,,,,,,,
101834801,Crashes_2010_2019_MPO,2017-11-22,2017,36.05403,-86.71514,False,0,0,0,,,,,,,,
101834566,Crashes_2010_2019_MPO,2017-11-22,2017,36.05491,-86.67817,False,0,0,0,,,,,,,,
101833827,Crashes_2010_2019_MPO,2017-11-22,2017,36.04064,-86.7819,False,0,0,1,,,,,,,,
101834962,Crashes_2010_2019_MPO,2017-11-22,2017,36.0452,-86.71505,False,0,0,0,,,,,,,,
101834564,Crashes_2010_2019_MPO,2017-11-22,2017,35.99602,-86.68866,False,0,0,0,,,,,,,,
101834256,Crashes_2010_2019_MPO,2017-11-22,2017,36.04071,-86.78275,False,0,0,0,,,,,,,,
101834582,Crashes_2010_2019_MPO,2017-11-22,2017,35.96671,-86.81052,True,0,0,0,,,,,,,,
101835732,Crashes_2010_2019_MPO,2017-11-23,2017,36.04,-86.74325,False,0,0,0,,,,,,,,
101835835,Crashes_2010_2019_MPO,2017-11-23,2017,36.04038,-86.74382,False,0,0,0,,,,,,,,
101835368,Crashes_2010_2019_MPO,2017-11-23,2017,36.04396,-86.68801,False,0,0,0,,,,,,,,
101835710,Crashes_2010_2019_MPO,2017-11-23,2017,35.94853,-86.80739,False,0,1,0,,,,,,,,
101838912,Crashes_2010_2019_MPO,2017-11-23,2017,35.95268,-86.81253,False,0,0,0,,,,,,,,
101835407,Crashes_2010_2019_MPO,2017-11-23,2017,35.95965,-86.8415,False,0,0,0,,,,,,,,
101844881,Crashes_2010_2019_MPO,2017-11-24,2017,35.96154,-86.81217,False,0,0,0,,,,,,,,
101836387,Crashes_2010_2019_MPO,2017-11-24,2017,36.04565,-86.71037,False,0,0,0,,,,,,,,
101836902,Crashes_2010_2019_MPO,2017-11-24,2017,36.04572,-86.70931,False,0,0,0,,,,,,,,
101838916,Crashes_2010_2019_MPO,2017-11-24,2017,35.9485,-86.81973,False,0,0,0,,,,,,,,
101837575,Crashes_2010_2019_MPO,2017-11-24,2017,36.03551,-86.78748,True,0,0,1,,,,,,,,
101835920,Crashes_2010_2019_MPO,2017-11-24,2017,36.03084,-86.70169,False,0,0,0,,,,,,,,
101848000,Crashes_2010_2019_MPO,2017-11-25,2017,35.99831,-86.79585,True,0,0,0,,,,,,,,