record_no,source_layer,collision_ts,crash_year,latitude,longitude,in_city,fatalities,non_motorists,truck_involved,serious_injuries,pedestrian,bicycle,crash_type,manner_of_collision,lighting,weather,first_harmful_event
101838564,Crashes_2010_2019_MPO,2017-11-25,2017,36.04302,-86.69065,False,0,0,0,,,,,,,,
101838417,Crashes_2010_2019_MPO,2017-11-25,2017,35.94888,-86.81766,False,0,0,0,,,,,,,,
101837876,Crashes_2010_2019_MPO,2017-11-25,2017,35.94675,-86.85178,False,0,0,0,,,,,,,,
101838220,Crashes_2010_2019_MPO,2017-11-25,2017,36.04658,-86.71341,False,0,0,0,,,,,,,,
101838743,Crashes_2010_2019_MPO,2017-11-25,2017,35.9912,-86.68349,False,0,0,0,,,,,,,,
101837706,Crashes_2010_2019_MPO,2017-11-25,2017,36.04482,-86.69534,False,0,0,0,,,,,,,,
101838592,Crashes_2010_2019_MPO,2017-11-25,2017,35.92439,-86.82239,False,0,0,0,,,,,,,,
101837681,Crashes_2010_2019_MPO,2017-11-25,2017,36.02018,-86.71021,False,0,0,0,,,,,,,,
101839242,Crashes_2010_2019_MPO,2017-11-26,2017,36.04079,-86.77959,False,0,0,0,,,,,,,,
101838946,Crashes_2010_2019_MPO,2017-11-26,2017,36.04561,-86.71076,False,0,0,0,,,,,,,,
101839246,Crashes_2010_2019_MPO,2017-11-26,2017,36.0409,-86.77938,False,0,0,0,,,,,,,,
101839406,Crashes_2010_2019_MPO,2017-11-26,2017,35.98804,-86.68108,False,0,0,0,,,,,,,,
101840654,Crashes_2010_2019_MPO,2017-11-27,2017,35.92363,-86.86862,False,0,0,0,,,,,,,,
101840626,Crashes_2010_2019_MPO,2017-11-27,2017,36.04084,-86.77347,False,0,0,0,,,,,,,,
101840559,Crashes_2010_2019_MPO,2017-11-27,2017,35.99004,-86.74528,True,0,0,0,,,,,,,,
101840456,Crashes_2010_2019_MPO,2017-11-27,2017,36.02653,-86.79254,True,0,0,0,,,,,,,,
101841267,Crashes_2010_2019_MPO,2017-11-27,2017,36.03322,-86.78324,True,0,0,0,,,,,,,,
101844423,Crashes_2010_2019_MPO,2017-11-27,2017,35.95948,-86.80991,False,0,0,0,,,,,,,,
101840734,Crashes_2010_2019_MPO,2017-11-27,2017,36.04114,-86.77621,False,0,0,0,,,,,,,,
101840244,Crashes_2010_2019_MPO,2017-11-27,2017,35.9295,-86.84135,False,0,0,0,,,,,,,,
101843551,Crashes_2010_2019_MPO,2017-11-27,2017,36.03079,-86.87575,False,0,0,0,,,,,,,,
101840173,Crashes_2010_2019_MPO,2017-11-27,2017,36.04723,-86.86243,False,0,0,0,,,,,,,,
101839992,Crashes_2010_2019_MPO,2017-11-27,2017,35.98359,-86.80155,True,0,0,0,,,,,,,,
101840031,Crashes_2010_2019_MPO,2017-11-27,2017,35.93374,-86.81767,False,0,0,0,,,,,,,,
101840323,Crashes_2010_2019_MPO,2017-11-27,2017,36.03551,-86.78748,True,0,0,0,,,,,,,,
101840625,Crashes_2010_2019_MPO,2017-11-27,2017,35.99775,-86.7983,True,0,0,0,,,,,,,,
101840435,Crashes_2010_2019_MPO,2017-11-27,2017,36.04537,-86.71326,False,0,0,0,,,,,,,,
101840619,Crashes_2010_2019_MPO,2017-11-27,2017,35.98664,-86.70929,True,0,0,0,,,,,,,,
101840487,Crashes_2010_2019_MPO,2017-11-27,2017,35.93098,-86.8636,False,0,0,0,,,,,,,,
101842325,Crashes_2010_2019_MPO,2017-11-27,2017,35.94756,-86.81401,False,0,0,0,,,,,,,,
101842324,Crashes_2010_2019_MPO,2017-11-27,2017,35.95813,-86.80261,False,0,0,0,,,,,,,,
101841512,Crashes_2010_2019_MPO,2017-11-28,2017,35.93548,-86.82327,False,0,0,0,,,,,,,,
101841218,Crashes_2010_2019_MPO,2017-11-28,2017,36.03689,-86.8019,True,0,0,0,,,,,,,,
101841242,Crashes_2010_2019_MPO,2017-11-28,2017,36.04001,-86.74347,False,0,0,0,,,,,,,,
101840921,Crashes_2010_2019_MPO,2017-11-28,2017,36.04316,-86.78183,False,0,0,0,,,,,,,,
101841735,Crashes_2010_2019_MPO,2017-11-28,2017,36.04493,-86.78005,False,0,0,0,,,,,,,,
101842708,Crashes_2010_2019_MPO,2017-11-28,2017,35.967248,-86.814904,True,0,0,0,,,,,,,,
101841231,Crashes_2010_2019_MPO,2017-11-28,2017,36.03888,-86.74343,False,0,0,0,,,,,,,,
101843341,Crashes_2010_2019_MPO,2017-11-28,2017,35.99758,-86.79681,True,0,0,0,,,,,,,,
101842669,Crashes_2010_2019_MPO,2017-11-28,2017,35.94711,-86.82114,False,0,0,0,,,,,,,,
101841029,Crashes_2010_2019_MPO,2017-11-28,2017,35.93465,-86.86087,False,0,0,0,,,,,,,,
101841206,Crashes_2010_2019_MPO,2017-11-28,2017,36.03334,-86.80218,True,0,0,0,,,,,,,,
101841804,Crashes_2010_2019_MPO,2017-11-28,2017,36.04245,-86.71294,False,0,0,0,,,,,,,,
101841855,Crashes_2010_2019_MPO,2017-11-28,2017,36.05092,-86.74332,False,0,0,0,,,,,,,,
101841072,Crashes_2010_2019_MPO,2017-11-28,2017,35.92248,-86.82272,False,0,0,0,,,,,,,,
101841837,Crashes_2010_2019_MPO,2017-11-28,2017,35.94973,-86.75735,True,0,0,0,,,,,,,,
101841026,Crashes_2010_2019_MPO,2017-11-28,2017,36.04044,-86.74538,False,0,0,0,,,,,,,,
101842065,Crashes_2010_2019_MPO,2017-11-28,2017,35.96133,-86.81226,False,0,0,0,,,,,,,,
101842668,Crashes_2010_2019_MPO,2017-11-28,2017,35.96634,-86.81246,False,0,0,0,,,,,,,,
101842156,Crashes_2010_2019_MPO,2017-11-29,2017,36.01522,-86.82207,True,0,0,0,,,,,,,,
101842799,Crashes_2010_2019_MPO,2017-11-29,2017,35.9264,-86.8244,False,0,0,0,,,,,,,,
101842175,Crashes_2010_2019_MPO,2017-11-29,2017,35.93117,-86.79415,False,0,0,0,,,,,,,,
101847339,Crashes_2010_2019_MPO,2017-11-29,2017,35.92252,-86.87182,False,0,0,0,,,,,,,,
101843071,Crashes_2010_2019_MPO,2017-11-29,2017,36.0172,-86.78618,True,0,0,0,,,,,,,,
101842884,Crashes_2010_2019_MPO,2017-11-29,2017,36.0374,-86.78657,False,0,0,0,,,,,,,,
101842772,Crashes_2010_2019_MPO,2017-11-29,2017,35.93215,-86.79441,False,0,0,0,,,,,,,,
101842856,Crashes_2010_2019_MPO,2017-11-29,2017,35.96534,-86.79757,True,0,0,0,,,,,,,,
101842848,Crashes_2010_2019_MPO,2017-11-29,2017,35.96492,-86.81552,True,0,0,0,,,,,,,,
101842195,Crashes_2010_2019_MPO,2017-11-29,2017,36.05081,-86.77515,False,0,0,0,,,,,,,,
101842145,Crashes_2010_2019_MPO,2017-11-29,2017,36.03689,-86.81684,True,0,0,0,,,,,,,,
101842733,Crashes_2010_2019_MPO,2017-11-29,2017,35.99573,-86.81108,True,0,0,0,,,,,,,,
101842712,Crashes_2010_2019_MPO,2017-11-29,2017,36.03099,-86.81774,True,0,0,0,,,,,,,,
101845953,Crashes_2010_2019_MPO,2017-11-29,2017,35.99516,-86.77516,True,0,0,0,,,,,,,,
101843025,Crashes_2010_2019_MPO,2017-11-29,2017,35.96421,-86.78409,True,0,0,0,,,,,,,,
101843336,Crashes_2010_2019_MPO,2017-11-29,2017,36.0142,-86.83901,False,0,0,0,,,,,,,,
101842573,Crashes_2010_2019_MPO,2017-11-29,2017,35.95375,-86.8133,False,0,0,0,,,,,,,,
101844008,Crashes_2010_2019_MPO,2017-11-30,2017,35.92979,-86.82051,False,0,0,0,,,,,,,,
101843673,Crashes_2010_2019_MPO,2017-11-30,2017,36.04486,-86.7132,False,0,0,1,,,,,,,,
101843393,Crashes_2010_2019_MPO,2017-11-30,2017,36.0417,-86.74862,False,0,0,0,,,,,,,,
101843146,Crashes_2010_2019_MPO,2017-11-30,2017,35.97103,-86.72644,True,0,0,0,,,,,,,,
101843778,Crashes_2010_2019_MPO,2017-11-30,2017,36.0343,-86.80211,True,0,0,0,,,,,,,,
101847340,Crashes_2010_2019_MPO,2017-11-30,2017,35.92639,-86.82426,False,0,0,0,,,,,,,,
101843441,Crashes_2010_2019_MPO,2017-11-30,2017,36.0374,-86.78657,False,0,0,0,,,,,,,,
101844431,Crashes_2010_2019_MPO,2017-11-30,2017,35.94524,-86.877,False,0,0,0,,,,,,,,
101843198,Crashes_2010_2019_MPO,2017-11-30,2017,35.93374,-86.81767,False,0,0,0,,,,,,,,
101845172,Crashes_2010_2019_MPO,2017-11-30,2017,35.99265,-86.79844,True,0,0,0,,,,,,,,
101843288,Crashes_2010_2019_MPO,2017-11-30,2017,36.03482,-86.78331,True,0,0,0,,,,,,,,
101848482,Crashes_2010_2019_MPO,2017-11-30,2017,35.92863,-86.75616,False,0,0,0,,,,,,,,
101843837,Crashes_2010_2019_MPO,2017-11-30,2017,36.05047,-86.87652,False,0,0,0,,,,,,,,
101845479,Crashes_2010_2019_MPO,2017-11-30,2017,36.03496,-86.79143,True,0,0,0,,,,,,,,
101843775,Crashes_2010_2019_MPO,2017-11-30,2017,35.9662,-86.81137,False,0,0,0,,,,,,,,
101843278,Crashes_2010_2019_MPO,2017-11-30,2017,36.03821,-86.8009,False,0,0,0,,,,,,,,
101846188,Crashes_2010_2019_MPO,2017-11-30,2017,35.96716,-86.81351,True,0,0,0,,,,,,,,
101844450,Crashes_2010_2019_MPO,2017-11-30,2017,35.95041,-86.84884,False,0,0,0,,,,,,,,
101843059,Crashes_2010_2019_MPO,2017-11-30,2017,36.04944,-86.68575,False,0,0,0,,,,,,,,
101844422,Crashes_2010_2019_MPO,2017-11-30,2017,35.95227,-86.81799,False,0,0,0,,,,,,,,
101843865,Crashes_2010_2019_MPO,2017-11-30,2017,35.9521,-86.8475,False,0,0,0,,,,,,,,
101843481,Crashes_2010_2019_MPO,2017-11-30,2017,36.0379,-86.78271,False,0,0,0,,,,,,,,
101844105,Crashes_2010_2019_MPO,2017-11-30,2017,35.9441,-86.84554,False,0,0,0,,,,,,,,
101844659,Crashes_2010_2019_MPO,2017-12-01,2017,36.03652,-86.80101,True,0,0,0,,,,,,,,
101846100,Crashes_2010_2019_MPO,2017-12-01,2017,35.92338,-86.81647,False,0,0,0,,,,,,,,
101845331,Crashes_2010_2019_MPO,2017-12-01,2017,36.04,-86.76839,False,0,0,0,,,,,,,,
101844640,Crashes_2010_2019_MPO,2017-12-01,2017,36.04191,-86.82481,False,0,0,0,,,,,,,,
101846145,Crashes_2010_2019_MPO,2017-12-01,2017,35.99774,-86.79817,True,0,0,0,,,,,,,,
101846101,Crashes_2010_2019_MPO,2017-12-01,2017,35.93586,-86.82373,False,0,0,0,,,,,,,,
101848612,Crashes_2010_2019_MPO,2017-12-01,2017,35.96865,-86.81929,True,0,0,0,,,,,,,,
101845097,Crashes_2010_2019_MPO,2017-12-01,2017,36.03424,-86.87377,False,0,0,0,,,,,,,,
101844268,Crashes_2010_2019_MPO,2017-12-01,2017,35.94631,-86.8236,False,0,0,0,,,,,,,,
101845224,Crashes_2010_2019_MPO,2017-12-01,2017,36.04171,-86.74846,False,0,0,0,,,,,,,,
101844696,Crashes_2010_2019_MPO,2017-12-01,2017,35.94822,-86.81976,False,0,0,0,,,,,,,,
101846144,Crashes_2010_2019_MPO,2017-12-01,2017,35.96762,-86.81713,True,0,0,0,,,,,,,,
101846104,Crashes_2010_2019_MPO,2017-12-01,2017,35.92766,-86.86813,False,0,0,0,,,,,,,,
101844771,Crashes_2010_2019_MPO,2017-12-01,2017,35.92287,-86.87281,False,0,0,0,,,,,,,,
101845176,Crashes_2010_2019_MPO,2017-12-01,2017,36.03894,-86.78269,False,0,0,0,,,,,,,,
101844897,Crashes_2010_2019_MPO,2017-12-01,2017,36.00067,-86.69018,False,0,0,0,,,,,,,,
101844471,Crashes_2010_2019_MPO,2017-12-01,2017,35.99759,-86.79685,True,0,0,0,,,,,,,,
101844682,Crashes_2010_2019_MPO,2017-12-01,2017,36.03761,-86.78512,False,0,0,0,,,,,,,,
101844496,Crashes_2010_2019_MPO,2017-12-01,2017,36.01689,-86.78609,True,0,0,0,,,,,,,,
101846070,Crashes_2010_2019_MPO,2017-12-02,2017,36.01238,-86.70361,False,0,0,0,,,,,,,,
101846415,Crashes_2010_2019_MPO,2017-12-02,2017,35.9995,-86.69338,False,0,0,0,,,,,,,,
101846117,Crashes_2010_2019_MPO,2017-12-02,2017,36.03997,-86.7276,False,0,0,0,,,,,,,,
101846081,Crashes_2010_2019_MPO,2017-12-02,2017,36.04249,-86.78217,False,0,0,0,,,,,,,,
101846787,Crashes_2010_2019_MPO,2017-12-02,2017,35.98025,-86.80295,True,0,0,1,,,,,,,,
101846033,Crashes_2010_2019_MPO,2017-12-02,2017,35.95772,-86.80261,False,0,0,0,,,,,,,,
101847200,Crashes_2010_2019_MPO,2017-12-03,2017,35.94371,-86.81531,False,0,0,0,,,,,,,,
101847142,Crashes_2010_2019_MPO,2017-12-03,2017,36.05366,-86.71502,False,0,0,0,,,,,,,,
101848321,Crashes_2010_2019_MPO,2017-12-03,2017,35.94755,-86.82104,False,0,1,0,,,,,,,,
101846915,Crashes_2010_2019_MPO,2017-12-03,2017,35.93722,-86.87879,False,0,0,0,,,,,,,,
101846890,Crashes_2010_2019_MPO,2017-12-03,2017,36.04286,-86.84111,False,0,0,0,,,,,,,,
101847056,Crashes_2010_2019_MPO,2017-12-03,2017,36.04789,-86.71356,False,0,0,0,,,,,,,,
101847251,Crashes_2010_2019_MPO,2017-12-03,2017,35.92441,-86.76695,False,0,0,0,,,,,,,,
101851755,Crashes_2010_2019_MPO,2017-12-04,2017,36.0159,-86.78171,True,1,0,1,,,,,,,,
101847740,Crashes_2010_2019_MPO,2017-12-04,2017,36.04028,-86.76837,False,0,0,0,,,,,,,,
101847763,Crashes_2010_2019_MPO,2017-12-04,2017,36.04639,-86.71195,False,0,0,1,,,,,,,,
101847650,Crashes_2010_2019_MPO,2017-12-04,2017,36.05156,-86.72425,False,0,0,0,,,,,,,,
101848157,Crashes_2010_2019_MPO,2017-12-04,2017,36.03324,-86.78338,True,0,0,0,,,,,,,,
101851491,Crashes_2010_2019_MPO,2017-12-04,2017,35.93198,-86.79474,False,0,0,0,,,,,,,,
101854318,Crashes_2010_2019_MPO,2017-12-04,2017,35.97846,-86.80334,True,0,0,0,,,,,,,,
101848069,Crashes_2010_2019_MPO,2017-12-04,2017,36.0473,-86.86274,False,0,0,0,,,,,,,,
101847538,Crashes_2010_2019_MPO,2017-12-04,2017,35.94656,-86.80963,False,0,0,0,,,,,,,,
101848259,Crashes_2010_2019_MPO,2017-12-04,2017,36.03668,-86.81687,True,0,0,0,,,,,,,,
101850000,Crashes_2010_2019_MPO,2017-12-04,2017,36.02671,-86.78976,True,0,0,0,,,,,,,,
101848265,Crashes_2010_2019_MPO,2017-12-04,2017,36.04519,-86.70007,False,0,0,0,,,,,,,,
101847467,Crashes_2010_2019_MPO,2017-12-04,2017,35.95231,-86.81242,False,0,0,0,,,,,,,,
101847889,Crashes_2010_2019_MPO,2017-12-04,2017,35.95918,-86.8021,False,0,0,0,,,,,,,,
101848807,Crashes_2010_2019_MPO,2017-12-05,2017,36.0389,-86.67744,False,0,0,0,,,,,,,,
101848884,Crashes_2010_2019_MPO,2017-12-05,2017,35.997571,-86.794889,True,0,0,0,,,,,,,,
101849169,Crashes_2010_2019_MPO,2017-12-05,2017,35.96133,-86.81226,False,0,0,0,,,,,,,,
101848546,Crashes_2010_2019_MPO,2017-12-05,2017,36.03628,-86.79085,True,0,0,0,,,,,,,,
101849294,Crashes_2010_2019_MPO,2017-12-05,2017,36.01819,-86.77285,True,0,0,0,,,,,,,,
101849185,Crashes_2010_2019_MPO,2017-12-05,2017,36.04785,-86.8647,False,0,0,0,,,,,,,,
101849376,Crashes_2010_2019_MPO,2017-12-05,2017,36.0453,-86.70168,False,0,0,0,,,,,,,,
101848562,Crashes_2010_2019_MPO,2017-12-05,2017,35.99551,-86.77887,True,0,0,0,,,,,,,,
101851493,Crashes_2010_2019_MPO,2017-12-05,2017,35.95102,-86.80784,False,0,0,0,,,,,,,,
101848776,Crashes_2010_2019_MPO,2017-12-05,2017,35.99793,-86.79991,True,0,0,0,,,,,,,,
101849427,Crashes_2010_2019_MPO,2017-12-05,2017,35.94687,-86.85168,False,0,0,0,,,,,,,,
101849508,Crashes_2010_2019_MPO,2017-12-05,2017,36.04062,-86.7799,False,0,0,0,,,,,,,,
101848630,Crashes_2010_2019_MPO,2017-12-05,2017,36.03323,-86.71135,False,0,0,0,,,,,,,,
101848765,Crashes_2010_2019_MPO,2017-12-05,2017,36.03972,-86.75723,False,0,0,0,,,,,,,,
101848793,Crashes_2010_2019_MPO,2017-12-05,2017,36.0328,-86.7836,True,0,0,0,,,,,,,,
101848875,Crashes_2010_2019_MPO,2017-12-05,2017,35.99945,-86.69343,False,0,0,0,,,,,,,,
101848694,Crashes_2010_2019_MPO,2017-12-05,2017,36.04455,-86.78057,False,0,0,0,,,,,,,,
101848989,Crashes_2010_2019_MPO,2017-12-05,2017,36.0371,-86.78664,False,0,0,0,,,,,,,,
101849260,Crashes_2010_2019_MPO,2017-12-05,2017,35.99568,-86.7807,True,0,0,0,,,,,,,,
101848825,Crashes_2010_2019_MPO,2017-12-05,2017,36.04117,-86.7765,False,0,0,0,,,,,,,,
101850180,Crashes_2010_2019_MPO,2017-12-06,2017,35.9824,-86.77068,True,0,0,0,,,,,,,,
101849652,Crashes_2010_2019_MPO,2017-12-06,2017,36.04483,-86.72476,False,0,0,0,,,,,,,,
101849911,Crashes_2010_2019_MPO,2017-12-06,2017,35.92957,-86.84187,False,0,0,0,,,,,,,,
101850257,Crashes_2010_2019_MPO,2017-12-06,2017,35.95639,-86.83217,False,0,0,0,,,,,,,,
101850128,Crashes_2010_2019_MPO,2017-12-06,2017,35.93306,-86.7812,False,0,0,0,,,,,,,,
101850335,Crashes_2010_2019_MPO,2017-12-06,2017,36.04117,-86.77652,False,0,0,0,,,,,,,,
101849612,Crashes_2010_2019_MPO,2017-12-06,2017,35.96488,-86.7931,True,0,0,0,,,,,,,,
101850275,Crashes_2010_2019_MPO,2017-12-06,2017,35.95927,-86.81602,False,0,0,0,,,,,,,,
101849665,Crashes_2010_2019_MPO,2017-12-06,2017,36.0522,-86.74309,False,0,0,0,,,,,,,,
101852302,Crashes_2010_2019_MPO,2017-12-06,2017,35.99248,-86.84802,False,0,0,0,,,,,,,,
101849689,Crashes_2010_2019_MPO,2017-12-06,2017,36.02233,-86.71212,False,0,0,0,,,,,,,,
101850272,Crashes_2010_2019_MPO,2017-12-06,2017,35.95212,-86.81784,False,0,0,0,,,,,,,,
101850256,Crashes_2010_2019_MPO,2017-12-06,2017,35.92926,-86.83968,False,0,0,0,,,,,,,,
101850999,Crashes_2010_2019_MPO,2017-12-07,2017,35.96167,-86.81212,False,0,0,0,,,,,,,,
101850615,Crashes_2010_2019_MPO,2017-12-07,2017,35.92862,-86.84207,False,0,0,0,,,,,,,,
101851357,Crashes_2010_2019_MPO,2017-12-07,2017,35.94774,-86.85976,False,0,0,0,,,,,,,,
101850704,Crashes_2010_2019_MPO,2017-12-07,2017,35.9731,-86.8306,True,0,0,0,,,,,,,,
101854350,Crashes_2010_2019_MPO,2017-12-07,2017,35.92653,-86.76722,False,0,0,0,,,,,,,,
101850840,Crashes_2010_2019_MPO,2017-12-07,2017,36.04622,-86.71479,False,0,1,0,,,,,,,,
101850601,Crashes_2010_2019_MPO,2017-12-07,2017,35.94125,-86.81625,False,0,0,0,,,,,,,,
101851389,Crashes_2010_2019_MPO,2017-12-07,2017,36.03794,-86.78461,False,0,0,0,,,,,,,,
101851239,Crashes_2010_2019_MPO,2017-12-07,2017,35.96518,-86.80029,True,0,0,0,,,,,,,,
101851496,Crashes_2010_2019_MPO,2017-12-07,2017,35.92589,-86.80602,False,0,0,0,,,,,,,,
101851391,Crashes_2010_2019_MPO,2017-12-07,2017,35.94707,-86.8538,False,0,0,0,,,,,,,,
101851208,Crashes_2010_2019_MPO,2017-12-07,2017,35.96567,-86.80096,True,0,0,0,,,,,,,,
101852902,Crashes_2010_2019_MPO,2017-12-07,2017,35.92745,-86.74152,False,0,0,0,,,,,,,,
101850945,Crashes_2010_2019_MPO,2017-12-07,2017,36.03803,-86.80078,False,0,0,0,,,,,,,,
101852437,Crashes_2010_2019_MPO,2017-12-08,2017,36.03934,-86.78201,False,0,0,0,,,,,,,,
101851929,Crashes_2010_2019_MPO,2017-12-08,2017,36.04084,-86.77347,False,0,0,0,,,,,,,,
101852371,Crashes_2010_2019_MPO,2017-12-08,2017,35.96919,-86.77652,True,0,0,0,,,,,,,,
101853403,Crashes_2010_2019_MPO,2017-12-08,2017,35.99652,-86.78878,True,0,0,0,,,,,,,,
101852518,Crashes_2010_2019_MPO,2017-12-08,2017,35.96126,-86.8124,False,0,0,0,,,,,,,,
101852773,Crashes_2010_2019_MPO,2017-12-08,2017,35.97776,-86.80359,True,0,0,0,,,,,,,,
101851765,Crashes_2010_2019_MPO,2017-12-08,2017,36.03956,-86.78344,False,0,0,0,,,,,,,,
101852426,Crashes_2010_2019_MPO,2017-12-08,2017,35.97448,-86.83198,True,0,0,0,,,,,,,,
101852637,Crashes_2010_2019_MPO,2017-12-08,2017,35.96991,-86.72481,True,0,0,0,,,,,,,,
101852774,Crashes_2010_2019_MPO,2017-12-08,2017,35.97776,-86.80359,True,0,0,0,,,,,,,,
101851786,Crashes_2010_2019_MPO,2017-12-08,2017,36.04466,-86.71318,False,0,0,0,,,,,,,,
101852705,Crashes_2010_2019_MPO,2017-12-08,2017,35.98037,-86.73902,True,0,0,0,,,,,,,,
101852515,Crashes_2010_2019_MPO,2017-12-08,2017,35.93564,-86.82449,False,0,0,0,,,,,,,,
101852394,Crashes_2010_2019_MPO,2017-12-08,2017,35.99554,-86.77921,True,0,0,0,,,,,,,,
101852443,Crashes_2010_2019_MPO,2017-12-08,2017,35.986,-86.73531,True,0,0,0,,,,,,,,
101851761,Crashes_2010_2019_MPO,2017-12-08,2017,35.96269,-86.70663,True,0,0,0,,,,,,,,
101852516,Crashes_2010_2019_MPO,2017-12-08,2017,35.947,-86.85333,False,0,0,0,,,,,,,,
101852417,Crashes_2010_2019_MPO,2017-12-08,2017,35.96622,-86.81383,False,0,0,0,,,,,,,,
101852517,Crashes_2010_2019_MPO,2017-12-08,2017,35.94461,-86.81975,False,0,0,0,,,,,,,,
101851737,Crashes_2010_2019_MPO,2017-12-08,2017,35.9947,-86.74873,True,0,1,0,,,,,,,,
101852616,Crashes_2010_2019_MPO,2017-12-08,2017,35.95724,-86.81662,False,0,0,0,,,,,,,,
101852981,Crashes_2010_2019_MPO,2017-12-08,2017,35.96199,-86.81523,False,0,0,0,,,,,,,,
101852514,Crashes_2010_2019_MPO,2017-12-08,2017,35.95915,-86.81161,False,0,0,0,,,,,,,,
101851545,Crashes_2010_2019_MPO,2017-12-08,2017,35.9971,-86.79689,True,0,0,0,,,,,,,,
101853414,Crashes_2010_2019_MPO,2017-12-09,2017,36.04537,-86.71326,False,0,0,0,,,,,,,,
101852845,Crashes_2010_2019_MPO,2017-12-09,2017,36.0451,-86.69866,False,0,0,0,,,,,,,,
101853242,Crashes_2010_2019_MPO,2017-12-09,2017,35.93292,-86.81159,False,0,0,0,,,,,,,,
101853548,Crashes_2010_2019_MPO,2017-12-09,2017,36.04543,-86.70361,False,0,0,0,,,,,,,,
101855340,Crashes_2010_2019_MPO,2017-12-09,2017,36.01286,-86.80081,True,0,0,0,,,,,,,,
101852992,Crashes_2010_2019_MPO,2017-12-09,2017,35.92825,-86.76739,False,0,0,0,,,,,,,,
101852825,Crashes_2010_2019_MPO,2017-12-09,2017,36.0451,-86.69866,False,0,0,0,,,,,,,,
101853340,Crashes_2010_2019_MPO,2017-12-09,2017,35.99908,-86.80879,True,0,0,0,,,,,,,,
101853337,Crashes_2010_2019_MPO,2017-12-09,2017,36.04019,-86.8162,False,0,0,0,,,,,,,,
101853411,Crashes_2010_2019_MPO,2017-12-09,2017,36.00989,-86.80301,True,0,0,0,,,,,,,,
101853117,Crashes_2010_2019_MPO,2017-12-09,2017,36.03928,-86.78211,False,0,0,0,,,,,,,,
101854508,Crashes_2010_2019_MPO,2017-12-10,2017,35.92499,-86.82469,False,0,0,0,,,,,,,,
101854001,Crashes_2010_2019_MPO,2017-12-10,2017,35.95754,-86.84312,False,0,0,0,,,,,,,,
101854443,Crashes_2010_2019_MPO,2017-12-10,2017,35.94782,-86.81975,False,0,0,0,,,,,,,,
101853988,Crashes_2010_2019_MPO,2017-12-10,2017,35.97847,-86.80358,True,0,0,0,,,,,,,,
101853941,Crashes_2010_2019_MPO,2017-12-10,2017,36.04231,-86.72652,False,0,0,0,,,,,,,,
101854339,Crashes_2010_2019_MPO,2017-12-10,2017,35.94803,-86.86369,False,0,0,0,,,,,,,,
101854264,Crashes_2010_2019_MPO,2017-12-10,2017,35.9912,-86.68349,False,0,0,0,,,,,,,,
101855256,Crashes_2010_2019_MPO,2017-12-11,2017,36.03614,-86.79498,True,0,0,0,,,,,,,,
101855738,Crashes_2010_2019_MPO,2017-12-11,2017,35.96513,-86.81645,True,0,0,0,,,,,,,,
101855940,Crashes_2010_2019_MPO,2017-12-11,2017,35.96134,-86.81534,False,0,0,0,,,,,,,,
101855343,Crashes_2010_2019_MPO,2017-12-11,2017,35.99687,-86.68989,False,0,0,0,,,,,,,,
101855124,Crashes_2010_2019_MPO,2017-12-11,2017,35.92314,-86.87106,False,0,0,0,,,,,,,,
101855316,Crashes_2010_2019_MPO,2017-12-11,2017,36.04041,-86.74531,False,0,0,0,,,,,,,,
101855341,Crashes_2010_2019_MPO,2017-12-11,2017,35.99583,-86.78225,True,0,0,0,,,,,,,,
101856216,Crashes_2010_2019_MPO,2017-12-11,2017,35.95529,-86.82619,False,0,0,0,,,,,,,,
101854885,Crashes_2010_2019_MPO,2017-12-11,2017,36.03827,-86.78379,False,0,0,0,,,,,,,,
101855365,Crashes_2010_2019_MPO,2017-12-11,2017,35.96681,-86.81119,True,0,0,0,,,,,,,,
101856215,Crashes_2010_2019_MPO,2017-12-11,2017,35.93609,-86.82661,False,0,0,0,,,,,,,,
101855123,Crashes_2010_2019_MPO,2017-12-11,2017,35.93115,-86.82411,False,0,0,0,,,,,,,,
101855514,Crashes_2010_2019_MPO,2017-12-11,2017,35.9669,-86.8136,True,0,0,0,,,,,,,,
101855169,Crashes_2010_2019_MPO,2017-12-11,2017,36.05145,-86.70271,False,0,0,0,,,,,,,,
101854941,Crashes_2010_2019_MPO,2017-12-11,2017,36.04084,-86.77347,False,0,0,0,,,,,,,,
101855334,Crashes_2010_2019_MPO,2017-12-11,2017,36.0473,-86.86274,False,0,0,0,,,,,,,,
101856498,Crashes_2010_2019_MPO,2017-12-12,2017,35.92639,-86.8664,False,0,0,0,,,,,,,,
101856511,Crashes_2010_2019_MPO,2017-12-12,2017,35.92671,-86.82448,False,0,0,0,,,,,,,,
101856692,Crashes_2010_2019_MPO,2017-12-12,2017,36.02261,-86.71228,False,0,0,0,,,,,,,,
101856499,Crashes_2010_2019_MPO,2017-12-12,2017,35.94778,-86.81994,False,0,0,0,,,,,,,,
101857506,Crashes_2010_2019_MPO,2017-12-12,2017,36.03402,-86.78834,True,0,0,0,,,,,,,,
101857038,Crashes_2010_2019_MPO,2017-12-12,2017,35.96133,-86.81226,False,0,0,0,,,,,,,,
101855822,Crashes_2010_2019_MPO,2017-12-12,2017,35.95782,-86.80258,False,0,0,0,,,,,,,,
101855852,Crashes_2010_2019_MPO,2017-12-12,2017,35.99513,-86.77485,True,0,0,0,,,,,,,,
101856091,Crashes_2010_2019_MPO,2017-12-12,2017,36.04534,-86.71352,False,0,0,0,,,,,,,,
101856432,Crashes_2010_2019_MPO,2017-12-12,2017,35.96662,-86.80993,True,0,0,0,,,,,,,,
101856161,Crashes_2010_2019_MPO,2017-12-12,2017,36.00053,-86.80852,True,0,0,0,,,,,,,,
101856737,Crashes_2010_2019_MPO,2017-12-12,2017,36.04531,-86.81587,False,0,0,0,,,,,,,,
101855764,Crashes_2010_2019_MPO,2017-12-12,2017,35.92664,-86.82135,False,0,0,0,,,,,,,,