record_no,source_layer,collision_ts,crash_year,latitude,longitude,in_city,fatalities,non_motorists,truck_involved,serious_injuries,pedestrian,bicycle,crash_type,manner_of_collision,lighting,weather,first_harmful_event
101857036,Crashes_2010_2019_MPO,2017-12-12,2017,35.95113,-86.81822,False,0,0,0,,,,,,,,
101857241,Crashes_2010_2019_MPO,2017-12-13,2017,36.04715,-86.86287,False,0,0,0,,,,,,,,
101857593,Crashes_2010_2019_MPO,2017-12-13,2017,36.03774,-86.79498,False,0,0,0,,,,,,,,
101856980,Crashes_2010_2019_MPO,2017-12-13,2017,36.0374,-86.78657,False,0,0,0,,,,,,,,
101857116,Crashes_2010_2019_MPO,2017-12-13,2017,36.04009,-86.76655,False,0,0,0,,,,,,,,
101856828,Crashes_2010_2019_MPO,2017-12-13,2017,36.03106,-86.70121,False,0,0,0,,,,,,,,
101864329,Crashes_2010_2019_MPO,2017-12-13,2017,36.02613,-86.87893,False,0,0,0,,,,,,,,
101861851,Crashes_2010_2019_MPO,2017-12-13,2017,35.94648,-86.80867,False,0,0,0,,,,,,,,
101857426,Crashes_2010_2019_MPO,2017-12-13,2017,36.03745,-86.78619,False,0,0,0,,,,,,,,
101857546,Crashes_2010_2019_MPO,2017-12-13,2017,35.95114,-86.84826,False,0,0,0,,,,,,,,
101857496,Crashes_2010_2019_MPO,2017-12-13,2017,35.99002,-86.74508,True,0,0,0,,,,,,,,
101857772,Crashes_2010_2019_MPO,2017-12-13,2017,36.04537,-86.71326,False,0,0,0,,,,,,,,
101856932,Crashes_2010_2019_MPO,2017-12-13,2017,35.94926,-86.75272,True,0,0,0,,,,,,,,
101857243,Crashes_2010_2019_MPO,2017-12-13,2017,36.02501,-86.84972,True,0,0,0,,,,,,,,
101859597,Crashes_2010_2019_MPO,2017-12-14,2017,35.97716,-86.67813,False,0,0,0,,,,,,,,
101861852,Crashes_2010_2019_MPO,2017-12-14,2017,35.94461,-86.82796,False,0,0,0,,,,,,,,
101858472,Crashes_2010_2019_MPO,2017-12-14,2017,36.05304,-86.6767,False,0,0,0,,,,,,,,
101857952,Crashes_2010_2019_MPO,2017-12-14,2017,36.03984,-86.76422,False,0,0,0,,,,,,,,
101858110,Crashes_2010_2019_MPO,2017-12-14,2017,36.03971,-86.76279,False,0,0,0,,,,,,,,
101861857,Crashes_2010_2019_MPO,2017-12-14,2017,35.94662,-86.80988,False,0,0,0,,,,,,,,
101858562,Crashes_2010_2019_MPO,2017-12-14,2017,36.03803,-86.71308,False,0,0,0,,,,,,,,
101858547,Crashes_2010_2019_MPO,2017-12-14,2017,35.99156,-86.79881,True,0,0,0,,,,,,,,
101858122,Crashes_2010_2019_MPO,2017-12-14,2017,35.94493,-86.81522,False,0,0,1,,,,,,,,
101858206,Crashes_2010_2019_MPO,2017-12-14,2017,36.03628,-86.81693,True,0,0,0,,,,,,,,
101858550,Crashes_2010_2019_MPO,2017-12-14,2017,36.03319,-86.78757,True,0,0,0,,,,,,,,
101861855,Crashes_2010_2019_MPO,2017-12-14,2017,35.94164,-86.85584,False,0,0,0,,,,,,,,
101858273,Crashes_2010_2019_MPO,2017-12-14,2017,36.02462,-86.74236,False,0,0,0,,,,,,,,
101862234,Crashes_2010_2019_MPO,2017-12-14,2017,35.95209,-86.81805,False,0,0,0,,,,,,,,
101858605,Crashes_2010_2019_MPO,2017-12-14,2017,36.03327,-86.7839,True,0,0,0,,,,,,,,
101858570,Crashes_2010_2019_MPO,2017-12-14,2017,36.02987,-86.78965,True,0,0,0,,,,,,,,
101858557,Crashes_2010_2019_MPO,2017-12-14,2017,36.03401,-86.79072,True,0,0,0,,,,,,,,
101861853,Crashes_2010_2019_MPO,2017-12-14,2017,35.94251,-86.80995,False,0,0,0,,,,,,,,
101861856,Crashes_2010_2019_MPO,2017-12-14,2017,35.96534,-86.83861,False,0,0,0,,,,,,,,
101858684,Crashes_2010_2019_MPO,2017-12-14,2017,35.95555,-86.82855,False,0,0,0,,,,,,,,
101858671,Crashes_2010_2019_MPO,2017-12-14,2017,35.99045,-86.75118,True,0,0,0,,,,,,,,
101861854,Crashes_2010_2019_MPO,2017-12-14,2017,35.95309,-86.8179,False,0,0,0,,,,,,,,
101859789,Crashes_2010_2019_MPO,2017-12-15,2017,35.9644,-86.80822,False,0,0,0,,,,,,,,
101859586,Crashes_2010_2019_MPO,2017-12-15,2017,35.94476,-86.8195,False,0,0,0,,,,,,,,
101859655,Crashes_2010_2019_MPO,2017-12-15,2017,36.03988,-86.78247,False,0,0,0,,,,,,,,
101859919,Crashes_2010_2019_MPO,2017-12-15,2017,36.04026,-86.8164,False,0,0,0,,,,,,,,
101860514,Crashes_2010_2019_MPO,2017-12-15,2017,35.9652,-86.79624,True,0,0,0,,,,,,,,
101859420,Crashes_2010_2019_MPO,2017-12-15,2017,35.99563,-86.7974,True,0,0,0,,,,,,,,
101860513,Crashes_2010_2019_MPO,2017-12-15,2017,36.01405,-86.80685,True,0,0,0,,,,,,,,
101859579,Crashes_2010_2019_MPO,2017-12-15,2017,35.9247,-86.87219,False,0,0,0,,,,,,,,
101859759,Crashes_2010_2019_MPO,2017-12-15,2017,35.96658,-86.80964,True,0,0,0,,,,,,,,
101859877,Crashes_2010_2019_MPO,2017-12-15,2017,36.04545,-86.7124,False,0,0,0,,,,,,,,
101859152,Crashes_2010_2019_MPO,2017-12-15,2017,36.03066,-86.78358,True,0,0,0,,,,,,,,
101859987,Crashes_2010_2019_MPO,2017-12-15,2017,35.96476,-86.81433,False,0,0,0,,,,,,,,
101859179,Crashes_2010_2019_MPO,2017-12-15,2017,36.0515,-86.77516,False,0,0,0,,,,,,,,
101860383,Crashes_2010_2019_MPO,2017-12-15,2017,35.99551,-86.77887,True,0,0,0,,,,,,,,
101859117,Crashes_2010_2019_MPO,2017-12-15,2017,35.99074,-86.79909,True,0,0,0,,,,,,,,
101859859,Crashes_2010_2019_MPO,2017-12-15,2017,35.9956,-86.77889,True,0,0,0,,,,,,,,
101859820,Crashes_2010_2019_MPO,2017-12-15,2017,36.04544,-86.71852,False,0,0,0,,,,,,,,
101860471,Crashes_2010_2019_MPO,2017-12-16,2017,35.93374,-86.81767,False,0,0,0,,,,,,,,
101861700,Crashes_2010_2019_MPO,2017-12-16,2017,36.00319,-86.79184,True,0,0,0,,,,,,,,
101860810,Crashes_2010_2019_MPO,2017-12-16,2017,35.96681,-86.81119,True,0,0,0,,,,,,,,
101860592,Crashes_2010_2019_MPO,2017-12-16,2017,35.95209,-86.81805,False,0,0,0,,,,,,,,
101861804,Crashes_2010_2019_MPO,2017-12-17,2017,35.93595,-86.82532,False,0,0,0,,,,,,,,
101861701,Crashes_2010_2019_MPO,2017-12-17,2017,36.03313,-86.78237,True,0,0,0,,,,,,,,
101861648,Crashes_2010_2019_MPO,2017-12-17,2017,36.00063,-86.83056,False,0,0,0,,,,,,,,
101867210,Crashes_2010_2019_MPO,2017-12-17,2017,35.99935,-86.79597,True,0,0,0,,,,,,,,
101861545,Crashes_2010_2019_MPO,2017-12-17,2017,35.96074,-86.81286,False,0,0,0,,,,,,,,
101861366,Crashes_2010_2019_MPO,2017-12-17,2017,36.03665,-86.78352,False,0,0,0,,,,,,,,
101861491,Crashes_2010_2019_MPO,2017-12-17,2017,36.03899,-86.78258,False,0,0,0,,,,,,,,
101861532,Crashes_2010_2019_MPO,2017-12-17,2017,36.01382,-86.7383,False,0,0,0,,,,,,,,
101861245,Crashes_2010_2019_MPO,2017-12-17,2017,35.99799,-86.7023,True,0,0,0,,,,,,,,
101861722,Crashes_2010_2019_MPO,2017-12-17,2017,35.95085,-86.81316,False,0,0,0,,,,,,,,
101861549,Crashes_2010_2019_MPO,2017-12-17,2017,35.96716,-86.81351,True,0,0,0,,,,,,,,
101861475,Crashes_2010_2019_MPO,2017-12-17,2017,36.04198,-86.83363,False,0,0,0,,,,,,,,
101861294,Crashes_2010_2019_MPO,2017-12-17,2017,36.0348,-86.78331,True,0,0,0,,,,,,,,
101861433,Crashes_2010_2019_MPO,2017-12-17,2017,36.04821,-86.86601,False,0,0,0,,,,,,,,
101861880,Crashes_2010_2019_MPO,2017-12-17,2017,36.0411,-86.72537,False,0,0,0,,,,,,,,
101862023,Crashes_2010_2019_MPO,2017-12-18,2017,35.92905,-86.84198,False,0,0,0,,,,,,,,
101863973,Crashes_2010_2019_MPO,2017-12-18,2017,35.96423,-86.81082,False,0,0,0,,,,,,,,
101862356,Crashes_2010_2019_MPO,2017-12-18,2017,35.92641,-86.82447,False,0,0,0,,,,,,,,
101862637,Crashes_2010_2019_MPO,2017-12-18,2017,36.0365,-86.70365,False,0,0,0,,,,,,,,
101862672,Crashes_2010_2019_MPO,2017-12-18,2017,36.02077,-86.78708,True,0,0,0,,,,,,,,
101862210,Crashes_2010_2019_MPO,2017-12-18,2017,35.97766,-86.77646,True,0,0,0,,,,,,,,
101862051,Crashes_2010_2019_MPO,2017-12-18,2017,36.03292,-86.78896,True,0,0,0,,,,,,,,
101863970,Crashes_2010_2019_MPO,2017-12-18,2017,35.9339,-86.86142,False,0,0,0,,,,,,,,
101862785,Crashes_2010_2019_MPO,2017-12-18,2017,35.96733,-86.8149,True,0,0,0,,,,,,,,
101862947,Crashes_2010_2019_MPO,2017-12-18,2017,36.04543,-86.70361,False,0,0,0,,,,,,,,
101862204,Crashes_2010_2019_MPO,2017-12-18,2017,36.04129,-86.77963,False,0,0,0,,,,,,,,
101862154,Crashes_2010_2019_MPO,2017-12-18,2017,35.93446,-86.81991,False,0,0,0,,,,,,,,
101862723,Crashes_2010_2019_MPO,2017-12-18,2017,36.01705,-86.78613,True,0,0,0,,,,,,,,
101861996,Crashes_2010_2019_MPO,2017-12-18,2017,35.94683,-86.85172,False,0,0,0,,,,,,,,
101862670,Crashes_2010_2019_MPO,2017-12-18,2017,36.03847,-86.78345,False,0,0,0,,,,,,,,
101862613,Crashes_2010_2019_MPO,2017-12-18,2017,35.95939,-86.81199,False,0,0,0,,,,,,,,
101866208,Crashes_2010_2019_MPO,2017-12-19,2017,36.03115,-86.78377,True,0,0,0,,,,,,,,
101864856,Crashes_2010_2019_MPO,2017-12-19,2017,35.99697,-86.79268,True,0,0,0,,,,,,,,
101863560,Crashes_2010_2019_MPO,2017-12-19,2017,35.99551,-86.77887,True,0,0,0,,,,,,,,
101863754,Crashes_2010_2019_MPO,2017-12-19,2017,35.96274,-86.81946,True,0,0,0,,,,,,,,
101864738,Crashes_2010_2019_MPO,2017-12-19,2017,36.03281,-86.78356,True,0,0,1,,,,,,,,
101863933,Crashes_2010_2019_MPO,2017-12-19,2017,35.92546,-86.87275,False,0,0,0,,,,,,,,
101863688,Crashes_2010_2019_MPO,2017-12-19,2017,36.03457,-86.80273,True,0,0,0,,,,,,,,
101863755,Crashes_2010_2019_MPO,2017-12-19,2017,35.95724,-86.81662,False,0,0,0,,,,,,,,
101863757,Crashes_2010_2019_MPO,2017-12-19,2017,36.031555,-86.790703,True,0,2,0,,,,,,,,
101863189,Crashes_2010_2019_MPO,2017-12-19,2017,35.96733,-86.72758,True,0,0,0,,,,,,,,
101863191,Crashes_2010_2019_MPO,2017-12-19,2017,35.97902,-86.75041,True,0,0,0,,,,,,,,
101863712,Crashes_2010_2019_MPO,2017-12-19,2017,35.97088,-86.8232,True,0,0,0,,,,,,,,
101863171,Crashes_2010_2019_MPO,2017-12-19,2017,36.02983,-86.74401,False,0,0,0,,,,,,,,
101863875,Crashes_2010_2019_MPO,2017-12-19,2017,36.0484,-86.74363,False,0,0,0,,,,,,,,
101863456,Crashes_2010_2019_MPO,2017-12-19,2017,36.04602,-86.85683,False,0,0,0,,,,,,,,
101864039,Crashes_2010_2019_MPO,2017-12-19,2017,36.00812,-86.80431,True,0,0,0,,,,,,,,
101863753,Crashes_2010_2019_MPO,2017-12-19,2017,35.94291,-86.82069,False,0,0,0,,,,,,,,
101863630,Crashes_2010_2019_MPO,2017-12-19,2017,35.95201,-86.74153,True,0,0,0,,,,,,,,
101863827,Crashes_2010_2019_MPO,2017-12-19,2017,36.00037,-86.70261,True,0,0,0,,,,,,,,
101863863,Crashes_2010_2019_MPO,2017-12-19,2017,36.03628,-86.79085,True,0,0,0,,,,,,,,
101864390,Crashes_2010_2019_MPO,2017-12-19,2017,36.01049,-86.86185,False,0,0,0,,,,,,,,
101865517,Crashes_2010_2019_MPO,2017-12-19,2017,35.92449,-86.87479,False,0,0,0,,,,,,,,
101863879,Crashes_2010_2019_MPO,2017-12-19,2017,35.99781,-86.79886,True,0,0,0,,,,,,,,
101863903,Crashes_2010_2019_MPO,2017-12-19,2017,36.0282,-86.7835,True,0,0,0,,,,,,,,
101863558,Crashes_2010_2019_MPO,2017-12-19,2017,35.9256,-86.78464,False,0,0,0,,,,,,,,
101863889,Crashes_2010_2019_MPO,2017-12-19,2017,35.93266,-86.87788,False,0,0,0,,,,,,,,
101863221,Crashes_2010_2019_MPO,2017-12-19,2017,35.9649,-86.79326,True,0,0,0,,,,,,,,
101863977,Crashes_2010_2019_MPO,2017-12-19,2017,35.9425,-86.81607,False,0,0,0,,,,,,,,
101866681,Crashes_2010_2019_MPO,2017-12-19,2017,36.0183,-86.78222,True,0,0,1,,,,,,,,
101863756,Crashes_2010_2019_MPO,2017-12-19,2017,35.94699,-86.81153,False,0,0,0,,,,,,,,
101863971,Crashes_2010_2019_MPO,2017-12-19,2017,35.93358,-86.81957,False,0,0,0,,,,,,,,
101864425,Crashes_2010_2019_MPO,2017-12-19,2017,35.99825,-86.80263,True,0,0,0,,,,,,,,
101864038,Crashes_2010_2019_MPO,2017-12-19,2017,36.03506,-86.80576,True,0,0,0,,,,,,,,
101863355,Crashes_2010_2019_MPO,2017-12-19,2017,36.04089,-86.74369,False,0,0,0,,,,,,,,
101864486,Crashes_2010_2019_MPO,2017-12-19,2017,36.04165,-86.7822,False,0,0,0,,,,,,,,
101864258,Crashes_2010_2019_MPO,2017-12-20,2017,35.96468,-86.8074,False,0,0,0,,,,,,,,
101864111,Crashes_2010_2019_MPO,2017-12-20,2017,36.04588,-86.77794,False,0,0,0,,,,,,,,
101864811,Crashes_2010_2019_MPO,2017-12-20,2017,36.04643,-86.71339,False,0,0,0,,,,,,,,
101867620,Crashes_2010_2019_MPO,2017-12-20,2017,35.99795,-86.8001,True,0,0,0,,,,,,,,
101864845,Crashes_2010_2019_MPO,2017-12-20,2017,35.95863,-86.80444,False,0,0,0,,,,,,,,
101864844,Crashes_2010_2019_MPO,2017-12-20,2017,35.94694,-86.81132,False,0,0,0,,,,,,,,
101864755,Crashes_2010_2019_MPO,2017-12-20,2017,36.03093,-86.78699,True,0,0,0,,,,,,,,
101867051,Crashes_2010_2019_MPO,2017-12-20,2017,35.96116,-86.76562,True,0,0,0,,,,,,,,
101864716,Crashes_2010_2019_MPO,2017-12-20,2017,35.98111,-86.84624,False,0,0,0,,,,,,,,
101864971,Crashes_2010_2019_MPO,2017-12-20,2017,36.03748,-86.78594,False,0,0,0,,,,,,,,
101864745,Crashes_2010_2019_MPO,2017-12-20,2017,36.01031,-86.70215,False,0,0,0,,,,,,,,
101865936,Crashes_2010_2019_MPO,2017-12-21,2017,35.92609,-86.87139,False,0,0,0,,,,,,,,
101865919,Crashes_2010_2019_MPO,2017-12-21,2017,35.94838,-86.80772,False,0,0,0,,,,,,,,
101865922,Crashes_2010_2019_MPO,2017-12-21,2017,35.97634,-86.80408,True,0,0,0,,,,,,,,
101865937,Crashes_2010_2019_MPO,2017-12-21,2017,35.95409,-86.84587,False,0,0,0,,,,,,,,
101865449,Crashes_2010_2019_MPO,2017-12-21,2017,36.01351,-86.80339,True,0,0,0,,,,,,,,
101865812,Crashes_2010_2019_MPO,2017-12-21,2017,36.03473,-86.78793,True,0,0,0,,,,,,,,
101865412,Crashes_2010_2019_MPO,2017-12-21,2017,35.94717,-86.85145,False,0,0,0,,,,,,,,
101866725,Crashes_2010_2019_MPO,2017-12-21,2017,35.96716,-86.81351,True,0,0,0,,,,,,,,
101866019,Crashes_2010_2019_MPO,2017-12-21,2017,36.02844,-86.79142,True,0,0,0,,,,,,,,
101865261,Crashes_2010_2019_MPO,2017-12-21,2017,36.02728,-86.78493,True,0,0,0,,,,,,,,
101865476,Crashes_2010_2019_MPO,2017-12-21,2017,35.99681,-86.68981,False,0,0,0,,,,,,,,
101865854,Crashes_2010_2019_MPO,2017-12-21,2017,35.94697,-86.82205,False,0,0,0,,,,,,,,
101866590,Crashes_2010_2019_MPO,2017-12-22,2017,35.96745,-86.81584,True,0,0,0,,,,,,,,
101867003,Crashes_2010_2019_MPO,2017-12-22,2017,36.04245,-86.71294,False,0,0,0,,,,,,,,
101867073,Crashes_2010_2019_MPO,2017-12-22,2017,35.96518,-86.80029,True,0,0,0,,,,,,,,
101867033,Crashes_2010_2019_MPO,2017-12-22,2017,35.94429,-86.81993,False,0,0,0,,,,,,,,
101866342,Crashes_2010_2019_MPO,2017-12-22,2017,35.93127,-86.87663,False,0,0,0,,,,,,,,
101866979,Crashes_2010_2019_MPO,2017-12-22,2017,36.04026,-86.8164,False,0,0,0,,,,,,,,
101867032,Crashes_2010_2019_MPO,2017-12-22,2017,35.96716,-86.81351,True,0,0,0,,,,,,,,
101867038,Crashes_2010_2019_MPO,2017-12-22,2017,36.04544,-86.71249,False,0,0,0,,,,,,,,
101867301,Crashes_2010_2019_MPO,2017-12-22,2017,35.9967,-86.81058,True,0,0,0,,,,,,,,
101867034,Crashes_2010_2019_MPO,2017-12-22,2017,35.93475,-86.82166,False,0,0,0,,,,,,,,
101866855,Crashes_2010_2019_MPO,2017-12-22,2017,36.04085,-86.77946,False,0,0,0,,,,,,,,
101867237,Crashes_2010_2019_MPO,2017-12-22,2017,35.96716,-86.81351,True,0,0,0,,,,,,,,
101866935,Crashes_2010_2019_MPO,2017-12-22,2017,36.03154,-86.78903,True,0,0,0,,,,,,,,
101867004,Crashes_2010_2019_MPO,2017-12-22,2017,35.96681,-86.81119,True,0,0,0,,,,,,,,
101866760,Crashes_2010_2019_MPO,2017-12-22,2017,36.04424,-86.71313,False,0,0,0,,,,,,,,
101866602,Crashes_2010_2019_MPO,2017-12-22,2017,36.03175,-86.78961,True,0,0,0,,,,,,,,
101867276,Crashes_2010_2019_MPO,2017-12-22,2017,36.03016,-86.79048,True,0,0,0,,,,,,,,
101866447,Crashes_2010_2019_MPO,2017-12-22,2017,36.01376,-86.71736,False,0,0,0,,,,,,,,
101867253,Crashes_2010_2019_MPO,2017-12-22,2017,36.04015,-86.74367,False,0,1,0,,,,,,,,
101868754,Crashes_2010_2019_MPO,2017-12-22,2017,35.97077,-86.80625,True,0,0,0,,,,,,,,
101866831,Crashes_2010_2019_MPO,2017-12-22,2017,36.03522,-86.78691,True,0,0,0,,,,,,,,
101867597,Crashes_2010_2019_MPO,2017-12-23,2017,35.93363,-86.71758,False,0,0,0,,,,,,,,
101867943,Crashes_2010_2019_MPO,2017-12-23,2017,36.04487,-86.7132,False,0,0,0,,,,,,,,
101867805,Crashes_2010_2019_MPO,2017-12-23,2017,35.93256,-86.8239,False,0,0,1,,,,,,,,
101868060,Crashes_2010_2019_MPO,2017-12-23,2017,35.98818,-86.77807,True,0,0,0,,,,,,,,
101867764,Crashes_2010_2019_MPO,2017-12-23,2017,36.0255,-86.80071,True,0,0,0,,,,,,,,
101867676,Crashes_2010_2019_MPO,2017-12-23,2017,35.96174,-86.81209,False,0,0,0,,,,,,,,
101868692,Crashes_2010_2019_MPO,2017-12-24,2017,35.96599,-86.80471,True,0,0,0,,,,,,,,
101868658,Crashes_2010_2019_MPO,2017-12-24,2017,35.95574,-86.83034,False,0,0,0,,,,,,,,
101869352,Crashes_2010_2019_MPO,2017-12-25,2017,35.98342,-86.67887,False,0,0,0,,,,,,,,
101868717,Crashes_2010_2019_MPO,2017-12-25,2017,36.02561,-86.71058,False,0,0,0,,,,,,,,
101868817,Crashes_2010_2019_MPO,2017-12-25,2017,36.05263,-86.68442,False,0,0,0,,,,,,,,
101868826,Crashes_2010_2019_MPO,2017-12-25,2017,35.99717,-86.79712,True,0,0,0,,,,,,,,
101869559,Crashes_2010_2019_MPO,2017-12-26,2017,36.03383,-86.78845,True,0,0,0,,,,,,,,
101869079,Crashes_2010_2019_MPO,2017-12-26,2017,36.01651,-86.69541,False,0,0,0,,,,,,,,
101869843,Crashes_2010_2019_MPO,2017-12-27,2017,36.03806,-86.71307,False,0,0,0,,,,,,,,
101870381,Crashes_2010_2019_MPO,2017-12-27,2017,35.94764,-86.81433,False,0,0,0,,,,,,,,
101870372,Crashes_2010_2019_MPO,2017-12-27,2017,35.93552,-86.82345,False,0,0,0,,,,,,,,
101870570,Crashes_2010_2019_MPO,2017-12-27,2017,36.0268,-86.81867,True,0,0,0,,,,,,,,
101869903,Crashes_2010_2019_MPO,2017-12-27,2017,35.93215,-86.79441,False,0,0,0,,,,,,,,
101870289,Crashes_2010_2019_MPO,2017-12-27,2017,35.96716,-86.81351,True,0,0,0,,,,,,,,
101870363,Crashes_2010_2019_MPO,2017-12-27,2017,36.04537,-86.71326,False,0,0,0,,,,,,,,
101870719,Crashes_2010_2019_MPO,2017-12-28,2017,35.94626,-86.80902,False,0,0,0,,,,,,,,
101871464,Crashes_2010_2019_MPO,2017-12-28,2017,36.03986,-86.78104,False,0,0,0,,,,,,,,
101871382,Crashes_2010_2019_MPO,2017-12-28,2017,35.96528,-86.80036,True,0,0,0,,,,,,,,
101870905,Crashes_2010_2019_MPO,2017-12-28,2017,36.0374,-86.78657,False,0,0,0,,,,,,,,
101871069,Crashes_2010_2019_MPO,2017-12-28,2017,36.03322,-86.78531,True,0,0,0,,,,,,,,
101871450,Crashes_2010_2019_MPO,2017-12-28,2017,36.03444,-86.75851,False,0,0,0,,,,,,,,
101878411,Crashes_2010_2019_MPO,2017-12-28,2017,36.00417,-86.79083,True,0,0,0,,,,,,,,
101870946,Crashes_2010_2019_MPO,2017-12-28,2017,36.04528,-86.71718,False,0,0,0,,,,,,,,
101871415,Crashes_2010_2019_MPO,2017-12-28,2017,35.92488,-86.8687,False,0,0,0,,,,,,,,
101872551,Crashes_2010_2019_MPO,2017-12-28,2017,36.03551,-86.78748,True,0,0,0,,,,,,,,
101871416,Crashes_2010_2019_MPO,2017-12-28,2017,35.96166,-86.81208,False,0,0,0,,,,,,,,
101871417,Crashes_2010_2019_MPO,2017-12-28,2017,35.92999,-86.86435,False,0,0,0,,,,,,,,
101871421,Crashes_2010_2019_MPO,2017-12-28,2017,36.03202,-86.78946,True,0,0,0,,,,,,,,
101871356,Crashes_2010_2019_MPO,2017-12-28,2017,36.04778,-86.71355,False,0,0,0,,,,,,,,
101872822,Crashes_2010_2019_MPO,2017-12-29,2017,36.03352,-86.71298,False,0,0,0,,,,,,,,
101871947,Crashes_2010_2019_MPO,2017-12-29,2017,36.03809,-86.78409,False,0,0,0,,,,,,,,
101873154,Crashes_2010_2019_MPO,2017-12-29,2017,36.01358,-86.78124,True,0,0,0,,,,,,,,
101872533,Crashes_2010_2019_MPO,2017-12-29,2017,35.95392,-86.81486,False,0,0,0,,,,,,,,
101872879,Crashes_2010_2019_MPO,2017-12-29,2017,36.03586,-86.78319,False,0,0,0,,,,,,,,
101872610,Crashes_2010_2019_MPO,2017-12-29,2017,35.966312,-86.809094,True,0,0,0,,,,,,,,
101871814,Crashes_2010_2019_MPO,2017-12-29,2017,35.9516,-86.80757,False,0,0,0,,,,,,,,
101872576,Crashes_2010_2019_MPO,2017-12-29,2017,36.04627,-86.6768,False,0,0,0,,,,,,,,
101872751,Crashes_2010_2019_MPO,2017-12-29,2017,36.03873,-86.73319,False,0,0,0,,,,,,,,
101873567,Crashes_2010_2019_MPO,2017-12-30,2017,36.04525,-86.7145,False,0,0,0,,,,,,,,
101873135,Crashes_2010_2019_MPO,2017-12-30,2017,36.04114,-86.77621,False,0,0,0,,,,,,,,
101873372,Crashes_2010_2019_MPO,2017-12-30,2017,35.94631,-86.8236,False,0,0,0,,,,,,,,
101873362,Crashes_2010_2019_MPO,2017-12-30,2017,35.9685,-86.80743,True,0,0,0,,,,,,,,
101873723,Crashes_2010_2019_MPO,2017-12-30,2017,36.04532,-86.71374,False,0,0,0,,,,,,,,
101873548,Crashes_2010_2019_MPO,2017-12-30,2017,36.00239,-86.77551,True,0,0,0,,,,,,,,
101872999,Crashes_2010_2019_MPO,2017-12-30,2017,36.04441,-86.78039,False,0,0,0,,,,,,,,
101873069,Crashes_2010_2019_MPO,2017-12-30,2017,36.04703,-86.71346,False,0,0,0,,,,,,,,
101872944,Crashes_2010_2019_MPO,2017-12-30,2017,35.96518,-86.80029,True,0,0,0,,,,,,,,
101873308,Crashes_2010_2019_MPO,2017-12-30,2017,35.94708,-86.83267,False,0,0,0,,,,,,,,
101874419,Crashes_2010_2019_MPO,2017-12-31,2017,36.03322,-86.78531,True,0,0,0,,,,,,,,
101874276,Crashes_2010_2019_MPO,2017-12-31,2017,36.04543,-86.70361,False,0,0,0,,,,,,,,
101874231,Crashes_2010_2019_MPO,2017-12-31,2017,35.95526,-86.82588,False,0,0,0,,,,,,,,
101875213,Crashes_2010_2019_MPO,2018-01-01,2018,36.04242,-86.71165,False,0,0,0,,,,,,,,
101875346,Crashes_2010_2019_MPO,2018-01-01,2018,36.0466,-86.77696,False,0,0,0,,,,,,,,
101875417,Crashes_2010_2019_MPO,2018-01-01,2018,35.99583,-86.79758,True,0,0,0,,,,,,,,
101874828,Crashes_2010_2019_MPO,2018-01-01,2018,36.03419,-86.78338,True,0,0,0,,,,,,,,
101885315,Crashes_2010_2019_MPO,2018-01-01,2018,35.93207,-86.85066,False,0,0,0,,,,,,,,
101874881,Crashes_2010_2019_MPO,2018-01-01,2018,35.9226,-86.79468,False,0,0,0,,,,,,,,
101875277,Crashes_2010_2019_MPO,2018-01-01,2018,36.03837,-86.78353,False,0,0,0,,,,,,,,
101875382,Crashes_2010_2019_MPO,2018-01-01,2018,36.05151,-86.71436,False,0,0,0,,,,,,,,
101875200,Crashes_2010_2019_MPO,2018-01-01,2018,36.05393,-86.69121,False,0,0,0,,,,,,,,
101874971,Crashes_2010_2019_MPO,2018-01-01,2018,36.03766,-86.78651,False,0,0,0,,,,,,,,
101875107,Crashes_2010_2019_MPO,2018-01-01,2018,35.95739,-86.81268,False,0,0,0,,,,,,,,
101876438,Crashes_2010_2019_MPO,2018-01-02,2018,35.94245,-86.81609,False,0,0,0,,,,,,,,
101876697,Crashes_2010_2019_MPO,2018-01-02,2018,35.96716,-86.81351,True,0,0,0,,,,,,,,
101875550,Crashes_2010_2019_MPO,2018-01-02,2018,36.04645,-86.71339,False,0,0,0,,,,,,,,
101875468,Crashes_2010_2019_MPO,2018-01-02,2018,36.04028,-86.76837,False,0,0,0,,,,,,,,
101876215,Crashes_2010_2019_MPO,2018-01-02,2018,36.04537,-86.71326,False,0,0,0,,,,,,,,
101876026,Crashes_2010_2019_MPO,2018-01-02,2018,36.04091,-86.77415,False,0,0,0,,,,,,,,
101876861,Crashes_2010_2019_MPO,2018-01-02,2018,35.94601,-86.81642,False,0,0,0,,,,,,,,
101876913,Crashes_2010_2019_MPO,2018-01-03,2018,35.94751,-86.81969,False,0,0,0,,,,,,,,
101877123,Crashes_2010_2019_MPO,2018-01-03,2018,35.93506,-86.81865,False,0,0,0,,,,,,,,
101876937,Crashes_2010_2019_MPO,2018-01-03,2018,35.92611,-86.86699,False,0,0,0,,,,,,,,
101876973,Crashes_2010_2019_MPO,2018-01-03,2018,36.033624,-86.785385,True,0,0,0,,,,,,,,
101877785,Crashes_2010_2019_MPO,2018-01-03,2018,35.94162,-86.81638,False,0,0,0,,,,,,,,
101876414,Crashes_2010_2019_MPO,2018-01-03,2018,35.95689,-86.80329,False,0,0,0,,,,,,,,
101881788,Crashes_2010_2019_MPO,2018-01-03,2018,35.9659,-86.80328,True,0,0,0,,,,,,,,
101876415,Crashes_2010_2019_MPO,2018-01-03,2018,35.94683,-86.85172,False,0,0,0,,,,,,,,
101877660,Crashes_2010_2019_MPO,2018-01-04,2018,36.03995,-86.78132,False,0,0,0,,,,,,,,
101877886,Crashes_2010_2019_MPO,2018-01-04,2018,35.97039,-86.77379,True,0,0,0,,,,,,,,
101878329,Crashes_2010_2019_MPO,2018-01-04,2018,35.93773,-86.87864,False,0,0,0,,,,,,,,
101877907,Crashes_2010_2019_MPO,2018-01-04,2018,35.95217,-86.81857,False,0,0,0,,,,,,,,