record_no,source_layer,collision_ts,crash_year,latitude,longitude,in_city,fatalities,non_motorists,truck_involved,serious_injuries,pedestrian,bicycle,crash_type,manner_of_collision,lighting,weather,first_harmful_event
101878300,Crashes_2010_2019_MPO,2018-01-04,2018,35.93418,-86.81871,False,0,0,0,,,,,,,,
101877992,Crashes_2010_2019_MPO,2018-01-04,2018,36.03353,-86.71636,False,0,0,0,,,,,,,,
101877950,Crashes_2010_2019_MPO,2018-01-04,2018,36.03165,-86.78966,True,0,0,0,,,,,,,,
101880356,Crashes_2010_2019_MPO,2018-01-04,2018,35.97878,-86.75282,True,0,0,0,,,,,,,,
101877930,Crashes_2010_2019_MPO,2018-01-04,2018,35.94304,-86.82086,False,0,0,0,,,,,,,,
101877463,Crashes_2010_2019_MPO,2018-01-04,2018,35.99548,-86.68787,False,0,0,0,,,,,,,,
101877990,Crashes_2010_2019_MPO,2018-01-04,2018,36.04526,-86.71704,False,0,0,0,,,,,,,,
101877433,Crashes_2010_2019_MPO,2018-01-04,2018,36.04956,-86.71382,False,0,0,0,,,,,,,,
101878006,Crashes_2010_2019_MPO,2018-01-04,2018,36.00015,-86.80872,True,0,0,0,,,,,,,,
101877284,Crashes_2010_2019_MPO,2018-01-04,2018,35.99734,-86.79486,True,0,0,0,,,,,,,,
101877849,Crashes_2010_2019_MPO,2018-01-04,2018,35.97878,-86.75282,True,0,0,0,,,,,,,,
101879033,Crashes_2010_2019_MPO,2018-01-05,2018,35.96569,-86.80582,False,0,0,0,,,,,,,,
101878980,Crashes_2010_2019_MPO,2018-01-05,2018,36.0409,-86.77938,False,0,0,0,,,,,,,,
101878867,Crashes_2010_2019_MPO,2018-01-05,2018,35.95805,-86.80258,False,0,0,0,,,,,,,,
101879089,Crashes_2010_2019_MPO,2018-01-05,2018,35.99191,-86.68415,False,0,0,0,,,,,,,,
101880149,Crashes_2010_2019_MPO,2018-01-05,2018,35.962,-86.85378,False,0,0,0,,,,,,,,
101878561,Crashes_2010_2019_MPO,2018-01-05,2018,36.00417,-86.79083,True,0,0,0,,,,,,,,
101879298,Crashes_2010_2019_MPO,2018-01-05,2018,36.04001,-86.74347,False,0,0,0,,,,,,,,
101879130,Crashes_2010_2019_MPO,2018-01-05,2018,36.032,-86.7832,True,0,0,0,,,,,,,,
101878560,Crashes_2010_2019_MPO,2018-01-05,2018,35.99734,-86.79486,True,0,0,0,,,,,,,,
101878621,Crashes_2010_2019_MPO,2018-01-05,2018,36.03921,-86.78577,False,0,0,0,,,,,,,,
101879155,Crashes_2010_2019_MPO,2018-01-05,2018,35.98863,-86.79982,True,0,0,0,,,,,,,,
101878347,Crashes_2010_2019_MPO,2018-01-05,2018,36.03066,-86.78358,True,0,0,0,,,,,,,,
101879235,Crashes_2010_2019_MPO,2018-01-05,2018,36.04231,-86.72652,False,0,0,0,,,,,,,,
101878377,Crashes_2010_2019_MPO,2018-01-05,2018,36.0389,-86.86999,False,0,0,0,,,,,,,,
101879158,Crashes_2010_2019_MPO,2018-01-05,2018,36.03242,-86.78336,True,0,0,0,,,,,,,,
101878256,Crashes_2010_2019_MPO,2018-01-05,2018,36.04012,-86.78074,False,0,0,0,,,,,,,,
101879654,Crashes_2010_2019_MPO,2018-01-05,2018,36.01927,-86.70925,False,0,0,0,,,,,,,,
101879068,Crashes_2010_2019_MPO,2018-01-05,2018,36.04124,-86.7772,False,0,0,0,,,,,,,,
101879019,Crashes_2010_2019_MPO,2018-01-05,2018,36.0178,-86.74143,False,0,0,0,,,,,,,,
101879201,Crashes_2010_2019_MPO,2018-01-05,2018,35.94686,-86.81163,False,0,0,0,,,,,,,,
101879627,Crashes_2010_2019_MPO,2018-01-06,2018,35.95159,-86.81801,False,0,0,0,,,,,,,,
101880194,Crashes_2010_2019_MPO,2018-01-06,2018,35.94687,-86.85168,False,0,0,0,,,,,,,,
101879959,Crashes_2010_2019_MPO,2018-01-06,2018,36.02726,-86.87758,False,0,0,0,,,,,,,,
101880084,Crashes_2010_2019_MPO,2018-01-06,2018,36.03451,-86.78334,True,0,0,0,,,,,,,,
101880073,Crashes_2010_2019_MPO,2018-01-06,2018,36.04741,-86.75031,False,0,0,0,,,,,,,,
101880558,Crashes_2010_2019_MPO,2018-01-06,2018,35.96716,-86.81351,True,0,0,0,,,,,,,,
101879489,Crashes_2010_2019_MPO,2018-01-06,2018,35.9465,-86.81955,False,0,0,0,,,,,,,,
101881803,Crashes_2010_2019_MPO,2018-01-06,2018,35.93719,-86.8225,False,0,0,0,,,,,,,,
101879311,Crashes_2010_2019_MPO,2018-01-06,2018,36.04303,-86.78191,False,0,0,0,,,,,,,,
101879948,Crashes_2010_2019_MPO,2018-01-06,2018,35.94586,-86.82571,False,0,0,0,,,,,,,,
101879985,Crashes_2010_2019_MPO,2018-01-06,2018,36.03689,-86.81684,True,0,0,0,,,,,,,,
101880574,Crashes_2010_2019_MPO,2018-01-06,2018,36.00268,-86.79268,True,0,0,1,,,,,,,,
101879361,Crashes_2010_2019_MPO,2018-01-06,2018,35.92254,-86.87194,False,0,0,0,,,,,,,,
101880821,Crashes_2010_2019_MPO,2018-01-07,2018,36.03453,-86.71314,False,0,0,0,,,,,,,,
101880201,Crashes_2010_2019_MPO,2018-01-07,2018,36.01407,-86.71126,False,0,0,0,,,,,,,,
101880429,Crashes_2010_2019_MPO,2018-01-07,2018,36.00132,-86.79377,True,0,0,1,,,,,,,,
101884949,Crashes_2010_2019_MPO,2018-01-08,2018,35.93117,-86.79415,False,0,0,0,,,,,,,,
101881542,Crashes_2010_2019_MPO,2018-01-08,2018,36.03902,-86.76846,False,0,0,0,,,,,,,,
101881348,Crashes_2010_2019_MPO,2018-01-08,2018,36.03329,-86.78422,True,0,0,0,,,,,,,,
101881397,Crashes_2010_2019_MPO,2018-01-08,2018,36.04171,-86.74823,False,0,0,0,,,,,,,,
101881452,Crashes_2010_2019_MPO,2018-01-08,2018,35.98527,-86.71495,True,0,0,0,,,,,,,,
101881417,Crashes_2010_2019_MPO,2018-01-08,2018,35.99579,-86.77891,True,0,0,0,,,,,,,,
101880931,Crashes_2010_2019_MPO,2018-01-08,2018,35.93374,-86.81767,False,0,0,0,,,,,,,,
101880981,Crashes_2010_2019_MPO,2018-01-08,2018,36.03129,-86.7534,False,0,0,0,,,,,,,,
101881629,Crashes_2010_2019_MPO,2018-01-08,2018,35.9666,-86.8098,True,0,0,0,,,,,,,,
101881230,Crashes_2010_2019_MPO,2018-01-08,2018,36.04573,-86.85543,False,0,0,0,,,,,,,,
101881212,Crashes_2010_2019_MPO,2018-01-08,2018,36.02537,-86.74269,False,0,0,0,,,,,,,,
101880916,Crashes_2010_2019_MPO,2018-01-08,2018,36.0494,-86.74352,False,0,0,0,,,,,,,,
101880930,Crashes_2010_2019_MPO,2018-01-08,2018,35.93374,-86.81767,False,0,0,0,,,,,,,,
101883493,Crashes_2010_2019_MPO,2018-01-08,2018,36.035566,-86.783432,False,0,0,0,,,,,,,,
101881589,Crashes_2010_2019_MPO,2018-01-08,2018,35.96716,-86.81351,True,0,0,0,,,,,,,,
101881562,Crashes_2010_2019_MPO,2018-01-08,2018,35.94696,-86.82209,False,0,0,0,,,,,,,,
101881139,Crashes_2010_2019_MPO,2018-01-08,2018,36.0345,-86.78335,True,0,0,0,,,,,,,,
101881355,Crashes_2010_2019_MPO,2018-01-08,2018,36.01308,-86.80129,True,0,0,0,,,,,,,,
101882253,Crashes_2010_2019_MPO,2018-01-08,2018,36.03407,-86.79508,True,0,0,0,,,,,,,,
101881732,Crashes_2010_2019_MPO,2018-01-08,2018,36.0346,-86.78333,True,0,0,0,,,,,,,,
101880952,Crashes_2010_2019_MPO,2018-01-08,2018,35.92443,-86.79502,False,0,0,0,,,,,,,,
101885604,Crashes_2010_2019_MPO,2018-01-08,2018,36.00814,-86.78705,True,0,0,0,,,,,,,,
101881197,Crashes_2010_2019_MPO,2018-01-08,2018,36.04479,-86.72487,False,0,0,0,,,,,,,,
101880937,Crashes_2010_2019_MPO,2018-01-08,2018,35.92827,-86.76699,False,0,0,0,,,,,,,,
101884000,Crashes_2010_2019_MPO,2018-01-09,2018,35.94879,-86.80749,False,0,0,0,,,,,,,,
101881787,Crashes_2010_2019_MPO,2018-01-09,2018,35.9501,-86.76139,True,0,0,0,,,,,,,,
101882366,Crashes_2010_2019_MPO,2018-01-09,2018,35.96598,-86.80548,True,0,0,0,,,,,,,,
101881795,Crashes_2010_2019_MPO,2018-01-09,2018,35.93374,-86.81767,False,0,0,0,,,,,,,,
101881807,Crashes_2010_2019_MPO,2018-01-09,2018,36.0243,-86.74239,False,0,0,0,,,,,,,,
101881855,Crashes_2010_2019_MPO,2018-01-09,2018,35.965814,-86.805795,True,0,0,0,,,,,,,,
101882126,Crashes_2010_2019_MPO,2018-01-09,2018,35.96312,-86.81897,True,0,0,0,,,,,,,,
101881911,Crashes_2010_2019_MPO,2018-01-09,2018,35.94358,-86.82047,False,0,0,0,,,,,,,,
101882323,Crashes_2010_2019_MPO,2018-01-09,2018,36.0106,-86.78065,True,0,0,0,,,,,,,,
101882929,Crashes_2010_2019_MPO,2018-01-09,2018,36.01569,-86.82028,True,0,0,0,,,,,,,,
101882440,Crashes_2010_2019_MPO,2018-01-09,2018,35.94134,-86.81623,False,0,0,0,,,,,,,,
101882190,Crashes_2010_2019_MPO,2018-01-09,2018,36.03866,-86.74344,False,0,0,0,,,,,,,,
101882389,Crashes_2010_2019_MPO,2018-01-09,2018,36.03258,-86.76895,False,0,0,0,,,,,,,,
101881814,Crashes_2010_2019_MPO,2018-01-09,2018,36.04068,-86.77978,False,0,0,0,,,,,,,,
101882959,Crashes_2010_2019_MPO,2018-01-09,2018,35.96125,-86.80931,False,0,0,0,,,,,,,,
101882041,Crashes_2010_2019_MPO,2018-01-09,2018,36.04094,-86.74614,False,0,0,0,,,,,,,,
101882412,Crashes_2010_2019_MPO,2018-01-09,2018,35.9359,-86.82373,False,0,0,0,,,,,,,,
101882144,Crashes_2010_2019_MPO,2018-01-09,2018,36.03258,-86.76901,False,0,0,0,,,,,,,,
101882305,Crashes_2010_2019_MPO,2018-01-09,2018,36.04653,-86.68335,False,0,0,0,,,,,,,,
101881782,Crashes_2010_2019_MPO,2018-01-09,2018,36.0439,-86.70339,False,0,0,0,,,,,,,,
101881774,Crashes_2010_2019_MPO,2018-01-09,2018,36.05255,-86.74304,False,0,0,0,,,,,,,,
101883051,Crashes_2010_2019_MPO,2018-01-10,2018,35.9509,-86.80665,False,0,0,0,,,,,,,,
101883488,Crashes_2010_2019_MPO,2018-01-10,2018,36.01634,-86.78619,True,0,0,0,,,,,,,,
101883468,Crashes_2010_2019_MPO,2018-01-10,2018,35.98596,-86.77794,True,0,0,0,,,,,,,,
101883612,Crashes_2010_2019_MPO,2018-01-10,2018,36.04906,-86.71389,False,0,0,0,,,,,,,,
101886786,Crashes_2010_2019_MPO,2018-01-10,2018,35.99734,-86.79486,True,0,0,0,,,,,,,,
101883307,Crashes_2010_2019_MPO,2018-01-10,2018,35.96681,-86.81119,True,0,0,0,,,,,,,,
101883640,Crashes_2010_2019_MPO,2018-01-10,2018,36.04524,-86.7796,False,0,0,0,,,,,,,,
101883061,Crashes_2010_2019_MPO,2018-01-10,2018,35.96312,-86.81897,True,0,0,0,,,,,,,,
101883515,Crashes_2010_2019_MPO,2018-01-10,2018,36.03014,-86.78321,True,0,0,0,,,,,,,,
101883435,Crashes_2010_2019_MPO,2018-01-10,2018,36.024,-86.7861,True,0,0,0,,,,,,,,
101883495,Crashes_2010_2019_MPO,2018-01-10,2018,35.94081,-86.81666,False,0,0,0,,,,,,,,
101882947,Crashes_2010_2019_MPO,2018-01-10,2018,35.96716,-86.81351,True,0,0,0,,,,,,,,
101883050,Crashes_2010_2019_MPO,2018-01-10,2018,35.94778,-86.81994,False,0,0,0,,,,,,,,
101883459,Crashes_2010_2019_MPO,2018-01-10,2018,36.0336,-86.78321,True,0,0,0,,,,,,,,
101882866,Crashes_2010_2019_MPO,2018-01-10,2018,36.0428,-86.71297,False,0,0,0,,,,,,,,
101882833,Crashes_2010_2019_MPO,2018-01-10,2018,36.05415,-86.77547,False,0,0,0,,,,,,,,
101882885,Crashes_2010_2019_MPO,2018-01-10,2018,35.99781,-86.79886,True,0,0,0,,,,,,,,
101882940,Crashes_2010_2019_MPO,2018-01-10,2018,36.04524,-86.74394,False,0,0,0,,,,,,,,
101883429,Crashes_2010_2019_MPO,2018-01-10,2018,36.03997,-86.81641,False,0,0,0,,,,,,,,
101883879,Crashes_2010_2019_MPO,2018-01-11,2018,35.93842,-86.87356,False,0,0,0,,,,,,,,
101884499,Crashes_2010_2019_MPO,2018-01-11,2018,36.0388,-86.78294,False,0,0,0,,,,,,,,
101883930,Crashes_2010_2019_MPO,2018-01-11,2018,36.03336,-86.78872,True,0,0,0,,,,,,,,
101884981,Crashes_2010_2019_MPO,2018-01-11,2018,35.99215,-86.81293,True,0,0,1,,,,,,,,
101884503,Crashes_2010_2019_MPO,2018-01-11,2018,35.99618,-86.78576,True,0,0,0,,,,,,,,
101884541,Crashes_2010_2019_MPO,2018-01-11,2018,35.95051,-86.76622,True,0,0,0,,,,,,,,
101884819,Crashes_2010_2019_MPO,2018-01-11,2018,35.92641,-86.82453,False,0,0,0,,,,,,,,
101883862,Crashes_2010_2019_MPO,2018-01-11,2018,36.05049,-86.87668,False,0,0,0,,,,,,,,
101884412,Crashes_2010_2019_MPO,2018-01-11,2018,35.94695,-86.82152,False,0,0,0,,,,,,,,
101884031,Crashes_2010_2019_MPO,2018-01-11,2018,36.04519,-86.71577,False,0,0,0,,,,,,,,
101884854,Crashes_2010_2019_MPO,2018-01-11,2018,36.0409,-86.77938,False,0,0,0,,,,,,,,
101884413,Crashes_2010_2019_MPO,2018-01-11,2018,35.94687,-86.85168,False,0,0,0,,,,,,,,
101884534,Crashes_2010_2019_MPO,2018-01-11,2018,35.98098,-86.69953,True,0,0,0,,,,,,,,
101883840,Crashes_2010_2019_MPO,2018-01-11,2018,35.93374,-86.81767,False,0,0,0,,,,,,,,
101884488,Crashes_2010_2019_MPO,2018-01-11,2018,35.93405,-86.81901,False,0,0,0,,,,,,,,
101884458,Crashes_2010_2019_MPO,2018-01-11,2018,35.96716,-86.81351,True,0,0,0,,,,,,,,
101884717,Crashes_2010_2019_MPO,2018-01-11,2018,35.92373,-86.79452,False,0,0,0,,,,,,,,
101885622,Crashes_2010_2019_MPO,2018-01-12,2018,35.94968,-86.84945,False,0,0,0,,,,,,,,
101885537,Crashes_2010_2019_MPO,2018-01-12,2018,35.94464,-86.82802,False,0,0,0,,,,,,,,
101885594,Crashes_2010_2019_MPO,2018-01-12,2018,36.04367,-86.71264,False,0,0,0,,,,,,,,
101889644,Crashes_2010_2019_MPO,2018-01-12,2018,36.03405,-86.7834,True,0,0,0,,,,,,,,
101885025,Crashes_2010_2019_MPO,2018-01-12,2018,36.03297,-86.77295,False,0,0,0,,,,,,,,
101885098,Crashes_2010_2019_MPO,2018-01-12,2018,36.02873,-86.67844,False,0,1,0,,,,,,,,
101885620,Crashes_2010_2019_MPO,2018-01-12,2018,35.9468,-86.82189,False,0,0,0,,,,,,,,
101886267,Crashes_2010_2019_MPO,2018-01-13,2018,36.03761,-86.78512,False,0,0,0,,,,,,,,
101886228,Crashes_2010_2019_MPO,2018-01-13,2018,35.93961,-86.82141,False,0,0,0,,,,,,,,
101886202,Crashes_2010_2019_MPO,2018-01-13,2018,36.04763,-86.71655,False,0,0,0,,,,,,,,
101886513,Crashes_2010_2019_MPO,2018-01-13,2018,35.96699,-86.81357,True,0,0,0,,,,,,,,
101886682,Crashes_2010_2019_MPO,2018-01-14,2018,36.04479,-86.72487,False,0,0,0,,,,,,,,
101886971,Crashes_2010_2019_MPO,2018-01-14,2018,36.05151,-86.71436,False,0,0,0,,,,,,,,
101886652,Crashes_2010_2019_MPO,2018-01-14,2018,36.04103,-86.74627,False,0,0,0,,,,,,,,
101886558,Crashes_2010_2019_MPO,2018-01-14,2018,36.03976,-86.73849,False,0,0,0,,,,,,,,
101886839,Crashes_2010_2019_MPO,2018-01-14,2018,36.04798,-86.86519,False,0,0,0,,,,,,,,
101887343,Crashes_2010_2019_MPO,2018-01-15,2018,35.94675,-86.85178,False,0,0,0,,,,,,,,
101887759,Crashes_2010_2019_MPO,2018-01-15,2018,36.00477,-86.79053,True,0,0,0,,,,,,,,
101887860,Crashes_2010_2019_MPO,2018-01-15,2018,36.03689,-86.8019,True,0,0,0,,,,,,,,
101887369,Crashes_2010_2019_MPO,2018-01-15,2018,36.0346,-86.69438,False,0,0,0,,,,,,,,
101887859,Crashes_2010_2019_MPO,2018-01-15,2018,35.9279,-86.86745,False,0,0,0,,,,,,,,
101887777,Crashes_2010_2019_MPO,2018-01-15,2018,36.0285,-86.79139,True,0,0,0,,,,,,,,
101888915,Crashes_2010_2019_MPO,2018-01-16,2018,36.02673,-86.70286,False,0,0,0,,,,,,,,
101888790,Crashes_2010_2019_MPO,2018-01-16,2018,36.031,-86.74994,False,0,0,0,,,,,,,,
101888256,Crashes_2010_2019_MPO,2018-01-16,2018,35.96731,-86.81348,True,0,0,0,,,,,,,,
101888267,Crashes_2010_2019_MPO,2018-01-16,2018,35.95078,-86.80647,False,0,0,0,,,,,,,,
101888696,Crashes_2010_2019_MPO,2018-01-16,2018,35.95,-86.87602,False,0,0,0,,,,,,,,
101888509,Crashes_2010_2019_MPO,2018-01-16,2018,36.04518,-86.73219,False,0,0,0,,,,,,,,
101888318,Crashes_2010_2019_MPO,2018-01-16,2018,36.02645,-86.70276,False,0,0,0,,,,,,,,
101888307,Crashes_2010_2019_MPO,2018-01-16,2018,36.04551,-86.70482,False,0,0,0,,,,,,,,
101888271,Crashes_2010_2019_MPO,2018-01-16,2018,36.04056,-86.77079,False,0,0,0,,,,,,,,
101888695,Crashes_2010_2019_MPO,2018-01-16,2018,35.96742,-86.82657,False,0,0,0,,,,,,,,
101889287,Crashes_2010_2019_MPO,2018-01-16,2018,35.92919,-86.85231,False,0,0,0,,,,,,,,
101888272,Crashes_2010_2019_MPO,2018-01-16,2018,36.01286,-86.80081,True,0,0,0,,,,,,,,
101888415,Crashes_2010_2019_MPO,2018-01-16,2018,35.93722,-86.87879,False,0,0,0,,,,,,,,
101889286,Crashes_2010_2019_MPO,2018-01-16,2018,35.96886,-86.87844,False,0,0,0,,,,,,,,
101888693,Crashes_2010_2019_MPO,2018-01-16,2018,36.03928,-86.733,False,0,0,0,,,,,,,,
101888270,Crashes_2010_2019_MPO,2018-01-16,2018,36.03501,-86.71526,False,0,0,0,,,,,,,,
101888993,Crashes_2010_2019_MPO,2018-01-16,2018,35.96192,-86.7104,True,0,0,0,,,,,,,,
101888543,Crashes_2010_2019_MPO,2018-01-16,2018,36.0178,-86.72508,False,0,0,0,,,,,,,,
101888368,Crashes_2010_2019_MPO,2018-01-16,2018,36.01559,-86.7406,False,0,0,0,,,,,,,,
101888443,Crashes_2010_2019_MPO,2018-01-16,2018,36.02641,-86.70275,False,0,0,0,,,,,,,,
101888676,Crashes_2010_2019_MPO,2018-01-16,2018,36.04033,-86.74867,False,0,0,0,,,,,,,,
101888683,Crashes_2010_2019_MPO,2018-01-16,2018,36.01034,-86.72407,False,0,0,0,,,,,,,,
101888244,Crashes_2010_2019_MPO,2018-01-16,2018,36.01559,-86.7406,False,0,0,0,,,,,,,,
101888242,Crashes_2010_2019_MPO,2018-01-16,2018,35.94013,-86.81662,False,0,0,0,,,,,,,,
101888211,Crashes_2010_2019_MPO,2018-01-16,2018,35.99687,-86.68989,False,0,0,0,,,,,,,,
101888245,Crashes_2010_2019_MPO,2018-01-16,2018,35.94178,-86.81632,False,0,0,0,,,,,,,,
101889341,Crashes_2010_2019_MPO,2018-01-17,2018,35.93557,-86.82364,False,0,0,0,,,,,,,,
101889078,Crashes_2010_2019_MPO,2018-01-17,2018,36.02002,-86.73063,False,0,0,0,,,,,,,,
101889361,Crashes_2010_2019_MPO,2018-01-17,2018,35.96599,-86.80461,True,0,0,0,,,,,,,,
101889399,Crashes_2010_2019_MPO,2018-01-17,2018,35.99687,-86.68989,False,0,0,0,,,,,,,,
101890333,Crashes_2010_2019_MPO,2018-01-18,2018,36.04523,-86.71677,False,0,0,0,,,,,,,,
101889637,Crashes_2010_2019_MPO,2018-01-18,2018,35.92302,-86.8166,False,0,0,0,,,,,,,,
101889906,Crashes_2010_2019_MPO,2018-01-18,2018,35.94872,-86.81967,False,0,0,0,,,,,,,,
101890438,Crashes_2010_2019_MPO,2018-01-18,2018,35.96751,-86.81634,True,0,0,0,,,,,,,,
101914867,Crashes_2010_2019_MPO,2018-01-18,2018,35.97152,-86.82512,True,0,0,0,,,,,,,,
101890270,Crashes_2010_2019_MPO,2018-01-18,2018,36.03689,-86.81684,True,0,0,0,,,,,,,,
101890078,Crashes_2010_2019_MPO,2018-01-18,2018,35.96738,-86.8084,True,0,0,0,,,,,,,,
101890167,Crashes_2010_2019_MPO,2018-01-18,2018,35.99338,-86.79842,True,0,0,0,,,,,,,,
101889677,Crashes_2010_2019_MPO,2018-01-18,2018,36.05339,-86.69059,False,0,0,0,,,,,,,,
101889971,Crashes_2010_2019_MPO,2018-01-18,2018,35.96756,-86.81671,True,0,0,0,,,,,,,,
101889643,Crashes_2010_2019_MPO,2018-01-18,2018,35.96555,-86.79755,True,0,0,0,,,,,,,,
101889737,Crashes_2010_2019_MPO,2018-01-18,2018,35.96742,-86.82657,False,0,0,0,,,,,,,,
101889727,Crashes_2010_2019_MPO,2018-01-18,2018,36.04517,-86.6997,False,0,0,0,,,,,,,,
101890299,Crashes_2010_2019_MPO,2018-01-18,2018,35.94778,-86.81994,False,0,0,0,,,,,,,,
101893000,Crashes_2010_2019_MPO,2018-01-18,2018,35.97172,-86.8256,True,0,0,0,,,,,,,,
101889720,Crashes_2010_2019_MPO,2018-01-18,2018,35.99507,-86.77407,True,0,0,0,,,,,,,,
101889739,Crashes_2010_2019_MPO,2018-01-18,2018,36.04524,-86.71681,False,0,0,0,,,,,,,,
101890202,Crashes_2010_2019_MPO,2018-01-18,2018,35.96699,-86.81237,True,0,0,0,,,,,,,,
101890797,Crashes_2010_2019_MPO,2018-01-19,2018,36.02364,-86.79905,True,0,0,0,,,,,,,,
101891214,Crashes_2010_2019_MPO,2018-01-19,2018,36.04243,-86.86694,True,0,0,0,,,,,,,,
101905772,Crashes_2010_2019_MPO,2018-01-19,2018,35.96273,-86.68989,False,0,0,0,,,,,,,,
101891299,Crashes_2010_2019_MPO,2018-01-19,2018,35.92482,-86.87403,False,0,0,0,,,,,,,,
101890808,Crashes_2010_2019_MPO,2018-01-19,2018,35.92611,-86.72577,False,0,0,0,,,,,,,,
101891300,Crashes_2010_2019_MPO,2018-01-19,2018,35.92738,-86.8687,False,0,0,0,,,,,,,,
101891308,Crashes_2010_2019_MPO,2018-01-19,2018,36.04424,-86.71313,False,0,0,0,,,,,,,,
101891278,Crashes_2010_2019_MPO,2018-01-19,2018,36.05076,-86.7192,False,0,0,0,,,,,,,,
101891469,Crashes_2010_2019_MPO,2018-01-19,2018,36.04739,-86.7135,False,0,0,0,,,,,,,,
101892907,Crashes_2010_2019_MPO,2018-01-19,2018,35.97369,-86.83273,True,0,0,0,,,,,,,,
101890951,Crashes_2010_2019_MPO,2018-01-19,2018,35.9585,-86.79729,False,0,0,0,,,,,,,,
101892300,Crashes_2010_2019_MPO,2018-01-20,2018,36.04009,-86.74434,False,0,0,0,,,,,,,,
101891775,Crashes_2010_2019_MPO,2018-01-20,2018,36.04118,-86.77663,False,0,0,0,,,,,,,,
101894537,Crashes_2010_2019_MPO,2018-01-20,2018,35.96693,-86.81201,True,0,0,0,,,,,,,,
101893248,Crashes_2010_2019_MPO,2018-01-20,2018,35.92423,-86.87097,False,0,0,0,,,,,,,,
101891991,Crashes_2010_2019_MPO,2018-01-20,2018,35.96721,-86.81889,True,0,0,0,,,,,,,,
101892307,Crashes_2010_2019_MPO,2018-01-20,2018,35.96602,-86.77897,True,0,0,0,,,,,,,,
101892489,Crashes_2010_2019_MPO,2018-01-20,2018,36.02654,-86.85091,True,0,0,0,,,,,,,,
101892110,Crashes_2010_2019_MPO,2018-01-20,2018,36.05218,-86.77533,False,0,0,0,,,,,,,,
101891853,Crashes_2010_2019_MPO,2018-01-20,2018,36.04281,-86.71297,False,0,0,0,,,,,,,,
101893055,Crashes_2010_2019_MPO,2018-01-21,2018,35.92451,-86.80412,False,0,0,0,,,,,,,,
101894371,Crashes_2010_2019_MPO,2018-01-22,2018,35.95299,-86.81791,False,0,0,0,,,,,,,,
101894372,Crashes_2010_2019_MPO,2018-01-22,2018,35.9778,-86.84069,False,0,0,0,,,,,,,,
101893693,Crashes_2010_2019_MPO,2018-01-22,2018,36.03614,-86.79498,True,0,0,0,,,,,,,,
101893904,Crashes_2010_2019_MPO,2018-01-22,2018,36.03014,-86.71254,False,0,0,0,,,,,,,,
101893576,Crashes_2010_2019_MPO,2018-01-22,2018,35.94675,-86.85178,False,0,0,0,,,,,,,,
101893471,Crashes_2010_2019_MPO,2018-01-22,2018,35.93562,-86.82387,False,0,0,0,,,,,,,,
101894119,Crashes_2010_2019_MPO,2018-01-22,2018,36.05003,-86.87284,False,0,0,0,,,,,,,,
101893427,Crashes_2010_2019_MPO,2018-01-22,2018,35.92924,-86.85316,False,0,0,1,,,,,,,,
101893984,Crashes_2010_2019_MPO,2018-01-22,2018,35.92948,-86.84122,False,0,0,0,,,,,,,,
101894848,Crashes_2010_2019_MPO,2018-01-22,2018,36.00194,-86.79344,True,0,0,0,,,,,,,,
101894522,Crashes_2010_2019_MPO,2018-01-23,2018,36.0374,-86.78657,False,0,0,0,,,,,,,,
101894926,Crashes_2010_2019_MPO,2018-01-23,2018,35.92333,-86.81686,False,0,0,0,,,,,,,,
101894365,Crashes_2010_2019_MPO,2018-01-23,2018,36.0394,-86.74343,False,0,0,0,,,,,,,,
101894568,Crashes_2010_2019_MPO,2018-01-23,2018,35.99961,-86.69362,False,0,0,0,,,,,,,,
101894310,Crashes_2010_2019_MPO,2018-01-23,2018,35.95754,-86.7676,True,0,0,0,,,,,,,,
101895285,Crashes_2010_2019_MPO,2018-01-23,2018,35.97765,-86.77678,True,0,0,0,,,,,,,,
101895125,Crashes_2010_2019_MPO,2018-01-23,2018,36.02943,-86.74403,False,0,0,0,,,,,,,,
101894305,Crashes_2010_2019_MPO,2018-01-23,2018,36.03689,-86.81684,True,0,0,0,,,,,,,,
101895194,Crashes_2010_2019_MPO,2018-01-23,2018,36.01617,-86.78588,True,0,0,0,,,,,,,,
101894366,Crashes_2010_2019_MPO,2018-01-23,2018,36.02577,-86.713,False,0,0,0,,,,,,,,
101894883,Crashes_2010_2019_MPO,2018-01-23,2018,35.94725,-86.81738,False,0,0,0,,,,,,,,
101894755,Crashes_2010_2019_MPO,2018-01-23,2018,36.03666,-86.7835,False,0,0,0,,,,,,,,
101895270,Crashes_2010_2019_MPO,2018-01-24,2018,35.9462,-86.80876,False,0,0,0,,,,,,,,
101896283,Crashes_2010_2019_MPO,2018-01-24,2018,35.95512,-86.8249,False,0,0,0,,,,,,,,
101895259,Crashes_2010_2019_MPO,2018-01-24,2018,35.95748,-86.76759,True,0,0,0,,,,,,,,
101895477,Crashes_2010_2019_MPO,2018-01-24,2018,35.93215,-86.79441,False,0,0,0,,,,,,,,
101895851,Crashes_2010_2019_MPO,2018-01-24,2018,35.92926,-86.83968,False,0,0,0,,,,,,,,
101895234,Crashes_2010_2019_MPO,2018-01-24,2018,35.94802,-86.8638,False,0,0,0,,,,,,,,
101896039,Crashes_2010_2019_MPO,2018-01-24,2018,36.02141,-86.73932,False,0,0,0,,,,,,,,
101895857,Crashes_2010_2019_MPO,2018-01-24,2018,35.92927,-86.83979,False,0,0,0,,,,,,,,
101896397,Crashes_2010_2019_MPO,2018-01-24,2018,35.93446,-86.81991,False,0,0,0,,,,,,,,
101895822,Crashes_2010_2019_MPO,2018-01-24,2018,36.04235,-86.83729,False,0,0,0,,,,,,,,
101895271,Crashes_2010_2019_MPO,2018-01-24,2018,35.9583,-86.8023,False,0,0,0,,,,,,,,
101895854,Crashes_2010_2019_MPO,2018-01-24,2018,35.97334,-86.83305,True,0,0,0,,,,,,,,