record_no,source_layer,collision_ts,crash_year,latitude,longitude,in_city,fatalities,non_motorists,truck_involved,serious_injuries,pedestrian,bicycle,crash_type,manner_of_collision,lighting,weather,first_harmful_event
101895258,Crashes_2010_2019_MPO,2018-01-24,2018,36.04653,-86.7134,False,0,0,0,,,,,,,,
101896623,Crashes_2010_2019_MPO,2018-01-25,2018,36.04188,-86.74393,False,0,0,0,,,,,,,,
101896698,Crashes_2010_2019_MPO,2018-01-25,2018,36.00347,-86.81342,True,0,0,0,,,,,,,,
101896750,Crashes_2010_2019_MPO,2018-01-25,2018,35.95856,-86.81607,False,0,0,0,,,,,,,,
101896726,Crashes_2010_2019_MPO,2018-01-25,2018,36.00273,-86.79232,True,0,0,0,,,,,,,,
101896740,Crashes_2010_2019_MPO,2018-01-25,2018,35.9267,-86.82714,False,0,0,0,,,,,,,,
101896564,Crashes_2010_2019_MPO,2018-01-25,2018,35.96914,-86.82694,False,0,0,0,,,,,,,,
101896776,Crashes_2010_2019_MPO,2018-01-25,2018,36.00789,-86.787,True,0,0,1,,,,,,,,
101896326,Crashes_2010_2019_MPO,2018-01-25,2018,36.03982,-86.74091,False,0,0,0,,,,,,,,
101897619,Crashes_2010_2019_MPO,2018-01-25,2018,36.01364,-86.80418,True,0,0,0,,,,,,,,
101901079,Crashes_2010_2019_MPO,2018-01-25,2018,36.00074,-86.79436,True,0,0,0,,,,,,,,
101896853,Crashes_2010_2019_MPO,2018-01-25,2018,36.04001,-86.74337,False,0,0,0,,,,,,,,
101896634,Crashes_2010_2019_MPO,2018-01-25,2018,36.02076,-86.78708,True,0,0,0,,,,,,,,
101900527,Crashes_2010_2019_MPO,2018-01-25,2018,35.96694,-86.67685,False,0,0,0,,,,,,,,
101896347,Crashes_2010_2019_MPO,2018-01-25,2018,36.04245,-86.71294,False,0,0,0,,,,,,,,
101896568,Crashes_2010_2019_MPO,2018-01-25,2018,36.03175,-86.78961,True,0,0,0,,,,,,,,
101896129,Crashes_2010_2019_MPO,2018-01-25,2018,36.04536,-86.71784,False,0,1,0,,,,,,,,
101898021,Crashes_2010_2019_MPO,2018-01-26,2018,36.03726,-86.78804,False,0,0,0,,,,,,,,
101897875,Crashes_2010_2019_MPO,2018-01-26,2018,36.04956,-86.71382,False,0,0,0,,,,,,,,
101897053,Crashes_2010_2019_MPO,2018-01-26,2018,36.0341,-86.81344,True,0,0,0,,,,,,,,
101897568,Crashes_2010_2019_MPO,2018-01-26,2018,36.04084,-86.72683,False,0,0,0,,,,,,,,
101897302,Crashes_2010_2019_MPO,2018-01-26,2018,36.00768,-86.78721,True,0,0,1,,,,,,,,
101897620,Crashes_2010_2019_MPO,2018-01-26,2018,35.96716,-86.81351,True,0,0,0,,,,,,,,
101897920,Crashes_2010_2019_MPO,2018-01-26,2018,36.03779,-86.79557,False,0,0,0,,,,,,,,
101901082,Crashes_2010_2019_MPO,2018-01-26,2018,36.03956,-86.86945,False,0,0,0,,,,,,,,
101897689,Crashes_2010_2019_MPO,2018-01-26,2018,36.04026,-86.8164,False,0,0,0,,,,,,,,
101897708,Crashes_2010_2019_MPO,2018-01-26,2018,36.04075,-86.72688,False,0,0,0,,,,,,,,
101897942,Crashes_2010_2019_MPO,2018-01-26,2018,36.05,-86.77565,False,0,0,0,,,,,,,,
101898982,Crashes_2010_2019_MPO,2018-01-27,2018,36.03256,-86.76873,False,0,0,0,,,,,,,,
101898967,Crashes_2010_2019_MPO,2018-01-27,2018,35.94769,-86.81949,False,0,0,0,,,,,,,,
101898419,Crashes_2010_2019_MPO,2018-01-27,2018,36.04526,-86.71704,False,0,0,0,,,,,,,,
101899002,Crashes_2010_2019_MPO,2018-01-27,2018,35.96681,-86.81119,True,0,0,0,,,,,,,,
101898803,Crashes_2010_2019_MPO,2018-01-27,2018,36.01399,-86.79998,True,0,0,0,,,,,,,,
101898667,Crashes_2010_2019_MPO,2018-01-27,2018,35.94112,-86.83623,False,0,0,0,,,,,,,,
101899785,Crashes_2010_2019_MPO,2018-01-28,2018,36.03947,-86.7815,False,0,0,0,,,,,,,,
101899205,Crashes_2010_2019_MPO,2018-01-28,2018,36.04797,-86.86515,False,0,0,0,,,,,,,,
101899927,Crashes_2010_2019_MPO,2018-01-28,2018,35.94828,-86.81976,False,0,0,0,,,,,,,,
101900798,Crashes_2010_2019_MPO,2018-01-29,2018,35.92456,-86.80681,False,0,0,0,,,,,,,,
101900769,Crashes_2010_2019_MPO,2018-01-29,2018,36.04253,-86.86686,True,0,0,0,,,,,,,,
101900616,Crashes_2010_2019_MPO,2018-01-29,2018,35.92673,-86.87005,False,0,0,0,,,,,,,,
101900386,Crashes_2010_2019_MPO,2018-01-29,2018,35.95395,-86.80025,False,0,0,0,,,,,,,,
101900682,Crashes_2010_2019_MPO,2018-01-29,2018,36.0331,-86.7828,True,0,0,0,,,,,,,,
101900921,Crashes_2010_2019_MPO,2018-01-29,2018,36.05366,-86.71502,False,0,0,0,,,,,,,,
101900753,Crashes_2010_2019_MPO,2018-01-29,2018,35.99589,-86.69089,False,0,0,0,,,,,,,,
101901176,Crashes_2010_2019_MPO,2018-01-30,2018,36.04521,-86.77964,False,0,0,0,,,,,,,,
101902284,Crashes_2010_2019_MPO,2018-01-30,2018,36.01328,-86.80049,True,0,0,0,,,,,,,,
101901116,Crashes_2010_2019_MPO,2018-01-30,2018,36.03779,-86.78475,False,0,0,0,,,,,,,,
101901179,Crashes_2010_2019_MPO,2018-01-30,2018,36.04084,-86.77347,False,0,0,0,,,,,,,,
101902213,Crashes_2010_2019_MPO,2018-01-30,2018,35.94804,-86.81865,False,0,0,0,,,,,,,,
101901649,Crashes_2010_2019_MPO,2018-01-30,2018,36.0331,-86.7828,True,0,0,0,,,,,,,,
101901866,Crashes_2010_2019_MPO,2018-01-30,2018,35.96855,-86.81917,True,0,0,0,,,,,,,,
101901100,Crashes_2010_2019_MPO,2018-01-30,2018,36.02175,-86.74267,False,0,0,0,,,,,,,,
101901775,Crashes_2010_2019_MPO,2018-01-30,2018,35.94213,-86.85546,False,0,0,1,,,,,,,,
101903210,Crashes_2010_2019_MPO,2018-01-30,2018,35.94671,-86.81958,False,0,0,0,,,,,,,,
101901298,Crashes_2010_2019_MPO,2018-01-30,2018,35.96567,-86.80109,True,0,0,0,,,,,,,,
101901420,Crashes_2010_2019_MPO,2018-01-30,2018,35.95198,-86.81788,False,0,0,0,,,,,,,,
101901279,Crashes_2010_2019_MPO,2018-01-30,2018,35.93209,-86.79397,False,0,0,0,,,,,,,,
101902104,Crashes_2010_2019_MPO,2018-01-31,2018,36.04255,-86.78274,False,0,0,0,,,,,,,,
101902504,Crashes_2010_2019_MPO,2018-01-31,2018,35.92641,-86.82453,False,0,0,0,,,,,,,,
101902735,Crashes_2010_2019_MPO,2018-01-31,2018,36.03256,-86.76876,False,0,0,0,,,,,,,,
101902261,Crashes_2010_2019_MPO,2018-01-31,2018,36.03527,-86.78303,False,0,0,0,,,,,,,,
101902621,Crashes_2010_2019_MPO,2018-01-31,2018,35.92551,-86.79385,False,0,0,0,,,,,,,,
101902737,Crashes_2010_2019_MPO,2018-01-31,2018,35.96651,-86.80916,True,0,0,0,,,,,,,,
101903540,Crashes_2010_2019_MPO,2018-01-31,2018,35.9285,-86.76023,False,0,0,0,,,,,,,,
101902634,Crashes_2010_2019_MPO,2018-01-31,2018,36.03969,-86.76007,False,0,0,0,,,,,,,,
101902301,Crashes_2010_2019_MPO,2018-01-31,2018,36.04393,-86.6933,False,0,0,0,,,,,,,,
101902805,Crashes_2010_2019_MPO,2018-01-31,2018,36.03353,-86.74363,False,0,0,0,,,,,,,,
101902145,Crashes_2010_2019_MPO,2018-01-31,2018,35.95689,-86.80329,False,0,0,0,,,,,,,,
101902724,Crashes_2010_2019_MPO,2018-01-31,2018,36.03551,-86.78748,True,0,0,0,,,,,,,,
101903617,Crashes_2010_2019_MPO,2018-02-01,2018,36.04084,-86.77347,False,0,0,0,,,,,,,,
101903582,Crashes_2010_2019_MPO,2018-02-01,2018,36.04455,-86.78003,False,0,0,0,,,,,,,,
101903657,Crashes_2010_2019_MPO,2018-02-01,2018,36.03471,-86.78332,True,0,0,0,,,,,,,,
101903166,Crashes_2010_2019_MPO,2018-02-01,2018,35.97734,-86.72553,True,0,0,0,,,,,,,,
101903527,Crashes_2010_2019_MPO,2018-02-01,2018,36.03479,-86.78331,True,0,0,0,,,,,,,,
101903381,Crashes_2010_2019_MPO,2018-02-01,2018,35.93185,-86.81952,False,0,0,0,,,,,,,,
101904177,Crashes_2010_2019_MPO,2018-02-01,2018,36.03374,-86.8011,True,0,0,0,,,,,,,,
101903624,Crashes_2010_2019_MPO,2018-02-01,2018,36.05186,-86.77516,False,0,0,0,,,,,,,,
101904362,Crashes_2010_2019_MPO,2018-02-01,2018,36.00887,-86.78602,True,0,0,0,,,,,,,,
101904369,Crashes_2010_2019_MPO,2018-02-02,2018,36.03964,-86.6992,False,0,0,0,,,,,,,,
101903922,Crashes_2010_2019_MPO,2018-02-02,2018,35.92867,-86.82063,False,0,0,0,,,,,,,,
101904937,Crashes_2010_2019_MPO,2018-02-02,2018,36.0374,-86.78657,False,0,0,0,,,,,,,,
101904076,Crashes_2010_2019_MPO,2018-02-02,2018,36.03997,-86.74281,False,0,0,0,,,,,,,,
101904616,Crashes_2010_2019_MPO,2018-02-02,2018,36.00495,-86.78044,True,0,0,0,,,,,,,,
101904385,Crashes_2010_2019_MPO,2018-02-02,2018,35.99781,-86.79886,True,0,0,0,,,,,,,,
101904918,Crashes_2010_2019_MPO,2018-02-02,2018,35.95244,-86.81261,False,0,0,0,,,,,,,,
101904748,Crashes_2010_2019_MPO,2018-02-02,2018,36.04691,-86.86116,False,0,0,0,,,,,,,,
101905810,Crashes_2010_2019_MPO,2018-02-03,2018,36.04067,-86.77183,False,0,0,0,,,,,,,,
101906088,Crashes_2010_2019_MPO,2018-02-03,2018,36.03428,-86.78337,True,0,0,0,,,,,,,,
101905660,Crashes_2010_2019_MPO,2018-02-03,2018,35.94278,-86.81883,False,0,0,0,,,,,,,,
101905291,Crashes_2010_2019_MPO,2018-02-03,2018,36.04537,-86.71326,False,0,0,0,,,,,,,,
101905493,Crashes_2010_2019_MPO,2018-02-03,2018,35.98365,-86.73119,True,0,0,0,,,,,,,,
101906686,Crashes_2010_2019_MPO,2018-02-04,2018,35.94675,-86.85178,False,0,0,0,,,,,,,,
101912631,Crashes_2010_2019_MPO,2018-02-04,2018,36.01856,-86.72321,False,0,0,0,,,,,,,,
101906245,Crashes_2010_2019_MPO,2018-02-04,2018,36.0452,-86.70014,False,0,0,0,,,,,,,,
101906930,Crashes_2010_2019_MPO,2018-02-04,2018,36.0454,-86.70322,False,0,0,0,,,,,,,,
101906408,Crashes_2010_2019_MPO,2018-02-04,2018,36.035,-86.78328,True,0,0,0,,,,,,,,
101906764,Crashes_2010_2019_MPO,2018-02-04,2018,35.99961,-86.69362,False,0,0,0,,,,,,,,
101907542,Crashes_2010_2019_MPO,2018-02-04,2018,36.04899,-86.69282,False,0,0,0,,,,,,,,
101907327,Crashes_2010_2019_MPO,2018-02-05,2018,35.94251,-86.81582,False,0,0,0,,,,,,,,
101907152,Crashes_2010_2019_MPO,2018-02-05,2018,35.9311,-86.79415,False,0,0,0,,,,,,,,
101907709,Crashes_2010_2019_MPO,2018-02-05,2018,36.04178,-86.78365,False,0,0,0,,,,,,,,
101907196,Crashes_2010_2019_MPO,2018-02-05,2018,35.92466,-86.87217,False,0,0,0,,,,,,,,
101908325,Crashes_2010_2019_MPO,2018-02-05,2018,36.05268,-86.68575,False,0,0,1,,,,,,,,
101908896,Crashes_2010_2019_MPO,2018-02-06,2018,35.93377,-86.8196,False,0,0,0,,,,,,,,
101916624,Crashes_2010_2019_MPO,2018-02-06,2018,35.94743,-86.82034,False,0,0,0,,,,,,,,
101908562,Crashes_2010_2019_MPO,2018-02-06,2018,35.94689,-86.82168,False,0,0,0,,,,,,,,
101909471,Crashes_2010_2019_MPO,2018-02-06,2018,36.02383,-86.79403,True,0,0,0,,,,,,,,
101908797,Crashes_2010_2019_MPO,2018-02-06,2018,36.03297,-86.79676,True,0,0,0,,,,,,,,
101908768,Crashes_2010_2019_MPO,2018-02-06,2018,35.9772,-86.67823,False,0,0,1,,,,,,,,
101909953,Crashes_2010_2019_MPO,2018-02-06,2018,36.01402,-86.83832,False,0,0,0,,,,,,,,
101908393,Crashes_2010_2019_MPO,2018-02-06,2018,36.05026,-86.87461,False,0,0,0,,,,,,,,
101909041,Crashes_2010_2019_MPO,2018-02-06,2018,35.94875,-86.74734,True,0,0,0,,,,,,,,
101908709,Crashes_2010_2019_MPO,2018-02-06,2018,35.98967,-86.77784,True,0,0,0,,,,,,,,
101908902,Crashes_2010_2019_MPO,2018-02-06,2018,35.94704,-86.8213,False,0,0,0,,,,,,,,
101910335,Crashes_2010_2019_MPO,2018-02-06,2018,35.95924,-86.8241,False,0,0,0,,,,,,,,
101908851,Crashes_2010_2019_MPO,2018-02-06,2018,36.04526,-86.71704,False,0,0,0,,,,,,,,
101908602,Crashes_2010_2019_MPO,2018-02-06,2018,35.92321,-86.87307,False,0,0,0,,,,,,,,
101908818,Crashes_2010_2019_MPO,2018-02-06,2018,35.94696,-86.85161,False,0,0,0,,,,,,,,
101909210,Crashes_2010_2019_MPO,2018-02-07,2018,36.03323,-86.71293,False,0,0,0,,,,,,,,
101909173,Crashes_2010_2019_MPO,2018-02-07,2018,36.05151,-86.71436,False,0,0,0,,,,,,,,
101909198,Crashes_2010_2019_MPO,2018-02-07,2018,35.97483,-86.77615,True,0,0,0,,,,,,,,
101909111,Crashes_2010_2019_MPO,2018-02-07,2018,35.93485,-86.68733,False,0,0,0,,,,,,,,
101909113,Crashes_2010_2019_MPO,2018-02-07,2018,36.03989,-86.74182,False,0,0,0,,,,,,,,
101909238,Crashes_2010_2019_MPO,2018-02-07,2018,35.9407,-86.83934,False,0,0,0,,,,,,,,
101915005,Crashes_2010_2019_MPO,2018-02-07,2018,35.9516,-86.73792,True,0,0,0,,,,,,,,
101909602,Crashes_2010_2019_MPO,2018-02-07,2018,36.04752,-86.86255,False,0,0,0,,,,,,,,
101909149,Crashes_2010_2019_MPO,2018-02-07,2018,35.92757,-86.82101,False,0,0,0,,,,,,,,
101909773,Crashes_2010_2019_MPO,2018-02-07,2018,35.93267,-86.78639,False,0,0,0,,,,,,,,
101909179,Crashes_2010_2019_MPO,2018-02-07,2018,36.04818,-86.8659,False,0,0,0,,,,,,,,
101909190,Crashes_2010_2019_MPO,2018-02-07,2018,36.03022,-86.71254,False,0,0,0,,,,,,,,
101909596,Crashes_2010_2019_MPO,2018-02-07,2018,35.99088,-86.79905,True,0,0,0,,,,,,,,
101909962,Crashes_2010_2019_MPO,2018-02-08,2018,36.01268,-86.7038,False,0,0,0,,,,,,,,
101909991,Crashes_2010_2019_MPO,2018-02-08,2018,35.93374,-86.81767,False,0,0,0,,,,,,,,
101910699,Crashes_2010_2019_MPO,2018-02-08,2018,35.96356,-86.81052,False,0,0,0,,,,,,,,
101910032,Crashes_2010_2019_MPO,2018-02-08,2018,36.04001,-86.74347,False,0,0,0,,,,,,,,
101909877,Crashes_2010_2019_MPO,2018-02-08,2018,36.04314,-86.69167,False,0,0,0,,,,,,,,
101909996,Crashes_2010_2019_MPO,2018-02-08,2018,36.04224,-86.72034,False,0,0,0,,,,,,,,
101910671,Crashes_2010_2019_MPO,2018-02-08,2018,36.0453,-86.71736,False,0,0,0,,,,,,,,
101910076,Crashes_2010_2019_MPO,2018-02-08,2018,35.92278,-86.86964,False,0,0,0,,,,,,,,
101910091,Crashes_2010_2019_MPO,2018-02-08,2018,36.03352,-86.71298,False,0,0,0,,,,,,,,
101910029,Crashes_2010_2019_MPO,2018-02-08,2018,36.04035,-86.74521,False,0,0,0,,,,,,,,
101909941,Crashes_2010_2019_MPO,2018-02-08,2018,35.96488,-86.7931,True,0,0,0,,,,,,,,
101910436,Crashes_2010_2019_MPO,2018-02-08,2018,35.96194,-86.8401,False,0,0,0,,,,,,,,
101910459,Crashes_2010_2019_MPO,2018-02-08,2018,35.92477,-86.87414,False,0,0,0,,,,,,,,
101911284,Crashes_2010_2019_MPO,2018-02-09,2018,36.03971,-86.76279,False,0,0,0,,,,,,,,
101911952,Crashes_2010_2019_MPO,2018-02-09,2018,35.92643,-86.82479,False,0,0,0,,,,,,,,
101910904,Crashes_2010_2019_MPO,2018-02-09,2018,36.03944,-86.73731,False,0,0,0,,,,,,,,
101911924,Crashes_2010_2019_MPO,2018-02-09,2018,36.04014,-86.74459,False,0,0,0,,,,,,,,
101911484,Crashes_2010_2019_MPO,2018-02-09,2018,35.95898,-86.81624,True,0,0,0,,,,,,,,
101910995,Crashes_2010_2019_MPO,2018-02-09,2018,36.03223,-86.76527,False,0,0,0,,,,,,,,
101911233,Crashes_2010_2019_MPO,2018-02-09,2018,36.04461,-86.84718,False,0,0,0,,,,,,,,
101911255,Crashes_2010_2019_MPO,2018-02-09,2018,35.99922,-86.80923,True,0,0,0,,,,,,,,
101911953,Crashes_2010_2019_MPO,2018-02-09,2018,35.9462,-86.80876,False,0,0,0,,,,,,,,
101912020,Crashes_2010_2019_MPO,2018-02-09,2018,35.95832,-86.81614,False,0,0,0,,,,,,,,
101912021,Crashes_2010_2019_MPO,2018-02-09,2018,35.95902,-86.81609,False,0,0,0,,,,,,,,
101911097,Crashes_2010_2019_MPO,2018-02-09,2018,35.93272,-86.82389,False,0,0,0,,,,,,,,
101912536,Crashes_2010_2019_MPO,2018-02-10,2018,35.93446,-86.81991,False,0,0,0,,,,,,,,
101912117,Crashes_2010_2019_MPO,2018-02-10,2018,36.05022,-86.69663,False,0,0,0,,,,,,,,
101912081,Crashes_2010_2019_MPO,2018-02-10,2018,36.03034,-86.87592,False,0,0,0,,,,,,,,
101912316,Crashes_2010_2019_MPO,2018-02-10,2018,36.04537,-86.71326,False,0,0,0,,,,,,,,
101912480,Crashes_2010_2019_MPO,2018-02-10,2018,36.0095,-86.70166,False,0,0,0,,,,,,,,
101912756,Crashes_2010_2019_MPO,2018-02-10,2018,36.02191,-86.72102,False,0,0,0,,,,,,,,
101914766,Crashes_2010_2019_MPO,2018-02-10,2018,35.94615,-86.7466,True,0,0,0,,,,,,,,
101912300,Crashes_2010_2019_MPO,2018-02-10,2018,36.041,-86.75796,False,0,0,0,,,,,,,,
101912834,Crashes_2010_2019_MPO,2018-02-10,2018,35.95689,-86.80329,False,0,0,0,,,,,,,,
101912418,Crashes_2010_2019_MPO,2018-02-10,2018,36.04218,-86.78332,False,0,0,0,,,,,,,,
101912893,Crashes_2010_2019_MPO,2018-02-10,2018,35.98832,-86.72419,True,0,0,0,,,,,,,,
101912749,Crashes_2010_2019_MPO,2018-02-10,2018,35.93421,-86.81882,False,0,0,0,,,,,,,,
101912942,Crashes_2010_2019_MPO,2018-02-11,2018,35.97804,-86.76141,True,0,0,0,,,,,,,,
101913068,Crashes_2010_2019_MPO,2018-02-11,2018,35.9524,-86.6818,False,0,0,0,,,,,,,,
101913435,Crashes_2010_2019_MPO,2018-02-11,2018,36.04863,-86.7436,False,0,0,0,,,,,,,,
101913459,Crashes_2010_2019_MPO,2018-02-11,2018,35.92522,-86.87621,False,0,0,0,,,,,,,,
101913699,Crashes_2010_2019_MPO,2018-02-11,2018,35.97039,-86.77379,True,0,0,0,,,,,,,,
101913175,Crashes_2010_2019_MPO,2018-02-11,2018,35.96713,-86.81333,True,0,0,0,,,,,,,,
101914572,Crashes_2010_2019_MPO,2018-02-11,2018,35.95175,-86.80578,False,0,0,0,,,,,,,,
101912934,Crashes_2010_2019_MPO,2018-02-11,2018,36.02817,-86.74401,False,0,0,0,,,,,,,,
101914302,Crashes_2010_2019_MPO,2018-02-12,2018,36.01392,-86.71935,False,0,0,0,,,,,,,,
101914832,Crashes_2010_2019_MPO,2018-02-12,2018,36.04245,-86.71294,False,0,0,0,,,,,,,,
101914214,Crashes_2010_2019_MPO,2018-02-12,2018,36.03426,-86.7882,True,0,0,0,,,,,,,,
101914338,Crashes_2010_2019_MPO,2018-02-12,2018,36.03256,-86.7687,False,0,0,0,,,,,,,,
101913814,Crashes_2010_2019_MPO,2018-02-12,2018,35.9509,-86.80665,False,0,0,0,,,,,,,,
101914441,Crashes_2010_2019_MPO,2018-02-12,2018,36.03899,-86.78258,False,0,0,0,,,,,,,,
101914609,Crashes_2010_2019_MPO,2018-02-12,2018,35.93442,-86.86104,False,0,0,0,,,,,,,,
101915417,Crashes_2010_2019_MPO,2018-02-12,2018,35.93066,-86.87629,False,0,0,0,,,,,,,,
101913877,Crashes_2010_2019_MPO,2018-02-12,2018,35.96673,-86.80907,True,0,0,0,,,,,,,,
101914332,Crashes_2010_2019_MPO,2018-02-12,2018,35.99363,-86.75946,True,0,0,0,,,,,,,,
101913827,Crashes_2010_2019_MPO,2018-02-12,2018,35.9471,-86.81422,False,0,0,0,,,,,,,,
101913862,Crashes_2010_2019_MPO,2018-02-12,2018,36.02554,-86.78516,True,0,0,0,,,,,,,,
101918719,Crashes_2010_2019_MPO,2018-02-13,2018,35.98851,-86.8786,False,0,0,1,,,,,,,,
101914598,Crashes_2010_2019_MPO,2018-02-13,2018,36.05053,-86.81251,False,0,0,0,,,,,,,,
101915068,Crashes_2010_2019_MPO,2018-02-13,2018,36.0437,-86.71307,False,0,0,0,,,,,,,,
101915267,Crashes_2010_2019_MPO,2018-02-13,2018,36.03974,-86.75558,False,0,0,0,,,,,,,,
101917483,Crashes_2010_2019_MPO,2018-02-13,2018,36.02945,-86.87626,False,0,0,0,,,,,,,,
101914736,Crashes_2010_2019_MPO,2018-02-13,2018,35.92477,-86.86985,False,0,0,0,,,,,,,,
101915304,Crashes_2010_2019_MPO,2018-02-13,2018,36.00092,-86.69514,False,0,0,0,,,,,,,,
101916630,Crashes_2010_2019_MPO,2018-02-13,2018,35.93117,-86.82016,False,0,0,0,,,,,,,,
101916625,Crashes_2010_2019_MPO,2018-02-13,2018,35.96176,-86.81524,False,0,0,0,,,,,,,,
101914886,Crashes_2010_2019_MPO,2018-02-13,2018,36.0374,-86.78657,False,0,0,0,,,,,,,,
101914776,Crashes_2010_2019_MPO,2018-02-13,2018,35.97833,-86.75281,True,0,0,0,,,,,,,,
101915441,Crashes_2010_2019_MPO,2018-02-13,2018,36.04114,-86.77621,False,0,0,0,,,,,,,,
101915372,Crashes_2010_2019_MPO,2018-02-13,2018,35.99673,-86.69003,False,0,0,0,,,,,,,,
101915738,Crashes_2010_2019_MPO,2018-02-14,2018,36.0249,-86.7858,True,0,0,0,,,,,,,,
101915986,Crashes_2010_2019_MPO,2018-02-14,2018,35.93541,-86.82372,False,0,0,0,,,,,,,,
101916139,Crashes_2010_2019_MPO,2018-02-14,2018,36.04488,-86.85012,False,0,0,0,,,,,,,,
101915793,Crashes_2010_2019_MPO,2018-02-14,2018,36.034101,-86.795285,True,0,0,0,,,,,,,,
101916132,Crashes_2010_2019_MPO,2018-02-14,2018,35.9952,-86.77565,True,0,0,0,,,,,,,,
101916286,Crashes_2010_2019_MPO,2018-02-14,2018,36.0269,-86.68083,False,0,0,0,,,,,,,,
101916643,Crashes_2010_2019_MPO,2018-02-14,2018,35.94616,-86.80856,False,0,0,0,,,,,,,,
101915635,Crashes_2010_2019_MPO,2018-02-14,2018,35.99022,-86.68261,False,0,0,0,,,,,,,,
101916287,Crashes_2010_2019_MPO,2018-02-14,2018,35.93062,-86.86387,False,0,0,0,,,,,,,,
101916642,Crashes_2010_2019_MPO,2018-02-14,2018,35.94813,-86.81682,False,0,0,0,,,,,,,,
101916045,Crashes_2010_2019_MPO,2018-02-14,2018,36.01974,-86.7869,True,0,0,0,,,,,,,,
101915781,Crashes_2010_2019_MPO,2018-02-14,2018,36.02599,-86.78517,True,0,0,1,,,,,,,,
101916148,Crashes_2010_2019_MPO,2018-02-14,2018,36.05048,-86.8766,False,0,0,0,,,,,,,,
101916149,Crashes_2010_2019_MPO,2018-02-14,2018,35.99637,-86.78746,True,0,0,0,,,,,,,,
101917084,Crashes_2010_2019_MPO,2018-02-14,2018,35.95439,-86.81194,False,0,0,0,,,,,,,,
101918159,Crashes_2010_2019_MPO,2018-02-14,2018,35.99551,-86.77887,True,0,0,0,,,,,,,,
101916122,Crashes_2010_2019_MPO,2018-02-14,2018,36.03774,-86.81672,True,0,0,0,,,,,,,,
101917654,Crashes_2010_2019_MPO,2018-02-15,2018,35.92304,-86.81684,False,0,0,0,,,,,,,,
101916671,Crashes_2010_2019_MPO,2018-02-15,2018,36.0409,-86.77938,False,0,0,0,,,,,,,,
101917278,Crashes_2010_2019_MPO,2018-02-15,2018,36.04586,-86.71692,False,0,0,0,,,,,,,,
101917034,Crashes_2010_2019_MPO,2018-02-15,2018,35.96756,-86.81671,True,0,0,0,,,,,,,,
101916594,Crashes_2010_2019_MPO,2018-02-15,2018,36.04059,-86.77107,False,0,0,0,,,,,,,,
101916836,Crashes_2010_2019_MPO,2018-02-15,2018,36.03321,-86.78313,True,0,0,1,,,,,,,,
101916512,Crashes_2010_2019_MPO,2018-02-15,2018,35.99547,-86.77846,True,0,0,0,,,,,,,,
101916968,Crashes_2010_2019_MPO,2018-02-15,2018,35.95724,-86.81662,False,0,0,0,,,,,,,,
101917002,Crashes_2010_2019_MPO,2018-02-15,2018,35.96716,-86.81351,True,0,0,0,,,,,,,,
101916695,Crashes_2010_2019_MPO,2018-02-15,2018,35.966713,-86.80911,True,0,0,0,,,,,,,,
101917093,Crashes_2010_2019_MPO,2018-02-15,2018,36.04561,-86.71977,False,0,0,0,,,,,,,,
101917779,Crashes_2010_2019_MPO,2018-02-16,2018,36.052,-86.71451,False,0,0,0,,,,,,,,
101917624,Crashes_2010_2019_MPO,2018-02-16,2018,35.97049,-86.8061,True,0,0,0,,,,,,,,
101918077,Crashes_2010_2019_MPO,2018-02-16,2018,36.04472,-86.84895,False,0,0,0,,,,,,,,
101917618,Crashes_2010_2019_MPO,2018-02-16,2018,36.0387,-86.7831,False,0,0,0,,,,,,,,
101917692,Crashes_2010_2019_MPO,2018-02-16,2018,36.02112,-86.78793,True,0,0,0,,,,,,,,
101918233,Crashes_2010_2019_MPO,2018-02-16,2018,35.96098,-86.8094,False,0,0,0,,,,,,,,
101918261,Crashes_2010_2019_MPO,2018-02-16,2018,35.9325,-86.86247,False,0,0,0,,,,,,,,
101918218,Crashes_2010_2019_MPO,2018-02-16,2018,35.98466,-86.71596,True,0,0,0,,,,,,,,
101918094,Crashes_2010_2019_MPO,2018-02-16,2018,36.04641,-86.67742,False,0,0,0,,,,,,,,
101917690,Crashes_2010_2019_MPO,2018-02-16,2018,35.9646,-86.80815,False,0,0,0,,,,,,,,
101918123,Crashes_2010_2019_MPO,2018-02-16,2018,35.94112,-86.8788,False,0,0,0,,,,,,,,
101917901,Crashes_2010_2019_MPO,2018-02-16,2018,35.94195,-86.82295,False,0,0,0,,,,,,,,
101921286,Crashes_2010_2019_MPO,2018-02-16,2018,35.99745,-86.79578,True,0,0,0,,,,,,,,
101918045,Crashes_2010_2019_MPO,2018-02-16,2018,36.03905,-86.78249,False,0,0,0,,,,,,,,
101918044,Crashes_2010_2019_MPO,2018-02-16,2018,36.03905,-86.78249,False,0,0,0,,,,,,,,
101917655,Crashes_2010_2019_MPO,2018-02-16,2018,36.0453,-86.70168,False,0,0,0,,,,,,,,
101917846,Crashes_2010_2019_MPO,2018-02-16,2018,36.0327,-86.71283,False,0,0,0,,,,,,,,
101917716,Crashes_2010_2019_MPO,2018-02-16,2018,36.0137,-86.7852,True,0,0,1,,,,,,,,
101918798,Crashes_2010_2019_MPO,2018-02-16,2018,36.00488,-86.77071,True,0,0,0,,,,,,,,
101917681,Crashes_2010_2019_MPO,2018-02-16,2018,36.04084,-86.77347,False,0,0,0,,,,,,,,
101918977,Crashes_2010_2019_MPO,2018-02-17,2018,35.95209,-86.81805,False,0,0,0,,,,,,,,
101918833,Crashes_2010_2019_MPO,2018-02-17,2018,36.03991,-86.74207,False,0,0,0,,,,,,,,
101918908,Crashes_2010_2019_MPO,2018-02-17,2018,35.94612,-86.82346,False,0,0,0,,,,,,,,
101918484,Crashes_2010_2019_MPO,2018-02-17,2018,36.03175,-86.78961,True,0,1,0,,,,,,,,
101918968,Crashes_2010_2019_MPO,2018-02-17,2018,36.03991,-86.74211,False,0,0,0,,,,,,,,