record_no,source_layer,collision_ts,crash_year,latitude,longitude,in_city,fatalities,non_motorists,truck_involved,serious_injuries,pedestrian,bicycle,crash_type,manner_of_collision,lighting,weather,first_harmful_event
101918932,Crashes_2010_2019_MPO,2018-02-17,2018,35.95015,-86.84906,False,0,0,0,,,,,,,,
101918743,Crashes_2010_2019_MPO,2018-02-17,2018,36.0374,-86.78657,False,0,0,0,,,,,,,,
101918571,Crashes_2010_2019_MPO,2018-02-17,2018,36.04317,-86.78154,False,0,0,0,,,,,,,,
101919532,Crashes_2010_2019_MPO,2018-02-18,2018,36.0374,-86.78657,False,0,0,0,,,,,,,,
101919750,Crashes_2010_2019_MPO,2018-02-18,2018,35.95599,-86.81639,False,0,0,0,,,,,,,,
101919527,Crashes_2010_2019_MPO,2018-02-18,2018,35.93465,-86.86087,False,0,0,0,,,,,,,,
101919353,Crashes_2010_2019_MPO,2018-02-18,2018,35.99687,-86.68989,False,0,0,0,,,,,,,,
101919672,Crashes_2010_2019_MPO,2018-02-18,2018,36.05126,-86.71513,False,0,0,0,,,,,,,,
101919945,Crashes_2010_2019_MPO,2018-02-18,2018,36.04109,-86.77897,False,0,0,0,,,,,,,,
101920823,Crashes_2010_2019_MPO,2018-02-19,2018,36.0452,-86.71515,False,0,0,0,,,,,,,,
101921657,Crashes_2010_2019_MPO,2018-02-19,2018,35.99759,-86.79685,True,0,0,0,,,,,,,,
101920822,Crashes_2010_2019_MPO,2018-02-19,2018,36.02147,-86.78733,True,0,0,0,,,,,,,,
101923238,Crashes_2010_2019_MPO,2018-02-19,2018,35.94788,-86.81951,False,0,0,0,,,,,,,,
101920795,Crashes_2010_2019_MPO,2018-02-19,2018,35.97283,-86.82937,True,0,0,0,,,,,,,,
101920487,Crashes_2010_2019_MPO,2018-02-19,2018,35.966703,-86.80913,True,0,0,0,,,,,,,,
101923697,Crashes_2010_2019_MPO,2018-02-19,2018,35.93495,-86.82163,False,0,0,0,,,,,,,,
101921476,Crashes_2010_2019_MPO,2018-02-19,2018,35.96647,-86.81964,True,0,0,0,,,,,,,,
101920083,Crashes_2010_2019_MPO,2018-02-19,2018,35.9583,-86.8023,False,0,0,0,,,,,,,,
101926143,Crashes_2010_2019_MPO,2018-02-19,2018,35.99703,-86.79692,True,0,0,1,,,,,,,,
101921500,Crashes_2010_2019_MPO,2018-02-19,2018,35.96492,-86.81552,True,0,0,0,,,,,,,,
101920817,Crashes_2010_2019_MPO,2018-02-19,2018,36.04557,-86.70165,False,0,0,1,,,,,,,,
101921815,Crashes_2010_2019_MPO,2018-02-20,2018,35.94048,-86.81061,False,0,0,0,,,,,,,,
101922087,Crashes_2010_2019_MPO,2018-02-20,2018,36.03897,-86.78264,False,0,0,0,,,,,,,,
101921336,Crashes_2010_2019_MPO,2018-02-20,2018,35.98993,-86.74438,True,0,0,0,,,,,,,,
101924277,Crashes_2010_2019_MPO,2018-02-20,2018,36.03565,-86.78298,False,0,0,0,,,,,,,,
101921344,Crashes_2010_2019_MPO,2018-02-20,2018,36.03352,-86.71298,False,0,0,0,,,,,,,,
101922088,Crashes_2010_2019_MPO,2018-02-20,2018,36.05479,-86.7478,False,0,0,0,,,,,,,,
101928465,Crashes_2010_2019_MPO,2018-02-20,2018,35.95399,-86.80425,False,0,0,0,,,,,,,,
101921792,Crashes_2010_2019_MPO,2018-02-20,2018,36.04537,-86.71326,False,0,0,0,,,,,,,,
101921721,Crashes_2010_2019_MPO,2018-02-20,2018,35.98999,-86.68239,False,0,0,0,,,,,,,,
101923700,Crashes_2010_2019_MPO,2018-02-20,2018,35.94531,-86.80488,False,0,0,0,,,,,,,,
101923698,Crashes_2010_2019_MPO,2018-02-20,2018,35.95588,-86.83168,False,0,0,0,,,,,,,,
101922417,Crashes_2010_2019_MPO,2018-02-21,2018,35.97438,-86.83209,True,0,0,0,,,,,,,,
101923491,Crashes_2010_2019_MPO,2018-02-21,2018,36.01575,-86.82116,True,0,0,0,,,,,,,,
101922829,Crashes_2010_2019_MPO,2018-02-21,2018,36.0374,-86.78657,False,0,0,0,,,,,,,,
101922334,Crashes_2010_2019_MPO,2018-02-21,2018,35.96716,-86.81351,True,0,0,0,,,,,,,,
101922845,Crashes_2010_2019_MPO,2018-02-21,2018,36.04273,-86.82829,False,0,0,0,,,,,,,,
101924022,Crashes_2010_2019_MPO,2018-02-21,2018,36.03453,-86.78334,True,0,0,0,,,,,,,,
101928469,Crashes_2010_2019_MPO,2018-02-22,2018,35.94715,-86.80843,False,0,0,0,,,,,,,,
101923243,Crashes_2010_2019_MPO,2018-02-22,2018,36.0473,-86.86274,False,0,0,0,,,,,,,,
101923202,Crashes_2010_2019_MPO,2018-02-22,2018,35.94838,-86.80772,False,0,0,0,,,,,,,,
101923107,Crashes_2010_2019_MPO,2018-02-22,2018,35.93469,-86.80176,False,0,0,0,,,,,,,,
101928467,Crashes_2010_2019_MPO,2018-02-22,2018,35.92963,-86.84185,False,0,0,0,,,,,,,,
101928468,Crashes_2010_2019_MPO,2018-02-22,2018,35.94742,-86.81968,False,0,0,0,,,,,,,,
101928466,Crashes_2010_2019_MPO,2018-02-22,2018,35.92889,-86.83133,False,0,0,0,,,,,,,,
101923666,Crashes_2010_2019_MPO,2018-02-22,2018,35.95688,-86.84366,False,0,0,0,,,,,,,,
101923309,Crashes_2010_2019_MPO,2018-02-22,2018,36.03319,-86.7876,True,0,0,0,,,,,,,,
101923242,Crashes_2010_2019_MPO,2018-02-22,2018,36.034681,-86.783725,True,0,0,0,,,,,,,,
101923422,Crashes_2010_2019_MPO,2018-02-22,2018,35.96518,-86.80029,True,0,0,0,,,,,,,,
101923235,Crashes_2010_2019_MPO,2018-02-22,2018,36.03745,-86.78621,False,0,0,0,,,,,,,,
101923784,Crashes_2010_2019_MPO,2018-02-22,2018,36.04529,-86.71728,False,0,0,0,,,,,,,,
101924686,Crashes_2010_2019_MPO,2018-02-22,2018,36.03398,-86.78341,True,0,0,0,,,,,,,,
101924950,Crashes_2010_2019_MPO,2018-02-23,2018,35.98996,-86.74454,True,0,0,0,,,,,,,,
101923957,Crashes_2010_2019_MPO,2018-02-23,2018,36.04479,-86.77983,False,0,0,0,,,,,,,,
101924704,Crashes_2010_2019_MPO,2018-02-23,2018,36.04069,-86.772,False,0,0,0,,,,,,,,
101924104,Crashes_2010_2019_MPO,2018-02-23,2018,36.03124,-86.75279,False,0,0,0,,,,,,,,
101924999,Crashes_2010_2019_MPO,2018-02-23,2018,36.00079,-86.79431,True,0,0,0,,,,,,,,
101924888,Crashes_2010_2019_MPO,2018-02-23,2018,35.94769,-86.81943,False,0,0,0,,,,,,,,
101924136,Crashes_2010_2019_MPO,2018-02-23,2018,36.04001,-86.78087,False,0,0,0,,,,,,,,
101923962,Crashes_2010_2019_MPO,2018-02-23,2018,36.04611,-86.8573,False,0,0,0,,,,,,,,
101924887,Crashes_2010_2019_MPO,2018-02-23,2018,35.9477,-86.81954,False,0,0,0,,,,,,,,
101924911,Crashes_2010_2019_MPO,2018-02-23,2018,36.02673,-86.78449,True,0,0,0,,,,,,,,
101924031,Crashes_2010_2019_MPO,2018-02-23,2018,35.99517,-86.77531,True,0,0,0,,,,,,,,
101924836,Crashes_2010_2019_MPO,2018-02-23,2018,36.03747,-86.79098,False,0,0,0,,,,,,,,
101926433,Crashes_2010_2019_MPO,2018-02-23,2018,35.98565,-86.6777,False,0,0,0,,,,,,,,
101924885,Crashes_2010_2019_MPO,2018-02-23,2018,35.93427,-86.86114,False,0,0,0,,,,,,,,
101924548,Crashes_2010_2019_MPO,2018-02-23,2018,35.94686,-86.82234,False,0,0,0,,,,,,,,
101926132,Crashes_2010_2019_MPO,2018-02-24,2018,35.9996,-86.80902,True,0,0,0,,,,,,,,
101926424,Crashes_2010_2019_MPO,2018-02-24,2018,35.97832,-86.80363,True,0,0,0,,,,,,,,
101925989,Crashes_2010_2019_MPO,2018-02-24,2018,35.96716,-86.81351,True,0,0,0,,,,,,,,
101926131,Crashes_2010_2019_MPO,2018-02-24,2018,36.04479,-86.72487,False,0,0,0,,,,,,,,
101925312,Crashes_2010_2019_MPO,2018-02-24,2018,36.05236,-86.70843,False,0,0,0,,,,,,,,
101925952,Crashes_2010_2019_MPO,2018-02-24,2018,35.93324,-86.86192,False,0,0,0,,,,,,,,
101925908,Crashes_2010_2019_MPO,2018-02-24,2018,36.04543,-86.70361,False,0,0,0,,,,,,,,
101930006,Crashes_2010_2019_MPO,2018-02-24,2018,35.96987,-86.80656,True,0,0,0,,,,,,,,
101925838,Crashes_2010_2019_MPO,2018-02-24,2018,36.03875,-86.78301,False,0,0,0,,,,,,,,
101926379,Crashes_2010_2019_MPO,2018-02-24,2018,35.92648,-86.8663,False,0,0,0,,,,,,,,
101925612,Crashes_2010_2019_MPO,2018-02-24,2018,35.93944,-86.81689,False,0,0,0,,,,,,,,
101936150,Crashes_2010_2019_MPO,2018-02-24,2018,35.96938,-86.80673,True,1,1,0,,,,,,,,
101926861,Crashes_2010_2019_MPO,2018-02-25,2018,36.04586,-86.71412,False,0,0,0,,,,,,,,
101928024,Crashes_2010_2019_MPO,2018-02-25,2018,35.94978,-86.81329,False,0,0,0,,,,,,,,
101927178,Crashes_2010_2019_MPO,2018-02-25,2018,36.04654,-86.70071,False,0,0,0,,,,,,,,
101927060,Crashes_2010_2019_MPO,2018-02-25,2018,35.99004,-86.74528,True,0,0,0,,,,,,,,
101926380,Crashes_2010_2019_MPO,2018-02-25,2018,35.92556,-86.86738,False,0,0,0,,,,,,,,
101926770,Crashes_2010_2019_MPO,2018-02-25,2018,35.99753,-86.79643,True,0,0,0,,,,,,,,
101928804,Crashes_2010_2019_MPO,2018-02-25,2018,36.05486,-86.72929,False,0,0,0,,,,,,,,
101927897,Crashes_2010_2019_MPO,2018-02-26,2018,35.96681,-86.81119,True,0,0,0,,,,,,,,
101927402,Crashes_2010_2019_MPO,2018-02-26,2018,36.04557,-86.71114,False,0,0,0,,,,,,,,
101927464,Crashes_2010_2019_MPO,2018-02-26,2018,36.033262,-86.799439,True,0,0,0,,,,,,,,
101928005,Crashes_2010_2019_MPO,2018-02-26,2018,35.94531,-86.87665,False,0,0,0,,,,,,,,
101927845,Crashes_2010_2019_MPO,2018-02-26,2018,35.95107,-86.81826,False,0,0,0,,,,,,,,
101927410,Crashes_2010_2019_MPO,2018-02-26,2018,35.9912,-86.68349,False,0,0,0,,,,,,,,
101927390,Crashes_2010_2019_MPO,2018-02-26,2018,36.03408,-86.75436,False,0,0,0,,,,,,,,
101927898,Crashes_2010_2019_MPO,2018-02-26,2018,36.03313,-86.78885,True,0,0,0,,,,,,,,
101928391,Crashes_2010_2019_MPO,2018-02-27,2018,35.9944,-86.68653,False,0,0,0,,,,,,,,
101928580,Crashes_2010_2019_MPO,2018-02-27,2018,36.0401,-86.74439,False,0,0,0,,,,,,,,
101928888,Crashes_2010_2019_MPO,2018-02-27,2018,36.0374,-86.78657,False,0,0,0,,,,,,,,
101928365,Crashes_2010_2019_MPO,2018-02-27,2018,35.92316,-86.81661,False,0,0,0,,,,,,,,
101928861,Crashes_2010_2019_MPO,2018-02-27,2018,36.031985,-86.8176,True,0,0,0,,,,,,,,
101928887,Crashes_2010_2019_MPO,2018-02-27,2018,36.05151,-86.71436,False,0,0,0,,,,,,,,
101929292,Crashes_2010_2019_MPO,2018-02-27,2018,35.966716,-86.809118,True,0,0,0,,,,,,,,
101928911,Crashes_2010_2019_MPO,2018-02-27,2018,35.99551,-86.77887,True,0,0,0,,,,,,,,
101928975,Crashes_2010_2019_MPO,2018-02-27,2018,36.03783,-86.78471,False,0,0,0,,,,,,,,
101929041,Crashes_2010_2019_MPO,2018-02-27,2018,36.04531,-86.70186,False,0,0,0,,,,,,,,
101928526,Crashes_2010_2019_MPO,2018-02-27,2018,35.99606,-86.78464,True,0,0,0,,,,,,,,
101928364,Crashes_2010_2019_MPO,2018-02-27,2018,36.03684,-86.78284,False,0,0,0,,,,,,,,
101928984,Crashes_2010_2019_MPO,2018-02-27,2018,36.04537,-86.71326,False,0,0,0,,,,,,,,
101928457,Crashes_2010_2019_MPO,2018-02-27,2018,35.95181,-86.73995,True,0,0,0,,,,,,,,
101928866,Crashes_2010_2019_MPO,2018-02-27,2018,36.0386,-86.74344,False,0,0,0,,,,,,,,
101929291,Crashes_2010_2019_MPO,2018-02-28,2018,36.04047,-86.77003,False,0,0,0,,,,,,,,
101929459,Crashes_2010_2019_MPO,2018-02-28,2018,36.03372,-86.78344,True,0,0,0,,,,,,,,
101929677,Crashes_2010_2019_MPO,2018-02-28,2018,35.96651,-86.81127,True,0,0,0,,,,,,,,
101929289,Crashes_2010_2019_MPO,2018-02-28,2018,36.0346,-86.78333,True,0,0,0,,,,,,,,
101929732,Crashes_2010_2019_MPO,2018-02-28,2018,35.99734,-86.79486,True,0,0,0,,,,,,,,
101929698,Crashes_2010_2019_MPO,2018-02-28,2018,36.04537,-86.71326,False,0,0,0,,,,,,,,
101931145,Crashes_2010_2019_MPO,2018-02-28,2018,36.0086,-86.78039,True,0,0,0,,,,,,,,
101929437,Crashes_2010_2019_MPO,2018-02-28,2018,35.94794,-86.81925,False,0,0,0,,,,,,,,
101929876,Crashes_2010_2019_MPO,2018-02-28,2018,36.03529,-86.78303,False,0,0,0,,,,,,,,
101929765,Crashes_2010_2019_MPO,2018-02-28,2018,36.03292,-86.78354,True,0,0,0,,,,,,,,
101929322,Crashes_2010_2019_MPO,2018-02-28,2018,36.03689,-86.81684,True,0,0,0,,,,,,,,
101929724,Crashes_2010_2019_MPO,2018-02-28,2018,36.036089,-86.787142,True,0,0,0,,,,,,,,
101929790,Crashes_2010_2019_MPO,2018-02-28,2018,35.96312,-86.81897,True,0,0,0,,,,,,,,
101929881,Crashes_2010_2019_MPO,2018-02-28,2018,35.99687,-86.68989,False,0,0,0,,,,,,,,
101929679,Crashes_2010_2019_MPO,2018-02-28,2018,35.99781,-86.79886,True,0,0,0,,,,,,,,
101929798,Crashes_2010_2019_MPO,2018-02-28,2018,36.03651,-86.79492,True,0,0,0,,,,,,,,
101929969,Crashes_2010_2019_MPO,2018-02-28,2018,35.97702,-86.80409,True,0,0,0,,,,,,,,
101931799,Crashes_2010_2019_MPO,2018-03-01,2018,35.95901,-86.81335,False,0,0,0,,,,,,,,
101930267,Crashes_2010_2019_MPO,2018-03-01,2018,35.966716,-86.809118,True,0,0,0,,,,,,,,
101931674,Crashes_2010_2019_MPO,2018-03-01,2018,36.00655,-86.80537,True,0,0,0,,,,,,,,
101930111,Crashes_2010_2019_MPO,2018-03-01,2018,36.04017,-86.76838,False,0,0,0,,,,,,,,
101930108,Crashes_2010_2019_MPO,2018-03-01,2018,36.0269,-86.68083,False,0,0,0,,,,,,,,
101930129,Crashes_2010_2019_MPO,2018-03-01,2018,36.03771,-86.7825,False,0,0,0,,,,,,,,
101930478,Crashes_2010_2019_MPO,2018-03-01,2018,36.03318,-86.78282,True,0,0,0,,,,,,,,
101930950,Crashes_2010_2019_MPO,2018-03-01,2018,35.96055,-86.81554,False,0,0,0,,,,,,,,
101930522,Crashes_2010_2019_MPO,2018-03-01,2018,36.04521,-86.71502,False,0,0,0,,,,,,,,
101930117,Crashes_2010_2019_MPO,2018-03-01,2018,35.99783,-86.80997,True,0,0,0,,,,,,,,
101930538,Crashes_2010_2019_MPO,2018-03-01,2018,35.95102,-86.80784,False,0,0,0,,,,,,,,
101930368,Crashes_2010_2019_MPO,2018-03-01,2018,36.03322,-86.78173,True,0,0,0,,,,,,,,
101930227,Crashes_2010_2019_MPO,2018-03-01,2018,36.03467,-86.78332,True,0,0,0,,,,,,,,
101931997,Crashes_2010_2019_MPO,2018-03-02,2018,35.93733,-86.8787,False,0,0,0,,,,,,,,
101931029,Crashes_2010_2019_MPO,2018-03-02,2018,36.04618,-86.77746,False,0,0,0,,,,,,,,
101931874,Crashes_2010_2019_MPO,2018-03-02,2018,36.04519,-86.71541,False,0,0,0,,,,,,,,
101931038,Crashes_2010_2019_MPO,2018-03-02,2018,36.03022,-86.87597,False,0,0,0,,,,,,,,
101930953,Crashes_2010_2019_MPO,2018-03-02,2018,35.98532,-86.73074,True,0,0,0,,,,,,,,
101932737,Crashes_2010_2019_MPO,2018-03-02,2018,35.9575,-86.81654,False,0,1,0,,,,,,,,
101932073,Crashes_2010_2019_MPO,2018-03-02,2018,36.05366,-86.71502,False,0,0,0,,,,,,,,
101931157,Crashes_2010_2019_MPO,2018-03-02,2018,35.96601,-86.80652,True,0,0,0,,,,,,,,
101932581,Crashes_2010_2019_MPO,2018-03-02,2018,35.94642,-86.80869,False,0,0,0,,,,,,,,
101931944,Crashes_2010_2019_MPO,2018-03-02,2018,35.92999,-86.82044,False,0,0,0,,,,,,,,
101931979,Crashes_2010_2019_MPO,2018-03-02,2018,36.05367,-86.7149,False,0,0,0,,,,,,,,
101930981,Crashes_2010_2019_MPO,2018-03-02,2018,36.04751,-86.86347,False,0,0,0,,,,,,,,
101931848,Crashes_2010_2019_MPO,2018-03-02,2018,36.04053,-86.77052,False,0,0,0,,,,,,,,
101933306,Crashes_2010_2019_MPO,2018-03-02,2018,35.99224,-86.79858,True,0,0,0,,,,,,,,
101931084,Crashes_2010_2019_MPO,2018-03-02,2018,36.03047,-86.74398,False,0,0,0,,,,,,,,
101931974,Crashes_2010_2019_MPO,2018-03-02,2018,35.93666,-86.81503,False,0,0,0,,,,,,,,
101931036,Crashes_2010_2019_MPO,2018-03-02,2018,36.03022,-86.87597,False,0,0,0,,,,,,,,
101931972,Crashes_2010_2019_MPO,2018-03-02,2018,36.04564,-86.71044,False,0,0,0,,,,,,,,
101931138,Crashes_2010_2019_MPO,2018-03-02,2018,35.96663,-86.80999,True,0,0,0,,,,,,,,
101931025,Crashes_2010_2019_MPO,2018-03-02,2018,35.94733,-86.81441,False,0,0,0,,,,,,,,
101931412,Crashes_2010_2019_MPO,2018-03-02,2018,36.04255,-86.711,False,0,0,0,,,,,,,,
101931037,Crashes_2010_2019_MPO,2018-03-02,2018,36.04084,-86.77347,False,0,0,0,,,,,,,,
101935996,Crashes_2010_2019_MPO,2018-03-03,2018,35.98524,-86.72921,True,0,0,0,,,,,,,,
101932368,Crashes_2010_2019_MPO,2018-03-03,2018,36.02175,-86.74267,False,0,0,0,,,,,,,,
101942125,Crashes_2010_2019_MPO,2018-03-03,2018,36.03379,-86.78343,True,0,0,0,,,,,,,,
101933070,Crashes_2010_2019_MPO,2018-03-03,2018,36.04543,-86.70361,False,0,0,0,,,,,,,,
101949314,Crashes_2010_2019_MPO,2018-03-03,2018,35.94693,-86.82163,False,0,0,0,,,,,,,,
101932835,Crashes_2010_2019_MPO,2018-03-03,2018,36.04965,-86.6781,False,0,0,0,,,,,,,,
101933083,Crashes_2010_2019_MPO,2018-03-03,2018,35.966707,-86.809094,True,0,0,0,,,,,,,,
101932570,Crashes_2010_2019_MPO,2018-03-03,2018,36.05366,-86.71502,False,0,0,0,,,,,,,,
101933529,Crashes_2010_2019_MPO,2018-03-03,2018,35.92317,-86.81685,False,0,0,0,,,,,,,,
101932792,Crashes_2010_2019_MPO,2018-03-03,2018,36.04526,-86.72385,False,0,0,0,,,,,,,,
101932329,Crashes_2010_2019_MPO,2018-03-03,2018,36.03899,-86.78258,False,0,0,0,,,,,,,,
101933151,Crashes_2010_2019_MPO,2018-03-03,2018,35.92277,-86.86538,False,0,0,0,,,,,,,,
101932956,Crashes_2010_2019_MPO,2018-03-03,2018,36.04533,-86.70211,False,0,0,0,,,,,,,,
101933781,Crashes_2010_2019_MPO,2018-03-04,2018,36.04503,-86.72433,False,0,0,0,,,,,,,,
101933659,Crashes_2010_2019_MPO,2018-03-04,2018,36.02049,-86.67713,False,0,0,0,,,,,,,,
101933743,Crashes_2010_2019_MPO,2018-03-04,2018,36.03088,-86.71258,False,0,0,0,,,,,,,,
101933307,Crashes_2010_2019_MPO,2018-03-04,2018,35.99714,-86.79366,True,0,0,0,,,,,,,,
101934064,Crashes_2010_2019_MPO,2018-03-04,2018,35.93055,-86.8537,False,0,0,0,,,,,,,,
101971423,Crashes_2010_2019_MPO,2018-03-04,2018,36.05209,-86.7152,False,0,0,0,,,,,,,,
101933780,Crashes_2010_2019_MPO,2018-03-04,2018,35.94783,-86.81971,False,0,0,0,,,,,,,,
101933394,Crashes_2010_2019_MPO,2018-03-04,2018,36.03318,-86.78282,True,0,0,0,,,,,,,,
101933989,Crashes_2010_2019_MPO,2018-03-04,2018,35.92484,-86.87189,False,0,0,0,,,,,,,,
101934382,Crashes_2010_2019_MPO,2018-03-05,2018,36.03328,-86.78818,True,0,0,0,,,,,,,,
101934199,Crashes_2010_2019_MPO,2018-03-05,2018,36.03319,-86.7876,True,0,0,0,,,,,,,,
101934306,Crashes_2010_2019_MPO,2018-03-05,2018,35.99841,-86.69204,False,0,0,0,,,,,,,,
101934901,Crashes_2010_2019_MPO,2018-03-05,2018,36.04556,-86.71124,False,0,0,0,,,,,,,,
101934425,Crashes_2010_2019_MPO,2018-03-05,2018,35.947,-86.82141,False,0,0,0,,,,,,,,
101934692,Crashes_2010_2019_MPO,2018-03-05,2018,35.93363,-86.81955,False,0,0,0,,,,,,,,
101934197,Crashes_2010_2019_MPO,2018-03-05,2018,35.94838,-86.80772,False,0,0,0,,,,,,,,
101935776,Crashes_2010_2019_MPO,2018-03-05,2018,36.04344,-86.71808,False,0,0,0,,,,,,,,
101934222,Crashes_2010_2019_MPO,2018-03-05,2018,36.04513,-86.72892,False,0,0,0,,,,,,,,
101934675,Crashes_2010_2019_MPO,2018-03-05,2018,36.04544,-86.7125,False,0,0,0,,,,,,,,
101934189,Crashes_2010_2019_MPO,2018-03-05,2018,36.04495,-86.7245,False,0,0,0,,,,,,,,
101935633,Crashes_2010_2019_MPO,2018-03-05,2018,35.96214,-86.73775,True,0,0,0,,,,,,,,
101935188,Crashes_2010_2019_MPO,2018-03-05,2018,35.93258,-86.87727,False,0,0,0,,,,,,,,
101934511,Crashes_2010_2019_MPO,2018-03-05,2018,36.00258,-86.80747,True,0,0,0,,,,,,,,
101935194,Crashes_2010_2019_MPO,2018-03-06,2018,35.97862,-86.80353,True,0,0,0,,,,,,,,
101935083,Crashes_2010_2019_MPO,2018-03-06,2018,36.01733,-86.78621,True,0,0,0,,,,,,,,
101937161,Crashes_2010_2019_MPO,2018-03-06,2018,35.93449,-86.81971,False,0,0,0,,,,,,,,
101935104,Crashes_2010_2019_MPO,2018-03-06,2018,35.94789,-86.85677,False,0,0,0,,,,,,,,
101935796,Crashes_2010_2019_MPO,2018-03-06,2018,35.93812,-86.82194,False,0,0,0,,,,,,,,
101935678,Crashes_2010_2019_MPO,2018-03-06,2018,35.99273,-86.75713,True,0,0,0,,,,,,,,
101935689,Crashes_2010_2019_MPO,2018-03-06,2018,36.03066,-86.78358,True,0,0,0,,,,,,,,
101935795,Crashes_2010_2019_MPO,2018-03-06,2018,35.94675,-86.85178,False,0,0,0,,,,,,,,
101963496,Crashes_2010_2019_MPO,2018-03-06,2018,35.9669,-86.80887,True,0,0,0,,,,,,,,
101935716,Crashes_2010_2019_MPO,2018-03-06,2018,36.03753,-86.78654,False,0,0,0,,,,,,,,
101935973,Crashes_2010_2019_MPO,2018-03-06,2018,36.02365,-86.7101,False,0,0,0,,,,,,,,
101935074,Crashes_2010_2019_MPO,2018-03-06,2018,36.02547,-86.71334,False,0,0,0,,,,,,,,
101935247,Crashes_2010_2019_MPO,2018-03-06,2018,36.04526,-86.71432,False,0,1,0,,,,,,,,
101935048,Crashes_2010_2019_MPO,2018-03-06,2018,36.031,-86.8748,False,0,0,0,,,,,,,,
101937037,Crashes_2010_2019_MPO,2018-03-06,2018,35.94806,-86.86351,False,0,0,0,,,,,,,,
101935658,Crashes_2010_2019_MPO,2018-03-06,2018,36.03956,-86.78169,False,0,0,0,,,,,,,,
101935659,Crashes_2010_2019_MPO,2018-03-06,2018,36.01689,-86.78609,True,0,0,0,,,,,,,,
101935791,Crashes_2010_2019_MPO,2018-03-06,2018,36.04543,-86.70372,False,0,0,0,,,,,,,,
101936646,Crashes_2010_2019_MPO,2018-03-07,2018,35.99543,-86.77806,True,0,0,0,,,,,,,,
101936664,Crashes_2010_2019_MPO,2018-03-07,2018,36.03175,-86.78961,True,0,0,0,,,,,,,,
101939622,Crashes_2010_2019_MPO,2018-03-07,2018,35.97708,-86.82497,True,0,0,0,,,,,,,,
101936813,Crashes_2010_2019_MPO,2018-03-07,2018,36.04543,-86.70361,False,0,0,0,,,,,,,,
101936713,Crashes_2010_2019_MPO,2018-03-07,2018,36.04001,-86.74347,False,0,0,0,,,,,,,,
101936665,Crashes_2010_2019_MPO,2018-03-07,2018,35.94049,-86.83222,False,0,0,0,,,,,,,,
101936659,Crashes_2010_2019_MPO,2018-03-07,2018,35.96725,-86.81425,True,0,0,0,,,,,,,,
101936583,Crashes_2010_2019_MPO,2018-03-07,2018,36.034349,-86.793203,True,0,0,0,,,,,,,,
101936924,Crashes_2010_2019_MPO,2018-03-07,2018,35.95102,-86.80784,False,0,0,0,,,,,,,,
101936380,Crashes_2010_2019_MPO,2018-03-07,2018,36.04953,-86.77572,False,0,0,0,,,,,,,,
101936392,Crashes_2010_2019_MPO,2018-03-07,2018,35.99681,-86.79127,True,0,0,0,,,,,,,,
101936521,Crashes_2010_2019_MPO,2018-03-07,2018,35.95392,-86.81471,False,0,0,0,,,,,,,,
101936184,Crashes_2010_2019_MPO,2018-03-07,2018,35.97883,-86.75229,True,0,0,0,,,,,,,,
101936671,Crashes_2010_2019_MPO,2018-03-07,2018,36.02485,-86.74237,False,0,0,0,,,,,,,,
101937184,Crashes_2010_2019_MPO,2018-03-08,2018,36.04037,-86.74525,False,0,0,0,,,,,,,,
101942176,Crashes_2010_2019_MPO,2018-03-08,2018,35.9669,-86.67683,False,0,0,0,,,,,,,,
101937860,Crashes_2010_2019_MPO,2018-03-08,2018,35.92984,-86.84181,False,0,0,0,,,,,,,,
101939691,Crashes_2010_2019_MPO,2018-03-08,2018,35.96623,-86.81996,True,0,0,0,,,,,,,,
101937357,Crashes_2010_2019_MPO,2018-03-08,2018,35.92584,-86.86759,False,0,0,0,,,,,,,,
101936985,Crashes_2010_2019_MPO,2018-03-08,2018,35.99004,-86.74528,True,0,0,0,,,,,,,,
101937058,Crashes_2010_2019_MPO,2018-03-08,2018,36.01285,-86.78494,True,0,0,0,,,,,,,,
101937988,Crashes_2010_2019_MPO,2018-03-08,2018,35.96519,-86.80025,True,0,0,0,,,,,,,,
101939993,Crashes_2010_2019_MPO,2018-03-08,2018,35.9928,-86.78737,True,0,0,0,,,,,,,,
101937895,Crashes_2010_2019_MPO,2018-03-08,2018,36.03865,-86.73117,False,0,0,0,,,,,,,,
101937639,Crashes_2010_2019_MPO,2018-03-08,2018,36.03311,-86.78656,True,0,0,0,,,,,,,,
101940162,Crashes_2010_2019_MPO,2018-03-09,2018,35.94675,-86.85178,False,0,0,0,,,,,,,,
101938220,Crashes_2010_2019_MPO,2018-03-09,2018,35.96716,-86.81351,True,0,0,0,,,,,,,,
101940161,Crashes_2010_2019_MPO,2018-03-09,2018,35.9583,-86.8023,False,0,0,0,,,,,,,,
101938070,Crashes_2010_2019_MPO,2018-03-09,2018,35.93275,-86.81162,False,0,0,0,,,,,,,,
101937920,Crashes_2010_2019_MPO,2018-03-09,2018,35.99878,-86.79863,True,0,0,0,,,,,,,,
101939218,Crashes_2010_2019_MPO,2018-03-09,2018,36.04422,-86.71313,False,0,0,0,,,,,,,,
101938846,Crashes_2010_2019_MPO,2018-03-09,2018,36.03287,-86.78899,True,0,0,0,,,,,,,,
101938978,Crashes_2010_2019_MPO,2018-03-09,2018,36.05145,-86.72305,False,0,0,0,,,,,,,,
101940607,Crashes_2010_2019_MPO,2018-03-09,2018,35.96173,-86.80941,False,0,0,0,,,,,,,,
101942254,Crashes_2010_2019_MPO,2018-03-09,2018,35.96136,-86.81234,False,0,0,0,,,,,,,,
101938858,Crashes_2010_2019_MPO,2018-03-09,2018,36.04519,-86.71555,False,0,0,0,,,,,,,,
101938889,Crashes_2010_2019_MPO,2018-03-09,2018,35.99628,-86.79718,True,0,0,0,,,,,,,,
101940608,Crashes_2010_2019_MPO,2018-03-09,2018,35.94996,-86.81347,False,0,0,0,,,,,,,,