record_no,source_layer,collision_ts,crash_year,latitude,longitude,in_city,fatalities,non_motorists,truck_involved,serious_injuries,pedestrian,bicycle,crash_type,manner_of_collision,lighting,weather,first_harmful_event
101939106,Crashes_2010_2019_MPO,2018-03-09,2018,36.05464,-86.74274,False,0,0,0,,,,,,,,
101938580,Crashes_2010_2019_MPO,2018-03-09,2018,36.03297,-86.79677,True,0,0,0,,,,,,,,
101939156,Crashes_2010_2019_MPO,2018-03-09,2018,35.95689,-86.80329,False,0,0,0,,,,,,,,
101940631,Crashes_2010_2019_MPO,2018-03-09,2018,35.94925,-86.81417,False,0,0,0,,,,,,,,
101942981,Crashes_2010_2019_MPO,2018-03-09,2018,35.99432,-86.79785,True,0,0,0,,,,,,,,
101941243,Crashes_2010_2019_MPO,2018-03-09,2018,35.96964,-86.67804,False,0,0,0,,,,,,,,
101938060,Crashes_2010_2019_MPO,2018-03-09,2018,36.04736,-86.86294,False,0,0,0,,,,,,,,
101938728,Crashes_2010_2019_MPO,2018-03-09,2018,35.96313,-86.80112,True,0,0,0,,,,,,,,
101949930,Crashes_2010_2019_MPO,2018-03-09,2018,36.034947,-86.783327,True,0,0,0,,,,,,,,
101940609,Crashes_2010_2019_MPO,2018-03-09,2018,35.94981,-86.81352,False,0,0,0,,,,,,,,
101938027,Crashes_2010_2019_MPO,2018-03-09,2018,35.97258,-86.83371,False,0,0,0,,,,,,,,
101938816,Crashes_2010_2019_MPO,2018-03-09,2018,36.03286,-86.78286,True,0,0,0,,,,,,,,
101938868,Crashes_2010_2019_MPO,2018-03-09,2018,35.99538,-86.69148,False,0,0,0,,,,,,,,
101938653,Crashes_2010_2019_MPO,2018-03-09,2018,35.93298,-86.78238,False,0,0,0,,,,,,,,
101938687,Crashes_2010_2019_MPO,2018-03-09,2018,35.96118,-86.75923,True,0,0,0,,,,,,,,
101940194,Crashes_2010_2019_MPO,2018-03-10,2018,35.99687,-86.68989,False,0,0,0,,,,,,,,
101939965,Crashes_2010_2019_MPO,2018-03-10,2018,35.99461,-86.76798,True,0,0,0,,,,,,,,
101939775,Crashes_2010_2019_MPO,2018-03-10,2018,35.93041,-86.86403,False,0,0,0,,,,,,,,
101939915,Crashes_2010_2019_MPO,2018-03-10,2018,35.99687,-86.68989,False,0,0,0,,,,,,,,
101940454,Crashes_2010_2019_MPO,2018-03-10,2018,36.04144,-86.78247,False,0,0,0,,,,,,,,
101939682,Crashes_2010_2019_MPO,2018-03-10,2018,36.04345,-86.78134,False,0,0,0,,,,,,,,
101940027,Crashes_2010_2019_MPO,2018-03-10,2018,35.94788,-86.81975,False,0,0,0,,,,,,,,
101939689,Crashes_2010_2019_MPO,2018-03-10,2018,35.96681,-86.81119,True,0,0,0,,,,,,,,
101939767,Crashes_2010_2019_MPO,2018-03-10,2018,36.04393,-86.6933,False,0,0,0,,,,,,,,
101940351,Crashes_2010_2019_MPO,2018-03-10,2018,35.9583,-86.8023,False,0,0,0,,,,,,,,
101939707,Crashes_2010_2019_MPO,2018-03-10,2018,35.95015,-86.84906,False,0,0,0,,,,,,,,
101939626,Crashes_2010_2019_MPO,2018-03-10,2018,36.00413,-86.78998,True,0,0,0,,,,,,,,
101939694,Crashes_2010_2019_MPO,2018-03-10,2018,36.03934,-86.78254,False,0,0,0,,,,,,,,
101940538,Crashes_2010_2019_MPO,2018-03-11,2018,35.99331,-86.79845,True,0,0,0,,,,,,,,
101940948,Crashes_2010_2019_MPO,2018-03-11,2018,36.03474,-86.74354,False,0,0,0,,,,,,,,
101941075,Crashes_2010_2019_MPO,2018-03-11,2018,35.94516,-86.87782,False,0,0,0,,,,,,,,
101941865,Crashes_2010_2019_MPO,2018-03-11,2018,35.96681,-86.81119,True,0,0,0,,,,,,,,
101940706,Crashes_2010_2019_MPO,2018-03-11,2018,35.96202,-86.81533,False,0,0,0,,,,,,,,
101940446,Crashes_2010_2019_MPO,2018-03-11,2018,36.01517,-86.73634,False,0,0,0,,,,,,,,
101940989,Crashes_2010_2019_MPO,2018-03-11,2018,36.03474,-86.78332,True,0,0,0,,,,,,,,
101940913,Crashes_2010_2019_MPO,2018-03-11,2018,36.01233,-86.683,False,0,0,0,,,,,,,,
101941316,Crashes_2010_2019_MPO,2018-03-11,2018,35.99583,-86.78225,True,0,0,0,,,,,,,,
101940858,Crashes_2010_2019_MPO,2018-03-11,2018,35.9476,-86.81482,False,0,0,0,,,,,,,,
101940657,Crashes_2010_2019_MPO,2018-03-11,2018,35.93393,-86.8176,False,0,0,0,,,,,,,,
101941056,Crashes_2010_2019_MPO,2018-03-11,2018,35.96681,-86.81119,True,0,0,0,,,,,,,,
101940735,Crashes_2010_2019_MPO,2018-03-11,2018,36.03249,-86.7836,True,0,0,0,,,,,,,,
101941785,Crashes_2010_2019_MPO,2018-03-12,2018,36.04536,-86.70266,False,0,0,0,,,,,,,,
101941431,Crashes_2010_2019_MPO,2018-03-12,2018,36.03956,-86.86945,False,0,0,0,,,,,,,,
101941599,Crashes_2010_2019_MPO,2018-03-12,2018,36.03684,-86.81624,True,0,0,0,,,,,,,,
101943199,Crashes_2010_2019_MPO,2018-03-12,2018,35.96087,-86.68049,False,0,0,0,,,,,,,,
101941600,Crashes_2010_2019_MPO,2018-03-12,2018,36.0511,-86.74065,False,0,0,0,,,,,,,,
101942123,Crashes_2010_2019_MPO,2018-03-12,2018,36.01238,-86.70361,False,0,0,0,,,,,,,,
101941780,Crashes_2010_2019_MPO,2018-03-12,2018,35.9781,-86.8523,False,0,0,0,,,,,,,,
101942130,Crashes_2010_2019_MPO,2018-03-12,2018,35.98958,-86.82907,False,0,0,0,,,,,,,,
101941863,Crashes_2010_2019_MPO,2018-03-12,2018,35.99643,-86.78798,True,0,0,0,,,,,,,,
101941481,Crashes_2010_2019_MPO,2018-03-12,2018,35.9325,-86.86247,False,0,0,0,,,,,,,,
101941435,Crashes_2010_2019_MPO,2018-03-12,2018,36.04481,-86.84894,False,0,0,0,,,,,,,,
101941430,Crashes_2010_2019_MPO,2018-03-12,2018,35.97429,-86.83181,True,0,0,0,,,,,,,,
101941392,Crashes_2010_2019_MPO,2018-03-12,2018,36.03352,-86.71298,False,0,0,0,,,,,,,,
101942826,Crashes_2010_2019_MPO,2018-03-13,2018,36.00287,-86.80733,True,0,0,0,,,,,,,,
101942905,Crashes_2010_2019_MPO,2018-03-13,2018,35.94643,-86.80905,False,0,0,0,,,,,,,,
101942786,Crashes_2010_2019_MPO,2018-03-13,2018,36.00593,-86.86266,False,0,0,0,,,,,,,,
101943478,Crashes_2010_2019_MPO,2018-03-13,2018,36.00799,-86.78557,True,0,0,0,,,,,,,,
101942835,Crashes_2010_2019_MPO,2018-03-13,2018,35.9964,-86.7969,True,0,0,0,,,,,,,,
101942293,Crashes_2010_2019_MPO,2018-03-13,2018,35.92832,-86.76612,False,0,0,0,,,,,,,,
101942803,Crashes_2010_2019_MPO,2018-03-13,2018,36.0331,-86.7741,False,0,0,0,,,,,,,,
101942615,Crashes_2010_2019_MPO,2018-03-13,2018,36.04537,-86.71326,False,0,0,0,,,,,,,,
101942906,Crashes_2010_2019_MPO,2018-03-13,2018,35.92271,-86.81442,False,0,0,0,,,,,,,,
101942289,Crashes_2010_2019_MPO,2018-03-13,2018,35.98576,-86.67993,False,0,0,0,,,,,,,,
101942918,Crashes_2010_2019_MPO,2018-03-13,2018,35.99687,-86.68989,False,0,0,0,,,,,,,,
101943363,Crashes_2010_2019_MPO,2018-03-14,2018,35.99529,-86.77666,True,0,0,0,,,,,,,,
101943640,Crashes_2010_2019_MPO,2018-03-14,2018,35.96202,-86.81533,False,0,0,0,,,,,,,,
101943517,Crashes_2010_2019_MPO,2018-03-14,2018,35.997806,-86.794888,True,0,0,0,,,,,,,,
101944206,Crashes_2010_2019_MPO,2018-03-14,2018,36.04319,-86.84323,False,0,0,0,,,,,,,,
101943486,Crashes_2010_2019_MPO,2018-03-14,2018,35.99491,-86.79765,True,0,0,0,,,,,,,,
101943367,Crashes_2010_2019_MPO,2018-03-14,2018,36.01451,-86.69963,False,0,0,0,,,,,,,,
101945039,Crashes_2010_2019_MPO,2018-03-14,2018,35.93374,-86.81767,False,0,0,0,,,,,,,,
101944112,Crashes_2010_2019_MPO,2018-03-14,2018,36.04001,-86.74347,False,0,0,0,,,,,,,,
101943995,Crashes_2010_2019_MPO,2018-03-14,2018,35.99836,-86.80358,True,0,0,0,,,,,,,,
101943376,Crashes_2010_2019_MPO,2018-03-14,2018,36.04393,-86.6933,False,0,0,0,,,,,,,,
101943428,Crashes_2010_2019_MPO,2018-03-14,2018,35.99863,-86.80954,True,0,0,0,,,,,,,,
101944768,Crashes_2010_2019_MPO,2018-03-14,2018,35.99121,-86.77836,True,0,0,0,,,,,,,,
101945040,Crashes_2010_2019_MPO,2018-03-14,2018,35.93562,-86.82387,False,0,0,0,,,,,,,,
101944587,Crashes_2010_2019_MPO,2018-03-15,2018,35.93446,-86.81991,False,0,0,0,,,,,,,,
101945004,Crashes_2010_2019_MPO,2018-03-15,2018,36.0409,-86.77938,False,0,0,0,,,,,,,,
101944782,Crashes_2010_2019_MPO,2018-03-15,2018,36.03735,-86.78705,False,0,0,0,,,,,,,,
101945357,Crashes_2010_2019_MPO,2018-03-15,2018,35.94678,-86.85187,False,0,0,0,,,,,,,,
101945403,Crashes_2010_2019_MPO,2018-03-15,2018,35.9497,-86.81938,False,0,0,0,,,,,,,,
101944527,Crashes_2010_2019_MPO,2018-03-15,2018,35.95004,-86.84915,False,0,0,0,,,,,,,,
101944641,Crashes_2010_2019_MPO,2018-03-15,2018,36.04481,-86.84894,False,0,0,0,,,,,,,,
101944501,Crashes_2010_2019_MPO,2018-03-15,2018,36.03457,-86.80273,True,0,0,0,,,,,,,,
101944567,Crashes_2010_2019_MPO,2018-03-15,2018,36.04719,-86.68819,False,0,0,0,,,,,,,,
101945651,Crashes_2010_2019_MPO,2018-03-15,2018,35.95694,-86.81711,False,0,0,0,,,,,,,,
101946333,Crashes_2010_2019_MPO,2018-03-16,2018,35.93374,-86.81767,False,0,0,0,,,,,,,,
101946362,Crashes_2010_2019_MPO,2018-03-16,2018,36.00346,-86.6979,False,0,0,0,,,,,,,,
101946334,Crashes_2010_2019_MPO,2018-03-16,2018,35.93873,-86.82946,False,0,0,0,,,,,,,,
101946576,Crashes_2010_2019_MPO,2018-03-16,2018,36.04711,-86.71347,False,0,0,0,,,,,,,,
101946199,Crashes_2010_2019_MPO,2018-03-16,2018,36.0481,-86.86564,False,0,0,0,,,,,,,,
101949909,Crashes_2010_2019_MPO,2018-03-16,2018,35.96167,-86.81526,False,0,0,0,,,,,,,,
101945663,Crashes_2010_2019_MPO,2018-03-16,2018,36.01436,-86.67937,False,0,0,0,,,,,,,,
101946335,Crashes_2010_2019_MPO,2018-03-16,2018,35.94782,-86.81975,False,0,0,0,,,,,,,,
101946674,Crashes_2010_2019_MPO,2018-03-16,2018,35.97127,-86.83492,False,0,0,1,,,,,,,,
101946149,Crashes_2010_2019_MPO,2018-03-16,2018,36.00237,-86.793,True,0,0,0,,,,,,,,
101948625,Crashes_2010_2019_MPO,2018-03-16,2018,35.92373,-86.79452,False,0,0,0,,,,,,,,
101946708,Crashes_2010_2019_MPO,2018-03-16,2018,35.92254,-86.81368,False,0,0,0,,,,,,,,
101946444,Crashes_2010_2019_MPO,2018-03-16,2018,36.046,-86.85676,False,0,0,0,,,,,,,,
101946611,Crashes_2010_2019_MPO,2018-03-16,2018,36.04519,-86.71579,False,0,0,0,,,,,,,,
101946871,Crashes_2010_2019_MPO,2018-03-16,2018,35.94804,-86.86368,False,0,0,0,,,,,,,,
101946437,Crashes_2010_2019_MPO,2018-03-16,2018,36.03643,-86.78456,False,0,0,0,,,,,,,,
101947071,Crashes_2010_2019_MPO,2018-03-16,2018,35.99763,-86.79723,True,0,0,0,,,,,,,,
101945691,Crashes_2010_2019_MPO,2018-03-16,2018,36.03249,-86.76801,False,0,0,0,,,,,,,,
101947473,Crashes_2010_2019_MPO,2018-03-16,2018,35.93306,-86.81184,False,0,0,0,,,,,,,,
101946897,Crashes_2010_2019_MPO,2018-03-17,2018,36.03545,-86.70657,False,0,0,0,,,,,,,,
101947449,Crashes_2010_2019_MPO,2018-03-17,2018,35.93879,-86.82155,False,0,0,0,,,,,,,,
101947103,Crashes_2010_2019_MPO,2018-03-17,2018,35.96669,-86.81043,True,0,0,0,,,,,,,,
101948193,Crashes_2010_2019_MPO,2018-03-17,2018,36.0193,-86.84729,True,0,0,0,,,,,,,,
101947468,Crashes_2010_2019_MPO,2018-03-17,2018,35.99551,-86.77887,True,0,0,1,,,,,,,,
101946785,Crashes_2010_2019_MPO,2018-03-17,2018,35.95076,-86.801,False,0,0,0,,,,,,,,
101948376,Crashes_2010_2019_MPO,2018-03-18,2018,35.93446,-86.81991,False,0,0,0,,,,,,,,
101954338,Crashes_2010_2019_MPO,2018-03-18,2018,36.0346,-86.78333,True,0,0,0,,,,,,,,
101948397,Crashes_2010_2019_MPO,2018-03-18,2018,36.04066,-86.77982,False,0,0,0,,,,,,,,
101949530,Crashes_2010_2019_MPO,2018-03-18,2018,36.02094,-86.78735,True,0,0,0,,,,,,,,
101948411,Crashes_2010_2019_MPO,2018-03-18,2018,36.00323,-86.73923,True,0,0,0,,,,,,,,
101948777,Crashes_2010_2019_MPO,2018-03-18,2018,35.9783,-86.7498,True,0,0,0,,,,,,,,
101948751,Crashes_2010_2019_MPO,2018-03-18,2018,35.93322,-86.81427,False,0,0,0,,,,,,,,
101948555,Crashes_2010_2019_MPO,2018-03-18,2018,36.04561,-86.71977,False,0,0,0,,,,,,,,
101948423,Crashes_2010_2019_MPO,2018-03-18,2018,36.05067,-86.77515,False,0,0,0,,,,,,,,
101949504,Crashes_2010_2019_MPO,2018-03-19,2018,36.01009,-86.68018,False,0,0,0,,,,,,,,
101949066,Crashes_2010_2019_MPO,2018-03-19,2018,35.95014,-86.76186,True,0,0,0,,,,,,,,
101948930,Crashes_2010_2019_MPO,2018-03-19,2018,35.93374,-86.81767,False,0,0,0,,,,,,,,
101949904,Crashes_2010_2019_MPO,2018-03-19,2018,35.9655,-86.70543,True,0,0,1,,,,,,,,
101950053,Crashes_2010_2019_MPO,2018-03-19,2018,35.94602,-86.82498,False,0,0,0,,,,,,,,
101949994,Crashes_2010_2019_MPO,2018-03-19,2018,36.03502,-86.78334,True,0,0,0,,,,,,,,
101949524,Crashes_2010_2019_MPO,2018-03-19,2018,35.99648,-86.69028,False,0,0,0,,,,,,,,
101949612,Crashes_2010_2019_MPO,2018-03-19,2018,36.03453,-86.78309,True,0,0,0,,,,,,,,
101948949,Crashes_2010_2019_MPO,2018-03-19,2018,35.98303,-86.72453,True,0,0,0,,,,,,,,
101950798,Crashes_2010_2019_MPO,2018-03-20,2018,36.03991,-86.72717,False,0,0,0,,,,,,,,
101950111,Crashes_2010_2019_MPO,2018-03-20,2018,35.93189,-86.79403,False,0,0,0,,,,,,,,
101950624,Crashes_2010_2019_MPO,2018-03-20,2018,35.9467,-86.82211,False,0,0,0,,,,,,,,
101950559,Crashes_2010_2019_MPO,2018-03-20,2018,35.9264,-86.8244,False,0,0,0,,,,,,,,
101950122,Crashes_2010_2019_MPO,2018-03-20,2018,36.03491,-86.78332,True,0,0,0,,,,,,,,
101950469,Crashes_2010_2019_MPO,2018-03-20,2018,36.04207,-86.83264,False,0,0,0,,,,,,,,
101950657,Crashes_2010_2019_MPO,2018-03-20,2018,35.99291,-86.81254,True,0,0,0,,,,,,,,
101955621,Crashes_2010_2019_MPO,2018-03-20,2018,35.92665,-86.82161,False,0,0,0,,,,,,,,
101950625,Crashes_2010_2019_MPO,2018-03-20,2018,35.94998,-86.86567,False,0,0,0,,,,,,,,
101950626,Crashes_2010_2019_MPO,2018-03-20,2018,35.93287,-86.78346,False,0,0,0,,,,,,,,
101953342,Crashes_2010_2019_MPO,2018-03-20,2018,36.03479,-86.78331,True,0,0,0,,,,,,,,
101950560,Crashes_2010_2019_MPO,2018-03-20,2018,35.95041,-86.81869,False,0,0,0,,,,,,,,
101950004,Crashes_2010_2019_MPO,2018-03-20,2018,35.99734,-86.79486,True,0,0,0,,,,,,,,
101950034,Crashes_2010_2019_MPO,2018-03-20,2018,35.96215,-86.694,False,0,0,0,,,,,,,,
101950406,Crashes_2010_2019_MPO,2018-03-20,2018,36.02034,-86.71039,False,0,0,0,,,,,,,,
101950778,Crashes_2010_2019_MPO,2018-03-20,2018,36.02962,-86.70382,False,0,0,0,,,,,,,,
101950799,Crashes_2010_2019_MPO,2018-03-20,2018,36.05404,-86.74283,False,0,0,0,,,,,,,,
101950032,Crashes_2010_2019_MPO,2018-03-20,2018,35.95082,-86.82909,False,0,0,0,,,,,,,,
101950891,Crashes_2010_2019_MPO,2018-03-20,2018,35.94756,-86.69605,False,0,0,0,,,,,,,,
101950770,Crashes_2010_2019_MPO,2018-03-20,2018,35.93127,-86.87663,False,0,0,0,,,,,,,,
101950488,Crashes_2010_2019_MPO,2018-03-20,2018,35.99598,-86.78381,True,0,0,0,,,,,,,,
101950590,Crashes_2010_2019_MPO,2018-03-20,2018,35.96798,-86.81833,True,0,0,0,,,,,,,,
101950736,Crashes_2010_2019_MPO,2018-03-20,2018,36.03479,-86.78331,True,0,0,0,,,,,,,,
101950200,Crashes_2010_2019_MPO,2018-03-20,2018,36.04091,-86.74369,False,0,0,0,,,,,,,,
101949993,Crashes_2010_2019_MPO,2018-03-20,2018,36.01581,-86.78604,True,0,0,0,,,,,,,,
101951023,Crashes_2010_2019_MPO,2018-03-21,2018,35.99647,-86.8107,True,0,0,0,,,,,,,,
101951989,Crashes_2010_2019_MPO,2018-03-21,2018,35.99319,-86.81239,True,1,0,1,,,,,,,,
101952113,Crashes_2010_2019_MPO,2018-03-21,2018,36.03507,-86.80581,True,0,0,0,,,,,,,,
101951650,Crashes_2010_2019_MPO,2018-03-21,2018,36.00874,-86.78613,True,0,0,0,,,,,,,,
101951510,Crashes_2010_2019_MPO,2018-03-21,2018,36.01329,-86.80205,True,0,0,0,,,,,,,,
101951082,Crashes_2010_2019_MPO,2018-03-21,2018,36.04175,-86.7439,False,0,0,0,,,,,,,,
101951598,Crashes_2010_2019_MPO,2018-03-21,2018,35.99549,-86.77874,True,0,0,0,,,,,,,,
101953164,Crashes_2010_2019_MPO,2018-03-21,2018,36.00429,-86.7907,True,0,0,0,,,,,,,,
101951052,Crashes_2010_2019_MPO,2018-03-21,2018,36.05175,-86.77516,False,0,0,0,,,,,,,,
101951027,Crashes_2010_2019_MPO,2018-03-21,2018,36.04125,-86.7783,False,0,0,0,,,,,,,,
101951622,Crashes_2010_2019_MPO,2018-03-21,2018,35.99734,-86.79486,True,0,0,0,,,,,,,,
101951034,Crashes_2010_2019_MPO,2018-03-21,2018,36.05079,-86.77515,False,0,0,0,,,,,,,,
101951616,Crashes_2010_2019_MPO,2018-03-21,2018,35.92629,-86.86661,False,0,0,0,,,,,,,,
101951046,Crashes_2010_2019_MPO,2018-03-21,2018,36.00849,-86.78639,True,0,0,0,,,,,,,,
101952079,Crashes_2010_2019_MPO,2018-03-21,2018,36.03674,-86.81485,True,0,0,0,,,,,,,,
101951925,Crashes_2010_2019_MPO,2018-03-21,2018,35.96532,-86.70293,False,0,0,0,,,,,,,,
101950969,Crashes_2010_2019_MPO,2018-03-21,2018,36.04537,-86.71326,False,0,0,0,,,,,,,,
101951909,Crashes_2010_2019_MPO,2018-03-21,2018,35.95562,-86.82921,False,0,0,0,,,,,,,,
101951635,Crashes_2010_2019_MPO,2018-03-21,2018,35.96534,-86.79757,True,0,0,0,,,,,,,,
101952898,Crashes_2010_2019_MPO,2018-03-22,2018,36.0237,-86.68853,False,0,0,0,,,,,,,,
101951973,Crashes_2010_2019_MPO,2018-03-22,2018,36.05251,-86.77558,False,0,0,0,,,,,,,,
101952537,Crashes_2010_2019_MPO,2018-03-22,2018,36.0409,-86.77938,False,0,0,0,,,,,,,,
101953039,Crashes_2010_2019_MPO,2018-03-22,2018,35.96749,-86.81344,True,0,0,0,,,,,,,,
101953567,Crashes_2010_2019_MPO,2018-03-22,2018,35.97216,-86.82682,True,0,0,0,,,,,,,,
101952654,Crashes_2010_2019_MPO,2018-03-22,2018,36.04563,-86.77905,False,0,0,0,,,,,,,,
101955622,Crashes_2010_2019_MPO,2018-03-22,2018,35.94686,-86.81163,False,0,0,0,,,,,,,,
101954604,Crashes_2010_2019_MPO,2018-03-22,2018,36.0077,-86.87878,False,0,0,0,,,,,,,,
101952037,Crashes_2010_2019_MPO,2018-03-22,2018,36.03965,-86.73883,False,0,0,0,,,,,,,,
101952817,Crashes_2010_2019_MPO,2018-03-22,2018,36.04022,-86.76782,False,0,0,0,,,,,,,,
101952073,Crashes_2010_2019_MPO,2018-03-22,2018,36.01802,-86.77008,True,0,0,0,,,,,,,,
101953062,Crashes_2010_2019_MPO,2018-03-22,2018,36.03457,-86.80273,True,0,0,0,,,,,,,,
101952225,Crashes_2010_2019_MPO,2018-03-22,2018,36.03434,-86.78815,True,0,0,0,,,,,,,,
101953161,Crashes_2010_2019_MPO,2018-03-23,2018,35.93541,-86.82372,False,0,0,0,,,,,,,,
101954071,Crashes_2010_2019_MPO,2018-03-23,2018,36.00761,-86.70086,False,0,0,0,,,,,,,,
101957093,Crashes_2010_2019_MPO,2018-03-23,2018,35.97994,-86.84237,False,0,0,0,,,,,,,,
101953081,Crashes_2010_2019_MPO,2018-03-23,2018,36.04038,-86.74429,False,0,0,0,,,,,,,,
101953855,Crashes_2010_2019_MPO,2018-03-23,2018,35.93477,-86.80423,False,0,0,0,,,,,,,,
101953847,Crashes_2010_2019_MPO,2018-03-23,2018,36.03777,-86.74347,False,0,0,0,,,,,,,,
101954033,Crashes_2010_2019_MPO,2018-03-23,2018,35.92297,-86.8736,False,0,0,0,,,,,,,,
101954935,Crashes_2010_2019_MPO,2018-03-23,2018,35.95209,-86.81805,False,0,0,0,,,,,,,,
101952973,Crashes_2010_2019_MPO,2018-03-23,2018,36.00153,-86.79387,True,0,0,0,,,,,,,,
101954218,Crashes_2010_2019_MPO,2018-03-23,2018,36.04276,-86.70322,False,0,0,0,,,,,,,,
101954178,Crashes_2010_2019_MPO,2018-03-23,2018,35.96199,-86.81523,False,0,0,0,,,,,,,,
101954356,Crashes_2010_2019_MPO,2018-03-23,2018,36.03389,-86.69118,False,0,0,0,,,,,,,,
101954134,Crashes_2010_2019_MPO,2018-03-23,2018,36.03753,-86.78553,False,0,0,0,,,,,,,,
101953942,Crashes_2010_2019_MPO,2018-03-23,2018,36.04557,-86.70582,False,0,0,0,,,,,,,,
101953854,Crashes_2010_2019_MPO,2018-03-23,2018,36.03336,-86.78872,True,0,0,0,,,,,,,,
101955290,Crashes_2010_2019_MPO,2018-03-23,2018,35.92898,-86.83781,False,0,0,0,,,,,,,,
101953560,Crashes_2010_2019_MPO,2018-03-23,2018,35.93707,-86.69245,False,0,0,0,,,,,,,,
101954176,Crashes_2010_2019_MPO,2018-03-23,2018,35.95048,-86.81887,False,0,0,0,,,,,,,,
101954961,Crashes_2010_2019_MPO,2018-03-24,2018,35.95209,-86.81805,False,0,0,0,,,,,,,,
101955069,Crashes_2010_2019_MPO,2018-03-24,2018,36.03469,-86.78332,True,0,0,0,,,,,,,,
101963716,Crashes_2010_2019_MPO,2018-03-24,2018,36.03483,-86.78331,True,0,0,0,,,,,,,,
101954616,Crashes_2010_2019_MPO,2018-03-24,2018,36.03836,-86.78424,False,0,0,0,,,,,,,,
101957207,Crashes_2010_2019_MPO,2018-03-24,2018,36.03469,-86.78332,True,0,0,0,,,,,,,,
101954774,Crashes_2010_2019_MPO,2018-03-24,2018,35.96876,-86.80728,True,0,0,0,,,,,,,,
101955200,Crashes_2010_2019_MPO,2018-03-24,2018,36.0399,-86.71278,False,0,0,0,,,,,,,,
101955037,Crashes_2010_2019_MPO,2018-03-24,2018,36.03454,-86.78334,True,0,0,1,,,,,,,,
101954603,Crashes_2010_2019_MPO,2018-03-24,2018,36.02504,-86.69054,False,0,0,0,,,,,,,,
101954798,Crashes_2010_2019_MPO,2018-03-24,2018,35.92412,-86.86993,False,0,0,0,,,,,,,,
101956478,Crashes_2010_2019_MPO,2018-03-24,2018,36.03439,-86.78336,True,0,0,0,,,,,,,,
101954915,Crashes_2010_2019_MPO,2018-03-24,2018,36.05376,-86.71505,False,0,0,0,,,,,,,,
101955977,Crashes_2010_2019_MPO,2018-03-25,2018,36.04537,-86.71326,False,0,0,0,,,,,,,,
101955511,Crashes_2010_2019_MPO,2018-03-25,2018,36.03731,-86.71606,False,0,0,0,,,,,,,,
101955556,Crashes_2010_2019_MPO,2018-03-25,2018,35.95021,-86.81905,False,0,0,0,,,,,,,,
101955726,Crashes_2010_2019_MPO,2018-03-25,2018,35.95649,-86.86719,False,0,0,0,,,,,,,,
101955122,Crashes_2010_2019_MPO,2018-03-25,2018,36.04597,-86.71635,False,0,0,0,,,,,,,,
101955631,Crashes_2010_2019_MPO,2018-03-25,2018,35.95056,-86.81859,False,0,0,0,,,,,,,,
101956248,Crashes_2010_2019_MPO,2018-03-26,2018,36.02579,-86.713,False,0,0,0,,,,,,,,
101957356,Crashes_2010_2019_MPO,2018-03-26,2018,35.94762,-86.83254,False,0,0,0,,,,,,,,
101956734,Crashes_2010_2019_MPO,2018-03-26,2018,36.03331,-86.74365,False,0,0,0,,,,,,,,
101956232,Crashes_2010_2019_MPO,2018-03-26,2018,36.03948,-86.78177,False,0,0,0,,,,,,,,
101956834,Crashes_2010_2019_MPO,2018-03-26,2018,35.92733,-86.74031,False,0,0,0,,,,,,,,
101956160,Crashes_2010_2019_MPO,2018-03-26,2018,36.05225,-86.68156,False,0,0,0,,,,,,,,
101956791,Crashes_2010_2019_MPO,2018-03-26,2018,36.04311,-86.70114,False,0,0,0,,,,,,,,
101956925,Crashes_2010_2019_MPO,2018-03-26,2018,36.04088,-86.77382,False,0,0,0,,,,,,,,
101956183,Crashes_2010_2019_MPO,2018-03-26,2018,36.04684,-86.77669,False,0,0,0,,,,,,,,
101957357,Crashes_2010_2019_MPO,2018-03-26,2018,35.94645,-86.8506,False,0,0,0,,,,,,,,
101957794,Crashes_2010_2019_MPO,2018-03-27,2018,36.03505,-86.81711,True,0,0,0,,,,,,,,
101958021,Crashes_2010_2019_MPO,2018-03-27,2018,36.03767,-86.78491,False,0,0,0,,,,,,,,
101957235,Crashes_2010_2019_MPO,2018-03-27,2018,36.03983,-86.78107,False,0,0,0,,,,,,,,
101957836,Crashes_2010_2019_MPO,2018-03-27,2018,36.03536,-86.78302,False,0,0,0,,,,,,,,
101957866,Crashes_2010_2019_MPO,2018-03-27,2018,36.05049,-86.87668,False,0,0,0,,,,,,,,
101959320,Crashes_2010_2019_MPO,2018-03-27,2018,35.92803,-86.83099,False,0,0,0,,,,,,,,
101957743,Crashes_2010_2019_MPO,2018-03-27,2018,35.94838,-86.80772,False,0,0,0,,,,,,,,
101957447,Crashes_2010_2019_MPO,2018-03-27,2018,35.96674,-86.81073,True,0,0,0,,,,,,,,
101959321,Crashes_2010_2019_MPO,2018-03-27,2018,35.96675,-86.81365,True,0,0,0,,,,,,,,
101958820,Crashes_2010_2019_MPO,2018-03-28,2018,35.94477,-86.82853,False,0,0,0,,,,,,,,
101958244,Crashes_2010_2019_MPO,2018-03-28,2018,35.94695,-86.8221,False,0,0,0,,,,,,,,
101959013,Crashes_2010_2019_MPO,2018-03-28,2018,36.03352,-86.71298,False,0,0,0,,,,,,,,
101958271,Crashes_2010_2019_MPO,2018-03-28,2018,36.04012,-86.78074,False,0,0,0,,,,,,,,
101959221,Crashes_2010_2019_MPO,2018-03-28,2018,35.93777,-86.70511,False,0,0,0,,,,,,,,
101958948,Crashes_2010_2019_MPO,2018-03-28,2018,36.01688,-86.7351,False,0,0,0,,,,,,,,
101958317,Crashes_2010_2019_MPO,2018-03-28,2018,36.05453,-86.72533,False,0,0,0,,,,,,,,
101958890,Crashes_2010_2019_MPO,2018-03-28,2018,36.04053,-86.74361,False,0,0,0,,,,,,,,
101958226,Crashes_2010_2019_MPO,2018-03-28,2018,36.03318,-86.71101,False,0,0,0,,,,,,,,
101958525,Crashes_2010_2019_MPO,2018-03-28,2018,35.96425,-86.81452,False,0,0,0,,,,,,,,