record_no,source_layer,collision_ts,crash_year,latitude,longitude,in_city,fatalities,non_motorists,truck_involved,serious_injuries,pedestrian,bicycle,crash_type,manner_of_collision,lighting,weather,first_harmful_event
101958463,Crashes_2010_2019_MPO,2018-03-28,2018,35.966744,-86.80914,True,0,0,0,,,,,,,,
101958296,Crashes_2010_2019_MPO,2018-03-28,2018,36.03446,-86.78335,True,0,0,0,,,,,,,,
101959264,Crashes_2010_2019_MPO,2018-03-28,2018,36.03439,-86.78336,True,0,0,0,,,,,,,,
101958384,Crashes_2010_2019_MPO,2018-03-28,2018,36.03992,-86.78135,False,0,0,0,,,,,,,,
101959496,Crashes_2010_2019_MPO,2018-03-29,2018,36.04667,-86.77762,False,0,0,0,,,,,,,,
101959737,Crashes_2010_2019_MPO,2018-03-29,2018,36.03482,-86.78331,True,0,0,1,,,,,,,,
101959453,Crashes_2010_2019_MPO,2018-03-29,2018,36.04027,-86.78262,False,0,0,1,,,,,,,,
101959215,Crashes_2010_2019_MPO,2018-03-29,2018,35.92633,-86.82347,False,0,0,0,,,,,,,,
101959316,Crashes_2010_2019_MPO,2018-03-29,2018,36.0473,-86.86274,False,0,0,0,,,,,,,,
101959433,Crashes_2010_2019_MPO,2018-03-29,2018,35.9979,-86.6798,False,0,0,0,,,,,,,,
101959249,Crashes_2010_2019_MPO,2018-03-29,2018,35.93272,-86.78551,False,0,0,0,,,,,,,,
101959271,Crashes_2010_2019_MPO,2018-03-29,2018,36.04537,-86.77943,False,0,0,0,,,,,,,,
101959944,Crashes_2010_2019_MPO,2018-03-29,2018,35.99551,-86.77887,True,0,0,0,,,,,,,,
101959725,Crashes_2010_2019_MPO,2018-03-29,2018,35.96681,-86.81119,True,0,0,0,,,,,,,,
101959219,Crashes_2010_2019_MPO,2018-03-29,2018,36.03467,-86.78332,True,0,0,0,,,,,,,,
101960860,Crashes_2010_2019_MPO,2018-03-30,2018,35.93557,-86.82364,False,0,0,0,,,,,,,,
101961642,Crashes_2010_2019_MPO,2018-03-30,2018,35.95978,-86.80205,False,0,0,0,,,,,,,,
101960340,Crashes_2010_2019_MPO,2018-03-30,2018,36.01559,-86.7406,False,0,0,0,,,,,,,,
101961140,Crashes_2010_2019_MPO,2018-03-30,2018,35.96247,-86.81508,False,0,0,0,,,,,,,,
101961001,Crashes_2010_2019_MPO,2018-03-30,2018,36.04665,-86.67851,False,0,0,0,,,,,,,,
101962086,Crashes_2010_2019_MPO,2018-03-31,2018,36.04479,-86.72487,False,0,0,0,,,,,,,,
101962690,Crashes_2010_2019_MPO,2018-03-31,2018,35.99196,-86.79712,True,0,0,0,,,,,,,,
101962712,Crashes_2010_2019_MPO,2018-03-31,2018,35.92738,-86.8687,False,0,0,0,,,,,,,,
101962328,Crashes_2010_2019_MPO,2018-03-31,2018,36.04489,-86.7132,False,0,0,0,,,,,,,,
101961972,Crashes_2010_2019_MPO,2018-03-31,2018,36.04001,-86.74347,False,0,0,0,,,,,,,,
101962372,Crashes_2010_2019_MPO,2018-03-31,2018,36.04222,-86.83169,False,0,0,0,,,,,,,,
101963024,Crashes_2010_2019_MPO,2018-03-31,2018,35.97041,-86.81832,True,0,0,0,,,,,,,,
101962899,Crashes_2010_2019_MPO,2018-03-31,2018,35.93195,-86.86741,False,0,0,0,,,,,,,,
101962857,Crashes_2010_2019_MPO,2018-03-31,2018,36.04551,-86.70478,False,0,0,0,,,,,,,,
101963014,Crashes_2010_2019_MPO,2018-03-31,2018,36.04057,-86.74251,False,0,0,0,,,,,,,,
101962828,Crashes_2010_2019_MPO,2018-03-31,2018,35.96133,-86.81226,False,0,0,0,,,,,,,,
101963737,Crashes_2010_2019_MPO,2018-04-01,2018,36.01959,-86.81103,True,0,0,0,,,,,,,,
101963037,Crashes_2010_2019_MPO,2018-04-01,2018,36.03877,-86.71977,False,0,0,0,,,,,,,,
101970710,Crashes_2010_2019_MPO,2018-04-01,2018,35.9257,-86.82458,False,0,0,0,,,,,,,,
101963715,Crashes_2010_2019_MPO,2018-04-01,2018,36.0269,-86.68083,False,0,0,0,,,,,,,,
101963490,Crashes_2010_2019_MPO,2018-04-01,2018,36.04522,-86.71479,False,0,0,0,,,,,,,,
101963446,Crashes_2010_2019_MPO,2018-04-01,2018,35.97039,-86.77379,True,0,0,0,,,,,,,,
101963696,Crashes_2010_2019_MPO,2018-04-01,2018,35.93492,-86.77696,False,0,0,0,,,,,,,,
101963693,Crashes_2010_2019_MPO,2018-04-01,2018,36.02995,-86.70322,False,0,0,0,,,,,,,,
101963501,Crashes_2010_2019_MPO,2018-04-01,2018,36.05222,-86.68262,False,0,0,0,,,,,,,,
101964679,Crashes_2010_2019_MPO,2018-04-02,2018,36.0332,-86.78546,True,0,0,0,,,,,,,,
101967447,Crashes_2010_2019_MPO,2018-04-02,2018,36.04612,-86.77754,False,0,0,0,,,,,,,,
101965798,Crashes_2010_2019_MPO,2018-04-02,2018,35.93757,-86.87733,False,0,0,0,,,,,,,,
101964498,Crashes_2010_2019_MPO,2018-04-02,2018,35.92639,-86.82421,False,0,0,0,,,,,,,,
101964244,Crashes_2010_2019_MPO,2018-04-02,2018,36.01854,-86.70852,False,0,0,0,,,,,,,,
101964204,Crashes_2010_2019_MPO,2018-04-02,2018,35.99748,-86.79602,True,0,0,0,,,,,,,,
101964719,Crashes_2010_2019_MPO,2018-04-02,2018,35.94998,-86.80519,False,0,0,0,,,,,,,,
101964250,Crashes_2010_2019_MPO,2018-04-02,2018,35.97734,-86.72553,True,0,0,0,,,,,,,,
101964639,Crashes_2010_2019_MPO,2018-04-02,2018,35.93583,-86.82472,False,0,0,0,,,,,,,,
101964234,Crashes_2010_2019_MPO,2018-04-02,2018,35.94791,-86.81394,False,0,0,0,,,,,,,,
101964121,Crashes_2010_2019_MPO,2018-04-02,2018,36.04668,-86.72506,False,0,0,0,,,,,,,,
101965981,Crashes_2010_2019_MPO,2018-04-02,2018,35.95806,-86.76773,True,0,0,0,,,,,,,,
101964736,Crashes_2010_2019_MPO,2018-04-02,2018,36.0466,-86.71341,False,0,0,0,,,,,,,,
101965206,Crashes_2010_2019_MPO,2018-04-03,2018,35.95383,-86.80405,False,0,0,0,,,,,,,,
101968399,Crashes_2010_2019_MPO,2018-04-03,2018,35.97614,-86.80415,True,0,1,0,,,,,,,,
101965368,Crashes_2010_2019_MPO,2018-04-03,2018,35.99769,-86.79776,True,0,0,0,,,,,,,,
101965984,Crashes_2010_2019_MPO,2018-04-03,2018,35.95177,-86.76613,True,0,0,0,,,,,,,,
101966064,Crashes_2010_2019_MPO,2018-04-03,2018,35.99715,-86.775,True,0,0,0,,,,,,,,
101966949,Crashes_2010_2019_MPO,2018-04-03,2018,35.96187,-86.8146,False,0,0,0,,,,,,,,
101965209,Crashes_2010_2019_MPO,2018-04-03,2018,35.95255,-86.76633,True,0,0,0,,,,,,,,
101965282,Crashes_2010_2019_MPO,2018-04-03,2018,35.92631,-86.79344,False,0,0,0,,,,,,,,
101965766,Crashes_2010_2019_MPO,2018-04-03,2018,35.93331,-86.81492,False,0,0,0,,,,,,,,
101967053,Crashes_2010_2019_MPO,2018-04-03,2018,35.95526,-86.82588,False,0,0,0,,,,,,,,
101965020,Crashes_2010_2019_MPO,2018-04-03,2018,36.03562,-86.78321,False,0,0,0,,,,,,,,
101966079,Crashes_2010_2019_MPO,2018-04-03,2018,36.05404,-86.6911,False,0,0,0,,,,,,,,
101965983,Crashes_2010_2019_MPO,2018-04-03,2018,35.99748,-86.79603,True,0,0,0,,,,,,,,
101965515,Crashes_2010_2019_MPO,2018-04-03,2018,35.99346,-86.693975,True,0,0,0,,,,,,,,
101965419,Crashes_2010_2019_MPO,2018-04-03,2018,35.94841,-86.8136,False,0,0,0,,,,,,,,
101965982,Crashes_2010_2019_MPO,2018-04-03,2018,36.03522,-86.78691,True,0,0,0,,,,,,,,
101965861,Crashes_2010_2019_MPO,2018-04-03,2018,36.03731,-86.71322,False,0,0,0,,,,,,,,
101966031,Crashes_2010_2019_MPO,2018-04-03,2018,36.04036,-86.78092,False,0,0,0,,,,,,,,
101967012,Crashes_2010_2019_MPO,2018-04-04,2018,36.02701,-86.79223,True,0,0,0,,,,,,,,
101966971,Crashes_2010_2019_MPO,2018-04-04,2018,36.01755,-86.74135,False,0,0,0,,,,,,,,
101968140,Crashes_2010_2019_MPO,2018-04-04,2018,35.96312,-86.81897,True,0,0,0,,,,,,,,
101966965,Crashes_2010_2019_MPO,2018-04-04,2018,35.92907,-86.84991,False,0,0,0,,,,,,,,
101966994,Crashes_2010_2019_MPO,2018-04-04,2018,35.99279,-86.79839,True,0,0,0,,,,,,,,
101967100,Crashes_2010_2019_MPO,2018-04-04,2018,36.04801,-86.86531,False,0,0,0,,,,,,,,
101967021,Crashes_2010_2019_MPO,2018-04-04,2018,35.96543,-86.80044,True,0,0,0,,,,,,,,
101966980,Crashes_2010_2019_MPO,2018-04-04,2018,36.04428,-86.78089,False,0,0,0,,,,,,,,
101968139,Crashes_2010_2019_MPO,2018-04-04,2018,36.03495,-86.78306,True,0,0,0,,,,,,,,
101966632,Crashes_2010_2019_MPO,2018-04-04,2018,36.04051,-86.7455,False,0,0,0,,,,,,,,
101967028,Crashes_2010_2019_MPO,2018-04-04,2018,36.05389,-86.7394,False,0,0,0,,,,,,,,
101966864,Crashes_2010_2019_MPO,2018-04-04,2018,35.99569,-86.68817,False,0,0,0,,,,,,,,
101966307,Crashes_2010_2019_MPO,2018-04-04,2018,35.95938,-86.80995,False,0,0,0,,,,,,,,
101966950,Crashes_2010_2019_MPO,2018-04-04,2018,35.92742,-86.86861,False,0,0,0,,,,,,,,
101966325,Crashes_2010_2019_MPO,2018-04-04,2018,36.04724,-86.86246,False,0,0,0,,,,,,,,
101966961,Crashes_2010_2019_MPO,2018-04-04,2018,36.05151,-86.71436,False,0,0,0,,,,,,,,
101968500,Crashes_2010_2019_MPO,2018-04-05,2018,35.95214,-86.81835,False,0,0,0,,,,,,,,
101969097,Crashes_2010_2019_MPO,2018-04-05,2018,35.92911,-86.75029,False,0,0,0,,,,,,,,
101967365,Crashes_2010_2019_MPO,2018-04-05,2018,36.0374,-86.78657,False,0,0,0,,,,,,,,
101968136,Crashes_2010_2019_MPO,2018-04-05,2018,36.03887,-86.78284,False,0,0,0,,,,,,,,
101967477,Crashes_2010_2019_MPO,2018-04-05,2018,36.01248,-86.74663,True,0,0,0,,,,,,,,
101968203,Crashes_2010_2019_MPO,2018-04-05,2018,36.04519,-86.71529,False,0,0,0,,,,,,,,
101967366,Crashes_2010_2019_MPO,2018-04-05,2018,35.966645,-86.809153,True,0,0,0,,,,,,,,
101968013,Crashes_2010_2019_MPO,2018-04-05,2018,36.00426,-86.79105,True,0,0,0,,,,,,,,
101968279,Crashes_2010_2019_MPO,2018-04-05,2018,36.05278,-86.71475,False,0,0,0,,,,,,,,
101968259,Crashes_2010_2019_MPO,2018-04-05,2018,36.0374,-86.78657,False,0,0,0,,,,,,,,
101967379,Crashes_2010_2019_MPO,2018-04-05,2018,36.03797,-86.79777,False,0,0,0,,,,,,,,
101968115,Crashes_2010_2019_MPO,2018-04-05,2018,35.92443,-86.87161,False,0,0,0,,,,,,,,
101968097,Crashes_2010_2019_MPO,2018-04-05,2018,35.99781,-86.79886,True,0,0,0,,,,,,,,
101968141,Crashes_2010_2019_MPO,2018-04-05,2018,35.99761,-86.79702,True,0,0,0,,,,,,,,
101968142,Crashes_2010_2019_MPO,2018-04-05,2018,35.99043,-86.74862,True,0,0,0,,,,,,,,
101968106,Crashes_2010_2019_MPO,2018-04-05,2018,35.99004,-86.74528,True,0,0,0,,,,,,,,
101968126,Crashes_2010_2019_MPO,2018-04-05,2018,35.96334,-86.81101,False,0,0,0,,,,,,,,
101969449,Crashes_2010_2019_MPO,2018-04-06,2018,36.02596,-86.82497,True,0,0,0,,,,,,,,
101968628,Crashes_2010_2019_MPO,2018-04-06,2018,35.92302,-86.8166,False,0,0,0,,,,,,,,
101969357,Crashes_2010_2019_MPO,2018-04-06,2018,36.02138,-86.71138,False,0,0,0,,,,,,,,
101968582,Crashes_2010_2019_MPO,2018-04-06,2018,35.94818,-86.80787,False,0,0,0,,,,,,,,
101971654,Crashes_2010_2019_MPO,2018-04-06,2018,36.00999,-86.80956,True,0,0,0,,,,,,,,
101969531,Crashes_2010_2019_MPO,2018-04-06,2018,35.95939,-86.81372,False,0,0,0,,,,,,,,
101969404,Crashes_2010_2019_MPO,2018-04-06,2018,36.02497,-86.74239,False,0,0,0,,,,,,,,
101969251,Crashes_2010_2019_MPO,2018-04-06,2018,35.96711,-86.81318,True,0,0,0,,,,,,,,
101969265,Crashes_2010_2019_MPO,2018-04-06,2018,35.92644,-86.82481,False,0,0,0,,,,,,,,
101968627,Crashes_2010_2019_MPO,2018-04-06,2018,35.93557,-86.82364,False,0,0,0,,,,,,,,
101969386,Crashes_2010_2019_MPO,2018-04-06,2018,35.95039,-86.81893,False,0,0,0,,,,,,,,
101968798,Crashes_2010_2019_MPO,2018-04-06,2018,35.94272,-86.82081,False,0,0,0,,,,,,,,
101969221,Crashes_2010_2019_MPO,2018-04-06,2018,35.96798,-86.81833,True,0,0,0,,,,,,,,
101969181,Crashes_2010_2019_MPO,2018-04-06,2018,35.93876,-86.87922,False,0,0,0,,,,,,,,
101969530,Crashes_2010_2019_MPO,2018-04-06,2018,35.9407,-86.8316,False,0,0,0,,,,,,,,
101969509,Crashes_2010_2019_MPO,2018-04-06,2018,36.04526,-86.71704,False,0,0,0,,,,,,,,
101969338,Crashes_2010_2019_MPO,2018-04-06,2018,35.94645,-86.82369,False,0,0,0,,,,,,,,
101969675,Crashes_2010_2019_MPO,2018-04-06,2018,36.04012,-86.78074,False,0,0,0,,,,,,,,
101969923,Crashes_2010_2019_MPO,2018-04-07,2018,36.05366,-86.71502,False,0,0,0,,,,,,,,
101970329,Crashes_2010_2019_MPO,2018-04-07,2018,36.03747,-86.79098,False,0,0,0,,,,,,,,
101970127,Crashes_2010_2019_MPO,2018-04-07,2018,35.95401,-86.81181,False,0,0,0,,,,,,,,
101970554,Crashes_2010_2019_MPO,2018-04-07,2018,35.99004,-86.74528,True,0,0,0,,,,,,,,
101970386,Crashes_2010_2019_MPO,2018-04-07,2018,35.96803,-86.8603,False,0,0,0,,,,,,,,
101969688,Crashes_2010_2019_MPO,2018-04-07,2018,35.97341,-86.83325,True,0,0,0,,,,,,,,
101970210,Crashes_2010_2019_MPO,2018-04-07,2018,35.95044,-86.81867,False,0,0,0,,,,,,,,
101970339,Crashes_2010_2019_MPO,2018-04-07,2018,36.04334,-86.6891,False,0,0,0,,,,,,,,
101971416,Crashes_2010_2019_MPO,2018-04-07,2018,35.99643,-86.78798,True,0,0,0,,,,,,,,
101970818,Crashes_2010_2019_MPO,2018-04-08,2018,35.92627,-86.82449,False,0,0,0,,,,,,,,
101970871,Crashes_2010_2019_MPO,2018-04-08,2018,36.04542,-86.71835,False,0,0,0,,,,,,,,
101972400,Crashes_2010_2019_MPO,2018-04-09,2018,35.96845,-86.81905,True,0,0,0,,,,,,,,
101972063,Crashes_2010_2019_MPO,2018-04-09,2018,36.0339,-86.79497,True,0,0,0,,,,,,,,
101971753,Crashes_2010_2019_MPO,2018-04-09,2018,35.97821,-86.80343,True,0,0,0,,,,,,,,
101971603,Crashes_2010_2019_MPO,2018-04-09,2018,35.93756,-86.76809,False,0,0,0,,,,,,,,
101971774,Crashes_2010_2019_MPO,2018-04-09,2018,36.0409,-86.77938,False,0,0,0,,,,,,,,
101973101,Crashes_2010_2019_MPO,2018-04-09,2018,35.9407,-86.83934,False,0,0,0,,,,,,,,
101972676,Crashes_2010_2019_MPO,2018-04-09,2018,35.96161,-86.87943,False,0,0,0,,,,,,,,
101971682,Crashes_2010_2019_MPO,2018-04-09,2018,35.92425,-86.86968,False,0,0,0,,,,,,,,
101974403,Crashes_2010_2019_MPO,2018-04-10,2018,35.99734,-86.79486,True,0,0,0,,,,,,,,
101973209,Crashes_2010_2019_MPO,2018-04-10,2018,35.94297,-86.82976,False,0,0,0,,,,,,,,
101973019,Crashes_2010_2019_MPO,2018-04-10,2018,36.04243,-86.71237,False,0,0,0,,,,,,,,
101973399,Crashes_2010_2019_MPO,2018-04-10,2018,35.92771,-86.82097,False,0,0,0,,,,,,,,
101973381,Crashes_2010_2019_MPO,2018-04-10,2018,36.04653,-86.74382,False,0,0,0,,,,,,,,
101973656,Crashes_2010_2019_MPO,2018-04-10,2018,35.95298,-86.82075,False,0,0,0,,,,,,,,
101972873,Crashes_2010_2019_MPO,2018-04-10,2018,36.04553,-86.71154,False,0,0,0,,,,,,,,
101973190,Crashes_2010_2019_MPO,2018-04-10,2018,35.97639,-86.77666,True,0,0,0,,,,,,,,
101972738,Crashes_2010_2019_MPO,2018-04-10,2018,36.0456,-86.71082,False,0,0,0,,,,,,,,
101973208,Crashes_2010_2019_MPO,2018-04-10,2018,35.94275,-86.80981,False,0,0,0,,,,,,,,
101972581,Crashes_2010_2019_MPO,2018-04-10,2018,35.96946,-86.80646,True,0,0,0,,,,,,,,
101973400,Crashes_2010_2019_MPO,2018-04-10,2018,35.9583,-86.8023,False,0,0,0,,,,,,,,
101972742,Crashes_2010_2019_MPO,2018-04-10,2018,35.95078,-86.80647,False,0,0,0,,,,,,,,
101974307,Crashes_2010_2019_MPO,2018-04-11,2018,36.03371,-86.7832,True,0,0,0,,,,,,,,
101974424,Crashes_2010_2019_MPO,2018-04-11,2018,35.94515,-86.87791,False,0,0,0,,,,,,,,
101974865,Crashes_2010_2019_MPO,2018-04-11,2018,35.9507,-86.81872,False,0,0,0,,,,,,,,
101973686,Crashes_2010_2019_MPO,2018-04-11,2018,36.04576,-86.72528,False,0,0,0,,,,,,,,
101973724,Crashes_2010_2019_MPO,2018-04-11,2018,35.94782,-86.81975,False,0,0,0,,,,,,,,
101973677,Crashes_2010_2019_MPO,2018-04-11,2018,35.9776,-86.8035,True,0,0,0,,,,,,,,
101973564,Crashes_2010_2019_MPO,2018-04-11,2018,35.95966,-86.81067,False,0,0,0,,,,,,,,
101974238,Crashes_2010_2019_MPO,2018-04-11,2018,36.04547,-86.71223,False,0,0,0,,,,,,,,
101973826,Crashes_2010_2019_MPO,2018-04-11,2018,35.99121,-86.68327,False,0,0,0,,,,,,,,
101974592,Crashes_2010_2019_MPO,2018-04-11,2018,36.044,-86.72054,False,0,0,0,,,,,,,,
101973543,Crashes_2010_2019_MPO,2018-04-11,2018,36.03994,-86.74246,False,0,0,0,,,,,,,,
101974306,Crashes_2010_2019_MPO,2018-04-11,2018,35.99849,-86.80467,True,0,0,0,,,,,,,,
101973733,Crashes_2010_2019_MPO,2018-04-11,2018,36.04479,-86.72487,False,0,0,0,,,,,,,,
101973621,Crashes_2010_2019_MPO,2018-04-11,2018,35.99143,-86.68372,False,0,0,0,,,,,,,,
101973477,Crashes_2010_2019_MPO,2018-04-11,2018,36.01023,-86.6801,False,0,0,0,,,,,,,,
101977257,Crashes_2010_2019_MPO,2018-04-11,2018,36.03283,-86.78525,True,0,0,0,,,,,,,,
101974313,Crashes_2010_2019_MPO,2018-04-11,2018,35.93213,-86.79398,False,0,0,0,,,,,,,,
101974355,Crashes_2010_2019_MPO,2018-04-11,2018,35.9677,-86.81754,True,0,0,0,,,,,,,,
101974369,Crashes_2010_2019_MPO,2018-04-11,2018,35.97762,-86.77595,True,0,0,0,,,,,,,,
101975437,Crashes_2010_2019_MPO,2018-04-11,2018,35.94616,-86.80856,False,0,0,0,,,,,,,,
101974783,Crashes_2010_2019_MPO,2018-04-12,2018,36.03311,-86.78656,True,0,0,0,,,,,,,,
101975487,Crashes_2010_2019_MPO,2018-04-12,2018,36.0332,-86.78303,True,0,0,0,,,,,,,,
101974755,Crashes_2010_2019_MPO,2018-04-12,2018,36.04088,-86.74369,False,0,0,0,,,,,,,,
101974880,Crashes_2010_2019_MPO,2018-04-12,2018,35.92847,-86.76152,False,0,0,0,,,,,,,,
101974738,Crashes_2010_2019_MPO,2018-04-12,2018,35.96249,-86.77129,True,0,0,0,,,,,,,,
101975536,Crashes_2010_2019_MPO,2018-04-12,2018,35.94584,-86.82549,False,0,0,0,,,,,,,,
101974832,Crashes_2010_2019_MPO,2018-04-12,2018,36.0323,-86.71277,False,0,0,0,,,,,,,,
101986849,Crashes_2010_2019_MPO,2018-04-12,2018,35.99499,-86.81897,True,0,0,0,,,,,,,,
101974798,Crashes_2010_2019_MPO,2018-04-12,2018,36.02696,-86.85452,False,0,0,0,,,,,,,,
101976005,Crashes_2010_2019_MPO,2018-04-12,2018,36.03652,-86.80101,True,0,0,0,,,,,,,,
101975239,Crashes_2010_2019_MPO,2018-04-12,2018,35.92641,-86.82453,False,0,0,0,,,,,,,,
101975486,Crashes_2010_2019_MPO,2018-04-12,2018,36.01569,-86.84563,True,0,0,0,,,,,,,,
101974715,Crashes_2010_2019_MPO,2018-04-12,2018,36.05364,-86.74289,False,0,0,0,,,,,,,,
101974999,Crashes_2010_2019_MPO,2018-04-12,2018,35.99605,-86.79751,True,0,0,0,,,,,,,,
101975221,Crashes_2010_2019_MPO,2018-04-12,2018,36.00506,-86.84235,False,0,0,0,,,,,,,,
101974820,Crashes_2010_2019_MPO,2018-04-12,2018,36.02767,-86.7127,False,0,0,0,,,,,,,,
101975986,Crashes_2010_2019_MPO,2018-04-12,2018,36.03937,-86.81645,False,0,0,0,,,,,,,,
101974804,Crashes_2010_2019_MPO,2018-04-12,2018,36.04214,-86.78205,False,0,0,0,,,,,,,,
101974930,Crashes_2010_2019_MPO,2018-04-12,2018,35.96654,-86.80934,True,0,0,0,,,,,,,,
101976892,Crashes_2010_2019_MPO,2018-04-13,2018,36.04279,-86.82887,False,0,0,0,,,,,,,,
101976352,Crashes_2010_2019_MPO,2018-04-13,2018,35.94751,-86.81969,False,0,0,0,,,,,,,,
101977537,Crashes_2010_2019_MPO,2018-04-13,2018,35.9948,-86.79769,True,0,0,0,,,,,,,,
101976951,Crashes_2010_2019_MPO,2018-04-13,2018,35.9982,-86.79668,True,0,0,0,,,,,,,,
101979903,Crashes_2010_2019_MPO,2018-04-13,2018,36.0453,-86.81587,False,0,0,0,,,,,,,,
101977146,Crashes_2010_2019_MPO,2018-04-13,2018,36.0522,-86.74309,False,0,0,0,,,,,,,,
101977326,Crashes_2010_2019_MPO,2018-04-13,2018,36.00432,-86.79099,True,0,0,0,,,,,,,,
101976265,Crashes_2010_2019_MPO,2018-04-13,2018,36.03777,-86.79531,False,0,0,0,,,,,,,,
101976831,Crashes_2010_2019_MPO,2018-04-13,2018,35.96749,-86.81868,True,0,0,0,,,,,,,,
101976392,Crashes_2010_2019_MPO,2018-04-13,2018,36.04001,-86.74347,False,0,0,0,,,,,,,,
101977068,Crashes_2010_2019_MPO,2018-04-13,2018,36.0345,-86.74494,False,0,0,0,,,,,,,,
101976204,Crashes_2010_2019_MPO,2018-04-13,2018,35.99436,-86.76576,True,0,0,0,,,,,,,,
101980640,Crashes_2010_2019_MPO,2018-04-13,2018,36.01719,-86.78643,True,0,0,0,,,,,,,,
101977607,Crashes_2010_2019_MPO,2018-04-13,2018,36.04243,-86.7132,False,0,0,0,,,,,,,,
101976233,Crashes_2010_2019_MPO,2018-04-13,2018,35.98489,-86.73145,True,0,0,0,,,,,,,,
101976270,Crashes_2010_2019_MPO,2018-04-13,2018,35.99008,-86.79957,True,0,0,0,,,,,,,,
101977809,Crashes_2010_2019_MPO,2018-04-14,2018,35.95807,-86.80848,False,0,2,0,,,,,,,,
101979040,Crashes_2010_2019_MPO,2018-04-14,2018,36.03165,-86.78948,True,0,0,0,,,,,,,,
101977984,Crashes_2010_2019_MPO,2018-04-14,2018,35.93383,-86.86148,False,0,0,0,,,,,,,,
101977664,Crashes_2010_2019_MPO,2018-04-14,2018,36.03309,-86.78352,True,0,0,0,,,,,,,,
101977728,Crashes_2010_2019_MPO,2018-04-14,2018,36.0484,-86.6934,False,0,0,0,,,,,,,,
101977398,Crashes_2010_2019_MPO,2018-04-14,2018,35.99238,-86.75624,True,0,0,0,,,,,,,,
101980033,Crashes_2010_2019_MPO,2018-04-14,2018,36.03326,-86.78164,True,0,0,0,,,,,,,,
101978049,Crashes_2010_2019_MPO,2018-04-14,2018,36.04534,-86.71352,False,0,0,0,,,,,,,,
101978013,Crashes_2010_2019_MPO,2018-04-14,2018,36.035174,-86.78329,False,0,0,0,,,,,,,,
101977600,Crashes_2010_2019_MPO,2018-04-14,2018,35.94782,-86.81975,False,0,0,0,,,,,,,,
101978342,Crashes_2010_2019_MPO,2018-04-14,2018,36.03469,-86.78332,True,0,0,0,,,,,,,,
101978556,Crashes_2010_2019_MPO,2018-04-14,2018,35.99136,-86.71001,True,0,0,0,,,,,,,,
101978691,Crashes_2010_2019_MPO,2018-04-14,2018,35.94683,-86.85172,False,0,0,0,,,,,,,,
101977832,Crashes_2010_2019_MPO,2018-04-14,2018,36.03457,-86.78334,True,0,0,0,,,,,,,,
101981067,Crashes_2010_2019_MPO,2018-04-14,2018,35.97595,-86.69426,False,0,0,0,,,,,,,,
101977900,Crashes_2010_2019_MPO,2018-04-14,2018,36.03259,-86.78359,True,0,0,0,,,,,,,,
101978261,Crashes_2010_2019_MPO,2018-04-14,2018,35.96993,-86.72484,True,0,0,0,,,,,,,,
101978582,Crashes_2010_2019_MPO,2018-04-15,2018,36.0363,-86.78675,False,0,0,0,,,,,,,,
101979050,Crashes_2010_2019_MPO,2018-04-15,2018,35.99587,-86.79757,True,0,0,0,,,,,,,,
101978363,Crashes_2010_2019_MPO,2018-04-15,2018,35.9407,-86.83934,False,0,0,0,,,,,,,,
101978502,Crashes_2010_2019_MPO,2018-04-15,2018,35.96715,-86.69621,False,0,0,0,,,,,,,,
101978537,Crashes_2010_2019_MPO,2018-04-15,2018,35.99841,-86.80399,True,0,0,0,,,,,,,,
101978701,Crashes_2010_2019_MPO,2018-04-15,2018,36.0449,-86.69584,False,0,0,0,,,,,,,,
101979440,Crashes_2010_2019_MPO,2018-04-16,2018,36.033304,-86.788748,True,0,0,0,,,,,,,,
101980438,Crashes_2010_2019_MPO,2018-04-16,2018,36.00297,-86.79206,True,0,0,0,,,,,,,,
101979668,Crashes_2010_2019_MPO,2018-04-16,2018,36.0409,-86.77938,False,0,0,0,,,,,,,,
101980729,Crashes_2010_2019_MPO,2018-04-16,2018,35.92305,-86.81702,False,0,0,0,,,,,,,,
101979126,Crashes_2010_2019_MPO,2018-04-16,2018,36.04203,-86.74428,False,0,0,0,,,,,,,,
101979765,Crashes_2010_2019_MPO,2018-04-16,2018,35.965828,-86.805717,True,0,0,0,,,,,,,,
101979372,Crashes_2010_2019_MPO,2018-04-16,2018,35.96291,-86.81145,False,0,0,0,,,,,,,,
101979275,Crashes_2010_2019_MPO,2018-04-16,2018,35.97745,-86.7745,True,0,0,0,,,,,,,,
101979766,Crashes_2010_2019_MPO,2018-04-16,2018,35.989,-86.7412,True,0,0,0,,,,,,,,
101980728,Crashes_2010_2019_MPO,2018-04-16,2018,35.94782,-86.81975,False,0,0,0,,,,,,,,
101980360,Crashes_2010_2019_MPO,2018-04-17,2018,36.04114,-86.77621,False,0,0,0,,,,,,,,
101980266,Crashes_2010_2019_MPO,2018-04-17,2018,35.94916,-86.74352,True,0,0,0,,,,,,,,
101980641,Crashes_2010_2019_MPO,2018-04-17,2018,36.01296,-86.80073,True,0,0,0,,,,,,,,
101980207,Crashes_2010_2019_MPO,2018-04-17,2018,36.04573,-86.70812,False,0,0,0,,,,,,,,
101980781,Crashes_2010_2019_MPO,2018-04-17,2018,35.93203,-86.86277,False,0,0,0,,,,,,,,
101980575,Crashes_2010_2019_MPO,2018-04-17,2018,35.94705,-86.82129,False,0,0,0,,,,,,,,
101980295,Crashes_2010_2019_MPO,2018-04-17,2018,36.03787,-86.79648,False,0,0,0,,,,,,,,
101980688,Crashes_2010_2019_MPO,2018-04-17,2018,36.03996,-86.74277,False,0,0,0,,,,,,,,
101986733,Crashes_2010_2019_MPO,2018-04-17,2018,35.98744,-86.80023,True,0,0,0,,,,,,,,
101980108,Crashes_2010_2019_MPO,2018-04-17,2018,36.0072,-86.7875,True,0,0,0,,,,,,,,
101981187,Crashes_2010_2019_MPO,2018-04-17,2018,35.92641,-86.82447,False,0,0,0,,,,,,,,
101980776,Crashes_2010_2019_MPO,2018-04-17,2018,35.986031,-86.735329,True,0,0,0,,,,,,,,