record_no,source_layer,collision_ts,crash_year,latitude,longitude,in_city,fatalities,non_motorists,truck_involved,serious_injuries,pedestrian,bicycle,crash_type,manner_of_collision,lighting,weather,first_harmful_event
101980919,Crashes_2010_2019_MPO,2018-04-17,2018,36.04209,-86.74396,False,0,0,0,,,,,,,,
101980662,Crashes_2010_2019_MPO,2018-04-17,2018,36.03047,-86.74398,False,0,0,0,,,,,,,,
101984627,Crashes_2010_2019_MPO,2018-04-17,2018,35.92363,-86.82237,False,0,0,0,,,,,,,,
101989103,Crashes_2010_2019_MPO,2018-04-18,2018,36.03459,-86.78333,True,0,0,0,,,,,,,,
101982916,Crashes_2010_2019_MPO,2018-04-18,2018,35.95058,-86.67982,False,0,0,0,,,,,,,,
101981213,Crashes_2010_2019_MPO,2018-04-18,2018,36.01567,-86.8215,True,0,0,0,,,,,,,,
101982020,Crashes_2010_2019_MPO,2018-04-18,2018,36.03058,-86.706,False,0,0,0,,,,,,,,
101981936,Crashes_2010_2019_MPO,2018-04-18,2018,35.92755,-86.87423,False,0,0,0,,,,,,,,
101981973,Crashes_2010_2019_MPO,2018-04-18,2018,36.04059,-86.77107,False,0,0,0,,,,,,,,
101981157,Crashes_2010_2019_MPO,2018-04-18,2018,36.04023,-86.76789,False,0,0,0,,,,,,,,
101981853,Crashes_2010_2019_MPO,2018-04-18,2018,35.99483,-86.68705,False,0,0,0,,,,,,,,
101982113,Crashes_2010_2019_MPO,2018-04-18,2018,35.95967,-86.80185,False,0,0,0,,,,,,,,
101982963,Crashes_2010_2019_MPO,2018-04-19,2018,36.01301,-86.80963,True,0,0,0,,,,,,,,
101982271,Crashes_2010_2019_MPO,2018-04-19,2018,36.00108,-86.79402,True,0,0,0,,,,,,,,
101983759,Crashes_2010_2019_MPO,2018-04-19,2018,35.96721,-86.8135,True,0,0,0,,,,,,,,
101982948,Crashes_2010_2019_MPO,2018-04-19,2018,36.02318,-86.68607,False,0,0,0,,,,,,,,
101982313,Crashes_2010_2019_MPO,2018-04-19,2018,36.02512,-86.7854,True,0,0,0,,,,,,,,
101982691,Crashes_2010_2019_MPO,2018-04-19,2018,36.01236,-86.69335,False,0,0,0,,,,,,,,
101982886,Crashes_2010_2019_MPO,2018-04-19,2018,35.97334,-86.83305,True,0,0,0,,,,,,,,
101982444,Crashes_2010_2019_MPO,2018-04-19,2018,35.93573,-86.82432,False,0,0,0,,,,,,,,
101982292,Crashes_2010_2019_MPO,2018-04-19,2018,35.99643,-86.78798,True,0,0,0,,,,,,,,
101982776,Crashes_2010_2019_MPO,2018-04-19,2018,35.95195,-86.72555,True,0,0,0,,,,,,,,
101982646,Crashes_2010_2019_MPO,2018-04-19,2018,35.98461,-86.72536,True,0,0,0,,,,,,,,
101982838,Crashes_2010_2019_MPO,2018-04-19,2018,35.93145,-86.87675,False,0,1,0,,,,,,,,
101982098,Crashes_2010_2019_MPO,2018-04-19,2018,36.04441,-86.78039,False,0,0,0,,,,,,,,
101984156,Crashes_2010_2019_MPO,2018-04-20,2018,35.96737,-86.81523,True,0,0,0,,,,,,,,
101984248,Crashes_2010_2019_MPO,2018-04-20,2018,36.05483,-86.84948,False,0,0,0,,,,,,,,
101984137,Crashes_2010_2019_MPO,2018-04-20,2018,35.9682,-86.82521,False,0,0,0,,,,,,,,
101983928,Crashes_2010_2019_MPO,2018-04-20,2018,35.94271,-86.82081,False,0,0,0,,,,,,,,
101984418,Crashes_2010_2019_MPO,2018-04-20,2018,35.95435,-86.73891,True,0,0,0,,,,,,,,
101984419,Crashes_2010_2019_MPO,2018-04-20,2018,35.99734,-86.79486,True,0,0,0,,,,,,,,
101983760,Crashes_2010_2019_MPO,2018-04-20,2018,35.96264,-86.7372,True,0,0,0,,,,,,,,
101983413,Crashes_2010_2019_MPO,2018-04-20,2018,36.03194,-86.76253,False,0,0,0,,,,,,,,
101984416,Crashes_2010_2019_MPO,2018-04-20,2018,35.97855,-86.75496,True,0,0,0,,,,,,,,
101984507,Crashes_2010_2019_MPO,2018-04-20,2018,36.045,-86.71322,False,0,0,0,,,,,,,,
101983342,Crashes_2010_2019_MPO,2018-04-20,2018,35.96248,-86.81983,False,0,0,0,,,,,,,,
101983373,Crashes_2010_2019_MPO,2018-04-20,2018,36.04543,-86.70361,False,0,0,0,,,,,,,,
101984417,Crashes_2010_2019_MPO,2018-04-20,2018,35.98635,-86.73664,True,0,2,0,,,,,,,,
101984238,Crashes_2010_2019_MPO,2018-04-20,2018,35.98146,-86.846,False,0,0,0,,,,,,,,
101983607,Crashes_2010_2019_MPO,2018-04-20,2018,36.03297,-86.79677,True,0,0,0,,,,,,,,
101984309,Crashes_2010_2019_MPO,2018-04-20,2018,35.95012,-86.81889,False,0,0,0,,,,,,,,
101984993,Crashes_2010_2019_MPO,2018-04-20,2018,35.97337,-86.83314,True,0,0,0,,,,,,,,
101984340,Crashes_2010_2019_MPO,2018-04-20,2018,36.04114,-86.77621,False,0,0,0,,,,,,,,
101984777,Crashes_2010_2019_MPO,2018-04-21,2018,35.94739,-86.83518,False,0,0,0,,,,,,,,
101986002,Crashes_2010_2019_MPO,2018-04-21,2018,36.02404,-86.78602,True,0,0,0,,,,,,,,
101984901,Crashes_2010_2019_MPO,2018-04-21,2018,36.02557,-86.71303,False,0,0,0,,,,,,,,
101985777,Crashes_2010_2019_MPO,2018-04-21,2018,36.0374,-86.78657,False,0,0,0,,,,,,,,
101985997,Crashes_2010_2019_MPO,2018-04-21,2018,35.92609,-86.87139,False,0,0,0,,,,,,,,
101984778,Crashes_2010_2019_MPO,2018-04-21,2018,36.04393,-86.71958,False,0,0,0,,,,,,,,
101985118,Crashes_2010_2019_MPO,2018-04-21,2018,36.04527,-86.70126,False,0,0,0,,,,,,,,
101988360,Crashes_2010_2019_MPO,2018-04-21,2018,35.92841,-86.7569,False,0,0,1,,,,,,,,
101985388,Crashes_2010_2019_MPO,2018-04-21,2018,36.03797,-86.79777,False,0,0,0,,,,,,,,
101985231,Crashes_2010_2019_MPO,2018-04-21,2018,35.94338,-86.85448,False,0,0,0,,,,,,,,
101984774,Crashes_2010_2019_MPO,2018-04-21,2018,35.97266,-86.67845,False,0,0,0,,,,,,,,
101991009,Crashes_2010_2019_MPO,2018-04-22,2018,36.03229,-86.78363,True,0,0,0,,,,,,,,
101986088,Crashes_2010_2019_MPO,2018-04-22,2018,36.03976,-86.75436,False,0,0,0,,,,,,,,
101986300,Crashes_2010_2019_MPO,2018-04-22,2018,36.01362,-86.73834,False,0,0,0,,,,,,,,
101986434,Crashes_2010_2019_MPO,2018-04-22,2018,35.97271,-86.77521,True,0,0,0,,,,,,,,
101985930,Crashes_2010_2019_MPO,2018-04-22,2018,36.03108,-86.87564,False,0,0,0,,,,,,,,
101990849,Crashes_2010_2019_MPO,2018-04-22,2018,36.03339,-86.78348,True,0,0,0,,,,,,,,
101986133,Crashes_2010_2019_MPO,2018-04-22,2018,35.941,-86.83836,False,0,0,0,,,,,,,,
101986035,Crashes_2010_2019_MPO,2018-04-22,2018,36.05167,-86.7144,False,0,0,0,,,,,,,,
101986553,Crashes_2010_2019_MPO,2018-04-22,2018,35.99574,-86.78132,True,0,0,0,,,,,,,,
101986690,Crashes_2010_2019_MPO,2018-04-22,2018,36.035014,-86.78335,True,0,0,0,,,,,,,,
101985830,Crashes_2010_2019_MPO,2018-04-22,2018,36.02657,-86.82847,True,0,0,0,,,,,,,,
101986501,Crashes_2010_2019_MPO,2018-04-22,2018,36.04928,-86.77627,False,0,0,0,,,,,,,,
101987512,Crashes_2010_2019_MPO,2018-04-23,2018,35.9295,-86.84309,False,0,0,0,,,,,,,,
101987358,Crashes_2010_2019_MPO,2018-04-23,2018,36.0473,-86.86274,False,0,0,0,,,,,,,,
101986768,Crashes_2010_2019_MPO,2018-04-23,2018,36.04386,-86.71309,False,0,0,0,,,,,,,,
101987270,Crashes_2010_2019_MPO,2018-04-23,2018,36.03336,-86.78872,True,0,0,0,,,,,,,,
101987929,Crashes_2010_2019_MPO,2018-04-23,2018,35.94844,-86.80769,False,0,0,0,,,,,,,,
101986902,Crashes_2010_2019_MPO,2018-04-23,2018,35.997521,-86.794589,True,0,0,0,,,,,,,,
102004810,Crashes_2010_2019_MPO,2018-04-23,2018,35.94173,-86.82104,False,0,0,0,,,,,,,,
101987025,Crashes_2010_2019_MPO,2018-04-23,2018,35.96705,-86.81355,True,0,0,0,,,,,,,,
101986877,Crashes_2010_2019_MPO,2018-04-23,2018,35.98103,-86.72493,True,0,0,0,,,,,,,,
101986927,Crashes_2010_2019_MPO,2018-04-23,2018,36.01489,-86.79933,True,0,0,0,,,,,,,,
101986963,Crashes_2010_2019_MPO,2018-04-23,2018,36.0348,-86.78331,True,0,0,0,,,,,,,,
101988641,Crashes_2010_2019_MPO,2018-04-23,2018,36.03956,-86.86945,False,0,0,0,,,,,,,,
101987224,Crashes_2010_2019_MPO,2018-04-23,2018,36.04088,-86.77389,False,0,0,0,,,,,,,,
101987481,Crashes_2010_2019_MPO,2018-04-23,2018,36.04777,-86.71355,False,0,0,0,,,,,,,,
101986782,Crashes_2010_2019_MPO,2018-04-23,2018,36.03722,-86.78661,False,0,0,0,,,,,,,,
101987395,Crashes_2010_2019_MPO,2018-04-23,2018,36.04522,-86.71661,False,0,0,0,,,,,,,,
101986758,Crashes_2010_2019_MPO,2018-04-23,2018,36.03467,-86.78332,True,0,0,0,,,,,,,,
101988284,Crashes_2010_2019_MPO,2018-04-24,2018,35.93215,-86.79441,False,0,0,0,,,,,,,,
101987751,Crashes_2010_2019_MPO,2018-04-24,2018,36.0154,-86.73873,False,0,0,1,,,,,,,,
101988323,Crashes_2010_2019_MPO,2018-04-24,2018,36.02547,-86.71305,False,0,0,0,,,,,,,,
101988035,Crashes_2010_2019_MPO,2018-04-24,2018,35.96631,-86.81134,False,0,0,0,,,,,,,,
101988111,Crashes_2010_2019_MPO,2018-04-24,2018,35.96645,-86.80749,True,0,0,0,,,,,,,,
101987658,Crashes_2010_2019_MPO,2018-04-24,2018,35.99043,-86.74862,True,0,0,0,,,,,,,,
101988285,Crashes_2010_2019_MPO,2018-04-24,2018,35.93219,-86.79405,False,0,0,0,,,,,,,,
101988339,Crashes_2010_2019_MPO,2018-04-24,2018,35.96509,-86.81627,True,0,0,0,,,,,,,,
101988283,Crashes_2010_2019_MPO,2018-04-24,2018,35.9485,-86.80763,False,0,0,0,,,,,,,,
101988282,Crashes_2010_2019_MPO,2018-04-24,2018,35.93306,-86.81184,False,0,0,0,,,,,,,,
101988144,Crashes_2010_2019_MPO,2018-04-24,2018,36.03497,-86.78333,True,0,0,0,,,,,,,,
101987750,Crashes_2010_2019_MPO,2018-04-24,2018,36.03115,-86.7126,False,0,0,0,,,,,,,,
101989020,Crashes_2010_2019_MPO,2018-04-25,2018,35.93446,-86.81991,False,0,0,0,,,,,,,,
101989105,Crashes_2010_2019_MPO,2018-04-25,2018,35.94799,-86.81976,False,0,0,0,,,,,,,,
101993894,Crashes_2010_2019_MPO,2018-04-25,2018,35.99113,-86.84782,False,0,0,0,,,,,,,,
101989602,Crashes_2010_2019_MPO,2018-04-25,2018,35.95594,-86.83223,False,0,0,0,,,,,,,,
101989525,Crashes_2010_2019_MPO,2018-04-25,2018,35.93983,-86.82791,False,0,0,0,,,,,,,,
101988539,Crashes_2010_2019_MPO,2018-04-25,2018,36.03387,-86.68111,False,0,0,0,,,,,,,,
101989665,Crashes_2010_2019_MPO,2018-04-26,2018,35.95028,-86.76349,True,0,0,0,,,,,,,,
101989814,Crashes_2010_2019_MPO,2018-04-26,2018,36.0348,-86.78331,True,0,0,0,,,,,,,,
101990072,Crashes_2010_2019_MPO,2018-04-26,2018,36.04329,-86.71303,False,0,0,0,,,,,,,,
101989719,Crashes_2010_2019_MPO,2018-04-26,2018,36.034055,-86.795266,True,0,0,0,,,,,,,,
101990546,Crashes_2010_2019_MPO,2018-04-26,2018,36.01584,-86.70526,False,0,0,0,,,,,,,,
101990107,Crashes_2010_2019_MPO,2018-04-26,2018,36.04739,-86.7135,False,0,0,0,,,,,,,,
101990120,Crashes_2010_2019_MPO,2018-04-26,2018,35.95078,-86.80647,False,0,0,0,,,,,,,,
101990205,Crashes_2010_2019_MPO,2018-04-26,2018,35.96156,-86.73827,True,0,0,0,,,,,,,,
101989928,Crashes_2010_2019_MPO,2018-04-26,2018,36.03104,-86.69984,False,0,0,0,,,,,,,,
101990335,Crashes_2010_2019_MPO,2018-04-26,2018,35.96133,-86.81226,False,0,0,0,,,,,,,,
101990019,Crashes_2010_2019_MPO,2018-04-26,2018,35.93962,-86.83084,False,0,0,0,,,,,,,,
101990272,Crashes_2010_2019_MPO,2018-04-26,2018,36.04071,-86.77218,False,0,0,0,,,,,,,,
101990020,Crashes_2010_2019_MPO,2018-04-26,2018,35.94375,-86.81539,False,0,0,0,,,,,,,,
101990188,Crashes_2010_2019_MPO,2018-04-26,2018,36.03474,-86.78332,True,0,0,0,,,,,,,,
101990073,Crashes_2010_2019_MPO,2018-04-26,2018,36.03737,-86.78688,False,0,0,0,,,,,,,,
101989962,Crashes_2010_2019_MPO,2018-04-26,2018,36.00593,-86.78902,True,0,0,0,,,,,,,,
101990026,Crashes_2010_2019_MPO,2018-04-26,2018,36.01375,-86.73829,False,0,0,0,,,,,,,,
101990428,Crashes_2010_2019_MPO,2018-04-26,2018,36.03352,-86.71298,False,0,0,0,,,,,,,,
101990438,Crashes_2010_2019_MPO,2018-04-26,2018,36.04531,-86.71385,False,0,0,0,,,,,,,,
101990212,Crashes_2010_2019_MPO,2018-04-26,2018,35.95315,-86.81789,False,0,0,0,,,,,,,,
101990347,Crashes_2010_2019_MPO,2018-04-26,2018,36.03983,-86.7684,False,0,0,0,,,,,,,,
101989912,Crashes_2010_2019_MPO,2018-04-26,2018,36.0346,-86.78333,True,0,0,0,,,,,,,,
101990301,Crashes_2010_2019_MPO,2018-04-26,2018,35.99649,-86.78854,True,0,0,0,,,,,,,,
101989932,Crashes_2010_2019_MPO,2018-04-26,2018,36.04162,-86.74919,False,0,0,0,,,,,,,,
101994518,Crashes_2010_2019_MPO,2018-04-27,2018,36.03445,-86.8172,True,0,0,0,,,,,,,,
101991535,Crashes_2010_2019_MPO,2018-04-27,2018,35.92673,-86.87005,False,0,0,0,,,,,,,,
101997532,Crashes_2010_2019_MPO,2018-04-27,2018,35.968,-86.67739,False,0,0,0,,,,,,,,
101990740,Crashes_2010_2019_MPO,2018-04-27,2018,36.05151,-86.71436,False,0,0,0,,,,,,,,
101990897,Crashes_2010_2019_MPO,2018-04-27,2018,36.02717,-86.78382,True,0,0,0,,,,,,,,
101993846,Crashes_2010_2019_MPO,2018-04-27,2018,35.99579,-86.77891,True,0,0,0,,,,,,,,
101991969,Crashes_2010_2019_MPO,2018-04-27,2018,36.03755,-86.78542,False,0,0,0,,,,,,,,
101990899,Crashes_2010_2019_MPO,2018-04-27,2018,36.03322,-86.78531,True,0,0,0,,,,,,,,
101991606,Crashes_2010_2019_MPO,2018-04-27,2018,35.95899,-86.81594,False,0,0,0,,,,,,,,
101992089,Crashes_2010_2019_MPO,2018-04-27,2018,35.94475,-86.82827,False,0,0,0,,,,,,,,
101991744,Crashes_2010_2019_MPO,2018-04-27,2018,36.05049,-86.87668,False,0,0,0,,,,,,,,
101993478,Crashes_2010_2019_MPO,2018-04-27,2018,35.94778,-86.81994,False,0,0,0,,,,,,,,
101990971,Crashes_2010_2019_MPO,2018-04-27,2018,36.03566,-86.74905,False,0,0,0,,,,,,,,
101991854,Crashes_2010_2019_MPO,2018-04-27,2018,36.04605,-86.69236,False,0,0,0,,,,,,,,
101992985,Crashes_2010_2019_MPO,2018-04-28,2018,36.03707,-86.69711,False,0,0,0,,,,,,,,
101992393,Crashes_2010_2019_MPO,2018-04-28,2018,36.01978,-86.74042,False,0,0,0,,,,,,,,
101992695,Crashes_2010_2019_MPO,2018-04-28,2018,36.029159,-86.84188,True,0,0,0,,,,,,,,
101992905,Crashes_2010_2019_MPO,2018-04-28,2018,35.94778,-86.81994,False,0,0,0,,,,,,,,
101992591,Crashes_2010_2019_MPO,2018-04-28,2018,36.04479,-86.72487,False,0,0,0,,,,,,,,
101992566,Crashes_2010_2019_MPO,2018-04-28,2018,35.99395,-86.76205,True,0,0,0,,,,,,,,
101994519,Crashes_2010_2019_MPO,2018-04-28,2018,35.94099,-86.87916,False,0,0,0,,,,,,,,
101993071,Crashes_2010_2019_MPO,2018-04-28,2018,36.033223,-86.785385,True,0,0,0,,,,,,,,
101993652,Crashes_2010_2019_MPO,2018-04-29,2018,36.0508,-86.71608,False,0,0,0,,,,,,,,
101993810,Crashes_2010_2019_MPO,2018-04-29,2018,35.96707,-86.81255,True,0,0,0,,,,,,,,
101993782,Crashes_2010_2019_MPO,2018-04-29,2018,35.95008,-86.8491,False,0,0,0,,,,,,,,
101994169,Crashes_2010_2019_MPO,2018-04-29,2018,36.04012,-86.78074,False,0,0,0,,,,,,,,
101994172,Crashes_2010_2019_MPO,2018-04-29,2018,36.04046,-86.78017,False,0,0,0,,,,,,,,
101993301,Crashes_2010_2019_MPO,2018-04-29,2018,36.04555,-86.71136,False,0,0,0,,,,,,,,
101994131,Crashes_2010_2019_MPO,2018-04-29,2018,35.9654,-86.80047,True,0,0,0,,,,,,,,
101993785,Crashes_2010_2019_MPO,2018-04-29,2018,36.0374,-86.78657,False,0,0,0,,,,,,,,
101995718,Crashes_2010_2019_MPO,2018-04-30,2018,35.96891,-86.67779,False,0,0,0,,,,,,,,
101994512,Crashes_2010_2019_MPO,2018-04-30,2018,36.01286,-86.80081,True,0,0,0,,,,,,,,
101996298,Crashes_2010_2019_MPO,2018-04-30,2018,36.03794,-86.78644,False,0,0,0,,,,,,,,
101995964,Crashes_2010_2019_MPO,2018-04-30,2018,36.01719,-86.7978,True,0,0,0,,,,,,,,
101995232,Crashes_2010_2019_MPO,2018-04-30,2018,35.93534,-86.82374,False,0,0,0,,,,,,,,
102003669,Crashes_2010_2019_MPO,2018-04-30,2018,35.95581,-86.83098,False,0,0,0,,,,,,,,
101995134,Crashes_2010_2019_MPO,2018-04-30,2018,35.93109,-86.79414,False,0,0,0,,,,,,,,
102003667,Crashes_2010_2019_MPO,2018-04-30,2018,35.93756,-86.76809,False,0,0,0,,,,,,,,
101994856,Crashes_2010_2019_MPO,2018-04-30,2018,35.9667,-86.81121,True,0,0,0,,,,,,,,
102003668,Crashes_2010_2019_MPO,2018-04-30,2018,35.96702,-86.81333,True,0,0,0,,,,,,,,
101994767,Crashes_2010_2019_MPO,2018-04-30,2018,36.05079,-86.71667,False,0,0,0,,,,,,,,
101995126,Crashes_2010_2019_MPO,2018-04-30,2018,36.04091,-86.77417,False,0,0,0,,,,,,,,
101996049,Crashes_2010_2019_MPO,2018-05-01,2018,35.93233,-86.8626,False,0,0,0,,,,,,,,
101996211,Crashes_2010_2019_MPO,2018-05-01,2018,35.94675,-86.85178,False,0,0,0,,,,,,,,
101996048,Crashes_2010_2019_MPO,2018-05-01,2018,35.92304,-86.81684,False,0,0,0,,,,,,,,
102003671,Crashes_2010_2019_MPO,2018-05-01,2018,35.93455,-86.81883,False,0,0,0,,,,,,,,
101995810,Crashes_2010_2019_MPO,2018-05-01,2018,36.02534,-86.71304,False,0,0,0,,,,,,,,
101996016,Crashes_2010_2019_MPO,2018-05-01,2018,36.001859,-86.720155,True,0,0,0,,,,,,,,
101997943,Crashes_2010_2019_MPO,2018-05-01,2018,35.93979,-86.67971,False,0,0,1,,,,,,,,
101995561,Crashes_2010_2019_MPO,2018-05-01,2018,36.03336,-86.78872,True,0,0,0,,,,,,,,
101996116,Crashes_2010_2019_MPO,2018-05-01,2018,35.95677,-86.80311,False,0,0,0,,,,,,,,
101995662,Crashes_2010_2019_MPO,2018-05-01,2018,36.0473,-86.86274,False,0,0,1,,,,,,,,
101995458,Crashes_2010_2019_MPO,2018-05-01,2018,36.03995,-86.74252,False,0,0,0,,,,,,,,
101996220,Crashes_2010_2019_MPO,2018-05-01,2018,35.99734,-86.79486,True,0,0,0,,,,,,,,
101996005,Crashes_2010_2019_MPO,2018-05-01,2018,35.98595,-86.73497,True,0,0,0,,,,,,,,
101996369,Crashes_2010_2019_MPO,2018-05-01,2018,36.05485,-86.67876,False,0,0,0,,,,,,,,
101995573,Crashes_2010_2019_MPO,2018-05-01,2018,36.0457,-86.86409,False,0,0,0,,,,,,,,
101995477,Crashes_2010_2019_MPO,2018-05-01,2018,35.99516,-86.77882,True,0,0,0,,,,,,,,
101996714,Crashes_2010_2019_MPO,2018-05-02,2018,36.04523,-86.71324,False,0,0,0,,,,,,,,
101996836,Crashes_2010_2019_MPO,2018-05-02,2018,35.96688,-86.81117,True,0,0,0,,,,,,,,
101997291,Crashes_2010_2019_MPO,2018-05-02,2018,35.99734,-86.79486,True,0,0,0,,,,,,,,
101997261,Crashes_2010_2019_MPO,2018-05-02,2018,36.03048,-86.78317,True,0,0,0,,,,,,,,
101998193,Crashes_2010_2019_MPO,2018-05-02,2018,36.034332,-86.791779,True,0,0,0,,,,,,,,
101997286,Crashes_2010_2019_MPO,2018-05-02,2018,36.01625,-86.78591,True,0,0,0,,,,,,,,
101997408,Crashes_2010_2019_MPO,2018-05-02,2018,36.03245,-86.70822,False,0,0,0,,,,,,,,
101998295,Crashes_2010_2019_MPO,2018-05-02,2018,35.93311,-86.81301,False,0,0,0,,,,,,,,
101996698,Crashes_2010_2019_MPO,2018-05-02,2018,35.93288,-86.78334,False,0,0,0,,,,,,,,
101997119,Crashes_2010_2019_MPO,2018-05-02,2018,35.92456,-86.87028,False,0,0,0,,,,,,,,
101997858,Crashes_2010_2019_MPO,2018-05-02,2018,35.95269,-86.8122,False,0,0,0,,,,,,,,
101998481,Crashes_2010_2019_MPO,2018-05-02,2018,35.9505,-86.76617,True,0,0,0,,,,,,,,
101997431,Crashes_2010_2019_MPO,2018-05-02,2018,36.02873,-86.81811,True,0,0,0,,,,,,,,
101997070,Crashes_2010_2019_MPO,2018-05-02,2018,35.95198,-86.81788,False,0,0,0,,,,,,,,
101998482,Crashes_2010_2019_MPO,2018-05-02,2018,35.99728,-86.81027,True,0,0,0,,,,,,,,
101997537,Crashes_2010_2019_MPO,2018-05-02,2018,36.0305,-86.71255,False,0,0,0,,,,,,,,
101997223,Crashes_2010_2019_MPO,2018-05-02,2018,36.0231,-86.78323,True,0,0,0,,,,,,,,
101997746,Crashes_2010_2019_MPO,2018-05-03,2018,36.04001,-86.74336,False,0,0,0,,,,,,,,
101997980,Crashes_2010_2019_MPO,2018-05-03,2018,36.04012,-86.78074,False,0,0,0,,,,,,,,
101998524,Crashes_2010_2019_MPO,2018-05-03,2018,36.01651,-86.70656,False,0,0,0,,,,,,,,
101998739,Crashes_2010_2019_MPO,2018-05-03,2018,36.04561,-86.71977,False,0,0,0,,,,,,,,
101997795,Crashes_2010_2019_MPO,2018-05-03,2018,36.03981,-86.74345,False,0,0,0,,,,,,,,
101998381,Crashes_2010_2019_MPO,2018-05-03,2018,35.96953,-86.818,True,0,0,0,,,,,,,,
101998542,Crashes_2010_2019_MPO,2018-05-03,2018,36.03736,-86.78695,False,0,0,0,,,,,,,,
101997815,Crashes_2010_2019_MPO,2018-05-03,2018,36.04019,-86.78062,False,0,0,0,,,,,,,,
101998475,Crashes_2010_2019_MPO,2018-05-03,2018,35.99806,-86.69154,False,0,0,0,,,,,,,,
101998250,Crashes_2010_2019_MPO,2018-05-03,2018,36.0409,-86.77938,False,0,0,0,,,,,,,,
101998819,Crashes_2010_2019_MPO,2018-05-03,2018,36.04125,-86.82175,False,0,0,0,,,,,,,,
101998164,Crashes_2010_2019_MPO,2018-05-03,2018,36.0537,-86.71503,False,0,0,0,,,,,,,,
102000472,Crashes_2010_2019_MPO,2018-05-03,2018,36.01286,-86.80081,True,0,0,0,,,,,,,,
102001552,Crashes_2010_2019_MPO,2018-05-04,2018,35.94864,-86.85025,False,0,0,0,,,,,,,,
102003274,Crashes_2010_2019_MPO,2018-05-04,2018,35.96981,-86.80658,True,0,0,0,,,,,,,,
102010481,Crashes_2010_2019_MPO,2018-05-04,2018,36.03484,-86.7833,True,0,0,0,,,,,,,,
101998909,Crashes_2010_2019_MPO,2018-05-04,2018,36.04075,-86.74366,False,0,0,0,,,,,,,,
101999712,Crashes_2010_2019_MPO,2018-05-04,2018,36.03716,-86.78308,False,0,0,0,,,,,,,,
101999586,Crashes_2010_2019_MPO,2018-05-04,2018,36.03334,-86.7816,True,0,0,0,,,,,,,,
101999874,Crashes_2010_2019_MPO,2018-05-04,2018,36.0409,-86.77938,False,0,0,0,,,,,,,,
102001553,Crashes_2010_2019_MPO,2018-05-04,2018,35.95464,-86.81289,False,0,0,0,,,,,,,,
101999197,Crashes_2010_2019_MPO,2018-05-04,2018,36.03833,-86.78426,False,0,0,0,,,,,,,,
102000017,Crashes_2010_2019_MPO,2018-05-04,2018,36.03752,-86.78561,False,0,0,0,,,,,,,,
102000101,Crashes_2010_2019_MPO,2018-05-04,2018,35.92936,-86.87549,False,0,0,0,,,,,,,,
101999868,Crashes_2010_2019_MPO,2018-05-04,2018,36.04187,-86.74528,False,0,1,0,,,,,,,,
102000510,Crashes_2010_2019_MPO,2018-05-04,2018,35.98416,-86.72333,True,0,0,0,,,,,,,,
101999395,Crashes_2010_2019_MPO,2018-05-04,2018,36.03231,-86.71277,False,0,0,0,,,,,,,,
101998820,Crashes_2010_2019_MPO,2018-05-04,2018,36.03772,-86.79475,False,0,0,0,,,,,,,,
101999024,Crashes_2010_2019_MPO,2018-05-04,2018,36.01833,-86.7083,False,0,0,0,,,,,,,,
101999540,Crashes_2010_2019_MPO,2018-05-04,2018,35.98454,-86.725,True,0,0,0,,,,,,,,
102001053,Crashes_2010_2019_MPO,2018-05-05,2018,36.02438,-86.72289,False,0,0,0,,,,,,,,
102001300,Crashes_2010_2019_MPO,2018-05-05,2018,36.0404,-86.71152,False,0,0,0,,,,,,,,
102000808,Crashes_2010_2019_MPO,2018-05-05,2018,35.94543,-86.82792,False,0,0,0,,,,,,,,
102001362,Crashes_2010_2019_MPO,2018-05-05,2018,36.0265,-86.79252,True,0,0,0,,,,,,,,
102000671,Crashes_2010_2019_MPO,2018-05-05,2018,35.92641,-86.82447,False,0,0,0,,,,,,,,
102000244,Crashes_2010_2019_MPO,2018-05-05,2018,35.93901,-86.82166,False,0,0,0,,,,,,,,
102002378,Crashes_2010_2019_MPO,2018-05-05,2018,35.99006,-86.74539,True,0,0,0,,,,,,,,
102000799,Crashes_2010_2019_MPO,2018-05-05,2018,36.0326,-86.7837,True,0,0,0,,,,,,,,
102001493,Crashes_2010_2019_MPO,2018-05-05,2018,35.93446,-86.81991,False,0,0,0,,,,,,,,
102000701,Crashes_2010_2019_MPO,2018-05-05,2018,36.02548,-86.7126,False,0,0,0,,,,,,,,
102000644,Crashes_2010_2019_MPO,2018-05-05,2018,35.97752,-86.77512,True,0,0,0,,,,,,,,
102004877,Crashes_2010_2019_MPO,2018-05-05,2018,36.03441,-86.78336,True,0,0,0,,,,,,,,
102000277,Crashes_2010_2019_MPO,2018-05-05,2018,36.04129,-86.82212,False,0,0,0,,,,,,,,
102002139,Crashes_2010_2019_MPO,2018-05-06,2018,35.92958,-86.84251,False,0,0,0,,,,,,,,
102002190,Crashes_2010_2019_MPO,2018-05-06,2018,35.92955,-86.84264,False,0,0,0,,,,,,,,
102003739,Crashes_2010_2019_MPO,2018-05-06,2018,36.00593,-86.86266,False,0,0,0,,,,,,,,
102001652,Crashes_2010_2019_MPO,2018-05-06,2018,35.99381,-86.76074,True,0,0,0,,,,,,,,
102002296,Crashes_2010_2019_MPO,2018-05-06,2018,35.95263,-86.81795,False,0,0,0,,,,,,,,
102003420,Crashes_2010_2019_MPO,2018-05-06,2018,35.99061,-86.79758,True,0,0,0,,,,,,,,
102002268,Crashes_2010_2019_MPO,2018-05-06,2018,36.04537,-86.71326,False,0,0,0,,,,,,,,
102001959,Crashes_2010_2019_MPO,2018-05-06,2018,35.99781,-86.79886,True,0,0,0,,,,,,,,
102002893,Crashes_2010_2019_MPO,2018-05-06,2018,36.02606,-86.87904,False,0,0,0,,,,,,,,
102002137,Crashes_2010_2019_MPO,2018-05-06,2018,36.04042,-86.74533,False,0,0,0,,,,,,,,