record_no,source_layer,collision_ts,crash_year,latitude,longitude,in_city,fatalities,non_motorists,truck_involved,serious_injuries,pedestrian,bicycle,crash_type,manner_of_collision,lighting,weather,first_harmful_event
102002293,Crashes_2010_2019_MPO,2018-05-06,2018,35.95661,-86.81119,False,0,0,0,,,,,,,,
102002239,Crashes_2010_2019_MPO,2018-05-06,2018,36.0345,-86.7833,True,0,0,0,,,,,,,,
102003031,Crashes_2010_2019_MPO,2018-05-07,2018,36.03326,-86.78489,True,0,0,0,,,,,,,,
102002637,Crashes_2010_2019_MPO,2018-05-07,2018,36.03821,-86.8009,False,0,0,0,,,,,,,,
102003365,Crashes_2010_2019_MPO,2018-05-07,2018,35.97625,-86.82846,True,0,0,0,,,,,,,,
102002922,Crashes_2010_2019_MPO,2018-05-07,2018,36.04585,-86.71332,False,0,0,0,,,,,,,,
102005880,Crashes_2010_2019_MPO,2018-05-07,2018,36.00395,-86.7188,True,0,0,0,,,,,,,,
102002657,Crashes_2010_2019_MPO,2018-05-07,2018,36.03842,-86.78354,False,0,0,0,,,,,,,,
102003033,Crashes_2010_2019_MPO,2018-05-07,2018,35.95316,-86.82146,False,0,0,0,,,,,,,,
102002563,Crashes_2010_2019_MPO,2018-05-07,2018,35.96198,-86.81518,False,0,0,0,,,,,,,,
102003032,Crashes_2010_2019_MPO,2018-05-07,2018,36.02844,-86.79142,True,0,0,0,,,,,,,,
102002656,Crashes_2010_2019_MPO,2018-05-07,2018,36.04504,-86.72431,False,0,0,0,,,,,,,,
102002638,Crashes_2010_2019_MPO,2018-05-07,2018,36.03337,-86.76883,False,0,0,0,,,,,,,,
102002457,Crashes_2010_2019_MPO,2018-05-07,2018,36.03777,-86.79527,False,0,0,0,,,,,,,,
102003105,Crashes_2010_2019_MPO,2018-05-07,2018,36.03546,-86.78828,True,0,0,0,,,,,,,,
102002970,Crashes_2010_2019_MPO,2018-05-07,2018,35.92265,-86.86991,False,0,0,0,,,,,,,,
102002572,Crashes_2010_2019_MPO,2018-05-07,2018,35.92957,-86.84213,False,0,0,0,,,,,,,,
102004135,Crashes_2010_2019_MPO,2018-05-08,2018,35.94636,-86.80871,False,0,0,0,,,,,,,,
102003536,Crashes_2010_2019_MPO,2018-05-08,2018,35.93131,-86.81972,False,0,0,0,,,,,,,,
102003516,Crashes_2010_2019_MPO,2018-05-08,2018,36.0444,-86.78022,False,0,0,0,,,,,,,,
102004215,Crashes_2010_2019_MPO,2018-05-08,2018,35.92588,-86.86943,False,0,0,0,,,,,,,,
102004114,Crashes_2010_2019_MPO,2018-05-08,2018,36.02596,-86.7432,False,0,0,0,,,,,,,,
102003520,Crashes_2010_2019_MPO,2018-05-08,2018,35.9478,-86.81398,False,0,0,0,,,,,,,,
102004165,Crashes_2010_2019_MPO,2018-05-08,2018,35.95209,-86.81805,False,0,0,0,,,,,,,,
102003526,Crashes_2010_2019_MPO,2018-05-08,2018,36.04003,-86.78126,False,0,0,0,,,,,,,,
102003966,Crashes_2010_2019_MPO,2018-05-08,2018,36.05031,-86.87502,False,0,0,0,,,,,,,,
102004662,Crashes_2010_2019_MPO,2018-05-08,2018,35.93083,-86.84897,False,0,1,0,,,,,,,,
102003535,Crashes_2010_2019_MPO,2018-05-08,2018,35.93076,-86.81991,False,0,0,0,,,,,,,,
102003948,Crashes_2010_2019_MPO,2018-05-08,2018,36.01286,-86.80081,True,0,0,0,,,,,,,,
102003780,Crashes_2010_2019_MPO,2018-05-08,2018,36.03464,-86.80276,True,0,0,0,,,,,,,,
102004661,Crashes_2010_2019_MPO,2018-05-08,2018,35.9551,-86.8259,False,0,0,0,,,,,,,,
102004663,Crashes_2010_2019_MPO,2018-05-08,2018,35.94824,-86.81121,False,0,0,0,,,,,,,,
102003789,Crashes_2010_2019_MPO,2018-05-08,2018,36.03677,-86.78677,False,0,0,0,,,,,,,,
102004120,Crashes_2010_2019_MPO,2018-05-08,2018,35.94979,-86.81932,False,0,0,0,,,,,,,,
102004159,Crashes_2010_2019_MPO,2018-05-08,2018,35.99548,-86.68787,False,0,0,0,,,,,,,,
102003969,Crashes_2010_2019_MPO,2018-05-08,2018,35.96677,-86.81174,True,0,0,0,,,,,,,,
102003534,Crashes_2010_2019_MPO,2018-05-08,2018,35.92593,-86.81666,False,0,0,0,,,,,,,,
102004374,Crashes_2010_2019_MPO,2018-05-08,2018,36.04556,-86.71939,False,0,0,0,,,,,,,,
102005116,Crashes_2010_2019_MPO,2018-05-09,2018,35.99734,-86.79486,True,0,0,0,,,,,,,,
102004484,Crashes_2010_2019_MPO,2018-05-09,2018,36.05046,-86.69908,False,0,0,0,,,,,,,,
102005221,Crashes_2010_2019_MPO,2018-05-09,2018,35.94421,-86.81862,False,0,0,0,,,,,,,,
102005028,Crashes_2010_2019_MPO,2018-05-09,2018,35.93446,-86.81991,False,0,0,0,,,,,,,,
102004732,Crashes_2010_2019_MPO,2018-05-09,2018,36.03747,-86.79098,False,0,0,0,,,,,,,,
102005595,Crashes_2010_2019_MPO,2018-05-09,2018,35.98288,-86.71919,True,0,0,0,,,,,,,,
102005192,Crashes_2010_2019_MPO,2018-05-09,2018,35.9583,-86.8023,False,0,0,0,,,,,,,,
102004901,Crashes_2010_2019_MPO,2018-05-09,2018,35.93215,-86.79441,False,0,0,0,,,,,,,,
102013715,Crashes_2010_2019_MPO,2018-05-09,2018,35.98054,-86.78593,True,0,0,0,,,,,,,,
102005050,Crashes_2010_2019_MPO,2018-05-09,2018,35.92946,-86.84108,False,0,0,0,,,,,,,,
102005241,Crashes_2010_2019_MPO,2018-05-09,2018,36.05049,-86.87668,False,0,0,0,,,,,,,,
102005594,Crashes_2010_2019_MPO,2018-05-09,2018,36.03652,-86.80101,True,0,0,0,,,,,,,,
102005859,Crashes_2010_2019_MPO,2018-05-10,2018,35.94461,-86.81823,False,0,0,0,,,,,,,,
102010521,Crashes_2010_2019_MPO,2018-05-10,2018,35.96372,-86.81053,False,0,0,0,,,,,,,,
102006950,Crashes_2010_2019_MPO,2018-05-10,2018,35.92842,-86.87126,False,0,0,0,,,,,,,,
102005920,Crashes_2010_2019_MPO,2018-05-10,2018,35.93374,-86.81767,False,0,0,0,,,,,,,,
102006520,Crashes_2010_2019_MPO,2018-05-10,2018,36.05064,-86.69078,False,0,0,0,,,,,,,,
102006782,Crashes_2010_2019_MPO,2018-05-10,2018,35.94668,-86.82221,False,0,0,0,,,,,,,,
102006455,Crashes_2010_2019_MPO,2018-05-10,2018,35.96202,-86.81533,False,0,0,0,,,,,,,,
102006444,Crashes_2010_2019_MPO,2018-05-10,2018,35.95944,-86.80185,False,0,0,0,,,,,,,,
102006807,Crashes_2010_2019_MPO,2018-05-10,2018,36.01896,-86.75172,True,0,0,1,,,,,,,,
102005617,Crashes_2010_2019_MPO,2018-05-10,2018,35.92986,-86.86443,False,0,0,0,,,,,,,,
102005873,Crashes_2010_2019_MPO,2018-05-10,2018,36.03679,-86.78677,False,0,0,0,,,,,,,,
102005668,Crashes_2010_2019_MPO,2018-05-10,2018,36.04236,-86.83738,False,0,0,0,,,,,,,,
102006230,Crashes_2010_2019_MPO,2018-05-10,2018,35.94699,-86.81153,False,0,0,0,,,,,,,,
102006681,Crashes_2010_2019_MPO,2018-05-10,2018,35.92755,-86.87423,False,0,0,0,,,,,,,,
102006251,Crashes_2010_2019_MPO,2018-05-10,2018,36.0348,-86.76873,False,0,0,0,,,,,,,,
102019257,Crashes_2010_2019_MPO,2018-05-10,2018,36.04161,-86.74925,False,0,0,0,,,,,,,,
102006260,Crashes_2010_2019_MPO,2018-05-10,2018,36.04526,-86.71433,False,0,0,0,,,,,,,,
102005616,Crashes_2010_2019_MPO,2018-05-10,2018,35.9463,-86.8085,False,0,0,0,,,,,,,,
102005805,Crashes_2010_2019_MPO,2018-05-10,2018,36.04001,-86.74347,False,0,0,0,,,,,,,,
102007727,Crashes_2010_2019_MPO,2018-05-11,2018,35.96798,-86.81833,True,0,0,0,,,,,,,,
102007244,Crashes_2010_2019_MPO,2018-05-11,2018,35.92609,-86.87139,False,0,0,0,,,,,,,,
102010939,Crashes_2010_2019_MPO,2018-05-11,2018,35.96659,-86.81037,True,0,0,0,,,,,,,,
102007872,Crashes_2010_2019_MPO,2018-05-11,2018,36.04244,-86.71309,False,0,0,0,,,,,,,,
102007726,Crashes_2010_2019_MPO,2018-05-11,2018,36.02776,-86.78432,True,0,0,0,,,,,,,,
102007356,Crashes_2010_2019_MPO,2018-05-11,2018,35.92738,-86.8687,False,0,0,0,,,,,,,,
102008047,Crashes_2010_2019_MPO,2018-05-11,2018,35.93778,-86.82832,False,0,0,0,,,,,,,,
102007596,Crashes_2010_2019_MPO,2018-05-11,2018,36.0359,-86.78288,False,0,0,0,,,,,,,,
102007521,Crashes_2010_2019_MPO,2018-05-11,2018,35.93578,-86.8238,False,0,0,0,,,,,,,,
102007575,Crashes_2010_2019_MPO,2018-05-11,2018,36.05145,-86.70271,False,0,0,0,,,,,,,,
102007761,Crashes_2010_2019_MPO,2018-05-11,2018,36.0249,-86.7379,False,0,0,0,,,,,,,,
102008198,Crashes_2010_2019_MPO,2018-05-11,2018,35.95018,-86.81885,False,0,0,0,,,,,,,,
102007783,Crashes_2010_2019_MPO,2018-05-11,2018,36.0409,-86.77938,False,0,0,0,,,,,,,,
102009216,Crashes_2010_2019_MPO,2018-05-11,2018,35.94233,-86.83021,False,0,0,0,,,,,,,,
102009154,Crashes_2010_2019_MPO,2018-05-12,2018,35.94114,-86.83623,False,0,0,0,,,,,,,,
102008231,Crashes_2010_2019_MPO,2018-05-12,2018,35.9524,-86.81777,False,0,1,0,,,,,,,,
102008603,Crashes_2010_2019_MPO,2018-05-12,2018,36.02188,-86.81464,True,0,0,0,,,,,,,,
102008487,Crashes_2010_2019_MPO,2018-05-12,2018,35.92282,-86.79625,False,0,0,0,,,,,,,,
102008052,Crashes_2010_2019_MPO,2018-05-12,2018,35.95162,-86.80666,False,0,0,0,,,,,,,,
102009033,Crashes_2010_2019_MPO,2018-05-12,2018,35.98576,-86.67993,False,0,0,0,,,,,,,,
102009931,Crashes_2010_2019_MPO,2018-05-13,2018,36.02519,-86.72324,False,0,0,0,,,,,,,,
102009875,Crashes_2010_2019_MPO,2018-05-13,2018,36.04528,-86.71416,False,0,0,0,,,,,,,,
102010006,Crashes_2010_2019_MPO,2018-05-13,2018,36.0146,-86.7858,True,0,0,0,,,,,,,,
102009377,Crashes_2010_2019_MPO,2018-05-13,2018,36.04715,-86.71468,False,0,0,0,,,,,,,,
102009253,Crashes_2010_2019_MPO,2018-05-13,2018,36.04531,-86.70178,False,0,0,0,,,,,,,,
102009688,Crashes_2010_2019_MPO,2018-05-13,2018,36.04543,-86.70361,False,0,0,0,,,,,,,,
102009703,Crashes_2010_2019_MPO,2018-05-13,2018,35.99538,-86.77754,True,0,0,0,,,,,,,,
102010824,Crashes_2010_2019_MPO,2018-05-14,2018,36.01161,-86.80898,True,0,0,0,,,,,,,,
102010702,Crashes_2010_2019_MPO,2018-05-14,2018,35.92902,-86.84737,False,0,0,0,,,,,,,,
102010290,Crashes_2010_2019_MPO,2018-05-14,2018,36.04423,-86.78094,False,0,0,0,,,,,,,,
102010515,Crashes_2010_2019_MPO,2018-05-14,2018,35.94568,-86.82317,False,0,0,0,,,,,,,,
102010422,Crashes_2010_2019_MPO,2018-05-14,2018,36.04168,-86.71122,False,0,0,0,,,,,,,,
102010164,Crashes_2010_2019_MPO,2018-05-14,2018,35.98392,-86.72226,True,0,0,0,,,,,,,,
102010325,Crashes_2010_2019_MPO,2018-05-14,2018,36.04739,-86.7135,False,0,0,0,,,,,,,,
102010287,Crashes_2010_2019_MPO,2018-05-14,2018,35.94338,-86.85449,False,0,0,0,,,,,,,,
102010604,Crashes_2010_2019_MPO,2018-05-14,2018,35.94778,-86.81994,False,0,0,0,,,,,,,,
102010852,Crashes_2010_2019_MPO,2018-05-14,2018,36.02406,-86.7396,False,0,0,0,,,,,,,,
102010830,Crashes_2010_2019_MPO,2018-05-14,2018,36.031,-86.74994,False,0,0,0,,,,,,,,
102011190,Crashes_2010_2019_MPO,2018-05-14,2018,35.95161,-86.73411,True,0,0,0,,,,,,,,
102010169,Crashes_2010_2019_MPO,2018-05-14,2018,35.93282,-86.86223,False,0,0,0,,,,,,,,
102010703,Crashes_2010_2019_MPO,2018-05-14,2018,36.04563,-86.77837,False,0,0,0,,,,,,,,
102010701,Crashes_2010_2019_MPO,2018-05-14,2018,35.92702,-86.86591,False,0,0,0,,,,,,,,
102010423,Crashes_2010_2019_MPO,2018-05-14,2018,35.99102,-86.68334,False,0,0,0,,,,,,,,
102012745,Crashes_2010_2019_MPO,2018-05-14,2018,35.94667,-86.85185,False,0,0,0,,,,,,,,
102010474,Crashes_2010_2019_MPO,2018-05-14,2018,36.03516,-86.8171,True,0,0,0,,,,,,,,
102011629,Crashes_2010_2019_MPO,2018-05-15,2018,36.00849,-86.78639,True,0,0,1,,,,,,,,
102011708,Crashes_2010_2019_MPO,2018-05-15,2018,35.92919,-86.82044,False,0,0,0,,,,,,,,
102011227,Crashes_2010_2019_MPO,2018-05-15,2018,35.99635,-86.79715,True,0,0,0,,,,,,,,
102012036,Crashes_2010_2019_MPO,2018-05-15,2018,35.96705,-86.81355,True,0,0,0,,,,,,,,
102015728,Crashes_2010_2019_MPO,2018-05-15,2018,36.036415,-86.787049,False,0,0,0,,,,,,,,
102011358,Crashes_2010_2019_MPO,2018-05-15,2018,35.99079,-86.75111,True,0,0,0,,,,,,,,
102011946,Crashes_2010_2019_MPO,2018-05-15,2018,36.04605,-86.69236,False,0,0,0,,,,,,,,
102011784,Crashes_2010_2019_MPO,2018-05-15,2018,35.93424,-86.81804,False,0,0,0,,,,,,,,
102012747,Crashes_2010_2019_MPO,2018-05-15,2018,35.92587,-86.79387,False,0,0,0,,,,,,,,
102011623,Crashes_2010_2019_MPO,2018-05-15,2018,35.93756,-86.76809,False,0,0,0,,,,,,,,
102011289,Crashes_2010_2019_MPO,2018-05-15,2018,35.99922,-86.80923,True,0,0,0,,,,,,,,
102012077,Crashes_2010_2019_MPO,2018-05-15,2018,35.99668,-86.82852,True,0,0,0,,,,,,,,
102014820,Crashes_2010_2019_MPO,2018-05-15,2018,35.9858,-86.67928,False,0,0,0,,,,,,,,
102012190,Crashes_2010_2019_MPO,2018-05-15,2018,35.99734,-86.79486,True,0,0,0,,,,,,,,
102012168,Crashes_2010_2019_MPO,2018-05-16,2018,36.04537,-86.71326,False,0,0,0,,,,,,,,
102012492,Crashes_2010_2019_MPO,2018-05-16,2018,35.94893,-86.8198,False,0,0,0,,,,,,,,
102012490,Crashes_2010_2019_MPO,2018-05-16,2018,35.94616,-86.80856,False,0,0,0,,,,,,,,
102012763,Crashes_2010_2019_MPO,2018-05-16,2018,35.93191,-86.794,False,0,0,0,,,,,,,,
102012247,Crashes_2010_2019_MPO,2018-05-16,2018,35.96665,-86.80932,True,0,0,0,,,,,,,,
102015863,Crashes_2010_2019_MPO,2018-05-16,2018,35.966705,-86.809129,True,0,0,0,,,,,,,,
102012465,Crashes_2010_2019_MPO,2018-05-16,2018,36.03685,-86.78674,False,0,0,0,,,,,,,,
102012740,Crashes_2010_2019_MPO,2018-05-16,2018,36.04119,-86.77669,False,0,0,0,,,,,,,,
102012648,Crashes_2010_2019_MPO,2018-05-16,2018,35.96518,-86.80029,True,0,0,0,,,,,,,,
102012491,Crashes_2010_2019_MPO,2018-05-16,2018,35.95807,-86.80259,False,0,0,0,,,,,,,,
102013273,Crashes_2010_2019_MPO,2018-05-16,2018,35.96747,-86.81602,True,0,0,0,,,,,,,,
102012998,Crashes_2010_2019_MPO,2018-05-16,2018,36.02432,-86.74238,False,0,0,0,,,,,,,,
102013305,Crashes_2010_2019_MPO,2018-05-16,2018,35.99523,-86.79754,True,0,0,0,,,,,,,,
102012265,Crashes_2010_2019_MPO,2018-05-16,2018,35.99551,-86.77887,True,0,0,0,,,,,,,,
102012331,Crashes_2010_2019_MPO,2018-05-16,2018,35.96674,-86.81365,True,0,0,0,,,,,,,,
102012761,Crashes_2010_2019_MPO,2018-05-16,2018,36.03256,-86.7687,False,0,0,0,,,,,,,,
102012242,Crashes_2010_2019_MPO,2018-05-16,2018,35.99421,-86.76444,True,0,0,0,,,,,,,,
102012464,Crashes_2010_2019_MPO,2018-05-16,2018,36.04561,-86.71977,False,0,0,0,,,,,,,,
102012493,Crashes_2010_2019_MPO,2018-05-16,2018,36.01233,-86.67931,False,0,0,0,,,,,,,,
102013107,Crashes_2010_2019_MPO,2018-05-16,2018,35.9968,-86.797,True,0,0,0,,,,,,,,
102012364,Crashes_2010_2019_MPO,2018-05-16,2018,36.04108,-86.71265,False,0,0,0,,,,,,,,
102013488,Crashes_2010_2019_MPO,2018-05-17,2018,36.05313,-86.71486,False,0,0,0,,,,,,,,
102014633,Crashes_2010_2019_MPO,2018-05-17,2018,36.0359,-86.78725,True,0,0,0,,,,,,,,
102013882,Crashes_2010_2019_MPO,2018-05-17,2018,35.92826,-86.76711,False,0,0,0,,,,,,,,
102013666,Crashes_2010_2019_MPO,2018-05-17,2018,36.03393,-86.78839,True,0,0,0,,,,,,,,
102014347,Crashes_2010_2019_MPO,2018-05-17,2018,36.03421,-86.78338,True,0,0,0,,,,,,,,
102013937,Crashes_2010_2019_MPO,2018-05-17,2018,36.0147,-86.72588,False,0,0,0,,,,,,,,
102013525,Crashes_2010_2019_MPO,2018-05-17,2018,36.05335,-86.72482,False,0,0,0,,,,,,,,
102013068,Crashes_2010_2019_MPO,2018-05-17,2018,35.94922,-86.68667,False,0,0,0,,,,,,,,
102013787,Crashes_2010_2019_MPO,2018-05-17,2018,35.95577,-86.83065,False,0,0,0,,,,,,,,
102013281,Crashes_2010_2019_MPO,2018-05-17,2018,36.03934,-86.78566,False,0,0,0,,,,,,,,
102013939,Crashes_2010_2019_MPO,2018-05-17,2018,36.03484,-86.76873,False,0,0,0,,,,,,,,
102014125,Crashes_2010_2019_MPO,2018-05-17,2018,35.95293,-86.81219,False,0,0,0,,,,,,,,
102013714,Crashes_2010_2019_MPO,2018-05-17,2018,35.92356,-86.81869,False,0,0,0,,,,,,,,
102013936,Crashes_2010_2019_MPO,2018-05-17,2018,36.02547,-86.71305,False,0,0,0,,,,,,,,
102014444,Crashes_2010_2019_MPO,2018-05-17,2018,35.94055,-86.83919,False,0,0,0,,,,,,,,
102013782,Crashes_2010_2019_MPO,2018-05-17,2018,36.03277,-86.77103,False,0,0,0,,,,,,,,
102013843,Crashes_2010_2019_MPO,2018-05-17,2018,36.03066,-86.78358,True,0,0,0,,,,,,,,
102013581,Crashes_2010_2019_MPO,2018-05-17,2018,35.93127,-86.87663,False,0,0,0,,,,,,,,
102013805,Crashes_2010_2019_MPO,2018-05-17,2018,35.96538,-86.79788,True,0,0,0,,,,,,,,
102013660,Crashes_2010_2019_MPO,2018-05-17,2018,36.0409,-86.77938,False,0,0,0,,,,,,,,
102013317,Crashes_2010_2019_MPO,2018-05-17,2018,36.04739,-86.86305,False,0,0,0,,,,,,,,
102013830,Crashes_2010_2019_MPO,2018-05-17,2018,35.96705,-86.81355,True,0,0,0,,,,,,,,
102013221,Crashes_2010_2019_MPO,2018-05-17,2018,35.99583,-86.78225,True,0,0,0,,,,,,,,
102013399,Crashes_2010_2019_MPO,2018-05-17,2018,36.03652,-86.80101,True,0,0,0,,,,,,,,
102014681,Crashes_2010_2019_MPO,2018-05-18,2018,36.01439,-86.73915,False,0,0,0,,,,,,,,
102014942,Crashes_2010_2019_MPO,2018-05-18,2018,35.98593,-86.80075,True,0,0,0,,,,,,,,
102014987,Crashes_2010_2019_MPO,2018-05-18,2018,36.03318,-86.78282,True,0,0,0,,,,,,,,
102014355,Crashes_2010_2019_MPO,2018-05-18,2018,35.93041,-86.81996,False,0,0,0,,,,,,,,
102014453,Crashes_2010_2019_MPO,2018-05-18,2018,35.9583,-86.8023,False,0,0,0,,,,,,,,
102026758,Crashes_2010_2019_MPO,2018-05-18,2018,35.93396,-86.71793,False,0,0,0,,,,,,,,
102014838,Crashes_2010_2019_MPO,2018-05-18,2018,35.96721,-86.8135,True,0,0,0,,,,,,,,
102016317,Crashes_2010_2019_MPO,2018-05-18,2018,35.92269,-86.84956,False,0,0,0,,,,,,,,
102014852,Crashes_2010_2019_MPO,2018-05-18,2018,36.02496,-86.713,False,0,0,0,,,,,,,,
102015237,Crashes_2010_2019_MPO,2018-05-18,2018,35.94939,-86.81958,False,0,0,0,,,,,,,,
102016523,Crashes_2010_2019_MPO,2018-05-18,2018,35.93215,-86.79441,False,0,0,0,,,,,,,,
102016222,Crashes_2010_2019_MPO,2018-05-18,2018,35.95109,-86.8078,False,0,0,0,,,,,,,,
102015781,Crashes_2010_2019_MPO,2018-05-19,2018,36.03925,-86.71285,False,0,0,0,,,,,,,,
102015651,Crashes_2010_2019_MPO,2018-05-19,2018,35.9526,-86.81256,False,0,0,0,,,,,,,,
102016014,Crashes_2010_2019_MPO,2018-05-19,2018,35.92391,-86.87162,False,0,0,0,,,,,,,,
102016795,Crashes_2010_2019_MPO,2018-05-19,2018,35.96416,-86.81224,False,0,0,0,,,,,,,,
102016202,Crashes_2010_2019_MPO,2018-05-19,2018,36.03996,-86.78092,False,0,0,0,,,,,,,,
102016386,Crashes_2010_2019_MPO,2018-05-19,2018,35.9586,-86.7126,False,0,0,0,,,,,,,,
102016460,Crashes_2010_2019_MPO,2018-05-19,2018,36.03318,-86.78282,True,0,0,0,,,,,,,,
102015805,Crashes_2010_2019_MPO,2018-05-19,2018,36.04884,-86.71631,False,0,0,0,,,,,,,,
102016324,Crashes_2010_2019_MPO,2018-05-19,2018,35.96984,-86.72467,True,0,0,0,,,,,,,,
102015974,Crashes_2010_2019_MPO,2018-05-19,2018,36.04293,-86.84164,False,0,0,1,,,,,,,,
102016067,Crashes_2010_2019_MPO,2018-05-19,2018,35.96687,-86.81361,True,0,0,0,,,,,,,,
102015778,Crashes_2010_2019_MPO,2018-05-19,2018,36.03724,-86.71323,False,0,0,0,,,,,,,,
102017085,Crashes_2010_2019_MPO,2018-05-20,2018,35.94995,-86.81901,False,0,0,0,,,,,,,,
102016982,Crashes_2010_2019_MPO,2018-05-20,2018,36.04521,-86.74394,False,0,0,0,,,,,,,,
102017106,Crashes_2010_2019_MPO,2018-05-20,2018,35.95842,-86.80311,False,0,0,0,,,,,,,,
102016962,Crashes_2010_2019_MPO,2018-05-20,2018,36.00644,-86.78849,True,0,0,0,,,,,,,,
102017852,Crashes_2010_2019_MPO,2018-05-20,2018,36.01662,-86.78627,True,0,0,0,,,,,,,,
102017003,Crashes_2010_2019_MPO,2018-05-20,2018,35.9956,-86.77984,True,0,0,0,,,,,,,,
102017165,Crashes_2010_2019_MPO,2018-05-20,2018,36.04755,-86.77511,False,0,0,0,,,,,,,,
102017067,Crashes_2010_2019_MPO,2018-05-20,2018,35.94429,-86.81993,False,0,0,0,,,,,,,,
102017241,Crashes_2010_2019_MPO,2018-05-20,2018,36.05058,-86.70041,False,0,0,0,,,,,,,,
102017157,Crashes_2010_2019_MPO,2018-05-20,2018,36.04929,-86.76177,False,0,0,0,,,,,,,,
102016335,Crashes_2010_2019_MPO,2018-05-20,2018,36.0473,-86.86274,False,0,0,0,,,,,,,,
102018596,Crashes_2010_2019_MPO,2018-05-20,2018,35.98053,-86.82245,True,0,0,0,,,,,,,,
102017434,Crashes_2010_2019_MPO,2018-05-21,2018,35.96688,-86.81117,True,0,0,0,,,,,,,,
102017523,Crashes_2010_2019_MPO,2018-05-21,2018,36.04001,-86.74347,False,0,0,0,,,,,,,,
102017450,Crashes_2010_2019_MPO,2018-05-21,2018,35.95806,-86.76773,True,0,0,0,,,,,,,,
102017456,Crashes_2010_2019_MPO,2018-05-21,2018,35.93697,-86.82269,False,0,0,0,,,,,,,,
102020997,Crashes_2010_2019_MPO,2018-05-21,2018,35.93426,-86.86005,False,0,0,0,,,,,,,,
102017778,Crashes_2010_2019_MPO,2018-05-21,2018,35.94736,-86.82103,False,0,0,0,,,,,,,,
102017994,Crashes_2010_2019_MPO,2018-05-21,2018,36.04031,-86.78088,False,0,0,0,,,,,,,,
102017395,Crashes_2010_2019_MPO,2018-05-21,2018,36.044,-86.69342,False,0,0,0,,,,,,,,
102017997,Crashes_2010_2019_MPO,2018-05-21,2018,36.03688,-86.81794,True,0,0,0,,,,,,,,
102018021,Crashes_2010_2019_MPO,2018-05-21,2018,36.04077,-86.7728,False,0,0,0,,,,,,,,
102017800,Crashes_2010_2019_MPO,2018-05-21,2018,35.93198,-86.79308,False,0,0,0,,,,,,,,
102019058,Crashes_2010_2019_MPO,2018-05-21,2018,35.99475,-86.76957,True,0,0,0,,,,,,,,
102017908,Crashes_2010_2019_MPO,2018-05-21,2018,36.0332,-86.78551,True,0,0,0,,,,,,,,
102018022,Crashes_2010_2019_MPO,2018-05-21,2018,35.99687,-86.68989,False,0,0,0,,,,,,,,
102019120,Crashes_2010_2019_MPO,2018-05-22,2018,36.03311,-86.77421,False,0,0,0,,,,,,,,
102018937,Crashes_2010_2019_MPO,2018-05-22,2018,36.0488,-86.68615,False,0,0,0,,,,,,,,
102018398,Crashes_2010_2019_MPO,2018-05-22,2018,36.00492,-86.79005,True,0,0,0,,,,,,,,
102018723,Crashes_2010_2019_MPO,2018-05-22,2018,35.94291,-86.82002,False,0,0,0,,,,,,,,
102018595,Crashes_2010_2019_MPO,2018-05-22,2018,36.03789,-86.78466,False,0,0,0,,,,,,,,
102018379,Crashes_2010_2019_MPO,2018-05-22,2018,36.01785,-86.84677,True,0,0,0,,,,,,,,
102019255,Crashes_2010_2019_MPO,2018-05-22,2018,36.04543,-86.70361,False,0,1,0,,,,,,,,
102018922,Crashes_2010_2019_MPO,2018-05-22,2018,35.99841,-86.80399,True,0,0,0,,,,,,,,
102018383,Crashes_2010_2019_MPO,2018-05-22,2018,36.04028,-86.76837,False,0,0,0,,,,,,,,
102019057,Crashes_2010_2019_MPO,2018-05-22,2018,36.0407,-86.77974,False,0,0,0,,,,,,,,
102019034,Crashes_2010_2019_MPO,2018-05-22,2018,36.04068,-86.77192,False,0,0,0,,,,,,,,
102018417,Crashes_2010_2019_MPO,2018-05-22,2018,35.96052,-86.80956,False,0,0,0,,,,,,,,
102019119,Crashes_2010_2019_MPO,2018-05-22,2018,36.04217,-86.72651,False,0,0,0,,,,,,,,
102018905,Crashes_2010_2019_MPO,2018-05-22,2018,35.92391,-86.87162,False,0,0,0,,,,,,,,
102019211,Crashes_2010_2019_MPO,2018-05-22,2018,35.94541,-86.81505,False,0,0,1,,,,,,,,
102018375,Crashes_2010_2019_MPO,2018-05-22,2018,36.03674,-86.78679,False,0,0,0,,,,,,,,
102018915,Crashes_2010_2019_MPO,2018-05-22,2018,36.01286,-86.80081,True,0,0,0,,,,,,,,
102018545,Crashes_2010_2019_MPO,2018-05-22,2018,35.93784,-86.7068,False,0,0,0,,,,,,,,
102018413,Crashes_2010_2019_MPO,2018-05-22,2018,35.9317,-86.7437,False,0,0,0,,,,,,,,
102019121,Crashes_2010_2019_MPO,2018-05-22,2018,36.03738,-86.78586,False,0,0,0,,,,,,,,
102019386,Crashes_2010_2019_MPO,2018-05-22,2018,35.998105,-86.794633,True,0,0,0,,,,,,,,
102019029,Crashes_2010_2019_MPO,2018-05-22,2018,36.01778,-86.78634,True,0,0,0,,,,,,,,
102019059,Crashes_2010_2019_MPO,2018-05-22,2018,35.96721,-86.8135,True,0,0,0,,,,,,,,
102019485,Crashes_2010_2019_MPO,2018-05-22,2018,35.97593,-86.85824,False,0,0,0,,,,,,,,
102020160,Crashes_2010_2019_MPO,2018-05-23,2018,35.95748,-86.80251,False,0,0,0,,,,,,,,
102020665,Crashes_2010_2019_MPO,2018-05-23,2018,35.96207,-86.80097,True,0,0,0,,,,,,,,
102019979,Crashes_2010_2019_MPO,2018-05-23,2018,35.94587,-86.8233,False,0,0,0,,,,,,,,
102020170,Crashes_2010_2019_MPO,2018-05-23,2018,36.03729,-86.79099,False,0,0,0,,,,,,,,
102020114,Crashes_2010_2019_MPO,2018-05-23,2018,35.95173,-86.80751,False,0,0,0,,,,,,,,
102020171,Crashes_2010_2019_MPO,2018-05-23,2018,36.0387,-86.73097,False,0,0,0,,,,,,,,