record_no,source_layer,collision_ts,crash_year,latitude,longitude,in_city,fatalities,non_motorists,truck_involved,serious_injuries,pedestrian,bicycle,crash_type,manner_of_collision,lighting,weather,first_harmful_event
102019574,Crashes_2010_2019_MPO,2018-05-23,2018,36.04796,-86.86512,False,0,0,0,,,,,,,,
102019514,Crashes_2010_2019_MPO,2018-05-23,2018,36.03452,-86.78556,True,0,0,0,,,,,,,,
102019438,Crashes_2010_2019_MPO,2018-05-23,2018,35.99863,-86.80954,True,0,0,0,,,,,,,,
102019563,Crashes_2010_2019_MPO,2018-05-23,2018,35.95526,-86.82588,False,0,0,0,,,,,,,,
102020172,Crashes_2010_2019_MPO,2018-05-23,2018,36.04003,-86.74379,False,0,0,0,,,,,,,,
102020227,Crashes_2010_2019_MPO,2018-05-23,2018,35.96372,-86.81053,False,0,0,0,,,,,,,,
102020116,Crashes_2010_2019_MPO,2018-05-23,2018,36.04544,-86.71847,False,0,0,0,,,,,,,,
102019858,Crashes_2010_2019_MPO,2018-05-23,2018,36.03553,-86.81704,True,0,0,0,,,,,,,,
102020137,Crashes_2010_2019_MPO,2018-05-23,2018,36.04717,-86.71198,False,0,0,0,,,,,,,,
102019471,Crashes_2010_2019_MPO,2018-05-23,2018,35.96417,-86.78519,True,0,0,0,,,,,,,,
102022417,Crashes_2010_2019_MPO,2018-05-24,2018,35.92826,-86.82454,False,0,0,0,,,,,,,,
102021124,Crashes_2010_2019_MPO,2018-05-24,2018,35.95721,-86.84339,False,0,0,0,,,,,,,,
102021082,Crashes_2010_2019_MPO,2018-05-24,2018,35.94621,-86.8268,False,0,0,0,,,,,,,,
102021185,Crashes_2010_2019_MPO,2018-05-24,2018,36.04543,-86.70361,False,0,0,0,,,,,,,,
102020571,Crashes_2010_2019_MPO,2018-05-24,2018,35.934,-86.81878,False,0,0,0,,,,,,,,
102025374,Crashes_2010_2019_MPO,2018-05-24,2018,36.01057,-86.78532,True,0,0,0,,,,,,,,
102021081,Crashes_2010_2019_MPO,2018-05-24,2018,35.93562,-86.82387,False,0,0,0,,,,,,,,
102020352,Crashes_2010_2019_MPO,2018-05-24,2018,35.9816,-86.75196,True,0,0,0,,,,,,,,
102021049,Crashes_2010_2019_MPO,2018-05-24,2018,35.9667,-86.81121,True,0,0,0,,,,,,,,
102021080,Crashes_2010_2019_MPO,2018-05-24,2018,35.94687,-86.85168,False,0,0,0,,,,,,,,
102020622,Crashes_2010_2019_MPO,2018-05-24,2018,36.0481,-86.73169,False,0,0,0,,,,,,,,
102021048,Crashes_2010_2019_MPO,2018-05-24,2018,36.03686,-86.80184,True,0,0,0,,,,,,,,
102020909,Crashes_2010_2019_MPO,2018-05-24,2018,36.03219,-86.78512,True,0,0,0,,,,,,,,
102021615,Crashes_2010_2019_MPO,2018-05-25,2018,36.0453,-86.70168,False,0,0,0,,,,,,,,
102021606,Crashes_2010_2019_MPO,2018-05-25,2018,36.03892,-86.78274,False,0,0,0,,,,,,,,
102022925,Crashes_2010_2019_MPO,2018-05-25,2018,35.95277,-86.84695,False,0,0,0,,,,,,,,
102022923,Crashes_2010_2019_MPO,2018-05-25,2018,35.9583,-86.8023,False,0,0,0,,,,,,,,
102022418,Crashes_2010_2019_MPO,2018-05-25,2018,35.94687,-86.85168,False,0,0,0,,,,,,,,
102022148,Crashes_2010_2019_MPO,2018-05-25,2018,36.04028,-86.78047,False,0,0,0,,,,,,,,
102022223,Crashes_2010_2019_MPO,2018-05-25,2018,36.04259,-86.71295,False,0,0,0,,,,,,,,
102022225,Crashes_2010_2019_MPO,2018-05-25,2018,35.99765,-86.79742,True,0,0,0,,,,,,,,
102021808,Crashes_2010_2019_MPO,2018-05-25,2018,36.03404,-86.78833,True,0,0,0,,,,,,,,
102021636,Crashes_2010_2019_MPO,2018-05-25,2018,35.99734,-86.79486,True,0,0,0,,,,,,,,
102022924,Crashes_2010_2019_MPO,2018-05-25,2018,35.94753,-86.82007,False,0,0,0,,,,,,,,
102022438,Crashes_2010_2019_MPO,2018-05-25,2018,36.0309,-86.76846,False,0,0,0,,,,,,,,
102023241,Crashes_2010_2019_MPO,2018-05-26,2018,35.92738,-86.8687,False,0,0,0,,,,,,,,
102023325,Crashes_2010_2019_MPO,2018-05-26,2018,35.96578,-86.81145,False,0,0,0,,,,,,,,
102023459,Crashes_2010_2019_MPO,2018-05-26,2018,35.99433,-86.76552,True,0,0,0,,,,,,,,
102023369,Crashes_2010_2019_MPO,2018-05-26,2018,35.94983,-86.81908,False,0,0,0,,,,,,,,
102023153,Crashes_2010_2019_MPO,2018-05-26,2018,35.95935,-86.80209,False,0,0,0,,,,,,,,
102023569,Crashes_2010_2019_MPO,2018-05-26,2018,36.04369,-86.77984,False,0,0,0,,,,,,,,
102025970,Crashes_2010_2019_MPO,2018-05-27,2018,35.92354,-86.76702,False,0,0,0,,,,,,,,
102024897,Crashes_2010_2019_MPO,2018-05-27,2018,36.0347,-86.7834,True,0,0,0,,,,,,,,
102024904,Crashes_2010_2019_MPO,2018-05-27,2018,36.03076,-86.74395,False,0,0,0,,,,,,,,
102024081,Crashes_2010_2019_MPO,2018-05-27,2018,36.04718,-86.86223,False,0,0,0,,,,,,,,
102024707,Crashes_2010_2019_MPO,2018-05-27,2018,35.94203,-86.85555,False,0,0,0,,,,,,,,
102024077,Crashes_2010_2019_MPO,2018-05-27,2018,36.03664,-86.71331,False,0,0,0,,,,,,,,
102024804,Crashes_2010_2019_MPO,2018-05-27,2018,35.96596,-86.81142,False,0,0,0,,,,,,,,
102025953,Crashes_2010_2019_MPO,2018-05-28,2018,35.99,-86.82922,False,0,0,0,,,,,,,,
102026000,Crashes_2010_2019_MPO,2018-05-28,2018,36.00488,-86.77071,True,0,0,0,,,,,,,,
102025847,Crashes_2010_2019_MPO,2018-05-28,2018,36.02372,-86.72339,False,0,0,0,,,,,,,,
102025980,Crashes_2010_2019_MPO,2018-05-28,2018,36.03735,-86.78712,False,0,0,0,,,,,,,,
102025915,Crashes_2010_2019_MPO,2018-05-28,2018,36.03664,-86.70606,False,0,0,0,,,,,,,,
102026773,Crashes_2010_2019_MPO,2018-05-28,2018,35.96133,-86.81226,False,0,0,0,,,,,,,,
102026433,Crashes_2010_2019_MPO,2018-05-28,2018,36.04525,-86.70089,False,0,0,0,,,,,,,,
102025983,Crashes_2010_2019_MPO,2018-05-28,2018,36.0354,-86.78324,False,0,0,0,,,,,,,,
102025848,Crashes_2010_2019_MPO,2018-05-28,2018,36.04066,-86.74216,False,0,0,0,,,,,,,,
102027155,Crashes_2010_2019_MPO,2018-05-29,2018,36.01681,-86.7819,True,0,0,0,,,,,,,,
102027180,Crashes_2010_2019_MPO,2018-05-29,2018,35.94941,-86.81955,False,0,0,0,,,,,,,,
102027074,Crashes_2010_2019_MPO,2018-05-29,2018,35.98152,-86.84528,False,0,0,0,,,,,,,,
102027083,Crashes_2010_2019_MPO,2018-05-29,2018,36.0374,-86.78657,False,0,0,0,,,,,,,,
102027259,Crashes_2010_2019_MPO,2018-05-29,2018,35.92505,-86.81485,False,0,0,0,,,,,,,,
102026616,Crashes_2010_2019_MPO,2018-05-29,2018,36.04752,-86.86351,False,0,0,0,,,,,,,,
102027160,Crashes_2010_2019_MPO,2018-05-29,2018,35.992,-86.82832,True,0,0,0,,,,,,,,
102026692,Crashes_2010_2019_MPO,2018-05-29,2018,36.03347,-86.78908,True,0,0,0,,,,,,,,
102026658,Crashes_2010_2019_MPO,2018-05-29,2018,36.05344,-86.77516,False,0,0,0,,,,,,,,
102026653,Crashes_2010_2019_MPO,2018-05-29,2018,35.99493,-86.77878,True,0,0,0,,,,,,,,
102027579,Crashes_2010_2019_MPO,2018-05-29,2018,35.96518,-86.80029,True,0,0,0,,,,,,,,
102027183,Crashes_2010_2019_MPO,2018-05-29,2018,35.96626,-86.81135,False,0,0,0,,,,,,,,
102028159,Crashes_2010_2019_MPO,2018-05-29,2018,36.03491,-86.78332,True,0,0,0,,,,,,,,
102027168,Crashes_2010_2019_MPO,2018-05-29,2018,36.04899,-86.71628,False,0,0,0,,,,,,,,
102027162,Crashes_2010_2019_MPO,2018-05-29,2018,35.965902,-86.805888,True,0,0,0,,,,,,,,
102026627,Crashes_2010_2019_MPO,2018-05-29,2018,35.96176,-86.80176,True,0,0,0,,,,,,,,
102027161,Crashes_2010_2019_MPO,2018-05-29,2018,35.95938,-86.84169,False,0,0,0,,,,,,,,
102027054,Crashes_2010_2019_MPO,2018-05-29,2018,35.97203,-86.80557,True,0,0,1,,,,,,,,
102026837,Crashes_2010_2019_MPO,2018-05-29,2018,36.03455,-86.80281,True,0,0,0,,,,,,,,
102027464,Crashes_2010_2019_MPO,2018-05-29,2018,36.04432,-86.70606,False,0,0,0,,,,,,,,
102028118,Crashes_2010_2019_MPO,2018-05-30,2018,36.00655,-86.80537,True,0,0,0,,,,,,,,
102028244,Crashes_2010_2019_MPO,2018-05-30,2018,36.00775,-86.78713,True,0,0,0,,,,,,,,
102028036,Crashes_2010_2019_MPO,2018-05-30,2018,35.9973,-86.69049,False,0,1,0,,,,,,,,
102028396,Crashes_2010_2019_MPO,2018-05-30,2018,36.04155,-86.74732,False,0,0,0,,,,,,,,
102027657,Crashes_2010_2019_MPO,2018-05-30,2018,36.03517,-86.76871,False,0,0,0,,,,,,,,
102028037,Crashes_2010_2019_MPO,2018-05-30,2018,36.0252,-86.85,True,0,0,0,,,,,,,,
102027711,Crashes_2010_2019_MPO,2018-05-30,2018,36.0473,-86.86274,False,0,0,0,,,,,,,,
102028151,Crashes_2010_2019_MPO,2018-05-30,2018,36.03433,-86.7919,True,0,0,0,,,,,,,,
102028121,Crashes_2010_2019_MPO,2018-05-30,2018,36.02274,-86.68222,False,0,0,0,,,,,,,,
102028248,Crashes_2010_2019_MPO,2018-05-30,2018,36.04327,-86.81597,False,0,0,0,,,,,,,,
102028808,Crashes_2010_2019_MPO,2018-05-31,2018,35.9233,-86.87078,False,0,0,0,,,,,,,,
102029205,Crashes_2010_2019_MPO,2018-05-31,2018,35.97878,-86.75282,True,0,0,0,,,,,,,,
102029185,Crashes_2010_2019_MPO,2018-05-31,2018,35.99809,-86.69159,False,0,0,0,,,,,,,,
102029427,Crashes_2010_2019_MPO,2018-05-31,2018,36.04114,-86.77621,False,0,0,0,,,,,,,,
102028725,Crashes_2010_2019_MPO,2018-05-31,2018,36.04081,-86.86838,True,0,0,0,,,,,,,,
102028866,Crashes_2010_2019_MPO,2018-05-31,2018,36.05373,-86.7145,False,0,0,0,,,,,,,,
102029167,Crashes_2010_2019_MPO,2018-05-31,2018,35.99967,-86.69232,False,0,0,0,,,,,,,,
102029543,Crashes_2010_2019_MPO,2018-05-31,2018,35.96345,-86.83938,False,0,0,0,,,,,,,,
102031245,Crashes_2010_2019_MPO,2018-05-31,2018,35.97438,-86.83209,True,0,0,0,,,,,,,,
102030249,Crashes_2010_2019_MPO,2018-05-31,2018,36.01568,-86.84598,True,0,0,0,,,,,,,,
102028803,Crashes_2010_2019_MPO,2018-05-31,2018,35.92259,-86.87219,False,0,0,0,,,,,,,,
102029795,Crashes_2010_2019_MPO,2018-05-31,2018,35.99758,-86.79678,True,0,0,0,,,,,,,,
102029009,Crashes_2010_2019_MPO,2018-05-31,2018,35.96705,-86.81355,True,0,0,0,,,,,,,,
102029165,Crashes_2010_2019_MPO,2018-05-31,2018,35.96372,-86.81053,False,0,0,0,,,,,,,,
102029240,Crashes_2010_2019_MPO,2018-05-31,2018,35.94443,-86.82028,False,0,0,0,,,,,,,,
102028749,Crashes_2010_2019_MPO,2018-05-31,2018,35.99398,-86.79822,True,0,0,0,,,,,,,,
102030272,Crashes_2010_2019_MPO,2018-06-01,2018,35.9667,-86.81121,True,0,0,0,,,,,,,,
102030281,Crashes_2010_2019_MPO,2018-06-01,2018,35.96198,-86.81518,False,0,0,0,,,,,,,,
102030264,Crashes_2010_2019_MPO,2018-06-01,2018,36.04434,-86.75562,False,0,0,0,,,,,,,,
102033488,Crashes_2010_2019_MPO,2018-06-01,2018,35.946,-86.81949,False,0,0,0,,,,,,,,
102030278,Crashes_2010_2019_MPO,2018-06-01,2018,35.94475,-86.82827,False,0,0,0,,,,,,,,
102030591,Crashes_2010_2019_MPO,2018-06-01,2018,36.04383,-86.71309,False,0,0,0,,,,,,,,
102030279,Crashes_2010_2019_MPO,2018-06-01,2018,35.95015,-86.84906,False,0,0,0,,,,,,,,
102033448,Crashes_2010_2019_MPO,2018-06-01,2018,35.92654,-86.82582,False,0,0,0,,,,,,,,
102032295,Crashes_2010_2019_MPO,2018-06-01,2018,35.92963,-86.82029,False,0,0,1,,,,,,,,
102029454,Crashes_2010_2019_MPO,2018-06-01,2018,36.05151,-86.71436,False,0,0,0,,,,,,,,
102030692,Crashes_2010_2019_MPO,2018-06-01,2018,35.99197,-86.68421,False,0,0,0,,,,,,,,
102030189,Crashes_2010_2019_MPO,2018-06-01,2018,35.99759,-86.79687,True,0,0,0,,,,,,,,
102030181,Crashes_2010_2019_MPO,2018-06-01,2018,36.03772,-86.79475,False,0,0,0,,,,,,,,
102030262,Crashes_2010_2019_MPO,2018-06-01,2018,36.03777,-86.78649,False,0,0,0,,,,,,,,
102030280,Crashes_2010_2019_MPO,2018-06-01,2018,35.95287,-86.81524,False,0,0,0,,,,,,,,
102031026,Crashes_2010_2019_MPO,2018-06-02,2018,35.94765,-86.81971,False,0,0,0,,,,,,,,
102031259,Crashes_2010_2019_MPO,2018-06-02,2018,35.96589,-86.80316,True,0,0,0,,,,,,,,
102031130,Crashes_2010_2019_MPO,2018-06-02,2018,35.96124,-86.81229,False,0,0,0,,,,,,,,
102031212,Crashes_2010_2019_MPO,2018-06-02,2018,36.05493,-86.735,False,0,0,0,,,,,,,,
102031576,Crashes_2010_2019_MPO,2018-06-02,2018,35.96133,-86.81226,False,0,0,0,,,,,,,,
102031381,Crashes_2010_2019_MPO,2018-06-02,2018,36.0409,-86.77938,False,0,0,0,,,,,,,,
102031879,Crashes_2010_2019_MPO,2018-06-03,2018,36.04646,-86.71339,False,0,0,0,,,,,,,,
102032105,Crashes_2010_2019_MPO,2018-06-03,2018,36.0374,-86.78657,False,0,0,0,,,,,,,,
102031776,Crashes_2010_2019_MPO,2018-06-03,2018,36.05142,-86.69975,False,0,0,0,,,,,,,,
102032111,Crashes_2010_2019_MPO,2018-06-03,2018,36.02004,-86.78698,True,0,0,0,,,,,,,,
102032089,Crashes_2010_2019_MPO,2018-06-03,2018,36.03318,-86.78282,True,0,0,0,,,,,,,,
102032586,Crashes_2010_2019_MPO,2018-06-04,2018,35.96913,-86.72791,True,0,0,0,,,,,,,,
102033327,Crashes_2010_2019_MPO,2018-06-04,2018,35.97697,-86.76311,True,0,0,0,,,,,,,,
102032954,Crashes_2010_2019_MPO,2018-06-04,2018,35.93983,-86.82151,False,0,0,0,,,,,,,,
102033045,Crashes_2010_2019_MPO,2018-06-04,2018,36.04149,-86.71098,False,0,0,0,,,,,,,,
102033592,Crashes_2010_2019_MPO,2018-06-04,2018,36.04,-86.71277,False,0,0,0,,,,,,,,
102032550,Crashes_2010_2019_MPO,2018-06-04,2018,35.99759,-86.79684,True,0,0,0,,,,,,,,
102032584,Crashes_2010_2019_MPO,2018-06-04,2018,36.01978,-86.74213,False,0,0,0,,,,,,,,
102033890,Crashes_2010_2019_MPO,2018-06-05,2018,35.93196,-86.87698,False,0,0,0,,,,,,,,
102033711,Crashes_2010_2019_MPO,2018-06-05,2018,36.04117,-86.74648,False,0,0,0,,,,,,,,
102034072,Crashes_2010_2019_MPO,2018-06-05,2018,36.04537,-86.71326,False,0,0,0,,,,,,,,
102033564,Crashes_2010_2019_MPO,2018-06-05,2018,35.96571,-86.807563,False,0,0,0,,,,,,,,
102034343,Crashes_2010_2019_MPO,2018-06-05,2018,35.94583,-86.80889,False,0,0,0,,,,,,,,
102034010,Crashes_2010_2019_MPO,2018-06-05,2018,36.03357,-86.76404,False,0,0,0,,,,,,,,
102036068,Crashes_2010_2019_MPO,2018-06-05,2018,36.03362,-86.78321,True,0,0,0,,,,,,,,
102033991,Crashes_2010_2019_MPO,2018-06-05,2018,35.98913,-86.68168,False,0,0,0,,,,,,,,
102033563,Crashes_2010_2019_MPO,2018-06-05,2018,35.966813,-86.809033,True,0,0,0,,,,,,,,
102035073,Crashes_2010_2019_MPO,2018-06-05,2018,36.03369,-86.7832,True,0,0,0,,,,,,,,
102035313,Crashes_2010_2019_MPO,2018-06-06,2018,36.03389,-86.78738,True,0,0,0,,,,,,,,
102035071,Crashes_2010_2019_MPO,2018-06-06,2018,36.03966,-86.86937,True,0,0,0,,,,,,,,
102034605,Crashes_2010_2019_MPO,2018-06-06,2018,36.00957,-86.70171,False,0,0,0,,,,,,,,
102034504,Crashes_2010_2019_MPO,2018-06-06,2018,35.92373,-86.76683,False,0,0,0,,,,,,,,
102035340,Crashes_2010_2019_MPO,2018-06-06,2018,36.05285,-86.68593,False,0,0,0,,,,,,,,
102041842,Crashes_2010_2019_MPO,2018-06-06,2018,35.94807,-86.8635,False,0,0,0,,,,,,,,
102035074,Crashes_2010_2019_MPO,2018-06-06,2018,35.96705,-86.81355,True,0,0,0,,,,,,,,
102042393,Crashes_2010_2019_MPO,2018-06-06,2018,35.92954,-86.82032,False,0,0,0,,,,,,,,
102041843,Crashes_2010_2019_MPO,2018-06-06,2018,35.93215,-86.79441,False,0,0,0,,,,,,,,
102034385,Crashes_2010_2019_MPO,2018-06-06,2018,36.0409,-86.77938,False,0,0,0,,,,,,,,
102034869,Crashes_2010_2019_MPO,2018-06-06,2018,35.96845,-86.81905,True,0,0,0,,,,,,,,
102035072,Crashes_2010_2019_MPO,2018-06-06,2018,36.03311,-86.78656,True,0,0,0,,,,,,,,
102035157,Crashes_2010_2019_MPO,2018-06-06,2018,36.04152,-86.74961,False,0,0,0,,,,,,,,
102034563,Crashes_2010_2019_MPO,2018-06-06,2018,36.04063,-86.75262,False,0,0,0,,,,,,,,
102035241,Crashes_2010_2019_MPO,2018-06-06,2018,35.92481,-86.86977,False,0,0,0,,,,,,,,
102035239,Crashes_2010_2019_MPO,2018-06-06,2018,35.93557,-86.82364,False,0,0,0,,,,,,,,
102041840,Crashes_2010_2019_MPO,2018-06-06,2018,35.93446,-86.81991,False,0,0,0,,,,,,,,
102035886,Crashes_2010_2019_MPO,2018-06-07,2018,36.02872,-86.7924,True,0,0,1,,,,,,,,
102035674,Crashes_2010_2019_MPO,2018-06-07,2018,36.04471,-86.84767,False,0,0,0,,,,,,,,
102035713,Crashes_2010_2019_MPO,2018-06-07,2018,35.99381,-86.76074,True,0,0,1,,,,,,,,
102036066,Crashes_2010_2019_MPO,2018-06-07,2018,35.92515,-86.87337,False,0,0,0,,,,,,,,
102036338,Crashes_2010_2019_MPO,2018-06-07,2018,36.04023,-86.76788,False,0,0,0,,,,,,,,
102035452,Crashes_2010_2019_MPO,2018-06-07,2018,36.04573,-86.85543,False,0,0,0,,,,,,,,
102068682,Crashes_2010_2019_MPO,2018-06-07,2018,35.9613,-86.80955,False,0,0,0,,,,,,,,
102036335,Crashes_2010_2019_MPO,2018-06-07,2018,36.04048,-86.78101,False,0,0,0,,,,,,,,
102036069,Crashes_2010_2019_MPO,2018-06-07,2018,36.03409,-86.7883,True,0,0,0,,,,,,,,
102035512,Crashes_2010_2019_MPO,2018-06-07,2018,36.04052,-86.78238,False,0,0,0,,,,,,,,
102035716,Crashes_2010_2019_MPO,2018-06-07,2018,35.96681,-86.81119,True,0,0,0,,,,,,,,
102054211,Crashes_2010_2019_MPO,2018-06-07,2018,35.92368,-86.87934,False,0,0,0,,,,,,,,
102036065,Crashes_2010_2019_MPO,2018-06-07,2018,35.94781,-86.81994,False,0,0,0,,,,,,,,
102036899,Crashes_2010_2019_MPO,2018-06-08,2018,35.94133,-86.83806,False,0,0,0,,,,,,,,
102037548,Crashes_2010_2019_MPO,2018-06-08,2018,35.94782,-86.81975,False,0,0,0,,,,,,,,
102037509,Crashes_2010_2019_MPO,2018-06-08,2018,36.05239,-86.77601,False,0,0,0,,,,,,,,
102036968,Crashes_2010_2019_MPO,2018-06-08,2018,35.96688,-86.81117,True,0,0,0,,,,,,,,
102038638,Crashes_2010_2019_MPO,2018-06-08,2018,35.96109,-86.80936,False,0,0,0,,,,,,,,
102036509,Crashes_2010_2019_MPO,2018-06-08,2018,36.0374,-86.78657,False,0,0,0,,,,,,,,
102036631,Crashes_2010_2019_MPO,2018-06-08,2018,36.03551,-86.78748,True,0,0,0,,,,,,,,
102037066,Crashes_2010_2019_MPO,2018-06-08,2018,36.04,-86.71277,False,0,0,0,,,,,,,,
102037517,Crashes_2010_2019_MPO,2018-06-08,2018,35.99597,-86.6908,False,0,0,0,,,,,,,,
102037252,Crashes_2010_2019_MPO,2018-06-08,2018,36.04682,-86.67928,False,0,0,0,,,,,,,,
102036796,Crashes_2010_2019_MPO,2018-06-08,2018,36.04195,-86.78235,False,0,0,0,,,,,,,,
102036888,Crashes_2010_2019_MPO,2018-06-08,2018,36.03759,-86.78652,False,0,0,0,,,,,,,,
102037317,Crashes_2010_2019_MPO,2018-06-08,2018,36.04573,-86.85543,False,0,0,0,,,,,,,,
102037376,Crashes_2010_2019_MPO,2018-06-08,2018,36.0374,-86.78657,False,0,0,0,,,,,,,,
102036544,Crashes_2010_2019_MPO,2018-06-08,2018,35.99922,-86.80923,True,0,0,0,,,,,,,,
102038387,Crashes_2010_2019_MPO,2018-06-09,2018,35.96263,-86.70664,True,0,0,0,,,,,,,,
102037945,Crashes_2010_2019_MPO,2018-06-09,2018,36.04181,-86.82443,False,0,0,0,,,,,,,,
102038418,Crashes_2010_2019_MPO,2018-06-09,2018,36.03832,-86.78426,False,0,0,0,,,,,,,,
102038580,Crashes_2010_2019_MPO,2018-06-09,2018,35.94727,-86.82128,False,0,0,0,,,,,,,,
102038353,Crashes_2010_2019_MPO,2018-06-09,2018,36.04481,-86.8487,False,0,0,0,,,,,,,,
102039084,Crashes_2010_2019_MPO,2018-06-09,2018,35.94751,-86.83606,False,0,0,0,,,,,,,,
102037965,Crashes_2010_2019_MPO,2018-06-09,2018,35.93314,-86.86199,False,0,0,0,,,,,,,,
102038578,Crashes_2010_2019_MPO,2018-06-09,2018,36.03223,-86.76528,False,0,0,0,,,,,,,,
102038403,Crashes_2010_2019_MPO,2018-06-09,2018,35.95703,-86.8152,False,0,0,0,,,,,,,,
102038725,Crashes_2010_2019_MPO,2018-06-10,2018,36.05411,-86.68286,False,0,0,0,,,,,,,,
102039484,Crashes_2010_2019_MPO,2018-06-10,2018,36.04128,-86.77779,False,0,0,0,,,,,,,,
102039390,Crashes_2010_2019_MPO,2018-06-10,2018,36.04761,-86.71353,False,0,0,0,,,,,,,,
102039536,Crashes_2010_2019_MPO,2018-06-10,2018,36.02226,-86.69843,False,0,0,0,,,,,,,,
102039532,Crashes_2010_2019_MPO,2018-06-10,2018,36.0446,-86.71317,False,0,0,0,,,,,,,,
102039074,Crashes_2010_2019_MPO,2018-06-10,2018,36.03175,-86.78961,True,0,0,0,,,,,,,,
102038857,Crashes_2010_2019_MPO,2018-06-10,2018,36.04655,-86.77701,False,0,0,0,,,,,,,,
102038751,Crashes_2010_2019_MPO,2018-06-10,2018,36.04527,-86.70193,False,0,0,0,,,,,,,,
102039338,Crashes_2010_2019_MPO,2018-06-10,2018,36.01385,-86.73831,False,0,0,0,,,,,,,,
102041248,Crashes_2010_2019_MPO,2018-06-11,2018,35.92999,-86.86435,False,0,0,0,,,,,,,,
102039900,Crashes_2010_2019_MPO,2018-06-11,2018,35.96257,-86.80144,True,0,0,0,,,,,,,,
102039899,Crashes_2010_2019_MPO,2018-06-11,2018,35.96458,-86.81449,False,0,0,0,,,,,,,,
102039982,Crashes_2010_2019_MPO,2018-06-11,2018,36.04028,-86.76837,False,0,0,0,,,,,,,,
102040062,Crashes_2010_2019_MPO,2018-06-11,2018,35.97182,-86.82584,True,0,0,0,,,,,,,,
102042394,Crashes_2010_2019_MPO,2018-06-11,2018,35.93219,-86.79405,False,0,0,0,,,,,,,,
102039872,Crashes_2010_2019_MPO,2018-06-11,2018,36.0373,-86.78913,False,0,0,0,,,,,,,,
102040293,Crashes_2010_2019_MPO,2018-06-11,2018,35.99589,-86.69089,False,0,0,0,,,,,,,,
102041027,Crashes_2010_2019_MPO,2018-06-11,2018,35.95788,-86.80256,False,0,0,0,,,,,,,,
102040283,Crashes_2010_2019_MPO,2018-06-11,2018,36.0332,-86.78547,True,0,0,0,,,,,,,,
102042931,Crashes_2010_2019_MPO,2018-06-11,2018,35.94183,-86.8557,False,0,0,0,,,,,,,,
102040308,Crashes_2010_2019_MPO,2018-06-11,2018,36.04086,-86.77363,False,0,0,0,,,,,,,,
102047794,Crashes_2010_2019_MPO,2018-06-11,2018,35.99657,-86.78917,True,0,0,0,,,,,,,,
102039768,Crashes_2010_2019_MPO,2018-06-11,2018,35.97765,-86.77678,True,0,0,0,,,,,,,,
102041294,Crashes_2010_2019_MPO,2018-06-12,2018,35.93696,-86.78891,False,0,0,0,,,,,,,,
102041421,Crashes_2010_2019_MPO,2018-06-12,2018,35.96074,-86.80181,False,0,0,0,,,,,,,,
102042932,Crashes_2010_2019_MPO,2018-06-12,2018,35.9355,-86.82333,False,0,0,0,,,,,,,,
102044831,Crashes_2010_2019_MPO,2018-06-12,2018,35.966687,-86.809158,True,0,0,0,,,,,,,,
102040928,Crashes_2010_2019_MPO,2018-06-12,2018,36.04749,-86.72886,False,0,0,0,,,,,,,,
102041176,Crashes_2010_2019_MPO,2018-06-12,2018,35.92641,-86.82447,False,0,0,0,,,,,,,,
102041175,Crashes_2010_2019_MPO,2018-06-12,2018,35.92641,-86.82447,False,0,0,0,,,,,,,,
102042474,Crashes_2010_2019_MPO,2018-06-12,2018,35.9481,-86.81977,False,0,0,0,,,,,,,,
102041729,Crashes_2010_2019_MPO,2018-06-13,2018,36.02519,-86.79398,True,0,0,0,,,,,,,,
102043075,Crashes_2010_2019_MPO,2018-06-13,2018,35.94369,-86.76708,True,0,0,0,,,,,,,,
102041638,Crashes_2010_2019_MPO,2018-06-13,2018,36.03716,-86.73237,False,0,0,0,,,,,,,,
102041789,Crashes_2010_2019_MPO,2018-06-13,2018,36.026778,-86.818402,True,0,0,0,,,,,,,,
102046820,Crashes_2010_2019_MPO,2018-06-13,2018,35.94195,-86.8302,False,0,0,0,,,,,,,,
102043290,Crashes_2010_2019_MPO,2018-06-14,2018,36.03328,-86.77712,False,0,0,0,,,,,,,,
102042728,Crashes_2010_2019_MPO,2018-06-14,2018,36.03938,-86.78193,False,0,0,0,,,,,,,,
102043172,Crashes_2010_2019_MPO,2018-06-14,2018,36.03256,-86.7687,False,0,0,0,,,,,,,,
102043216,Crashes_2010_2019_MPO,2018-06-14,2018,36.04236,-86.83738,False,0,0,0,,,,,,,,
102042631,Crashes_2010_2019_MPO,2018-06-14,2018,35.9961,-86.7976,True,0,0,0,,,,,,,,
102044841,Crashes_2010_2019_MPO,2018-06-14,2018,35.975,-86.79123,True,0,0,0,,,,,,,,
102042695,Crashes_2010_2019_MPO,2018-06-14,2018,36.04545,-86.70402,False,0,0,0,,,,,,,,
102042696,Crashes_2010_2019_MPO,2018-06-14,2018,36.01234,-86.68803,False,0,0,0,,,,,,,,
102042525,Crashes_2010_2019_MPO,2018-06-14,2018,36.03278,-86.77115,False,0,0,0,,,,,,,,
102043180,Crashes_2010_2019_MPO,2018-06-14,2018,35.99507,-86.77406,True,0,0,0,,,,,,,,
102049529,Crashes_2010_2019_MPO,2018-06-14,2018,35.97765,-86.77676,True,0,0,0,,,,,,,,
102043251,Crashes_2010_2019_MPO,2018-06-14,2018,36.03328,-86.77712,False,0,0,0,,,,,,,,
102043128,Crashes_2010_2019_MPO,2018-06-14,2018,35.97444,-86.83203,True,0,0,0,,,,,,,,
102044802,Crashes_2010_2019_MPO,2018-06-14,2018,36.00984,-86.84524,False,0,0,0,,,,,,,,
102042599,Crashes_2010_2019_MPO,2018-06-14,2018,36.02411,-86.78703,True,0,0,0,,,,,,,,
102043440,Crashes_2010_2019_MPO,2018-06-14,2018,36.04537,-86.71326,False,0,0,0,,,,,,,,
102045007,Crashes_2010_2019_MPO,2018-06-15,2018,35.96681,-86.81119,True,0,0,0,,,,,,,,
102044320,Crashes_2010_2019_MPO,2018-06-15,2018,36.0172,-86.78618,True,0,0,0,,,,,,,,