record_no,source_layer,collision_ts,crash_year,latitude,longitude,in_city,fatalities,non_motorists,truck_involved,serious_injuries,pedestrian,bicycle,crash_type,manner_of_collision,lighting,weather,first_harmful_event
102046191,Crashes_2010_2019_MPO,2018-06-15,2018,35.94675,-86.85178,False,0,0,0,,,,,,,,
102044069,Crashes_2010_2019_MPO,2018-06-15,2018,35.99717,-86.6903,False,0,0,0,,,,,,,,
102043710,Crashes_2010_2019_MPO,2018-06-15,2018,35.94643,-86.80904,False,0,0,0,,,,,,,,
102045043,Crashes_2010_2019_MPO,2018-06-15,2018,35.99734,-86.79486,True,0,0,0,,,,,,,,
102044331,Crashes_2010_2019_MPO,2018-06-15,2018,35.92448,-86.87022,False,0,1,0,,,,,,,,
102044327,Crashes_2010_2019_MPO,2018-06-15,2018,36.01378,-86.80012,True,0,0,0,,,,,,,,
102044218,Crashes_2010_2019_MPO,2018-06-15,2018,35.9658,-86.81275,False,0,0,0,,,,,,,,
102043586,Crashes_2010_2019_MPO,2018-06-15,2018,36.0409,-86.77938,False,0,0,0,,,,,,,,
102043766,Crashes_2010_2019_MPO,2018-06-15,2018,36.01779,-86.72746,False,0,0,0,,,,,,,,
102043687,Crashes_2010_2019_MPO,2018-06-15,2018,35.93673,-86.69418,False,0,0,0,,,,,,,,
102044030,Crashes_2010_2019_MPO,2018-06-15,2018,36.03318,-86.78282,True,0,0,0,,,,,,,,
102044897,Crashes_2010_2019_MPO,2018-06-15,2018,35.96705,-86.81355,True,0,0,0,,,,,,,,
102043711,Crashes_2010_2019_MPO,2018-06-15,2018,36.03477,-86.87334,False,0,0,0,,,,,,,,
102044283,Crashes_2010_2019_MPO,2018-06-15,2018,36.04333,-86.71303,False,0,0,0,,,,,,,,
102044406,Crashes_2010_2019_MPO,2018-06-15,2018,36.03889,-86.78259,False,0,0,0,,,,,,,,
102044333,Crashes_2010_2019_MPO,2018-06-15,2018,35.93812,-86.82194,False,0,0,0,,,,,,,,
102044254,Crashes_2010_2019_MPO,2018-06-15,2018,35.9767,-86.79571,True,0,0,0,,,,,,,,
102044177,Crashes_2010_2019_MPO,2018-06-15,2018,36.01978,-86.74213,False,0,0,0,,,,,,,,
102045291,Crashes_2010_2019_MPO,2018-06-16,2018,36.0384,-86.78421,False,0,0,0,,,,,,,,
102045498,Crashes_2010_2019_MPO,2018-06-16,2018,36.04562,-86.71989,False,0,0,0,,,,,,,,
102045470,Crashes_2010_2019_MPO,2018-06-16,2018,36.04021,-86.76777,False,0,0,0,,,,,,,,
102045608,Crashes_2010_2019_MPO,2018-06-16,2018,35.94991,-86.81925,False,0,0,0,,,,,,,,
102045188,Crashes_2010_2019_MPO,2018-06-16,2018,36.04844,-86.77558,False,0,0,0,,,,,,,,
102045419,Crashes_2010_2019_MPO,2018-06-16,2018,36.04081,-86.71262,False,0,0,0,,,,,,,,
102045219,Crashes_2010_2019_MPO,2018-06-16,2018,36.04243,-86.71287,False,0,0,0,,,,,,,,
102045637,Crashes_2010_2019_MPO,2018-06-16,2018,35.95714,-86.80382,False,0,0,0,,,,,,,,
102046454,Crashes_2010_2019_MPO,2018-06-17,2018,35.99447,-86.76671,True,0,0,0,,,,,,,,
102046149,Crashes_2010_2019_MPO,2018-06-17,2018,35.93446,-86.81991,False,0,0,0,,,,,,,,
102045989,Crashes_2010_2019_MPO,2018-06-17,2018,36.05102,-86.68989,False,0,0,0,,,,,,,,
102052277,Crashes_2010_2019_MPO,2018-06-17,2018,36.0112,-86.78516,True,0,0,0,,,,,,,,
102046500,Crashes_2010_2019_MPO,2018-06-17,2018,36.03996,-86.74271,False,0,0,0,,,,,,,,
102046417,Crashes_2010_2019_MPO,2018-06-17,2018,35.96474,-86.81508,True,0,0,0,,,,,,,,
102047168,Crashes_2010_2019_MPO,2018-06-18,2018,36.04023,-86.75234,False,0,0,0,,,,,,,,
102048880,Crashes_2010_2019_MPO,2018-06-18,2018,36.03473,-86.78793,True,0,0,0,,,,,,,,
102047797,Crashes_2010_2019_MPO,2018-06-18,2018,35.92973,-86.84209,False,0,0,0,,,,,,,,
102047378,Crashes_2010_2019_MPO,2018-06-18,2018,36.03362,-86.79529,True,0,0,0,,,,,,,,
102047222,Crashes_2010_2019_MPO,2018-06-18,2018,35.99725,-86.69041,False,0,0,0,,,,,,,,
102052278,Crashes_2010_2019_MPO,2018-06-18,2018,35.94725,-86.87719,False,0,0,0,,,,,,,,
102047399,Crashes_2010_2019_MPO,2018-06-18,2018,36.03797,-86.79777,False,0,0,0,,,,,,,,
102046815,Crashes_2010_2019_MPO,2018-06-18,2018,36.0417,-86.74862,False,0,0,0,,,,,,,,
102047338,Crashes_2010_2019_MPO,2018-06-18,2018,35.95829,-86.7678,True,0,0,0,,,,,,,,
102047016,Crashes_2010_2019_MPO,2018-06-18,2018,36.0069,-86.87327,False,0,0,0,,,,,,,,
102047554,Crashes_2010_2019_MPO,2018-06-18,2018,36.04121,-86.82144,False,0,0,0,,,,,,,,
102047346,Crashes_2010_2019_MPO,2018-06-18,2018,35.95827,-86.73889,True,0,0,0,,,,,,,,
102046956,Crashes_2010_2019_MPO,2018-06-18,2018,36.04001,-86.74347,False,0,0,0,,,,,,,,
102049437,Crashes_2010_2019_MPO,2018-06-18,2018,35.93411,-86.8597,False,0,0,0,,,,,,,,
102046994,Crashes_2010_2019_MPO,2018-06-18,2018,36.04206,-86.72651,False,0,0,0,,,,,,,,
102049538,Crashes_2010_2019_MPO,2018-06-18,2018,35.93496,-86.77676,False,0,0,0,,,,,,,,
102047312,Crashes_2010_2019_MPO,2018-06-18,2018,35.95858,-86.73896,True,0,0,0,,,,,,,,
102047339,Crashes_2010_2019_MPO,2018-06-18,2018,35.99676,-86.78801,True,0,0,0,,,,,,,,
102048624,Crashes_2010_2019_MPO,2018-06-19,2018,35.96898,-86.83676,False,0,0,0,,,,,,,,
102048361,Crashes_2010_2019_MPO,2018-06-19,2018,36.01392,-86.71935,False,0,0,0,,,,,,,,
102049109,Crashes_2010_2019_MPO,2018-06-19,2018,36.01337,-86.78119,True,0,0,0,,,,,,,,
102048352,Crashes_2010_2019_MPO,2018-06-19,2018,36.04749,-86.71352,False,0,0,0,,,,,,,,
102048278,Crashes_2010_2019_MPO,2018-06-19,2018,35.94878,-86.80885,False,0,0,0,,,,,,,,
102048408,Crashes_2010_2019_MPO,2018-06-19,2018,35.96677,-86.81177,True,0,0,0,,,,,,,,
102048179,Crashes_2010_2019_MPO,2018-06-19,2018,35.98768,-86.69638,True,0,0,0,,,,,,,,
102048360,Crashes_2010_2019_MPO,2018-06-19,2018,36.04022,-86.76782,False,0,0,0,,,,,,,,
102047765,Crashes_2010_2019_MPO,2018-06-19,2018,35.93541,-86.7116,False,0,0,0,,,,,,,,
102048418,Crashes_2010_2019_MPO,2018-06-19,2018,35.97092,-86.7099,True,0,0,0,,,,,,,,
102049439,Crashes_2010_2019_MPO,2018-06-19,2018,35.9407,-86.83934,False,0,0,0,,,,,,,,
102048475,Crashes_2010_2019_MPO,2018-06-19,2018,35.96705,-86.81355,True,0,0,0,,,,,,,,
102048110,Crashes_2010_2019_MPO,2018-06-19,2018,36.0095,-86.70166,False,0,0,0,,,,,,,,
102048136,Crashes_2010_2019_MPO,2018-06-19,2018,35.97607,-86.8292,True,0,0,0,,,,,,,,
102047745,Crashes_2010_2019_MPO,2018-06-19,2018,35.9405,-86.8165,False,0,0,1,,,,,,,,
102048362,Crashes_2010_2019_MPO,2018-06-19,2018,36.04526,-86.71704,False,0,0,0,,,,,,,,
102047766,Crashes_2010_2019_MPO,2018-06-19,2018,36.03829,-86.80196,False,0,0,0,,,,,,,,
102047700,Crashes_2010_2019_MPO,2018-06-19,2018,36.03816,-86.78397,False,0,0,0,,,,,,,,
102048693,Crashes_2010_2019_MPO,2018-06-20,2018,36.04074,-86.77968,False,0,0,0,,,,,,,,
102049063,Crashes_2010_2019_MPO,2018-06-20,2018,36.0029,-86.7919,True,0,0,0,,,,,,,,
102048799,Crashes_2010_2019_MPO,2018-06-20,2018,36.04036,-86.78092,False,0,0,0,,,,,,,,
102048708,Crashes_2010_2019_MPO,2018-06-20,2018,36.03976,-86.7815,False,0,0,0,,,,,,,,
102048639,Crashes_2010_2019_MPO,2018-06-20,2018,35.97779,-86.80382,True,0,0,0,,,,,,,,
102049000,Crashes_2010_2019_MPO,2018-06-20,2018,36.03541,-86.78301,False,0,0,0,,,,,,,,
102048653,Crashes_2010_2019_MPO,2018-06-20,2018,36.0417,-86.74862,False,0,0,0,,,,,,,,
102049018,Crashes_2010_2019_MPO,2018-06-20,2018,35.96262,-86.80157,True,0,0,0,,,,,,,,
102049099,Crashes_2010_2019_MPO,2018-06-20,2018,36.00224,-86.80764,True,0,0,0,,,,,,,,
102049064,Crashes_2010_2019_MPO,2018-06-20,2018,36.0016,-86.7932,True,0,0,0,,,,,,,,
102049088,Crashes_2010_2019_MPO,2018-06-20,2018,35.9505,-86.80466,False,0,0,0,,,,,,,,
102049618,Crashes_2010_2019_MPO,2018-06-20,2018,35.94426,-86.80168,False,0,0,0,,,,,,,,
102049953,Crashes_2010_2019_MPO,2018-06-21,2018,35.96475,-86.81509,True,0,0,0,,,,,,,,
102054917,Crashes_2010_2019_MPO,2018-06-21,2018,35.96657,-86.81372,True,0,0,0,,,,,,,,
102049938,Crashes_2010_2019_MPO,2018-06-21,2018,35.93446,-86.81991,False,0,0,0,,,,,,,,
102049578,Crashes_2010_2019_MPO,2018-06-21,2018,36.03517,-86.76871,False,0,0,0,,,,,,,,
102049944,Crashes_2010_2019_MPO,2018-06-21,2018,35.92648,-86.8663,False,0,0,0,,,,,,,,
102049598,Crashes_2010_2019_MPO,2018-06-21,2018,35.94379,-86.82008,False,0,0,0,,,,,,,,
102050105,Crashes_2010_2019_MPO,2018-06-21,2018,35.94738,-86.82045,False,0,0,0,,,,,,,,
102050001,Crashes_2010_2019_MPO,2018-06-21,2018,35.97813,-86.71688,True,0,0,0,,,,,,,,
102049480,Crashes_2010_2019_MPO,2018-06-21,2018,35.9505,-86.76617,True,0,0,0,,,,,,,,
102049620,Crashes_2010_2019_MPO,2018-06-21,2018,35.9505,-86.76617,True,0,0,0,,,,,,,,
102051499,Crashes_2010_2019_MPO,2018-06-22,2018,36.03327,-86.7839,True,0,0,0,,,,,,,,
102051407,Crashes_2010_2019_MPO,2018-06-22,2018,36.00924,-86.77763,True,0,0,0,,,,,,,,
102051886,Crashes_2010_2019_MPO,2018-06-22,2018,35.98435,-86.69796,True,0,0,0,,,,,,,,
102051103,Crashes_2010_2019_MPO,2018-06-22,2018,35.9264,-86.8244,False,0,0,0,,,,,,,,
102051100,Crashes_2010_2019_MPO,2018-06-22,2018,35.94831,-86.80752,False,0,0,0,,,,,,,,
102052237,Crashes_2010_2019_MPO,2018-06-22,2018,35.95913,-86.81542,False,0,0,0,,,,,,,,
102051126,Crashes_2010_2019_MPO,2018-06-22,2018,35.99586,-86.69093,False,0,0,0,,,,,,,,
102051025,Crashes_2010_2019_MPO,2018-06-22,2018,36.02501,-86.84972,True,0,0,0,,,,,,,,
102050435,Crashes_2010_2019_MPO,2018-06-22,2018,35.94857,-86.81991,False,0,0,0,,,,,,,,
102051096,Crashes_2010_2019_MPO,2018-06-22,2018,35.99378,-86.7605,True,0,0,0,,,,,,,,
102051079,Crashes_2010_2019_MPO,2018-06-22,2018,35.98635,-86.73664,True,0,0,0,,,,,,,,
102050811,Crashes_2010_2019_MPO,2018-06-22,2018,35.99626,-86.78641,True,0,0,0,,,,,,,,
102050491,Crashes_2010_2019_MPO,2018-06-22,2018,36.0374,-86.78657,False,0,0,0,,,,,,,,
102050875,Crashes_2010_2019_MPO,2018-06-22,2018,35.96454,-86.81434,False,0,0,0,,,,,,,,
102052195,Crashes_2010_2019_MPO,2018-06-23,2018,35.956,-86.81499,False,0,0,0,,,,,,,,
102052010,Crashes_2010_2019_MPO,2018-06-23,2018,35.9478,-86.86395,False,0,0,0,,,,,,,,
102051681,Crashes_2010_2019_MPO,2018-06-23,2018,36.04479,-86.72487,False,0,0,0,,,,,,,,
102052019,Crashes_2010_2019_MPO,2018-06-23,2018,35.94151,-86.85594,False,0,0,0,,,,,,,,
102052321,Crashes_2010_2019_MPO,2018-06-23,2018,36.03809,-86.78446,False,0,0,0,,,,,,,,
102051971,Crashes_2010_2019_MPO,2018-06-23,2018,36.0409,-86.77938,False,0,0,0,,,,,,,,
102052204,Crashes_2010_2019_MPO,2018-06-23,2018,36.04522,-86.71655,False,0,0,0,,,,,,,,
102051897,Crashes_2010_2019_MPO,2018-06-23,2018,35.98699,-86.82904,False,0,0,0,,,,,,,,
102051477,Crashes_2010_2019_MPO,2018-06-23,2018,36.04143,-86.78247,False,0,0,0,,,,,,,,
102052631,Crashes_2010_2019_MPO,2018-06-23,2018,35.96663,-86.80928,True,0,0,0,,,,,,,,
102056350,Crashes_2010_2019_MPO,2018-06-24,2018,36.01731,-86.78647,True,0,0,1,,,,,,,,
102052499,Crashes_2010_2019_MPO,2018-06-24,2018,36.02749,-86.79196,True,0,0,0,,,,,,,,
102052902,Crashes_2010_2019_MPO,2018-06-24,2018,36.04754,-86.86355,False,0,0,0,,,,,,,,
102052518,Crashes_2010_2019_MPO,2018-06-24,2018,35.93454,-86.82107,False,0,0,0,,,,,,,,
102052709,Crashes_2010_2019_MPO,2018-06-24,2018,35.93541,-86.82372,False,0,0,0,,,,,,,,
102058072,Crashes_2010_2019_MPO,2018-06-24,2018,36.02084,-86.78735,True,0,0,0,,,,,,,,
102052695,Crashes_2010_2019_MPO,2018-06-24,2018,36.04462,-86.68683,False,0,0,0,,,,,,,,
102053228,Crashes_2010_2019_MPO,2018-06-24,2018,36.04641,-86.68363,False,0,0,0,,,,,,,,
102052549,Crashes_2010_2019_MPO,2018-06-24,2018,36.04542,-86.71834,False,0,0,0,,,,,,,,
102052630,Crashes_2010_2019_MPO,2018-06-24,2018,35.9699,-86.80655,True,0,0,0,,,,,,,,
102052725,Crashes_2010_2019_MPO,2018-06-24,2018,35.93201,-86.84122,False,0,0,0,,,,,,,,
102054919,Crashes_2010_2019_MPO,2018-06-25,2018,35.94631,-86.8236,False,0,0,0,,,,,,,,
102054920,Crashes_2010_2019_MPO,2018-06-25,2018,35.93217,-86.79398,False,0,0,0,,,,,,,,
102053895,Crashes_2010_2019_MPO,2018-06-25,2018,36.03649,-86.80208,True,0,0,0,,,,,,,,
102054024,Crashes_2010_2019_MPO,2018-06-25,2018,35.94354,-86.82028,False,0,0,0,,,,,,,,
102053836,Crashes_2010_2019_MPO,2018-06-25,2018,36.03611,-86.78293,False,0,0,0,,,,,,,,
102053514,Crashes_2010_2019_MPO,2018-06-25,2018,35.94036,-86.81655,False,0,0,0,,,,,,,,
102053541,Crashes_2010_2019_MPO,2018-06-25,2018,36.04546,-86.70409,False,0,0,0,,,,,,,,
102054205,Crashes_2010_2019_MPO,2018-06-25,2018,35.92639,-86.82419,False,0,0,0,,,,,,,,
102053267,Crashes_2010_2019_MPO,2018-06-25,2018,35.93586,-86.81813,False,0,0,0,,,,,,,,
102053987,Crashes_2010_2019_MPO,2018-06-25,2018,36.03738,-86.78679,False,0,0,0,,,,,,,,
102053426,Crashes_2010_2019_MPO,2018-06-25,2018,36.04543,-86.71255,False,0,0,0,,,,,,,,
102054206,Crashes_2010_2019_MPO,2018-06-25,2018,35.92641,-86.87344,False,0,0,0,,,,,,,,
102053515,Crashes_2010_2019_MPO,2018-06-25,2018,35.94619,-86.80802,False,0,0,0,,,,,,,,
102053945,Crashes_2010_2019_MPO,2018-06-25,2018,35.93552,-86.82341,False,0,0,0,,,,,,,,
102053516,Crashes_2010_2019_MPO,2018-06-25,2018,35.93191,-86.794,False,0,0,0,,,,,,,,
102054349,Crashes_2010_2019_MPO,2018-06-26,2018,36.03335,-86.78866,True,0,0,0,,,,,,,,
102054849,Crashes_2010_2019_MPO,2018-06-26,2018,36.04522,-86.71479,False,0,0,0,,,,,,,,
102054340,Crashes_2010_2019_MPO,2018-06-26,2018,35.966652,-86.809118,True,0,0,0,,,,,,,,
102054737,Crashes_2010_2019_MPO,2018-06-26,2018,36.04138,-86.7798,False,0,0,0,,,,,,,,
102054989,Crashes_2010_2019_MPO,2018-06-26,2018,36.01556,-86.74032,False,0,0,0,,,,,,,,
102055055,Crashes_2010_2019_MPO,2018-06-26,2018,35.99898,-86.69283,False,0,0,0,,,,,,,,
102054977,Crashes_2010_2019_MPO,2018-06-26,2018,36.01439,-86.705,False,0,0,0,,,,,,,,
102054815,Crashes_2010_2019_MPO,2018-06-26,2018,36.038,-86.78642,False,0,0,0,,,,,,,,
102055077,Crashes_2010_2019_MPO,2018-06-26,2018,35.92908,-86.82049,False,0,0,0,,,,,,,,
102054120,Crashes_2010_2019_MPO,2018-06-26,2018,36.04114,-86.74375,False,0,0,0,,,,,,,,
102054454,Crashes_2010_2019_MPO,2018-06-26,2018,36.03408,-86.79473,True,0,0,0,,,,,,,,
102055922,Crashes_2010_2019_MPO,2018-06-27,2018,35.92609,-86.87139,False,0,0,0,,,,,,,,
102055512,Crashes_2010_2019_MPO,2018-06-27,2018,35.96721,-86.8135,True,0,0,0,,,,,,,,
102055622,Crashes_2010_2019_MPO,2018-06-27,2018,35.99551,-86.77887,True,0,0,0,,,,,,,,
102056725,Crashes_2010_2019_MPO,2018-06-27,2018,35.95153,-86.80844,False,0,0,0,,,,,,,,
102057025,Crashes_2010_2019_MPO,2018-06-27,2018,35.92391,-86.87162,False,0,0,0,,,,,,,,
102055388,Crashes_2010_2019_MPO,2018-06-27,2018,35.92254,-86.87194,False,0,0,0,,,,,,,,
102055939,Crashes_2010_2019_MPO,2018-06-27,2018,35.93006,-86.82042,False,0,0,0,,,,,,,,
102055934,Crashes_2010_2019_MPO,2018-06-27,2018,36.0473,-86.86274,False,0,0,0,,,,,,,,
102055843,Crashes_2010_2019_MPO,2018-06-27,2018,35.99693,-86.68997,False,0,0,0,,,,,,,,
102055924,Crashes_2010_2019_MPO,2018-06-27,2018,35.92557,-86.78427,False,0,0,0,,,,,,,,
102055872,Crashes_2010_2019_MPO,2018-06-27,2018,35.96845,-86.81905,True,0,0,0,,,,,,,,
102056180,Crashes_2010_2019_MPO,2018-06-27,2018,36.04537,-86.7027,False,0,0,0,,,,,,,,
102056003,Crashes_2010_2019_MPO,2018-06-27,2018,36.0384,-86.80349,False,0,0,0,,,,,,,,
102055923,Crashes_2010_2019_MPO,2018-06-27,2018,35.92301,-86.86916,False,0,0,0,,,,,,,,
102055969,Crashes_2010_2019_MPO,2018-06-27,2018,36.05453,-86.71529,False,0,0,0,,,,,,,,
102056666,Crashes_2010_2019_MPO,2018-06-27,2018,35.94778,-86.85096,False,0,0,0,,,,,,,,
102055407,Crashes_2010_2019_MPO,2018-06-27,2018,36.04119,-86.77669,False,0,0,0,,,,,,,,
102056468,Crashes_2010_2019_MPO,2018-06-28,2018,36.01327,-86.8017,True,0,0,0,,,,,,,,
102174286,Crashes_2010_2019_MPO,2018-06-28,2018,35.99462,-86.81269,True,0,0,0,,,,,,,,
102057049,Crashes_2010_2019_MPO,2018-06-28,2018,36.01082,-86.81566,True,0,0,0,,,,,,,,
102059545,Crashes_2010_2019_MPO,2018-06-28,2018,35.99109,-86.81401,True,0,0,0,,,,,,,,
102062376,Crashes_2010_2019_MPO,2018-06-28,2018,35.99291,-86.81254,True,0,0,0,,,,,,,,
102056657,Crashes_2010_2019_MPO,2018-06-28,2018,35.96798,-86.81833,True,0,0,0,,,,,,,,
102056670,Crashes_2010_2019_MPO,2018-06-28,2018,35.94475,-86.82827,False,0,0,0,,,,,,,,
102056805,Crashes_2010_2019_MPO,2018-06-28,2018,36.04234,-86.83738,False,0,0,0,,,,,,,,
102056698,Crashes_2010_2019_MPO,2018-06-28,2018,36.0284,-86.75971,False,0,0,0,,,,,,,,
102056852,Crashes_2010_2019_MPO,2018-06-28,2018,35.95209,-86.81805,False,0,0,0,,,,,,,,
102057638,Crashes_2010_2019_MPO,2018-06-29,2018,35.96141,-86.81259,False,0,0,0,,,,,,,,
102058063,Crashes_2010_2019_MPO,2018-06-29,2018,35.9584,-86.80226,False,0,0,0,,,,,,,,
102059425,Crashes_2010_2019_MPO,2018-06-29,2018,35.9475,-86.82247,False,0,0,0,,,,,,,,
102061565,Crashes_2010_2019_MPO,2018-06-29,2018,35.95276,-86.81451,False,0,0,0,,,,,,,,
102057899,Crashes_2010_2019_MPO,2018-06-29,2018,35.92903,-86.84723,False,0,0,0,,,,,,,,
102058466,Crashes_2010_2019_MPO,2018-06-29,2018,36.04558,-86.74719,False,0,0,0,,,,,,,,
102058926,Crashes_2010_2019_MPO,2018-06-30,2018,36.05366,-86.71502,False,0,0,0,,,,,,,,
102059140,Crashes_2010_2019_MPO,2018-06-30,2018,36.04234,-86.83722,False,0,0,0,,,,,,,,
102058670,Crashes_2010_2019_MPO,2018-06-30,2018,36.04336,-86.70141,False,0,0,0,,,,,,,,
102058511,Crashes_2010_2019_MPO,2018-06-30,2018,36.04519,-86.71586,False,0,0,0,,,,,,,,
102059421,Crashes_2010_2019_MPO,2018-06-30,2018,35.94722,-86.82085,False,0,0,0,,,,,,,,
102060001,Crashes_2010_2019_MPO,2018-06-30,2018,36.05325,-86.80434,False,0,0,0,,,,,,,,
102058785,Crashes_2010_2019_MPO,2018-06-30,2018,36.0402,-86.76762,False,0,0,0,,,,,,,,
102059737,Crashes_2010_2019_MPO,2018-06-30,2018,35.96637,-86.81376,False,0,0,0,,,,,,,,
102060139,Crashes_2010_2019_MPO,2018-07-01,2018,36.01756,-86.78654,True,0,0,0,,,,,,,,
102061845,Crashes_2010_2019_MPO,2018-07-02,2018,35.94082,-86.83944,False,0,0,0,,,,,,,,
102061577,Crashes_2010_2019_MPO,2018-07-02,2018,36.02719,-86.79213,True,0,0,0,,,,,,,,
102061214,Crashes_2010_2019_MPO,2018-07-02,2018,35.96466,-86.81485,True,0,0,0,,,,,,,,
102060962,Crashes_2010_2019_MPO,2018-07-02,2018,36.03895,-86.78258,False,0,0,0,,,,,,,,
102060634,Crashes_2010_2019_MPO,2018-07-02,2018,36.03747,-86.79098,False,0,0,0,,,,,,,,
102060758,Crashes_2010_2019_MPO,2018-07-02,2018,35.92584,-86.86759,False,0,0,0,,,,,,,,
102060861,Crashes_2010_2019_MPO,2018-07-02,2018,36.03445,-86.79321,True,0,0,0,,,,,,,,
102061239,Crashes_2010_2019_MPO,2018-07-02,2018,35.96518,-86.80029,True,0,0,0,,,,,,,,
102060999,Crashes_2010_2019_MPO,2018-07-02,2018,36.03478,-86.78308,True,0,0,0,,,,,,,,
102061245,Crashes_2010_2019_MPO,2018-07-02,2018,36.01557,-86.7404,False,0,0,0,,,,,,,,
102061847,Crashes_2010_2019_MPO,2018-07-02,2018,35.93447,-86.81995,False,0,0,0,,,,,,,,
102061507,Crashes_2010_2019_MPO,2018-07-02,2018,35.9313,-86.76765,False,0,0,0,,,,,,,,
102063081,Crashes_2010_2019_MPO,2018-07-03,2018,35.94388,-86.8552,False,0,0,0,,,,,,,,
102064786,Crashes_2010_2019_MPO,2018-07-03,2018,36.017,-86.78638,True,0,0,0,,,,,,,,
102062886,Crashes_2010_2019_MPO,2018-07-03,2018,36.00807,-86.78681,True,0,0,1,,,,,,,,
102062562,Crashes_2010_2019_MPO,2018-07-03,2018,35.97367,-86.83275,True,0,0,0,,,,,,,,
102062610,Crashes_2010_2019_MPO,2018-07-03,2018,36.04522,-86.71479,False,0,0,0,,,,,,,,
102061704,Crashes_2010_2019_MPO,2018-07-03,2018,36.03713,-86.77707,False,0,0,0,,,,,,,,
102062095,Crashes_2010_2019_MPO,2018-07-03,2018,36.04481,-86.71319,False,0,0,0,,,,,,,,
102062289,Crashes_2010_2019_MPO,2018-07-03,2018,36.03895,-86.78266,False,0,0,0,,,,,,,,
102061906,Crashes_2010_2019_MPO,2018-07-03,2018,35.9289,-86.87551,False,0,0,0,,,,,,,,
102062276,Crashes_2010_2019_MPO,2018-07-03,2018,35.99614,-86.78539,True,0,0,0,,,,,,,,
102062051,Crashes_2010_2019_MPO,2018-07-03,2018,36.0165,-86.78184,True,0,0,0,,,,,,,,
102062346,Crashes_2010_2019_MPO,2018-07-03,2018,35.96504,-86.81416,False,0,0,0,,,,,,,,
102065471,Crashes_2010_2019_MPO,2018-07-03,2018,36.03294,-86.78354,True,0,0,0,,,,,,,,
102062307,Crashes_2010_2019_MPO,2018-07-03,2018,36.03175,-86.78961,True,0,0,0,,,,,,,,
102062292,Crashes_2010_2019_MPO,2018-07-03,2018,35.9247,-86.87219,False,0,0,0,,,,,,,,
102062608,Crashes_2010_2019_MPO,2018-07-03,2018,36.04106,-86.77903,False,0,0,0,,,,,,,,
102061794,Crashes_2010_2019_MPO,2018-07-03,2018,36.04974,-86.74349,False,0,0,0,,,,,,,,
102068677,Crashes_2010_2019_MPO,2018-07-03,2018,35.94815,-86.81738,False,0,0,0,,,,,,,,
102064380,Crashes_2010_2019_MPO,2018-07-04,2018,35.96582,-86.87951,False,0,0,0,,,,,,,,
102067416,Crashes_2010_2019_MPO,2018-07-04,2018,35.99449,-86.79804,True,0,0,0,,,,,,,,
102063965,Crashes_2010_2019_MPO,2018-07-04,2018,36.02296,-86.68411,False,0,0,0,,,,,,,,
102063942,Crashes_2010_2019_MPO,2018-07-04,2018,35.92959,-86.85556,False,0,0,0,,,,,,,,
102063570,Crashes_2010_2019_MPO,2018-07-04,2018,36.04231,-86.7817,False,0,0,0,,,,,,,,
102064651,Crashes_2010_2019_MPO,2018-07-04,2018,35.96688,-86.81117,True,0,0,0,,,,,,,,
102063659,Crashes_2010_2019_MPO,2018-07-04,2018,36.04572,-86.7093,False,0,0,0,,,,,,,,
102062750,Crashes_2010_2019_MPO,2018-07-04,2018,36.00001,-86.70249,True,0,0,0,,,,,,,,
102064616,Crashes_2010_2019_MPO,2018-07-04,2018,35.93122,-86.85285,False,0,0,0,,,,,,,,
102063351,Crashes_2010_2019_MPO,2018-07-04,2018,35.97878,-86.75276,True,0,0,0,,,,,,,,
102064710,Crashes_2010_2019_MPO,2018-07-05,2018,35.96477,-86.82594,False,0,0,0,,,,,,,,
102064785,Crashes_2010_2019_MPO,2018-07-05,2018,36.00348,-86.79186,True,0,0,0,,,,,,,,
102065441,Crashes_2010_2019_MPO,2018-07-05,2018,35.99643,-86.81072,True,0,0,1,,,,,,,,
102064343,Crashes_2010_2019_MPO,2018-07-05,2018,35.92853,-86.87566,False,0,0,0,,,,,,,,
102067829,Crashes_2010_2019_MPO,2018-07-06,2018,35.95949,-86.80627,False,0,0,0,,,,,,,,
102066694,Crashes_2010_2019_MPO,2018-07-06,2018,35.95198,-86.81788,False,0,0,0,,,,,,,,
102066191,Crashes_2010_2019_MPO,2018-07-06,2018,35.9476,-86.81992,False,0,0,0,,,,,,,,
102065522,Crashes_2010_2019_MPO,2018-07-06,2018,36.02158,-86.71156,False,0,0,0,,,,,,,,
102065623,Crashes_2010_2019_MPO,2018-07-06,2018,35.95914,-86.81542,False,0,0,0,,,,,,,,
102066197,Crashes_2010_2019_MPO,2018-07-06,2018,36.03812,-86.79982,False,0,0,0,,,,,,,,
102067828,Crashes_2010_2019_MPO,2018-07-06,2018,35.93541,-86.82372,False,0,0,0,,,,,,,,
102065097,Crashes_2010_2019_MPO,2018-07-06,2018,35.92903,-86.84903,False,0,1,0,,,,,,,,
102065924,Crashes_2010_2019_MPO,2018-07-06,2018,35.93479,-86.77733,False,0,0,0,,,,,,,,
102066139,Crashes_2010_2019_MPO,2018-07-06,2018,35.96518,-86.80029,True,0,0,0,,,,,,,,
102065285,Crashes_2010_2019_MPO,2018-07-06,2018,36.03256,-86.7687,False,0,0,0,,,,,,,,
102066251,Crashes_2010_2019_MPO,2018-07-06,2018,35.99239,-86.82842,True,0,0,0,,,,,,,,
102065442,Crashes_2010_2019_MPO,2018-07-06,2018,36.03328,-86.7882,True,0,0,0,,,,,,,,
102065685,Crashes_2010_2019_MPO,2018-07-06,2018,35.99489,-86.68714,False,0,0,0,,,,,,,,
102066240,Crashes_2010_2019_MPO,2018-07-06,2018,36.05233,-86.68194,False,0,0,0,,,,,,,,
102065916,Crashes_2010_2019_MPO,2018-07-06,2018,35.9791,-86.77101,True,0,0,0,,,,,,,,