record_no,source_layer,collision_ts,crash_year,latitude,longitude,in_city,fatalities,non_motorists,truck_involved,serious_injuries,pedestrian,bicycle,crash_type,manner_of_collision,lighting,weather,first_harmful_event
102065906,Crashes_2010_2019_MPO,2018-07-06,2018,35.92546,-86.87275,False,0,0,0,,,,,,,,
102067830,Crashes_2010_2019_MPO,2018-07-06,2018,35.95577,-86.83065,False,0,0,0,,,,,,,,
102065960,Crashes_2010_2019_MPO,2018-07-06,2018,35.96665,-86.80938,True,0,0,0,,,,,,,,
102067158,Crashes_2010_2019_MPO,2018-07-07,2018,35.9667,-86.81121,True,0,0,0,,,,,,,,
102067403,Crashes_2010_2019_MPO,2018-07-07,2018,36.04001,-86.74347,False,0,0,0,,,,,,,,
102066487,Crashes_2010_2019_MPO,2018-07-07,2018,36.04811,-86.71359,False,0,1,0,,,,,,,,
102067057,Crashes_2010_2019_MPO,2018-07-07,2018,36.00149,-86.77389,True,0,0,0,,,,,,,,
102068089,Crashes_2010_2019_MPO,2018-07-07,2018,35.95919,-86.81443,False,0,0,0,,,,,,,,
102067058,Crashes_2010_2019_MPO,2018-07-07,2018,35.97334,-86.83305,True,0,0,0,,,,,,,,
102067109,Crashes_2010_2019_MPO,2018-07-07,2018,36.03501,-86.67671,False,0,0,0,,,,,,,,
102068490,Crashes_2010_2019_MPO,2018-07-08,2018,35.96133,-86.81226,False,0,0,0,,,,,,,,
102068051,Crashes_2010_2019_MPO,2018-07-08,2018,36.05142,-86.6997,False,0,0,0,,,,,,,,
102068609,Crashes_2010_2019_MPO,2018-07-08,2018,36.04543,-86.70361,False,0,0,0,,,,,,,,
102068537,Crashes_2010_2019_MPO,2018-07-08,2018,36.03951,-86.70844,False,0,0,0,,,,,,,,
102069275,Crashes_2010_2019_MPO,2018-07-09,2018,36.04537,-86.71326,False,0,0,0,,,,,,,,
102069191,Crashes_2010_2019_MPO,2018-07-09,2018,35.94677,-86.81125,False,0,0,0,,,,,,,,
102076185,Crashes_2010_2019_MPO,2018-07-09,2018,35.92817,-86.8208,False,0,0,0,,,,,,,,
102069723,Crashes_2010_2019_MPO,2018-07-09,2018,35.94783,-86.81971,False,0,0,0,,,,,,,,
102069225,Crashes_2010_2019_MPO,2018-07-09,2018,36.04535,-86.70251,False,0,0,0,,,,,,,,
102068764,Crashes_2010_2019_MPO,2018-07-09,2018,36.0456,-86.71089,False,0,0,0,,,,,,,,
102069447,Crashes_2010_2019_MPO,2018-07-09,2018,36.03971,-86.7814,False,0,0,0,,,,,,,,
102068617,Crashes_2010_2019_MPO,2018-07-09,2018,36.05122,-86.73566,False,0,0,0,,,,,,,,
102068681,Crashes_2010_2019_MPO,2018-07-09,2018,35.96761,-86.81053,True,0,0,0,,,,,,,,
102068982,Crashes_2010_2019_MPO,2018-07-09,2018,35.96133,-86.81226,False,0,0,0,,,,,,,,
102069724,Crashes_2010_2019_MPO,2018-07-09,2018,35.94599,-86.82337,False,0,0,0,,,,,,,,
102069163,Crashes_2010_2019_MPO,2018-07-09,2018,35.97328,-86.83282,True,0,0,0,,,,,,,,
102068997,Crashes_2010_2019_MPO,2018-07-09,2018,35.99922,-86.80923,True,0,0,0,,,,,,,,
102069075,Crashes_2010_2019_MPO,2018-07-09,2018,35.93893,-86.83042,False,0,0,0,,,,,,,,
102068762,Crashes_2010_2019_MPO,2018-07-09,2018,36.04703,-86.71346,False,0,0,0,,,,,,,,
102069298,Crashes_2010_2019_MPO,2018-07-09,2018,36.04561,-86.71977,False,0,0,0,,,,,,,,
102070650,Crashes_2010_2019_MPO,2018-07-09,2018,35.92692,-86.82446,False,0,0,0,,,,,,,,
102068613,Crashes_2010_2019_MPO,2018-07-09,2018,35.98154,-86.84461,False,0,0,0,,,,,,,,
102070329,Crashes_2010_2019_MPO,2018-07-10,2018,36.03947,-86.74343,False,0,0,0,,,,,,,,
102070044,Crashes_2010_2019_MPO,2018-07-10,2018,36.04528,-86.70143,False,0,0,0,,,,,,,,
102070566,Crashes_2010_2019_MPO,2018-07-10,2018,36.034,-86.69044,False,0,0,0,,,,,,,,
102071880,Crashes_2010_2019_MPO,2018-07-10,2018,35.92647,-86.82514,False,0,0,0,,,,,,,,
102070313,Crashes_2010_2019_MPO,2018-07-10,2018,35.92974,-86.85585,False,0,0,0,,,,,,,,
102070341,Crashes_2010_2019_MPO,2018-07-10,2018,36.03611,-86.79483,True,0,0,0,,,,,,,,
102081488,Crashes_2010_2019_MPO,2018-07-10,2018,36.04285,-86.77904,False,0,0,0,,,,,,,,
102070506,Crashes_2010_2019_MPO,2018-07-10,2018,35.93481,-86.82404,False,0,0,0,,,,,,,,
102070868,Crashes_2010_2019_MPO,2018-07-10,2018,35.94524,-86.80394,False,0,0,0,,,,,,,,
102070197,Crashes_2010_2019_MPO,2018-07-10,2018,36.04084,-86.77347,False,0,0,0,,,,,,,,
102070328,Crashes_2010_2019_MPO,2018-07-10,2018,36.03489,-86.76872,False,0,0,0,,,,,,,,
102070450,Crashes_2010_2019_MPO,2018-07-10,2018,36.03731,-86.74348,False,0,0,0,,,,,,,,
102072920,Crashes_2010_2019_MPO,2018-07-10,2018,35.97379,-86.80496,True,0,0,0,,,,,,,,
102070008,Crashes_2010_2019_MPO,2018-07-10,2018,36.03455,-86.80281,True,0,0,0,,,,,,,,
102070293,Crashes_2010_2019_MPO,2018-07-10,2018,36.04088,-86.78234,False,0,0,0,,,,,,,,
102070867,Crashes_2010_2019_MPO,2018-07-10,2018,35.94045,-86.83143,False,0,0,0,,,,,,,,
102069657,Crashes_2010_2019_MPO,2018-07-10,2018,36.0398,-86.78146,False,0,0,0,,,,,,,,
102071260,Crashes_2010_2019_MPO,2018-07-11,2018,35.9975,-86.79477,True,0,0,0,,,,,,,,
102070671,Crashes_2010_2019_MPO,2018-07-11,2018,35.92684,-86.86656,False,0,0,0,,,,,,,,
102071465,Crashes_2010_2019_MPO,2018-07-11,2018,36.03313,-86.77438,False,0,0,0,,,,,,,,
102071625,Crashes_2010_2019_MPO,2018-07-11,2018,35.93273,-86.82388,False,0,0,0,,,,,,,,
102071116,Crashes_2010_2019_MPO,2018-07-11,2018,35.9667,-86.8091,True,0,0,0,,,,,,,,
102071088,Crashes_2010_2019_MPO,2018-07-11,2018,35.99922,-86.80923,True,0,0,0,,,,,,,,
102071468,Crashes_2010_2019_MPO,2018-07-11,2018,36.03254,-86.76856,False,0,0,0,,,,,,,,
102073820,Crashes_2010_2019_MPO,2018-07-11,2018,35.99787,-86.79658,True,0,0,0,,,,,,,,
102071466,Crashes_2010_2019_MPO,2018-07-11,2018,36.04011,-86.74447,False,0,0,0,,,,,,,,
102071117,Crashes_2010_2019_MPO,2018-07-11,2018,36.03328,-86.7841,True,0,0,0,,,,,,,,
102071613,Crashes_2010_2019_MPO,2018-07-11,2018,35.99746,-86.79676,True,0,0,0,,,,,,,,
102071614,Crashes_2010_2019_MPO,2018-07-11,2018,35.98635,-86.73664,True,0,0,0,,,,,,,,
102071924,Crashes_2010_2019_MPO,2018-07-11,2018,36.0374,-86.78657,False,0,0,0,,,,,,,,
102071914,Crashes_2010_2019_MPO,2018-07-11,2018,35.92366,-86.86782,False,0,0,0,,,,,,,,
102071996,Crashes_2010_2019_MPO,2018-07-11,2018,35.93343,-86.81898,False,0,0,0,,,,,,,,
102071244,Crashes_2010_2019_MPO,2018-07-11,2018,35.9497,-86.81332,False,0,0,1,,,,,,,,
102071807,Crashes_2010_2019_MPO,2018-07-11,2018,35.96654,-86.81103,False,0,0,0,,,,,,,,
102070682,Crashes_2010_2019_MPO,2018-07-11,2018,36.05072,-86.87889,False,0,0,0,,,,,,,,
102073821,Crashes_2010_2019_MPO,2018-07-12,2018,35.96589,-86.80316,True,0,0,0,,,,,,,,
102072500,Crashes_2010_2019_MPO,2018-07-12,2018,36.03102,-86.78378,True,0,0,0,,,,,,,,
102071905,Crashes_2010_2019_MPO,2018-07-12,2018,35.98362,-86.72123,True,0,0,0,,,,,,,,
102071858,Crashes_2010_2019_MPO,2018-07-12,2018,35.96629,-86.80755,True,0,0,0,,,,,,,,
102078168,Crashes_2010_2019_MPO,2018-07-12,2018,35.92811,-86.74667,False,0,0,0,,,,,,,,
102075805,Crashes_2010_2019_MPO,2018-07-12,2018,36.0295,-86.78397,True,0,0,0,,,,,,,,
102071840,Crashes_2010_2019_MPO,2018-07-12,2018,36.02661,-86.78481,True,0,0,0,,,,,,,,
102072419,Crashes_2010_2019_MPO,2018-07-12,2018,36.04089,-86.74369,False,0,0,0,,,,,,,,
102072893,Crashes_2010_2019_MPO,2018-07-12,2018,35.93455,-86.80398,False,0,0,0,,,,,,,,
102071783,Crashes_2010_2019_MPO,2018-07-12,2018,36.01758,-86.76221,True,0,0,0,,,,,,,,
102072357,Crashes_2010_2019_MPO,2018-07-12,2018,36.03934,-86.78566,False,0,0,0,,,,,,,,
102072921,Crashes_2010_2019_MPO,2018-07-12,2018,35.93908,-86.83676,False,0,0,0,,,,,,,,
102072248,Crashes_2010_2019_MPO,2018-07-12,2018,35.9522,-86.81872,False,0,0,0,,,,,,,,
102072417,Crashes_2010_2019_MPO,2018-07-12,2018,35.95198,-86.81788,False,0,0,0,,,,,,,,
102072249,Crashes_2010_2019_MPO,2018-07-12,2018,35.96102,-86.81237,False,0,0,0,,,,,,,,
102076193,Crashes_2010_2019_MPO,2018-07-12,2018,36.00698,-86.78825,True,0,0,0,,,,,,,,
102071991,Crashes_2010_2019_MPO,2018-07-12,2018,36.0412,-86.72668,False,0,0,0,,,,,,,,
102071997,Crashes_2010_2019_MPO,2018-07-12,2018,35.93008,-86.82014,False,0,0,0,,,,,,,,
102074151,Crashes_2010_2019_MPO,2018-07-13,2018,35.99169,-86.79876,True,0,0,0,,,,,,,,
102084120,Crashes_2010_2019_MPO,2018-07-13,2018,36.01351,-86.78512,True,0,0,1,,,,,,,,
102073823,Crashes_2010_2019_MPO,2018-07-13,2018,35.98383,-86.81933,True,0,0,0,,,,,,,,
102073657,Crashes_2010_2019_MPO,2018-07-13,2018,36.02907,-86.78403,True,0,0,1,,,,,,,,
102073630,Crashes_2010_2019_MPO,2018-07-13,2018,36.03778,-86.78476,False,0,0,0,,,,,,,,
102073592,Crashes_2010_2019_MPO,2018-07-13,2018,35.96589,-86.80316,True,0,0,0,,,,,,,,
102073822,Crashes_2010_2019_MPO,2018-07-13,2018,36.03175,-86.78961,True,0,1,0,,,,,,,,
102073690,Crashes_2010_2019_MPO,2018-07-13,2018,35.92882,-86.78513,False,0,0,0,,,,,,,,
102073826,Crashes_2010_2019_MPO,2018-07-13,2018,35.99541,-86.68779,False,0,0,0,,,,,,,,
102073839,Crashes_2010_2019_MPO,2018-07-13,2018,36.04522,-86.71479,False,0,0,0,,,,,,,,
102073106,Crashes_2010_2019_MPO,2018-07-13,2018,35.96182,-86.8144,False,0,0,0,,,,,,,,
102073838,Crashes_2010_2019_MPO,2018-07-13,2018,36.04004,-86.74403,False,0,0,0,,,,,,,,
102075117,Crashes_2010_2019_MPO,2018-07-14,2018,35.99413,-86.6929,True,0,0,0,,,,,,,,
102074319,Crashes_2010_2019_MPO,2018-07-14,2018,35.96706,-86.81357,True,0,0,0,,,,,,,,
102075086,Crashes_2010_2019_MPO,2018-07-14,2018,35.94704,-86.82188,False,0,0,0,,,,,,,,
102075961,Crashes_2010_2019_MPO,2018-07-15,2018,36.04905,-86.73563,False,0,0,0,,,,,,,,
102076589,Crashes_2010_2019_MPO,2018-07-15,2018,35.97995,-86.84812,False,0,0,0,,,,,,,,
102075323,Crashes_2010_2019_MPO,2018-07-15,2018,35.97241,-86.67846,False,0,0,0,,,,,,,,
102075673,Crashes_2010_2019_MPO,2018-07-15,2018,36.0409,-86.77938,False,0,0,0,,,,,,,,
102075333,Crashes_2010_2019_MPO,2018-07-15,2018,36.03473,-86.7072,False,0,0,0,,,,,,,,
102075790,Crashes_2010_2019_MPO,2018-07-15,2018,36.0414,-86.70373,False,0,0,0,,,,,,,,
102075740,Crashes_2010_2019_MPO,2018-07-15,2018,36.05252,-86.68456,False,0,0,0,,,,,,,,
102075871,Crashes_2010_2019_MPO,2018-07-15,2018,36.02547,-86.71305,False,0,0,0,,,,,,,,
102075504,Crashes_2010_2019_MPO,2018-07-15,2018,36.00656,-86.7032,False,0,0,0,,,,,,,,
102075802,Crashes_2010_2019_MPO,2018-07-15,2018,36.01346,-86.73844,False,0,0,0,,,,,,,,
102076513,Crashes_2010_2019_MPO,2018-07-15,2018,35.97223,-86.86608,False,0,0,0,,,,,,,,
102076207,Crashes_2010_2019_MPO,2018-07-16,2018,36.04837,-86.8666,False,0,0,0,,,,,,,,
102077687,Crashes_2010_2019_MPO,2018-07-16,2018,35.93495,-86.77684,False,0,0,0,,,,,,,,
102076824,Crashes_2010_2019_MPO,2018-07-16,2018,36.04575,-86.70889,False,0,0,0,,,,,,,,
102078159,Crashes_2010_2019_MPO,2018-07-16,2018,35.95712,-86.84347,False,0,0,0,,,,,,,,
102076281,Crashes_2010_2019_MPO,2018-07-16,2018,36.04948,-86.69868,False,0,0,0,,,,,,,,
102076137,Crashes_2010_2019_MPO,2018-07-16,2018,36.04546,-86.70404,False,0,0,0,,,,,,,,
102076715,Crashes_2010_2019_MPO,2018-07-16,2018,36.0389,-86.67744,False,0,0,0,,,,,,,,
102076454,Crashes_2010_2019_MPO,2018-07-16,2018,36.03992,-86.74217,False,0,0,0,,,,,,,,
102077686,Crashes_2010_2019_MPO,2018-07-16,2018,35.93211,-86.82396,False,0,0,0,,,,,,,,
102076118,Crashes_2010_2019_MPO,2018-07-16,2018,36.03774,-86.78479,False,0,0,0,,,,,,,,
102077611,Crashes_2010_2019_MPO,2018-07-17,2018,36.0278,-86.7839,True,0,0,0,,,,,,,,
102077076,Crashes_2010_2019_MPO,2018-07-17,2018,35.9772,-86.77221,True,0,0,0,,,,,,,,
102078223,Crashes_2010_2019_MPO,2018-07-17,2018,35.96845,-86.81905,True,0,0,0,,,,,,,,
102077108,Crashes_2010_2019_MPO,2018-07-17,2018,36.05382,-86.6861,False,0,0,0,,,,,,,,
102077850,Crashes_2010_2019_MPO,2018-07-17,2018,36.04006,-86.81641,False,0,0,0,,,,,,,,
102077329,Crashes_2010_2019_MPO,2018-07-17,2018,36.03809,-86.7841,False,0,0,0,,,,,,,,
102077887,Crashes_2010_2019_MPO,2018-07-17,2018,36.03374,-86.7832,True,0,0,0,,,,,,,,
102080590,Crashes_2010_2019_MPO,2018-07-18,2018,35.93292,-86.81185,False,0,0,0,,,,,,,,
102078121,Crashes_2010_2019_MPO,2018-07-18,2018,35.99715,-86.79371,True,0,0,0,,,,,,,,
102078710,Crashes_2010_2019_MPO,2018-07-18,2018,36.03311,-86.78656,True,0,0,0,,,,,,,,
102078404,Crashes_2010_2019_MPO,2018-07-18,2018,35.94687,-86.85168,False,0,0,0,,,,,,,,
102078483,Crashes_2010_2019_MPO,2018-07-18,2018,35.95646,-86.844,False,0,0,0,,,,,,,,
102079610,Crashes_2010_2019_MPO,2018-07-18,2018,36.01803,-86.77038,True,0,0,0,,,,,,,,
102078519,Crashes_2010_2019_MPO,2018-07-18,2018,36.05296,-86.69743,False,0,0,0,,,,,,,,
102079153,Crashes_2010_2019_MPO,2018-07-18,2018,35.97358,-86.80503,True,0,0,0,,,,,,,,
102078633,Crashes_2010_2019_MPO,2018-07-18,2018,36.03401,-86.79488,True,0,0,0,,,,,,,,
102078813,Crashes_2010_2019_MPO,2018-07-18,2018,35.96721,-86.8135,True,0,0,0,,,,,,,,
102078342,Crashes_2010_2019_MPO,2018-07-18,2018,35.94616,-86.80856,False,0,0,0,,,,,,,,
102079399,Crashes_2010_2019_MPO,2018-07-19,2018,35.94134,-86.83998,False,0,0,0,,,,,,,,
102080170,Crashes_2010_2019_MPO,2018-07-19,2018,35.9899,-86.74413,True,0,0,0,,,,,,,,
102079233,Crashes_2010_2019_MPO,2018-07-19,2018,35.96977,-86.72422,True,0,0,0,,,,,,,,
102080854,Crashes_2010_2019_MPO,2018-07-19,2018,35.95334,-86.72224,False,0,0,0,,,,,,,,
102079780,Crashes_2010_2019_MPO,2018-07-19,2018,36.04807,-86.86551,False,0,0,0,,,,,,,,
102080171,Crashes_2010_2019_MPO,2018-07-19,2018,35.96838,-86.81004,True,0,0,0,,,,,,,,
102080930,Crashes_2010_2019_MPO,2018-07-19,2018,35.92359,-86.76701,False,0,0,0,,,,,,,,
102079890,Crashes_2010_2019_MPO,2018-07-19,2018,35.9468,-86.85139,False,0,0,0,,,,,,,,
102079464,Crashes_2010_2019_MPO,2018-07-19,2018,35.94582,-86.82518,False,0,0,0,,,,,,,,
102079903,Crashes_2010_2019_MPO,2018-07-19,2018,35.93278,-86.7848,False,0,0,0,,,,,,,,
102080905,Crashes_2010_2019_MPO,2018-07-20,2018,35.93453,-86.79986,False,0,0,0,,,,,,,,
102080581,Crashes_2010_2019_MPO,2018-07-20,2018,35.97759,-86.7757,True,0,0,0,,,,,,,,
102081707,Crashes_2010_2019_MPO,2018-07-20,2018,35.9667,-86.81121,True,0,0,0,,,,,,,,
102081020,Crashes_2010_2019_MPO,2018-07-20,2018,36.00581,-86.68637,False,0,0,0,,,,,,,,
102080959,Crashes_2010_2019_MPO,2018-07-20,2018,36.05149,-86.70339,False,0,0,0,,,,,,,,
102080488,Crashes_2010_2019_MPO,2018-07-20,2018,36.03203,-86.75664,False,0,0,0,,,,,,,,
102081326,Crashes_2010_2019_MPO,2018-07-20,2018,36.04081,-86.77323,False,0,0,0,,,,,,,,
102081109,Crashes_2010_2019_MPO,2018-07-20,2018,35.92314,-86.87106,False,0,0,0,,,,,,,,
102084857,Crashes_2010_2019_MPO,2018-07-20,2018,35.96676,-86.81365,True,0,0,0,,,,,,,,
102082603,Crashes_2010_2019_MPO,2018-07-20,2018,35.93498,-86.8217,False,0,0,0,,,,,,,,
102082731,Crashes_2010_2019_MPO,2018-07-21,2018,35.97716,-86.67813,False,0,0,0,,,,,,,,
102082302,Crashes_2010_2019_MPO,2018-07-21,2018,36.04529,-86.71404,False,0,0,0,,,,,,,,
102081849,Crashes_2010_2019_MPO,2018-07-21,2018,36.0339,-86.70757,False,0,0,0,,,,,,,,
102082116,Crashes_2010_2019_MPO,2018-07-21,2018,36.04729,-86.86266,False,0,0,0,,,,,,,,
102081873,Crashes_2010_2019_MPO,2018-07-21,2018,35.96015,-86.81097,False,0,0,0,,,,,,,,
102082392,Crashes_2010_2019_MPO,2018-07-21,2018,36.04028,-86.76837,False,0,0,0,,,,,,,,
102082221,Crashes_2010_2019_MPO,2018-07-21,2018,35.93242,-86.85995,False,0,0,0,,,,,,,,
102083348,Crashes_2010_2019_MPO,2018-07-22,2018,36.02511,-86.71779,False,0,0,0,,,,,,,,
102082917,Crashes_2010_2019_MPO,2018-07-22,2018,36.04696,-86.71345,False,0,0,0,,,,,,,,
102083644,Crashes_2010_2019_MPO,2018-07-22,2018,36.01575,-86.82116,True,0,0,0,,,,,,,,
102082906,Crashes_2010_2019_MPO,2018-07-22,2018,36.04902,-86.72318,False,0,0,0,,,,,,,,
102082843,Crashes_2010_2019_MPO,2018-07-22,2018,36.03135,-86.75441,False,0,0,0,,,,,,,,
102083419,Crashes_2010_2019_MPO,2018-07-22,2018,36.0528,-86.71476,False,0,0,0,,,,,,,,
102084263,Crashes_2010_2019_MPO,2018-07-23,2018,35.99701,-86.69008,False,0,0,0,,,,,,,,
102084294,Crashes_2010_2019_MPO,2018-07-23,2018,35.95524,-86.84497,False,0,0,0,,,,,,,,
102084101,Crashes_2010_2019_MPO,2018-07-23,2018,36.03995,-86.78093,False,0,0,0,,,,,,,,
102084485,Crashes_2010_2019_MPO,2018-07-23,2018,35.99663,-86.68953,False,0,0,0,,,,,,,,
102084314,Crashes_2010_2019_MPO,2018-07-23,2018,36.04522,-86.71479,False,0,0,0,,,,,,,,
102084122,Crashes_2010_2019_MPO,2018-07-23,2018,36.04128,-86.74378,False,0,0,0,,,,,,,,
102084406,Crashes_2010_2019_MPO,2018-07-23,2018,36.0364,-86.78289,False,0,0,0,,,,,,,,
102085767,Crashes_2010_2019_MPO,2018-07-23,2018,36.03566,-86.7878,True,0,0,0,,,,,,,,
102083797,Crashes_2010_2019_MPO,2018-07-23,2018,36.03875,-86.78301,False,0,0,0,,,,,,,,
102085285,Crashes_2010_2019_MPO,2018-07-23,2018,35.96015,-86.87826,False,0,0,0,,,,,,,,
102084245,Crashes_2010_2019_MPO,2018-07-23,2018,35.9928,-86.82872,True,0,0,0,,,,,,,,
102084330,Crashes_2010_2019_MPO,2018-07-23,2018,35.96644,-86.81375,False,0,0,0,,,,,,,,
102084823,Crashes_2010_2019_MPO,2018-07-23,2018,35.96518,-86.80029,True,0,0,0,,,,,,,,
102087671,Crashes_2010_2019_MPO,2018-07-23,2018,35.9609,-86.80181,True,0,0,0,,,,,,,,
102084257,Crashes_2010_2019_MPO,2018-07-23,2018,35.99248,-86.82849,True,0,0,0,,,,,,,,
102087022,Crashes_2010_2019_MPO,2018-07-23,2018,35.98111,-86.84624,False,0,0,0,,,,,,,,
102083948,Crashes_2010_2019_MPO,2018-07-23,2018,36.03336,-86.78872,True,0,0,0,,,,,,,,
102083892,Crashes_2010_2019_MPO,2018-07-23,2018,35.99759,-86.79684,True,0,0,0,,,,,,,,
102083791,Crashes_2010_2019_MPO,2018-07-23,2018,36.05129,-86.70272,False,0,0,0,,,,,,,,
102084364,Crashes_2010_2019_MPO,2018-07-23,2018,35.9702,-86.8062,True,0,0,0,,,,,,,,
102084523,Crashes_2010_2019_MPO,2018-07-23,2018,35.94666,-86.82225,False,0,0,0,,,,,,,,
102085768,Crashes_2010_2019_MPO,2018-07-24,2018,36.01475,-86.78148,True,0,0,0,,,,,,,,
102085427,Crashes_2010_2019_MPO,2018-07-24,2018,35.93491,-86.82153,False,0,0,0,,,,,,,,
102087673,Crashes_2010_2019_MPO,2018-07-24,2018,35.9512,-86.8184,False,0,0,0,,,,,,,,
102087675,Crashes_2010_2019_MPO,2018-07-24,2018,35.95793,-86.80256,False,0,0,0,,,,,,,,
102085450,Crashes_2010_2019_MPO,2018-07-24,2018,35.95228,-86.81923,False,0,0,0,,,,,,,,
102087507,Crashes_2010_2019_MPO,2018-07-24,2018,35.93557,-86.82364,False,0,0,0,,,,,,,,
102085619,Crashes_2010_2019_MPO,2018-07-24,2018,36.03512,-86.70686,False,0,0,0,,,,,,,,
102087674,Crashes_2010_2019_MPO,2018-07-24,2018,35.94872,-86.83189,False,0,0,0,,,,,,,,
102085230,Crashes_2010_2019_MPO,2018-07-24,2018,35.96571,-86.69338,False,0,0,0,,,,,,,,
102085428,Crashes_2010_2019_MPO,2018-07-24,2018,35.94504,-86.82561,False,0,0,0,,,,,,,,
102085378,Crashes_2010_2019_MPO,2018-07-24,2018,35.95609,-86.81639,False,0,0,0,,,,,,,,
102085155,Crashes_2010_2019_MPO,2018-07-24,2018,36.01392,-86.71935,False,0,0,0,,,,,,,,
102084903,Crashes_2010_2019_MPO,2018-07-24,2018,36.04168,-86.74801,False,0,0,0,,,,,,,,
102086194,Crashes_2010_2019_MPO,2018-07-24,2018,35.99423,-86.73671,True,0,0,0,,,,,,,,
102087672,Crashes_2010_2019_MPO,2018-07-24,2018,35.93481,-86.82128,False,0,0,0,,,,,,,,
102087391,Crashes_2010_2019_MPO,2018-07-24,2018,35.95677,-86.80311,False,0,0,0,,,,,,,,
102085116,Crashes_2010_2019_MPO,2018-07-24,2018,36.03988,-86.81531,False,0,0,0,,,,,,,,
102085576,Crashes_2010_2019_MPO,2018-07-24,2018,36.0409,-86.77938,False,0,0,0,,,,,,,,
102086066,Crashes_2010_2019_MPO,2018-07-25,2018,36.05067,-86.87842,False,0,0,0,,,,,,,,
102087192,Crashes_2010_2019_MPO,2018-07-25,2018,35.97264,-86.82862,True,0,0,0,,,,,,,,
102086794,Crashes_2010_2019_MPO,2018-07-25,2018,35.93777,-86.705,False,0,0,0,,,,,,,,
102086023,Crashes_2010_2019_MPO,2018-07-25,2018,35.97776,-86.80359,True,0,0,0,,,,,,,,
102086052,Crashes_2010_2019_MPO,2018-07-25,2018,35.92406,-86.86933,False,0,0,0,,,,,,,,
102086407,Crashes_2010_2019_MPO,2018-07-25,2018,36.05366,-86.71502,False,0,0,0,,,,,,,,
102085873,Crashes_2010_2019_MPO,2018-07-25,2018,36.0409,-86.77938,False,0,0,0,,,,,,,,
102091985,Crashes_2010_2019_MPO,2018-07-25,2018,35.99835,-86.79634,True,0,0,0,,,,,,,,
102086501,Crashes_2010_2019_MPO,2018-07-25,2018,35.99414,-86.76376,True,0,0,0,,,,,,,,
102086267,Crashes_2010_2019_MPO,2018-07-25,2018,36.03793,-86.7841,False,0,0,0,,,,,,,,
102086552,Crashes_2010_2019_MPO,2018-07-25,2018,36.01108,-86.70269,False,0,0,0,,,,,,,,
102086111,Crashes_2010_2019_MPO,2018-07-25,2018,35.92546,-86.87275,False,0,0,0,,,,,,,,
102086279,Crashes_2010_2019_MPO,2018-07-25,2018,35.95209,-86.81805,False,0,0,0,,,,,,,,
102086310,Crashes_2010_2019_MPO,2018-07-25,2018,36.05257,-86.67975,False,0,0,0,,,,,,,,
102087678,Crashes_2010_2019_MPO,2018-07-26,2018,35.93603,-86.82727,False,0,0,0,,,,,,,,
102087232,Crashes_2010_2019_MPO,2018-07-26,2018,36.00437,-86.69908,False,0,0,0,,,,,,,,
102087052,Crashes_2010_2019_MPO,2018-07-26,2018,35.93374,-86.81767,False,0,0,0,,,,,,,,
102088046,Crashes_2010_2019_MPO,2018-07-26,2018,35.93191,-86.79441,False,0,0,0,,,,,,,,
102087676,Crashes_2010_2019_MPO,2018-07-26,2018,35.96639,-86.81131,False,0,0,0,,,,,,,,
102090916,Crashes_2010_2019_MPO,2018-07-26,2018,35.95127,-86.81753,False,0,0,0,,,,,,,,
102088147,Crashes_2010_2019_MPO,2018-07-26,2018,35.94778,-86.81994,False,0,0,0,,,,,,,,
102087106,Crashes_2010_2019_MPO,2018-07-26,2018,36.03963,-86.74344,False,0,0,0,,,,,,,,
102090626,Crashes_2010_2019_MPO,2018-07-27,2018,35.94782,-86.81888,False,0,0,0,,,,,,,,
102089006,Crashes_2010_2019_MPO,2018-07-27,2018,36.03631,-86.79085,True,0,0,0,,,,,,,,
102088918,Crashes_2010_2019_MPO,2018-07-27,2018,35.9673,-86.81493,True,0,0,0,,,,,,,,
102088301,Crashes_2010_2019_MPO,2018-07-27,2018,36.00934,-86.70159,False,0,0,0,,,,,,,,
102088293,Crashes_2010_2019_MPO,2018-07-27,2018,36.03819,-86.78438,False,0,0,0,,,,,,,,
102090917,Crashes_2010_2019_MPO,2018-07-27,2018,35.93374,-86.81767,False,0,0,0,,,,,,,,
102088746,Crashes_2010_2019_MPO,2018-07-27,2018,35.96753,-86.80826,True,0,0,0,,,,,,,,
102089027,Crashes_2010_2019_MPO,2018-07-27,2018,35.94872,-86.83189,False,0,0,0,,,,,,,,
102090918,Crashes_2010_2019_MPO,2018-07-27,2018,35.92844,-86.83378,False,0,1,0,,,,,,,,
102088972,Crashes_2010_2019_MPO,2018-07-27,2018,36.03812,-86.76851,False,0,0,0,,,,,,,,
102089093,Crashes_2010_2019_MPO,2018-07-27,2018,36.04166,-86.74895,False,0,0,0,,,,,,,,
102088813,Crashes_2010_2019_MPO,2018-07-27,2018,36.04245,-86.71294,False,0,0,0,,,,,,,,
102088299,Crashes_2010_2019_MPO,2018-07-27,2018,36.04931,-86.87006,False,0,0,0,,,,,,,,
102089243,Crashes_2010_2019_MPO,2018-07-27,2018,35.96581,-86.80216,True,0,0,0,,,,,,,,
102088973,Crashes_2010_2019_MPO,2018-07-27,2018,36.04541,-86.70361,False,0,0,0,,,,,,,,
102089454,Crashes_2010_2019_MPO,2018-07-27,2018,35.97149,-86.85971,False,0,0,0,,,,,,,,
102088605,Crashes_2010_2019_MPO,2018-07-27,2018,36.04842,-86.71363,False,0,0,0,,,,,,,,
102088654,Crashes_2010_2019_MPO,2018-07-27,2018,35.96225,-86.81509,False,0,0,0,,,,,,,,
102089028,Crashes_2010_2019_MPO,2018-07-27,2018,35.95875,-86.80425,False,0,0,0,,,,,,,,
102088122,Crashes_2010_2019_MPO,2018-07-27,2018,36.03971,-86.75832,False,0,0,0,,,,,,,,
102089258,Crashes_2010_2019_MPO,2018-07-27,2018,36.04537,-86.71326,False,0,0,0,,,,,,,,