record_no,source_layer,collision_ts,crash_year,latitude,longitude,in_city,fatalities,non_motorists,truck_involved,serious_injuries,pedestrian,bicycle,crash_type,manner_of_collision,lighting,weather,first_harmful_event
102090230,Crashes_2010_2019_MPO,2018-07-28,2018,35.94429,-86.81993,False,0,0,0,,,,,,,,
102090090,Crashes_2010_2019_MPO,2018-07-28,2018,36.04556,-86.7194,False,0,0,0,,,,,,,,
102089620,Crashes_2010_2019_MPO,2018-07-28,2018,36.03058,-86.706,False,0,0,0,,,,,,,,
102091198,Crashes_2010_2019_MPO,2018-07-28,2018,35.94687,-86.85168,False,0,0,0,,,,,,,,
102090007,Crashes_2010_2019_MPO,2018-07-28,2018,35.95863,-86.80444,False,0,0,0,,,,,,,,
102089753,Crashes_2010_2019_MPO,2018-07-28,2018,36.04102,-86.77911,False,0,0,0,,,,,,,,
102089635,Crashes_2010_2019_MPO,2018-07-28,2018,36.01552,-86.70532,False,0,0,0,,,,,,,,
102090978,Crashes_2010_2019_MPO,2018-07-29,2018,35.99685,-86.79168,True,0,0,0,,,,,,,,
102091715,Crashes_2010_2019_MPO,2018-07-29,2018,35.92641,-86.82447,False,0,0,0,,,,,,,,
102090840,Crashes_2010_2019_MPO,2018-07-29,2018,36.05462,-86.68072,False,0,0,0,,,,,,,,
102091403,Crashes_2010_2019_MPO,2018-07-29,2018,36.02406,-86.70747,False,0,0,0,,,,,,,,
102091044,Crashes_2010_2019_MPO,2018-07-29,2018,35.96046,-86.75321,True,0,0,0,,,,,,,,
102092492,Crashes_2010_2019_MPO,2018-07-30,2018,35.98563,-86.73291,True,0,0,0,,,,,,,,
102091918,Crashes_2010_2019_MPO,2018-07-30,2018,36.04538,-86.7131,False,0,0,0,,,,,,,,
102092897,Crashes_2010_2019_MPO,2018-07-30,2018,35.9237,-86.86774,False,0,0,0,,,,,,,,
102092297,Crashes_2010_2019_MPO,2018-07-30,2018,35.95225,-86.80519,False,0,0,0,,,,,,,,
102092453,Crashes_2010_2019_MPO,2018-07-30,2018,36.03329,-86.77717,True,0,0,0,,,,,,,,
102091919,Crashes_2010_2019_MPO,2018-07-30,2018,36.0409,-86.77938,False,0,0,0,,,,,,,,
102093667,Crashes_2010_2019_MPO,2018-07-30,2018,36.02218,-86.84832,True,0,0,0,,,,,,,,
102092508,Crashes_2010_2019_MPO,2018-07-30,2018,35.95079,-86.81866,False,0,0,0,,,,,,,,
102093112,Crashes_2010_2019_MPO,2018-07-30,2018,35.95789,-86.80257,False,0,0,0,,,,,,,,
102092811,Crashes_2010_2019_MPO,2018-07-30,2018,36.0358,-86.7435,False,0,0,0,,,,,,,,
102093593,Crashes_2010_2019_MPO,2018-07-31,2018,35.92609,-86.87139,False,0,0,0,,,,,,,,
102093966,Crashes_2010_2019_MPO,2018-07-31,2018,36.00696,-86.70308,False,0,0,0,,,,,,,,
102093663,Crashes_2010_2019_MPO,2018-07-31,2018,36.03739,-86.7867,False,0,0,0,,,,,,,,
102092953,Crashes_2010_2019_MPO,2018-07-31,2018,36.04544,-86.70383,False,0,0,0,,,,,,,,
102094641,Crashes_2010_2019_MPO,2018-07-31,2018,36.03662,-86.81293,True,0,0,0,,,,,,,,
102095009,Crashes_2010_2019_MPO,2018-07-31,2018,36.04743,-86.77678,False,0,0,0,,,,,,,,
102094078,Crashes_2010_2019_MPO,2018-07-31,2018,36.03336,-86.78872,True,0,0,0,,,,,,,,
102094325,Crashes_2010_2019_MPO,2018-07-31,2018,35.96238,-86.80917,False,0,0,0,,,,,,,,
102093625,Crashes_2010_2019_MPO,2018-07-31,2018,35.98492,-86.72678,True,0,0,0,,,,,,,,
102093921,Crashes_2010_2019_MPO,2018-07-31,2018,35.99945,-86.69343,False,0,0,0,,,,,,,,
102094737,Crashes_2010_2019_MPO,2018-07-31,2018,35.9676,-86.8602,False,0,0,0,,,,,,,,
102093570,Crashes_2010_2019_MPO,2018-07-31,2018,36.01286,-86.80081,True,0,0,0,,,,,,,,
102093533,Crashes_2010_2019_MPO,2018-07-31,2018,35.95044,-86.84883,False,0,0,0,,,,,,,,
102093969,Crashes_2010_2019_MPO,2018-07-31,2018,36.05049,-86.87668,False,0,0,0,,,,,,,,
102093357,Crashes_2010_2019_MPO,2018-07-31,2018,36.04159,-86.74934,False,0,0,0,,,,,,,,
102094711,Crashes_2010_2019_MPO,2018-08-01,2018,35.92435,-86.86979,False,0,0,0,,,,,,,,
102094139,Crashes_2010_2019_MPO,2018-08-01,2018,35.9638,-86.80842,False,0,0,0,,,,,,,,
102094096,Crashes_2010_2019_MPO,2018-08-01,2018,36.05151,-86.71436,False,0,0,0,,,,,,,,
102095216,Crashes_2010_2019_MPO,2018-08-01,2018,35.95684,-86.83965,False,0,0,0,,,,,,,,
102095799,Crashes_2010_2019_MPO,2018-08-01,2018,35.92517,-86.86918,False,0,0,0,,,,,,,,
102094551,Crashes_2010_2019_MPO,2018-08-01,2018,35.93191,-86.794,False,0,0,0,,,,,,,,
102094747,Crashes_2010_2019_MPO,2018-08-01,2018,35.94644,-86.80911,False,0,0,0,,,,,,,,
102095244,Crashes_2010_2019_MPO,2018-08-01,2018,35.96619,-86.80792,True,0,0,0,,,,,,,,
102095083,Crashes_2010_2019_MPO,2018-08-01,2018,36.0343,-86.79174,True,0,0,0,,,,,,,,
102094854,Crashes_2010_2019_MPO,2018-08-01,2018,35.94801,-86.81995,False,0,0,0,,,,,,,,
102095624,Crashes_2010_2019_MPO,2018-08-01,2018,35.96202,-86.81197,False,0,0,0,,,,,,,,
102094220,Crashes_2010_2019_MPO,2018-08-01,2018,35.95916,-86.8021,False,0,0,0,,,,,,,,
102094667,Crashes_2010_2019_MPO,2018-08-01,2018,35.9977,-86.79781,True,0,0,0,,,,,,,,
102095797,Crashes_2010_2019_MPO,2018-08-01,2018,35.94629,-86.80916,False,0,0,0,,,,,,,,
102094894,Crashes_2010_2019_MPO,2018-08-01,2018,36.05181,-86.71445,False,0,0,0,,,,,,,,
102096156,Crashes_2010_2019_MPO,2018-08-02,2018,35.95701,-86.80286,False,0,0,0,,,,,,,,
102095242,Crashes_2010_2019_MPO,2018-08-02,2018,36.03973,-86.76313,False,0,0,0,,,,,,,,
102095419,Crashes_2010_2019_MPO,2018-08-02,2018,35.94692,-86.85165,False,0,0,0,,,,,,,,
102095238,Crashes_2010_2019_MPO,2018-08-02,2018,36.04662,-86.71341,False,0,0,0,,,,,,,,
102095241,Crashes_2010_2019_MPO,2018-08-02,2018,36.04526,-86.71704,False,0,1,0,,,,,,,,
102095800,Crashes_2010_2019_MPO,2018-08-02,2018,35.9502,-86.81787,False,0,0,0,,,,,,,,
102095200,Crashes_2010_2019_MPO,2018-08-02,2018,35.94782,-86.81975,False,0,0,0,,,,,,,,
102095724,Crashes_2010_2019_MPO,2018-08-02,2018,36.0374,-86.79099,False,0,0,0,,,,,,,,
102095855,Crashes_2010_2019_MPO,2018-08-02,2018,36.05196,-86.77559,False,0,0,0,,,,,,,,
102095852,Crashes_2010_2019_MPO,2018-08-02,2018,35.97331,-86.80513,True,0,0,0,,,,,,,,
102095943,Crashes_2010_2019_MPO,2018-08-02,2018,35.99687,-86.68989,False,0,0,0,,,,,,,,
102095801,Crashes_2010_2019_MPO,2018-08-02,2018,35.9579,-86.80257,False,0,0,0,,,,,,,,
102095133,Crashes_2010_2019_MPO,2018-08-02,2018,36.04188,-86.71763,False,0,0,0,,,,,,,,
102095723,Crashes_2010_2019_MPO,2018-08-02,2018,36.03654,-86.79084,True,0,0,0,,,,,,,,
102095340,Crashes_2010_2019_MPO,2018-08-02,2018,36.04479,-86.72487,False,0,0,0,,,,,,,,
102102923,Crashes_2010_2019_MPO,2018-08-02,2018,35.92826,-86.76722,False,0,0,0,,,,,,,,
102096046,Crashes_2010_2019_MPO,2018-08-02,2018,36.04559,-86.71963,False,0,0,0,,,,,,,,
102095388,Crashes_2010_2019_MPO,2018-08-02,2018,36.0379,-86.78465,False,0,0,0,,,,,,,,
102095570,Crashes_2010_2019_MPO,2018-08-02,2018,36.04299,-86.77855,False,0,0,0,,,,,,,,
102095510,Crashes_2010_2019_MPO,2018-08-02,2018,36.04553,-86.71154,False,0,0,0,,,,,,,,
102101728,Crashes_2010_2019_MPO,2018-08-03,2018,35.9667,-86.81121,True,0,0,0,,,,,,,,
102097811,Crashes_2010_2019_MPO,2018-08-03,2018,36.05437,-86.70964,False,0,0,0,,,,,,,,
102098524,Crashes_2010_2019_MPO,2018-08-03,2018,35.96661,-86.81124,True,0,0,0,,,,,,,,
102097455,Crashes_2010_2019_MPO,2018-08-03,2018,36.02728,-86.78493,True,0,0,0,,,,,,,,
102096861,Crashes_2010_2019_MPO,2018-08-03,2018,35.96194,-86.81496,False,0,0,0,,,,,,,,
102097784,Crashes_2010_2019_MPO,2018-08-03,2018,35.95548,-86.81206,False,0,0,0,,,,,,,,
102097043,Crashes_2010_2019_MPO,2018-08-03,2018,35.97102,-86.67835,False,0,0,0,,,,,,,,
102097041,Crashes_2010_2019_MPO,2018-08-03,2018,35.92468,-86.87218,False,0,0,0,,,,,,,,
102097523,Crashes_2010_2019_MPO,2018-08-03,2018,36.03881,-86.74343,False,0,0,0,,,,,,,,
102097928,Crashes_2010_2019_MPO,2018-08-03,2018,36.04026,-86.8164,False,0,0,0,,,,,,,,
102096419,Crashes_2010_2019_MPO,2018-08-03,2018,36.05354,-86.77516,False,0,0,0,,,,,,,,
102097757,Crashes_2010_2019_MPO,2018-08-03,2018,35.92378,-86.76681,False,0,0,0,,,,,,,,
102096214,Crashes_2010_2019_MPO,2018-08-03,2018,36.03012,-86.68244,False,0,0,0,,,,,,,,
102097205,Crashes_2010_2019_MPO,2018-08-03,2018,36.01465,-86.81153,True,0,0,0,,,,,,,,
102097519,Crashes_2010_2019_MPO,2018-08-03,2018,35.99814,-86.69166,False,0,0,0,,,,,,,,
102098530,Crashes_2010_2019_MPO,2018-08-04,2018,36.04071,-86.77973,False,0,0,0,,,,,,,,
102098152,Crashes_2010_2019_MPO,2018-08-04,2018,36.02127,-86.74264,False,0,0,0,,,,,,,,
102098626,Crashes_2010_2019_MPO,2018-08-04,2018,36.03336,-86.78872,True,0,0,0,,,,,,,,
102098736,Crashes_2010_2019_MPO,2018-08-04,2018,35.95588,-86.81745,False,0,0,0,,,,,,,,
102098735,Crashes_2010_2019_MPO,2018-08-04,2018,35.92939,-86.84217,False,0,0,0,,,,,,,,
102099321,Crashes_2010_2019_MPO,2018-08-04,2018,35.95992,-86.80699,False,0,0,0,,,,,,,,
102098476,Crashes_2010_2019_MPO,2018-08-04,2018,36.01038,-86.75263,True,0,0,0,,,,,,,,
102098317,Crashes_2010_2019_MPO,2018-08-04,2018,36.04002,-86.74367,False,0,0,0,,,,,,,,
102098764,Crashes_2010_2019_MPO,2018-08-04,2018,36.0409,-86.77938,False,0,0,0,,,,,,,,
102099571,Crashes_2010_2019_MPO,2018-08-05,2018,36.02522,-86.71118,False,0,0,0,,,,,,,,
102100015,Crashes_2010_2019_MPO,2018-08-05,2018,35.98263,-86.79001,True,0,0,0,,,,,,,,
102099066,Crashes_2010_2019_MPO,2018-08-05,2018,35.93405,-86.81901,False,0,0,0,,,,,,,,
102099591,Crashes_2010_2019_MPO,2018-08-05,2018,36.04001,-86.74348,False,0,0,0,,,,,,,,
102099349,Crashes_2010_2019_MPO,2018-08-05,2018,35.94695,-86.82404,False,0,0,0,,,,,,,,
102099561,Crashes_2010_2019_MPO,2018-08-05,2018,35.99551,-86.77887,True,0,0,0,,,,,,,,
102099502,Crashes_2010_2019_MPO,2018-08-05,2018,35.99781,-86.79886,True,0,0,0,,,,,,,,
102099794,Crashes_2010_2019_MPO,2018-08-05,2018,36.04127,-86.82191,False,0,0,0,,,,,,,,
102099283,Crashes_2010_2019_MPO,2018-08-05,2018,36.05354,-86.71499,False,0,0,0,,,,,,,,
102100590,Crashes_2010_2019_MPO,2018-08-06,2018,36.03727,-86.78869,False,0,0,0,,,,,,,,
102100216,Crashes_2010_2019_MPO,2018-08-06,2018,36.03632,-86.80104,True,0,0,0,,,,,,,,
102100516,Crashes_2010_2019_MPO,2018-08-06,2018,36.03122,-86.78817,True,0,0,0,,,,,,,,
102100575,Crashes_2010_2019_MPO,2018-08-06,2018,35.95078,-86.80672,False,0,0,0,,,,,,,,
102100022,Crashes_2010_2019_MPO,2018-08-06,2018,35.99562,-86.79741,True,0,0,0,,,,,,,,
102110422,Crashes_2010_2019_MPO,2018-08-06,2018,35.95293,-86.81219,False,0,0,0,,,,,,,,
102101941,Crashes_2010_2019_MPO,2018-08-06,2018,35.95859,-86.81559,False,0,1,0,,,,,,,,
102100031,Crashes_2010_2019_MPO,2018-08-06,2018,35.97052,-86.80609,True,0,0,0,,,,,,,,
102099974,Crashes_2010_2019_MPO,2018-08-06,2018,35.9266,-86.76722,False,0,0,0,,,,,,,,
102100525,Crashes_2010_2019_MPO,2018-08-06,2018,36.03936,-86.78197,False,0,0,0,,,,,,,,
102100619,Crashes_2010_2019_MPO,2018-08-06,2018,36.04521,-86.71653,False,0,0,0,,,,,,,,
102110719,Crashes_2010_2019_MPO,2018-08-06,2018,36.02561,-86.78512,True,0,0,0,,,,,,,,
102100524,Crashes_2010_2019_MPO,2018-08-06,2018,36.04293,-86.84166,False,0,0,0,,,,,,,,
102100627,Crashes_2010_2019_MPO,2018-08-06,2018,36.03323,-86.78332,True,0,0,0,,,,,,,,
102100718,Crashes_2010_2019_MPO,2018-08-06,2018,36.04641,-86.71339,False,0,0,0,,,,,,,,
102101965,Crashes_2010_2019_MPO,2018-08-07,2018,35.93219,-86.79405,False,0,0,0,,,,,,,,
102101232,Crashes_2010_2019_MPO,2018-08-07,2018,35.95868,-86.80218,False,0,0,0,,,,,,,,
102101449,Crashes_2010_2019_MPO,2018-08-07,2018,36.03742,-86.79045,False,0,0,0,,,,,,,,
102101474,Crashes_2010_2019_MPO,2018-08-07,2018,35.9671,-86.81383,True,0,0,0,,,,,,,,
102101166,Crashes_2010_2019_MPO,2018-08-07,2018,35.96735,-86.81505,True,0,0,0,,,,,,,,
102101451,Crashes_2010_2019_MPO,2018-08-07,2018,35.92738,-86.8687,False,0,0,0,,,,,,,,
102101588,Crashes_2010_2019_MPO,2018-08-07,2018,35.94923,-86.81967,False,0,0,0,,,,,,,,
102102087,Crashes_2010_2019_MPO,2018-08-07,2018,35.951,-86.81852,False,0,0,0,,,,,,,,
102101564,Crashes_2010_2019_MPO,2018-08-07,2018,36.03416,-86.78826,True,0,0,0,,,,,,,,
102101231,Crashes_2010_2019_MPO,2018-08-07,2018,35.94675,-86.85178,False,0,0,0,,,,,,,,
102100935,Crashes_2010_2019_MPO,2018-08-07,2018,35.99914,-86.80899,True,0,0,0,,,,,,,,
102101466,Crashes_2010_2019_MPO,2018-08-07,2018,36.03903,-86.78257,False,0,0,0,,,,,,,,
102101109,Crashes_2010_2019_MPO,2018-08-07,2018,36.03531,-86.73543,False,0,0,0,,,,,,,,
102102657,Crashes_2010_2019_MPO,2018-08-08,2018,36.03803,-86.78641,False,0,0,0,,,,,,,,
102102411,Crashes_2010_2019_MPO,2018-08-08,2018,36.03934,-86.78566,False,0,0,0,,,,,,,,
102102499,Crashes_2010_2019_MPO,2018-08-08,2018,36.03754,-86.78549,False,0,0,0,,,,,,,,
102107343,Crashes_2010_2019_MPO,2018-08-08,2018,35.95046,-86.81306,False,0,0,0,,,,,,,,
102102605,Crashes_2010_2019_MPO,2018-08-08,2018,36.03487,-86.80447,True,0,0,0,,,,,,,,
102102004,Crashes_2010_2019_MPO,2018-08-08,2018,36.03971,-86.76279,False,0,0,0,,,,,,,,
102101994,Crashes_2010_2019_MPO,2018-08-08,2018,35.96577,-86.80165,True,0,0,0,,,,,,,,
102101963,Crashes_2010_2019_MPO,2018-08-08,2018,35.94793,-86.81927,False,0,0,0,,,,,,,,
102102403,Crashes_2010_2019_MPO,2018-08-08,2018,35.99745,-86.79573,True,0,0,0,,,,,,,,
102103104,Crashes_2010_2019_MPO,2018-08-08,2018,35.95303,-86.8179,False,0,0,1,,,,,,,,
102102018,Crashes_2010_2019_MPO,2018-08-08,2018,35.99742,-86.79549,True,0,0,0,,,,,,,,
102101933,Crashes_2010_2019_MPO,2018-08-08,2018,36.04107,-86.77562,False,0,0,0,,,,,,,,
102109063,Crashes_2010_2019_MPO,2018-08-08,2018,35.99156,-86.79881,True,0,0,0,,,,,,,,
102103763,Crashes_2010_2019_MPO,2018-08-08,2018,35.96637,-86.81228,False,0,0,0,,,,,,,,
102102024,Crashes_2010_2019_MPO,2018-08-08,2018,36.0451,-86.77915,False,0,0,0,,,,,,,,
102101980,Crashes_2010_2019_MPO,2018-08-08,2018,36.04114,-86.77621,False,0,0,0,,,,,,,,
102103389,Crashes_2010_2019_MPO,2018-08-08,2018,36.03316,-86.78593,True,0,0,0,,,,,,,,
102102634,Crashes_2010_2019_MPO,2018-08-08,2018,36.04952,-86.67734,False,0,0,0,,,,,,,,
102103052,Crashes_2010_2019_MPO,2018-08-09,2018,35.95248,-86.81236,False,0,0,0,,,,,,,,
102104158,Crashes_2010_2019_MPO,2018-08-09,2018,35.93586,-86.81813,False,0,0,0,,,,,,,,
102103527,Crashes_2010_2019_MPO,2018-08-09,2018,35.96646,-86.80948,True,0,0,0,,,,,,,,
102103526,Crashes_2010_2019_MPO,2018-08-09,2018,35.95616,-86.76726,True,0,0,0,,,,,,,,
102103501,Crashes_2010_2019_MPO,2018-08-09,2018,35.93812,-86.82194,False,0,0,0,,,,,,,,
102103127,Crashes_2010_2019_MPO,2018-08-09,2018,36.03261,-86.76928,False,0,0,0,,,,,,,,
102103511,Crashes_2010_2019_MPO,2018-08-09,2018,36.04499,-86.85142,False,0,0,0,,,,,,,,
102103426,Crashes_2010_2019_MPO,2018-08-09,2018,36.04523,-86.7147,False,0,0,0,,,,,,,,
102102873,Crashes_2010_2019_MPO,2018-08-09,2018,36.04001,-86.74347,False,0,0,0,,,,,,,,
102103782,Crashes_2010_2019_MPO,2018-08-09,2018,35.95957,-86.80185,False,0,0,0,,,,,,,,
102103018,Crashes_2010_2019_MPO,2018-08-09,2018,35.93984,-86.82137,False,0,1,0,,,,,,,,
102103182,Crashes_2010_2019_MPO,2018-08-09,2018,36.04005,-86.78124,False,0,0,0,,,,,,,,
102106079,Crashes_2010_2019_MPO,2018-08-10,2018,35.92546,-86.87275,False,0,0,0,,,,,,,,
102104507,Crashes_2010_2019_MPO,2018-08-10,2018,35.95324,-86.84658,False,0,0,0,,,,,,,,
102104458,Crashes_2010_2019_MPO,2018-08-10,2018,36.04704,-86.6793,False,0,0,0,,,,,,,,
102105131,Crashes_2010_2019_MPO,2018-08-10,2018,36.03683,-86.78268,False,0,0,0,,,,,,,,
102104420,Crashes_2010_2019_MPO,2018-08-10,2018,35.97277,-86.83354,False,0,0,0,,,,,,,,
102104388,Crashes_2010_2019_MPO,2018-08-10,2018,36.01572,-86.82063,True,0,0,0,,,,,,,,
102105690,Crashes_2010_2019_MPO,2018-08-10,2018,35.94972,-86.81915,False,0,0,0,,,,,,,,
102105840,Crashes_2010_2019_MPO,2018-08-10,2018,35.92609,-86.87139,False,0,0,0,,,,,,,,
102107235,Crashes_2010_2019_MPO,2018-08-10,2018,35.99815,-86.79616,True,0,0,0,,,,,,,,
102105663,Crashes_2010_2019_MPO,2018-08-10,2018,36.04996,-86.71393,False,0,0,0,,,,,,,,
102106233,Crashes_2010_2019_MPO,2018-08-10,2018,35.96532,-86.70293,False,0,0,0,,,,,,,,
102105425,Crashes_2010_2019_MPO,2018-08-10,2018,35.93988,-86.82132,False,0,0,0,,,,,,,,
102104111,Crashes_2010_2019_MPO,2018-08-10,2018,35.99108,-86.68339,False,0,0,0,,,,,,,,
102105410,Crashes_2010_2019_MPO,2018-08-10,2018,36.03595,-86.78722,True,0,0,0,,,,,,,,
102106742,Crashes_2010_2019_MPO,2018-08-11,2018,36.05347,-86.71497,False,0,0,0,,,,,,,,
102106220,Crashes_2010_2019_MPO,2018-08-11,2018,36.00562,-86.70006,False,0,0,0,,,,,,,,
102106481,Crashes_2010_2019_MPO,2018-08-11,2018,36.0375,-86.78584,False,0,0,0,,,,,,,,
102106061,Crashes_2010_2019_MPO,2018-08-11,2018,35.99693,-86.68648,False,0,0,0,,,,,,,,
102108291,Crashes_2010_2019_MPO,2018-08-11,2018,35.99781,-86.79886,True,0,0,0,,,,,,,,
102106149,Crashes_2010_2019_MPO,2018-08-11,2018,36.0114,-86.7847,True,0,0,0,,,,,,,,
102107074,Crashes_2010_2019_MPO,2018-08-11,2018,36.05191,-86.68789,False,0,0,0,,,,,,,,
102106493,Crashes_2010_2019_MPO,2018-08-11,2018,35.9886,-86.68138,False,0,0,0,,,,,,,,
102106406,Crashes_2010_2019_MPO,2018-08-11,2018,35.95962,-86.83087,False,0,0,0,,,,,,,,
102108187,Crashes_2010_2019_MPO,2018-08-12,2018,36.04017,-86.75251,False,0,0,0,,,,,,,,
102107905,Crashes_2010_2019_MPO,2018-08-12,2018,35.95314,-86.81513,False,0,0,0,,,,,,,,
102107637,Crashes_2010_2019_MPO,2018-08-12,2018,35.966695,-86.80912,True,0,0,0,,,,,,,,
102107478,Crashes_2010_2019_MPO,2018-08-12,2018,36.03921,-86.71285,False,0,0,0,,,,,,,,
102107516,Crashes_2010_2019_MPO,2018-08-12,2018,36.05481,-86.69468,False,0,0,0,,,,,,,,
102107823,Crashes_2010_2019_MPO,2018-08-12,2018,35.9667,-86.81121,True,0,0,0,,,,,,,,
102109421,Crashes_2010_2019_MPO,2018-08-13,2018,35.95139,-86.8183,False,0,0,0,,,,,,,,
102110322,Crashes_2010_2019_MPO,2018-08-13,2018,35.92426,-86.8709,False,0,0,0,,,,,,,,
102108476,Crashes_2010_2019_MPO,2018-08-13,2018,36.04717,-86.77639,False,0,0,0,,,,,,,,
102111354,Crashes_2010_2019_MPO,2018-08-13,2018,35.93374,-86.81767,False,0,0,0,,,,,,,,
102109441,Crashes_2010_2019_MPO,2018-08-13,2018,36.03066,-86.78358,True,0,0,0,,,,,,,,
102110802,Crashes_2010_2019_MPO,2018-08-13,2018,35.99536,-86.79774,True,0,0,0,,,,,,,,
102108650,Crashes_2010_2019_MPO,2018-08-13,2018,35.92999,-86.86435,False,0,0,0,,,,,,,,
102108416,Crashes_2010_2019_MPO,2018-08-13,2018,35.99128,-86.68146,False,0,0,0,,,,,,,,
102108945,Crashes_2010_2019_MPO,2018-08-13,2018,36.03047,-86.74398,False,0,0,0,,,,,,,,
102109333,Crashes_2010_2019_MPO,2018-08-13,2018,35.92641,-86.82453,False,0,0,0,,,,,,,,
102108478,Crashes_2010_2019_MPO,2018-08-13,2018,36.02713,-86.74374,False,0,0,0,,,,,,,,
102109663,Crashes_2010_2019_MPO,2018-08-14,2018,36.04117,-86.74376,False,0,0,0,,,,,,,,
102109945,Crashes_2010_2019_MPO,2018-08-14,2018,35.98125,-86.84602,False,0,0,0,,,,,,,,
102109546,Crashes_2010_2019_MPO,2018-08-14,2018,35.93465,-86.86087,False,0,0,0,,,,,,,,
102110007,Crashes_2010_2019_MPO,2018-08-14,2018,35.96569,-86.81393,False,0,0,0,,,,,,,,
102111538,Crashes_2010_2019_MPO,2018-08-14,2018,35.95534,-86.82586,False,0,0,0,,,,,,,,
102109682,Crashes_2010_2019_MPO,2018-08-14,2018,36.03999,-86.78129,False,0,0,0,,,,,,,,
102109882,Crashes_2010_2019_MPO,2018-08-14,2018,35.93191,-86.794,False,0,0,0,,,,,,,,
102110008,Crashes_2010_2019_MPO,2018-08-14,2018,35.96434,-86.78749,True,0,0,0,,,,,,,,
102109364,Crashes_2010_2019_MPO,2018-08-14,2018,36.0503,-86.68517,False,0,0,0,,,,,,,,
102111539,Crashes_2010_2019_MPO,2018-08-14,2018,35.95423,-86.81173,False,0,0,0,,,,,,,,
102111008,Crashes_2010_2019_MPO,2018-08-15,2018,35.9667,-86.81121,True,0,0,0,,,,,,,,
102111024,Crashes_2010_2019_MPO,2018-08-15,2018,35.92641,-86.82447,False,0,0,0,,,,,,,,
102111012,Crashes_2010_2019_MPO,2018-08-15,2018,36.01978,-86.74861,False,0,0,0,,,,,,,,
102111080,Crashes_2010_2019_MPO,2018-08-15,2018,35.94429,-86.81993,False,0,0,0,,,,,,,,
102110905,Crashes_2010_2019_MPO,2018-08-15,2018,35.96705,-86.81355,True,0,0,0,,,,,,,,
102110980,Crashes_2010_2019_MPO,2018-08-15,2018,36.04246,-86.70037,False,0,0,0,,,,,,,,
102113354,Crashes_2010_2019_MPO,2018-08-15,2018,35.97308,-86.83327,False,0,0,0,,,,,,,,
102112067,Crashes_2010_2019_MPO,2018-08-16,2018,35.99549,-86.77868,True,0,0,0,,,,,,,,
102118255,Crashes_2010_2019_MPO,2018-08-16,2018,36.02388,-86.78611,True,0,0,0,,,,,,,,
102111980,Crashes_2010_2019_MPO,2018-08-16,2018,35.95524,-86.84497,False,0,0,0,,,,,,,,
102111423,Crashes_2010_2019_MPO,2018-08-16,2018,35.94114,-86.83623,False,0,0,0,,,,,,,,
102112022,Crashes_2010_2019_MPO,2018-08-16,2018,36.04112,-86.77607,False,0,0,0,,,,,,,,
102111998,Crashes_2010_2019_MPO,2018-08-16,2018,36.01755,-86.74135,False,0,0,0,,,,,,,,
102113355,Crashes_2010_2019_MPO,2018-08-16,2018,35.98416,-86.7069,True,0,0,0,,,,,,,,
102111679,Crashes_2010_2019_MPO,2018-08-16,2018,36.0243,-86.74239,False,0,0,0,,,,,,,,
102111847,Crashes_2010_2019_MPO,2018-08-16,2018,35.93557,-86.82426,False,0,0,0,,,,,,,,
102111414,Crashes_2010_2019_MPO,2018-08-16,2018,36.0022,-86.7927,True,0,0,0,,,,,,,,
102112066,Crashes_2010_2019_MPO,2018-08-16,2018,35.97265,-86.74044,True,0,0,0,,,,,,,,
102111982,Crashes_2010_2019_MPO,2018-08-16,2018,35.94874,-86.80752,False,0,0,0,,,,,,,,
102111742,Crashes_2010_2019_MPO,2018-08-16,2018,36.04887,-86.67873,False,0,0,0,,,,,,,,
102112957,Crashes_2010_2019_MPO,2018-08-17,2018,35.97371,-86.83272,True,0,0,0,,,,,,,,
102113588,Crashes_2010_2019_MPO,2018-08-17,2018,36.0454,-86.70315,False,0,0,0,,,,,,,,
102112959,Crashes_2010_2019_MPO,2018-08-17,2018,36.03641,-86.78695,False,0,0,0,,,,,,,,
102112563,Crashes_2010_2019_MPO,2018-08-17,2018,36.04537,-86.71326,False,0,0,0,,,,,,,,
102113611,Crashes_2010_2019_MPO,2018-08-17,2018,36.04195,-86.71474,False,0,0,0,,,,,,,,
102113084,Crashes_2010_2019_MPO,2018-08-17,2018,36.01538,-86.81675,True,0,0,0,,,,,,,,
102113316,Crashes_2010_2019_MPO,2018-08-17,2018,36.03551,-86.78748,True,0,0,0,,,,,,,,
102112254,Crashes_2010_2019_MPO,2018-08-17,2018,36.05064,-86.73975,False,0,0,0,,,,,,,,
102112476,Crashes_2010_2019_MPO,2018-08-17,2018,35.92991,-86.81361,False,0,0,0,,,,,,,,
102113487,Crashes_2010_2019_MPO,2018-08-17,2018,35.93446,-86.81991,False,0,0,0,,,,,,,,
102113130,Crashes_2010_2019_MPO,2018-08-17,2018,36.02743,-86.79199,True,0,0,0,,,,,,,,
102129651,Crashes_2010_2019_MPO,2018-08-17,2018,35.947573,-86.696473,False,0,0,0,,,,,,,,
102118474,Crashes_2010_2019_MPO,2018-08-17,2018,36.02542,-86.71123,False,0,0,0,,,,,,,,
102124076,Crashes_2010_2019_MPO,2018-08-17,2018,36.03491,-86.78307,True,0,0,0,,,,,,,,
102112738,Crashes_2010_2019_MPO,2018-08-17,2018,36.04544,-86.70384,False,0,0,0,,,,,,,,
102113814,Crashes_2010_2019_MPO,2018-08-18,2018,35.96705,-86.81355,True,0,0,0,,,,,,,,
102123610,Crashes_2010_2019_MPO,2018-08-18,2018,35.9462,-86.80876,False,0,0,0,,,,,,,,
102114279,Crashes_2010_2019_MPO,2018-08-18,2018,36.04549,-86.70456,False,0,0,0,,,,,,,,
102113923,Crashes_2010_2019_MPO,2018-08-18,2018,36.04064,-86.77986,False,0,0,0,,,,,,,,
102114414,Crashes_2010_2019_MPO,2018-08-18,2018,35.92512,-86.7671,False,0,0,0,,,,,,,,