record_no,source_layer,collision_ts,crash_year,latitude,longitude,in_city,fatalities,non_motorists,truck_involved,serious_injuries,pedestrian,bicycle,crash_type,manner_of_collision,lighting,weather,first_harmful_event
102113946,Crashes_2010_2019_MPO,2018-08-18,2018,35.99934,-86.6933,False,0,0,0,,,,,,,,
102113679,Crashes_2010_2019_MPO,2018-08-18,2018,36.04537,-86.71326,False,0,0,0,,,,,,,,
102114037,Crashes_2010_2019_MPO,2018-08-18,2018,35.93446,-86.81991,False,0,0,0,,,,,,,,
102113779,Crashes_2010_2019_MPO,2018-08-18,2018,36.04194,-86.72652,False,0,0,0,,,,,,,,
102114516,Crashes_2010_2019_MPO,2018-08-18,2018,36.0478,-86.71652,False,0,0,0,,,,,,,,
102113945,Crashes_2010_2019_MPO,2018-08-18,2018,35.96198,-86.81518,False,0,0,0,,,,,,,,
102114968,Crashes_2010_2019_MPO,2018-08-18,2018,35.95787,-86.81484,False,0,0,0,,,,,,,,
102114392,Crashes_2010_2019_MPO,2018-08-18,2018,35.98612,-86.75219,True,0,0,0,,,,,,,,
102114522,Crashes_2010_2019_MPO,2018-08-18,2018,35.92273,-86.82294,False,0,0,0,,,,,,,,
102115464,Crashes_2010_2019_MPO,2018-08-19,2018,36.00486,-86.69961,False,0,0,0,,,,,,,,
102114676,Crashes_2010_2019_MPO,2018-08-19,2018,35.99432,-86.7981,True,0,0,0,,,,,,,,
102114982,Crashes_2010_2019_MPO,2018-08-19,2018,36.04522,-86.71479,False,0,0,0,,,,,,,,
102116079,Crashes_2010_2019_MPO,2018-08-20,2018,35.9659,-86.80375,True,0,0,0,,,,,,,,
102115874,Crashes_2010_2019_MPO,2018-08-20,2018,35.9912,-86.68349,False,0,0,0,,,,,,,,
102116166,Crashes_2010_2019_MPO,2018-08-20,2018,36.04004,-86.74397,False,0,0,0,,,,,,,,
102115831,Crashes_2010_2019_MPO,2018-08-20,2018,35.94896,-86.7496,True,0,0,0,,,,,,,,
102116387,Crashes_2010_2019_MPO,2018-08-20,2018,35.94926,-86.81966,False,0,0,0,,,,,,,,
102116813,Crashes_2010_2019_MPO,2018-08-20,2018,35.93331,-86.78036,False,0,0,0,,,,,,,,
102116300,Crashes_2010_2019_MPO,2018-08-20,2018,35.99073,-86.75085,True,0,0,0,,,,,,,,
102116311,Crashes_2010_2019_MPO,2018-08-20,2018,35.94931,-86.81963,False,0,0,0,,,,,,,,
102116184,Crashes_2010_2019_MPO,2018-08-20,2018,36.04086,-86.77363,False,0,0,0,,,,,,,,
102116329,Crashes_2010_2019_MPO,2018-08-20,2018,35.96612,-86.80488,True,0,0,0,,,,,,,,
102117070,Crashes_2010_2019_MPO,2018-08-20,2018,35.98874,-86.77777,True,0,0,0,,,,,,,,
102116766,Crashes_2010_2019_MPO,2018-08-20,2018,35.96264,-86.80907,False,0,0,1,,,,,,,,
102116261,Crashes_2010_2019_MPO,2018-08-20,2018,35.9667,-86.8091,True,0,0,0,,,,,,,,
102116441,Crashes_2010_2019_MPO,2018-08-20,2018,36.0429,-86.84144,False,0,0,0,,,,,,,,
102117058,Crashes_2010_2019_MPO,2018-08-20,2018,36.03195,-86.81759,True,0,0,0,,,,,,,,
102116223,Crashes_2010_2019_MPO,2018-08-20,2018,36.03772,-86.79475,False,0,0,0,,,,,,,,
102120412,Crashes_2010_2019_MPO,2018-08-20,2018,35.96194,-86.71036,True,0,0,0,,,,,,,,
102115895,Crashes_2010_2019_MPO,2018-08-20,2018,35.93986,-86.87951,False,0,0,0,,,,,,,,
102116696,Crashes_2010_2019_MPO,2018-08-20,2018,36.04479,-86.72487,False,0,0,0,,,,,,,,
102116557,Crashes_2010_2019_MPO,2018-08-20,2018,36.02284,-86.71238,False,0,0,0,,,,,,,,
102116995,Crashes_2010_2019_MPO,2018-08-21,2018,35.9805,-86.8025,True,0,0,0,,,,,,,,
102117733,Crashes_2010_2019_MPO,2018-08-21,2018,36.0374,-86.78657,False,0,0,0,,,,,,,,
102117059,Crashes_2010_2019_MPO,2018-08-21,2018,35.97137,-86.8058,True,0,0,0,,,,,,,,
102116819,Crashes_2010_2019_MPO,2018-08-21,2018,36.04552,-86.77856,False,0,0,0,,,,,,,,
102117200,Crashes_2010_2019_MPO,2018-08-21,2018,35.92546,-86.87275,False,0,0,0,,,,,,,,
102117581,Crashes_2010_2019_MPO,2018-08-21,2018,36.03326,-86.79949,True,0,0,0,,,,,,,,
102117055,Crashes_2010_2019_MPO,2018-08-21,2018,35.9618,-86.7106,True,0,0,1,,,,,,,,
102116895,Crashes_2010_2019_MPO,2018-08-21,2018,36.03211,-86.74381,False,0,0,0,,,,,,,,
102117003,Crashes_2010_2019_MPO,2018-08-21,2018,36.03602,-86.78718,True,0,0,0,,,,,,,,
102117378,Crashes_2010_2019_MPO,2018-08-21,2018,36.04059,-86.77349,False,0,0,0,,,,,,,,
102117561,Crashes_2010_2019_MPO,2018-08-21,2018,36.04018,-86.74474,False,0,0,0,,,,,,,,
102116909,Crashes_2010_2019_MPO,2018-08-21,2018,35.9306,-86.85733,False,0,0,0,,,,,,,,
102117647,Crashes_2010_2019_MPO,2018-08-21,2018,35.94858,-86.81991,False,0,0,0,,,,,,,,
102119617,Crashes_2010_2019_MPO,2018-08-21,2018,35.94549,-86.81962,False,0,0,0,,,,,,,,
102118531,Crashes_2010_2019_MPO,2018-08-22,2018,36.01238,-86.70361,False,0,0,0,,,,,,,,
102118471,Crashes_2010_2019_MPO,2018-08-22,2018,35.95931,-86.81841,True,0,0,0,,,,,,,,
102118564,Crashes_2010_2019_MPO,2018-08-22,2018,36.03913,-86.78256,False,0,0,0,,,,,,,,
102118789,Crashes_2010_2019_MPO,2018-08-22,2018,36.04802,-86.71358,False,0,0,0,,,,,,,,
102119601,Crashes_2010_2019_MPO,2018-08-22,2018,36.00628,-86.78897,True,0,0,0,,,,,,,,
102118086,Crashes_2010_2019_MPO,2018-08-22,2018,36.0299,-86.7835,True,0,0,0,,,,,,,,
102117899,Crashes_2010_2019_MPO,2018-08-22,2018,36.04526,-86.71704,False,0,0,0,,,,,,,,
102118028,Crashes_2010_2019_MPO,2018-08-22,2018,35.9852,-86.801,True,0,0,0,,,,,,,,
102118047,Crashes_2010_2019_MPO,2018-08-22,2018,35.9843,-86.8014,True,0,0,0,,,,,,,,
102119281,Crashes_2010_2019_MPO,2018-08-23,2018,36.03997,-86.74287,False,0,0,0,,,,,,,,
102119587,Crashes_2010_2019_MPO,2018-08-23,2018,36.05058,-86.77207,False,0,0,0,,,,,,,,
102119041,Crashes_2010_2019_MPO,2018-08-23,2018,36.04561,-86.71977,False,0,0,0,,,,,,,,
102119626,Crashes_2010_2019_MPO,2018-08-23,2018,35.95001,-86.81898,False,0,0,0,,,,,,,,
102119878,Crashes_2010_2019_MPO,2018-08-23,2018,36.04685,-86.71732,False,0,0,0,,,,,,,,
102119521,Crashes_2010_2019_MPO,2018-08-23,2018,35.96737,-86.81519,True,0,0,0,,,,,,,,
102119739,Crashes_2010_2019_MPO,2018-08-23,2018,36.03948,-86.78177,False,0,0,0,,,,,,,,
102119157,Crashes_2010_2019_MPO,2018-08-23,2018,36.0452,-86.71518,False,0,0,0,,,,,,,,
102119930,Crashes_2010_2019_MPO,2018-08-23,2018,35.95363,-86.70859,True,0,0,0,,,,,,,,
102119618,Crashes_2010_2019_MPO,2018-08-23,2018,35.94662,-86.85078,False,0,0,0,,,,,,,,
102119602,Crashes_2010_2019_MPO,2018-08-23,2018,35.99686,-86.79171,True,0,0,0,,,,,,,,
102119581,Crashes_2010_2019_MPO,2018-08-23,2018,35.94787,-86.81866,False,0,0,0,,,,,,,,
102119591,Crashes_2010_2019_MPO,2018-08-23,2018,35.92254,-86.87194,False,0,0,0,,,,,,,,
102118943,Crashes_2010_2019_MPO,2018-08-23,2018,36.04518,-86.77901,False,0,0,0,,,,,,,,
102121122,Crashes_2010_2019_MPO,2018-08-24,2018,36.00243,-86.69197,False,0,0,0,,,,,,,,
102121147,Crashes_2010_2019_MPO,2018-08-24,2018,36.05366,-86.71502,False,0,0,0,,,,,,,,
102121848,Crashes_2010_2019_MPO,2018-08-24,2018,35.94778,-86.81994,False,0,0,0,,,,,,,,
102121564,Crashes_2010_2019_MPO,2018-08-24,2018,35.96891,-86.72953,True,0,0,0,,,,,,,,
102120881,Crashes_2010_2019_MPO,2018-08-24,2018,35.93549,-86.82393,False,0,0,0,,,,,,,,
102120894,Crashes_2010_2019_MPO,2018-08-24,2018,35.965799,-86.805694,True,0,0,0,,,,,,,,
102120925,Crashes_2010_2019_MPO,2018-08-24,2018,36.02379,-86.78616,True,0,0,0,,,,,,,,
102120912,Crashes_2010_2019_MPO,2018-08-24,2018,35.99657,-86.69015,False,0,0,0,,,,,,,,
102123719,Crashes_2010_2019_MPO,2018-08-24,2018,35.96486,-86.81535,True,0,0,0,,,,,,,,
102121162,Crashes_2010_2019_MPO,2018-08-24,2018,35.95634,-86.84865,False,0,0,0,,,,,,,,
102121827,Crashes_2010_2019_MPO,2018-08-25,2018,36.04026,-86.8164,False,0,0,0,,,,,,,,
102122301,Crashes_2010_2019_MPO,2018-08-25,2018,35.9407,-86.83934,False,0,0,0,,,,,,,,
102144103,Crashes_2010_2019_MPO,2018-08-25,2018,36.0048,-86.7905,True,0,0,0,,,,,,,,
102122241,Crashes_2010_2019_MPO,2018-08-25,2018,36.01817,-86.71139,False,0,0,0,,,,,,,,
102122040,Crashes_2010_2019_MPO,2018-08-25,2018,36.00477,-86.79053,True,0,0,0,,,,,,,,
102122368,Crashes_2010_2019_MPO,2018-08-25,2018,36.04697,-86.68012,False,0,0,0,,,,,,,,
102122107,Crashes_2010_2019_MPO,2018-08-25,2018,35.997451,-86.79523,True,0,0,0,,,,,,,,
102121868,Crashes_2010_2019_MPO,2018-08-25,2018,36.00512,-86.74276,True,0,0,0,,,,,,,,
102121544,Crashes_2010_2019_MPO,2018-08-25,2018,36.04535,-86.70239,False,0,0,0,,,,,,,,
102122864,Crashes_2010_2019_MPO,2018-08-26,2018,35.9716,-86.80596,True,0,0,0,,,,,,,,
102123486,Crashes_2010_2019_MPO,2018-08-26,2018,35.99155,-86.69638,True,0,0,0,,,,,,,,
102123666,Crashes_2010_2019_MPO,2018-08-26,2018,35.95722,-86.81646,False,0,0,0,,,,,,,,
102124274,Crashes_2010_2019_MPO,2018-08-26,2018,35.94687,-86.85168,False,0,0,0,,,,,,,,
102123694,Crashes_2010_2019_MPO,2018-08-26,2018,35.93559,-86.83614,False,0,1,0,,,,,,,,
102122410,Crashes_2010_2019_MPO,2018-08-26,2018,35.95998,-86.80248,False,0,0,0,,,,,,,,
102122713,Crashes_2010_2019_MPO,2018-08-26,2018,35.9678,-86.77742,True,0,0,0,,,,,,,,
102125177,Crashes_2010_2019_MPO,2018-08-27,2018,35.96534,-86.83861,False,0,0,0,,,,,,,,
102124024,Crashes_2010_2019_MPO,2018-08-27,2018,36.04194,-86.74394,False,0,0,0,,,,,,,,
102124405,Crashes_2010_2019_MPO,2018-08-27,2018,36.01238,-86.70361,False,0,0,0,,,,,,,,
102123780,Crashes_2010_2019_MPO,2018-08-27,2018,36.0529,-86.77516,False,0,0,0,,,,,,,,
102124686,Crashes_2010_2019_MPO,2018-08-27,2018,35.94302,-86.82217,False,0,0,1,,,,,,,,
102123800,Crashes_2010_2019_MPO,2018-08-27,2018,35.9236,-86.767,False,0,0,0,,,,,,,,
102124259,Crashes_2010_2019_MPO,2018-08-27,2018,36.03322,-86.78531,True,0,0,0,,,,,,,,
102124760,Crashes_2010_2019_MPO,2018-08-27,2018,35.93622,-86.82798,False,0,0,0,,,,,,,,
102123943,Crashes_2010_2019_MPO,2018-08-27,2018,36.0397,-86.7627,False,0,0,0,,,,,,,,
102124016,Crashes_2010_2019_MPO,2018-08-27,2018,35.99781,-86.79886,True,0,0,0,,,,,,,,
102125178,Crashes_2010_2019_MPO,2018-08-27,2018,35.93465,-86.86087,False,0,0,0,,,,,,,,
102124358,Crashes_2010_2019_MPO,2018-08-27,2018,35.99128,-86.68151,False,0,0,0,,,,,,,,
102193341,Crashes_2010_2019_MPO,2018-08-27,2018,36.04777,-86.75358,False,0,1,0,,,,,,,,
102123574,Crashes_2010_2019_MPO,2018-08-27,2018,36.0548,-86.69459,False,0,0,0,,,,,,,,
102125546,Crashes_2010_2019_MPO,2018-08-28,2018,36.03925,-86.71285,False,0,0,0,,,,,,,,
102125158,Crashes_2010_2019_MPO,2018-08-28,2018,35.99734,-86.79486,True,0,0,0,,,,,,,,
102125429,Crashes_2010_2019_MPO,2018-08-28,2018,35.94636,-86.80871,False,0,0,0,,,,,,,,
102125252,Crashes_2010_2019_MPO,2018-08-28,2018,35.96534,-86.79757,True,0,0,0,,,,,,,,
102124847,Crashes_2010_2019_MPO,2018-08-28,2018,35.96798,-86.81833,True,0,0,0,,,,,,,,
102124691,Crashes_2010_2019_MPO,2018-08-28,2018,35.97719,-86.67769,False,0,0,0,,,,,,,,
102125849,Crashes_2010_2019_MPO,2018-08-28,2018,36.0329,-86.79782,True,0,0,0,,,,,,,,
102124819,Crashes_2010_2019_MPO,2018-08-28,2018,35.99717,-86.79377,True,0,0,0,,,,,,,,
102124916,Crashes_2010_2019_MPO,2018-08-28,2018,36.04544,-86.70387,False,0,0,0,,,,,,,,
102125956,Crashes_2010_2019_MPO,2018-08-28,2018,35.94782,-86.81975,False,0,0,0,,,,,,,,
102125238,Crashes_2010_2019_MPO,2018-08-28,2018,35.99814,-86.80169,True,0,0,0,,,,,,,,
102125316,Crashes_2010_2019_MPO,2018-08-28,2018,36.03749,-86.7913,False,0,0,0,,,,,,,,
102125067,Crashes_2010_2019_MPO,2018-08-28,2018,35.93493,-86.81322,False,0,0,0,,,,,,,,
102124875,Crashes_2010_2019_MPO,2018-08-28,2018,35.92823,-86.82438,False,0,0,0,,,,,,,,
102124870,Crashes_2010_2019_MPO,2018-08-28,2018,36.03327,-86.7839,True,0,0,0,,,,,,,,
102125241,Crashes_2010_2019_MPO,2018-08-28,2018,36.00917,-86.7778,True,0,0,0,,,,,,,,
102125374,Crashes_2010_2019_MPO,2018-08-28,2018,36.03141,-86.78979,True,0,0,0,,,,,,,,
102124641,Crashes_2010_2019_MPO,2018-08-28,2018,36.01978,-86.74213,False,0,0,0,,,,,,,,
102126773,Crashes_2010_2019_MPO,2018-08-29,2018,35.93557,-86.82364,False,0,0,1,,,,,,,,
102126561,Crashes_2010_2019_MPO,2018-08-29,2018,36.0269,-86.68083,False,0,0,0,,,,,,,,
102127107,Crashes_2010_2019_MPO,2018-08-29,2018,35.96795,-86.67737,False,0,0,0,,,,,,,,
102126098,Crashes_2010_2019_MPO,2018-08-29,2018,35.93541,-86.82372,False,0,0,0,,,,,,,,
102125967,Crashes_2010_2019_MPO,2018-08-29,2018,35.99361,-86.68573,False,0,0,0,,,,,,,,
102127589,Crashes_2010_2019_MPO,2018-08-29,2018,36.01286,-86.80081,True,0,0,0,,,,,,,,
102125842,Crashes_2010_2019_MPO,2018-08-29,2018,36.0011,-86.7937,True,0,0,0,,,,,,,,
102125942,Crashes_2010_2019_MPO,2018-08-29,2018,36.0534,-86.69934,False,0,0,0,,,,,,,,
102126964,Crashes_2010_2019_MPO,2018-08-29,2018,35.9289,-86.82055,False,0,0,0,,,,,,,,
102126499,Crashes_2010_2019_MPO,2018-08-29,2018,35.94869,-86.85022,False,0,0,0,,,,,,,,
102126597,Crashes_2010_2019_MPO,2018-08-29,2018,35.97438,-86.83209,True,0,0,0,,,,,,,,
102125997,Crashes_2010_2019_MPO,2018-08-29,2018,36.0327,-86.71283,False,0,0,0,,,,,,,,
102125795,Crashes_2010_2019_MPO,2018-08-29,2018,35.9407,-86.8316,False,0,0,0,,,,,,,,
102125961,Crashes_2010_2019_MPO,2018-08-29,2018,36.01448,-86.70507,False,0,0,0,,,,,,,,
102126439,Crashes_2010_2019_MPO,2018-08-29,2018,35.92278,-86.81477,False,0,0,0,,,,,,,,
102126500,Crashes_2010_2019_MPO,2018-08-29,2018,35.96454,-86.81434,False,0,0,0,,,,,,,,
102126349,Crashes_2010_2019_MPO,2018-08-29,2018,35.92645,-86.82495,False,0,0,0,,,,,,,,
102127614,Crashes_2010_2019_MPO,2018-08-30,2018,36.02431,-86.74239,False,0,0,0,,,,,,,,
102127685,Crashes_2010_2019_MPO,2018-08-30,2018,35.99538,-86.77757,True,0,0,0,,,,,,,,
102144104,Crashes_2010_2019_MPO,2018-08-30,2018,35.98642,-86.80058,True,0,0,0,,,,,,,,
102127567,Crashes_2010_2019_MPO,2018-08-30,2018,35.93541,-86.82372,False,0,0,0,,,,,,,,
102128108,Crashes_2010_2019_MPO,2018-08-30,2018,36.04056,-86.70469,False,0,0,0,,,,,,,,
102127682,Crashes_2010_2019_MPO,2018-08-30,2018,35.92254,-86.87194,False,0,0,0,,,,,,,,
102127974,Crashes_2010_2019_MPO,2018-08-30,2018,35.97716,-86.67813,False,0,0,0,,,,,,,,
102127779,Crashes_2010_2019_MPO,2018-08-30,2018,35.92641,-86.82453,False,0,0,0,,,,,,,,
102133888,Crashes_2010_2019_MPO,2018-08-30,2018,35.97469,-86.77609,True,0,0,0,,,,,,,,
102127963,Crashes_2010_2019_MPO,2018-08-30,2018,35.94721,-86.82089,False,0,0,0,,,,,,,,
102127751,Crashes_2010_2019_MPO,2018-08-30,2018,36.03817,-86.78637,False,0,0,0,,,,,,,,
102127491,Crashes_2010_2019_MPO,2018-08-30,2018,36.03318,-86.78282,True,0,0,0,,,,,,,,
102127686,Crashes_2010_2019_MPO,2018-08-30,2018,36.03159,-86.78969,True,0,0,0,,,,,,,,
102129456,Crashes_2010_2019_MPO,2018-08-31,2018,35.96071,-86.80246,False,0,0,0,,,,,,,,
102131077,Crashes_2010_2019_MPO,2018-08-31,2018,35.95234,-86.70555,True,0,0,0,,,,,,,,
102129249,Crashes_2010_2019_MPO,2018-08-31,2018,35.966717,-86.809129,True,0,0,0,,,,,,,,
102130124,Crashes_2010_2019_MPO,2018-08-31,2018,35.96055,-86.75568,True,0,0,0,,,,,,,,
102129686,Crashes_2010_2019_MPO,2018-08-31,2018,36.04627,-86.67679,False,0,0,0,,,,,,,,
102128781,Crashes_2010_2019_MPO,2018-08-31,2018,36.0452,-86.71504,False,0,0,0,,,,,,,,
102131940,Crashes_2010_2019_MPO,2018-08-31,2018,35.95082,-86.80767,False,0,0,0,,,,,,,,
102128394,Crashes_2010_2019_MPO,2018-08-31,2018,36.0347,-86.7856,True,0,0,0,,,,,,,,
102129218,Crashes_2010_2019_MPO,2018-08-31,2018,35.93557,-86.82364,False,0,0,0,,,,,,,,
102130580,Crashes_2010_2019_MPO,2018-08-31,2018,35.96606,-86.80409,True,0,0,0,,,,,,,,
102128833,Crashes_2010_2019_MPO,2018-08-31,2018,36.03734,-86.78953,False,0,0,0,,,,,,,,
102128631,Crashes_2010_2019_MPO,2018-08-31,2018,36.0374,-86.78657,False,0,0,0,,,,,,,,
102135196,Crashes_2010_2019_MPO,2018-08-31,2018,35.94762,-86.8143,False,0,0,0,,,,,,,,
102129175,Crashes_2010_2019_MPO,2018-08-31,2018,35.96705,-86.81355,True,0,0,0,,,,,,,,
102128322,Crashes_2010_2019_MPO,2018-08-31,2018,35.93374,-86.81767,False,0,0,0,,,,,,,,
102128830,Crashes_2010_2019_MPO,2018-08-31,2018,35.96711,-86.81385,True,0,0,0,,,,,,,,
102129241,Crashes_2010_2019_MPO,2018-08-31,2018,36.04008,-86.78121,False,0,0,0,,,,,,,,
102129394,Crashes_2010_2019_MPO,2018-08-31,2018,36.0331,-86.7129,False,0,0,0,,,,,,,,
102130135,Crashes_2010_2019_MPO,2018-08-31,2018,35.95265,-86.8154,False,0,0,0,,,,,,,,
102130176,Crashes_2010_2019_MPO,2018-09-01,2018,35.96824,-86.67751,False,0,0,0,,,,,,,,
102129908,Crashes_2010_2019_MPO,2018-09-01,2018,36.04206,-86.74949,False,0,0,0,,,,,,,,
102130174,Crashes_2010_2019_MPO,2018-09-01,2018,36.04509,-86.74396,False,0,0,0,,,,,,,,
102130936,Crashes_2010_2019_MPO,2018-09-01,2018,35.93549,-86.82393,False,0,0,0,,,,,,,,
102129872,Crashes_2010_2019_MPO,2018-09-01,2018,35.93549,-86.82393,False,0,0,0,,,,,,,,
102130021,Crashes_2010_2019_MPO,2018-09-01,2018,35.96798,-86.81833,True,0,0,0,,,,,,,,
102132629,Crashes_2010_2019_MPO,2018-09-02,2018,36.05484,-86.69519,False,0,0,0,,,,,,,,
102131887,Crashes_2010_2019_MPO,2018-09-02,2018,36.0343,-86.78337,True,0,0,0,,,,,,,,
102131240,Crashes_2010_2019_MPO,2018-09-02,2018,35.95816,-86.81113,False,0,0,0,,,,,,,,
102131491,Crashes_2010_2019_MPO,2018-09-02,2018,36.04639,-86.71338,False,0,0,0,,,,,,,,
102131516,Crashes_2010_2019_MPO,2018-09-02,2018,36.04,-86.74325,False,0,0,0,,,,,,,,
102130850,Crashes_2010_2019_MPO,2018-09-02,2018,36.0475,-86.68181,False,0,0,0,,,,,,,,
102131490,Crashes_2010_2019_MPO,2018-09-02,2018,35.99614,-86.78539,True,0,0,0,,,,,,,,
102131444,Crashes_2010_2019_MPO,2018-09-02,2018,36.0389,-86.67744,False,0,0,0,,,,,,,,
102131326,Crashes_2010_2019_MPO,2018-09-02,2018,35.95395,-86.81484,False,0,0,0,,,,,,,,
102132562,Crashes_2010_2019_MPO,2018-09-03,2018,36.04245,-86.71294,False,0,0,0,,,,,,,,
102132343,Crashes_2010_2019_MPO,2018-09-03,2018,36.02586,-86.71566,False,0,0,0,,,,,,,,
102132120,Crashes_2010_2019_MPO,2018-09-03,2018,36.05367,-86.77552,False,0,0,0,,,,,,,,
102132421,Crashes_2010_2019_MPO,2018-09-03,2018,35.92391,-86.87162,False,0,0,0,,,,,,,,
102134056,Crashes_2010_2019_MPO,2018-09-03,2018,36.04789,-86.71356,False,0,0,0,,,,,,,,
102132708,Crashes_2010_2019_MPO,2018-09-03,2018,36.0008,-86.73748,True,0,0,0,,,,,,,,
102133702,Crashes_2010_2019_MPO,2018-09-04,2018,36.03269,-86.77018,False,0,0,0,,,,,,,,
102133578,Crashes_2010_2019_MPO,2018-09-04,2018,36.04559,-86.70358,False,0,0,0,,,,,,,,
102133820,Crashes_2010_2019_MPO,2018-09-04,2018,35.96588,-86.80356,True,0,0,0,,,,,,,,
102133788,Crashes_2010_2019_MPO,2018-09-04,2018,36.03726,-86.788,False,0,0,0,,,,,,,,
102133889,Crashes_2010_2019_MPO,2018-09-04,2018,35.99551,-86.77887,True,0,0,0,,,,,,,,
102133428,Crashes_2010_2019_MPO,2018-09-04,2018,35.996,-86.79728,True,0,0,0,,,,,,,,
102134436,Crashes_2010_2019_MPO,2018-09-04,2018,35.95526,-86.82588,False,0,0,0,,,,,,,,
102144641,Crashes_2010_2019_MPO,2018-09-04,2018,36.01842,-86.78678,True,0,0,0,,,,,,,,
102136484,Crashes_2010_2019_MPO,2018-09-04,2018,35.94978,-86.81329,False,0,0,0,,,,,,,,
102136485,Crashes_2010_2019_MPO,2018-09-04,2018,35.94833,-86.86375,False,0,0,0,,,,,,,,
102133819,Crashes_2010_2019_MPO,2018-09-04,2018,35.95929,-86.81973,True,0,0,0,,,,,,,,
102133919,Crashes_2010_2019_MPO,2018-09-04,2018,36.01988,-86.71129,False,0,0,0,,,,,,,,
102133980,Crashes_2010_2019_MPO,2018-09-04,2018,36.04205,-86.74396,False,0,0,0,,,,,,,,
102134876,Crashes_2010_2019_MPO,2018-09-04,2018,35.92265,-86.87241,False,0,0,0,,,,,,,,
102133348,Crashes_2010_2019_MPO,2018-09-04,2018,35.96705,-86.81355,True,0,0,0,,,,,,,,
102133887,Crashes_2010_2019_MPO,2018-09-04,2018,35.93768,-86.82133,False,0,0,0,,,,,,,,
102134348,Crashes_2010_2019_MPO,2018-09-05,2018,35.99551,-86.77887,True,0,0,0,,,,,,,,
102134598,Crashes_2010_2019_MPO,2018-09-05,2018,36.03532,-86.72137,False,0,0,0,,,,,,,,
102135168,Crashes_2010_2019_MPO,2018-09-05,2018,35.98264,-86.69866,True,0,0,0,,,,,,,,
102134883,Crashes_2010_2019_MPO,2018-09-05,2018,35.92957,-86.84238,False,0,0,0,,,,,,,,
102135244,Crashes_2010_2019_MPO,2018-09-05,2018,35.95203,-86.81781,False,0,0,0,,,,,,,,
102134892,Crashes_2010_2019_MPO,2018-09-05,2018,36.03311,-86.78675,True,0,0,0,,,,,,,,
102135096,Crashes_2010_2019_MPO,2018-09-05,2018,36.03738,-86.78676,False,0,0,0,,,,,,,,
102135216,Crashes_2010_2019_MPO,2018-09-05,2018,35.96486,-86.8083,False,0,0,0,,,,,,,,
102134820,Crashes_2010_2019_MPO,2018-09-05,2018,36.02348,-86.68815,False,0,0,0,,,,,,,,
102134845,Crashes_2010_2019_MPO,2018-09-05,2018,36.03745,-86.79078,False,0,0,0,,,,,,,,
102134295,Crashes_2010_2019_MPO,2018-09-05,2018,35.99904,-86.80865,True,0,0,0,,,,,,,,
102135033,Crashes_2010_2019_MPO,2018-09-05,2018,35.96372,-86.73464,True,0,0,1,,,,,,,,
102134494,Crashes_2010_2019_MPO,2018-09-05,2018,35.94303,-86.85477,False,0,0,0,,,,,,,,
102134693,Crashes_2010_2019_MPO,2018-09-05,2018,35.95221,-86.81878,False,0,0,0,,,,,,,,
102134878,Crashes_2010_2019_MPO,2018-09-05,2018,35.9232,-86.8675,False,0,0,0,,,,,,,,
102134877,Crashes_2010_2019_MPO,2018-09-05,2018,35.92304,-86.81684,False,0,0,0,,,,,,,,
102134917,Crashes_2010_2019_MPO,2018-09-05,2018,35.99632,-86.69045,False,0,0,0,,,,,,,,
102134692,Crashes_2010_2019_MPO,2018-09-05,2018,36.05121,-86.71427,False,0,0,0,,,,,,,,
102135387,Crashes_2010_2019_MPO,2018-09-06,2018,36.04682,-86.71344,False,0,0,0,,,,,,,,
102135549,Crashes_2010_2019_MPO,2018-09-06,2018,35.93061,-86.84302,False,0,0,0,,,,,,,,
102135353,Crashes_2010_2019_MPO,2018-09-06,2018,36.00729,-86.78025,True,0,0,0,,,,,,,,
102136152,Crashes_2010_2019_MPO,2018-09-06,2018,36.0254,-86.71304,False,0,0,0,,,,,,,,
102135493,Crashes_2010_2019_MPO,2018-09-06,2018,35.94604,-86.80739,False,0,0,0,,,,,,,,
102135934,Crashes_2010_2019_MPO,2018-09-06,2018,35.92848,-86.76162,False,0,0,0,,,,,,,,
102135696,Crashes_2010_2019_MPO,2018-09-06,2018,36.03772,-86.79475,False,0,0,0,,,,,,,,
102140826,Crashes_2010_2019_MPO,2018-09-06,2018,36.0453,-86.70168,False,0,0,0,,,,,,,,
102136229,Crashes_2010_2019_MPO,2018-09-06,2018,35.94638,-86.80954,False,0,0,0,,,,,,,,
102135986,Crashes_2010_2019_MPO,2018-09-06,2018,36.05266,-86.73983,False,0,0,0,,,,,,,,
102135400,Crashes_2010_2019_MPO,2018-09-06,2018,35.99591,-86.68742,False,0,0,0,,,,,,,,
102136023,Crashes_2010_2019_MPO,2018-09-06,2018,35.95209,-86.81805,False,0,0,0,,,,,,,,
102136123,Crashes_2010_2019_MPO,2018-09-06,2018,36.04003,-86.71264,False,0,0,0,,,,,,,,
102135987,Crashes_2010_2019_MPO,2018-09-06,2018,36.0351,-86.76871,False,0,0,0,,,,,,,,
102135885,Crashes_2010_2019_MPO,2018-09-06,2018,35.96448,-86.8141,False,0,0,0,,,,,,,,
102136230,Crashes_2010_2019_MPO,2018-09-06,2018,35.9447,-86.80928,False,0,0,0,,,,,,,,
102136167,Crashes_2010_2019_MPO,2018-09-06,2018,36.0453,-86.70168,False,0,0,0,,,,,,,,
102136040,Crashes_2010_2019_MPO,2018-09-06,2018,35.92622,-86.72738,False,0,0,0,,,,,,,,
102135947,Crashes_2010_2019_MPO,2018-09-06,2018,36.03354,-86.78071,True,0,0,0,,,,,,,,
102136171,Crashes_2010_2019_MPO,2018-09-06,2018,36.04035,-86.78035,False,0,0,0,,,,,,,,
102143216,Crashes_2010_2019_MPO,2018-09-07,2018,36.03093,-86.78679,True,0,0,0,,,,,,,,
102137317,Crashes_2010_2019_MPO,2018-09-07,2018,35.99601,-86.69076,False,0,0,0,,,,,,,,