record_no,source_layer,collision_ts,crash_year,latitude,longitude,in_city,fatalities,non_motorists,truck_involved,serious_injuries,pedestrian,bicycle,crash_type,manner_of_collision,lighting,weather,first_harmful_event
102137353,Crashes_2010_2019_MPO,2018-09-07,2018,35.96174,-86.80191,True,0,0,0,,,,,,,,
102136352,Crashes_2010_2019_MPO,2018-09-07,2018,35.95381,-86.80417,False,0,0,0,,,,,,,,
102136886,Crashes_2010_2019_MPO,2018-09-07,2018,35.95441,-86.81773,False,0,0,0,,,,,,,,
102137786,Crashes_2010_2019_MPO,2018-09-07,2018,35.94397,-86.82247,False,0,0,0,,,,,,,,
102137327,Crashes_2010_2019_MPO,2018-09-07,2018,36.01755,-86.74135,False,0,0,0,,,,,,,,
102140959,Crashes_2010_2019_MPO,2018-09-07,2018,35.96133,-86.81226,False,0,0,0,,,,,,,,
102137404,Crashes_2010_2019_MPO,2018-09-07,2018,36.03133,-86.71262,False,0,0,0,,,,,,,,
102137527,Crashes_2010_2019_MPO,2018-09-07,2018,36.04155,-86.7495,False,0,0,0,,,,,,,,
102136529,Crashes_2010_2019_MPO,2018-09-07,2018,35.99348,-86.75901,True,0,0,0,,,,,,,,
102137834,Crashes_2010_2019_MPO,2018-09-08,2018,35.96398,-86.8086,False,0,0,0,,,,,,,,
102138525,Crashes_2010_2019_MPO,2018-09-08,2018,35.9984,-86.68392,False,0,0,0,,,,,,,,
102138357,Crashes_2010_2019_MPO,2018-09-08,2018,36.03317,-86.78577,True,0,0,0,,,,,,,,
102138089,Crashes_2010_2019_MPO,2018-09-08,2018,36.02656,-86.70278,False,0,0,0,,,,,,,,
102138016,Crashes_2010_2019_MPO,2018-09-08,2018,36.04739,-86.86303,False,0,0,0,,,,,,,,
102139848,Crashes_2010_2019_MPO,2018-09-08,2018,35.97924,-86.80307,True,0,0,0,,,,,,,,
102138921,Crashes_2010_2019_MPO,2018-09-08,2018,35.93165,-86.86083,False,0,0,0,,,,,,,,
102138779,Crashes_2010_2019_MPO,2018-09-08,2018,35.97334,-86.83305,True,0,0,0,,,,,,,,
102138544,Crashes_2010_2019_MPO,2018-09-08,2018,35.94753,-86.8201,False,0,0,0,,,,,,,,
102138793,Crashes_2010_2019_MPO,2018-09-08,2018,36.04245,-86.71294,False,0,0,0,,,,,,,,
102138930,Crashes_2010_2019_MPO,2018-09-08,2018,35.945,-86.87914,False,0,0,0,,,,,,,,
102138265,Crashes_2010_2019_MPO,2018-09-08,2018,36.03378,-86.78344,True,0,0,1,,,,,,,,
102139442,Crashes_2010_2019_MPO,2018-09-09,2018,35.95963,-86.80185,False,0,0,0,,,,,,,,
102139386,Crashes_2010_2019_MPO,2018-09-09,2018,36.0158,-86.8211,True,0,0,0,,,,,,,,
102139198,Crashes_2010_2019_MPO,2018-09-09,2018,36.04092,-86.77421,False,0,0,0,,,,,,,,
102139460,Crashes_2010_2019_MPO,2018-09-09,2018,35.99771,-86.79792,True,0,0,0,,,,,,,,
102138924,Crashes_2010_2019_MPO,2018-09-09,2018,35.92249,-86.78032,False,0,0,0,,,,,,,,
102139594,Crashes_2010_2019_MPO,2018-09-09,2018,36.02977,-86.78935,True,0,0,0,,,,,,,,
102139357,Crashes_2010_2019_MPO,2018-09-09,2018,36.03604,-86.79732,True,0,0,0,,,,,,,,
102139645,Crashes_2010_2019_MPO,2018-09-09,2018,35.95383,-86.71417,False,0,0,0,,,,,,,,
102139893,Crashes_2010_2019_MPO,2018-09-09,2018,35.96798,-86.81833,True,0,0,0,,,,,,,,
102139313,Crashes_2010_2019_MPO,2018-09-09,2018,36.0488,-86.71367,False,0,1,0,,,,,,,,
102140413,Crashes_2010_2019_MPO,2018-09-10,2018,35.96651,-86.80984,True,0,0,0,,,,,,,,
102140102,Crashes_2010_2019_MPO,2018-09-10,2018,36.0374,-86.78657,False,0,0,0,,,,,,,,
102140197,Crashes_2010_2019_MPO,2018-09-10,2018,36.0452,-86.7152,False,0,1,0,,,,,,,,
102140565,Crashes_2010_2019_MPO,2018-09-10,2018,36.0374,-86.78657,False,0,0,0,,,,,,,,
102140098,Crashes_2010_2019_MPO,2018-09-10,2018,35.99715,-86.79371,True,0,0,0,,,,,,,,
102140412,Crashes_2010_2019_MPO,2018-09-10,2018,36.0458,-86.85576,False,0,0,0,,,,,,,,
102140015,Crashes_2010_2019_MPO,2018-09-10,2018,36.04022,-86.76782,False,0,0,0,,,,,,,,
102139983,Crashes_2010_2019_MPO,2018-09-10,2018,36.02709,-86.79219,True,0,0,0,,,,,,,,
102139982,Crashes_2010_2019_MPO,2018-09-10,2018,36.04686,-86.77738,False,0,0,0,,,,,,,,
102140350,Crashes_2010_2019_MPO,2018-09-10,2018,35.9599,-86.80184,False,0,0,0,,,,,,,,
102142194,Crashes_2010_2019_MPO,2018-09-11,2018,35.95684,-86.82559,False,0,0,0,,,,,,,,
102141443,Crashes_2010_2019_MPO,2018-09-11,2018,36.05484,-86.71539,False,0,0,0,,,,,,,,
102141396,Crashes_2010_2019_MPO,2018-09-11,2018,35.96717,-86.81892,True,0,0,0,,,,,,,,
102141438,Crashes_2010_2019_MPO,2018-09-11,2018,35.99554,-86.77925,True,0,0,0,,,,,,,,
102141384,Crashes_2010_2019_MPO,2018-09-11,2018,36.02606,-86.87904,False,0,0,0,,,,,,,,
102141303,Crashes_2010_2019_MPO,2018-09-11,2018,36.04526,-86.71704,False,0,0,0,,,,,,,,
102140960,Crashes_2010_2019_MPO,2018-09-11,2018,36.04127,-86.86798,True,0,0,0,,,,,,,,
102142010,Crashes_2010_2019_MPO,2018-09-11,2018,36.04539,-86.70307,False,0,0,0,,,,,,,,
102142526,Crashes_2010_2019_MPO,2018-09-11,2018,35.94455,-86.82085,False,0,0,0,,,,,,,,
102141425,Crashes_2010_2019_MPO,2018-09-11,2018,35.95555,-86.8447,False,0,0,0,,,,,,,,
102141308,Crashes_2010_2019_MPO,2018-09-11,2018,35.94773,-86.81973,False,0,0,0,,,,,,,,
102141029,Crashes_2010_2019_MPO,2018-09-11,2018,35.96454,-86.81434,False,0,0,0,,,,,,,,
102142644,Crashes_2010_2019_MPO,2018-09-11,2018,35.97459,-86.83187,True,0,0,0,,,,,,,,
102150102,Crashes_2010_2019_MPO,2018-09-11,2018,35.93604,-86.82366,False,0,0,0,,,,,,,,
102142356,Crashes_2010_2019_MPO,2018-09-12,2018,35.94521,-86.87747,False,0,0,0,,,,,,,,
102142610,Crashes_2010_2019_MPO,2018-09-12,2018,36.0452,-86.71612,False,0,0,0,,,,,,,,
102142630,Crashes_2010_2019_MPO,2018-09-12,2018,35.99781,-86.79886,True,0,0,0,,,,,,,,
102142488,Crashes_2010_2019_MPO,2018-09-12,2018,36.022188,-86.786846,True,0,0,0,,,,,,,,
102142524,Crashes_2010_2019_MPO,2018-09-12,2018,36.03626,-86.81693,True,0,0,0,,,,,,,,
102142658,Crashes_2010_2019_MPO,2018-09-12,2018,36.03818,-86.78636,False,0,0,0,,,,,,,,
102142738,Crashes_2010_2019_MPO,2018-09-12,2018,36.04114,-86.77621,False,0,0,0,,,,,,,,
102142591,Crashes_2010_2019_MPO,2018-09-12,2018,36.04887,-86.86846,False,0,0,0,,,,,,,,
102142604,Crashes_2010_2019_MPO,2018-09-12,2018,36.0051,-86.7896,True,0,0,0,,,,,,,,
102143505,Crashes_2010_2019_MPO,2018-09-12,2018,35.98591,-86.71216,True,0,0,0,,,,,,,,
102142642,Crashes_2010_2019_MPO,2018-09-12,2018,35.97882,-86.77688,True,0,0,0,,,,,,,,
102142632,Crashes_2010_2019_MPO,2018-09-12,2018,35.99507,-86.77403,True,0,0,0,,,,,,,,
102142506,Crashes_2010_2019_MPO,2018-09-12,2018,35.96172,-86.80176,True,0,0,0,,,,,,,,
102142458,Crashes_2010_2019_MPO,2018-09-12,2018,36.03711,-86.78663,False,0,0,0,,,,,,,,
102141852,Crashes_2010_2019_MPO,2018-09-12,2018,35.9245,-86.8221,False,0,0,0,,,,,,,,
102142662,Crashes_2010_2019_MPO,2018-09-12,2018,36.04161,-86.74925,False,0,0,0,,,,,,,,
102148249,Crashes_2010_2019_MPO,2018-09-12,2018,36.04146,-86.78029,False,0,0,1,,,,,,,,
102142623,Crashes_2010_2019_MPO,2018-09-12,2018,36.04084,-86.77347,False,0,0,0,,,,,,,,
102146541,Crashes_2010_2019_MPO,2018-09-13,2018,35.94662,-86.80988,False,0,0,0,,,,,,,,
102143874,Crashes_2010_2019_MPO,2018-09-13,2018,35.92738,-86.8687,False,0,0,0,,,,,,,,
102144606,Crashes_2010_2019_MPO,2018-09-13,2018,35.97273,-86.79612,True,0,0,0,,,,,,,,
102146427,Crashes_2010_2019_MPO,2018-09-13,2018,35.93374,-86.81767,False,0,0,0,,,,,,,,
102143518,Crashes_2010_2019_MPO,2018-09-13,2018,35.95564,-86.81283,False,0,0,0,,,,,,,,
102145913,Crashes_2010_2019_MPO,2018-09-13,2018,36.017,-86.8211,True,0,0,0,,,,,,,,
102144605,Crashes_2010_2019_MPO,2018-09-13,2018,36.03106,-86.78999,True,0,0,0,,,,,,,,
102143180,Crashes_2010_2019_MPO,2018-09-13,2018,36.04372,-86.71254,False,0,0,0,,,,,,,,
102146428,Crashes_2010_2019_MPO,2018-09-13,2018,35.94196,-86.8556,False,0,0,0,,,,,,,,
102144607,Crashes_2010_2019_MPO,2018-09-13,2018,36.03537,-86.78756,True,0,0,0,,,,,,,,
102145050,Crashes_2010_2019_MPO,2018-09-13,2018,35.97245,-86.83382,False,0,0,0,,,,,,,,
102143751,Crashes_2010_2019_MPO,2018-09-13,2018,35.92886,-86.87544,False,0,0,0,,,,,,,,
102149862,Crashes_2010_2019_MPO,2018-09-13,2018,35.94856,-86.81991,False,0,0,0,,,,,,,,
102143859,Crashes_2010_2019_MPO,2018-09-13,2018,35.95571,-86.83007,False,0,0,0,,,,,,,,
102143410,Crashes_2010_2019_MPO,2018-09-13,2018,35.96312,-86.81897,True,0,0,1,,,,,,,,
102145296,Crashes_2010_2019_MPO,2018-09-14,2018,36.04476,-86.7811,False,0,0,0,,,,,,,,
102144002,Crashes_2010_2019_MPO,2018-09-14,2018,35.94055,-86.83919,False,0,0,0,,,,,,,,
102145151,Crashes_2010_2019_MPO,2018-09-14,2018,35.96397,-86.80031,True,0,0,0,,,,,,,,
102145148,Crashes_2010_2019_MPO,2018-09-14,2018,35.92547,-86.82201,False,0,0,0,,,,,,,,
102145295,Crashes_2010_2019_MPO,2018-09-14,2018,36.04114,-86.77621,False,0,0,0,,,,,,,,
102146429,Crashes_2010_2019_MPO,2018-09-14,2018,35.94543,-86.85283,False,0,0,0,,,,,,,,
102144185,Crashes_2010_2019_MPO,2018-09-14,2018,36.03961,-86.74344,False,0,0,0,,,,,,,,
102144371,Crashes_2010_2019_MPO,2018-09-14,2018,36.01505,-86.70545,False,0,0,0,,,,,,,,
102145002,Crashes_2010_2019_MPO,2018-09-14,2018,35.96472,-86.81503,True,0,0,0,,,,,,,,
102144475,Crashes_2010_2019_MPO,2018-09-14,2018,36.0488,-86.71367,False,0,0,0,,,,,,,,
102145147,Crashes_2010_2019_MPO,2018-09-14,2018,35.94103,-86.85625,False,0,0,0,,,,,,,,
102145353,Crashes_2010_2019_MPO,2018-09-14,2018,36.00393,-86.69706,False,0,0,0,,,,,,,,
102145018,Crashes_2010_2019_MPO,2018-09-14,2018,35.95209,-86.81805,False,0,0,0,,,,,,,,
102149885,Crashes_2010_2019_MPO,2018-09-14,2018,35.98055,-86.84715,False,0,0,0,,,,,,,,
102145101,Crashes_2010_2019_MPO,2018-09-14,2018,35.96536,-86.80044,True,0,0,0,,,,,,,,
102144608,Crashes_2010_2019_MPO,2018-09-14,2018,36.03143,-86.71264,False,0,0,0,,,,,,,,
102144287,Crashes_2010_2019_MPO,2018-09-14,2018,36.05375,-86.71428,False,0,0,0,,,,,,,,
102145283,Crashes_2010_2019_MPO,2018-09-14,2018,35.92957,-86.84213,False,0,0,0,,,,,,,,
102144216,Crashes_2010_2019_MPO,2018-09-14,2018,36.04057,-86.74362,False,0,0,0,,,,,,,,
102146315,Crashes_2010_2019_MPO,2018-09-15,2018,35.98439,-86.72434,True,0,0,0,,,,,,,,
102146545,Crashes_2010_2019_MPO,2018-09-15,2018,36.04452,-86.68702,False,0,0,0,,,,,,,,
102145990,Crashes_2010_2019_MPO,2018-09-15,2018,36.0453,-86.70168,False,0,0,0,,,,,,,,
102147504,Crashes_2010_2019_MPO,2018-09-15,2018,35.97936,-86.67973,False,0,0,0,,,,,,,,
102146012,Crashes_2010_2019_MPO,2018-09-15,2018,36.0453,-86.70168,False,0,0,0,,,,,,,,
102146348,Crashes_2010_2019_MPO,2018-09-15,2018,36.03037,-86.79036,True,0,0,0,,,,,,,,
102149591,Crashes_2010_2019_MPO,2018-09-15,2018,35.9406,-86.83116,False,0,0,0,,,,,,,,
102146803,Crashes_2010_2019_MPO,2018-09-15,2018,35.92587,-86.82497,False,0,0,0,,,,,,,,
102146035,Crashes_2010_2019_MPO,2018-09-15,2018,36.04001,-86.74347,False,0,0,0,,,,,,,,
102145947,Crashes_2010_2019_MPO,2018-09-15,2018,35.99115,-86.75199,True,0,0,0,,,,,,,,
102145979,Crashes_2010_2019_MPO,2018-09-15,2018,35.94804,-86.86368,False,0,0,0,,,,,,,,
102145644,Crashes_2010_2019_MPO,2018-09-15,2018,36.03743,-86.78635,False,0,0,0,,,,,,,,
102146431,Crashes_2010_2019_MPO,2018-09-15,2018,35.95645,-86.82565,False,0,0,0,,,,,,,,
102147229,Crashes_2010_2019_MPO,2018-09-16,2018,35.95863,-86.80444,False,0,0,0,,,,,,,,
102147456,Crashes_2010_2019_MPO,2018-09-16,2018,35.9992,-86.80916,True,0,0,0,,,,,,,,
102147235,Crashes_2010_2019_MPO,2018-09-16,2018,35.9265,-86.82542,False,0,0,0,,,,,,,,
102147458,Crashes_2010_2019_MPO,2018-09-16,2018,35.95572,-86.81713,False,0,0,0,,,,,,,,
102147624,Crashes_2010_2019_MPO,2018-09-16,2018,36.04537,-86.71326,False,0,0,0,,,,,,,,
102147560,Crashes_2010_2019_MPO,2018-09-16,2018,36.05303,-86.6768,False,0,0,0,,,,,,,,
102156670,Crashes_2010_2019_MPO,2018-09-16,2018,35.92975,-86.86452,False,0,0,0,,,,,,,,
102147751,Crashes_2010_2019_MPO,2018-09-17,2018,36.03958,-86.76842,False,0,0,0,,,,,,,,
102147674,Crashes_2010_2019_MPO,2018-09-17,2018,36.04097,-86.7213,False,0,0,0,,,,,,,,
102148030,Crashes_2010_2019_MPO,2018-09-17,2018,36.0397,-86.78123,False,0,0,0,,,,,,,,
102153743,Crashes_2010_2019_MPO,2018-09-17,2018,35.93331,-86.81492,False,0,0,0,,,,,,,,
102147892,Crashes_2010_2019_MPO,2018-09-17,2018,35.93492,-86.77708,False,0,0,0,,,,,,,,
102151872,Crashes_2010_2019_MPO,2018-09-17,2018,35.92974,-86.85585,False,0,0,0,,,,,,,,
102148157,Crashes_2010_2019_MPO,2018-09-17,2018,36.03874,-86.78398,False,0,0,0,,,,,,,,
102148111,Crashes_2010_2019_MPO,2018-09-17,2018,36.04591,-86.71333,False,0,0,0,,,,,,,,
102149863,Crashes_2010_2019_MPO,2018-09-17,2018,35.95284,-86.8469,False,0,0,0,,,,,,,,
102147814,Crashes_2010_2019_MPO,2018-09-17,2018,35.96798,-86.81833,True,0,0,0,,,,,,,,
102147746,Crashes_2010_2019_MPO,2018-09-17,2018,35.92954,-86.82032,False,0,0,0,,,,,,,,
102147931,Crashes_2010_2019_MPO,2018-09-17,2018,35.99912,-86.82947,True,0,0,0,,,,,,,,
102147745,Crashes_2010_2019_MPO,2018-09-17,2018,35.92957,-86.84187,False,0,0,0,,,,,,,,
102150592,Crashes_2010_2019_MPO,2018-09-18,2018,35.93742,-86.7707,False,0,0,0,,,,,,,,
102149224,Crashes_2010_2019_MPO,2018-09-18,2018,35.96612,-86.80488,True,0,0,0,,,,,,,,
102149506,Crashes_2010_2019_MPO,2018-09-18,2018,36.04727,-86.86261,False,0,0,0,,,,,,,,
102149687,Crashes_2010_2019_MPO,2018-09-18,2018,36.03964,-86.74344,False,0,0,0,,,,,,,,
102148892,Crashes_2010_2019_MPO,2018-09-18,2018,35.9912,-86.68349,False,0,0,0,,,,,,,,
102149003,Crashes_2010_2019_MPO,2018-09-18,2018,35.96587,-86.80293,True,0,0,0,,,,,,,,
102149128,Crashes_2010_2019_MPO,2018-09-18,2018,36.04108,-86.76824,False,0,0,0,,,,,,,,
102149032,Crashes_2010_2019_MPO,2018-09-18,2018,36.04776,-86.86435,False,0,0,0,,,,,,,,
102148960,Crashes_2010_2019_MPO,2018-09-18,2018,36.0541,-86.71516,False,0,0,0,,,,,,,,
102151111,Crashes_2010_2019_MPO,2018-09-18,2018,35.9638,-86.80842,False,0,0,0,,,,,,,,
102149486,Crashes_2010_2019_MPO,2018-09-18,2018,36.04634,-86.74384,False,0,0,0,,,,,,,,
102149536,Crashes_2010_2019_MPO,2018-09-18,2018,36.03066,-86.78358,True,0,0,0,,,,,,,,
102148712,Crashes_2010_2019_MPO,2018-09-18,2018,36.0017,-86.7931,True,0,0,0,,,,,,,,
102149507,Crashes_2010_2019_MPO,2018-09-18,2018,35.98595,-86.76021,True,0,0,0,,,,,,,,
102149654,Crashes_2010_2019_MPO,2018-09-18,2018,36.04004,-86.78083,False,0,0,0,,,,,,,,
102150783,Crashes_2010_2019_MPO,2018-09-19,2018,36.04248,-86.83039,False,0,0,0,,,,,,,,
102150638,Crashes_2010_2019_MPO,2018-09-19,2018,36.04998,-86.77518,False,0,0,0,,,,,,,,
102150725,Crashes_2010_2019_MPO,2018-09-19,2018,35.93299,-86.85005,False,0,0,0,,,,,,,,
102151612,Crashes_2010_2019_MPO,2018-09-19,2018,35.95874,-86.80293,False,0,0,0,,,,,,,,
102150905,Crashes_2010_2019_MPO,2018-09-19,2018,36.03993,-86.78096,False,0,0,0,,,,,,,,
102157646,Crashes_2010_2019_MPO,2018-09-19,2018,36.02589,-86.79286,True,0,0,0,,,,,,,,
102152490,Crashes_2010_2019_MPO,2018-09-19,2018,35.95078,-86.80672,False,0,0,0,,,,,,,,
102152500,Crashes_2010_2019_MPO,2018-09-19,2018,35.94616,-86.80856,False,0,0,0,,,,,,,,
102150368,Crashes_2010_2019_MPO,2018-09-19,2018,36.05366,-86.71502,False,0,0,0,,,,,,,,
102150886,Crashes_2010_2019_MPO,2018-09-19,2018,35.9468,-86.82247,False,0,0,0,,,,,,,,
102150702,Crashes_2010_2019_MPO,2018-09-19,2018,35.93306,-86.81184,False,0,0,0,,,,,,,,
102151290,Crashes_2010_2019_MPO,2018-09-20,2018,35.95613,-86.84426,False,0,0,0,,,,,,,,
102155666,Crashes_2010_2019_MPO,2018-09-20,2018,35.96637,-86.81132,False,0,0,0,,,,,,,,
102151781,Crashes_2010_2019_MPO,2018-09-20,2018,36.04747,-86.86331,False,0,0,0,,,,,,,,
102155665,Crashes_2010_2019_MPO,2018-09-20,2018,35.9638,-86.80842,False,0,0,0,,,,,,,,
102152054,Crashes_2010_2019_MPO,2018-09-20,2018,36.03799,-86.79812,False,0,0,0,,,,,,,,
102151883,Crashes_2010_2019_MPO,2018-09-20,2018,35.92944,-86.84093,False,0,0,0,,,,,,,,
102151997,Crashes_2010_2019_MPO,2018-09-20,2018,36.04012,-86.78074,False,0,0,0,,,,,,,,
102151918,Crashes_2010_2019_MPO,2018-09-20,2018,35.9509,-86.80665,False,0,0,0,,,,,,,,
102152905,Crashes_2010_2019_MPO,2018-09-20,2018,35.92316,-86.81661,False,0,0,0,,,,,,,,
102152481,Crashes_2010_2019_MPO,2018-09-20,2018,35.9411,-86.81656,False,0,0,0,,,,,,,,
102151919,Crashes_2010_2019_MPO,2018-09-20,2018,35.95223,-86.80522,False,0,0,0,,,,,,,,
102152971,Crashes_2010_2019_MPO,2018-09-20,2018,35.94675,-86.85178,False,0,0,0,,,,,,,,
102151874,Crashes_2010_2019_MPO,2018-09-20,2018,36.03608,-86.78715,True,0,0,0,,,,,,,,
102151693,Crashes_2010_2019_MPO,2018-09-20,2018,36.04276,-86.75148,False,0,0,0,,,,,,,,
102151873,Crashes_2010_2019_MPO,2018-09-20,2018,35.94079,-86.81667,False,0,0,1,,,,,,,,
102151846,Crashes_2010_2019_MPO,2018-09-20,2018,35.94805,-86.8186,False,0,0,0,,,,,,,,
102155118,Crashes_2010_2019_MPO,2018-09-20,2018,35.93323,-86.71344,False,0,0,0,,,,,,,,
102151867,Crashes_2010_2019_MPO,2018-09-20,2018,35.93896,-86.8173,False,0,0,0,,,,,,,,
102151849,Crashes_2010_2019_MPO,2018-09-20,2018,35.96654,-86.81124,True,0,0,0,,,,,,,,
102152834,Crashes_2010_2019_MPO,2018-09-21,2018,36.01492,-86.72877,False,0,0,0,,,,,,,,
102153290,Crashes_2010_2019_MPO,2018-09-21,2018,36.00137,-86.79403,True,0,0,0,,,,,,,,
102153138,Crashes_2010_2019_MPO,2018-09-21,2018,35.94782,-86.81975,False,0,0,0,,,,,,,,
102153204,Crashes_2010_2019_MPO,2018-09-21,2018,36.04816,-86.77571,False,0,0,0,,,,,,,,
102153065,Crashes_2010_2019_MPO,2018-09-21,2018,35.99491,-86.77178,True,0,0,0,,,,,,,,
102152402,Crashes_2010_2019_MPO,2018-09-21,2018,36.01538,-86.70566,False,0,0,0,,,,,,,,
102152464,Crashes_2010_2019_MPO,2018-09-21,2018,35.96652,-86.81373,True,0,0,0,,,,,,,,
102152773,Crashes_2010_2019_MPO,2018-09-21,2018,35.99649,-86.78854,True,0,0,0,,,,,,,,
102153045,Crashes_2010_2019_MPO,2018-09-21,2018,35.95198,-86.81788,False,0,0,0,,,,,,,,
102152976,Crashes_2010_2019_MPO,2018-09-21,2018,35.9447,-86.80928,False,0,0,0,,,,,,,,
102153409,Crashes_2010_2019_MPO,2018-09-21,2018,35.92494,-86.78103,False,0,0,0,,,,,,,,
102153303,Crashes_2010_2019_MPO,2018-09-21,2018,36.03265,-86.7698,False,0,0,0,,,,,,,,
102154598,Crashes_2010_2019_MPO,2018-09-22,2018,35.99465,-86.76846,True,0,0,0,,,,,,,,
102153777,Crashes_2010_2019_MPO,2018-09-22,2018,36.0465,-86.7134,False,0,0,0,,,,,,,,
102153910,Crashes_2010_2019_MPO,2018-09-22,2018,35.96705,-86.81355,True,0,0,0,,,,,,,,
102154552,Crashes_2010_2019_MPO,2018-09-22,2018,35.92957,-86.84229,False,0,0,0,,,,,,,,
102154357,Crashes_2010_2019_MPO,2018-09-22,2018,36.04079,-86.77959,False,0,0,0,,,,,,,,
102154592,Crashes_2010_2019_MPO,2018-09-22,2018,35.96589,-86.80316,True,0,0,0,,,,,,,,
102154767,Crashes_2010_2019_MPO,2018-09-22,2018,36.0341,-86.78829,True,0,0,1,,,,,,,,
102155063,Crashes_2010_2019_MPO,2018-09-22,2018,35.96015,-86.8074,False,0,0,0,,,,,,,,
102153554,Crashes_2010_2019_MPO,2018-09-22,2018,36.03268,-86.77007,False,0,0,0,,,,,,,,
102198218,Crashes_2010_2019_MPO,2018-09-22,2018,35.92316,-86.81661,False,0,0,0,,,,,,,,
102154524,Crashes_2010_2019_MPO,2018-09-22,2018,36.04554,-86.71144,False,0,0,0,,,,,,,,
102154167,Crashes_2010_2019_MPO,2018-09-22,2018,35.96734,-86.69862,False,0,0,0,,,,,,,,
102157877,Crashes_2010_2019_MPO,2018-09-22,2018,35.96711,-86.77758,True,0,0,0,,,,,,,,
102155325,Crashes_2010_2019_MPO,2018-09-22,2018,35.93099,-86.8588,False,0,1,0,,,,,,,,
102154231,Crashes_2010_2019_MPO,2018-09-22,2018,36.01384,-86.73831,False,0,0,0,,,,,,,,
102154849,Crashes_2010_2019_MPO,2018-09-22,2018,35.99922,-86.80923,True,0,0,0,,,,,,,,
102155341,Crashes_2010_2019_MPO,2018-09-23,2018,36.039,-86.74342,False,0,0,0,,,,,,,,
102154793,Crashes_2010_2019_MPO,2018-09-23,2018,35.93625,-86.85967,False,0,0,0,,,,,,,,
102155352,Crashes_2010_2019_MPO,2018-09-23,2018,35.96594,-86.80418,True,0,0,0,,,,,,,,
102155538,Crashes_2010_2019_MPO,2018-09-23,2018,35.93018,-86.8492,False,0,0,0,,,,,,,,
102155163,Crashes_2010_2019_MPO,2018-09-23,2018,36.04547,-86.71214,False,0,0,0,,,,,,,,
102156354,Crashes_2010_2019_MPO,2018-09-23,2018,35.92765,-86.82126,False,0,0,0,,,,,,,,
102157528,Crashes_2010_2019_MPO,2018-09-23,2018,36.02041,-86.78731,True,0,0,0,,,,,,,,
102155420,Crashes_2010_2019_MPO,2018-09-23,2018,36.0469,-86.71447,False,0,0,0,,,,,,,,
102155567,Crashes_2010_2019_MPO,2018-09-23,2018,36.03331,-86.77742,True,0,0,0,,,,,,,,
102154870,Crashes_2010_2019_MPO,2018-09-23,2018,35.96174,-86.80191,True,0,0,0,,,,,,,,
102155931,Crashes_2010_2019_MPO,2018-09-24,2018,36.03703,-86.78666,False,0,0,0,,,,,,,,
102156161,Crashes_2010_2019_MPO,2018-09-24,2018,35.99437,-86.77869,True,0,0,0,,,,,,,,
102155668,Crashes_2010_2019_MPO,2018-09-24,2018,35.93215,-86.79441,False,0,0,0,,,,,,,,
102155912,Crashes_2010_2019_MPO,2018-09-24,2018,36.04567,-86.70714,False,0,0,0,,,,,,,,
102159883,Crashes_2010_2019_MPO,2018-09-24,2018,35.94717,-86.82154,False,0,0,0,,,,,,,,
102156618,Crashes_2010_2019_MPO,2018-09-24,2018,35.94184,-86.81605,False,0,0,0,,,,,,,,
102156122,Crashes_2010_2019_MPO,2018-09-24,2018,35.97597,-86.82952,True,0,0,0,,,,,,,,
102155732,Crashes_2010_2019_MPO,2018-09-24,2018,36.03066,-86.78358,True,0,0,0,,,,,,,,
102156086,Crashes_2010_2019_MPO,2018-09-24,2018,36.04108,-86.77569,False,0,0,0,,,,,,,,
102156267,Crashes_2010_2019_MPO,2018-09-24,2018,36.04525,-86.71444,False,0,0,0,,,,,,,,
102156270,Crashes_2010_2019_MPO,2018-09-24,2018,35.99616,-86.78558,True,0,0,0,,,,,,,,
102156286,Crashes_2010_2019_MPO,2018-09-24,2018,35.96501,-86.81417,False,0,0,0,,,,,,,,
102159068,Crashes_2010_2019_MPO,2018-09-25,2018,36.03441,-86.78336,True,0,0,0,,,,,,,,
102157393,Crashes_2010_2019_MPO,2018-09-25,2018,36.03899,-86.78258,False,0,0,0,,,,,,,,
102162024,Crashes_2010_2019_MPO,2018-09-25,2018,35.95078,-86.80672,False,0,0,0,,,,,,,,
102157239,Crashes_2010_2019_MPO,2018-09-25,2018,35.93733,-86.81787,False,0,0,0,,,,,,,,
102156934,Crashes_2010_2019_MPO,2018-09-25,2018,35.94777,-86.698,False,0,0,0,,,,,,,,
102157125,Crashes_2010_2019_MPO,2018-09-25,2018,36.05028,-86.8748,False,0,0,0,,,,,,,,
102156619,Crashes_2010_2019_MPO,2018-09-25,2018,35.97102,-86.67835,False,0,0,0,,,,,,,,
102156658,Crashes_2010_2019_MPO,2018-09-25,2018,36.04537,-86.71326,False,0,0,0,,,,,,,,
102156856,Crashes_2010_2019_MPO,2018-09-25,2018,35.997971,-86.798643,True,0,0,0,,,,,,,,
102156596,Crashes_2010_2019_MPO,2018-09-25,2018,36.03993,-86.76839,False,0,0,0,,,,,,,,
102157292,Crashes_2010_2019_MPO,2018-09-25,2018,36.03016,-86.79048,True,0,0,0,,,,,,,,
102156611,Crashes_2010_2019_MPO,2018-09-25,2018,35.93374,-86.81767,False,0,0,0,,,,,,,,
102164333,Crashes_2010_2019_MPO,2018-09-25,2018,35.94798,-86.81714,False,0,0,0,,,,,,,,
102157129,Crashes_2010_2019_MPO,2018-09-25,2018,36.04067,-86.7798,False,0,0,0,,,,,,,,
102157301,Crashes_2010_2019_MPO,2018-09-25,2018,36.03741,-86.78651,False,0,0,0,,,,,,,,
102157182,Crashes_2010_2019_MPO,2018-09-25,2018,36.0355,-86.783,False,0,0,0,,,,,,,,
102157213,Crashes_2010_2019_MPO,2018-09-25,2018,35.99774,-86.79664,True,0,0,0,,,,,,,,
102158616,Crashes_2010_2019_MPO,2018-09-26,2018,35.9973,-86.7977,True,0,0,0,,,,,,,,
102164499,Crashes_2010_2019_MPO,2018-09-26,2018,36.01526,-86.79907,True,0,0,0,,,,,,,,