record_no,source_layer,collision_ts,crash_year,latitude,longitude,in_city,fatalities,non_motorists,truck_involved,serious_injuries,pedestrian,bicycle,crash_type,manner_of_collision,lighting,weather,first_harmful_event
102158361,Crashes_2010_2019_MPO,2018-09-26,2018,35.94196,-86.82116,False,0,0,0,,,,,,,,
102158338,Crashes_2010_2019_MPO,2018-09-26,2018,35.99272,-86.82867,True,0,0,0,,,,,,,,
102158436,Crashes_2010_2019_MPO,2018-09-26,2018,36.04536,-86.74393,False,0,0,0,,,,,,,,
102158487,Crashes_2010_2019_MPO,2018-09-26,2018,35.99004,-86.74528,True,0,0,0,,,,,,,,
102158035,Crashes_2010_2019_MPO,2018-09-26,2018,36.0374,-86.78657,False,0,0,0,,,,,,,,
102158381,Crashes_2010_2019_MPO,2018-09-26,2018,36.0447,-86.78038,False,0,0,0,,,,,,,,
102161529,Crashes_2010_2019_MPO,2018-09-26,2018,35.97776,-86.80359,True,0,0,0,,,,,,,,
102157925,Crashes_2010_2019_MPO,2018-09-26,2018,35.99852,-86.75959,True,0,0,0,,,,,,,,
102159069,Crashes_2010_2019_MPO,2018-09-26,2018,35.99229,-86.82836,True,0,0,0,,,,,,,,
102158025,Crashes_2010_2019_MPO,2018-09-26,2018,36.02773,-86.79182,True,0,0,0,,,,,,,,
102157719,Crashes_2010_2019_MPO,2018-09-26,2018,36.03126,-86.75311,False,0,0,0,,,,,,,,
102158123,Crashes_2010_2019_MPO,2018-09-26,2018,35.9669,-86.80893,True,0,0,0,,,,,,,,
102157777,Crashes_2010_2019_MPO,2018-09-26,2018,35.94409,-86.82081,False,0,0,0,,,,,,,,
102158945,Crashes_2010_2019_MPO,2018-09-27,2018,36.02175,-86.74267,False,0,0,0,,,,,,,,
102159570,Crashes_2010_2019_MPO,2018-09-27,2018,36.0389,-86.67744,False,0,0,0,,,,,,,,
102158892,Crashes_2010_2019_MPO,2018-09-27,2018,35.93331,-86.81492,False,0,0,0,,,,,,,,
102159985,Crashes_2010_2019_MPO,2018-09-27,2018,35.93465,-86.86087,False,0,0,0,,,,,,,,
102158789,Crashes_2010_2019_MPO,2018-09-27,2018,35.99783,-86.80997,True,0,0,0,,,,,,,,
102158798,Crashes_2010_2019_MPO,2018-09-27,2018,35.94988,-86.75902,True,0,0,0,,,,,,,,
102159254,Crashes_2010_2019_MPO,2018-09-27,2018,36.04663,-86.68343,False,0,0,0,,,,,,,,
102159509,Crashes_2010_2019_MPO,2018-09-27,2018,35.96763,-86.81033,True,0,0,0,,,,,,,,
102159386,Crashes_2010_2019_MPO,2018-09-27,2018,35.93333,-86.81177,False,0,0,0,,,,,,,,
102159395,Crashes_2010_2019_MPO,2018-09-27,2018,35.93513,-86.8112,False,0,0,0,,,,,,,,
102158890,Crashes_2010_2019_MPO,2018-09-27,2018,35.94962,-86.81335,False,0,0,0,,,,,,,,
102159089,Crashes_2010_2019_MPO,2018-09-27,2018,35.94395,-86.81556,False,0,0,0,,,,,,,,
102159018,Crashes_2010_2019_MPO,2018-09-27,2018,35.94923,-86.80706,False,0,0,0,,,,,,,,
102159375,Crashes_2010_2019_MPO,2018-09-27,2018,36.05348,-86.71593,False,0,0,0,,,,,,,,
102161219,Crashes_2010_2019_MPO,2018-09-28,2018,35.93127,-86.87663,False,0,0,0,,,,,,,,
102160046,Crashes_2010_2019_MPO,2018-09-28,2018,35.96688,-86.81117,True,0,0,0,,,,,,,,
102160346,Crashes_2010_2019_MPO,2018-09-28,2018,36.03522,-86.78765,True,0,0,0,,,,,,,,
102160024,Crashes_2010_2019_MPO,2018-09-28,2018,36.04342,-86.71304,False,0,0,0,,,,,,,,
102161117,Crashes_2010_2019_MPO,2018-09-28,2018,36.04449,-86.68707,False,0,0,0,,,,,,,,
102160220,Crashes_2010_2019_MPO,2018-09-28,2018,36.05286,-86.71478,False,0,0,0,,,,,,,,
102160615,Crashes_2010_2019_MPO,2018-09-28,2018,35.9946,-86.76779,True,0,0,0,,,,,,,,
102160765,Crashes_2010_2019_MPO,2018-09-28,2018,36.0116,-86.70306,False,0,0,0,,,,,,,,
102160312,Crashes_2010_2019_MPO,2018-09-28,2018,35.94658,-86.80864,False,0,0,0,,,,,,,,
102159975,Crashes_2010_2019_MPO,2018-09-28,2018,35.95312,-86.81498,False,0,0,0,,,,,,,,
102160951,Crashes_2010_2019_MPO,2018-09-28,2018,36.03794,-86.79742,False,0,0,0,,,,,,,,
102160022,Crashes_2010_2019_MPO,2018-09-28,2018,36.04674,-86.67884,False,0,0,0,,,,,,,,
102160269,Crashes_2010_2019_MPO,2018-09-28,2018,36.04585,-86.77799,False,0,0,0,,,,,,,,
102160315,Crashes_2010_2019_MPO,2018-09-28,2018,36.05291,-86.68747,False,0,0,0,,,,,,,,
102160759,Crashes_2010_2019_MPO,2018-09-28,2018,36.03912,-86.78238,False,0,0,0,,,,,,,,
102160448,Crashes_2010_2019_MPO,2018-09-28,2018,36.05366,-86.71502,False,0,0,0,,,,,,,,
102161055,Crashes_2010_2019_MPO,2018-09-28,2018,35.93437,-86.86107,False,0,0,0,,,,,,,,
102160568,Crashes_2010_2019_MPO,2018-09-28,2018,36.04123,-86.77853,False,0,0,0,,,,,,,,
102160698,Crashes_2010_2019_MPO,2018-09-28,2018,35.9273,-86.87404,False,0,0,0,,,,,,,,
102161971,Crashes_2010_2019_MPO,2018-09-29,2018,35.99922,-86.80923,True,0,0,0,,,,,,,,
102162165,Crashes_2010_2019_MPO,2018-09-29,2018,36.04678,-86.67904,False,0,0,0,,,,,,,,
102162023,Crashes_2010_2019_MPO,2018-09-29,2018,36.04024,-86.78053,False,0,0,0,,,,,,,,
102163542,Crashes_2010_2019_MPO,2018-09-29,2018,35.97752,-86.77505,True,0,0,0,,,,,,,,
102162712,Crashes_2010_2019_MPO,2018-09-29,2018,35.92317,-86.81685,False,0,0,0,,,,,,,,
102162302,Crashes_2010_2019_MPO,2018-09-29,2018,36.03496,-86.7878,True,0,0,0,,,,,,,,
102161620,Crashes_2010_2019_MPO,2018-09-29,2018,36.04476,-86.7811,False,0,0,0,,,,,,,,
102162228,Crashes_2010_2019_MPO,2018-09-29,2018,35.92925,-86.81997,False,0,0,0,,,,,,,,
102161936,Crashes_2010_2019_MPO,2018-09-29,2018,35.96669,-86.809158,True,0,0,0,,,,,,,,
102163331,Crashes_2010_2019_MPO,2018-09-29,2018,36.00904,-86.83172,True,0,0,0,,,,,,,,
102162033,Crashes_2010_2019_MPO,2018-09-29,2018,35.99218,-86.79884,True,0,0,0,,,,,,,,
102161396,Crashes_2010_2019_MPO,2018-09-29,2018,36.04853,-86.71786,False,0,0,0,,,,,,,,
102162677,Crashes_2010_2019_MPO,2018-09-29,2018,35.95212,-86.81784,False,0,0,0,,,,,,,,
102162141,Crashes_2010_2019_MPO,2018-09-29,2018,36.04529,-86.71402,False,0,0,0,,,,,,,,
102162616,Crashes_2010_2019_MPO,2018-09-30,2018,35.92647,-86.82509,False,0,0,0,,,,,,,,
102164203,Crashes_2010_2019_MPO,2018-09-30,2018,36.01973,-86.78715,True,0,0,0,,,,,,,,
102162876,Crashes_2010_2019_MPO,2018-09-30,2018,36.04028,-86.76837,False,0,0,0,,,,,,,,
102162889,Crashes_2010_2019_MPO,2018-09-30,2018,35.99772,-86.79803,True,0,0,0,,,,,,,,
102162607,Crashes_2010_2019_MPO,2018-09-30,2018,36.04231,-86.72652,False,0,0,0,,,,,,,,
102164334,Crashes_2010_2019_MPO,2018-10-01,2018,35.92472,-86.79428,False,0,0,0,,,,,,,,
102163543,Crashes_2010_2019_MPO,2018-10-01,2018,35.98718,-86.8164,True,0,0,0,,,,,,,,
102164016,Crashes_2010_2019_MPO,2018-10-01,2018,36.04522,-86.71483,False,0,0,0,,,,,,,,
102163566,Crashes_2010_2019_MPO,2018-10-01,2018,36.04005,-86.74409,False,0,0,0,,,,,,,,
102163505,Crashes_2010_2019_MPO,2018-10-01,2018,35.96562,-86.80083,True,0,0,0,,,,,,,,
102163669,Crashes_2010_2019_MPO,2018-10-01,2018,36.02283,-86.78317,True,0,0,0,,,,,,,,
102165528,Crashes_2010_2019_MPO,2018-10-01,2018,35.94647,-86.83126,False,0,0,0,,,,,,,,
102163672,Crashes_2010_2019_MPO,2018-10-01,2018,35.93446,-86.81991,False,0,0,0,,,,,,,,
102164187,Crashes_2010_2019_MPO,2018-10-01,2018,35.9955,-86.77882,True,0,0,0,,,,,,,,
102163979,Crashes_2010_2019_MPO,2018-10-01,2018,35.97542,-86.83072,True,0,0,1,,,,,,,,
102163483,Crashes_2010_2019_MPO,2018-10-01,2018,36.04549,-86.712,False,0,0,0,,,,,,,,
102163470,Crashes_2010_2019_MPO,2018-10-01,2018,36.00387,-86.72884,True,0,0,0,,,,,,,,
102163899,Crashes_2010_2019_MPO,2018-10-01,2018,36.04479,-86.71319,False,0,0,0,,,,,,,,
102165529,Crashes_2010_2019_MPO,2018-10-01,2018,35.93401,-86.81797,False,0,0,0,,,,,,,,
102164385,Crashes_2010_2019_MPO,2018-10-02,2018,36.04741,-86.8631,False,0,0,0,,,,,,,,
102164472,Crashes_2010_2019_MPO,2018-10-02,2018,35.97743,-86.7743,True,0,0,1,,,,,,,,
102164552,Crashes_2010_2019_MPO,2018-10-02,2018,35.93423,-86.81894,False,0,0,0,,,,,,,,
102164729,Crashes_2010_2019_MPO,2018-10-02,2018,35.94678,-86.85131,False,0,0,0,,,,,,,,
102164593,Crashes_2010_2019_MPO,2018-10-02,2018,35.96705,-86.81355,True,0,0,0,,,,,,,,
102165910,Crashes_2010_2019_MPO,2018-10-02,2018,36.03175,-86.78961,True,0,0,0,,,,,,,,
102166530,Crashes_2010_2019_MPO,2018-10-02,2018,35.9583,-86.8023,False,0,0,0,,,,,,,,
102165735,Crashes_2010_2019_MPO,2018-10-02,2018,35.94799,-86.81995,False,0,0,0,,,,,,,,
102165794,Crashes_2010_2019_MPO,2018-10-02,2018,35.94672,-86.85181,False,0,0,0,,,,,,,,
102165793,Crashes_2010_2019_MPO,2018-10-02,2018,35.9408,-86.83968,False,0,0,0,,,,,,,,
102164827,Crashes_2010_2019_MPO,2018-10-02,2018,35.97709,-86.7629,True,0,0,0,,,,,,,,
102165027,Crashes_2010_2019_MPO,2018-10-02,2018,35.94981,-86.81352,False,0,0,0,,,,,,,,
102165169,Crashes_2010_2019_MPO,2018-10-02,2018,36.04196,-86.7681,False,0,1,0,,,,,,,,
102164900,Crashes_2010_2019_MPO,2018-10-02,2018,36.04547,-86.70428,False,0,0,0,,,,,,,,
102166064,Crashes_2010_2019_MPO,2018-10-03,2018,35.93199,-86.82397,False,0,0,0,,,,,,,,
102165912,Crashes_2010_2019_MPO,2018-10-03,2018,36.04296,-86.84191,False,0,0,0,,,,,,,,
102165381,Crashes_2010_2019_MPO,2018-10-03,2018,35.92722,-86.73881,False,0,0,0,,,,,,,,
102165699,Crashes_2010_2019_MPO,2018-10-03,2018,36.03259,-86.76872,False,0,0,0,,,,,,,,
102165810,Crashes_2010_2019_MPO,2018-10-03,2018,35.93285,-86.86221,False,0,0,0,,,,,,,,
102166277,Crashes_2010_2019_MPO,2018-10-03,2018,35.97808,-86.67817,False,0,0,0,,,,,,,,
102165554,Crashes_2010_2019_MPO,2018-10-03,2018,36.03934,-86.78566,False,0,0,0,,,,,,,,
102165798,Crashes_2010_2019_MPO,2018-10-03,2018,35.94269,-86.82082,False,0,0,0,,,,,,,,
102167138,Crashes_2010_2019_MPO,2018-10-04,2018,36.02425,-86.71288,False,0,0,0,,,,,,,,
102170268,Crashes_2010_2019_MPO,2018-10-04,2018,35.94787,-86.81866,False,0,0,0,,,,,,,,
102166943,Crashes_2010_2019_MPO,2018-10-04,2018,36.04231,-86.83135,False,0,0,0,,,,,,,,
102167157,Crashes_2010_2019_MPO,2018-10-04,2018,36.04062,-86.7713,False,0,0,0,,,,,,,,
102167047,Crashes_2010_2019_MPO,2018-10-04,2018,35.97835,-86.77684,True,0,0,1,,,,,,,,
102167112,Crashes_2010_2019_MPO,2018-10-04,2018,35.92912,-86.83867,False,0,0,0,,,,,,,,
102168279,Crashes_2010_2019_MPO,2018-10-04,2018,35.9476,-86.81992,False,0,0,0,,,,,,,,
102166569,Crashes_2010_2019_MPO,2018-10-04,2018,35.99533,-86.68768,False,0,0,0,,,,,,,,
102167008,Crashes_2010_2019_MPO,2018-10-04,2018,35.9262,-86.8245,False,0,0,0,,,,,,,,
102166936,Crashes_2010_2019_MPO,2018-10-04,2018,35.92641,-86.82453,False,0,0,0,,,,,,,,
102166477,Crashes_2010_2019_MPO,2018-10-04,2018,36.04299,-86.84217,False,0,0,0,,,,,,,,
102166934,Crashes_2010_2019_MPO,2018-10-04,2018,35.99771,-86.79794,True,0,0,0,,,,,,,,
102166645,Crashes_2010_2019_MPO,2018-10-04,2018,35.94099,-86.83149,False,0,0,0,,,,,,,,
102168378,Crashes_2010_2019_MPO,2018-10-05,2018,35.93482,-86.82182,False,0,0,0,,,,,,,,
102168356,Crashes_2010_2019_MPO,2018-10-05,2018,35.9505,-86.76617,True,0,0,0,,,,,,,,
102167783,Crashes_2010_2019_MPO,2018-10-05,2018,35.99922,-86.80923,True,0,0,0,,,,,,,,
102167973,Crashes_2010_2019_MPO,2018-10-05,2018,36.02257,-86.7868,True,0,0,0,,,,,,,,
102171885,Crashes_2010_2019_MPO,2018-10-05,2018,35.92983,-86.82022,False,0,0,0,,,,,,,,
102168323,Crashes_2010_2019_MPO,2018-10-05,2018,36.03097,-86.79094,True,0,0,0,,,,,,,,
102168190,Crashes_2010_2019_MPO,2018-10-05,2018,36.02008,-86.77878,True,0,0,0,,,,,,,,
102168241,Crashes_2010_2019_MPO,2018-10-05,2018,35.92676,-86.87368,False,0,0,0,,,,,,,,
102171899,Crashes_2010_2019_MPO,2018-10-05,2018,35.95778,-86.80259,False,0,0,0,,,,,,,,
102171419,Crashes_2010_2019_MPO,2018-10-05,2018,35.99781,-86.79886,True,0,0,0,,,,,,,,
102167604,Crashes_2010_2019_MPO,2018-10-05,2018,36.0422,-86.83188,False,0,0,0,,,,,,,,
102169299,Crashes_2010_2019_MPO,2018-10-06,2018,35.966723,-86.809109,True,0,0,0,,,,,,,,
102168798,Crashes_2010_2019_MPO,2018-10-06,2018,36.05151,-86.71436,False,0,0,1,,,,,,,,
102169146,Crashes_2010_2019_MPO,2018-10-06,2018,36.02962,-86.70382,False,0,0,0,,,,,,,,
102168959,Crashes_2010_2019_MPO,2018-10-06,2018,35.93557,-86.82364,False,0,0,0,,,,,,,,
102169877,Crashes_2010_2019_MPO,2018-10-06,2018,36.04664,-86.6784,False,0,0,1,,,,,,,,
102170154,Crashes_2010_2019_MPO,2018-10-06,2018,36.04522,-86.71324,False,0,0,0,,,,,,,,
102168684,Crashes_2010_2019_MPO,2018-10-06,2018,35.94699,-86.81153,False,0,0,0,,,,,,,,
102169092,Crashes_2010_2019_MPO,2018-10-06,2018,36.01522,-86.70556,False,0,0,0,,,,,,,,
102169452,Crashes_2010_2019_MPO,2018-10-06,2018,35.95965,-86.8158,False,0,0,0,,,,,,,,
102170588,Crashes_2010_2019_MPO,2018-10-07,2018,36.04186,-86.72653,False,0,0,0,,,,,,,,
102170177,Crashes_2010_2019_MPO,2018-10-07,2018,36.0374,-86.78657,False,0,0,0,,,,,,,,
102170803,Crashes_2010_2019_MPO,2018-10-07,2018,35.96902,-86.7155,True,0,0,0,,,,,,,,
102169876,Crashes_2010_2019_MPO,2018-10-07,2018,36.04957,-86.7136,False,0,0,0,,,,,,,,
102169748,Crashes_2010_2019_MPO,2018-10-07,2018,36.04537,-86.71326,False,0,0,0,,,,,,,,
102170431,Crashes_2010_2019_MPO,2018-10-07,2018,35.9478,-86.69553,False,0,0,0,,,,,,,,
102170529,Crashes_2010_2019_MPO,2018-10-07,2018,35.966547,-86.80997,True,0,0,0,,,,,,,,
102170703,Crashes_2010_2019_MPO,2018-10-07,2018,35.94612,-86.82346,False,0,0,0,,,,,,,,
102171192,Crashes_2010_2019_MPO,2018-10-08,2018,35.92629,-86.86662,False,0,0,0,,,,,,,,
102170996,Crashes_2010_2019_MPO,2018-10-08,2018,36.03934,-86.78566,False,0,0,0,,,,,,,,
102174260,Crashes_2010_2019_MPO,2018-10-08,2018,35.93292,-86.81185,False,0,0,0,,,,,,,,
102171632,Crashes_2010_2019_MPO,2018-10-08,2018,36.05167,-86.81178,False,0,0,0,,,,,,,,
102171651,Crashes_2010_2019_MPO,2018-10-08,2018,36.05151,-86.71436,False,0,0,0,,,,,,,,
102171793,Crashes_2010_2019_MPO,2018-10-08,2018,35.9541,-86.70202,False,0,0,0,,,,,,,,
102171489,Crashes_2010_2019_MPO,2018-10-08,2018,36.0338,-86.79497,True,0,0,0,,,,,,,,
102171584,Crashes_2010_2019_MPO,2018-10-08,2018,35.96705,-86.81355,True,0,0,0,,,,,,,,
102171874,Crashes_2010_2019_MPO,2018-10-09,2018,36.03482,-86.79608,True,0,0,0,,,,,,,,
102171960,Crashes_2010_2019_MPO,2018-10-09,2018,35.97784,-86.80356,True,0,0,0,,,,,,,,
102173884,Crashes_2010_2019_MPO,2018-10-09,2018,35.93586,-86.81813,False,0,0,0,,,,,,,,
102173141,Crashes_2010_2019_MPO,2018-10-09,2018,35.95383,-86.80405,False,0,0,0,,,,,,,,
102172349,Crashes_2010_2019_MPO,2018-10-09,2018,35.92302,-86.8166,False,0,0,0,,,,,,,,
102174261,Crashes_2010_2019_MPO,2018-10-09,2018,35.92565,-86.86766,False,0,0,0,,,,,,,,
102173864,Crashes_2010_2019_MPO,2018-10-09,2018,35.94782,-86.81975,False,0,0,0,,,,,,,,
102172365,Crashes_2010_2019_MPO,2018-10-09,2018,35.9667,-86.81121,True,0,0,0,,,,,,,,
102172345,Crashes_2010_2019_MPO,2018-10-09,2018,35.92678,-86.8768,False,0,0,0,,,,,,,,
102172885,Crashes_2010_2019_MPO,2018-10-09,2018,35.99551,-86.77887,True,0,0,0,,,,,,,,
102172709,Crashes_2010_2019_MPO,2018-10-09,2018,36.03292,-86.8223,True,0,0,0,,,,,,,,
102172374,Crashes_2010_2019_MPO,2018-10-09,2018,36.04055,-86.78107,False,0,0,0,,,,,,,,
102172633,Crashes_2010_2019_MPO,2018-10-10,2018,36.04929,-86.71377,False,0,0,0,,,,,,,,
102174218,Crashes_2010_2019_MPO,2018-10-10,2018,35.9234,-86.767,False,0,0,0,,,,,,,,
102172829,Crashes_2010_2019_MPO,2018-10-10,2018,36.04521,-86.71489,False,0,0,0,,,,,,,,
102173424,Crashes_2010_2019_MPO,2018-10-10,2018,36.04543,-86.70361,False,0,0,0,,,,,,,,
102173350,Crashes_2010_2019_MPO,2018-10-10,2018,36.05145,-86.70271,False,0,0,0,,,,,,,,
102173069,Crashes_2010_2019_MPO,2018-10-10,2018,35.95099,-86.84839,False,0,0,0,,,,,,,,
102173946,Crashes_2010_2019_MPO,2018-10-10,2018,35.93191,-86.794,False,0,0,0,,,,,,,,
102175661,Crashes_2010_2019_MPO,2018-10-10,2018,35.92999,-86.86435,False,0,0,0,,,,,,,,
102173078,Crashes_2010_2019_MPO,2018-10-10,2018,36.03473,-86.78793,True,0,0,0,,,,,,,,
102174262,Crashes_2010_2019_MPO,2018-10-10,2018,35.94806,-86.86354,False,0,0,0,,,,,,,,
102173351,Crashes_2010_2019_MPO,2018-10-10,2018,36.01108,-86.70269,False,0,0,0,,,,,,,,
102172770,Crashes_2010_2019_MPO,2018-10-10,2018,36.05261,-86.7393,False,0,0,0,,,,,,,,
102174072,Crashes_2010_2019_MPO,2018-10-10,2018,36.03278,-86.78331,True,0,0,0,,,,,,,,
102173305,Crashes_2010_2019_MPO,2018-10-10,2018,36.03971,-86.75862,False,0,0,0,,,,,,,,
102173185,Crashes_2010_2019_MPO,2018-10-10,2018,36.02683,-86.80898,True,0,0,0,,,,,,,,
102173301,Crashes_2010_2019_MPO,2018-10-10,2018,36.0483,-86.71361,False,0,0,0,,,,,,,,
102174246,Crashes_2010_2019_MPO,2018-10-10,2018,36.0343,-86.79174,True,0,0,0,,,,,,,,
102172813,Crashes_2010_2019_MPO,2018-10-10,2018,35.99633,-86.79716,True,0,0,0,,,,,,,,
102173865,Crashes_2010_2019_MPO,2018-10-11,2018,35.93232,-86.84242,False,0,0,0,,,,,,,,
102175310,Crashes_2010_2019_MPO,2018-10-11,2018,35.96018,-86.80183,False,0,0,0,,,,,,,,
102174577,Crashes_2010_2019_MPO,2018-10-11,2018,35.95834,-86.80203,False,0,0,1,,,,,,,,
102173752,Crashes_2010_2019_MPO,2018-10-11,2018,36.03514,-86.77452,False,0,0,0,,,,,,,,
102174354,Crashes_2010_2019_MPO,2018-10-11,2018,36.01936,-86.73817,False,0,0,0,,,,,,,,
102174249,Crashes_2010_2019_MPO,2018-10-11,2018,35.99307,-86.75798,True,0,0,0,,,,,,,,
102174248,Crashes_2010_2019_MPO,2018-10-11,2018,35.96705,-86.81355,True,0,0,0,,,,,,,,
102173800,Crashes_2010_2019_MPO,2018-10-11,2018,36.03992,-86.78134,False,0,0,0,,,,,,,,
102174247,Crashes_2010_2019_MPO,2018-10-11,2018,35.99643,-86.78798,True,0,0,0,,,,,,,,
102174284,Crashes_2010_2019_MPO,2018-10-11,2018,36.04183,-86.7151,False,0,0,0,,,,,,,,
102174251,Crashes_2010_2019_MPO,2018-10-11,2018,35.95007,-86.761,True,0,0,0,,,,,,,,
102174259,Crashes_2010_2019_MPO,2018-10-11,2018,35.93191,-86.794,False,0,0,0,,,,,,,,
102173847,Crashes_2010_2019_MPO,2018-10-11,2018,36.04645,-86.71339,False,0,0,0,,,,,,,,
102174454,Crashes_2010_2019_MPO,2018-10-11,2018,35.92309,-86.87139,False,0,0,0,,,,,,,,
102173799,Crashes_2010_2019_MPO,2018-10-11,2018,36.03975,-86.78151,False,0,0,0,,,,,,,,
102176171,Crashes_2010_2019_MPO,2018-10-12,2018,36.0409,-86.77938,False,0,0,0,,,,,,,,
102175233,Crashes_2010_2019_MPO,2018-10-12,2018,35.99734,-86.79486,True,0,0,0,,,,,,,,
102175967,Crashes_2010_2019_MPO,2018-10-12,2018,35.96178,-86.80245,True,0,0,0,,,,,,,,
102175773,Crashes_2010_2019_MPO,2018-10-12,2018,35.92408,-86.83221,False,0,0,0,,,,,,,,
102176045,Crashes_2010_2019_MPO,2018-10-12,2018,36.04022,-86.74487,False,0,0,0,,,,,,,,
102176001,Crashes_2010_2019_MPO,2018-10-12,2018,35.99781,-86.79886,True,0,0,0,,,,,,,,
102176212,Crashes_2010_2019_MPO,2018-10-12,2018,36.0409,-86.77938,False,0,0,0,,,,,,,,
102174585,Crashes_2010_2019_MPO,2018-10-12,2018,36.04895,-86.71788,False,0,0,0,,,,,,,,
102174895,Crashes_2010_2019_MPO,2018-10-12,2018,36.0473,-86.86274,False,0,0,0,,,,,,,,
102175839,Crashes_2010_2019_MPO,2018-10-12,2018,35.96611,-86.8383,False,0,0,0,,,,,,,,
102174787,Crashes_2010_2019_MPO,2018-10-12,2018,35.95579,-86.8171,False,0,0,0,,,,,,,,
102176196,Crashes_2010_2019_MPO,2018-10-12,2018,36.04,-86.78087,False,0,0,0,,,,,,,,
102174640,Crashes_2010_2019_MPO,2018-10-12,2018,36.04543,-86.70361,False,0,0,0,,,,,,,,
102177303,Crashes_2010_2019_MPO,2018-10-13,2018,35.94416,-86.82029,False,0,0,0,,,,,,,,
102177383,Crashes_2010_2019_MPO,2018-10-13,2018,35.96766,-86.81341,True,0,0,0,,,,,,,,
102177670,Crashes_2010_2019_MPO,2018-10-13,2018,35.97014,-86.80912,True,0,0,0,,,,,,,,
102176957,Crashes_2010_2019_MPO,2018-10-13,2018,35.9912,-86.68349,False,0,0,0,,,,,,,,
102177181,Crashes_2010_2019_MPO,2018-10-13,2018,36.0522,-86.74309,False,0,0,0,,,,,,,,
102177087,Crashes_2010_2019_MPO,2018-10-13,2018,35.96205,-86.81195,False,0,0,0,,,,,,,,
102176731,Crashes_2010_2019_MPO,2018-10-13,2018,35.96705,-86.81355,True,0,0,0,,,,,,,,
102177260,Crashes_2010_2019_MPO,2018-10-13,2018,36.04126,-86.74664,False,0,0,0,,,,,,,,
102177334,Crashes_2010_2019_MPO,2018-10-13,2018,35.99784,-86.82872,True,0,0,0,,,,,,,,
102177034,Crashes_2010_2019_MPO,2018-10-13,2018,35.9724,-86.74061,True,0,0,0,,,,,,,,
102177182,Crashes_2010_2019_MPO,2018-10-13,2018,36.03969,-86.78157,False,0,0,0,,,,,,,,
102176797,Crashes_2010_2019_MPO,2018-10-13,2018,35.99597,-86.68858,False,0,0,0,,,,,,,,
102177110,Crashes_2010_2019_MPO,2018-10-13,2018,35.96682,-86.81209,True,0,0,0,,,,,,,,
102177166,Crashes_2010_2019_MPO,2018-10-13,2018,36.01942,-86.70393,False,0,0,0,,,,,,,,
102177844,Crashes_2010_2019_MPO,2018-10-14,2018,36.03987,-86.76443,False,0,0,0,,,,,,,,
102178003,Crashes_2010_2019_MPO,2018-10-14,2018,36.02173,-86.78729,True,0,0,0,,,,,,,,
102177505,Crashes_2010_2019_MPO,2018-10-14,2018,35.94804,-86.86368,False,0,0,0,,,,,,,,
102177920,Crashes_2010_2019_MPO,2018-10-14,2018,35.96688,-86.81117,True,0,0,0,,,,,,,,
102178399,Crashes_2010_2019_MPO,2018-10-14,2018,36.04453,-86.73208,False,0,0,0,,,,,,,,
102177681,Crashes_2010_2019_MPO,2018-10-14,2018,35.95078,-86.80647,False,0,0,0,,,,,,,,
102178897,Crashes_2010_2019_MPO,2018-10-15,2018,36.05051,-86.71408,False,0,0,0,,,,,,,,
102178597,Crashes_2010_2019_MPO,2018-10-15,2018,35.93479,-86.8212,False,0,0,0,,,,,,,,
102178400,Crashes_2010_2019_MPO,2018-10-15,2018,36.0374,-86.78657,False,0,0,0,,,,,,,,
102184475,Crashes_2010_2019_MPO,2018-10-15,2018,36.0028,-86.79256,True,0,0,0,,,,,,,,
102178820,Crashes_2010_2019_MPO,2018-10-15,2018,35.95385,-86.72137,False,0,0,0,,,,,,,,
102178507,Crashes_2010_2019_MPO,2018-10-15,2018,35.95806,-86.80258,False,0,0,0,,,,,,,,
102178506,Crashes_2010_2019_MPO,2018-10-15,2018,35.96122,-86.81537,False,0,0,0,,,,,,,,
102178677,Crashes_2010_2019_MPO,2018-10-15,2018,36.03768,-86.7865,False,0,0,0,,,,,,,,
102178669,Crashes_2010_2019_MPO,2018-10-15,2018,35.9468,-86.82191,False,0,0,0,,,,,,,,
102178708,Crashes_2010_2019_MPO,2018-10-15,2018,35.96577,-86.80168,True,0,0,0,,,,,,,,
102178227,Crashes_2010_2019_MPO,2018-10-15,2018,35.93383,-86.86148,False,0,0,0,,,,,,,,
102180004,Crashes_2010_2019_MPO,2018-10-16,2018,35.94005,-86.83114,False,0,0,0,,,,,,,,
102179675,Crashes_2010_2019_MPO,2018-10-16,2018,36.03539,-86.78301,False,0,0,0,,,,,,,,
102179713,Crashes_2010_2019_MPO,2018-10-16,2018,35.92711,-86.8243,False,0,0,0,,,,,,,,
102179553,Crashes_2010_2019_MPO,2018-10-16,2018,35.97329,-86.83309,True,0,0,0,,,,,,,,
102179564,Crashes_2010_2019_MPO,2018-10-16,2018,36.03216,-86.81756,True,0,0,0,,,,,,,,
102179628,Crashes_2010_2019_MPO,2018-10-16,2018,36.04142,-86.77996,False,0,0,0,,,,,,,,
102179858,Crashes_2010_2019_MPO,2018-10-16,2018,35.92891,-86.87519,False,0,0,0,,,,,,,,
102181072,Crashes_2010_2019_MPO,2018-10-16,2018,35.95875,-86.80502,False,0,0,0,,,,,,,,
102179368,Crashes_2010_2019_MPO,2018-10-16,2018,35.99922,-86.80923,True,0,0,0,,,,,,,,
102180745,Crashes_2010_2019_MPO,2018-10-16,2018,35.9625,-86.80167,True,0,0,0,,,,,,,,
102179723,Crashes_2010_2019_MPO,2018-10-16,2018,35.96476,-86.8014,True,0,0,0,,,,,,,,
102179699,Crashes_2010_2019_MPO,2018-10-16,2018,36.0409,-86.67786,False,0,0,0,,,,,,,,
102179714,Crashes_2010_2019_MPO,2018-10-16,2018,35.94699,-86.81153,False,0,0,0,,,,,,,,
102179820,Crashes_2010_2019_MPO,2018-10-16,2018,36.04561,-86.71977,False,0,0,0,,,,,,,,