record_no,source_layer,collision_ts,crash_year,latitude,longitude,in_city,fatalities,non_motorists,truck_involved,serious_injuries,pedestrian,bicycle,crash_type,manner_of_collision,lighting,weather,first_harmful_event
102179153,Crashes_2010_2019_MPO,2018-10-16,2018,36.01573,-86.82065,True,0,0,0,,,,,,,,
102179747,Crashes_2010_2019_MPO,2018-10-16,2018,36.00761,-86.70086,False,0,0,0,,,,,,,,
102179724,Crashes_2010_2019_MPO,2018-10-16,2018,35.99614,-86.78539,True,0,0,0,,,,,,,,
102180799,Crashes_2010_2019_MPO,2018-10-16,2018,35.98739,-86.73803,True,0,0,0,,,,,,,,
102181035,Crashes_2010_2019_MPO,2018-10-17,2018,35.96458,-86.81449,False,0,0,0,,,,,,,,
102180527,Crashes_2010_2019_MPO,2018-10-17,2018,36.01415,-86.70484,False,0,0,0,,,,,,,,
102180412,Crashes_2010_2019_MPO,2018-10-17,2018,35.96509,-86.81623,True,0,0,0,,,,,,,,
102180400,Crashes_2010_2019_MPO,2018-10-17,2018,36.01192,-86.84567,False,0,0,0,,,,,,,,
102180537,Crashes_2010_2019_MPO,2018-10-17,2018,35.94421,-86.81976,False,0,0,0,,,,,,,,
102180008,Crashes_2010_2019_MPO,2018-10-17,2018,36.04655,-86.67803,False,0,0,0,,,,,,,,
102180267,Crashes_2010_2019_MPO,2018-10-17,2018,35.98184,-86.80216,True,0,0,0,,,,,,,,
102180664,Crashes_2010_2019_MPO,2018-10-17,2018,36.02753,-86.71272,False,0,0,0,,,,,,,,
102180856,Crashes_2010_2019_MPO,2018-10-17,2018,35.95118,-86.80012,False,0,0,0,,,,,,,,
102180580,Crashes_2010_2019_MPO,2018-10-17,2018,35.9556,-86.81638,False,0,0,0,,,,,,,,
102180320,Crashes_2010_2019_MPO,2018-10-17,2018,36.04526,-86.71704,False,0,0,0,,,,,,,,
102181164,Crashes_2010_2019_MPO,2018-10-18,2018,36.03439,-86.78336,True,0,0,0,,,,,,,,
102181630,Crashes_2010_2019_MPO,2018-10-18,2018,35.96198,-86.81518,False,0,0,0,,,,,,,,
102181611,Crashes_2010_2019_MPO,2018-10-18,2018,36.04026,-86.8164,False,0,0,0,,,,,,,,
102180979,Crashes_2010_2019_MPO,2018-10-18,2018,35.95201,-86.74153,True,0,0,0,,,,,,,,
102181387,Crashes_2010_2019_MPO,2018-10-18,2018,36.0445,-86.71316,False,0,0,0,,,,,,,,
102181230,Crashes_2010_2019_MPO,2018-10-18,2018,36.03942,-86.74343,False,0,0,0,,,,,,,,
102181590,Crashes_2010_2019_MPO,2018-10-18,2018,36.0141,-86.7856,True,0,0,0,,,,,,,,
102180970,Crashes_2010_2019_MPO,2018-10-18,2018,35.93374,-86.81767,False,0,0,0,,,,,,,,
102181097,Crashes_2010_2019_MPO,2018-10-18,2018,36.04736,-86.86293,False,0,0,0,,,,,,,,
102180912,Crashes_2010_2019_MPO,2018-10-18,2018,35.93374,-86.81767,False,0,0,0,,,,,,,,
102180984,Crashes_2010_2019_MPO,2018-10-18,2018,36.04006,-86.78081,False,0,0,0,,,,,,,,
102181036,Crashes_2010_2019_MPO,2018-10-18,2018,35.9583,-86.8023,False,0,0,0,,,,,,,,
102181626,Crashes_2010_2019_MPO,2018-10-18,2018,36.03943,-86.78186,False,0,0,0,,,,,,,,
102183375,Crashes_2010_2019_MPO,2018-10-19,2018,36.03319,-86.7876,True,0,0,0,,,,,,,,
102182121,Crashes_2010_2019_MPO,2018-10-19,2018,36.04059,-86.74564,False,0,0,0,,,,,,,,
102182228,Crashes_2010_2019_MPO,2018-10-19,2018,36.05093,-86.74032,False,0,0,0,,,,,,,,
102183188,Crashes_2010_2019_MPO,2018-10-19,2018,36.02614,-86.74333,False,0,0,0,,,,,,,,
102182720,Crashes_2010_2019_MPO,2018-10-19,2018,35.94782,-86.81975,False,0,0,0,,,,,,,,
102182533,Crashes_2010_2019_MPO,2018-10-19,2018,36.05419,-86.83507,False,0,0,1,,,,,,,,
102184484,Crashes_2010_2019_MPO,2018-10-19,2018,36.00883,-86.78605,True,0,0,0,,,,,,,,
102182765,Crashes_2010_2019_MPO,2018-10-19,2018,36.04,-86.78128,False,0,0,0,,,,,,,,
102183665,Crashes_2010_2019_MPO,2018-10-20,2018,35.97345,-86.83295,True,0,0,0,,,,,,,,
102183598,Crashes_2010_2019_MPO,2018-10-20,2018,35.99812,-86.69164,False,0,0,0,,,,,,,,
102184448,Crashes_2010_2019_MPO,2018-10-20,2018,36.0214,-86.78733,True,0,0,0,,,,,,,,
102183562,Crashes_2010_2019_MPO,2018-10-20,2018,36.03992,-86.7126,False,0,0,0,,,,,,,,
102183260,Crashes_2010_2019_MPO,2018-10-20,2018,35.93496,-86.77681,False,0,0,0,,,,,,,,
102183449,Crashes_2010_2019_MPO,2018-10-20,2018,35.9407,-86.83934,False,0,0,0,,,,,,,,
102184497,Crashes_2010_2019_MPO,2018-10-21,2018,36.03991,-86.74207,False,0,0,0,,,,,,,,
102184922,Crashes_2010_2019_MPO,2018-10-21,2018,36.04778,-86.71355,False,0,0,0,,,,,,,,
102185026,Crashes_2010_2019_MPO,2018-10-21,2018,35.93127,-86.87663,False,0,0,0,,,,,,,,
102185315,Crashes_2010_2019_MPO,2018-10-21,2018,35.95557,-86.81437,False,0,0,0,,,,,,,,
102184788,Crashes_2010_2019_MPO,2018-10-21,2018,36.04303,-86.71299,False,0,0,0,,,,,,,,
102184728,Crashes_2010_2019_MPO,2018-10-21,2018,36.04393,-86.6933,False,0,0,0,,,,,,,,
102184787,Crashes_2010_2019_MPO,2018-10-21,2018,36.04679,-86.71343,False,0,0,0,,,,,,,,
102185231,Crashes_2010_2019_MPO,2018-10-21,2018,35.97727,-86.72554,True,0,0,0,,,,,,,,
102184597,Crashes_2010_2019_MPO,2018-10-21,2018,35.96705,-86.81355,True,0,0,0,,,,,,,,
102184739,Crashes_2010_2019_MPO,2018-10-21,2018,35.966816,-86.809106,True,0,0,0,,,,,,,,
102184098,Crashes_2010_2019_MPO,2018-10-21,2018,35.93812,-86.82194,False,0,0,0,,,,,,,,
102184829,Crashes_2010_2019_MPO,2018-10-21,2018,36.04463,-86.72504,False,0,0,0,,,,,,,,
102185391,Crashes_2010_2019_MPO,2018-10-22,2018,36.0397,-86.75982,False,0,0,0,,,,,,,,
102185481,Crashes_2010_2019_MPO,2018-10-22,2018,36.04712,-86.862,False,0,0,0,,,,,,,,
102185411,Crashes_2010_2019_MPO,2018-10-22,2018,36.03122,-86.71261,False,0,0,0,,,,,,,,
102185992,Crashes_2010_2019_MPO,2018-10-22,2018,36.04063,-86.7714,False,0,0,0,,,,,,,,
102185572,Crashes_2010_2019_MPO,2018-10-22,2018,36.03761,-86.78512,False,0,0,0,,,,,,,,
102186415,Crashes_2010_2019_MPO,2018-10-22,2018,35.97014,-86.83587,False,0,0,0,,,,,,,,
102185818,Crashes_2010_2019_MPO,2018-10-22,2018,36.0521,-86.74311,False,0,0,0,,,,,,,,
102185888,Crashes_2010_2019_MPO,2018-10-22,2018,36.04236,-86.74401,False,0,0,0,,,,,,,,
102186374,Crashes_2010_2019_MPO,2018-10-22,2018,35.966764,-86.809063,True,0,0,0,,,,,,,,
102185829,Crashes_2010_2019_MPO,2018-10-22,2018,36.03175,-86.78961,True,0,0,0,,,,,,,,
102185599,Crashes_2010_2019_MPO,2018-10-22,2018,36.04526,-86.71434,False,0,0,0,,,,,,,,
102185824,Crashes_2010_2019_MPO,2018-10-22,2018,35.9949,-86.77158,True,0,0,0,,,,,,,,
102185887,Crashes_2010_2019_MPO,2018-10-22,2018,36.03894,-86.78269,False,0,0,0,,,,,,,,
102186957,Crashes_2010_2019_MPO,2018-10-23,2018,36.01286,-86.80081,True,0,0,0,,,,,,,,
102187080,Crashes_2010_2019_MPO,2018-10-23,2018,35.93875,-86.87922,False,0,0,0,,,,,,,,
102187048,Crashes_2010_2019_MPO,2018-10-23,2018,35.92619,-86.86966,False,0,0,0,,,,,,,,
102186946,Crashes_2010_2019_MPO,2018-10-23,2018,36.03735,-86.78711,False,0,0,0,,,,,,,,
102186375,Crashes_2010_2019_MPO,2018-10-23,2018,36.00374,-86.80688,True,0,0,0,,,,,,,,
102186369,Crashes_2010_2019_MPO,2018-10-23,2018,36.03689,-86.81684,True,0,0,0,,,,,,,,
102194841,Crashes_2010_2019_MPO,2018-10-23,2018,35.93308,-86.81155,False,0,0,0,,,,,,,,
102187127,Crashes_2010_2019_MPO,2018-10-23,2018,36.0479,-86.71357,False,0,0,0,,,,,,,,
102187257,Crashes_2010_2019_MPO,2018-10-23,2018,36.04521,-86.71643,False,0,0,0,,,,,,,,
102186258,Crashes_2010_2019_MPO,2018-10-23,2018,36.04668,-86.72506,False,0,0,0,,,,,,,,
102186541,Crashes_2010_2019_MPO,2018-10-23,2018,35.92759,-86.7428,False,0,0,0,,,,,,,,
102187067,Crashes_2010_2019_MPO,2018-10-23,2018,35.967024,-86.808776,True,0,0,0,,,,,,,,
102186518,Crashes_2010_2019_MPO,2018-10-23,2018,36.02755,-86.79192,True,0,0,0,,,,,,,,
102186859,Crashes_2010_2019_MPO,2018-10-23,2018,36.04855,-86.73384,False,0,0,0,,,,,,,,
102187284,Crashes_2010_2019_MPO,2018-10-23,2018,36.04491,-86.68632,False,0,0,0,,,,,,,,
102187047,Crashes_2010_2019_MPO,2018-10-23,2018,35.93102,-86.85902,False,0,0,0,,,,,,,,
102187028,Crashes_2010_2019_MPO,2018-10-23,2018,36.04562,-86.70643,False,0,0,0,,,,,,,,
102188064,Crashes_2010_2019_MPO,2018-10-24,2018,36.0523,-86.77558,False,0,0,0,,,,,,,,
102187695,Crashes_2010_2019_MPO,2018-10-24,2018,36.04012,-86.78074,False,0,0,0,,,,,,,,
102187671,Crashes_2010_2019_MPO,2018-10-24,2018,35.96412,-86.70646,False,0,0,0,,,,,,,,
102188260,Crashes_2010_2019_MPO,2018-10-24,2018,35.96172,-86.80176,True,0,0,0,,,,,,,,
102188445,Crashes_2010_2019_MPO,2018-10-24,2018,35.94758,-86.85678,False,0,0,0,,,,,,,,
102188444,Crashes_2010_2019_MPO,2018-10-24,2018,36.04697,-86.68012,False,0,0,0,,,,,,,,
102188257,Crashes_2010_2019_MPO,2018-10-24,2018,35.98558,-86.73264,True,0,0,0,,,,,,,,
102188261,Crashes_2010_2019_MPO,2018-10-24,2018,36.04446,-86.68713,False,0,0,1,,,,,,,,
102188098,Crashes_2010_2019_MPO,2018-10-24,2018,36.04327,-86.6893,False,0,0,0,,,,,,,,
102191951,Crashes_2010_2019_MPO,2018-10-24,2018,36.01689,-86.78609,True,0,0,0,,,,,,,,
102187575,Crashes_2010_2019_MPO,2018-10-24,2018,36.03934,-86.73665,False,0,0,0,,,,,,,,
102193169,Crashes_2010_2019_MPO,2018-10-24,2018,35.99224,-86.79858,True,0,0,0,,,,,,,,
102188243,Crashes_2010_2019_MPO,2018-10-24,2018,35.99677,-86.79099,True,0,0,0,,,,,,,,
102188330,Crashes_2010_2019_MPO,2018-10-24,2018,36.0351,-86.87307,False,0,0,0,,,,,,,,
102187562,Crashes_2010_2019_MPO,2018-10-24,2018,35.99922,-86.80923,True,0,0,0,,,,,,,,
102187621,Crashes_2010_2019_MPO,2018-10-24,2018,35.9576,-86.81056,False,0,0,0,,,,,,,,
102188301,Crashes_2010_2019_MPO,2018-10-24,2018,36.03699,-86.78483,False,0,0,0,,,,,,,,
102188281,Crashes_2010_2019_MPO,2018-10-24,2018,35.99425,-86.79788,True,0,0,0,,,,,,,,
102188152,Crashes_2010_2019_MPO,2018-10-24,2018,36.03694,-86.801757,True,0,0,0,,,,,,,,
102189734,Crashes_2010_2019_MPO,2018-10-25,2018,35.99663,-86.79706,True,0,0,0,,,,,,,,
102188809,Crashes_2010_2019_MPO,2018-10-25,2018,35.93374,-86.81767,False,0,0,0,,,,,,,,
102188892,Crashes_2010_2019_MPO,2018-10-25,2018,36.04165,-86.74388,False,0,0,0,,,,,,,,
102188958,Crashes_2010_2019_MPO,2018-10-25,2018,36.05214,-86.74281,False,0,0,0,,,,,,,,
102188704,Crashes_2010_2019_MPO,2018-10-25,2018,35.95408,-86.81178,False,0,0,0,,,,,,,,
102189940,Crashes_2010_2019_MPO,2018-10-25,2018,35.92313,-86.87326,False,0,0,0,,,,,,,,
102189280,Crashes_2010_2019_MPO,2018-10-25,2018,35.945,-86.87932,False,0,0,0,,,,,,,,
102189613,Crashes_2010_2019_MPO,2018-10-25,2018,35.92376,-86.86971,False,0,0,0,,,,,,,,
102189683,Crashes_2010_2019_MPO,2018-10-25,2018,35.92957,-86.84246,False,0,0,0,,,,,,,,
102189653,Crashes_2010_2019_MPO,2018-10-25,2018,35.9785,-86.67819,False,0,0,0,,,,,,,,
102189433,Crashes_2010_2019_MPO,2018-10-25,2018,36.03833,-86.71302,False,0,0,0,,,,,,,,
102195633,Crashes_2010_2019_MPO,2018-10-25,2018,35.97584,-86.80425,True,0,0,0,,,,,,,,
102191628,Crashes_2010_2019_MPO,2018-10-25,2018,35.96915,-86.71731,True,0,0,0,,,,,,,,
102188877,Crashes_2010_2019_MPO,2018-10-25,2018,35.97524,-86.80445,True,0,0,0,,,,,,,,
102188692,Crashes_2010_2019_MPO,2018-10-25,2018,36.03517,-86.78304,False,0,0,0,,,,,,,,
102188513,Crashes_2010_2019_MPO,2018-10-25,2018,36.04001,-86.74347,False,0,0,0,,,,,,,,
102188859,Crashes_2010_2019_MPO,2018-10-25,2018,36.04245,-86.71294,False,0,0,0,,,,,,,,
102188591,Crashes_2010_2019_MPO,2018-10-25,2018,36.01821,-86.7822,True,0,0,0,,,,,,,,
102188899,Crashes_2010_2019_MPO,2018-10-25,2018,35.94139,-86.83785,False,0,0,0,,,,,,,,
102189225,Crashes_2010_2019_MPO,2018-10-25,2018,36.04522,-86.71479,False,0,0,0,,,,,,,,
102190842,Crashes_2010_2019_MPO,2018-10-26,2018,35.94741,-86.81988,False,0,0,0,,,,,,,,
102190297,Crashes_2010_2019_MPO,2018-10-26,2018,36.01559,-86.7406,False,0,0,0,,,,,,,,
102189851,Crashes_2010_2019_MPO,2018-10-26,2018,36.0347,-86.76873,False,0,0,0,,,,,,,,
102195285,Crashes_2010_2019_MPO,2018-10-26,2018,35.95743,-86.81139,False,0,0,0,,,,,,,,
102190819,Crashes_2010_2019_MPO,2018-10-26,2018,35.95228,-86.81922,False,0,0,0,,,,,,,,
102195256,Crashes_2010_2019_MPO,2018-10-26,2018,35.93722,-86.87879,False,0,0,0,,,,,,,,
102191176,Crashes_2010_2019_MPO,2018-10-26,2018,36.01978,-86.74213,False,0,0,0,,,,,,,,
102194922,Crashes_2010_2019_MPO,2018-10-26,2018,35.9476,-86.81992,False,0,0,0,,,,,,,,
102190843,Crashes_2010_2019_MPO,2018-10-26,2018,35.9407,-86.83934,False,0,0,0,,,,,,,,
102190445,Crashes_2010_2019_MPO,2018-10-26,2018,36.0374,-86.78657,False,0,0,0,,,,,,,,
102191648,Crashes_2010_2019_MPO,2018-10-26,2018,35.92584,-86.86759,False,0,0,0,,,,,,,,
102190794,Crashes_2010_2019_MPO,2018-10-26,2018,35.97607,-86.8292,True,0,0,0,,,,,,,,
102189650,Crashes_2010_2019_MPO,2018-10-26,2018,36.03978,-86.75405,False,0,0,0,,,,,,,,
102190620,Crashes_2010_2019_MPO,2018-10-26,2018,36.01377,-86.80563,True,0,0,0,,,,,,,,
102190835,Crashes_2010_2019_MPO,2018-10-26,2018,36.00657,-86.80536,True,0,0,0,,,,,,,,
102194860,Crashes_2010_2019_MPO,2018-10-26,2018,35.93731,-86.87881,False,0,0,0,,,,,,,,
102190993,Crashes_2010_2019_MPO,2018-10-26,2018,36.01171,-86.73226,False,0,0,0,,,,,,,,
102190868,Crashes_2010_2019_MPO,2018-10-26,2018,36.04139,-86.82265,False,0,0,0,,,,,,,,
102190307,Crashes_2010_2019_MPO,2018-10-26,2018,36.01286,-86.80081,True,0,0,1,,,,,,,,
102190336,Crashes_2010_2019_MPO,2018-10-26,2018,36.02505,-86.74243,False,0,0,0,,,,,,,,
102191034,Crashes_2010_2019_MPO,2018-10-26,2018,35.92695,-86.8702,False,0,0,0,,,,,,,,
102194798,Crashes_2010_2019_MPO,2018-10-26,2018,35.92546,-86.87275,False,0,0,0,,,,,,,,
102191170,Crashes_2010_2019_MPO,2018-10-26,2018,35.98947,-86.70349,True,0,0,0,,,,,,,,
102190932,Crashes_2010_2019_MPO,2018-10-26,2018,36.04685,-86.67941,False,0,0,0,,,,,,,,
102190836,Crashes_2010_2019_MPO,2018-10-26,2018,35.9957,-86.7977,True,0,0,0,,,,,,,,
102190841,Crashes_2010_2019_MPO,2018-10-26,2018,35.93418,-86.81871,False,0,0,0,,,,,,,,
102191793,Crashes_2010_2019_MPO,2018-10-27,2018,35.95391,-86.72103,False,0,0,0,,,,,,,,
102192147,Crashes_2010_2019_MPO,2018-10-27,2018,36.04012,-86.78074,False,0,0,0,,,,,,,,
102191971,Crashes_2010_2019_MPO,2018-10-27,2018,36.04541,-86.70334,False,0,0,0,,,,,,,,
102191838,Crashes_2010_2019_MPO,2018-10-27,2018,36.04057,-86.77091,False,0,0,0,,,,,,,,
102191720,Crashes_2010_2019_MPO,2018-10-27,2018,36.04078,-86.77291,False,0,0,0,,,,,,,,
102192468,Crashes_2010_2019_MPO,2018-10-27,2018,35.97998,-86.72509,True,0,0,1,,,,,,,,
102191621,Crashes_2010_2019_MPO,2018-10-27,2018,36.04747,-86.71351,False,0,0,0,,,,,,,,
102191574,Crashes_2010_2019_MPO,2018-10-27,2018,36.03744,-86.76784,False,0,0,0,,,,,,,,
102192031,Crashes_2010_2019_MPO,2018-10-27,2018,36.04479,-86.72487,False,0,0,0,,,,,,,,
102193078,Crashes_2010_2019_MPO,2018-10-28,2018,35.92497,-86.86943,False,0,0,0,,,,,,,,
102192772,Crashes_2010_2019_MPO,2018-10-28,2018,35.99687,-86.68989,False,0,0,0,,,,,,,,
102192404,Crashes_2010_2019_MPO,2018-10-28,2018,35.9463,-86.8085,False,0,0,0,,,,,,,,
102192784,Crashes_2010_2019_MPO,2018-10-28,2018,35.99687,-86.68989,False,0,0,0,,,,,,,,
102192902,Crashes_2010_2019_MPO,2018-10-28,2018,35.94793,-86.85972,False,0,0,0,,,,,,,,
102192463,Crashes_2010_2019_MPO,2018-10-28,2018,36.04476,-86.69511,False,0,0,0,,,,,,,,
102192956,Crashes_2010_2019_MPO,2018-10-28,2018,35.94703,-86.83854,False,0,0,0,,,,,,,,
102193148,Crashes_2010_2019_MPO,2018-10-28,2018,36.04537,-86.71326,False,0,0,0,,,,,,,,
102192845,Crashes_2010_2019_MPO,2018-10-28,2018,36.04167,-86.72195,False,0,0,0,,,,,,,,
102192971,Crashes_2010_2019_MPO,2018-10-28,2018,35.96451,-86.8088,False,0,0,0,,,,,,,,
102192908,Crashes_2010_2019_MPO,2018-10-28,2018,35.9463,-86.8085,False,0,0,0,,,,,,,,
102192604,Crashes_2010_2019_MPO,2018-10-28,2018,36.0374,-86.78657,False,0,0,0,,,,,,,,
102194144,Crashes_2010_2019_MPO,2018-10-29,2018,36.01086,-86.74603,True,0,0,0,,,,,,,,
102194219,Crashes_2010_2019_MPO,2018-10-29,2018,36.04526,-86.71704,False,0,0,0,,,,,,,,
102193401,Crashes_2010_2019_MPO,2018-10-29,2018,36.04144,-86.86782,True,0,0,0,,,,,,,,
102194145,Crashes_2010_2019_MPO,2018-10-29,2018,36.01103,-86.70265,False,0,0,0,,,,,,,,
102193531,Crashes_2010_2019_MPO,2018-10-29,2018,36.04547,-86.70422,False,0,0,0,,,,,,,,
102193986,Crashes_2010_2019_MPO,2018-10-29,2018,36.03318,-86.78282,True,0,0,0,,,,,,,,
102194044,Crashes_2010_2019_MPO,2018-10-29,2018,36.03689,-86.81684,True,0,0,0,,,,,,,,
102193734,Crashes_2010_2019_MPO,2018-10-29,2018,36.04445,-86.74403,False,0,1,0,,,,,,,,
102194397,Crashes_2010_2019_MPO,2018-10-29,2018,35.92649,-86.82535,False,0,0,0,,,,,,,,
102194039,Crashes_2010_2019_MPO,2018-10-29,2018,36.04856,-86.70401,False,0,0,0,,,,,,,,
102194263,Crashes_2010_2019_MPO,2018-10-29,2018,36.03778,-86.78465,False,0,0,0,,,,,,,,
102194878,Crashes_2010_2019_MPO,2018-10-30,2018,35.99439,-86.76608,True,0,0,0,,,,,,,,
102194590,Crashes_2010_2019_MPO,2018-10-30,2018,36.04527,-86.70131,False,0,0,0,,,,,,,,
102194898,Crashes_2010_2019_MPO,2018-10-30,2018,36.04424,-86.71313,False,0,0,0,,,,,,,,
102195571,Crashes_2010_2019_MPO,2018-10-30,2018,35.97716,-86.67813,False,0,0,0,,,,,,,,
102195134,Crashes_2010_2019_MPO,2018-10-30,2018,35.94334,-86.80977,False,0,0,0,,,,,,,,
102194551,Crashes_2010_2019_MPO,2018-10-30,2018,36.00131,-86.79378,True,0,0,0,,,,,,,,
102194861,Crashes_2010_2019_MPO,2018-10-30,2018,36.05479,-86.72846,False,0,0,0,,,,,,,,
102195351,Crashes_2010_2019_MPO,2018-10-30,2018,36.04067,-86.7798,False,0,0,1,,,,,,,,
102195193,Crashes_2010_2019_MPO,2018-10-30,2018,35.94708,-86.83267,False,0,0,0,,,,,,,,
102195247,Crashes_2010_2019_MPO,2018-10-30,2018,35.94787,-86.81866,False,0,0,0,,,,,,,,
102195276,Crashes_2010_2019_MPO,2018-10-30,2018,36.04071,-86.77222,False,0,0,0,,,,,,,,
102195534,Crashes_2010_2019_MPO,2018-10-30,2018,35.92333,-86.84421,False,0,0,0,,,,,,,,
102196850,Crashes_2010_2019_MPO,2018-10-30,2018,35.9425,-86.81607,False,0,0,0,,,,,,,,
102195138,Crashes_2010_2019_MPO,2018-10-30,2018,35.98268,-86.82062,True,0,0,0,,,,,,,,
102194504,Crashes_2010_2019_MPO,2018-10-30,2018,36.03977,-86.7635,False,0,0,0,,,,,,,,
102194734,Crashes_2010_2019_MPO,2018-10-30,2018,36.0343,-86.79174,True,0,0,0,,,,,,,,
102195102,Crashes_2010_2019_MPO,2018-10-30,2018,35.966666,-86.80982,True,0,0,0,,,,,,,,
102195432,Crashes_2010_2019_MPO,2018-10-30,2018,36.03934,-86.78566,False,0,0,0,,,,,,,,
102195291,Crashes_2010_2019_MPO,2018-10-30,2018,36.00878,-86.7861,True,0,0,0,,,,,,,,
102194649,Crashes_2010_2019_MPO,2018-10-30,2018,36.02787,-86.87708,False,0,0,0,,,,,,,,
102195708,Crashes_2010_2019_MPO,2018-10-31,2018,36.04012,-86.78074,False,0,0,0,,,,,,,,
102196467,Crashes_2010_2019_MPO,2018-10-31,2018,36.03658,-86.71331,False,0,0,0,,,,,,,,
102197069,Crashes_2010_2019_MPO,2018-10-31,2018,36.03336,-86.78872,True,0,0,0,,,,,,,,
102197602,Crashes_2010_2019_MPO,2018-10-31,2018,36.00531,-86.866,False,0,0,0,,,,,,,,
102195859,Crashes_2010_2019_MPO,2018-10-31,2018,36.04553,-86.71159,False,0,0,0,,,,,,,,
102195949,Crashes_2010_2019_MPO,2018-10-31,2018,35.96321,-86.82458,True,0,0,0,,,,,,,,
102196252,Crashes_2010_2019_MPO,2018-10-31,2018,35.9968,-86.7912,True,0,0,0,,,,,,,,
102196248,Crashes_2010_2019_MPO,2018-10-31,2018,35.92609,-86.87139,False,0,0,0,,,,,,,,
102196355,Crashes_2010_2019_MPO,2018-10-31,2018,35.96663,-86.81123,True,0,0,0,,,,,,,,
102196469,Crashes_2010_2019_MPO,2018-10-31,2018,36.05151,-86.71436,False,0,0,0,,,,,,,,
102196456,Crashes_2010_2019_MPO,2018-10-31,2018,35.93554,-86.82415,False,0,0,0,,,,,,,,
102195890,Crashes_2010_2019_MPO,2018-10-31,2018,36.03885,-86.76848,False,0,0,0,,,,,,,,
102196477,Crashes_2010_2019_MPO,2018-10-31,2018,36.04519,-86.71607,False,0,0,0,,,,,,,,
102196471,Crashes_2010_2019_MPO,2018-10-31,2018,36.03857,-86.71774,False,0,0,0,,,,,,,,
102196531,Crashes_2010_2019_MPO,2018-10-31,2018,35.93308,-86.81155,False,0,0,0,,,,,,,,
102195681,Crashes_2010_2019_MPO,2018-10-31,2018,36.03992,-86.74215,False,0,0,0,,,,,,,,
102195679,Crashes_2010_2019_MPO,2018-10-31,2018,36.03948,-86.78177,False,0,0,0,,,,,,,,
102196255,Crashes_2010_2019_MPO,2018-10-31,2018,36.03916,-86.81272,False,0,0,0,,,,,,,,
102197309,Crashes_2010_2019_MPO,2018-11-01,2018,35.95544,-86.82755,False,0,0,0,,,,,,,,
102197429,Crashes_2010_2019_MPO,2018-11-01,2018,36.04017,-86.78066,False,0,0,0,,,,,,,,
102197183,Crashes_2010_2019_MPO,2018-11-01,2018,36.01568,-86.84598,True,0,0,0,,,,,,,,
102197531,Crashes_2010_2019_MPO,2018-11-01,2018,35.94869,-86.83613,False,0,0,0,,,,,,,,
102197465,Crashes_2010_2019_MPO,2018-11-01,2018,36.04016,-86.78076,False,0,0,0,,,,,,,,
102197245,Crashes_2010_2019_MPO,2018-11-01,2018,36.05327,-86.77554,False,0,0,0,,,,,,,,
102196670,Crashes_2010_2019_MPO,2018-11-01,2018,35.94627,-86.80906,False,0,0,0,,,,,,,,
102198311,Crashes_2010_2019_MPO,2018-11-01,2018,35.92891,-86.87519,False,0,0,0,,,,,,,,
102197188,Crashes_2010_2019_MPO,2018-11-01,2018,35.94441,-86.82022,False,0,0,0,,,,,,,,
102196947,Crashes_2010_2019_MPO,2018-11-01,2018,35.99263,-86.8286,True,0,0,1,,,,,,,,
102197276,Crashes_2010_2019_MPO,2018-11-01,2018,36.0459,-86.68457,False,0,0,0,,,,,,,,
102227895,Crashes_2010_2019_MPO,2018-11-01,2018,35.93219,-86.79405,False,0,0,0,,,,,,,,
102196858,Crashes_2010_2019_MPO,2018-11-01,2018,35.92366,-86.86782,False,0,0,0,,,,,,,,
102197337,Crashes_2010_2019_MPO,2018-11-01,2018,35.9318,-86.86297,False,0,0,0,,,,,,,,
102197203,Crashes_2010_2019_MPO,2018-11-01,2018,35.96675,-86.81365,True,0,0,0,,,,,,,,
102204231,Crashes_2010_2019_MPO,2018-11-01,2018,35.97397,-86.80489,True,0,0,0,,,,,,,,
102196986,Crashes_2010_2019_MPO,2018-11-01,2018,35.96312,-86.81897,True,0,0,0,,,,,,,,
102198504,Crashes_2010_2019_MPO,2018-11-01,2018,35.94798,-86.81714,False,0,0,0,,,,,,,,
102196869,Crashes_2010_2019_MPO,2018-11-01,2018,36.04028,-86.76837,False,0,0,0,,,,,,,,
102196556,Crashes_2010_2019_MPO,2018-11-01,2018,36.021,-86.7869,True,0,0,0,,,,,,,,
102197795,Crashes_2010_2019_MPO,2018-11-02,2018,36.04527,-86.70118,False,0,0,0,,,,,,,,
102198501,Crashes_2010_2019_MPO,2018-11-02,2018,36.0326,-86.76923,False,0,0,0,,,,,,,,
102198451,Crashes_2010_2019_MPO,2018-11-02,2018,36.0409,-86.77938,False,0,0,0,,,,,,,,
102198212,Crashes_2010_2019_MPO,2018-11-02,2018,35.98999,-86.77803,True,0,0,0,,,,,,,,
102198653,Crashes_2010_2019_MPO,2018-11-02,2018,36.03158,-86.7897,True,0,0,0,,,,,,,,
102198595,Crashes_2010_2019_MPO,2018-11-02,2018,35.96058,-86.77033,True,0,0,0,,,,,,,,
102198543,Crashes_2010_2019_MPO,2018-11-02,2018,36.03552,-86.783,False,0,0,0,,,,,,,,
102197873,Crashes_2010_2019_MPO,2018-11-02,2018,35.9912,-86.68349,False,0,0,0,,,,,,,,
102197731,Crashes_2010_2019_MPO,2018-11-02,2018,35.96584,-86.805659,True,0,0,0,,,,,,,,
102198336,Crashes_2010_2019_MPO,2018-11-02,2018,36.01737,-86.74128,False,0,0,0,,,,,,,,
102200117,Crashes_2010_2019_MPO,2018-11-03,2018,35.94059,-86.83376,False,0,0,0,,,,,,,,
102200195,Crashes_2010_2019_MPO,2018-11-03,2018,36.03515,-86.87489,False,0,0,0,,,,,,,,
102199493,Crashes_2010_2019_MPO,2018-11-03,2018,36.04001,-86.74347,False,0,0,0,,,,,,,,
102199879,Crashes_2010_2019_MPO,2018-11-03,2018,36.02547,-86.71312,False,0,0,0,,,,,,,,
102199428,Crashes_2010_2019_MPO,2018-11-03,2018,35.93446,-86.81991,False,0,0,0,,,,,,,,