record_no,source_layer,collision_ts,crash_year,latitude,longitude,in_city,fatalities,non_motorists,truck_involved,serious_injuries,pedestrian,bicycle,crash_type,manner_of_collision,lighting,weather,first_harmful_event
102199143,Crashes_2010_2019_MPO,2018-11-03,2018,36.04026,-86.8164,False,0,0,0,,,,,,,,
102199317,Crashes_2010_2019_MPO,2018-11-03,2018,36.03016,-86.79048,True,0,0,0,,,,,,,,
102200118,Crashes_2010_2019_MPO,2018-11-03,2018,35.9476,-86.81992,False,0,0,0,,,,,,,,
102203865,Crashes_2010_2019_MPO,2018-11-04,2018,35.93504,-86.82658,False,0,0,0,,,,,,,,
102201501,Crashes_2010_2019_MPO,2018-11-04,2018,35.94612,-86.82346,False,0,0,0,,,,,,,,
102200879,Crashes_2010_2019_MPO,2018-11-04,2018,35.93374,-86.77939,False,0,0,0,,,,,,,,
102200456,Crashes_2010_2019_MPO,2018-11-04,2018,35.97791,-86.77113,True,0,0,0,,,,,,,,
102200933,Crashes_2010_2019_MPO,2018-11-04,2018,35.93384,-86.77916,False,0,0,0,,,,,,,,
102200934,Crashes_2010_2019_MPO,2018-11-04,2018,35.9337,-86.77946,False,0,0,0,,,,,,,,
102200282,Crashes_2010_2019_MPO,2018-11-04,2018,35.93171,-86.86305,False,0,0,0,,,,,,,,
102201490,Crashes_2010_2019_MPO,2018-11-05,2018,35.93272,-86.78548,False,0,0,0,,,,,,,,
102202436,Crashes_2010_2019_MPO,2018-11-05,2018,35.9667,-86.81121,True,0,0,0,,,,,,,,
102201282,Crashes_2010_2019_MPO,2018-11-05,2018,35.93942,-86.82144,False,0,0,0,,,,,,,,
102201096,Crashes_2010_2019_MPO,2018-11-05,2018,36.04537,-86.71326,False,0,0,0,,,,,,,,
102201672,Crashes_2010_2019_MPO,2018-11-05,2018,36.04914,-86.71374,False,0,0,0,,,,,,,,
102201060,Crashes_2010_2019_MPO,2018-11-05,2018,36.03969,-86.76238,False,0,0,0,,,,,,,,
102201540,Crashes_2010_2019_MPO,2018-11-05,2018,36.0239,-86.7859,True,0,0,0,,,,,,,,
102203599,Crashes_2010_2019_MPO,2018-11-05,2018,35.98116,-86.84622,False,0,0,0,,,,,,,,
102201766,Crashes_2010_2019_MPO,2018-11-05,2018,36.04059,-86.77107,False,0,0,0,,,,,,,,
102201677,Crashes_2010_2019_MPO,2018-11-05,2018,36.03969,-86.78336,False,0,0,0,,,,,,,,
102201571,Crashes_2010_2019_MPO,2018-11-05,2018,36.0306,-86.7839,True,0,0,0,,,,,,,,
102203192,Crashes_2010_2019_MPO,2018-11-05,2018,35.9889,-86.82876,False,0,0,0,,,,,,,,
102201364,Crashes_2010_2019_MPO,2018-11-05,2018,36.03985,-86.81522,False,0,0,0,,,,,,,,
102201993,Crashes_2010_2019_MPO,2018-11-06,2018,36.05148,-86.71179,False,0,0,0,,,,,,,,
102202755,Crashes_2010_2019_MPO,2018-11-06,2018,35.94546,-86.80485,False,0,0,0,,,,,,,,
102201988,Crashes_2010_2019_MPO,2018-11-06,2018,35.93502,-86.8218,False,0,0,0,,,,,,,,
102202579,Crashes_2010_2019_MPO,2018-11-06,2018,36.04499,-86.69702,False,0,0,0,,,,,,,,
102202232,Crashes_2010_2019_MPO,2018-11-06,2018,36.03768,-86.78488,False,0,0,0,,,,,,,,
102202728,Crashes_2010_2019_MPO,2018-11-06,2018,36.04538,-86.70361,False,0,0,0,,,,,,,,
102202652,Crashes_2010_2019_MPO,2018-11-06,2018,36.04114,-86.77621,False,0,0,0,,,,,,,,
102202610,Crashes_2010_2019_MPO,2018-11-06,2018,35.94489,-86.82843,False,0,0,0,,,,,,,,
102202578,Crashes_2010_2019_MPO,2018-11-06,2018,35.94334,-86.82951,False,0,0,0,,,,,,,,
102203727,Crashes_2010_2019_MPO,2018-11-06,2018,35.94871,-86.8638,False,0,0,0,,,,,,,,
102201994,Crashes_2010_2019_MPO,2018-11-06,2018,36.03397,-86.80164,True,0,0,0,,,,,,,,
102202729,Crashes_2010_2019_MPO,2018-11-06,2018,36.03145,-86.74388,False,0,0,0,,,,,,,,
102202112,Crashes_2010_2019_MPO,2018-11-06,2018,36.03585,-86.78728,True,0,0,0,,,,,,,,
102202102,Crashes_2010_2019_MPO,2018-11-06,2018,35.99649,-86.78854,True,0,0,0,,,,,,,,
102202084,Crashes_2010_2019_MPO,2018-11-06,2018,35.979,-86.80315,True,0,0,0,,,,,,,,
102202356,Crashes_2010_2019_MPO,2018-11-06,2018,36.02761,-86.79189,True,0,0,0,,,,,,,,
102214039,Crashes_2010_2019_MPO,2018-11-06,2018,35.966699,-86.809059,True,0,0,0,,,,,,,,
102203585,Crashes_2010_2019_MPO,2018-11-07,2018,36.00506,-86.81163,True,0,0,0,,,,,,,,
102203072,Crashes_2010_2019_MPO,2018-11-07,2018,35.93,-86.8563,False,0,0,0,,,,,,,,
102203107,Crashes_2010_2019_MPO,2018-11-07,2018,36.03744,-86.78626,False,0,0,0,,,,,,,,
102203106,Crashes_2010_2019_MPO,2018-11-07,2018,36.0399,-86.78322,False,0,0,0,,,,,,,,
102203115,Crashes_2010_2019_MPO,2018-11-07,2018,35.96506,-86.80587,False,0,0,0,,,,,,,,
102205961,Crashes_2010_2019_MPO,2018-11-07,2018,35.96133,-86.81226,False,0,0,0,,,,,,,,
102203486,Crashes_2010_2019_MPO,2018-11-07,2018,35.92978,-86.82433,False,0,0,0,,,,,,,,
102203589,Crashes_2010_2019_MPO,2018-11-07,2018,36.05227,-86.70631,False,0,1,0,,,,,,,,
102204801,Crashes_2010_2019_MPO,2018-11-07,2018,35.92957,-86.84213,False,0,0,0,,,,,,,,
102202899,Crashes_2010_2019_MPO,2018-11-07,2018,35.92642,-86.82143,False,0,0,0,,,,,,,,
102203034,Crashes_2010_2019_MPO,2018-11-07,2018,36.01239,-86.80116,True,0,0,0,,,,,,,,
102203112,Crashes_2010_2019_MPO,2018-11-07,2018,35.94429,-86.81993,False,0,0,0,,,,,,,,
102203637,Crashes_2010_2019_MPO,2018-11-07,2018,36.03692,-86.78671,False,0,0,0,,,,,,,,
102203104,Crashes_2010_2019_MPO,2018-11-07,2018,36.03352,-86.71298,False,0,0,0,,,,,,,,
102202870,Crashes_2010_2019_MPO,2018-11-07,2018,35.92503,-86.82191,False,0,0,0,,,,,,,,
102209113,Crashes_2010_2019_MPO,2018-11-08,2018,35.97776,-86.80359,True,0,0,0,,,,,,,,
102204152,Crashes_2010_2019_MPO,2018-11-08,2018,36.03319,-86.7876,True,0,0,0,,,,,,,,
102204285,Crashes_2010_2019_MPO,2018-11-08,2018,36.03902,-86.78253,False,0,0,0,,,,,,,,
102204083,Crashes_2010_2019_MPO,2018-11-08,2018,36.03413,-86.80168,True,0,0,0,,,,,,,,
102204311,Crashes_2010_2019_MPO,2018-11-08,2018,36.03319,-86.7876,True,0,0,0,,,,,,,,
102204958,Crashes_2010_2019_MPO,2018-11-08,2018,35.95212,-86.81784,False,0,0,0,,,,,,,,
102204920,Crashes_2010_2019_MPO,2018-11-08,2018,35.93374,-86.81767,False,0,0,0,,,,,,,,
102204705,Crashes_2010_2019_MPO,2018-11-08,2018,36.02774,-86.87717,False,0,0,0,,,,,,,,
102204955,Crashes_2010_2019_MPO,2018-11-08,2018,35.94782,-86.81975,False,0,0,0,,,,,,,,
102204869,Crashes_2010_2019_MPO,2018-11-08,2018,36.04469,-86.71473,False,0,0,0,,,,,,,,
102209501,Crashes_2010_2019_MPO,2018-11-08,2018,35.96464,-86.81402,False,0,0,0,,,,,,,,
102204883,Crashes_2010_2019_MPO,2018-11-08,2018,36.04536,-86.71334,False,0,0,0,,,,,,,,
102204777,Crashes_2010_2019_MPO,2018-11-08,2018,36.03757,-86.78529,False,0,0,0,,,,,,,,
102204019,Crashes_2010_2019_MPO,2018-11-08,2018,36.0391,-86.7824,False,0,0,0,,,,,,,,
102204214,Crashes_2010_2019_MPO,2018-11-08,2018,36.0525,-86.68445,False,0,0,0,,,,,,,,
102204776,Crashes_2010_2019_MPO,2018-11-08,2018,36.03851,-86.78413,False,0,0,0,,,,,,,,
102205376,Crashes_2010_2019_MPO,2018-11-09,2018,36.03761,-86.78512,False,0,0,0,,,,,,,,
102206785,Crashes_2010_2019_MPO,2018-11-09,2018,35.96655,-86.81009,True,0,0,0,,,,,,,,
102205432,Crashes_2010_2019_MPO,2018-11-09,2018,36.05461,-86.7562,False,0,0,0,,,,,,,,
102205965,Crashes_2010_2019_MPO,2018-11-09,2018,35.99551,-86.77887,True,0,0,0,,,,,,,,
102205249,Crashes_2010_2019_MPO,2018-11-09,2018,35.97795,-86.80352,True,0,0,0,,,,,,,,
102205295,Crashes_2010_2019_MPO,2018-11-09,2018,36.03728,-86.78279,False,0,0,0,,,,,,,,
102205977,Crashes_2010_2019_MPO,2018-11-09,2018,35.96695,-86.81291,True,0,0,0,,,,,,,,
102205241,Crashes_2010_2019_MPO,2018-11-09,2018,35.98618,-86.80066,True,0,0,0,,,,,,,,
102206215,Crashes_2010_2019_MPO,2018-11-09,2018,36.0439,-86.74409,False,0,0,0,,,,,,,,
102205267,Crashes_2010_2019_MPO,2018-11-09,2018,35.95704,-86.76748,True,0,0,0,,,,,,,,
102205175,Crashes_2010_2019_MPO,2018-11-09,2018,35.95031,-86.76392,True,0,0,0,,,,,,,,
102206677,Crashes_2010_2019_MPO,2018-11-09,2018,35.94979,-86.7579,True,0,0,0,,,,,,,,
102206599,Crashes_2010_2019_MPO,2018-11-10,2018,35.96555,-86.81398,False,0,0,0,,,,,,,,
102206610,Crashes_2010_2019_MPO,2018-11-10,2018,36.03775,-86.78478,False,0,0,0,,,,,,,,
102206827,Crashes_2010_2019_MPO,2018-11-10,2018,36.04636,-86.71338,False,0,0,0,,,,,,,,
102207516,Crashes_2010_2019_MPO,2018-11-10,2018,35.99079,-86.79907,True,0,0,0,,,,,,,,
102206447,Crashes_2010_2019_MPO,2018-11-10,2018,36.04537,-86.71326,False,0,0,0,,,,,,,,
102207039,Crashes_2010_2019_MPO,2018-11-10,2018,36.00404,-86.79096,True,0,0,0,,,,,,,,
102207040,Crashes_2010_2019_MPO,2018-11-10,2018,36.00359,-86.79143,True,0,0,0,,,,,,,,
102206901,Crashes_2010_2019_MPO,2018-11-10,2018,35.92641,-86.82447,False,0,0,0,,,,,,,,
102208184,Crashes_2010_2019_MPO,2018-11-11,2018,35.99687,-86.68989,False,0,0,0,,,,,,,,
102207728,Crashes_2010_2019_MPO,2018-11-11,2018,35.92957,-86.84213,False,0,0,0,,,,,,,,
102207466,Crashes_2010_2019_MPO,2018-11-11,2018,36.05018,-86.69149,False,0,0,0,,,,,,,,
102207386,Crashes_2010_2019_MPO,2018-11-11,2018,36.04606,-86.68428,False,0,0,0,,,,,,,,
102207475,Crashes_2010_2019_MPO,2018-11-11,2018,35.96312,-86.81897,True,0,0,0,,,,,,,,
102208825,Crashes_2010_2019_MPO,2018-11-12,2018,35.93465,-86.7775,False,0,0,0,,,,,,,,
102208609,Crashes_2010_2019_MPO,2018-11-12,2018,35.93492,-86.82155,False,0,0,0,,,,,,,,
102213966,Crashes_2010_2019_MPO,2018-11-12,2018,35.97044,-86.7738,True,0,0,0,,,,,,,,
102224585,Crashes_2010_2019_MPO,2018-11-12,2018,35.96455,-86.80716,False,0,0,0,,,,,,,,
102209002,Crashes_2010_2019_MPO,2018-11-12,2018,36.03501,-86.80582,True,0,0,0,,,,,,,,
102209538,Crashes_2010_2019_MPO,2018-11-12,2018,36.03284,-86.79705,True,0,0,0,,,,,,,,
102209869,Crashes_2010_2019_MPO,2018-11-12,2018,36.02614,-86.79272,True,0,0,0,,,,,,,,
102209061,Crashes_2010_2019_MPO,2018-11-12,2018,36.04537,-86.71326,False,0,0,0,,,,,,,,
102210717,Crashes_2010_2019_MPO,2018-11-12,2018,35.93994,-86.81669,False,0,0,0,,,,,,,,
102208759,Crashes_2010_2019_MPO,2018-11-12,2018,36.0374,-86.78657,False,0,0,0,,,,,,,,
102208924,Crashes_2010_2019_MPO,2018-11-12,2018,36.03501,-86.80582,True,0,0,0,,,,,,,,
102211045,Crashes_2010_2019_MPO,2018-11-12,2018,35.94686,-86.81163,False,0,0,0,,,,,,,,
102209042,Crashes_2010_2019_MPO,2018-11-12,2018,35.9295,-86.84135,False,0,0,0,,,,,,,,
102208760,Crashes_2010_2019_MPO,2018-11-12,2018,36.03743,-86.79051,False,0,0,0,,,,,,,,
102209162,Crashes_2010_2019_MPO,2018-11-12,2018,35.99616,-86.78555,True,0,0,0,,,,,,,,
102209062,Crashes_2010_2019_MPO,2018-11-12,2018,36.03313,-86.77439,False,0,0,0,,,,,,,,
102208808,Crashes_2010_2019_MPO,2018-11-12,2018,35.96202,-86.81533,False,0,0,0,,,,,,,,
102208925,Crashes_2010_2019_MPO,2018-11-12,2018,35.92496,-86.82469,False,0,0,0,,,,,,,,
102208733,Crashes_2010_2019_MPO,2018-11-12,2018,36.04636,-86.6772,False,0,0,0,,,,,,,,
102208462,Crashes_2010_2019_MPO,2018-11-12,2018,35.9583,-86.8023,False,0,0,0,,,,,,,,
102209097,Crashes_2010_2019_MPO,2018-11-12,2018,36.04001,-86.74347,False,0,0,0,,,,,,,,
102208779,Crashes_2010_2019_MPO,2018-11-12,2018,36.03588,-86.78727,True,0,0,0,,,,,,,,
102208575,Crashes_2010_2019_MPO,2018-11-12,2018,35.97985,-86.74709,True,0,0,0,,,,,,,,
102209339,Crashes_2010_2019_MPO,2018-11-13,2018,35.93125,-86.87687,False,0,0,0,,,,,,,,
102210070,Crashes_2010_2019_MPO,2018-11-13,2018,36.04903,-86.84012,False,0,0,0,,,,,,,,
102209958,Crashes_2010_2019_MPO,2018-11-13,2018,36.03761,-86.78512,False,0,0,0,,,,,,,,
102211873,Crashes_2010_2019_MPO,2018-11-13,2018,36.00337,-86.79165,True,0,0,0,,,,,,,,
102210097,Crashes_2010_2019_MPO,2018-11-13,2018,35.98508,-86.72753,True,0,0,0,,,,,,,,
102209798,Crashes_2010_2019_MPO,2018-11-13,2018,36.04048,-86.7436,False,0,0,0,,,,,,,,
102209990,Crashes_2010_2019_MPO,2018-11-13,2018,35.92648,-86.8663,False,0,0,0,,,,,,,,
102209313,Crashes_2010_2019_MPO,2018-11-13,2018,35.94329,-86.8207,False,0,0,0,,,,,,,,
102216004,Crashes_2010_2019_MPO,2018-11-13,2018,35.9638,-86.80842,False,0,0,0,,,,,,,,
102210224,Crashes_2010_2019_MPO,2018-11-13,2018,36.04034,-86.81664,False,0,0,0,,,,,,,,
102209870,Crashes_2010_2019_MPO,2018-11-13,2018,35.98613,-86.73603,True,0,0,0,,,,,,,,
102209992,Crashes_2010_2019_MPO,2018-11-13,2018,35.92743,-86.86575,False,0,0,0,,,,,,,,
102211167,Crashes_2010_2019_MPO,2018-11-14,2018,36.03315,-86.77459,False,0,0,0,,,,,,,,
102211131,Crashes_2010_2019_MPO,2018-11-14,2018,36.03679,-86.81484,True,0,0,0,,,,,,,,
102211209,Crashes_2010_2019_MPO,2018-11-14,2018,36.03677,-86.81464,True,0,0,0,,,,,,,,
102210966,Crashes_2010_2019_MPO,2018-11-14,2018,36.03311,-86.78656,True,0,0,0,,,,,,,,
102212154,Crashes_2010_2019_MPO,2018-11-14,2018,35.97765,-86.77659,True,0,0,0,,,,,,,,
102213060,Crashes_2010_2019_MPO,2018-11-14,2018,35.9687,-86.8073,True,0,0,0,,,,,,,,
102211202,Crashes_2010_2019_MPO,2018-11-14,2018,35.9581,-86.8026,False,0,0,0,,,,,,,,
102211210,Crashes_2010_2019_MPO,2018-11-14,2018,35.99849,-86.80471,True,0,0,0,,,,,,,,
102211394,Crashes_2010_2019_MPO,2018-11-14,2018,36.04075,-86.78126,False,0,0,0,,,,,,,,
102210890,Crashes_2010_2019_MPO,2018-11-14,2018,36.04114,-86.77621,False,0,0,0,,,,,,,,
102211281,Crashes_2010_2019_MPO,2018-11-14,2018,35.97914,-86.74946,True,0,0,0,,,,,,,,
102210540,Crashes_2010_2019_MPO,2018-11-14,2018,35.9262,-86.82151,False,0,0,0,,,,,,,,
102211363,Crashes_2010_2019_MPO,2018-11-14,2018,35.95104,-86.81656,False,0,1,0,,,,,,,,
102211196,Crashes_2010_2019_MPO,2018-11-14,2018,36.03315,-86.77459,False,0,0,0,,,,,,,,
102211557,Crashes_2010_2019_MPO,2018-11-14,2018,35.96142,-86.68523,False,0,0,0,,,,,,,,
102211163,Crashes_2010_2019_MPO,2018-11-14,2018,36.04486,-86.72493,False,0,0,0,,,,,,,,
102210428,Crashes_2010_2019_MPO,2018-11-14,2018,36.04317,-86.69174,False,0,0,0,,,,,,,,
102211995,Crashes_2010_2019_MPO,2018-11-14,2018,35.9469,-86.82167,False,0,0,0,,,,,,,,
102210779,Crashes_2010_2019_MPO,2018-11-14,2018,36.04117,-86.7787,False,0,0,0,,,,,,,,
102211407,Crashes_2010_2019_MPO,2018-11-14,2018,35.93867,-86.82064,False,0,1,0,,,,,,,,
102210982,Crashes_2010_2019_MPO,2018-11-14,2018,35.99781,-86.79886,True,0,0,0,,,,,,,,
102212156,Crashes_2010_2019_MPO,2018-11-15,2018,35.94751,-86.8138,False,0,0,0,,,,,,,,
102212380,Crashes_2010_2019_MPO,2018-11-15,2018,36.03991,-86.74205,False,0,0,0,,,,,,,,
102212093,Crashes_2010_2019_MPO,2018-11-15,2018,36.04546,-86.68534,False,0,0,0,,,,,,,,
102212122,Crashes_2010_2019_MPO,2018-11-15,2018,35.9584,-86.80226,False,0,0,0,,,,,,,,
102216277,Crashes_2010_2019_MPO,2018-11-15,2018,35.99844,-86.85401,False,0,0,0,,,,,,,,
102212284,Crashes_2010_2019_MPO,2018-11-15,2018,36.04012,-86.78074,False,0,0,0,,,,,,,,
102212379,Crashes_2010_2019_MPO,2018-11-15,2018,36.04114,-86.77621,False,0,0,0,,,,,,,,
102211672,Crashes_2010_2019_MPO,2018-11-15,2018,36.02226,-86.87808,False,0,0,0,,,,,,,,
102212170,Crashes_2010_2019_MPO,2018-11-15,2018,35.98352,-86.72097,True,0,0,0,,,,,,,,
102212305,Crashes_2010_2019_MPO,2018-11-15,2018,35.94756,-86.81401,False,0,0,0,,,,,,,,
102211606,Crashes_2010_2019_MPO,2018-11-15,2018,36.04537,-86.71326,False,0,0,0,,,,,,,,
102211599,Crashes_2010_2019_MPO,2018-11-15,2018,35.97004,-86.83596,False,0,0,0,,,,,,,,
102212155,Crashes_2010_2019_MPO,2018-11-15,2018,35.94782,-86.81975,False,0,0,0,,,,,,,,
102213493,Crashes_2010_2019_MPO,2018-11-16,2018,35.9476,-86.81482,False,0,0,0,,,,,,,,
102216785,Crashes_2010_2019_MPO,2018-11-16,2018,35.96845,-86.81905,True,0,0,0,,,,,,,,
102212680,Crashes_2010_2019_MPO,2018-11-16,2018,36.03961,-86.78165,False,0,0,0,,,,,,,,
102213349,Crashes_2010_2019_MPO,2018-11-16,2018,36.04142,-86.82279,False,0,0,0,,,,,,,,
102212610,Crashes_2010_2019_MPO,2018-11-16,2018,35.95492,-86.76695,True,0,0,0,,,,,,,,
102214483,Crashes_2010_2019_MPO,2018-11-16,2018,36.02629,-86.87869,False,0,0,0,,,,,,,,
102215081,Crashes_2010_2019_MPO,2018-11-16,2018,35.94778,-86.81994,False,0,0,0,,,,,,,,
102213477,Crashes_2010_2019_MPO,2018-11-16,2018,36.03889,-86.78281,False,0,0,0,,,,,,,,
102213476,Crashes_2010_2019_MPO,2018-11-16,2018,36.05,-86.77565,False,0,0,0,,,,,,,,
102213457,Crashes_2010_2019_MPO,2018-11-16,2018,35.96518,-86.80029,True,0,0,0,,,,,,,,
102217371,Crashes_2010_2019_MPO,2018-11-16,2018,35.93374,-86.81767,False,0,0,0,,,,,,,,
102212951,Crashes_2010_2019_MPO,2018-11-16,2018,36.05146,-86.70293,False,0,0,0,,,,,,,,
102213592,Crashes_2010_2019_MPO,2018-11-16,2018,36.0467,-86.71342,False,0,0,0,,,,,,,,
102212728,Crashes_2010_2019_MPO,2018-11-16,2018,36.0145,-86.72399,False,0,0,0,,,,,,,,
102212999,Crashes_2010_2019_MPO,2018-11-16,2018,36.04555,-86.71138,False,0,0,0,,,,,,,,
102212576,Crashes_2010_2019_MPO,2018-11-16,2018,35.93,-86.8243,False,0,0,0,,,,,,,,
102213872,Crashes_2010_2019_MPO,2018-11-16,2018,36.04245,-86.71294,False,0,0,0,,,,,,,,
102217372,Crashes_2010_2019_MPO,2018-11-16,2018,35.94683,-86.81432,False,0,0,0,,,,,,,,
102213576,Crashes_2010_2019_MPO,2018-11-16,2018,35.99652,-86.79709,True,0,0,0,,,,,,,,
102214128,Crashes_2010_2019_MPO,2018-11-17,2018,36.04537,-86.71326,False,0,0,0,,,,,,,,
102240534,Crashes_2010_2019_MPO,2018-11-17,2018,36.01286,-86.80081,True,0,0,0,,,,,,,,
102214052,Crashes_2010_2019_MPO,2018-11-17,2018,36.04184,-86.82451,False,0,0,0,,,,,,,,
102214900,Crashes_2010_2019_MPO,2018-11-17,2018,35.93527,-86.81897,False,0,0,0,,,,,,,,
102214635,Crashes_2010_2019_MPO,2018-11-17,2018,35.99313,-86.69997,True,0,0,0,,,,,,,,
102214041,Crashes_2010_2019_MPO,2018-11-17,2018,35.99038,-86.74815,True,0,0,0,,,,,,,,
102214133,Crashes_2010_2019_MPO,2018-11-17,2018,36.04393,-86.6933,False,0,0,0,,,,,,,,
102215855,Crashes_2010_2019_MPO,2018-11-17,2018,35.93584,-86.7748,False,0,0,0,,,,,,,,
102215189,Crashes_2010_2019_MPO,2018-11-18,2018,36.04526,-86.71704,False,0,0,0,,,,,,,,
102215599,Crashes_2010_2019_MPO,2018-11-18,2018,35.93446,-86.81991,False,0,0,0,,,,,,,,
102215713,Crashes_2010_2019_MPO,2018-11-18,2018,35.9743,-86.8046,True,0,0,0,,,,,,,,
102215103,Crashes_2010_2019_MPO,2018-11-18,2018,36.046,-86.71689,False,0,0,0,,,,,,,,
102215549,Crashes_2010_2019_MPO,2018-11-18,2018,35.966696,-86.80916,True,0,0,0,,,,,,,,
102215889,Crashes_2010_2019_MPO,2018-11-18,2018,35.96622,-86.81136,False,0,0,0,,,,,,,,
102217802,Crashes_2010_2019_MPO,2018-11-18,2018,35.96191,-86.82718,False,0,0,0,,,,,,,,
102215765,Crashes_2010_2019_MPO,2018-11-18,2018,35.94899,-86.7499,True,0,0,0,,,,,,,,
102216223,Crashes_2010_2019_MPO,2018-11-18,2018,35.92373,-86.79452,False,0,0,0,,,,,,,,
102215910,Crashes_2010_2019_MPO,2018-11-18,2018,35.94366,-86.84514,False,0,0,0,,,,,,,,
102216377,Crashes_2010_2019_MPO,2018-11-19,2018,35.9505,-86.76617,True,0,0,0,,,,,,,,
102217046,Crashes_2010_2019_MPO,2018-11-19,2018,36.04083,-86.77934,False,0,0,0,,,,,,,,
102217998,Crashes_2010_2019_MPO,2018-11-19,2018,35.92957,-86.84187,False,0,0,0,,,,,,,,
102216786,Crashes_2010_2019_MPO,2018-11-19,2018,35.99339,-86.69914,True,0,0,0,,,,,,,,
102216934,Crashes_2010_2019_MPO,2018-11-19,2018,36.03771,-86.79473,False,0,0,0,,,,,,,,
102216579,Crashes_2010_2019_MPO,2018-11-19,2018,35.93292,-86.81159,False,0,0,0,,,,,,,,
102217433,Crashes_2010_2019_MPO,2018-11-19,2018,35.95603,-86.69325,False,0,0,0,,,,,,,,
102216796,Crashes_2010_2019_MPO,2018-11-19,2018,35.98635,-86.73664,True,0,0,0,,,,,,,,
102216363,Crashes_2010_2019_MPO,2018-11-19,2018,35.94611,-86.83069,False,0,0,0,,,,,,,,
102217572,Crashes_2010_2019_MPO,2018-11-19,2018,35.953,-86.81791,False,0,0,0,,,,,,,,
102216578,Crashes_2010_2019_MPO,2018-11-19,2018,35.94782,-86.81975,False,0,0,0,,,,,,,,
102216425,Crashes_2010_2019_MPO,2018-11-19,2018,36.0374,-86.78657,False,0,0,0,,,,,,,,
102218403,Crashes_2010_2019_MPO,2018-11-20,2018,35.99296,-86.7577,True,0,0,0,,,,,,,,
102217389,Crashes_2010_2019_MPO,2018-11-20,2018,36.02907,-86.8605,False,0,0,0,,,,,,,,
102224081,Crashes_2010_2019_MPO,2018-11-20,2018,36.02002,-86.78697,True,0,0,0,,,,,,,,
102217153,Crashes_2010_2019_MPO,2018-11-20,2018,35.95159,-86.73424,True,0,0,0,,,,,,,,
102220923,Crashes_2010_2019_MPO,2018-11-20,2018,36.03291,-86.78897,True,0,0,0,,,,,,,,
102217771,Crashes_2010_2019_MPO,2018-11-20,2018,35.95239,-86.81798,False,0,0,0,,,,,,,,
102218014,Crashes_2010_2019_MPO,2018-11-20,2018,35.94508,-86.87854,False,0,0,0,,,,,,,,
102217963,Crashes_2010_2019_MPO,2018-11-20,2018,35.97716,-86.87622,False,0,0,0,,,,,,,,
102218600,Crashes_2010_2019_MPO,2018-11-21,2018,35.98864,-86.68139,False,0,0,0,,,,,,,,
102219406,Crashes_2010_2019_MPO,2018-11-21,2018,35.9479,-86.81976,False,0,0,0,,,,,,,,
102219463,Crashes_2010_2019_MPO,2018-11-21,2018,35.97607,-86.8292,True,0,0,0,,,,,,,,
102219143,Crashes_2010_2019_MPO,2018-11-21,2018,35.99564,-86.78031,True,0,0,0,,,,,,,,
102218644,Crashes_2010_2019_MPO,2018-11-21,2018,35.9666,-86.8092,True,0,0,0,,,,,,,,
102219803,Crashes_2010_2019_MPO,2018-11-21,2018,35.99533,-86.77703,True,0,0,0,,,,,,,,
102219457,Crashes_2010_2019_MPO,2018-11-21,2018,35.93699,-86.81773,False,0,0,0,,,,,,,,
102219806,Crashes_2010_2019_MPO,2018-11-21,2018,36.04066,-86.75142,False,0,0,0,,,,,,,,
102219044,Crashes_2010_2019_MPO,2018-11-21,2018,36.02817,-86.74401,False,0,0,0,,,,,,,,
102220271,Crashes_2010_2019_MPO,2018-11-21,2018,35.9767,-86.80427,True,0,0,0,,,,,,,,
102218499,Crashes_2010_2019_MPO,2018-11-21,2018,35.93287,-86.78346,False,0,0,0,,,,,,,,
102227818,Crashes_2010_2019_MPO,2018-11-21,2018,35.96705,-86.81355,True,0,0,0,,,,,,,,
102221851,Crashes_2010_2019_MPO,2018-11-21,2018,35.94043,-86.82126,False,0,0,0,,,,,,,,
102220183,Crashes_2010_2019_MPO,2018-11-22,2018,35.9583,-86.8023,False,0,0,0,,,,,,,,
102220622,Crashes_2010_2019_MPO,2018-11-22,2018,35.96125,-86.81228,False,0,0,0,,,,,,,,
102220649,Crashes_2010_2019_MPO,2018-11-22,2018,36.05268,-86.68571,False,0,0,0,,,,,,,,
102221572,Crashes_2010_2019_MPO,2018-11-22,2018,35.95029,-86.81312,False,0,0,0,,,,,,,,
102222289,Crashes_2010_2019_MPO,2018-11-23,2018,36.01172,-86.78485,True,0,0,0,,,,,,,,
102222926,Crashes_2010_2019_MPO,2018-11-23,2018,35.97043,-86.82156,True,0,0,0,,,,,,,,
102222484,Crashes_2010_2019_MPO,2018-11-23,2018,36.03938,-86.72063,False,0,0,0,,,,,,,,
102221853,Crashes_2010_2019_MPO,2018-11-23,2018,35.96396,-86.81452,False,0,0,0,,,,,,,,
102220754,Crashes_2010_2019_MPO,2018-11-23,2018,36.04526,-86.71704,False,0,0,0,,,,,,,,
102222983,Crashes_2010_2019_MPO,2018-11-24,2018,36.04003,-86.74373,False,0,0,0,,,,,,,,
102222511,Crashes_2010_2019_MPO,2018-11-24,2018,36.05285,-86.68704,False,0,0,0,,,,,,,,
102222634,Crashes_2010_2019_MPO,2018-11-24,2018,36.04537,-86.71326,False,0,0,0,,,,,,,,
102222612,Crashes_2010_2019_MPO,2018-11-24,2018,35.93446,-86.81991,False,0,0,0,,,,,,,,
102223238,Crashes_2010_2019_MPO,2018-11-24,2018,35.98038,-86.67832,False,0,0,0,,,,,,,,
102223275,Crashes_2010_2019_MPO,2018-11-24,2018,35.9899,-86.74415,True,0,0,0,,,,,,,,
102222934,Crashes_2010_2019_MPO,2018-11-24,2018,36.04069,-86.77204,False,0,0,0,,,,,,,,
102222578,Crashes_2010_2019_MPO,2018-11-24,2018,35.94708,-86.83267,False,0,0,0,,,,,,,,
102222742,Crashes_2010_2019_MPO,2018-11-24,2018,36.05007,-86.69159,False,0,0,0,,,,,,,,