record_no,source_layer,collision_ts,crash_year,latitude,longitude,in_city,fatalities,non_motorists,truck_involved,serious_injuries,pedestrian,bicycle,crash_type,manner_of_collision,lighting,weather,first_harmful_event
102223614,Crashes_2010_2019_MPO,2018-11-25,2018,36.03551,-86.78748,True,0,0,0,,,,,,,,
102223591,Crashes_2010_2019_MPO,2018-11-25,2018,36.03047,-86.79031,True,0,0,0,,,,,,,,
102224117,Crashes_2010_2019_MPO,2018-11-25,2018,35.96695,-86.81358,True,0,0,0,,,,,,,,
102224948,Crashes_2010_2019_MPO,2018-11-26,2018,36.02264,-86.71221,False,0,0,0,,,,,,,,
102225032,Crashes_2010_2019_MPO,2018-11-26,2018,35.99816,-86.68107,False,0,0,0,,,,,,,,
102225206,Crashes_2010_2019_MPO,2018-11-26,2018,35.99622,-86.78607,True,0,0,0,,,,,,,,
102225148,Crashes_2010_2019_MPO,2018-11-26,2018,35.95713,-86.81149,False,0,0,0,,,,,,,,
102224624,Crashes_2010_2019_MPO,2018-11-26,2018,36.03736,-86.78696,False,0,0,0,,,,,,,,
102224763,Crashes_2010_2019_MPO,2018-11-26,2018,35.96688,-86.81117,True,0,0,0,,,,,,,,
102224522,Crashes_2010_2019_MPO,2018-11-26,2018,36.05364,-86.68389,False,0,0,0,,,,,,,,
102226499,Crashes_2010_2019_MPO,2018-11-27,2018,35.98672,-86.7372,True,0,0,0,,,,,,,,
102227239,Crashes_2010_2019_MPO,2018-11-27,2018,36.03367,-86.78854,True,0,0,0,,,,,,,,
102225854,Crashes_2010_2019_MPO,2018-11-27,2018,35.99551,-86.77887,True,0,0,0,,,,,,,,
102226441,Crashes_2010_2019_MPO,2018-11-27,2018,36.04084,-86.77347,False,0,0,0,,,,,,,,
102226311,Crashes_2010_2019_MPO,2018-11-27,2018,35.94608,-86.80754,False,0,0,0,,,,,,,,
102226222,Crashes_2010_2019_MPO,2018-11-27,2018,35.99646,-86.78824,True,0,0,0,,,,,,,,
102232300,Crashes_2010_2019_MPO,2018-11-27,2018,35.97808,-86.70843,True,0,0,1,,,,,,,,
102226021,Crashes_2010_2019_MPO,2018-11-27,2018,35.95078,-86.80672,False,0,0,0,,,,,,,,
102225855,Crashes_2010_2019_MPO,2018-11-27,2018,36.03565,-86.80572,True,0,0,0,,,,,,,,
102226301,Crashes_2010_2019_MPO,2018-11-27,2018,35.9659,-86.80325,True,0,0,0,,,,,,,,
102226885,Crashes_2010_2019_MPO,2018-11-27,2018,35.9921,-86.79862,True,0,0,0,,,,,,,,
102226274,Crashes_2010_2019_MPO,2018-11-27,2018,35.94648,-86.80927,False,0,0,0,,,,,,,,
102225766,Crashes_2010_2019_MPO,2018-11-27,2018,35.93446,-86.81991,False,0,0,0,,,,,,,,
102226290,Crashes_2010_2019_MPO,2018-11-27,2018,36.02409,-86.79388,True,0,0,0,,,,,,,,
102226473,Crashes_2010_2019_MPO,2018-11-27,2018,36.03995,-86.78093,False,0,1,0,,,,,,,,
102226228,Crashes_2010_2019_MPO,2018-11-27,2018,36.03312,-86.7864,True,0,0,0,,,,,,,,
102227357,Crashes_2010_2019_MPO,2018-11-28,2018,35.94941,-86.7431,True,0,0,0,,,,,,,,
102227594,Crashes_2010_2019_MPO,2018-11-28,2018,36.03766,-86.79372,False,0,0,0,,,,,,,,
102226843,Crashes_2010_2019_MPO,2018-11-28,2018,35.92957,-86.84187,False,0,0,0,,,,,,,,
102227367,Crashes_2010_2019_MPO,2018-11-28,2018,35.95526,-86.82588,False,0,0,0,,,,,,,,
102226776,Crashes_2010_2019_MPO,2018-11-28,2018,35.966718,-86.809102,True,0,0,0,,,,,,,,
102226891,Crashes_2010_2019_MPO,2018-11-28,2018,35.99675,-86.68972,False,0,0,0,,,,,,,,
102228505,Crashes_2010_2019_MPO,2018-11-28,2018,35.97472,-86.83173,True,0,0,0,,,,,,,,
102227243,Crashes_2010_2019_MPO,2018-11-28,2018,36.04148,-86.7497,False,0,0,0,,,,,,,,
102227375,Crashes_2010_2019_MPO,2018-11-28,2018,36.04922,-86.86967,False,0,0,0,,,,,,,,
102227378,Crashes_2010_2019_MPO,2018-11-28,2018,35.94698,-86.81724,False,0,0,0,,,,,,,,
102228314,Crashes_2010_2019_MPO,2018-11-28,2018,36.04525,-86.71443,False,0,0,0,,,,,,,,
102227362,Crashes_2010_2019_MPO,2018-11-28,2018,35.95579,-86.8171,False,0,0,0,,,,,,,,
102226569,Crashes_2010_2019_MPO,2018-11-28,2018,36.04084,-86.77347,False,0,0,0,,,,,,,,
102228877,Crashes_2010_2019_MPO,2018-11-29,2018,36.03772,-86.79475,False,0,0,0,,,,,,,,
102228794,Crashes_2010_2019_MPO,2018-11-29,2018,36.01342,-86.80332,True,0,0,0,,,,,,,,
102228795,Crashes_2010_2019_MPO,2018-11-29,2018,36.02607,-86.81848,True,0,0,0,,,,,,,,
102228507,Crashes_2010_2019_MPO,2018-11-29,2018,36.03643,-86.79084,True,0,0,0,,,,,,,,
102228503,Crashes_2010_2019_MPO,2018-11-29,2018,36.0454,-86.71294,False,0,0,0,,,,,,,,
102228332,Crashes_2010_2019_MPO,2018-11-29,2018,35.95353,-86.81783,False,0,0,0,,,,,,,,
102227965,Crashes_2010_2019_MPO,2018-11-29,2018,35.992278,-86.828313,True,0,0,0,,,,,,,,
102228553,Crashes_2010_2019_MPO,2018-11-29,2018,36.05145,-86.70271,False,0,0,0,,,,,,,,
102228165,Crashes_2010_2019_MPO,2018-11-29,2018,36.04769,-86.86241,False,0,0,0,,,,,,,,
102228501,Crashes_2010_2019_MPO,2018-11-29,2018,35.96721,-86.8135,True,0,0,0,,,,,,,,
102228826,Crashes_2010_2019_MPO,2018-11-29,2018,35.92891,-86.87519,False,0,0,0,,,,,,,,
102228506,Crashes_2010_2019_MPO,2018-11-29,2018,35.9505,-86.76617,True,0,0,0,,,,,,,,
102227915,Crashes_2010_2019_MPO,2018-11-29,2018,35.94923,-86.79919,False,0,0,0,,,,,,,,
102228509,Crashes_2010_2019_MPO,2018-11-29,2018,35.93707,-86.69245,False,0,0,0,,,,,,,,
102230665,Crashes_2010_2019_MPO,2018-11-30,2018,35.9694,-86.81211,True,0,0,0,,,,,,,,
102241500,Crashes_2010_2019_MPO,2018-11-30,2018,35.96089,-86.81353,False,0,0,0,,,,,,,,
102230573,Crashes_2010_2019_MPO,2018-11-30,2018,35.96133,-86.81226,False,0,0,0,,,,,,,,
102229152,Crashes_2010_2019_MPO,2018-11-30,2018,35.9835,-86.72444,True,0,0,0,,,,,,,,
102232236,Crashes_2010_2019_MPO,2018-11-30,2018,36.0375,-86.78584,False,0,0,0,,,,,,,,
102230926,Crashes_2010_2019_MPO,2018-11-30,2018,35.96622,-86.81136,False,0,0,0,,,,,,,,
102230891,Crashes_2010_2019_MPO,2018-11-30,2018,35.94978,-86.81329,False,0,0,0,,,,,,,,
102230653,Crashes_2010_2019_MPO,2018-11-30,2018,35.94967,-86.8194,False,0,0,0,,,,,,,,
102239143,Crashes_2010_2019_MPO,2018-11-30,2018,35.99059,-86.79915,True,0,0,0,,,,,,,,
102230861,Crashes_2010_2019_MPO,2018-11-30,2018,35.96753,-86.81648,True,0,0,0,,,,,,,,
102229972,Crashes_2010_2019_MPO,2018-11-30,2018,36.04237,-86.71166,False,0,0,0,,,,,,,,
102242918,Crashes_2010_2019_MPO,2018-11-30,2018,36.01598,-86.78583,True,0,0,0,,,,,,,,
102229809,Crashes_2010_2019_MPO,2018-11-30,2018,35.96526,-86.80008,True,0,0,0,,,,,,,,
102229349,Crashes_2010_2019_MPO,2018-11-30,2018,35.99551,-86.77887,True,0,0,0,,,,,,,,
102229068,Crashes_2010_2019_MPO,2018-11-30,2018,36.01393,-86.7194,False,0,0,0,,,,,,,,
102231516,Crashes_2010_2019_MPO,2018-11-30,2018,35.99922,-86.80923,True,0,0,0,,,,,,,,
102230648,Crashes_2010_2019_MPO,2018-11-30,2018,36.03703,-86.78666,False,0,0,0,,,,,,,,
102230682,Crashes_2010_2019_MPO,2018-11-30,2018,35.98718,-86.8164,True,0,0,0,,,,,,,,
102230214,Crashes_2010_2019_MPO,2018-11-30,2018,36.0135,-86.80381,True,0,0,0,,,,,,,,
102230812,Crashes_2010_2019_MPO,2018-11-30,2018,35.94743,-86.81968,False,0,0,0,,,,,,,,
102229799,Crashes_2010_2019_MPO,2018-11-30,2018,36.03999,-86.78126,False,0,0,0,,,,,,,,
102228881,Crashes_2010_2019_MPO,2018-11-30,2018,36.04015,-86.67783,False,0,0,0,,,,,,,,
102229538,Crashes_2010_2019_MPO,2018-11-30,2018,35.93643,-86.69233,False,0,0,0,,,,,,,,
102229563,Crashes_2010_2019_MPO,2018-11-30,2018,35.94429,-86.81993,False,0,0,0,,,,,,,,
102230298,Crashes_2010_2019_MPO,2018-11-30,2018,36.0095,-86.70166,False,0,0,0,,,,,,,,
102230341,Crashes_2010_2019_MPO,2018-11-30,2018,36.04522,-86.70049,False,0,0,0,,,,,,,,
102229377,Crashes_2010_2019_MPO,2018-11-30,2018,36.05294,-86.69696,False,0,0,0,,,,,,,,
102229511,Crashes_2010_2019_MPO,2018-11-30,2018,35.99649,-86.78854,True,0,0,0,,,,,,,,
102229091,Crashes_2010_2019_MPO,2018-11-30,2018,36.0328,-86.78331,True,0,0,0,,,,,,,,
102230927,Crashes_2010_2019_MPO,2018-11-30,2018,35.95756,-86.81636,False,0,0,0,,,,,,,,
102231521,Crashes_2010_2019_MPO,2018-12-01,2018,36.00863,-86.69446,False,0,0,0,,,,,,,,
102231320,Crashes_2010_2019_MPO,2018-12-01,2018,36.01378,-86.71768,False,0,0,0,,,,,,,,
102231894,Crashes_2010_2019_MPO,2018-12-01,2018,35.96447,-86.81404,False,0,0,0,,,,,,,,
102232136,Crashes_2010_2019_MPO,2018-12-01,2018,35.9583,-86.8023,False,0,0,0,,,,,,,,
102231319,Crashes_2010_2019_MPO,2018-12-01,2018,36.01546,-86.74056,False,0,0,0,,,,,,,,
102231866,Crashes_2010_2019_MPO,2018-12-01,2018,36.0472,-86.86231,False,0,0,0,,,,,,,,
102231369,Crashes_2010_2019_MPO,2018-12-01,2018,36.03876,-86.73335,False,0,0,0,,,,,,,,
102232043,Crashes_2010_2019_MPO,2018-12-01,2018,35.9299,-86.82431,False,0,0,0,,,,,,,,
102232734,Crashes_2010_2019_MPO,2018-12-02,2018,36.0374,-86.78657,False,0,0,0,,,,,,,,
102233012,Crashes_2010_2019_MPO,2018-12-02,2018,35.96527,-86.81424,False,0,0,0,,,,,,,,
102232925,Crashes_2010_2019_MPO,2018-12-02,2018,35.94798,-86.819,False,0,0,0,,,,,,,,
102232512,Crashes_2010_2019_MPO,2018-12-02,2018,36.04554,-86.86422,False,0,0,0,,,,,,,,
102233158,Crashes_2010_2019_MPO,2018-12-02,2018,36.0262,-86.71294,False,0,0,0,,,,,,,,
102233033,Crashes_2010_2019_MPO,2018-12-02,2018,35.9667,-86.81121,True,0,0,0,,,,,,,,
102233725,Crashes_2010_2019_MPO,2018-12-03,2018,36.04536,-86.71789,False,0,0,0,,,,,,,,
102233480,Crashes_2010_2019_MPO,2018-12-03,2018,35.94055,-86.83919,False,0,0,0,,,,,,,,
102234270,Crashes_2010_2019_MPO,2018-12-03,2018,36.05366,-86.71502,False,0,0,0,,,,,,,,
102233981,Crashes_2010_2019_MPO,2018-12-03,2018,35.9667,-86.81121,True,0,0,0,,,,,,,,
102234230,Crashes_2010_2019_MPO,2018-12-03,2018,36.04149,-86.71098,False,0,0,0,,,,,,,,
102234414,Crashes_2010_2019_MPO,2018-12-03,2018,36.02689,-86.71284,False,0,0,0,,,,,,,,
102233509,Crashes_2010_2019_MPO,2018-12-03,2018,35.96428,-86.78665,True,0,0,0,,,,,,,,
102233851,Crashes_2010_2019_MPO,2018-12-03,2018,35.96705,-86.81355,True,0,0,0,,,,,,,,
102234023,Crashes_2010_2019_MPO,2018-12-03,2018,35.92304,-86.81684,False,0,0,0,,,,,,,,
102233606,Crashes_2010_2019_MPO,2018-12-03,2018,35.9718,-86.67844,False,0,0,0,,,,,,,,
102233600,Crashes_2010_2019_MPO,2018-12-03,2018,35.95209,-86.81805,False,0,0,1,,,,,,,,
102235311,Crashes_2010_2019_MPO,2018-12-04,2018,35.98136,-86.8505,False,0,0,0,,,,,,,,
102235514,Crashes_2010_2019_MPO,2018-12-04,2018,36.04571,-86.7095,False,0,0,0,,,,,,,,
102234680,Crashes_2010_2019_MPO,2018-12-04,2018,35.96202,-86.81533,False,0,0,0,,,,,,,,
102241378,Crashes_2010_2019_MPO,2018-12-04,2018,36.02964,-86.86376,False,0,0,0,,,,,,,,
102234904,Crashes_2010_2019_MPO,2018-12-04,2018,35.94765,-86.81971,False,0,0,0,,,,,,,,
102235382,Crashes_2010_2019_MPO,2018-12-04,2018,36.04138,-86.72662,False,0,0,0,,,,,,,,
102238111,Crashes_2010_2019_MPO,2018-12-04,2018,35.98258,-86.8019,True,0,0,0,,,,,,,,
102235749,Crashes_2010_2019_MPO,2018-12-04,2018,35.92648,-86.8663,False,0,0,1,,,,,,,,
102234745,Crashes_2010_2019_MPO,2018-12-04,2018,35.92957,-86.84213,False,0,0,0,,,,,,,,
102235290,Crashes_2010_2019_MPO,2018-12-04,2018,35.96148,-86.80177,True,0,0,0,,,,,,,,
102235207,Crashes_2010_2019_MPO,2018-12-04,2018,35.95046,-86.81306,False,0,0,0,,,,,,,,
102236344,Crashes_2010_2019_MPO,2018-12-04,2018,35.99696,-86.70857,True,0,0,0,,,,,,,,
102234690,Crashes_2010_2019_MPO,2018-12-04,2018,36.0449,-86.72461,False,0,0,0,,,,,,,,
102235360,Crashes_2010_2019_MPO,2018-12-04,2018,36.04711,-86.86197,False,0,0,0,,,,,,,,
102235953,Crashes_2010_2019_MPO,2018-12-04,2018,35.94831,-86.80752,False,0,0,0,,,,,,,,
102234494,Crashes_2010_2019_MPO,2018-12-04,2018,36.02821,-86.71263,False,0,0,0,,,,,,,,
102235278,Crashes_2010_2019_MPO,2018-12-04,2018,36.04099,-86.74621,False,0,0,0,,,,,,,,
102235296,Crashes_2010_2019_MPO,2018-12-04,2018,35.93449,-86.82011,False,0,0,0,,,,,,,,
102235413,Crashes_2010_2019_MPO,2018-12-04,2018,36.04168,-86.74882,False,0,0,0,,,,,,,,
102243050,Crashes_2010_2019_MPO,2018-12-04,2018,35.97776,-86.80359,True,0,0,0,,,,,,,,
102235289,Crashes_2010_2019_MPO,2018-12-04,2018,35.97116,-86.77413,True,0,0,0,,,,,,,,
102234649,Crashes_2010_2019_MPO,2018-12-04,2018,35.99734,-86.79486,True,0,0,0,,,,,,,,
102235664,Crashes_2010_2019_MPO,2018-12-05,2018,35.9666,-86.80939,True,0,0,0,,,,,,,,
102235902,Crashes_2010_2019_MPO,2018-12-05,2018,35.96734,-86.81494,True,0,0,0,,,,,,,,
102237094,Crashes_2010_2019_MPO,2018-12-05,2018,35.96518,-86.80029,True,0,0,0,,,,,,,,
102236210,Crashes_2010_2019_MPO,2018-12-05,2018,35.9667,-86.81121,True,0,0,0,,,,,,,,
102236502,Crashes_2010_2019_MPO,2018-12-05,2018,36.02183,-86.78702,True,0,0,0,,,,,,,,
102236280,Crashes_2010_2019_MPO,2018-12-05,2018,36.03851,-86.7834,False,0,0,0,,,,,,,,
102236018,Crashes_2010_2019_MPO,2018-12-05,2018,36.03277,-86.78356,True,0,0,0,,,,,,,,
102235921,Crashes_2010_2019_MPO,2018-12-05,2018,36.04558,-86.85468,False,0,0,0,,,,,,,,
102235955,Crashes_2010_2019_MPO,2018-12-05,2018,35.95102,-86.81851,False,0,0,0,,,,,,,,
102237939,Crashes_2010_2019_MPO,2018-12-05,2018,35.97895,-86.80341,True,0,0,0,,,,,,,,
102236345,Crashes_2010_2019_MPO,2018-12-05,2018,35.98464,-86.77758,True,0,0,0,,,,,,,,
102236177,Crashes_2010_2019_MPO,2018-12-05,2018,36.0451,-86.71323,False,0,0,0,,,,,,,,
102236244,Crashes_2010_2019_MPO,2018-12-05,2018,35.93412,-86.82399,False,0,0,0,,,,,,,,
102243042,Crashes_2010_2019_MPO,2018-12-05,2018,35.93423,-86.81894,False,0,0,0,,,,,,,,
102239240,Crashes_2010_2019_MPO,2018-12-06,2018,35.93155,-86.81988,False,0,0,0,,,,,,,,
102237434,Crashes_2010_2019_MPO,2018-12-06,2018,36.04007,-86.7808,False,0,0,0,,,,,,,,
102238118,Crashes_2010_2019_MPO,2018-12-06,2018,35.92366,-86.86782,False,0,0,0,,,,,,,,
102237850,Crashes_2010_2019_MPO,2018-12-06,2018,36.0529,-86.6874,False,0,0,0,,,,,,,,
102237628,Crashes_2010_2019_MPO,2018-12-06,2018,36.04048,-86.7826,False,0,0,0,,,,,,,,
102237575,Crashes_2010_2019_MPO,2018-12-06,2018,35.9295,-86.84135,False,0,0,0,,,,,,,,
102237527,Crashes_2010_2019_MPO,2018-12-06,2018,35.95209,-86.81805,False,0,0,0,,,,,,,,
102237247,Crashes_2010_2019_MPO,2018-12-06,2018,36.03742,-86.78645,False,0,0,0,,,,,,,,
102237626,Crashes_2010_2019_MPO,2018-12-06,2018,36.04231,-86.7139,False,0,0,0,,,,,,,,
102237019,Crashes_2010_2019_MPO,2018-12-06,2018,35.97831,-86.72537,True,0,0,0,,,,,,,,
102237796,Crashes_2010_2019_MPO,2018-12-06,2018,35.92546,-86.87275,False,0,0,0,,,,,,,,
102237506,Crashes_2010_2019_MPO,2018-12-06,2018,35.97757,-86.76216,True,0,0,0,,,,,,,,
102237637,Crashes_2010_2019_MPO,2018-12-06,2018,36.03232,-86.74377,False,0,0,0,,,,,,,,
102237627,Crashes_2010_2019_MPO,2018-12-06,2018,36.03971,-86.7584,False,0,0,0,,,,,,,,
102237408,Crashes_2010_2019_MPO,2018-12-06,2018,36.04839,-86.7436,False,0,0,0,,,,,,,,
102236875,Crashes_2010_2019_MPO,2018-12-06,2018,35.93878,-86.81711,False,0,0,0,,,,,,,,
102237574,Crashes_2010_2019_MPO,2018-12-06,2018,35.92642,-86.82469,False,0,0,0,,,,,,,,
102237449,Crashes_2010_2019_MPO,2018-12-06,2018,36.04834,-86.86648,False,0,0,0,,,,,,,,
102237991,Crashes_2010_2019_MPO,2018-12-07,2018,36.03479,-86.78331,True,0,0,0,,,,,,,,
102241974,Crashes_2010_2019_MPO,2018-12-07,2018,35.94616,-86.80856,False,0,0,0,,,,,,,,
102238274,Crashes_2010_2019_MPO,2018-12-07,2018,35.95209,-86.81805,False,0,0,0,,,,,,,,
102237882,Crashes_2010_2019_MPO,2018-12-07,2018,36.04922,-86.81614,False,0,0,0,,,,,,,,
102238597,Crashes_2010_2019_MPO,2018-12-07,2018,35.92391,-86.87162,False,0,0,0,,,,,,,,
102239928,Crashes_2010_2019_MPO,2018-12-07,2018,35.96019,-86.80994,False,0,0,0,,,,,,,,
102239850,Crashes_2010_2019_MPO,2018-12-07,2018,35.9605,-86.81179,False,0,0,0,,,,,,,,
102240471,Crashes_2010_2019_MPO,2018-12-07,2018,35.99379,-86.70032,True,0,0,0,,,,,,,,
102239394,Crashes_2010_2019_MPO,2018-12-07,2018,35.96518,-86.80029,True,0,0,0,,,,,,,,
102239025,Crashes_2010_2019_MPO,2018-12-07,2018,35.9361,-86.81829,False,0,0,0,,,,,,,,
102238275,Crashes_2010_2019_MPO,2018-12-07,2018,36.05191,-86.68293,False,0,0,0,,,,,,,,
102238878,Crashes_2010_2019_MPO,2018-12-07,2018,36.04091,-86.77938,False,0,0,0,,,,,,,,
102238990,Crashes_2010_2019_MPO,2018-12-07,2018,35.98701,-86.68056,False,0,0,0,,,,,,,,
102238865,Crashes_2010_2019_MPO,2018-12-07,2018,35.99603,-86.69074,False,0,0,0,,,,,,,,
102238976,Crashes_2010_2019_MPO,2018-12-07,2018,36.04583,-86.69116,False,0,0,1,,,,,,,,
102239064,Crashes_2010_2019_MPO,2018-12-07,2018,36.03979,-86.74621,False,0,0,0,,,,,,,,
102239794,Crashes_2010_2019_MPO,2018-12-08,2018,35.93479,-86.77732,False,0,0,0,,,,,,,,
102240062,Crashes_2010_2019_MPO,2018-12-08,2018,36.03511,-86.6775,False,0,0,0,,,,,,,,
102240102,Crashes_2010_2019_MPO,2018-12-08,2018,35.96518,-86.80029,True,0,0,0,,,,,,,,
102240134,Crashes_2010_2019_MPO,2018-12-08,2018,36.01316,-86.8015,True,0,0,0,,,,,,,,
102240920,Crashes_2010_2019_MPO,2018-12-08,2018,35.95369,-86.81357,False,0,0,0,,,,,,,,
102240196,Crashes_2010_2019_MPO,2018-12-08,2018,35.92738,-86.8687,False,0,0,0,,,,,,,,
102239346,Crashes_2010_2019_MPO,2018-12-08,2018,36.01058,-86.78531,True,0,0,0,,,,,,,,
102239887,Crashes_2010_2019_MPO,2018-12-08,2018,36.03914,-86.78234,False,0,0,0,,,,,,,,
102249334,Crashes_2010_2019_MPO,2018-12-08,2018,35.93407,-86.85229,False,0,0,0,,,,,,,,
102239395,Crashes_2010_2019_MPO,2018-12-08,2018,36.05153,-86.74152,False,0,0,0,,,,,,,,
102240197,Crashes_2010_2019_MPO,2018-12-08,2018,36.04548,-86.71207,False,0,1,0,,,,,,,,
102240005,Crashes_2010_2019_MPO,2018-12-08,2018,36.0465,-86.7134,False,0,0,0,,,,,,,,
102240235,Crashes_2010_2019_MPO,2018-12-08,2018,35.95209,-86.81805,False,0,0,0,,,,,,,,
102240290,Crashes_2010_2019_MPO,2018-12-08,2018,35.998264,-86.79595,True,0,0,0,,,,,,,,
102241019,Crashes_2010_2019_MPO,2018-12-09,2018,35.93479,-86.77732,False,0,0,0,,,,,,,,
102240657,Crashes_2010_2019_MPO,2018-12-09,2018,36.03283,-86.71285,False,0,0,0,,,,,,,,
102241034,Crashes_2010_2019_MPO,2018-12-09,2018,36.04668,-86.72506,False,0,0,0,,,,,,,,
102240952,Crashes_2010_2019_MPO,2018-12-09,2018,36.0243,-86.74239,False,0,0,0,,,,,,,,
102248602,Crashes_2010_2019_MPO,2018-12-09,2018,35.95212,-86.81784,False,0,0,0,,,,,,,,
102240379,Crashes_2010_2019_MPO,2018-12-09,2018,36.04537,-86.71326,False,0,0,0,,,,,,,,
102240754,Crashes_2010_2019_MPO,2018-12-09,2018,36.04065,-86.77984,False,0,0,0,,,,,,,,
102241597,Crashes_2010_2019_MPO,2018-12-10,2018,36.03904,-86.7825,False,0,0,0,,,,,,,,
102246089,Crashes_2010_2019_MPO,2018-12-10,2018,36.03557,-86.78745,True,0,0,0,,,,,,,,
102241571,Crashes_2010_2019_MPO,2018-12-10,2018,36.03583,-86.78729,True,0,0,0,,,,,,,,
102241266,Crashes_2010_2019_MPO,2018-12-10,2018,35.94814,-86.81749,False,0,0,0,,,,,,,,
102241852,Crashes_2010_2019_MPO,2018-12-10,2018,36.00522,-86.79007,True,0,0,0,,,,,,,,
102241547,Crashes_2010_2019_MPO,2018-12-10,2018,35.96562,-86.81146,False,0,0,0,,,,,,,,
102241798,Crashes_2010_2019_MPO,2018-12-10,2018,35.9675,-86.81624,True,0,0,0,,,,,,,,
102241482,Crashes_2010_2019_MPO,2018-12-10,2018,35.99586,-86.68747,False,0,0,0,,,,,,,,
102241637,Crashes_2010_2019_MPO,2018-12-10,2018,35.94631,-86.8236,False,0,0,0,,,,,,,,
102243733,Crashes_2010_2019_MPO,2018-12-10,2018,35.95891,-86.81612,False,0,0,0,,,,,,,,
102241212,Crashes_2010_2019_MPO,2018-12-10,2018,35.93431,-86.82401,False,0,0,0,,,,,,,,
102241898,Crashes_2010_2019_MPO,2018-12-10,2018,35.97961,-86.80527,True,0,0,0,,,,,,,,
102242359,Crashes_2010_2019_MPO,2018-12-10,2018,35.9667,-86.81121,True,0,0,0,,,,,,,,
102241230,Crashes_2010_2019_MPO,2018-12-10,2018,35.95657,-86.76736,True,0,0,0,,,,,,,,
102241213,Crashes_2010_2019_MPO,2018-12-10,2018,35.99758,-86.79682,True,0,0,0,,,,,,,,
102242204,Crashes_2010_2019_MPO,2018-12-10,2018,35.96644,-86.80933,True,0,0,0,,,,,,,,
102242386,Crashes_2010_2019_MPO,2018-12-11,2018,35.96608,-86.8074,True,0,0,1,,,,,,,,
102243022,Crashes_2010_2019_MPO,2018-12-11,2018,36.0118,-86.7851,True,0,0,0,,,,,,,,
102243365,Crashes_2010_2019_MPO,2018-12-11,2018,35.97241,-86.67846,False,0,0,0,,,,,,,,
102243030,Crashes_2010_2019_MPO,2018-12-11,2018,35.96369,-86.83927,False,0,0,0,,,,,,,,
102242775,Crashes_2010_2019_MPO,2018-12-11,2018,35.98545,-86.80092,True,0,0,0,,,,,,,,
102244325,Crashes_2010_2019_MPO,2018-12-11,2018,36.01764,-86.7863,True,0,0,0,,,,,,,,
102242511,Crashes_2010_2019_MPO,2018-12-11,2018,35.96444,-86.78852,True,0,0,0,,,,,,,,
102243029,Crashes_2010_2019_MPO,2018-12-11,2018,35.96,-86.84127,False,0,0,1,,,,,,,,
102244059,Crashes_2010_2019_MPO,2018-12-11,2018,35.95581,-86.84452,False,0,0,0,,,,,,,,
102242569,Crashes_2010_2019_MPO,2018-12-11,2018,35.98835,-86.68124,False,0,0,0,,,,,,,,
102242996,Crashes_2010_2019_MPO,2018-12-11,2018,35.9667,-86.81121,True,0,0,0,,,,,,,,
102244057,Crashes_2010_2019_MPO,2018-12-11,2018,35.94631,-86.8236,False,0,0,0,,,,,,,,
102243734,Crashes_2010_2019_MPO,2018-12-11,2018,35.96391,-86.81026,False,0,0,0,,,,,,,,
102244052,Crashes_2010_2019_MPO,2018-12-12,2018,36.04263,-86.82735,False,0,0,0,,,,,,,,
102244180,Crashes_2010_2019_MPO,2018-12-12,2018,35.93812,-86.82194,False,0,0,0,,,,,,,,
102243916,Crashes_2010_2019_MPO,2018-12-12,2018,36.05116,-86.74077,False,0,0,0,,,,,,,,
102244346,Crashes_2010_2019_MPO,2018-12-12,2018,36.04537,-86.71326,False,0,0,0,,,,,,,,
102244204,Crashes_2010_2019_MPO,2018-12-12,2018,35.93557,-86.82364,False,0,0,0,,,,,,,,
102244229,Crashes_2010_2019_MPO,2018-12-12,2018,36.03985,-86.7684,False,0,0,0,,,,,,,,
102244389,Crashes_2010_2019_MPO,2018-12-12,2018,35.99701,-86.69008,False,0,0,0,,,,,,,,
102245333,Crashes_2010_2019_MPO,2018-12-12,2018,35.9518,-86.81794,False,0,0,0,,,,,,,,
102243592,Crashes_2010_2019_MPO,2018-12-12,2018,35.99418,-86.7979,True,0,0,0,,,,,,,,
102243546,Crashes_2010_2019_MPO,2018-12-12,2018,35.9463,-86.8085,False,0,0,0,,,,,,,,
102247267,Crashes_2010_2019_MPO,2018-12-12,2018,36.03605,-86.802316,True,0,0,0,,,,,,,,
102244135,Crashes_2010_2019_MPO,2018-12-12,2018,36.0338,-86.79497,True,0,0,0,,,,,,,,
102243962,Crashes_2010_2019_MPO,2018-12-12,2018,35.9463,-86.8085,False,0,0,0,,,,,,,,
102244492,Crashes_2010_2019_MPO,2018-12-12,2018,36.0117,-86.78511,True,0,0,0,,,,,,,,
102244886,Crashes_2010_2019_MPO,2018-12-13,2018,36.03993,-86.74225,False,0,0,0,,,,,,,,
102245563,Crashes_2010_2019_MPO,2018-12-13,2018,35.92827,-86.76709,False,0,0,0,,,,,,,,
102245088,Crashes_2010_2019_MPO,2018-12-13,2018,35.94833,-86.69469,False,0,0,0,,,,,,,,
102245338,Crashes_2010_2019_MPO,2018-12-13,2018,36.03322,-86.78319,True,0,0,0,,,,,,,,
102244716,Crashes_2010_2019_MPO,2018-12-13,2018,36.04396,-86.71311,False,0,0,0,,,,,,,,
102246485,Crashes_2010_2019_MPO,2018-12-13,2018,36.036,-86.78719,True,0,0,0,,,,,,,,
102245309,Crashes_2010_2019_MPO,2018-12-13,2018,35.95212,-86.81784,False,0,0,0,,,,,,,,
102252797,Crashes_2010_2019_MPO,2018-12-13,2018,35.98863,-86.79982,True,0,0,0,,,,,,,,
102245326,Crashes_2010_2019_MPO,2018-12-13,2018,35.98108,-86.84628,False,0,0,0,,,,,,,,
102244637,Crashes_2010_2019_MPO,2018-12-13,2018,35.95695,-86.76746,True,0,0,0,,,,,,,,
102245428,Crashes_2010_2019_MPO,2018-12-13,2018,36.02015,-86.74731,False,0,0,0,,,,,,,,
102247425,Crashes_2010_2019_MPO,2018-12-13,2018,35.9928,-86.7987,True,0,0,0,,,,,,,,