record_no,source_layer,collision_ts,crash_year,latitude,longitude,in_city,fatalities,non_motorists,truck_involved,serious_injuries,pedestrian,bicycle,crash_type,manner_of_collision,lighting,weather,first_harmful_event
102245082,Crashes_2010_2019_MPO,2018-12-13,2018,36.03135,-86.75441,False,0,0,0,,,,,,,,
102251276,Crashes_2010_2019_MPO,2018-12-13,2018,35.95853,-86.81052,False,0,0,0,,,,,,,,
102244762,Crashes_2010_2019_MPO,2018-12-13,2018,35.97866,-86.80351,True,0,0,0,,,,,,,,
102245252,Crashes_2010_2019_MPO,2018-12-13,2018,35.92314,-86.87106,False,0,0,0,,,,,,,,
102246622,Crashes_2010_2019_MPO,2018-12-14,2018,35.96198,-86.81518,False,0,0,0,,,,,,,,
102246623,Crashes_2010_2019_MPO,2018-12-14,2018,35.93102,-86.8635,False,0,0,0,,,,,,,,
102247356,Crashes_2010_2019_MPO,2018-12-14,2018,35.99604,-86.79726,True,0,0,0,,,,,,,,
102246657,Crashes_2010_2019_MPO,2018-12-14,2018,36.04544,-86.70384,False,0,0,0,,,,,,,,
102245900,Crashes_2010_2019_MPO,2018-12-14,2018,35.95048,-86.76589,True,0,0,0,,,,,,,,
102246461,Crashes_2010_2019_MPO,2018-12-14,2018,35.95669,-86.81687,False,0,0,0,,,,,,,,
102246314,Crashes_2010_2019_MPO,2018-12-14,2018,36.03793,-86.78645,False,0,0,0,,,,,,,,
102245744,Crashes_2010_2019_MPO,2018-12-14,2018,35.99525,-86.70156,True,0,0,0,,,,,,,,
102250707,Crashes_2010_2019_MPO,2018-12-14,2018,35.94786,-86.8187,False,0,0,0,,,,,,,,
102245944,Crashes_2010_2019_MPO,2018-12-14,2018,36.01511,-86.73575,False,0,0,0,,,,,,,,
102246850,Crashes_2010_2019_MPO,2018-12-14,2018,35.95209,-86.81805,False,0,0,0,,,,,,,,
102246842,Crashes_2010_2019_MPO,2018-12-14,2018,36.01238,-86.70361,False,0,0,0,,,,,,,,
102250236,Crashes_2010_2019_MPO,2018-12-14,2018,35.93287,-86.78346,False,0,0,0,,,,,,,,
102248927,Crashes_2010_2019_MPO,2018-12-14,2018,36.00379,-86.79122,True,0,0,0,,,,,,,,
102246195,Crashes_2010_2019_MPO,2018-12-14,2018,36.01371,-86.73828,False,0,0,0,,,,,,,,
102246593,Crashes_2010_2019_MPO,2018-12-14,2018,35.96476,-86.81512,True,0,0,0,,,,,,,,
102246563,Crashes_2010_2019_MPO,2018-12-14,2018,35.9667,-86.81121,True,0,0,0,,,,,,,,
102245829,Crashes_2010_2019_MPO,2018-12-14,2018,35.99411,-86.76348,True,0,0,0,,,,,,,,
102246588,Crashes_2010_2019_MPO,2018-12-14,2018,35.96172,-86.80176,True,0,0,0,,,,,,,,
102247278,Crashes_2010_2019_MPO,2018-12-14,2018,36.04149,-86.71098,False,0,0,0,,,,,,,,
102258006,Crashes_2010_2019_MPO,2018-12-14,2018,35.92652,-86.73092,False,0,0,0,,,,,,,,
102249074,Crashes_2010_2019_MPO,2018-12-14,2018,35.94687,-86.85168,False,0,0,0,,,,,,,,
102245911,Crashes_2010_2019_MPO,2018-12-14,2018,35.92548,-86.86836,False,0,0,0,,,,,,,,
102246594,Crashes_2010_2019_MPO,2018-12-14,2018,36.03362,-86.78039,True,0,0,0,,,,,,,,
102254685,Crashes_2010_2019_MPO,2018-12-15,2018,36.02273,-86.78701,True,0,0,0,,,,,,,,
102247539,Crashes_2010_2019_MPO,2018-12-15,2018,35.92598,-86.86728,False,0,0,0,,,,,,,,
102248491,Crashes_2010_2019_MPO,2018-12-15,2018,36.03319,-86.7876,True,0,0,0,,,,,,,,
102247608,Crashes_2010_2019_MPO,2018-12-15,2018,35.93132,-86.87725,False,0,0,0,,,,,,,,
102247039,Crashes_2010_2019_MPO,2018-12-15,2018,36.01486,-86.73347,False,0,0,0,,,,,,,,
102247170,Crashes_2010_2019_MPO,2018-12-15,2018,36.04074,-86.78273,False,0,0,0,,,,,,,,
102247481,Crashes_2010_2019_MPO,2018-12-15,2018,35.92957,-86.84187,False,0,0,0,,,,,,,,
102247840,Crashes_2010_2019_MPO,2018-12-15,2018,36.04771,-86.8642,False,0,0,0,,,,,,,,
102247140,Crashes_2010_2019_MPO,2018-12-15,2018,36.04305,-86.6912,False,0,0,0,,,,,,,,
102247360,Crashes_2010_2019_MPO,2018-12-15,2018,35.97334,-86.83305,True,0,0,0,,,,,,,,
102247409,Crashes_2010_2019_MPO,2018-12-15,2018,35.93215,-86.79441,False,0,0,0,,,,,,,,
102247630,Crashes_2010_2019_MPO,2018-12-15,2018,36.02552,-86.71204,False,0,0,0,,,,,,,,
102247778,Crashes_2010_2019_MPO,2018-12-15,2018,35.95639,-86.84406,False,0,0,0,,,,,,,,
102248419,Crashes_2010_2019_MPO,2018-12-16,2018,35.94175,-86.82119,False,0,0,0,,,,,,,,
102248506,Crashes_2010_2019_MPO,2018-12-16,2018,36.0405,-86.77028,False,0,0,0,,,,,,,,
102248417,Crashes_2010_2019_MPO,2018-12-16,2018,35.96133,-86.81226,False,0,0,0,,,,,,,,
102248283,Crashes_2010_2019_MPO,2018-12-16,2018,36.02701,-86.79223,True,0,0,0,,,,,,,,
102248048,Crashes_2010_2019_MPO,2018-12-16,2018,36.04629,-86.71337,False,0,0,0,,,,,,,,
102248236,Crashes_2010_2019_MPO,2018-12-16,2018,35.93292,-86.81159,False,0,0,0,,,,,,,,
102248536,Crashes_2010_2019_MPO,2018-12-16,2018,36.04551,-86.71181,False,0,0,0,,,,,,,,
102248049,Crashes_2010_2019_MPO,2018-12-16,2018,36.04113,-86.77613,False,0,0,0,,,,,,,,
102248180,Crashes_2010_2019_MPO,2018-12-16,2018,36.03568,-86.68253,False,0,0,0,,,,,,,,
102248560,Crashes_2010_2019_MPO,2018-12-16,2018,36.04059,-86.77107,False,0,0,0,,,,,,,,
102249575,Crashes_2010_2019_MPO,2018-12-17,2018,35.93306,-86.81184,False,0,0,0,,,,,,,,
102249004,Crashes_2010_2019_MPO,2018-12-17,2018,36.05165,-86.7756,False,0,0,0,,,,,,,,
102266180,Crashes_2010_2019_MPO,2018-12-17,2018,36.03122,-86.87558,False,0,0,0,,,,,,,,
102250032,Crashes_2010_2019_MPO,2018-12-17,2018,36.03319,-86.7876,True,0,0,0,,,,,,,,
102250624,Crashes_2010_2019_MPO,2018-12-17,2018,35.96518,-86.80029,True,0,0,0,,,,,,,,
102248962,Crashes_2010_2019_MPO,2018-12-17,2018,36.05402,-86.74284,False,0,0,0,,,,,,,,
102249218,Crashes_2010_2019_MPO,2018-12-17,2018,35.967752,-86.808094,True,0,0,0,,,,,,,,
102249684,Crashes_2010_2019_MPO,2018-12-17,2018,36.0023,-86.87751,False,0,0,0,,,,,,,,
102249613,Crashes_2010_2019_MPO,2018-12-17,2018,35.99465,-86.79799,True,0,0,0,,,,,,,,
102250705,Crashes_2010_2019_MPO,2018-12-17,2018,35.94449,-86.81981,False,0,0,0,,,,,,,,
102249014,Crashes_2010_2019_MPO,2018-12-17,2018,36.04785,-86.86472,False,0,0,0,,,,,,,,
102249553,Crashes_2010_2019_MPO,2018-12-17,2018,36.03323,-86.78879,True,0,0,0,,,,,,,,
102250602,Crashes_2010_2019_MPO,2018-12-17,2018,36.01301,-86.78112,True,0,0,0,,,,,,,,
102249219,Crashes_2010_2019_MPO,2018-12-17,2018,36.03527,-86.81311,True,0,0,0,,,,,,,,
102250647,Crashes_2010_2019_MPO,2018-12-18,2018,35.93588,-86.8259,False,0,0,0,,,,,,,,
102250342,Crashes_2010_2019_MPO,2018-12-18,2018,35.95689,-86.80329,False,0,0,0,,,,,,,,
102253617,Crashes_2010_2019_MPO,2018-12-18,2018,35.95212,-86.81784,False,0,0,0,,,,,,,,
102250709,Crashes_2010_2019_MPO,2018-12-18,2018,35.94583,-86.82453,False,0,0,0,,,,,,,,
102255943,Crashes_2010_2019_MPO,2018-12-18,2018,35.97334,-86.83305,True,0,0,0,,,,,,,,
102250830,Crashes_2010_2019_MPO,2018-12-18,2018,35.95809,-86.76774,True,0,0,0,,,,,,,,
102250877,Crashes_2010_2019_MPO,2018-12-18,2018,35.96659,-86.81371,True,0,0,0,,,,,,,,
102250155,Crashes_2010_2019_MPO,2018-12-18,2018,35.94687,-86.85168,False,0,0,0,,,,,,,,
102250064,Crashes_2010_2019_MPO,2018-12-18,2018,35.94604,-86.8086,False,0,0,0,,,,,,,,
102250096,Crashes_2010_2019_MPO,2018-12-18,2018,35.94676,-86.81119,False,0,0,0,,,,,,,,
102250773,Crashes_2010_2019_MPO,2018-12-18,2018,35.966506,-86.810154,True,0,0,0,,,,,,,,
102251731,Crashes_2010_2019_MPO,2018-12-18,2018,36.03336,-86.78872,True,0,0,0,,,,,,,,
102250819,Crashes_2010_2019_MPO,2018-12-18,2018,36.04015,-86.78076,False,0,0,0,,,,,,,,
102250640,Crashes_2010_2019_MPO,2018-12-18,2018,36.02371,-86.71273,False,0,0,0,,,,,,,,
102250612,Crashes_2010_2019_MPO,2018-12-18,2018,35.93682,-86.69374,False,0,0,0,,,,,,,,
102250184,Crashes_2010_2019_MPO,2018-12-18,2018,35.97256,-86.83373,False,0,0,0,,,,,,,,
102250631,Crashes_2010_2019_MPO,2018-12-18,2018,36.02673,-86.81839,True,0,0,0,,,,,,,,
102250809,Crashes_2010_2019_MPO,2018-12-18,2018,36.03274,-86.80279,True,0,0,0,,,,,,,,
102251122,Crashes_2010_2019_MPO,2018-12-18,2018,36.03327,-86.7839,True,0,0,0,,,,,,,,
102250438,Crashes_2010_2019_MPO,2018-12-18,2018,36.03917,-86.74342,False,0,0,0,,,,,,,,
102250056,Crashes_2010_2019_MPO,2018-12-18,2018,36.04441,-86.78039,False,0,0,0,,,,,,,,
102251920,Crashes_2010_2019_MPO,2018-12-19,2018,35.9448,-86.8203,False,0,0,0,,,,,,,,
102251363,Crashes_2010_2019_MPO,2018-12-19,2018,36.0512,-86.77562,False,0,0,0,,,,,,,,
102252053,Crashes_2010_2019_MPO,2018-12-19,2018,36.03861,-86.78323,False,0,0,0,,,,,,,,
102251918,Crashes_2010_2019_MPO,2018-12-19,2018,35.92326,-86.8363,False,0,0,0,,,,,,,,
102251161,Crashes_2010_2019_MPO,2018-12-19,2018,36.03066,-86.78358,True,0,0,0,,,,,,,,
102251798,Crashes_2010_2019_MPO,2018-12-19,2018,35.99616,-86.78551,True,0,0,0,,,,,,,,
102251449,Crashes_2010_2019_MPO,2018-12-19,2018,36.04472,-86.72487,False,0,0,0,,,,,,,,
102255059,Crashes_2010_2019_MPO,2018-12-19,2018,35.93773,-86.82098,False,0,1,0,,,,,,,,
102255392,Crashes_2010_2019_MPO,2018-12-19,2018,35.97776,-86.80359,True,0,0,0,,,,,,,,
102258295,Crashes_2010_2019_MPO,2018-12-19,2018,35.99573,-86.77891,True,0,0,0,,,,,,,,
102252051,Crashes_2010_2019_MPO,2018-12-19,2018,36.03756,-86.78536,False,0,0,0,,,,,,,,
102251242,Crashes_2010_2019_MPO,2018-12-19,2018,36.0374,-86.78657,False,0,0,0,,,,,,,,
102251865,Crashes_2010_2019_MPO,2018-12-19,2018,36.04855,-86.7245,False,0,0,1,,,,,,,,
102252499,Crashes_2010_2019_MPO,2018-12-19,2018,35.94965,-86.81399,False,0,0,0,,,,,,,,
102252052,Crashes_2010_2019_MPO,2018-12-19,2018,36.03743,-86.78637,False,0,0,0,,,,,,,,
102251273,Crashes_2010_2019_MPO,2018-12-19,2018,35.965669,-86.805782,False,0,0,0,,,,,,,,
102251922,Crashes_2010_2019_MPO,2018-12-19,2018,35.94669,-86.82214,False,0,0,0,,,,,,,,
102251292,Crashes_2010_2019_MPO,2018-12-19,2018,36.04166,-86.78243,False,0,0,1,,,,,,,,
102252732,Crashes_2010_2019_MPO,2018-12-20,2018,36.0244,-86.79371,True,0,0,0,,,,,,,,
102252394,Crashes_2010_2019_MPO,2018-12-20,2018,35.97263,-86.86742,False,0,0,0,,,,,,,,
102252787,Crashes_2010_2019_MPO,2018-12-20,2018,35.96502,-86.79453,True,0,0,0,,,,,,,,
102253648,Crashes_2010_2019_MPO,2018-12-20,2018,35.96174,-86.80191,True,0,0,0,,,,,,,,
102253181,Crashes_2010_2019_MPO,2018-12-20,2018,35.9834,-86.8019,True,0,0,0,,,,,,,,
102253038,Crashes_2010_2019_MPO,2018-12-20,2018,35.9699,-86.80631,True,0,0,0,,,,,,,,
102252498,Crashes_2010_2019_MPO,2018-12-20,2018,35.94175,-86.82119,False,0,0,0,,,,,,,,
102253621,Crashes_2010_2019_MPO,2018-12-20,2018,35.95411,-86.81203,False,0,0,0,,,,,,,,
102252974,Crashes_2010_2019_MPO,2018-12-20,2018,35.93058,-86.86388,False,0,0,0,,,,,,,,
102252697,Crashes_2010_2019_MPO,2018-12-20,2018,35.9841,-86.8015,True,0,0,0,,,,,,,,
102252443,Crashes_2010_2019_MPO,2018-12-20,2018,36.03746,-86.7909,False,0,0,0,,,,,,,,
102254099,Crashes_2010_2019_MPO,2018-12-20,2018,35.92546,-86.87275,False,0,0,0,,,,,,,,
102252777,Crashes_2010_2019_MPO,2018-12-20,2018,35.9667,-86.81121,True,0,0,0,,,,,,,,
102253056,Crashes_2010_2019_MPO,2018-12-20,2018,36.01412,-86.70481,False,0,0,0,,,,,,,,
102252464,Crashes_2010_2019_MPO,2018-12-20,2018,35.9654,-86.70256,False,0,0,0,,,,,,,,
102253665,Crashes_2010_2019_MPO,2018-12-20,2018,35.96477,-86.81514,True,0,0,0,,,,,,,,
102252984,Crashes_2010_2019_MPO,2018-12-20,2018,35.94687,-86.82173,False,0,0,0,,,,,,,,
102256633,Crashes_2010_2019_MPO,2018-12-20,2018,35.95902,-86.81609,False,0,0,0,,,,,,,,
102252718,Crashes_2010_2019_MPO,2018-12-20,2018,35.96047,-86.81168,False,0,0,0,,,,,,,,
102253121,Crashes_2010_2019_MPO,2018-12-20,2018,36.0403,-86.7451,False,0,0,0,,,,,,,,
102256600,Crashes_2010_2019_MPO,2018-12-21,2018,35.98595,-86.80099,True,0,0,0,,,,,,,,
102256599,Crashes_2010_2019_MPO,2018-12-21,2018,36.02664,-86.78974,True,0,0,0,,,,,,,,
102254642,Crashes_2010_2019_MPO,2018-12-21,2018,35.96326,-86.80088,True,0,0,0,,,,,,,,
102253502,Crashes_2010_2019_MPO,2018-12-21,2018,36.04001,-86.74347,False,0,0,0,,,,,,,,
102253566,Crashes_2010_2019_MPO,2018-12-21,2018,36.03323,-86.78783,True,0,0,0,,,,,,,,
102253370,Crashes_2010_2019_MPO,2018-12-21,2018,36.03528,-86.74987,False,0,0,0,,,,,,,,
102253849,Crashes_2010_2019_MPO,2018-12-21,2018,36.02644,-86.79255,True,0,0,1,,,,,,,,
102253892,Crashes_2010_2019_MPO,2018-12-21,2018,35.96559,-86.81146,False,0,0,0,,,,,,,,
102258167,Crashes_2010_2019_MPO,2018-12-21,2018,36.04537,-86.71326,False,0,0,1,,,,,,,,
102254268,Crashes_2010_2019_MPO,2018-12-21,2018,35.9583,-86.8023,False,0,0,0,,,,,,,,
102254619,Crashes_2010_2019_MPO,2018-12-21,2018,36.04012,-86.78074,False,0,0,0,,,,,,,,
102254341,Crashes_2010_2019_MPO,2018-12-21,2018,36.0465,-86.7134,False,0,0,0,,,,,,,,
102257071,Crashes_2010_2019_MPO,2018-12-21,2018,35.96162,-86.71068,True,0,0,0,,,,,,,,
102254282,Crashes_2010_2019_MPO,2018-12-21,2018,36.01379,-86.83749,True,0,0,0,,,,,,,,
102254421,Crashes_2010_2019_MPO,2018-12-21,2018,35.96604,-86.80723,True,0,0,0,,,,,,,,
102253704,Crashes_2010_2019_MPO,2018-12-21,2018,36.03737,-86.78693,False,0,0,0,,,,,,,,
102254409,Crashes_2010_2019_MPO,2018-12-21,2018,35.92383,-86.76681,False,0,0,0,,,,,,,,
102254266,Crashes_2010_2019_MPO,2018-12-21,2018,35.99771,-86.79795,True,0,0,0,,,,,,,,
102254848,Crashes_2010_2019_MPO,2018-12-21,2018,36.0178,-86.84675,True,0,0,0,,,,,,,,
102253601,Crashes_2010_2019_MPO,2018-12-21,2018,36.01326,-86.70422,False,0,0,0,,,,,,,,
102254345,Crashes_2010_2019_MPO,2018-12-21,2018,36.04034,-86.75211,False,0,0,0,,,,,,,,
102253749,Crashes_2010_2019_MPO,2018-12-21,2018,36.01346,-86.80356,True,0,0,0,,,,,,,,
102254420,Crashes_2010_2019_MPO,2018-12-21,2018,35.9977,-86.79788,True,0,0,0,,,,,,,,
102256191,Crashes_2010_2019_MPO,2018-12-21,2018,35.97771,-86.70227,True,0,0,0,,,,,,,,
102254229,Crashes_2010_2019_MPO,2018-12-21,2018,35.94782,-86.81975,False,0,0,0,,,,,,,,
102254446,Crashes_2010_2019_MPO,2018-12-21,2018,35.97334,-86.83305,True,0,0,0,,,,,,,,
102253772,Crashes_2010_2019_MPO,2018-12-21,2018,35.96766,-86.81738,True,0,0,0,,,,,,,,
102254710,Crashes_2010_2019_MPO,2018-12-21,2018,36.01566,-86.69203,False,0,0,0,,,,,,,,
102254146,Crashes_2010_2019_MPO,2018-12-21,2018,36.01462,-86.70516,False,0,0,0,,,,,,,,
102254284,Crashes_2010_2019_MPO,2018-12-21,2018,35.96059,-86.81519,False,0,0,0,,,,,,,,
102254363,Crashes_2010_2019_MPO,2018-12-21,2018,36.0351,-86.76871,False,0,0,0,,,,,,,,
102254074,Crashes_2010_2019_MPO,2018-12-21,2018,36.03241,-86.76721,False,0,0,0,,,,,,,,
102255356,Crashes_2010_2019_MPO,2018-12-22,2018,36.0473,-86.86274,False,0,0,0,,,,,,,,
102255490,Crashes_2010_2019_MPO,2018-12-22,2018,36.04031,-86.69952,False,0,0,0,,,,,,,,
102255229,Crashes_2010_2019_MPO,2018-12-22,2018,36.04521,-86.70364,False,0,0,0,,,,,,,,
102254919,Crashes_2010_2019_MPO,2018-12-22,2018,36.0374,-86.78657,False,0,0,0,,,,,,,,
102255670,Crashes_2010_2019_MPO,2018-12-22,2018,35.96458,-86.81449,False,0,0,0,,,,,,,,
102255671,Crashes_2010_2019_MPO,2018-12-22,2018,35.94957,-86.81944,False,0,0,0,,,,,,,,
102255186,Crashes_2010_2019_MPO,2018-12-22,2018,35.99285,-86.69327,True,0,0,0,,,,,,,,
102264735,Crashes_2010_2019_MPO,2018-12-23,2018,35.99694,-86.85107,False,0,0,0,,,,,,,,
102256003,Crashes_2010_2019_MPO,2018-12-23,2018,36.05151,-86.71436,False,0,0,0,,,,,,,,
102316452,Crashes_2010_2019_MPO,2018-12-23,2018,35.94278,-86.8179,False,0,1,0,,,,,,,,
102255773,Crashes_2010_2019_MPO,2018-12-23,2018,35.95048,-86.76617,True,0,0,0,,,,,,,,
102256109,Crashes_2010_2019_MPO,2018-12-23,2018,35.94167,-86.81611,False,0,0,0,,,,,,,,
102255959,Crashes_2010_2019_MPO,2018-12-23,2018,36.04487,-86.72468,False,0,0,0,,,,,,,,
102256108,Crashes_2010_2019_MPO,2018-12-23,2018,36.05145,-86.70271,False,0,0,0,,,,,,,,
102256457,Crashes_2010_2019_MPO,2018-12-24,2018,35.92585,-86.86758,False,0,0,0,,,,,,,,
102256648,Crashes_2010_2019_MPO,2018-12-24,2018,36.02465,-86.68892,False,0,0,0,,,,,,,,
102264204,Crashes_2010_2019_MPO,2018-12-24,2018,35.95554,-86.81127,False,0,0,0,,,,,,,,
102256841,Crashes_2010_2019_MPO,2018-12-24,2018,36.02814,-86.70371,False,0,0,0,,,,,,,,
102256602,Crashes_2010_2019_MPO,2018-12-24,2018,35.96612,-86.80488,True,0,0,0,,,,,,,,
102256608,Crashes_2010_2019_MPO,2018-12-24,2018,36.03104,-86.87565,False,0,0,0,,,,,,,,
102256601,Crashes_2010_2019_MPO,2018-12-24,2018,35.96705,-86.81355,True,0,0,0,,,,,,,,
102257423,Crashes_2010_2019_MPO,2018-12-24,2018,35.92977,-86.83853,False,0,0,0,,,,,,,,
102256715,Crashes_2010_2019_MPO,2018-12-24,2018,36.04128,-86.82206,False,0,0,0,,,,,,,,
102256975,Crashes_2010_2019_MPO,2018-12-25,2018,35.99365,-86.75955,True,0,0,0,,,,,,,,
102257031,Crashes_2010_2019_MPO,2018-12-25,2018,36.05148,-86.77561,False,0,0,0,,,,,,,,
102257319,Crashes_2010_2019_MPO,2018-12-26,2018,35.96589,-86.80316,True,0,0,0,,,,,,,,
102257501,Crashes_2010_2019_MPO,2018-12-26,2018,36.04004,-86.74398,False,0,0,0,,,,,,,,
102257753,Crashes_2010_2019_MPO,2018-12-26,2018,35.95198,-86.81788,False,0,0,0,,,,,,,,
102257736,Crashes_2010_2019_MPO,2018-12-26,2018,36.04543,-86.70361,False,0,0,0,,,,,,,,
102258403,Crashes_2010_2019_MPO,2018-12-26,2018,35.96504,-86.81374,False,0,0,0,,,,,,,,
102257676,Crashes_2010_2019_MPO,2018-12-26,2018,35.96454,-86.81434,False,0,0,0,,,,,,,,
102258452,Crashes_2010_2019_MPO,2018-12-27,2018,35.95051,-86.76622,True,0,0,0,,,,,,,,
102258784,Crashes_2010_2019_MPO,2018-12-27,2018,36.03943,-86.71282,False,0,0,0,,,,,,,,
102258735,Crashes_2010_2019_MPO,2018-12-27,2018,36.0326,-86.7837,True,0,0,0,,,,,,,,
102258248,Crashes_2010_2019_MPO,2018-12-27,2018,36.05058,-86.7141,False,0,0,0,,,,,,,,
102258710,Crashes_2010_2019_MPO,2018-12-27,2018,36.03397,-86.80164,True,0,0,0,,,,,,,,
102258304,Crashes_2010_2019_MPO,2018-12-27,2018,36.03893,-86.7129,False,0,0,0,,,,,,,,
102258466,Crashes_2010_2019_MPO,2018-12-27,2018,36.0443,-86.71314,False,0,0,0,,,,,,,,
102258276,Crashes_2010_2019_MPO,2018-12-27,2018,36.03972,-86.7631,False,0,0,0,,,,,,,,
102258756,Crashes_2010_2019_MPO,2018-12-27,2018,35.95648,-86.83741,False,0,0,0,,,,,,,,
102258139,Crashes_2010_2019_MPO,2018-12-27,2018,35.966644,-86.809204,True,0,0,0,,,,,,,,
102259479,Crashes_2010_2019_MPO,2018-12-28,2018,35.96219,-86.81527,False,0,0,0,,,,,,,,
102259981,Crashes_2010_2019_MPO,2018-12-28,2018,36.03846,-86.80411,False,0,0,0,,,,,,,,
102259865,Crashes_2010_2019_MPO,2018-12-28,2018,36.03397,-86.80164,True,0,0,0,,,,,,,,
102259306,Crashes_2010_2019_MPO,2018-12-28,2018,36.0409,-86.77938,False,0,0,0,,,,,,,,
102259790,Crashes_2010_2019_MPO,2018-12-28,2018,36.05451,-86.71529,False,0,0,0,,,,,,,,
102259953,Crashes_2010_2019_MPO,2018-12-28,2018,36.03687,-86.78268,False,0,0,0,,,,,,,,
102259774,Crashes_2010_2019_MPO,2018-12-28,2018,35.94055,-86.83919,False,0,0,0,,,,,,,,
102259557,Crashes_2010_2019_MPO,2018-12-28,2018,35.9668,-86.81192,True,0,0,0,,,,,,,,
102260842,Crashes_2010_2019_MPO,2018-12-29,2018,35.95526,-86.82588,False,0,0,0,,,,,,,,
102260637,Crashes_2010_2019_MPO,2018-12-29,2018,35.94782,-86.81975,False,0,0,0,,,,,,,,
102260908,Crashes_2010_2019_MPO,2018-12-29,2018,35.94678,-86.81959,False,0,0,0,,,,,,,,
102260823,Crashes_2010_2019_MPO,2018-12-29,2018,35.92958,-86.84261,False,0,0,0,,,,,,,,
102260345,Crashes_2010_2019_MPO,2018-12-29,2018,35.9263,-86.72828,False,0,0,0,,,,,,,,
102261975,Crashes_2010_2019_MPO,2018-12-30,2018,36.04026,-86.8164,False,0,0,0,,,,,,,,
102261560,Crashes_2010_2019_MPO,2018-12-30,2018,36.01238,-86.70361,False,0,0,0,,,,,,,,
102261392,Crashes_2010_2019_MPO,2018-12-30,2018,36.04545,-86.70396,False,0,0,0,,,,,,,,
102261978,Crashes_2010_2019_MPO,2018-12-30,2018,36.04543,-86.70361,False,0,0,0,,,,,,,,
102261547,Crashes_2010_2019_MPO,2018-12-30,2018,35.93784,-86.85852,False,0,0,0,,,,,,,,
102264800,Crashes_2010_2019_MPO,2018-12-31,2018,35.96798,-86.81833,True,0,0,0,,,,,,,,
102264956,Crashes_2010_2019_MPO,2018-12-31,2018,35.92427,-86.78919,False,0,0,0,,,,,,,,
102262239,Crashes_2010_2019_MPO,2018-12-31,2018,35.94489,-86.82843,False,0,0,0,,,,,,,,
102264955,Crashes_2010_2019_MPO,2018-12-31,2018,35.94886,-86.83204,False,0,0,0,,,,,,,,
102262663,Crashes_2010_2019_MPO,2018-12-31,2018,35.92565,-86.82195,False,0,0,0,,,,,,,,
102263824,Crashes_2010_2019_MPO,2019-01-01,2019,36.04867,-86.71821,False,0,0,0,,,,,,,,
102263943,Crashes_2010_2019_MPO,2019-01-01,2019,36.04887,-86.71801,False,0,0,0,,,,,,,,
102263575,Crashes_2010_2019_MPO,2019-01-01,2019,35.92902,-86.82051,False,0,0,0,,,,,,,,
102263652,Crashes_2010_2019_MPO,2019-01-01,2019,35.95581,-86.81654,False,0,0,0,,,,,,,,
102264506,Crashes_2010_2019_MPO,2019-01-01,2019,35.96133,-86.81226,False,0,0,1,,,,,,,,
102263084,Crashes_2010_2019_MPO,2019-01-01,2019,35.96233,-86.68829,False,0,0,0,,,,,,,,
102264247,Crashes_2010_2019_MPO,2019-01-02,2019,36.04046,-86.74542,False,0,0,0,,,,,,,,
102264015,Crashes_2010_2019_MPO,2019-01-02,2019,36.04001,-86.74347,False,0,0,0,,,,,,,,
102264437,Crashes_2010_2019_MPO,2019-01-02,2019,36.04149,-86.71098,False,0,0,0,,,,,,,,
102264684,Crashes_2010_2019_MPO,2019-01-02,2019,36.04001,-86.74347,False,0,0,0,,,,,,,,
102264061,Crashes_2010_2019_MPO,2019-01-02,2019,35.92382,-86.87164,False,0,0,0,,,,,,,,
102264496,Crashes_2010_2019_MPO,2019-01-02,2019,35.94648,-86.80925,False,0,0,0,,,,,,,,
102263949,Crashes_2010_2019_MPO,2019-01-02,2019,35.98697,-86.71555,True,0,0,0,,,,,,,,
102264507,Crashes_2010_2019_MPO,2019-01-02,2019,35.94922,-86.81373,False,0,0,0,,,,,,,,
102264553,Crashes_2010_2019_MPO,2019-01-02,2019,36.03262,-86.76948,False,0,0,0,,,,,,,,
102264519,Crashes_2010_2019_MPO,2019-01-02,2019,36.04026,-86.76821,False,0,0,0,,,,,,,,
102264309,Crashes_2010_2019_MPO,2019-01-02,2019,36.03958,-86.78167,False,0,0,0,,,,,,,,
102264246,Crashes_2010_2019_MPO,2019-01-02,2019,36.04043,-86.74536,False,0,0,0,,,,,,,,
102264139,Crashes_2010_2019_MPO,2019-01-02,2019,35.96156,-86.84031,False,0,0,0,,,,,,,,
102264064,Crashes_2010_2019_MPO,2019-01-02,2019,35.96235,-86.80877,False,0,0,0,,,,,,,,
102264508,Crashes_2010_2019_MPO,2019-01-02,2019,35.99785,-86.79925,True,0,0,0,,,,,,,,
102266046,Crashes_2010_2019_MPO,2019-01-03,2019,35.99156,-86.79881,True,0,0,0,,,,,,,,
102265413,Crashes_2010_2019_MPO,2019-01-03,2019,36.04465,-86.78044,False,0,0,0,,,,,,,,
102265178,Crashes_2010_2019_MPO,2019-01-03,2019,35.99265,-86.81267,True,0,0,0,,,,,,,,
102265761,Crashes_2010_2019_MPO,2019-01-03,2019,35.99733,-86.69052,False,0,0,0,,,,,,,,
102266634,Crashes_2010_2019_MPO,2019-01-03,2019,35.92957,-86.84213,False,0,0,0,,,,,,,,
102265933,Crashes_2010_2019_MPO,2019-01-03,2019,35.93541,-86.82372,False,0,0,0,,,,,,,,
102265360,Crashes_2010_2019_MPO,2019-01-03,2019,36.04562,-86.7199,False,0,0,0,,,,,,,,
102269633,Crashes_2010_2019_MPO,2019-01-03,2019,35.98038,-86.87403,False,0,0,0,,,,,,,,
102265932,Crashes_2010_2019_MPO,2019-01-03,2019,35.94517,-86.81513,False,0,0,0,,,,,,,,
102265404,Crashes_2010_2019_MPO,2019-01-03,2019,35.99704,-86.69013,False,0,0,0,,,,,,,,
102264959,Crashes_2010_2019_MPO,2019-01-03,2019,36.00818,-86.78701,True,0,0,0,,,,,,,,
102264889,Crashes_2010_2019_MPO,2019-01-03,2019,36.04258,-86.8299,False,0,0,0,,,,,,,,