record_no,source_layer,collision_ts,crash_year,latitude,longitude,in_city,fatalities,non_motorists,truck_involved,serious_injuries,pedestrian,bicycle,crash_type,manner_of_collision,lighting,weather,first_harmful_event
102265405,Crashes_2010_2019_MPO,2019-01-03,2019,36.01563,-86.69197,False,0,0,0,,,,,,,,
102265451,Crashes_2010_2019_MPO,2019-01-03,2019,36.04545,-86.70397,False,0,0,0,,,,,,,,
102265503,Crashes_2010_2019_MPO,2019-01-03,2019,36.04195,-86.7129,False,0,0,1,,,,,,,,
102266420,Crashes_2010_2019_MPO,2019-01-03,2019,35.96116,-86.8096,False,0,0,1,,,,,,,,
102264930,Crashes_2010_2019_MPO,2019-01-03,2019,36.03737,-86.7869,False,0,0,0,,,,,,,,
102265453,Crashes_2010_2019_MPO,2019-01-03,2019,35.92548,-86.82461,False,0,0,0,,,,,,,,
102265414,Crashes_2010_2019_MPO,2019-01-03,2019,35.98421,-86.72356,True,0,0,0,,,,,,,,
102266621,Crashes_2010_2019_MPO,2019-01-04,2019,35.99734,-86.79486,True,0,0,0,,,,,,,,
102266761,Crashes_2010_2019_MPO,2019-01-04,2019,35.94727,-86.80838,False,0,0,0,,,,,,,,
102266539,Crashes_2010_2019_MPO,2019-01-04,2019,35.99734,-86.79486,True,0,0,0,,,,,,,,
102266600,Crashes_2010_2019_MPO,2019-01-04,2019,35.95776,-86.80257,False,0,0,0,,,,,,,,
102266048,Crashes_2010_2019_MPO,2019-01-04,2019,35.96682,-86.81074,True,0,0,0,,,,,,,,
102267030,Crashes_2010_2019_MPO,2019-01-04,2019,35.96597,-86.82037,True,0,0,0,,,,,,,,
102266007,Crashes_2010_2019_MPO,2019-01-04,2019,36.01559,-86.7406,False,0,0,0,,,,,,,,
102267034,Crashes_2010_2019_MPO,2019-01-04,2019,35.961,-86.68304,False,0,0,0,,,,,,,,
102267726,Crashes_2010_2019_MPO,2019-01-05,2019,36.05366,-86.71502,False,0,0,0,,,,,,,,
102267670,Crashes_2010_2019_MPO,2019-01-05,2019,36.03914,-86.74342,False,0,0,0,,,,,,,,
102267676,Crashes_2010_2019_MPO,2019-01-05,2019,36.03969,-86.73917,False,0,0,1,,,,,,,,
102267685,Crashes_2010_2019_MPO,2019-01-05,2019,35.93894,-86.83838,False,0,0,0,,,,,,,,
102267907,Crashes_2010_2019_MPO,2019-01-05,2019,35.94675,-86.85178,False,0,0,0,,,,,,,,
102266951,Crashes_2010_2019_MPO,2019-01-05,2019,36.02583,-86.69295,False,0,0,0,,,,,,,,
102267605,Crashes_2010_2019_MPO,2019-01-05,2019,36.03948,-86.78177,False,0,0,0,,,,,,,,
102266889,Crashes_2010_2019_MPO,2019-01-05,2019,36.04415,-86.7256,False,0,0,0,,,,,,,,
102267254,Crashes_2010_2019_MPO,2019-01-05,2019,35.95853,-86.83321,False,0,0,0,,,,,,,,
102267683,Crashes_2010_2019_MPO,2019-01-05,2019,35.92566,-86.81679,False,0,0,0,,,,,,,,
102267631,Crashes_2010_2019_MPO,2019-01-05,2019,35.94164,-86.83041,False,0,0,0,,,,,,,,
102269196,Crashes_2010_2019_MPO,2019-01-06,2019,35.93808,-86.8218,False,0,0,0,,,,,,,,
102268687,Crashes_2010_2019_MPO,2019-01-06,2019,35.92976,-86.81347,False,0,0,0,,,,,,,,
102268654,Crashes_2010_2019_MPO,2019-01-06,2019,36.04537,-86.71326,False,0,0,0,,,,,,,,
102268130,Crashes_2010_2019_MPO,2019-01-06,2019,36.05055,-86.87721,False,0,1,0,,,,,,,,
102269213,Crashes_2010_2019_MPO,2019-01-07,2019,35.95183,-86.83199,False,0,0,0,,,,,,,,
102269875,Crashes_2010_2019_MPO,2019-01-07,2019,36.0414,-86.77985,False,0,0,0,,,,,,,,
102269459,Crashes_2010_2019_MPO,2019-01-07,2019,35.92546,-86.87275,False,0,0,0,,,,,,,,
102269173,Crashes_2010_2019_MPO,2019-01-07,2019,35.98381,-86.72184,True,0,0,0,,,,,,,,
102269322,Crashes_2010_2019_MPO,2019-01-07,2019,35.92663,-86.82471,False,0,0,0,,,,,,,,
102269784,Crashes_2010_2019_MPO,2019-01-07,2019,36.04001,-86.74347,False,0,0,0,,,,,,,,
102269813,Crashes_2010_2019_MPO,2019-01-07,2019,36.03985,-86.78113,False,0,0,0,,,,,,,,
102269279,Crashes_2010_2019_MPO,2019-01-07,2019,35.96458,-86.81114,False,0,0,0,,,,,,,,
102269168,Crashes_2010_2019_MPO,2019-01-07,2019,36.04543,-86.7037,False,0,0,1,,,,,,,,
102269748,Crashes_2010_2019_MPO,2019-01-07,2019,35.9865,-86.8008,True,0,0,0,,,,,,,,
102269233,Crashes_2010_2019_MPO,2019-01-07,2019,36.04541,-86.70332,False,0,0,0,,,,,,,,
102269599,Crashes_2010_2019_MPO,2019-01-07,2019,35.94672,-86.85111,False,0,0,0,,,,,,,,
102270884,Crashes_2010_2019_MPO,2019-01-07,2019,35.99772,-86.798,True,0,0,0,,,,,,,,
102269630,Crashes_2010_2019_MPO,2019-01-07,2019,35.98111,-86.84624,False,0,0,0,,,,,,,,
102269795,Crashes_2010_2019_MPO,2019-01-07,2019,35.99863,-86.69234,False,0,0,0,,,,,,,,
102270765,Crashes_2010_2019_MPO,2019-01-08,2019,35.95714,-86.84306,False,0,0,0,,,,,,,,
102270352,Crashes_2010_2019_MPO,2019-01-08,2019,36.00877,-86.81654,True,0,0,0,,,,,,,,
102270637,Crashes_2010_2019_MPO,2019-01-08,2019,35.97318,-86.83242,True,0,0,0,,,,,,,,
102270764,Crashes_2010_2019_MPO,2019-01-08,2019,35.93215,-86.79441,False,0,0,0,,,,,,,,
102271027,Crashes_2010_2019_MPO,2019-01-08,2019,36.03737,-86.78692,False,0,0,0,,,,,,,,
102272390,Crashes_2010_2019_MPO,2019-01-08,2019,35.93293,-86.87891,False,0,0,0,,,,,,,,
102270839,Crashes_2010_2019_MPO,2019-01-08,2019,36.04562,-86.70643,False,0,0,0,,,,,,,,
102271424,Crashes_2010_2019_MPO,2019-01-08,2019,36.03311,-86.78656,True,0,0,0,,,,,,,,
102271025,Crashes_2010_2019_MPO,2019-01-08,2019,36.03767,-86.78651,False,0,0,0,,,,,,,,
102272832,Crashes_2010_2019_MPO,2019-01-09,2019,35.93549,-86.86024,False,0,0,0,,,,,,,,
102271818,Crashes_2010_2019_MPO,2019-01-09,2019,35.93783,-86.87895,False,0,0,0,,,,,,,,
102271530,Crashes_2010_2019_MPO,2019-01-09,2019,35.99368,-86.82906,True,0,0,1,,,,,,,,
102271822,Crashes_2010_2019_MPO,2019-01-09,2019,35.98839,-86.81552,True,0,0,0,,,,,,,,
102271452,Crashes_2010_2019_MPO,2019-01-09,2019,36.03735,-86.78713,False,0,0,0,,,,,,,,
102271240,Crashes_2010_2019_MPO,2019-01-09,2019,35.99156,-86.79881,True,0,0,0,,,,,,,,
102271513,Crashes_2010_2019_MPO,2019-01-09,2019,35.93191,-86.794,False,0,0,0,,,,,,,,
102272703,Crashes_2010_2019_MPO,2019-01-09,2019,36.02606,-86.87904,False,0,0,0,,,,,,,,
102271793,Crashes_2010_2019_MPO,2019-01-09,2019,36.0317,-86.81763,True,0,0,0,,,,,,,,
102271340,Crashes_2010_2019_MPO,2019-01-09,2019,35.92472,-86.87428,False,0,0,0,,,,,,,,
102271233,Crashes_2010_2019_MPO,2019-01-09,2019,36.0374,-86.78657,False,0,0,0,,,,,,,,
102272029,Crashes_2010_2019_MPO,2019-01-09,2019,36.05474,-86.70645,False,0,0,1,,,,,,,,
102271657,Crashes_2010_2019_MPO,2019-01-09,2019,35.94114,-86.83623,False,0,0,0,,,,,,,,
102272928,Crashes_2010_2019_MPO,2019-01-10,2019,35.94549,-86.80878,False,0,0,0,,,,,,,,
102272845,Crashes_2010_2019_MPO,2019-01-10,2019,36.00342,-86.69305,False,0,0,0,,,,,,,,
102272459,Crashes_2010_2019_MPO,2019-01-10,2019,36.0374,-86.78657,False,0,0,0,,,,,,,,
102273857,Crashes_2010_2019_MPO,2019-01-10,2019,35.9976,-86.79699,True,0,0,0,,,,,,,,
102272437,Crashes_2010_2019_MPO,2019-01-10,2019,36.03286,-86.71286,False,0,0,0,,,,,,,,
102272803,Crashes_2010_2019_MPO,2019-01-10,2019,35.98929,-86.70372,True,0,0,0,,,,,,,,
102272929,Crashes_2010_2019_MPO,2019-01-10,2019,35.94925,-86.81944,False,0,0,0,,,,,,,,
102272854,Crashes_2010_2019_MPO,2019-01-10,2019,36.0243,-86.74239,False,0,0,0,,,,,,,,
102272966,Crashes_2010_2019_MPO,2019-01-10,2019,36.03957,-86.86944,False,0,0,0,,,,,,,,
102272313,Crashes_2010_2019_MPO,2019-01-10,2019,36.00689,-86.78802,True,0,0,0,,,,,,,,
102272935,Crashes_2010_2019_MPO,2019-01-10,2019,36.03993,-86.71934,False,0,0,0,,,,,,,,
102275267,Crashes_2010_2019_MPO,2019-01-10,2019,36.03373,-86.78851,True,0,0,0,,,,,,,,
102272917,Crashes_2010_2019_MPO,2019-01-10,2019,35.94916,-86.80734,False,0,0,0,,,,,,,,
102272867,Crashes_2010_2019_MPO,2019-01-10,2019,35.94782,-86.81975,False,0,0,0,,,,,,,,
102274266,Crashes_2010_2019_MPO,2019-01-11,2019,36.0413,-86.71284,False,0,0,0,,,,,,,,
102273434,Crashes_2010_2019_MPO,2019-01-11,2019,36.03435,-86.81721,True,0,0,0,,,,,,,,
102275891,Crashes_2010_2019_MPO,2019-01-11,2019,35.95209,-86.81805,False,0,0,0,,,,,,,,
102273858,Crashes_2010_2019_MPO,2019-01-11,2019,35.97334,-86.83305,True,0,0,0,,,,,,,,
102273504,Crashes_2010_2019_MPO,2019-01-11,2019,36.04441,-86.78039,False,0,0,0,,,,,,,,
102274376,Crashes_2010_2019_MPO,2019-01-11,2019,35.99781,-86.79886,True,0,0,0,,,,,,,,
102273505,Crashes_2010_2019_MPO,2019-01-11,2019,36.01978,-86.74213,False,0,0,0,,,,,,,,
102274274,Crashes_2010_2019_MPO,2019-01-11,2019,36.03874,-86.78304,False,0,0,0,,,,,,,,
102274146,Crashes_2010_2019_MPO,2019-01-11,2019,36.04114,-86.77621,False,0,0,0,,,,,,,,
102275192,Crashes_2010_2019_MPO,2019-01-11,2019,35.96714,-86.81352,True,0,0,0,,,,,,,,
102273470,Crashes_2010_2019_MPO,2019-01-11,2019,36.00238,-86.76711,True,0,0,0,,,,,,,,
102290810,Crashes_2010_2019_MPO,2019-01-12,2019,35.93127,-86.87663,False,0,0,0,,,,,,,,
102275016,Crashes_2010_2019_MPO,2019-01-12,2019,36.02274,-86.71734,False,0,0,0,,,,,,,,
102275445,Crashes_2010_2019_MPO,2019-01-12,2019,36.00462,-86.79068,True,0,0,0,,,,,,,,
102275493,Crashes_2010_2019_MPO,2019-01-12,2019,35.96133,-86.81226,False,0,0,0,,,,,,,,
102274971,Crashes_2010_2019_MPO,2019-01-12,2019,36.03551,-86.78748,True,0,0,0,,,,,,,,
102277501,Crashes_2010_2019_MPO,2019-01-12,2019,35.94764,-86.81433,False,0,0,0,,,,,,,,
102275376,Crashes_2010_2019_MPO,2019-01-12,2019,35.99609,-86.78496,True,0,0,0,,,,,,,,
102274911,Crashes_2010_2019_MPO,2019-01-12,2019,36.05012,-86.69581,False,0,0,0,,,,,,,,
102275206,Crashes_2010_2019_MPO,2019-01-12,2019,36.05351,-86.71498,False,0,0,0,,,,,,,,
102276269,Crashes_2010_2019_MPO,2019-01-13,2019,36.02347,-86.80128,True,0,0,0,,,,,,,,
102277365,Crashes_2010_2019_MPO,2019-01-13,2019,35.99489,-86.7715,True,0,0,0,,,,,,,,
102276397,Crashes_2010_2019_MPO,2019-01-13,2019,36.05145,-86.70271,False,0,0,0,,,,,,,,
102275852,Crashes_2010_2019_MPO,2019-01-13,2019,35.96734,-86.81496,True,0,0,0,,,,,,,,
102275636,Crashes_2010_2019_MPO,2019-01-13,2019,36.05034,-86.71403,False,0,0,0,,,,,,,,
102275965,Crashes_2010_2019_MPO,2019-01-13,2019,36.04012,-86.78074,False,0,0,0,,,,,,,,
102276408,Crashes_2010_2019_MPO,2019-01-13,2019,35.96532,-86.70293,False,0,0,0,,,,,,,,
102275844,Crashes_2010_2019_MPO,2019-01-13,2019,36.04389,-86.69321,False,0,0,0,,,,,,,,
102275898,Crashes_2010_2019_MPO,2019-01-13,2019,36.01509,-86.73554,False,0,0,0,,,,,,,,
102277052,Crashes_2010_2019_MPO,2019-01-14,2019,36.03792,-86.79721,False,0,0,0,,,,,,,,
102277084,Crashes_2010_2019_MPO,2019-01-14,2019,35.93452,-86.87804,False,0,0,0,,,,,,,,
102276637,Crashes_2010_2019_MPO,2019-01-14,2019,36.03716,-86.78308,False,0,0,0,,,,,,,,
102276954,Crashes_2010_2019_MPO,2019-01-14,2019,36.04888,-86.8614,False,0,0,0,,,,,,,,
102276812,Crashes_2010_2019_MPO,2019-01-14,2019,35.95781,-86.80254,False,0,0,0,,,,,,,,
102277061,Crashes_2010_2019_MPO,2019-01-14,2019,36.03064,-86.78383,True,0,0,0,,,,,,,,
102277215,Crashes_2010_2019_MPO,2019-01-14,2019,35.997443,-86.794942,True,0,0,0,,,,,,,,
102277209,Crashes_2010_2019_MPO,2019-01-14,2019,35.99781,-86.79886,True,0,0,0,,,,,,,,
102276578,Crashes_2010_2019_MPO,2019-01-14,2019,36.01522,-86.73686,False,0,0,0,,,,,,,,
102276840,Crashes_2010_2019_MPO,2019-01-14,2019,35.93219,-86.79405,False,0,0,0,,,,,,,,
102276692,Crashes_2010_2019_MPO,2019-01-14,2019,36.04546,-86.71232,False,0,0,0,,,,,,,,
102277039,Crashes_2010_2019_MPO,2019-01-14,2019,35.94191,-86.82261,False,0,0,0,,,,,,,,
102276556,Crashes_2010_2019_MPO,2019-01-14,2019,36.03641,-86.81069,True,0,0,0,,,,,,,,
102278034,Crashes_2010_2019_MPO,2019-01-15,2019,35.92669,-86.82449,False,0,0,0,,,,,,,,
102277479,Crashes_2010_2019_MPO,2019-01-15,2019,35.93219,-86.79405,False,0,0,0,,,,,,,,
102277958,Crashes_2010_2019_MPO,2019-01-15,2019,36.0405,-86.74548,False,0,0,0,,,,,,,,
102279603,Crashes_2010_2019_MPO,2019-01-15,2019,35.96057,-86.80981,False,0,0,0,,,,,,,,
102277695,Crashes_2010_2019_MPO,2019-01-15,2019,36.04853,-86.77554,False,0,0,0,,,,,,,,
102278488,Crashes_2010_2019_MPO,2019-01-15,2019,35.95841,-86.76716,True,0,0,0,,,,,,,,
102277473,Crashes_2010_2019_MPO,2019-01-15,2019,35.97168,-86.67843,False,0,0,0,,,,,,,,
102277638,Crashes_2010_2019_MPO,2019-01-15,2019,36.03081,-86.78356,True,0,0,0,,,,,,,,
102277432,Crashes_2010_2019_MPO,2019-01-15,2019,36.05389,-86.71509,False,0,0,0,,,,,,,,
102278161,Crashes_2010_2019_MPO,2019-01-15,2019,35.97716,-86.87622,False,0,0,0,,,,,,,,
102278004,Crashes_2010_2019_MPO,2019-01-15,2019,36.0345,-86.783,True,0,0,0,,,,,,,,
102279008,Crashes_2010_2019_MPO,2019-01-15,2019,35.99749,-86.797,True,0,0,0,,,,,,,,
102278225,Crashes_2010_2019_MPO,2019-01-15,2019,36.0145,-86.72401,False,0,0,0,,,,,,,,
102278617,Crashes_2010_2019_MPO,2019-01-15,2019,35.96798,-86.81833,True,0,0,0,,,,,,,,
102278029,Crashes_2010_2019_MPO,2019-01-15,2019,35.93385,-86.81907,False,0,0,0,,,,,,,,
102278086,Crashes_2010_2019_MPO,2019-01-15,2019,35.96666,-86.81088,True,0,0,0,,,,,,,,
102279007,Crashes_2010_2019_MPO,2019-01-15,2019,35.96543,-86.8212,True,0,0,0,,,,,,,,
102279307,Crashes_2010_2019_MPO,2019-01-15,2019,35.92888,-86.83745,False,0,0,0,,,,,,,,
102277904,Crashes_2010_2019_MPO,2019-01-15,2019,35.92604,-86.86715,False,0,0,0,,,,,,,,
102278021,Crashes_2010_2019_MPO,2019-01-15,2019,36.01286,-86.80081,True,0,0,0,,,,,,,,
102279002,Crashes_2010_2019_MPO,2019-01-16,2019,35.9407,-86.83934,False,0,0,0,,,,,,,,
102278498,Crashes_2010_2019_MPO,2019-01-16,2019,35.96665,-86.80932,True,0,0,0,,,,,,,,
102279485,Crashes_2010_2019_MPO,2019-01-16,2019,35.96705,-86.81355,True,0,0,1,,,,,,,,
102279009,Crashes_2010_2019_MPO,2019-01-16,2019,35.99734,-86.79486,True,0,0,0,,,,,,,,
102278514,Crashes_2010_2019_MPO,2019-01-16,2019,35.94628,-86.80909,False,0,0,0,,,,,,,,
102279093,Crashes_2010_2019_MPO,2019-01-16,2019,35.93113,-86.86349,False,0,0,0,,,,,,,,
102278509,Crashes_2010_2019_MPO,2019-01-16,2019,35.966726,-86.809126,True,0,0,0,,,,,,,,
102284295,Crashes_2010_2019_MPO,2019-01-16,2019,35.96688,-86.81117,True,0,0,0,,,,,,,,
102279187,Crashes_2010_2019_MPO,2019-01-16,2019,36.00716,-86.70067,False,0,0,0,,,,,,,,
102279431,Crashes_2010_2019_MPO,2019-01-16,2019,35.94259,-86.81579,False,0,0,0,,,,,,,,
102278456,Crashes_2010_2019_MPO,2019-01-16,2019,36.01766,-86.78657,True,0,0,0,,,,,,,,
102279142,Crashes_2010_2019_MPO,2019-01-16,2019,35.95083,-86.81758,False,0,1,0,,,,,,,,
102278530,Crashes_2010_2019_MPO,2019-01-16,2019,35.93185,-86.83247,False,0,0,0,,,,,,,,
102279278,Crashes_2010_2019_MPO,2019-01-16,2019,36.03878,-86.74343,False,0,0,0,,,,,,,,
102279642,Crashes_2010_2019_MPO,2019-01-16,2019,35.92824,-86.82663,False,0,0,0,,,,,,,,
102279519,Crashes_2010_2019_MPO,2019-01-17,2019,36.02536,-86.74268,False,0,0,0,,,,,,,,
102280147,Crashes_2010_2019_MPO,2019-01-17,2019,35.99609,-86.8109,True,0,0,0,,,,,,,,
102280072,Crashes_2010_2019_MPO,2019-01-17,2019,35.92641,-86.82446,False,0,0,0,,,,,,,,
102279858,Crashes_2010_2019_MPO,2019-01-17,2019,35.966718,-86.809115,True,0,0,0,,,,,,,,
102280126,Crashes_2010_2019_MPO,2019-01-17,2019,36.03202,-86.75661,False,0,0,0,,,,,,,,
102298950,Crashes_2010_2019_MPO,2019-01-17,2019,36.04527,-86.71427,False,0,0,0,,,,,,,,
102280029,Crashes_2010_2019_MPO,2019-01-17,2019,35.9464,-86.80891,False,0,0,0,,,,,,,,
102280166,Crashes_2010_2019_MPO,2019-01-17,2019,36.0433,-86.78175,False,0,0,0,,,,,,,,
102280816,Crashes_2010_2019_MPO,2019-01-17,2019,36.0408,-86.77308,False,0,0,0,,,,,,,,
102280392,Crashes_2010_2019_MPO,2019-01-17,2019,35.92649,-86.82538,False,0,0,0,,,,,,,,
102279569,Crashes_2010_2019_MPO,2019-01-17,2019,36.04301,-86.84231,False,0,0,0,,,,,,,,
102284692,Crashes_2010_2019_MPO,2019-01-17,2019,36.0322,-86.79991,True,0,0,0,,,,,,,,
102280038,Crashes_2010_2019_MPO,2019-01-17,2019,36.03085,-86.81776,True,0,0,0,,,,,,,,
102279962,Crashes_2010_2019_MPO,2019-01-17,2019,36.03422,-86.78338,True,0,0,0,,,,,,,,
102280071,Crashes_2010_2019_MPO,2019-01-17,2019,36.00134,-86.7902,True,0,0,0,,,,,,,,
102280750,Crashes_2010_2019_MPO,2019-01-17,2019,36.03238,-86.78926,True,0,0,0,,,,,,,,
102280090,Crashes_2010_2019_MPO,2019-01-17,2019,35.92641,-86.82447,False,0,0,0,,,,,,,,
102280330,Crashes_2010_2019_MPO,2019-01-18,2019,36.01503,-86.73499,False,0,0,0,,,,,,,,
102280688,Crashes_2010_2019_MPO,2019-01-18,2019,36.03948,-86.78177,False,0,0,0,,,,,,,,
102282389,Crashes_2010_2019_MPO,2019-01-18,2019,35.94164,-86.85584,False,0,0,0,,,,,,,,
102280448,Crashes_2010_2019_MPO,2019-01-18,2019,35.94877,-86.74755,True,0,0,0,,,,,,,,
102281297,Crashes_2010_2019_MPO,2019-01-18,2019,35.95488,-86.87663,False,0,0,0,,,,,,,,
102281157,Crashes_2010_2019_MPO,2019-01-18,2019,36.04152,-86.7496,False,0,0,0,,,,,,,,
102281306,Crashes_2010_2019_MPO,2019-01-18,2019,36.04245,-86.71294,False,0,0,0,,,,,,,,
102281158,Crashes_2010_2019_MPO,2019-01-18,2019,36.03983,-86.74099,False,0,0,0,,,,,,,,
102281359,Crashes_2010_2019_MPO,2019-01-18,2019,35.93541,-86.82372,False,0,0,0,,,,,,,,
102281542,Crashes_2010_2019_MPO,2019-01-19,2019,35.96443,-86.78359,True,0,0,0,,,,,,,,
102281842,Crashes_2010_2019_MPO,2019-01-19,2019,36.0471,-86.71335,False,0,0,0,,,,,,,,
102281847,Crashes_2010_2019_MPO,2019-01-19,2019,35.95385,-86.81759,False,0,0,0,,,,,,,,
102282707,Crashes_2010_2019_MPO,2019-01-19,2019,35.9667,-86.81121,True,0,0,0,,,,,,,,
102282199,Crashes_2010_2019_MPO,2019-01-19,2019,36.01765,-86.70314,False,0,0,0,,,,,,,,
102281512,Crashes_2010_2019_MPO,2019-01-19,2019,35.99199,-86.79891,True,0,0,0,,,,,,,,
102282131,Crashes_2010_2019_MPO,2019-01-19,2019,35.93557,-86.82364,False,0,0,0,,,,,,,,
102281774,Crashes_2010_2019_MPO,2019-01-19,2019,35.99668,-86.68961,False,0,0,0,,,,,,,,
102282059,Crashes_2010_2019_MPO,2019-01-19,2019,35.96589,-86.80316,True,0,0,0,,,,,,,,
102286764,Crashes_2010_2019_MPO,2019-01-19,2019,36.02653,-86.78486,True,0,0,0,,,,,,,,
102281672,Crashes_2010_2019_MPO,2019-01-19,2019,35.9392,-86.82148,False,0,0,0,,,,,,,,
102282713,Crashes_2010_2019_MPO,2019-01-19,2019,35.96705,-86.81355,True,0,0,0,,,,,,,,
102282215,Crashes_2010_2019_MPO,2019-01-19,2019,36.04565,-86.71218,False,0,0,0,,,,,,,,
102282904,Crashes_2010_2019_MPO,2019-01-20,2019,36.04689,-86.67964,False,0,0,0,,,,,,,,
102282249,Crashes_2010_2019_MPO,2019-01-20,2019,36.05351,-86.70306,False,0,0,0,,,,,,,,
102283310,Crashes_2010_2019_MPO,2019-01-20,2019,35.95191,-86.81683,False,0,0,0,,,,,,,,
102282451,Crashes_2010_2019_MPO,2019-01-20,2019,35.99086,-86.75136,True,0,0,0,,,,,,,,
102282283,Crashes_2010_2019_MPO,2019-01-20,2019,36.05364,-86.70321,False,0,0,0,,,,,,,,
102283017,Crashes_2010_2019_MPO,2019-01-20,2019,35.92641,-86.82453,False,0,0,0,,,,,,,,
102282349,Crashes_2010_2019_MPO,2019-01-20,2019,35.97705,-86.85433,False,0,0,0,,,,,,,,
102283072,Crashes_2010_2019_MPO,2019-01-21,2019,36.01182,-86.72804,False,0,0,0,,,,,,,,
102283149,Crashes_2010_2019_MPO,2019-01-21,2019,36.05174,-86.70501,False,0,0,0,,,,,,,,
102283290,Crashes_2010_2019_MPO,2019-01-21,2019,36.00957,-86.70171,False,0,0,0,,,,,,,,
102283660,Crashes_2010_2019_MPO,2019-01-21,2019,35.96735,-86.81347,True,0,0,0,,,,,,,,
102283238,Crashes_2010_2019_MPO,2019-01-21,2019,35.92265,-86.86992,False,0,0,0,,,,,,,,
102283219,Crashes_2010_2019_MPO,2019-01-21,2019,35.92329,-86.82248,False,0,0,0,,,,,,,,
102284564,Crashes_2010_2019_MPO,2019-01-21,2019,36.01286,-86.80081,True,0,0,0,,,,,,,,
102283525,Crashes_2010_2019_MPO,2019-01-21,2019,35.95643,-86.84403,False,0,0,0,,,,,,,,
102285997,Crashes_2010_2019_MPO,2019-01-21,2019,35.9468,-86.85197,False,0,0,0,,,,,,,,
102283156,Crashes_2010_2019_MPO,2019-01-21,2019,35.97878,-86.75282,True,0,0,0,,,,,,,,
102284562,Crashes_2010_2019_MPO,2019-01-22,2019,35.92673,-86.87005,False,0,0,0,,,,,,,,
102284160,Crashes_2010_2019_MPO,2019-01-22,2019,35.97032,-86.8064,True,0,0,0,,,,,,,,
102284778,Crashes_2010_2019_MPO,2019-01-22,2019,36.03087,-86.70163,False,0,0,0,,,,,,,,
102284199,Crashes_2010_2019_MPO,2019-01-22,2019,35.95792,-86.80256,False,0,0,0,,,,,,,,
102286307,Crashes_2010_2019_MPO,2019-01-22,2019,35.97298,-86.77533,True,0,0,1,,,,,,,,
102284037,Crashes_2010_2019_MPO,2019-01-22,2019,35.97765,-86.77678,True,0,0,0,,,,,,,,
102284697,Crashes_2010_2019_MPO,2019-01-22,2019,36.03327,-86.7839,True,0,0,0,,,,,,,,
102284640,Crashes_2010_2019_MPO,2019-01-22,2019,35.92551,-86.87265,False,0,0,0,,,,,,,,
102284019,Crashes_2010_2019_MPO,2019-01-22,2019,35.94641,-86.87044,False,0,0,0,,,,,,,,
102284038,Crashes_2010_2019_MPO,2019-01-22,2019,36.04396,-86.71311,False,0,0,0,,,,,,,,
102284228,Crashes_2010_2019_MPO,2019-01-22,2019,35.9976,-86.69091,False,0,0,0,,,,,,,,
102284060,Crashes_2010_2019_MPO,2019-01-22,2019,36.0191,-86.78239,True,0,0,0,,,,,,,,
102284161,Crashes_2010_2019_MPO,2019-01-22,2019,36.00864,-86.78623,True,0,0,0,,,,,,,,
102284109,Crashes_2010_2019_MPO,2019-01-22,2019,35.96012,-86.87553,False,0,0,0,,,,,,,,
102284878,Crashes_2010_2019_MPO,2019-01-22,2019,36.0154,-86.73873,False,0,0,0,,,,,,,,
102284105,Crashes_2010_2019_MPO,2019-01-22,2019,36.04571,-86.7133,False,0,0,0,,,,,,,,
102284705,Crashes_2010_2019_MPO,2019-01-22,2019,36.04034,-86.78261,False,0,0,0,,,,,,,,
102284794,Crashes_2010_2019_MPO,2019-01-22,2019,35.95361,-86.8226,False,0,0,0,,,,,,,,
102285461,Crashes_2010_2019_MPO,2019-01-23,2019,35.96312,-86.81897,True,0,0,0,,,,,,,,
102285876,Crashes_2010_2019_MPO,2019-01-23,2019,36.04328,-86.68929,False,0,0,0,,,,,,,,
102285837,Crashes_2010_2019_MPO,2019-01-23,2019,35.95658,-86.80403,False,0,0,0,,,,,,,,
102285638,Crashes_2010_2019_MPO,2019-01-23,2019,35.9795,-86.7488,True,0,0,0,,,,,,,,
102285575,Crashes_2010_2019_MPO,2019-01-23,2019,36.03319,-86.7876,True,0,0,0,,,,,,,,
102285627,Crashes_2010_2019_MPO,2019-01-23,2019,35.99734,-86.79486,True,0,0,0,,,,,,,,
102285842,Crashes_2010_2019_MPO,2019-01-23,2019,36.02946,-86.67895,False,0,0,0,,,,,,,,
102285244,Crashes_2010_2019_MPO,2019-01-23,2019,35.97041,-86.81832,True,0,0,0,,,,,,,,
102285767,Crashes_2010_2019_MPO,2019-01-23,2019,36.05453,-86.72533,False,0,0,0,,,,,,,,
102292318,Crashes_2010_2019_MPO,2019-01-23,2019,36.0348,-86.78331,True,0,0,0,,,,,,,,
102286237,Crashes_2010_2019_MPO,2019-01-23,2019,35.94782,-86.81975,False,0,0,0,,,,,,,,
102285279,Crashes_2010_2019_MPO,2019-01-23,2019,36.04023,-86.74354,False,0,0,0,,,,,,,,
102285349,Crashes_2010_2019_MPO,2019-01-23,2019,35.966717,-86.809084,True,0,0,0,,,,,,,,
102285142,Crashes_2010_2019_MPO,2019-01-23,2019,35.99174,-86.79875,True,0,0,0,,,,,,,,
102285944,Crashes_2010_2019_MPO,2019-01-23,2019,36.03124,-86.78824,True,0,1,0,,,,,,,,
102285502,Crashes_2010_2019_MPO,2019-01-23,2019,36.02753,-86.68003,False,0,0,0,,,,,,,,
102300065,Crashes_2010_2019_MPO,2019-01-23,2019,35.9228,-86.7543,False,0,0,0,,,,,,,,
102285783,Crashes_2010_2019_MPO,2019-01-23,2019,35.98422,-86.72436,True,0,0,0,,,,,,,,
102285473,Crashes_2010_2019_MPO,2019-01-23,2019,36.0374,-86.78657,False,0,0,0,,,,,,,,
102285646,Crashes_2010_2019_MPO,2019-01-23,2019,35.966662,-86.809162,True,0,0,0,,,,,,,,
102285911,Crashes_2010_2019_MPO,2019-01-23,2019,35.94429,-86.81993,False,0,0,0,,,,,,,,
102285764,Crashes_2010_2019_MPO,2019-01-23,2019,36.03229,-86.78363,True,0,0,1,,,,,,,,