record_no,source_layer,collision_ts,crash_year,latitude,longitude,in_city,fatalities,non_motorists,truck_involved,serious_injuries,pedestrian,bicycle,crash_type,manner_of_collision,lighting,weather,first_harmful_event
102286005,Crashes_2010_2019_MPO,2019-01-24,2019,35.94083,-86.81665,False,0,0,0,,,,,,,,
102286134,Crashes_2010_2019_MPO,2019-01-24,2019,35.93639,-86.81819,False,0,0,0,,,,,,,,
102286129,Crashes_2010_2019_MPO,2019-01-24,2019,35.96461,-86.81465,True,0,0,0,,,,,,,,
102286056,Crashes_2010_2019_MPO,2019-01-24,2019,36.04942,-86.7138,False,0,0,0,,,,,,,,
102286530,Crashes_2010_2019_MPO,2019-01-24,2019,36.04245,-86.71294,False,0,0,0,,,,,,,,
102286419,Crashes_2010_2019_MPO,2019-01-24,2019,36.04086,-86.77367,False,0,0,0,,,,,,,,
102286401,Crashes_2010_2019_MPO,2019-01-24,2019,35.99043,-86.74862,True,0,0,0,,,,,,,,
102289642,Crashes_2010_2019_MPO,2019-01-24,2019,35.95905,-86.82105,False,0,0,1,,,,,,,,
102286502,Crashes_2010_2019_MPO,2019-01-24,2019,35.94988,-86.75902,True,0,0,0,,,,,,,,
102285955,Crashes_2010_2019_MPO,2019-01-24,2019,35.94699,-86.81153,False,0,0,0,,,,,,,,
102286291,Crashes_2010_2019_MPO,2019-01-24,2019,35.93808,-86.8218,False,0,0,0,,,,,,,,
102286464,Crashes_2010_2019_MPO,2019-01-24,2019,35.92301,-86.86916,False,0,0,0,,,,,,,,
102285948,Crashes_2010_2019_MPO,2019-01-24,2019,35.96978,-86.72411,True,0,0,0,,,,,,,,
102286488,Crashes_2010_2019_MPO,2019-01-24,2019,35.9559,-86.81705,False,0,0,0,,,,,,,,
102286274,Crashes_2010_2019_MPO,2019-01-24,2019,35.94167,-86.81611,False,0,0,0,,,,,,,,
102286766,Crashes_2010_2019_MPO,2019-01-25,2019,36.04478,-86.68655,False,0,0,0,,,,,,,,
102286854,Crashes_2010_2019_MPO,2019-01-25,2019,36.01239,-86.80116,True,0,0,0,,,,,,,,
102291658,Crashes_2010_2019_MPO,2019-01-25,2019,36.02837,-86.81817,True,0,0,0,,,,,,,,
102289839,Crashes_2010_2019_MPO,2019-01-25,2019,35.93764,-86.68961,False,0,0,0,,,,,,,,
102286906,Crashes_2010_2019_MPO,2019-01-25,2019,35.94899,-86.81357,False,0,0,0,,,,,,,,
102287036,Crashes_2010_2019_MPO,2019-01-25,2019,36.0473,-86.86274,False,0,0,1,,,,,,,,
102287719,Crashes_2010_2019_MPO,2019-01-25,2019,36.03336,-86.78872,True,0,0,0,,,,,,,,
102287605,Crashes_2010_2019_MPO,2019-01-25,2019,35.98585,-86.73433,True,0,0,0,,,,,,,,
102290207,Crashes_2010_2019_MPO,2019-01-25,2019,35.9638,-86.80842,False,0,0,0,,,,,,,,
102286961,Crashes_2010_2019_MPO,2019-01-25,2019,35.95792,-86.77802,True,0,0,0,,,,,,,,
102287325,Crashes_2010_2019_MPO,2019-01-25,2019,35.93769,-86.82206,False,0,0,0,,,,,,,,
102288241,Crashes_2010_2019_MPO,2019-01-25,2019,35.97173,-86.82562,True,0,0,0,,,,,,,,
102288404,Crashes_2010_2019_MPO,2019-01-26,2019,36.03352,-86.71298,False,0,0,0,,,,,,,,
102288330,Crashes_2010_2019_MPO,2019-01-26,2019,35.96705,-86.81355,True,0,0,0,,,,,,,,
102292757,Crashes_2010_2019_MPO,2019-01-26,2019,35.95708,-86.84963,False,0,0,0,,,,,,,,
102288096,Crashes_2010_2019_MPO,2019-01-26,2019,35.94638,-86.81473,False,0,0,0,,,,,,,,
102288226,Crashes_2010_2019_MPO,2019-01-26,2019,35.95078,-86.80647,False,0,0,0,,,,,,,,
102288606,Crashes_2010_2019_MPO,2019-01-26,2019,36.03047,-86.79031,True,0,0,0,,,,,,,,
102288732,Crashes_2010_2019_MPO,2019-01-26,2019,35.92536,-86.86907,False,0,0,0,,,,,,,,
102288210,Crashes_2010_2019_MPO,2019-01-26,2019,36.0406,-86.74362,False,0,0,0,,,,,,,,
102289716,Crashes_2010_2019_MPO,2019-01-27,2019,36.05364,-86.73616,False,0,0,0,,,,,,,,
102289664,Crashes_2010_2019_MPO,2019-01-27,2019,36.04611,-86.71824,False,0,0,0,,,,,,,,
102289550,Crashes_2010_2019_MPO,2019-01-27,2019,36.05366,-86.71502,False,0,0,0,,,,,,,,
102289480,Crashes_2010_2019_MPO,2019-01-27,2019,36.03737,-86.78686,False,0,0,0,,,,,,,,
102289727,Crashes_2010_2019_MPO,2019-01-27,2019,36.04024,-86.768,False,0,0,0,,,,,,,,
102290294,Crashes_2010_2019_MPO,2019-01-28,2019,36.04127,-86.75013,False,0,0,0,,,,,,,,
102290073,Crashes_2010_2019_MPO,2019-01-28,2019,36.01231,-86.82802,True,0,0,0,,,,,,,,
102290639,Crashes_2010_2019_MPO,2019-01-28,2019,35.94979,-86.81231,False,0,0,0,,,,,,,,
102291101,Crashes_2010_2019_MPO,2019-01-28,2019,35.94782,-86.81975,False,0,0,0,,,,,,,,
102291021,Crashes_2010_2019_MPO,2019-01-28,2019,35.93696,-86.77281,False,0,0,0,,,,,,,,
102291727,Crashes_2010_2019_MPO,2019-01-28,2019,35.99301,-86.75782,True,0,0,0,,,,,,,,
102290819,Crashes_2010_2019_MPO,2019-01-28,2019,35.94643,-86.80903,False,0,0,0,,,,,,,,
102291329,Crashes_2010_2019_MPO,2019-01-28,2019,36.03166,-86.7837,True,0,0,0,,,,,,,,
102295533,Crashes_2010_2019_MPO,2019-01-28,2019,35.99019,-86.79929,True,0,0,0,,,,,,,,
102290135,Crashes_2010_2019_MPO,2019-01-28,2019,35.96742,-86.81558,True,0,0,0,,,,,,,,
102290568,Crashes_2010_2019_MPO,2019-01-28,2019,35.94133,-86.81648,False,0,0,0,,,,,,,,
102290652,Crashes_2010_2019_MPO,2019-01-28,2019,35.94634,-86.80867,False,0,0,0,,,,,,,,
102292710,Crashes_2010_2019_MPO,2019-01-28,2019,35.9877,-86.70059,True,0,0,0,,,,,,,,
102290505,Crashes_2010_2019_MPO,2019-01-28,2019,35.94518,-86.82046,False,0,0,0,,,,,,,,
102290859,Crashes_2010_2019_MPO,2019-01-28,2019,35.93785,-86.70702,False,0,0,0,,,,,,,,
102290594,Crashes_2010_2019_MPO,2019-01-28,2019,35.99861,-86.80573,True,0,0,0,,,,,,,,
102290672,Crashes_2010_2019_MPO,2019-01-28,2019,35.94791,-86.81937,False,0,0,0,,,,,,,,
102290651,Crashes_2010_2019_MPO,2019-01-28,2019,35.92581,-86.82022,False,0,0,0,,,,,,,,
102291164,Crashes_2010_2019_MPO,2019-01-29,2019,35.94654,-86.82375,False,0,0,0,,,,,,,,
102291515,Crashes_2010_2019_MPO,2019-01-29,2019,35.93508,-86.81096,False,0,0,0,,,,,,,,
102291516,Crashes_2010_2019_MPO,2019-01-29,2019,35.93667,-86.76804,False,0,0,0,,,,,,,,
102291070,Crashes_2010_2019_MPO,2019-01-29,2019,35.966739,-86.80909,True,0,0,0,,,,,,,,
102291634,Crashes_2010_2019_MPO,2019-01-29,2019,36.04015,-86.74465,False,0,0,0,,,,,,,,
102291534,Crashes_2010_2019_MPO,2019-01-29,2019,35.94979,-86.75796,True,0,0,0,,,,,,,,
102291368,Crashes_2010_2019_MPO,2019-01-29,2019,36.03707,-86.78592,False,0,0,0,,,,,,,,
102291512,Crashes_2010_2019_MPO,2019-01-29,2019,35.92387,-86.87861,False,0,0,0,,,,,,,,
102291517,Crashes_2010_2019_MPO,2019-01-29,2019,35.95524,-86.84497,False,0,0,0,,,,,,,,
102290874,Crashes_2010_2019_MPO,2019-01-29,2019,35.94421,-86.81976,False,0,0,0,,,,,,,,
102291635,Crashes_2010_2019_MPO,2019-01-29,2019,36.04015,-86.74465,False,0,0,0,,,,,,,,
102291632,Crashes_2010_2019_MPO,2019-01-29,2019,36.04047,-86.77006,False,0,0,0,,,,,,,,
102291045,Crashes_2010_2019_MPO,2019-01-29,2019,35.96705,-86.81355,True,0,0,0,,,,,,,,
102296765,Crashes_2010_2019_MPO,2019-01-30,2019,36.01689,-86.78609,True,0,0,0,,,,,,,,
102291903,Crashes_2010_2019_MPO,2019-01-30,2019,36.0343,-86.79174,True,0,0,0,,,,,,,,
102291936,Crashes_2010_2019_MPO,2019-01-30,2019,36.05079,-86.71687,False,0,0,0,,,,,,,,
102291857,Crashes_2010_2019_MPO,2019-01-30,2019,36.01568,-86.84598,True,0,0,0,,,,,,,,
102292672,Crashes_2010_2019_MPO,2019-01-30,2019,36.03464,-86.80276,True,0,0,0,,,,,,,,
102291842,Crashes_2010_2019_MPO,2019-01-30,2019,35.97535,-86.85881,False,0,0,0,,,,,,,,
102291928,Crashes_2010_2019_MPO,2019-01-30,2019,36.04071,-86.77973,False,0,0,0,,,,,,,,
102291994,Crashes_2010_2019_MPO,2019-01-30,2019,35.94612,-86.82346,False,0,0,0,,,,,,,,
102291878,Crashes_2010_2019_MPO,2019-01-30,2019,35.95201,-86.74153,True,0,0,0,,,,,,,,
102291843,Crashes_2010_2019_MPO,2019-01-30,2019,36.0343,-86.79174,True,0,0,0,,,,,,,,
102291862,Crashes_2010_2019_MPO,2019-01-30,2019,36.04114,-86.77621,False,0,0,0,,,,,,,,
102291844,Crashes_2010_2019_MPO,2019-01-30,2019,36.01286,-86.80081,True,0,0,0,,,,,,,,
102292343,Crashes_2010_2019_MPO,2019-01-30,2019,35.99127,-86.81345,True,0,0,0,,,,,,,,
102292709,Crashes_2010_2019_MPO,2019-01-30,2019,36.0343,-86.79174,True,0,0,0,,,,,,,,
102291989,Crashes_2010_2019_MPO,2019-01-30,2019,36.04071,-86.77973,False,0,0,0,,,,,,,,
102295692,Crashes_2010_2019_MPO,2019-01-30,2019,36.03458,-86.79161,True,0,0,0,,,,,,,,
102291858,Crashes_2010_2019_MPO,2019-01-30,2019,36.03819,-86.8007,False,0,0,0,,,,,,,,
102292043,Crashes_2010_2019_MPO,2019-01-30,2019,36.03193,-86.78951,True,0,0,0,,,,,,,,
102291881,Crashes_2010_2019_MPO,2019-01-30,2019,35.96518,-86.80029,True,0,0,0,,,,,,,,
102291933,Crashes_2010_2019_MPO,2019-01-30,2019,36.04124,-86.77784,False,0,0,0,,,,,,,,
102291971,Crashes_2010_2019_MPO,2019-01-30,2019,36.0401,-86.74439,False,0,0,0,,,,,,,,
102293023,Crashes_2010_2019_MPO,2019-01-31,2019,35.93446,-86.81991,False,0,0,0,,,,,,,,
102292768,Crashes_2010_2019_MPO,2019-01-31,2019,36.04512,-86.71323,False,0,0,0,,,,,,,,
102293386,Crashes_2010_2019_MPO,2019-01-31,2019,35.96133,-86.81226,False,0,0,0,,,,,,,,
102292676,Crashes_2010_2019_MPO,2019-01-31,2019,35.93327,-86.81473,False,0,0,0,,,,,,,,
102293136,Crashes_2010_2019_MPO,2019-01-31,2019,36.03981,-86.74078,False,0,0,0,,,,,,,,
102293473,Crashes_2010_2019_MPO,2019-01-31,2019,36.02138,-86.71138,False,0,0,0,,,,,,,,
102292700,Crashes_2010_2019_MPO,2019-01-31,2019,36.0397,-86.75982,False,0,0,0,,,,,,,,
102293422,Crashes_2010_2019_MPO,2019-01-31,2019,36.04393,-86.6933,False,0,0,0,,,,,,,,
102292750,Crashes_2010_2019_MPO,2019-01-31,2019,36.03816,-86.78398,False,0,0,0,,,,,,,,
102292860,Crashes_2010_2019_MPO,2019-01-31,2019,35.99514,-86.79782,True,0,0,0,,,,,,,,
102293048,Crashes_2010_2019_MPO,2019-01-31,2019,35.99551,-86.77887,True,0,0,0,,,,,,,,
102293024,Crashes_2010_2019_MPO,2019-01-31,2019,35.96445,-86.81437,False,0,0,0,,,,,,,,
102292716,Crashes_2010_2019_MPO,2019-01-31,2019,36.02476,-86.78357,True,0,0,0,,,,,,,,
102292950,Crashes_2010_2019_MPO,2019-01-31,2019,35.94909,-86.86396,False,0,0,0,,,,,,,,
102294218,Crashes_2010_2019_MPO,2019-02-01,2019,35.99734,-86.79486,True,0,0,0,,,,,,,,
102295774,Crashes_2010_2019_MPO,2019-02-01,2019,35.96174,-86.80191,True,0,0,0,,,,,,,,
102294627,Crashes_2010_2019_MPO,2019-02-01,2019,36.02971,-86.76219,False,0,0,0,,,,,,,,
102294588,Crashes_2010_2019_MPO,2019-02-01,2019,36.04537,-86.71326,False,0,0,0,,,,,,,,
102298893,Crashes_2010_2019_MPO,2019-02-01,2019,35.93726,-86.69992,False,0,0,0,,,,,,,,
102297647,Crashes_2010_2019_MPO,2019-02-01,2019,36.02375,-86.86377,False,0,0,0,,,,,,,,
102295745,Crashes_2010_2019_MPO,2019-02-01,2019,35.94747,-86.81409,False,0,0,0,,,,,,,,
102293485,Crashes_2010_2019_MPO,2019-02-01,2019,36.023593,-86.734343,False,0,0,0,,,,,,,,
102294433,Crashes_2010_2019_MPO,2019-02-01,2019,36.04441,-86.71315,False,0,0,0,,,,,,,,
102294954,Crashes_2010_2019_MPO,2019-02-02,2019,36.04063,-86.7714,False,0,0,0,,,,,,,,
102295342,Crashes_2010_2019_MPO,2019-02-02,2019,36.02744,-86.7905,True,0,0,0,,,,,,,,
102295283,Crashes_2010_2019_MPO,2019-02-02,2019,36.0453,-86.70168,False,0,0,0,,,,,,,,
102298882,Crashes_2010_2019_MPO,2019-02-02,2019,35.93127,-86.87663,False,0,1,0,,,,,,,,
102300071,Crashes_2010_2019_MPO,2019-02-02,2019,35.9267,-86.76723,False,0,0,0,,,,,,,,
102295227,Crashes_2010_2019_MPO,2019-02-02,2019,35.95198,-86.81788,False,0,0,0,,,,,,,,
102296332,Crashes_2010_2019_MPO,2019-02-02,2019,35.9407,-86.83934,False,0,0,0,,,,,,,,
102296221,Crashes_2010_2019_MPO,2019-02-02,2019,35.94636,-86.80871,False,0,0,0,,,,,,,,
102296950,Crashes_2010_2019_MPO,2019-02-02,2019,35.96181,-86.81433,False,0,0,0,,,,,,,,
102295456,Crashes_2010_2019_MPO,2019-02-02,2019,36.03975,-86.70977,False,0,0,0,,,,,,,,
102295315,Crashes_2010_2019_MPO,2019-02-02,2019,35.96686,-86.81234,True,0,0,0,,,,,,,,
102294864,Crashes_2010_2019_MPO,2019-02-02,2019,35.97765,-86.77678,True,0,0,0,,,,,,,,
102295328,Crashes_2010_2019_MPO,2019-02-02,2019,35.99567,-86.78058,True,0,0,0,,,,,,,,
102296120,Crashes_2010_2019_MPO,2019-02-03,2019,35.97039,-86.77379,True,0,0,0,,,,,,,,
102298345,Crashes_2010_2019_MPO,2019-02-03,2019,36.0266,-86.71288,False,0,0,0,,,,,,,,
102296200,Crashes_2010_2019_MPO,2019-02-03,2019,35.93616,-86.828,False,0,0,0,,,,,,,,
102295623,Crashes_2010_2019_MPO,2019-02-03,2019,35.99466,-86.71955,True,0,0,0,,,,,,,,
102295682,Crashes_2010_2019_MPO,2019-02-03,2019,36.038,-86.78642,False,0,0,0,,,,,,,,
102296052,Crashes_2010_2019_MPO,2019-02-03,2019,35.96705,-86.81355,True,0,0,0,,,,,,,,
102295638,Crashes_2010_2019_MPO,2019-02-03,2019,36.04359,-86.72042,False,0,0,0,,,,,,,,
102296172,Crashes_2010_2019_MPO,2019-02-03,2019,35.92742,-86.85652,False,0,0,0,,,,,,,,
102296522,Crashes_2010_2019_MPO,2019-02-04,2019,36.0375,-86.78584,False,0,0,0,,,,,,,,
102297204,Crashes_2010_2019_MPO,2019-02-04,2019,36.04848,-86.69559,False,0,0,0,,,,,,,,
102309430,Crashes_2010_2019_MPO,2019-02-04,2019,35.96705,-86.81355,True,0,0,0,,,,,,,,
102296799,Crashes_2010_2019_MPO,2019-02-04,2019,35.92887,-86.8319,False,0,1,1,,,,,,,,
102297092,Crashes_2010_2019_MPO,2019-02-04,2019,35.95187,-86.74053,True,0,0,0,,,,,,,,
102296639,Crashes_2010_2019_MPO,2019-02-04,2019,35.95994,-86.75235,True,0,0,0,,,,,,,,
102296934,Crashes_2010_2019_MPO,2019-02-04,2019,35.94144,-86.85599,False,0,0,0,,,,,,,,
102297105,Crashes_2010_2019_MPO,2019-02-04,2019,36.04449,-86.78064,False,0,0,0,,,,,,,,
102296550,Crashes_2010_2019_MPO,2019-02-04,2019,36.04001,-86.78086,False,0,0,0,,,,,,,,
102297217,Crashes_2010_2019_MPO,2019-02-04,2019,35.93752,-86.82167,False,0,0,0,,,,,,,,
102297660,Crashes_2010_2019_MPO,2019-02-04,2019,35.99078,-86.79908,True,0,0,0,,,,,,,,
102298316,Crashes_2010_2019_MPO,2019-02-04,2019,35.96164,-86.68585,False,0,0,0,,,,,,,,
102297015,Crashes_2010_2019_MPO,2019-02-04,2019,35.93219,-86.79405,False,0,0,0,,,,,,,,
102296611,Crashes_2010_2019_MPO,2019-02-04,2019,35.98409,-86.72306,True,0,0,0,,,,,,,,
102296791,Crashes_2010_2019_MPO,2019-02-04,2019,36.02263,-86.68056,False,0,0,0,,,,,,,,
102297762,Crashes_2010_2019_MPO,2019-02-05,2019,35.94135,-86.83798,False,0,0,0,,,,,,,,
102298031,Crashes_2010_2019_MPO,2019-02-05,2019,36.0436,-86.71306,False,0,0,0,,,,,,,,
102297489,Crashes_2010_2019_MPO,2019-02-05,2019,36.02101,-86.8479,True,0,0,0,,,,,,,,
102298030,Crashes_2010_2019_MPO,2019-02-05,2019,35.95793,-86.80764,False,0,0,0,,,,,,,,
102298021,Crashes_2010_2019_MPO,2019-02-05,2019,36.03899,-86.78258,False,0,0,0,,,,,,,,
102297498,Crashes_2010_2019_MPO,2019-02-05,2019,36.04683,-86.67931,False,0,0,0,,,,,,,,
102297502,Crashes_2010_2019_MPO,2019-02-05,2019,36.0444,-86.71315,False,0,0,0,,,,,,,,
102297886,Crashes_2010_2019_MPO,2019-02-05,2019,36.0496,-86.71323,False,0,0,0,,,,,,,,
102298149,Crashes_2010_2019_MPO,2019-02-05,2019,35.99726,-86.69043,False,0,0,0,,,,,,,,
102299339,Crashes_2010_2019_MPO,2019-02-05,2019,35.94687,-86.85168,False,0,0,0,,,,,,,,
102299416,Crashes_2010_2019_MPO,2019-02-06,2019,35.96458,-86.81449,False,0,0,0,,,,,,,,
102298380,Crashes_2010_2019_MPO,2019-02-06,2019,35.94738,-86.85502,False,0,0,0,,,,,,,,
102298838,Crashes_2010_2019_MPO,2019-02-06,2019,35.96312,-86.81897,True,0,0,0,,,,,,,,
102299081,Crashes_2010_2019_MPO,2019-02-06,2019,36.04417,-86.78067,False,0,0,0,,,,,,,,
102298739,Crashes_2010_2019_MPO,2019-02-06,2019,36.03522,-86.78691,True,0,0,0,,,,,,,,
102302797,Crashes_2010_2019_MPO,2019-02-06,2019,35.93556,-86.82358,False,0,0,0,,,,,,,,
102299732,Crashes_2010_2019_MPO,2019-02-06,2019,35.96757,-86.69528,False,0,0,0,,,,,,,,
102298716,Crashes_2010_2019_MPO,2019-02-06,2019,35.99667,-86.79704,True,0,0,0,,,,,,,,
102298846,Crashes_2010_2019_MPO,2019-02-06,2019,35.94897,-86.81933,False,0,0,0,,,,,,,,
102298532,Crashes_2010_2019_MPO,2019-02-06,2019,36.03336,-86.78872,True,0,0,1,,,,,,,,
102299135,Crashes_2010_2019_MPO,2019-02-06,2019,35.94433,-86.8199,False,0,0,0,,,,,,,,
102298585,Crashes_2010_2019_MPO,2019-02-06,2019,35.99643,-86.78798,True,0,0,0,,,,,,,,
102298636,Crashes_2010_2019_MPO,2019-02-06,2019,35.92305,-86.81704,False,0,0,0,,,,,,,,
102299554,Crashes_2010_2019_MPO,2019-02-07,2019,35.96311,-86.801,True,0,0,0,,,,,,,,
102299320,Crashes_2010_2019_MPO,2019-02-07,2019,35.97814,-86.80345,True,0,0,0,,,,,,,,
102303604,Crashes_2010_2019_MPO,2019-02-07,2019,36.00667,-86.80582,True,0,1,0,,,,,,,,
102300656,Crashes_2010_2019_MPO,2019-02-07,2019,35.99552,-86.77904,True,0,0,0,,,,,,,,
102299354,Crashes_2010_2019_MPO,2019-02-07,2019,35.97672,-86.76765,True,0,0,0,,,,,,,,
102299949,Crashes_2010_2019_MPO,2019-02-07,2019,36.04109,-86.77577,False,0,0,0,,,,,,,,
102300284,Crashes_2010_2019_MPO,2019-02-07,2019,35.94854,-86.81137,False,0,0,0,,,,,,,,
102299860,Crashes_2010_2019_MPO,2019-02-07,2019,36.00943,-86.70003,False,0,0,0,,,,,,,,
102300502,Crashes_2010_2019_MPO,2019-02-07,2019,36.01689,-86.78609,True,0,0,0,,,,,,,,
102299412,Crashes_2010_2019_MPO,2019-02-07,2019,36.05063,-86.87801,False,0,0,0,,,,,,,,
102299406,Crashes_2010_2019_MPO,2019-02-07,2019,36.0387,-86.73097,False,0,0,0,,,,,,,,
102300661,Crashes_2010_2019_MPO,2019-02-08,2019,36.03475,-86.81716,True,0,0,0,,,,,,,,
102300396,Crashes_2010_2019_MPO,2019-02-08,2019,36.04073,-86.77968,False,0,0,0,,,,,,,,
102300492,Crashes_2010_2019_MPO,2019-02-08,2019,35.95229,-86.81927,False,0,0,0,,,,,,,,
102300456,Crashes_2010_2019_MPO,2019-02-08,2019,36.00696,-86.78558,True,0,1,0,,,,,,,,
102300781,Crashes_2010_2019_MPO,2019-02-08,2019,35.99588,-86.78279,True,0,0,0,,,,,,,,
102308305,Crashes_2010_2019_MPO,2019-02-08,2019,35.95519,-86.81215,False,0,0,0,,,,,,,,
102300266,Crashes_2010_2019_MPO,2019-02-08,2019,36.0463,-86.86358,False,0,0,0,,,,,,,,
102300901,Crashes_2010_2019_MPO,2019-02-08,2019,35.98143,-86.84604,False,0,0,0,,,,,,,,
102301002,Crashes_2010_2019_MPO,2019-02-08,2019,36.05044,-86.77564,False,0,0,0,,,,,,,,
102300744,Crashes_2010_2019_MPO,2019-02-08,2019,36.03175,-86.78961,True,0,0,0,,,,,,,,
102300772,Crashes_2010_2019_MPO,2019-02-08,2019,36.0412,-86.7762,False,0,0,0,,,,,,,,
102300289,Crashes_2010_2019_MPO,2019-02-08,2019,36.01978,-86.74213,False,0,0,0,,,,,,,,
102300341,Crashes_2010_2019_MPO,2019-02-08,2019,36.03635,-86.80226,True,0,0,0,,,,,,,,
102300100,Crashes_2010_2019_MPO,2019-02-08,2019,35.94492,-86.80941,False,0,0,0,,,,,,,,
102301798,Crashes_2010_2019_MPO,2019-02-09,2019,35.97256,-86.83373,False,0,0,0,,,,,,,,
102301716,Crashes_2010_2019_MPO,2019-02-09,2019,36.0473,-86.86274,False,0,0,0,,,,,,,,
102301627,Crashes_2010_2019_MPO,2019-02-09,2019,35.94616,-86.80856,False,0,0,0,,,,,,,,
102301522,Crashes_2010_2019_MPO,2019-02-09,2019,35.92738,-86.8687,False,0,0,0,,,,,,,,
102302096,Crashes_2010_2019_MPO,2019-02-09,2019,35.97325,-86.83299,True,0,0,0,,,,,,,,
102301692,Crashes_2010_2019_MPO,2019-02-09,2019,35.99551,-86.77887,True,0,0,0,,,,,,,,
102301426,Crashes_2010_2019_MPO,2019-02-09,2019,36.04428,-86.71313,False,0,0,0,,,,,,,,
102302694,Crashes_2010_2019_MPO,2019-02-09,2019,36.02716,-86.80841,True,0,0,0,,,,,,,,
102301368,Crashes_2010_2019_MPO,2019-02-09,2019,35.97827,-86.75703,True,0,0,0,,,,,,,,
102302383,Crashes_2010_2019_MPO,2019-02-09,2019,35.99517,-86.77526,True,0,0,0,,,,,,,,
102301800,Crashes_2010_2019_MPO,2019-02-09,2019,36.04073,-86.7797,False,0,0,0,,,,,,,,
102302243,Crashes_2010_2019_MPO,2019-02-10,2019,36.02122,-86.73734,False,0,0,0,,,,,,,,
102302052,Crashes_2010_2019_MPO,2019-02-10,2019,36.04001,-86.74347,False,0,0,0,,,,,,,,
102302360,Crashes_2010_2019_MPO,2019-02-10,2019,35.99697,-86.69003,False,0,0,0,,,,,,,,
102308010,Crashes_2010_2019_MPO,2019-02-10,2019,35.94336,-86.82064,False,0,0,0,,,,,,,,
102302181,Crashes_2010_2019_MPO,2019-02-10,2019,36.01775,-86.69856,False,0,0,0,,,,,,,,
102303301,Crashes_2010_2019_MPO,2019-02-11,2019,36.0363,-86.784,False,0,0,0,,,,,,,,
102303601,Crashes_2010_2019_MPO,2019-02-11,2019,36.00014,-86.79497,True,0,0,0,,,,,,,,
102303265,Crashes_2010_2019_MPO,2019-02-11,2019,35.96133,-86.81226,False,0,0,0,,,,,,,,
102302857,Crashes_2010_2019_MPO,2019-02-11,2019,35.9228,-86.87188,False,0,0,0,,,,,,,,
102303273,Crashes_2010_2019_MPO,2019-02-11,2019,36.03403,-86.81347,True,0,0,0,,,,,,,,
102303844,Crashes_2010_2019_MPO,2019-02-11,2019,35.9711,-86.67836,False,0,0,0,,,,,,,,
102303450,Crashes_2010_2019_MPO,2019-02-11,2019,35.9505,-86.76617,True,0,0,0,,,,,,,,
102302761,Crashes_2010_2019_MPO,2019-02-11,2019,36.04011,-86.76838,False,0,0,0,,,,,,,,
102303957,Crashes_2010_2019_MPO,2019-02-11,2019,36.03079,-86.78313,True,0,0,0,,,,,,,,
102302873,Crashes_2010_2019_MPO,2019-02-11,2019,36.05289,-86.8582,False,0,0,0,,,,,,,,
102303233,Crashes_2010_2019_MPO,2019-02-11,2019,36.05051,-86.87686,False,0,0,0,,,,,,,,
102303176,Crashes_2010_2019_MPO,2019-02-11,2019,35.93969,-86.68017,False,0,0,0,,,,,,,,
102303772,Crashes_2010_2019_MPO,2019-02-12,2019,36.04754,-86.86358,False,0,0,0,,,,,,,,
102303766,Crashes_2010_2019_MPO,2019-02-12,2019,35.96589,-86.80316,True,0,0,0,,,,,,,,
102304044,Crashes_2010_2019_MPO,2019-02-12,2019,36.04393,-86.6933,False,0,0,0,,,,,,,,
102304122,Crashes_2010_2019_MPO,2019-02-12,2019,35.96518,-86.80029,True,0,0,0,,,,,,,,
102303666,Crashes_2010_2019_MPO,2019-02-12,2019,36.04128,-86.77797,False,0,0,0,,,,,,,,
102303687,Crashes_2010_2019_MPO,2019-02-12,2019,35.9505,-86.76617,True,0,0,0,,,,,,,,
102303740,Crashes_2010_2019_MPO,2019-02-12,2019,36.04128,-86.72665,False,0,0,0,,,,,,,,
102304028,Crashes_2010_2019_MPO,2019-02-12,2019,36.03652,-86.80101,True,0,0,0,,,,,,,,
102303923,Crashes_2010_2019_MPO,2019-02-12,2019,36.04082,-86.7733,False,0,0,0,,,,,,,,
102305187,Crashes_2010_2019_MPO,2019-02-13,2019,35.92957,-86.84187,False,0,0,0,,,,,,,,
102305018,Crashes_2010_2019_MPO,2019-02-13,2019,35.94687,-86.85168,False,0,0,0,,,,,,,,
102304638,Crashes_2010_2019_MPO,2019-02-13,2019,36.05473,-86.74162,False,0,0,0,,,,,,,,
102304701,Crashes_2010_2019_MPO,2019-02-13,2019,36.04424,-86.71313,False,0,1,0,,,,,,,,
102305095,Crashes_2010_2019_MPO,2019-02-13,2019,35.92417,-86.8757,False,0,0,0,,,,,,,,
102305032,Crashes_2010_2019_MPO,2019-02-13,2019,36.01978,-86.74213,False,0,0,0,,,,,,,,
102304602,Crashes_2010_2019_MPO,2019-02-13,2019,36.03412,-86.81343,True,0,0,0,,,,,,,,
102304631,Crashes_2010_2019_MPO,2019-02-13,2019,36.04441,-86.78039,False,0,0,0,,,,,,,,
102305003,Crashes_2010_2019_MPO,2019-02-13,2019,36.03899,-86.78258,False,0,0,0,,,,,,,,
102305151,Crashes_2010_2019_MPO,2019-02-13,2019,36.03545,-86.74351,False,0,0,0,,,,,,,,
102305009,Crashes_2010_2019_MPO,2019-02-13,2019,36.00067,-86.69485,False,0,0,0,,,,,,,,
102305360,Crashes_2010_2019_MPO,2019-02-14,2019,35.98313,-86.71997,True,0,0,0,,,,,,,,
102305877,Crashes_2010_2019_MPO,2019-02-14,2019,35.96609,-86.80444,True,0,0,0,,,,,,,,
102308302,Crashes_2010_2019_MPO,2019-02-14,2019,35.93215,-86.79441,False,0,0,0,,,,,,,,
102305930,Crashes_2010_2019_MPO,2019-02-14,2019,36.03553,-86.783,False,0,0,0,,,,,,,,
102306161,Crashes_2010_2019_MPO,2019-02-14,2019,36.0409,-86.77938,False,0,0,0,,,,,,,,
102306113,Crashes_2010_2019_MPO,2019-02-14,2019,36.02655,-86.71289,False,0,0,0,,,,,,,,