record_no,source_layer,collision_ts,crash_year,latitude,longitude,in_city,fatalities,non_motorists,truck_involved,serious_injuries,pedestrian,bicycle,crash_type,manner_of_collision,lighting,weather,first_harmful_event
102305931,Crashes_2010_2019_MPO,2019-02-14,2019,36.03491,-86.78307,True,0,0,0,,,,,,,,
102305942,Crashes_2010_2019_MPO,2019-02-14,2019,36.03983,-86.74103,False,0,0,0,,,,,,,,
102305834,Crashes_2010_2019_MPO,2019-02-14,2019,36.03275,-86.77084,False,0,0,0,,,,,,,,
102306491,Crashes_2010_2019_MPO,2019-02-14,2019,35.92716,-86.73801,False,0,0,0,,,,,,,,
102305298,Crashes_2010_2019_MPO,2019-02-14,2019,36.0374,-86.78657,False,0,0,0,,,,,,,,
102305900,Crashes_2010_2019_MPO,2019-02-14,2019,35.95224,-86.81899,False,0,0,0,,,,,,,,
102305970,Crashes_2010_2019_MPO,2019-02-14,2019,36.03047,-86.74398,False,0,0,0,,,,,,,,
102306980,Crashes_2010_2019_MPO,2019-02-15,2019,35.98822,-86.81564,True,0,0,0,,,,,,,,
102306944,Crashes_2010_2019_MPO,2019-02-15,2019,36.04691,-86.86113,False,0,0,0,,,,,,,,
102307005,Crashes_2010_2019_MPO,2019-02-15,2019,36.03748,-86.76855,False,0,0,0,,,,,,,,
102306547,Crashes_2010_2019_MPO,2019-02-15,2019,35.97834,-86.77684,True,0,0,0,,,,,,,,
102313546,Crashes_2010_2019_MPO,2019-02-15,2019,35.93371,-86.81752,False,0,0,0,,,,,,,,
102306184,Crashes_2010_2019_MPO,2019-02-15,2019,35.97334,-86.83305,True,0,0,0,,,,,,,,
102306983,Crashes_2010_2019_MPO,2019-02-15,2019,36.03354,-86.80034,True,0,0,0,,,,,,,,
102307100,Crashes_2010_2019_MPO,2019-02-15,2019,36.00053,-86.80852,True,0,0,0,,,,,,,,
102307698,Crashes_2010_2019_MPO,2019-02-15,2019,35.95215,-86.81842,False,0,0,0,,,,,,,,
102308304,Crashes_2010_2019_MPO,2019-02-15,2019,35.92316,-86.81661,False,0,0,0,,,,,,,,
102306859,Crashes_2010_2019_MPO,2019-02-15,2019,35.96433,-86.73277,True,0,0,0,,,,,,,,
102307106,Crashes_2010_2019_MPO,2019-02-15,2019,35.9913,-86.67947,False,0,0,0,,,,,,,,
102307107,Crashes_2010_2019_MPO,2019-02-15,2019,35.94339,-86.82221,False,0,0,0,,,,,,,,
102310448,Crashes_2010_2019_MPO,2019-02-15,2019,36.04968,-86.71386,False,0,0,0,,,,,,,,
102306838,Crashes_2010_2019_MPO,2019-02-15,2019,35.961772,-86.80173,True,0,0,0,,,,,,,,
102307105,Crashes_2010_2019_MPO,2019-02-15,2019,35.96709,-86.8111,True,0,0,0,,,,,,,,
102307434,Crashes_2010_2019_MPO,2019-02-16,2019,36.03327,-86.7839,True,0,0,0,,,,,,,,
102307880,Crashes_2010_2019_MPO,2019-02-16,2019,35.9578,-86.80259,False,0,0,0,,,,,,,,
102307882,Crashes_2010_2019_MPO,2019-02-16,2019,36.03133,-86.67945,False,0,0,0,,,,,,,,
102307340,Crashes_2010_2019_MPO,2019-02-16,2019,36.05291,-86.68771,False,0,0,0,,,,,,,,
102307535,Crashes_2010_2019_MPO,2019-02-16,2019,36.02293,-86.70972,False,0,0,0,,,,,,,,
102307542,Crashes_2010_2019_MPO,2019-02-16,2019,36.03899,-86.78258,False,0,0,0,,,,,,,,
102309646,Crashes_2010_2019_MPO,2019-02-16,2019,35.9273,-86.7399,False,0,0,0,,,,,,,,
102307879,Crashes_2010_2019_MPO,2019-02-16,2019,35.93215,-86.79441,False,0,0,0,,,,,,,,
102308460,Crashes_2010_2019_MPO,2019-02-17,2019,35.94114,-86.83623,False,0,0,0,,,,,,,,
102308488,Crashes_2010_2019_MPO,2019-02-17,2019,35.94616,-86.80856,False,0,0,0,,,,,,,,
102308629,Crashes_2010_2019_MPO,2019-02-17,2019,35.94914,-86.81972,False,0,0,0,,,,,,,,
102309954,Crashes_2010_2019_MPO,2019-02-17,2019,36.02619,-86.78479,True,0,0,0,,,,,,,,
102308340,Crashes_2010_2019_MPO,2019-02-17,2019,36.02346,-86.68812,False,0,0,0,,,,,,,,
102308678,Crashes_2010_2019_MPO,2019-02-17,2019,35.9476,-86.81992,False,0,0,0,,,,,,,,
102308376,Crashes_2010_2019_MPO,2019-02-17,2019,35.99687,-86.68989,False,0,0,0,,,,,,,,
102309376,Crashes_2010_2019_MPO,2019-02-18,2019,35.99152,-86.78756,True,0,0,0,,,,,,,,
102309323,Crashes_2010_2019_MPO,2019-02-18,2019,35.9667,-86.81121,True,0,0,0,,,,,,,,
102308940,Crashes_2010_2019_MPO,2019-02-18,2019,35.96511,-86.80859,False,0,0,0,,,,,,,,
102309375,Crashes_2010_2019_MPO,2019-02-18,2019,35.96518,-86.80029,True,0,0,0,,,,,,,,
102309390,Crashes_2010_2019_MPO,2019-02-18,2019,36.02423,-86.78347,True,0,0,0,,,,,,,,
102314570,Crashes_2010_2019_MPO,2019-02-18,2019,36.03421,-86.78314,True,0,0,0,,,,,,,,
102310185,Crashes_2010_2019_MPO,2019-02-18,2019,35.97705,-86.87528,False,0,0,0,,,,,,,,
102309468,Crashes_2010_2019_MPO,2019-02-18,2019,36.02976,-86.78394,True,0,0,0,,,,,,,,
102309431,Crashes_2010_2019_MPO,2019-02-18,2019,35.96528,-86.80035,True,0,0,0,,,,,,,,
102308976,Crashes_2010_2019_MPO,2019-02-18,2019,36.04675,-86.71343,False,0,0,0,,,,,,,,
102309091,Crashes_2010_2019_MPO,2019-02-18,2019,35.93374,-86.81767,False,0,0,0,,,,,,,,
102309324,Crashes_2010_2019_MPO,2019-02-18,2019,35.95607,-86.81718,False,0,0,0,,,,,,,,
102309494,Crashes_2010_2019_MPO,2019-02-18,2019,36.0374,-86.78657,False,0,0,0,,,,,,,,
102308910,Crashes_2010_2019_MPO,2019-02-18,2019,35.94782,-86.81975,False,0,0,0,,,,,,,,
102314595,Crashes_2010_2019_MPO,2019-02-18,2019,35.97452,-86.8047,True,0,0,0,,,,,,,,
102310214,Crashes_2010_2019_MPO,2019-02-19,2019,35.98986,-86.74385,True,0,0,0,,,,,,,,
102309787,Crashes_2010_2019_MPO,2019-02-19,2019,36.04125,-86.7783,False,0,0,0,,,,,,,,
102310361,Crashes_2010_2019_MPO,2019-02-19,2019,36.04507,-86.71322,False,0,0,0,,,,,,,,
102310646,Crashes_2010_2019_MPO,2019-02-19,2019,36.01286,-86.80081,True,0,0,0,,,,,,,,
102315704,Crashes_2010_2019_MPO,2019-02-19,2019,35.92641,-86.82447,False,0,0,0,,,,,,,,
102311031,Crashes_2010_2019_MPO,2019-02-20,2019,35.94967,-86.81918,False,0,0,0,,,,,,,,
102310902,Crashes_2010_2019_MPO,2019-02-20,2019,36.03988,-86.81642,False,0,0,0,,,,,,,,
102310817,Crashes_2010_2019_MPO,2019-02-20,2019,36.01286,-86.80081,True,0,0,0,,,,,,,,
102310990,Crashes_2010_2019_MPO,2019-02-20,2019,36.03625,-86.79051,True,0,0,0,,,,,,,,
102311139,Crashes_2010_2019_MPO,2019-02-20,2019,36.04803,-86.77634,False,0,0,0,,,,,,,,
102310820,Crashes_2010_2019_MPO,2019-02-20,2019,36.01255,-86.80104,True,0,0,0,,,,,,,,
102311008,Crashes_2010_2019_MPO,2019-02-20,2019,35.93292,-86.81159,False,0,0,0,,,,,,,,
102310916,Crashes_2010_2019_MPO,2019-02-20,2019,35.98542,-86.73156,True,0,0,0,,,,,,,,
102310712,Crashes_2010_2019_MPO,2019-02-20,2019,36.03517,-86.76871,False,0,0,0,,,,,,,,
102310774,Crashes_2010_2019_MPO,2019-02-20,2019,36.03751,-86.78574,False,0,0,0,,,,,,,,
102310971,Crashes_2010_2019_MPO,2019-02-20,2019,35.97106,-86.8111,True,0,0,0,,,,,,,,
102314116,Crashes_2010_2019_MPO,2019-02-20,2019,36.01689,-86.78609,True,0,0,0,,,,,,,,
102310675,Crashes_2010_2019_MPO,2019-02-20,2019,36.04594,-86.86388,False,0,0,0,,,,,,,,
102311029,Crashes_2010_2019_MPO,2019-02-20,2019,36.04522,-86.71479,False,0,0,0,,,,,,,,
102311268,Crashes_2010_2019_MPO,2019-02-21,2019,36.0339,-86.69274,False,0,0,0,,,,,,,,
102312030,Crashes_2010_2019_MPO,2019-02-21,2019,36.01756,-86.79759,True,0,0,0,,,,,,,,
102311901,Crashes_2010_2019_MPO,2019-02-21,2019,36.03219,-86.81755,True,0,0,0,,,,,,,,
102311820,Crashes_2010_2019_MPO,2019-02-21,2019,36.01333,-86.80271,True,0,0,0,,,,,,,,
102311926,Crashes_2010_2019_MPO,2019-02-21,2019,35.96633,-86.81,False,0,0,0,,,,,,,,
102312563,Crashes_2010_2019_MPO,2019-02-21,2019,36.03611,-86.79483,True,0,0,0,,,,,,,,
102312130,Crashes_2010_2019_MPO,2019-02-21,2019,36.04999,-86.70301,False,0,0,0,,,,,,,,
102311755,Crashes_2010_2019_MPO,2019-02-21,2019,36.04725,-86.8625,False,0,0,0,,,,,,,,
102312152,Crashes_2010_2019_MPO,2019-02-21,2019,35.9444,-86.81541,False,0,0,0,,,,,,,,
102311604,Crashes_2010_2019_MPO,2019-02-21,2019,35.92546,-86.87275,False,0,0,0,,,,,,,,
102313761,Crashes_2010_2019_MPO,2019-02-22,2019,35.96031,-86.8112,False,0,0,0,,,,,,,,
102312399,Crashes_2010_2019_MPO,2019-02-22,2019,35.9771,-86.77135,True,0,0,0,,,,,,,,
102312699,Crashes_2010_2019_MPO,2019-02-22,2019,35.96146,-86.73833,True,0,0,0,,,,,,,,
102314836,Crashes_2010_2019_MPO,2019-02-22,2019,36.03398,-86.78341,True,0,0,0,,,,,,,,
102312681,Crashes_2010_2019_MPO,2019-02-22,2019,36.04569,-86.7133,False,0,0,0,,,,,,,,
102312817,Crashes_2010_2019_MPO,2019-02-22,2019,36.0425,-86.82682,False,0,0,0,,,,,,,,
102313556,Crashes_2010_2019_MPO,2019-02-22,2019,35.95062,-86.81855,False,0,0,0,,,,,,,,
102312724,Crashes_2010_2019_MPO,2019-02-22,2019,36.03473,-86.78793,True,0,0,0,,,,,,,,
102312727,Crashes_2010_2019_MPO,2019-02-22,2019,36.04064,-86.77152,False,0,0,0,,,,,,,,
102312902,Crashes_2010_2019_MPO,2019-02-22,2019,36.04737,-86.7135,False,0,0,0,,,,,,,,
102312449,Crashes_2010_2019_MPO,2019-02-22,2019,35.9667,-86.81121,True,0,0,0,,,,,,,,
102313061,Crashes_2010_2019_MPO,2019-02-22,2019,35.936,-86.8256,False,0,0,0,,,,,,,,
102313618,Crashes_2010_2019_MPO,2019-02-23,2019,36.04609,-86.71106,False,0,0,0,,,,,,,,
102313196,Crashes_2010_2019_MPO,2019-02-23,2019,35.96705,-86.81355,True,0,0,0,,,,,,,,
102313311,Crashes_2010_2019_MPO,2019-02-23,2019,36.04032,-86.76875,False,0,0,0,,,,,,,,
102313364,Crashes_2010_2019_MPO,2019-02-23,2019,36.04537,-86.71326,False,0,0,0,,,,,,,,
102313293,Crashes_2010_2019_MPO,2019-02-23,2019,35.9325,-86.86247,False,0,0,0,,,,,,,,
102313320,Crashes_2010_2019_MPO,2019-02-23,2019,36.03256,-86.7687,False,0,0,0,,,,,,,,
102314724,Crashes_2010_2019_MPO,2019-02-23,2019,35.968658,-86.80738,True,0,0,0,,,,,,,,
102313272,Crashes_2010_2019_MPO,2019-02-23,2019,36.03551,-86.78748,True,0,0,0,,,,,,,,
102313522,Crashes_2010_2019_MPO,2019-02-23,2019,35.94722,-86.81251,False,0,0,0,,,,,,,,
102313529,Crashes_2010_2019_MPO,2019-02-23,2019,36.04537,-86.71326,False,0,0,0,,,,,,,,
102314274,Crashes_2010_2019_MPO,2019-02-24,2019,35.97148,-86.806,True,0,0,0,,,,,,,,
102313934,Crashes_2010_2019_MPO,2019-02-24,2019,35.9654,-86.70256,False,0,0,0,,,,,,,,
102313852,Crashes_2010_2019_MPO,2019-02-24,2019,36.04231,-86.72652,False,0,0,0,,,,,,,,
102314297,Crashes_2010_2019_MPO,2019-02-24,2019,35.95899,-86.81594,False,0,0,0,,,,,,,,
102314637,Crashes_2010_2019_MPO,2019-02-25,2019,35.94989,-86.76624,True,0,0,0,,,,,,,,
102315238,Crashes_2010_2019_MPO,2019-02-25,2019,35.95347,-86.81598,False,0,0,0,,,,,,,,
102314925,Crashes_2010_2019_MPO,2019-02-25,2019,36.01985,-86.74187,False,0,0,0,,,,,,,,
102314767,Crashes_2010_2019_MPO,2019-02-25,2019,35.94821,-86.81995,False,0,0,0,,,,,,,,
102314789,Crashes_2010_2019_MPO,2019-02-25,2019,35.99922,-86.80923,True,0,0,0,,,,,,,,
102315043,Crashes_2010_2019_MPO,2019-02-25,2019,35.9899,-86.7441,True,0,0,0,,,,,,,,
102314633,Crashes_2010_2019_MPO,2019-02-25,2019,36.04241,-86.7822,False,0,0,0,,,,,,,,
102314613,Crashes_2010_2019_MPO,2019-02-25,2019,35.95029,-86.7637,True,0,0,0,,,,,,,,
102315040,Crashes_2010_2019_MPO,2019-02-25,2019,36.04393,-86.76221,False,0,0,0,,,,,,,,
102315316,Crashes_2010_2019_MPO,2019-02-25,2019,36.04888,-86.74358,False,0,0,0,,,,,,,,
102315264,Crashes_2010_2019_MPO,2019-02-25,2019,36.05469,-86.71534,False,0,0,0,,,,,,,,
102315092,Crashes_2010_2019_MPO,2019-02-25,2019,35.94892,-86.8196,False,0,0,0,,,,,,,,
102314996,Crashes_2010_2019_MPO,2019-02-25,2019,35.93551,-86.82401,False,0,0,0,,,,,,,,
102314971,Crashes_2010_2019_MPO,2019-02-25,2019,36.00992,-86.80298,True,0,0,0,,,,,,,,
102315041,Crashes_2010_2019_MPO,2019-02-25,2019,36.0409,-86.77938,False,0,0,0,,,,,,,,
102316823,Crashes_2010_2019_MPO,2019-02-26,2019,36.03371,-86.78344,True,0,0,0,,,,,,,,
102317705,Crashes_2010_2019_MPO,2019-02-26,2019,35.95694,-86.80337,False,0,0,0,,,,,,,,
102315495,Crashes_2010_2019_MPO,2019-02-26,2019,36.03837,-86.78422,False,0,0,0,,,,,,,,
102329753,Crashes_2010_2019_MPO,2019-02-26,2019,35.95978,-86.81009,False,0,0,0,,,,,,,,
102315509,Crashes_2010_2019_MPO,2019-02-26,2019,35.93219,-86.79405,False,0,0,0,,,,,,,,
102316062,Crashes_2010_2019_MPO,2019-02-26,2019,36.01538,-86.70566,False,0,0,0,,,,,,,,
102316070,Crashes_2010_2019_MPO,2019-02-26,2019,36.0135,-86.80382,True,0,0,0,,,,,,,,
102315796,Crashes_2010_2019_MPO,2019-02-26,2019,36.02644,-86.78491,True,0,0,0,,,,,,,,
102316083,Crashes_2010_2019_MPO,2019-02-26,2019,35.97323,-86.8054,True,0,0,0,,,,,,,,
102315549,Crashes_2010_2019_MPO,2019-02-26,2019,35.97878,-86.75282,True,0,0,0,,,,,,,,
102316174,Crashes_2010_2019_MPO,2019-02-26,2019,36.03919,-86.78277,False,0,0,0,,,,,,,,
102316580,Crashes_2010_2019_MPO,2019-02-26,2019,36.03509,-86.79137,True,0,0,0,,,,,,,,
102315998,Crashes_2010_2019_MPO,2019-02-26,2019,35.97217,-86.8607,False,0,0,0,,,,,,,,
102315838,Crashes_2010_2019_MPO,2019-02-26,2019,35.95534,-86.82664,False,0,0,0,,,,,,,,
102316215,Crashes_2010_2019_MPO,2019-02-26,2019,36.04368,-86.78145,False,0,0,0,,,,,,,,
102317202,Crashes_2010_2019_MPO,2019-02-26,2019,35.96133,-86.81226,False,0,0,0,,,,,,,,
102316071,Crashes_2010_2019_MPO,2019-02-26,2019,36.04238,-86.86699,True,0,0,0,,,,,,,,
102316693,Crashes_2010_2019_MPO,2019-02-27,2019,36.01367,-86.7045,False,0,0,0,,,,,,,,
102316605,Crashes_2010_2019_MPO,2019-02-27,2019,36.02899,-86.85975,False,0,0,0,,,,,,,,
102316873,Crashes_2010_2019_MPO,2019-02-27,2019,35.94048,-86.83306,False,0,0,0,,,,,,,,
102316695,Crashes_2010_2019_MPO,2019-02-27,2019,35.96688,-86.81117,True,0,0,0,,,,,,,,
102317015,Crashes_2010_2019_MPO,2019-02-27,2019,36.04026,-86.8164,False,0,0,0,,,,,,,,
102316975,Crashes_2010_2019_MPO,2019-02-27,2019,35.95209,-86.81805,False,0,0,0,,,,,,,,
102317018,Crashes_2010_2019_MPO,2019-02-27,2019,35.92269,-86.81447,False,0,0,0,,,,,,,,
102316921,Crashes_2010_2019_MPO,2019-02-27,2019,35.9662,-86.80795,True,0,0,0,,,,,,,,
102316395,Crashes_2010_2019_MPO,2019-02-27,2019,36.03956,-86.78169,False,0,0,0,,,,,,,,
102317019,Crashes_2010_2019_MPO,2019-02-27,2019,35.92302,-86.8166,False,0,0,0,,,,,,,,
102316551,Crashes_2010_2019_MPO,2019-02-27,2019,35.99591,-86.78312,True,0,0,0,,,,,,,,
102317184,Crashes_2010_2019_MPO,2019-02-27,2019,35.95218,-86.81864,False,0,0,0,,,,,,,,
102316918,Crashes_2010_2019_MPO,2019-02-27,2019,36.01301,-86.80069,True,0,0,0,,,,,,,,
102317016,Crashes_2010_2019_MPO,2019-02-27,2019,35.9992,-86.7956,True,0,0,0,,,,,,,,
102317086,Crashes_2010_2019_MPO,2019-02-27,2019,36.0417,-86.74862,False,0,0,0,,,,,,,,
102317247,Crashes_2010_2019_MPO,2019-02-27,2019,36.00344,-86.69794,False,0,0,0,,,,,,,,
102317697,Crashes_2010_2019_MPO,2019-02-28,2019,35.96688,-86.81117,True,0,0,0,,,,,,,,
102317633,Crashes_2010_2019_MPO,2019-02-28,2019,35.95078,-86.80647,False,0,0,0,,,,,,,,
102317707,Crashes_2010_2019_MPO,2019-02-28,2019,35.94228,-86.85535,False,0,0,0,,,,,,,,
102317805,Crashes_2010_2019_MPO,2019-02-28,2019,35.99945,-86.69343,False,0,0,0,,,,,,,,
102318667,Crashes_2010_2019_MPO,2019-03-01,2019,36.007569,-86.739155,True,0,0,0,,,,,,,,
102318262,Crashes_2010_2019_MPO,2019-03-01,2019,36.04882,-86.86826,False,0,0,0,,,,,,,,
102321679,Crashes_2010_2019_MPO,2019-03-01,2019,35.95229,-86.80103,False,0,0,0,,,,,,,,
102318287,Crashes_2010_2019_MPO,2019-03-01,2019,36.01238,-86.70361,False,0,0,0,,,,,,,,
102318810,Crashes_2010_2019_MPO,2019-03-01,2019,35.96461,-86.81462,True,0,0,0,,,,,,,,
102318419,Crashes_2010_2019_MPO,2019-03-01,2019,35.94772,-86.81937,False,0,0,0,,,,,,,,
102322509,Crashes_2010_2019_MPO,2019-03-01,2019,35.96667,-86.81095,True,0,0,0,,,,,,,,
102318882,Crashes_2010_2019_MPO,2019-03-01,2019,36.03047,-86.74398,False,0,0,1,,,,,,,,
102318381,Crashes_2010_2019_MPO,2019-03-01,2019,35.96458,-86.81449,False,0,0,0,,,,,,,,
102318462,Crashes_2010_2019_MPO,2019-03-01,2019,35.94257,-86.82086,False,0,0,0,,,,,,,,
102318271,Crashes_2010_2019_MPO,2019-03-01,2019,35.95734,-86.69329,False,0,0,0,,,,,,,,
102318666,Crashes_2010_2019_MPO,2019-03-01,2019,36.03611,-86.79483,True,0,0,0,,,,,,,,
102319227,Crashes_2010_2019_MPO,2019-03-01,2019,35.93273,-86.87955,False,0,0,0,,,,,,,,
102318673,Crashes_2010_2019_MPO,2019-03-01,2019,35.934,-86.81878,False,0,0,0,,,,,,,,
102318249,Crashes_2010_2019_MPO,2019-03-01,2019,36.03091,-86.69971,False,0,0,0,,,,,,,,
102318846,Crashes_2010_2019_MPO,2019-03-01,2019,35.9667,-86.81121,True,0,0,0,,,,,,,,
102319264,Crashes_2010_2019_MPO,2019-03-02,2019,36.04805,-86.67875,False,0,0,0,,,,,,,,
102319860,Crashes_2010_2019_MPO,2019-03-02,2019,35.9652,-86.81141,False,0,0,0,,,,,,,,
102319354,Crashes_2010_2019_MPO,2019-03-02,2019,36.03016,-86.79048,True,0,0,0,,,,,,,,
102320288,Crashes_2010_2019_MPO,2019-03-02,2019,35.96154,-86.81217,False,0,0,0,,,,,,,,
102319625,Crashes_2010_2019_MPO,2019-03-02,2019,36.04537,-86.71326,False,0,0,0,,,,,,,,
102319265,Crashes_2010_2019_MPO,2019-03-02,2019,36.04308,-86.69138,False,0,0,0,,,,,,,,
102319295,Crashes_2010_2019_MPO,2019-03-02,2019,35.93971,-86.67972,False,0,0,0,,,,,,,,
102319581,Crashes_2010_2019_MPO,2019-03-02,2019,36.02051,-86.68089,False,0,0,0,,,,,,,,
102320229,Crashes_2010_2019_MPO,2019-03-03,2019,36.03736,-86.78975,False,0,0,0,,,,,,,,
102320449,Crashes_2010_2019_MPO,2019-03-03,2019,35.93664,-86.76804,False,0,0,0,,,,,,,,
102320473,Crashes_2010_2019_MPO,2019-03-03,2019,36.05474,-86.71535,False,0,0,0,,,,,,,,
102320196,Crashes_2010_2019_MPO,2019-03-03,2019,35.95046,-86.81888,False,0,0,0,,,,,,,,
102320195,Crashes_2010_2019_MPO,2019-03-03,2019,36.03896,-86.81084,False,0,0,0,,,,,,,,
102320069,Crashes_2010_2019_MPO,2019-03-03,2019,36.04218,-86.7037,False,0,0,0,,,,,,,,
102320502,Crashes_2010_2019_MPO,2019-03-03,2019,36.05366,-86.71502,False,0,0,0,,,,,,,,
102319965,Crashes_2010_2019_MPO,2019-03-03,2019,36.0357,-86.71331,False,0,0,0,,,,,,,,
102320567,Crashes_2010_2019_MPO,2019-03-03,2019,35.99848,-86.69213,False,0,0,0,,,,,,,,
102320156,Crashes_2010_2019_MPO,2019-03-03,2019,35.9953,-86.81131,True,0,0,0,,,,,,,,
102320903,Crashes_2010_2019_MPO,2019-03-03,2019,35.96487,-86.82216,True,0,0,0,,,,,,,,
102320177,Crashes_2010_2019_MPO,2019-03-03,2019,36.04149,-86.71098,False,0,0,0,,,,,,,,
102320936,Crashes_2010_2019_MPO,2019-03-04,2019,36.04484,-86.7132,False,0,0,0,,,,,,,,
102321005,Crashes_2010_2019_MPO,2019-03-04,2019,35.99559,-86.68803,False,0,0,0,,,,,,,,
102321760,Crashes_2010_2019_MPO,2019-03-04,2019,36.0376,-86.78652,False,0,0,0,,,,,,,,
102321280,Crashes_2010_2019_MPO,2019-03-04,2019,35.96113,-86.81289,False,0,0,0,,,,,,,,
102321020,Crashes_2010_2019_MPO,2019-03-04,2019,35.93818,-86.76804,False,0,0,0,,,,,,,,
102320945,Crashes_2010_2019_MPO,2019-03-04,2019,36.03969,-86.73917,False,0,0,0,,,,,,,,
102321147,Crashes_2010_2019_MPO,2019-03-04,2019,35.93652,-86.83567,False,0,0,1,,,,,,,,
102320677,Crashes_2010_2019_MPO,2019-03-04,2019,35.99734,-86.79486,True,0,0,0,,,,,,,,
102320940,Crashes_2010_2019_MPO,2019-03-04,2019,35.94447,-86.81982,False,0,0,0,,,,,,,,
102320707,Crashes_2010_2019_MPO,2019-03-04,2019,35.95254,-86.81233,False,0,0,0,,,,,,,,
102320941,Crashes_2010_2019_MPO,2019-03-04,2019,35.93798,-86.80559,False,0,0,0,,,,,,,,
102320771,Crashes_2010_2019_MPO,2019-03-04,2019,35.998255,-86.803265,True,0,0,0,,,,,,,,
102320948,Crashes_2010_2019_MPO,2019-03-04,2019,35.94722,-86.82141,False,0,0,0,,,,,,,,
102321089,Crashes_2010_2019_MPO,2019-03-04,2019,35.99794,-86.79999,True,0,0,0,,,,,,,,
102320769,Crashes_2010_2019_MPO,2019-03-04,2019,35.99596,-86.81096,True,0,0,0,,,,,,,,
102321246,Crashes_2010_2019_MPO,2019-03-04,2019,36.04095,-86.75083,False,0,0,0,,,,,,,,
102321698,Crashes_2010_2019_MPO,2019-03-05,2019,35.99683,-86.68657,False,0,0,0,,,,,,,,
102323229,Crashes_2010_2019_MPO,2019-03-05,2019,36.03113,-86.83531,True,0,0,0,,,,,,,,
102322049,Crashes_2010_2019_MPO,2019-03-05,2019,36.03755,-86.79217,False,0,0,0,,,,,,,,
102322114,Crashes_2010_2019_MPO,2019-03-05,2019,35.93219,-86.79405,False,0,0,0,,,,,,,,
102322088,Crashes_2010_2019_MPO,2019-03-05,2019,35.92317,-86.81685,False,0,0,0,,,,,,,,
102321552,Crashes_2010_2019_MPO,2019-03-05,2019,35.93219,-86.79405,False,0,0,0,,,,,,,,
102321645,Crashes_2010_2019_MPO,2019-03-05,2019,35.99824,-86.75796,True,0,0,0,,,,,,,,
102321783,Crashes_2010_2019_MPO,2019-03-05,2019,35.97502,-86.83688,False,0,0,0,,,,,,,,
102322755,Crashes_2010_2019_MPO,2019-03-05,2019,35.94329,-86.80957,False,0,0,0,,,,,,,,
102322594,Crashes_2010_2019_MPO,2019-03-05,2019,35.9579,-86.80257,False,0,0,0,,,,,,,,
102322112,Crashes_2010_2019_MPO,2019-03-05,2019,35.9343,-86.86109,False,0,0,0,,,,,,,,
102322756,Crashes_2010_2019_MPO,2019-03-06,2019,35.94791,-86.81939,False,0,0,0,,,,,,,,
102322932,Crashes_2010_2019_MPO,2019-03-06,2019,35.99922,-86.80923,True,0,0,0,,,,,,,,
102322484,Crashes_2010_2019_MPO,2019-03-06,2019,36.04022,-86.78056,False,0,0,0,,,,,,,,
102323040,Crashes_2010_2019_MPO,2019-03-06,2019,36.04525,-86.71442,False,0,0,0,,,,,,,,
102322531,Crashes_2010_2019_MPO,2019-03-06,2019,35.9872,-86.82892,False,0,0,0,,,,,,,,
102323475,Crashes_2010_2019_MPO,2019-03-06,2019,35.96662,-86.80919,True,0,0,0,,,,,,,,
102323087,Crashes_2010_2019_MPO,2019-03-06,2019,36.04084,-86.77347,False,0,0,0,,,,,,,,
102322473,Crashes_2010_2019_MPO,2019-03-06,2019,36.01525,-86.78562,True,0,0,0,,,,,,,,
102323037,Crashes_2010_2019_MPO,2019-03-06,2019,36.04026,-86.8164,False,0,0,0,,,,,,,,
102322893,Crashes_2010_2019_MPO,2019-03-06,2019,35.97775,-86.71689,True,0,0,0,,,,,,,,
102322533,Crashes_2010_2019_MPO,2019-03-06,2019,36.04529,-86.71325,False,0,0,0,,,,,,,,
102322521,Crashes_2010_2019_MPO,2019-03-06,2019,35.98991,-86.74423,True,0,0,0,,,,,,,,
102322486,Crashes_2010_2019_MPO,2019-03-06,2019,35.9506,-86.67993,False,0,0,0,,,,,,,,
102322993,Crashes_2010_2019_MPO,2019-03-06,2019,35.99475,-86.76957,True,0,0,0,,,,,,,,
102322939,Crashes_2010_2019_MPO,2019-03-06,2019,35.94765,-86.81971,False,0,0,0,,,,,,,,
102323906,Crashes_2010_2019_MPO,2019-03-06,2019,35.96133,-86.81226,False,0,0,0,,,,,,,,
102322740,Crashes_2010_2019_MPO,2019-03-06,2019,35.93503,-86.86058,False,0,0,0,,,,,,,,
102322814,Crashes_2010_2019_MPO,2019-03-06,2019,35.93451,-86.86097,False,0,0,0,,,,,,,,
102322524,Crashes_2010_2019_MPO,2019-03-06,2019,35.99864,-86.80592,True,0,0,0,,,,,,,,
102322631,Crashes_2010_2019_MPO,2019-03-06,2019,35.9862,-86.87082,False,0,0,0,,,,,,,,
102322604,Crashes_2010_2019_MPO,2019-03-06,2019,36.04624,-86.67666,False,0,0,0,,,,,,,,
102323032,Crashes_2010_2019_MPO,2019-03-06,2019,36.03753,-86.78552,False,0,0,0,,,,,,,,
102322655,Crashes_2010_2019_MPO,2019-03-06,2019,36.03236,-86.76526,False,0,0,0,,,,,,,,
102328148,Crashes_2010_2019_MPO,2019-03-07,2019,36.03581,-86.817,True,0,0,0,,,,,,,,
102323634,Crashes_2010_2019_MPO,2019-03-07,2019,35.95365,-86.71909,False,0,0,0,,,,,,,,
102324050,Crashes_2010_2019_MPO,2019-03-07,2019,36.04526,-86.71704,False,0,0,0,,,,,,,,
102323544,Crashes_2010_2019_MPO,2019-03-07,2019,35.96671,-86.809125,True,0,0,0,,,,,,,,
102323823,Crashes_2010_2019_MPO,2019-03-07,2019,35.962797,-86.800298,True,0,0,0,,,,,,,,
102323985,Crashes_2010_2019_MPO,2019-03-07,2019,36.03899,-86.74342,False,0,0,0,,,,,,,,
102323548,Crashes_2010_2019_MPO,2019-03-07,2019,35.96705,-86.81355,True,0,0,0,,,,,,,,
102323414,Crashes_2010_2019_MPO,2019-03-07,2019,35.97635,-86.67818,False,0,0,0,,,,,,,,