record_no,source_layer,collision_ts,crash_year,latitude,longitude,in_city,fatalities,non_motorists,truck_involved,serious_injuries,pedestrian,bicycle,crash_type,manner_of_collision,lighting,weather,first_harmful_event
102324112,Crashes_2010_2019_MPO,2019-03-07,2019,35.96652,-86.809965,True,0,0,0,,,,,,,,
102324737,Crashes_2010_2019_MPO,2019-03-07,2019,36.03491,-86.80378,True,0,0,0,,,,,,,,
102323982,Crashes_2010_2019_MPO,2019-03-07,2019,36.04087,-86.77377,False,0,0,0,,,,,,,,
102323938,Crashes_2010_2019_MPO,2019-03-07,2019,36.03916,-86.86921,False,0,0,0,,,,,,,,
102323935,Crashes_2010_2019_MPO,2019-03-07,2019,36.00712,-86.78811,True,0,0,0,,,,,,,,
102323992,Crashes_2010_2019_MPO,2019-03-07,2019,36.0466,-86.68319,False,0,0,0,,,,,,,,
102323930,Crashes_2010_2019_MPO,2019-03-07,2019,35.97125,-86.83489,False,0,0,0,,,,,,,,
102323861,Crashes_2010_2019_MPO,2019-03-07,2019,35.93815,-86.87681,False,0,0,0,,,,,,,,
102324954,Crashes_2010_2019_MPO,2019-03-08,2019,36.01525,-86.78562,True,0,0,0,,,,,,,,
102324752,Crashes_2010_2019_MPO,2019-03-08,2019,36.04242,-86.71165,False,0,0,0,,,,,,,,
102324288,Crashes_2010_2019_MPO,2019-03-08,2019,36.03983,-86.74099,False,0,0,0,,,,,,,,
102324961,Crashes_2010_2019_MPO,2019-03-08,2019,36.01529,-86.84319,False,0,0,0,,,,,,,,
102325332,Crashes_2010_2019_MPO,2019-03-08,2019,35.99921,-86.80919,True,0,0,0,,,,,,,,
102324739,Crashes_2010_2019_MPO,2019-03-08,2019,35.97878,-86.75282,True,0,0,0,,,,,,,,
102325190,Crashes_2010_2019_MPO,2019-03-08,2019,35.94065,-86.83438,False,0,0,0,,,,,,,,
102324558,Crashes_2010_2019_MPO,2019-03-08,2019,36.03985,-86.74124,False,0,0,0,,,,,,,,
102324929,Crashes_2010_2019_MPO,2019-03-08,2019,36.03257,-86.78152,True,0,0,0,,,,,,,,
102324930,Crashes_2010_2019_MPO,2019-03-08,2019,36.03363,-86.78049,True,0,0,0,,,,,,,,
102324738,Crashes_2010_2019_MPO,2019-03-08,2019,35.96476,-86.81512,True,0,0,0,,,,,,,,
102324864,Crashes_2010_2019_MPO,2019-03-08,2019,35.94164,-86.85584,False,0,0,0,,,,,,,,
102324978,Crashes_2010_2019_MPO,2019-03-08,2019,35.99079,-86.75111,True,0,0,0,,,,,,,,
102325556,Crashes_2010_2019_MPO,2019-03-09,2019,35.94782,-86.81975,False,0,0,0,,,,,,,,
102326032,Crashes_2010_2019_MPO,2019-03-09,2019,36.04995,-86.69229,False,0,0,0,,,,,,,,
102325450,Crashes_2010_2019_MPO,2019-03-09,2019,35.94672,-86.85109,False,0,0,0,,,,,,,,
102325777,Crashes_2010_2019_MPO,2019-03-09,2019,36.01759,-86.76312,True,0,0,0,,,,,,,,
102326051,Crashes_2010_2019_MPO,2019-03-09,2019,36.03314,-86.71291,False,0,0,0,,,,,,,,
102325875,Crashes_2010_2019_MPO,2019-03-09,2019,35.95009,-86.81914,False,0,0,0,,,,,,,,
102325606,Crashes_2010_2019_MPO,2019-03-09,2019,35.96503,-86.81597,True,0,0,0,,,,,,,,
102325669,Crashes_2010_2019_MPO,2019-03-09,2019,35.98153,-86.71138,True,0,0,0,,,,,,,,
102325325,Crashes_2010_2019_MPO,2019-03-09,2019,35.96687,-86.8089,True,0,0,0,,,,,,,,
102325612,Crashes_2010_2019_MPO,2019-03-09,2019,35.96167,-86.81347,False,0,0,0,,,,,,,,
102326622,Crashes_2010_2019_MPO,2019-03-10,2019,36.00676,-86.81116,True,0,0,0,,,,,,,,
102326930,Crashes_2010_2019_MPO,2019-03-10,2019,35.95587,-86.81725,False,0,0,0,,,,,,,,
102326516,Crashes_2010_2019_MPO,2019-03-10,2019,36.03193,-86.783666,True,0,0,0,,,,,,,,
102326932,Crashes_2010_2019_MPO,2019-03-10,2019,35.95712,-86.84299,False,0,0,0,,,,,,,,
102326819,Crashes_2010_2019_MPO,2019-03-10,2019,36.04538,-86.70284,False,0,0,0,,,,,,,,
102326111,Crashes_2010_2019_MPO,2019-03-10,2019,36.05411,-86.77513,False,0,0,0,,,,,,,,
102326563,Crashes_2010_2019_MPO,2019-03-10,2019,35.93005,-86.83847,False,0,0,0,,,,,,,,
102326871,Crashes_2010_2019_MPO,2019-03-10,2019,35.9501,-86.81891,False,0,0,0,,,,,,,,
102326553,Crashes_2010_2019_MPO,2019-03-10,2019,35.95349,-86.81228,False,0,0,0,,,,,,,,
102326931,Crashes_2010_2019_MPO,2019-03-10,2019,35.96135,-86.81227,False,0,0,0,,,,,,,,
102327198,Crashes_2010_2019_MPO,2019-03-10,2019,36.03468,-86.86308,False,0,0,0,,,,,,,,
102327417,Crashes_2010_2019_MPO,2019-03-11,2019,36.04114,-86.76823,False,0,0,0,,,,,,,,
102327199,Crashes_2010_2019_MPO,2019-03-11,2019,36.04795,-86.75752,False,0,0,0,,,,,,,,
102327252,Crashes_2010_2019_MPO,2019-03-11,2019,36.03821,-86.8009,False,0,0,0,,,,,,,,
102327196,Crashes_2010_2019_MPO,2019-03-11,2019,36.04125,-86.77836,False,0,0,0,,,,,,,,
102327571,Crashes_2010_2019_MPO,2019-03-11,2019,36.00983,-86.78054,True,0,0,0,,,,,,,,
102328271,Crashes_2010_2019_MPO,2019-03-11,2019,35.94584,-86.82442,False,0,0,0,,,,,,,,
102327600,Crashes_2010_2019_MPO,2019-03-11,2019,36.04057,-86.77084,False,0,0,0,,,,,,,,
102327459,Crashes_2010_2019_MPO,2019-03-11,2019,36.04553,-86.71159,False,0,0,0,,,,,,,,
102328551,Crashes_2010_2019_MPO,2019-03-12,2019,35.94808,-86.81838,False,0,0,0,,,,,,,,
102327948,Crashes_2010_2019_MPO,2019-03-12,2019,36.04001,-86.74347,False,0,0,0,,,,,,,,
102328145,Crashes_2010_2019_MPO,2019-03-12,2019,35.99781,-86.79886,True,0,0,0,,,,,,,,
102328444,Crashes_2010_2019_MPO,2019-03-12,2019,35.98635,-86.73664,True,0,0,0,,,,,,,,
102328420,Crashes_2010_2019_MPO,2019-03-12,2019,36.03047,-86.74398,False,0,0,0,,,,,,,,
102328679,Crashes_2010_2019_MPO,2019-03-12,2019,36.04088,-86.77381,False,0,0,0,,,,,,,,
102327986,Crashes_2010_2019_MPO,2019-03-12,2019,36.01563,-86.70585,False,0,0,0,,,,,,,,
102328962,Crashes_2010_2019_MPO,2019-03-12,2019,35.99991,-86.7794,True,0,0,0,,,,,,,,
102327991,Crashes_2010_2019_MPO,2019-03-12,2019,36.04196,-86.74394,False,0,0,0,,,,,,,,
102328149,Crashes_2010_2019_MPO,2019-03-12,2019,36.0457,-86.70965,False,0,0,0,,,,,,,,
102329089,Crashes_2010_2019_MPO,2019-03-12,2019,35.94687,-86.85168,False,0,0,0,,,,,,,,
102329059,Crashes_2010_2019_MPO,2019-03-12,2019,35.95081,-86.80689,False,0,0,0,,,,,,,,
102327976,Crashes_2010_2019_MPO,2019-03-12,2019,35.93374,-86.81767,False,0,0,0,,,,,,,,
102328762,Crashes_2010_2019_MPO,2019-03-12,2019,36.04537,-86.71326,False,0,0,0,,,,,,,,
102328521,Crashes_2010_2019_MPO,2019-03-12,2019,35.92482,-86.82224,False,0,0,0,,,,,,,,
102328171,Crashes_2010_2019_MPO,2019-03-12,2019,36.04383,-86.8455,False,0,0,0,,,,,,,,
102328554,Crashes_2010_2019_MPO,2019-03-12,2019,36.01978,-86.74213,False,0,0,0,,,,,,,,
102328238,Crashes_2010_2019_MPO,2019-03-12,2019,36.0473,-86.86274,False,0,0,0,,,,,,,,
102328397,Crashes_2010_2019_MPO,2019-03-12,2019,35.9677,-86.81752,True,0,0,0,,,,,,,,
102328552,Crashes_2010_2019_MPO,2019-03-12,2019,35.9462,-86.87051,False,0,0,0,,,,,,,,
102330075,Crashes_2010_2019_MPO,2019-03-13,2019,35.96589,-86.80316,True,0,0,0,,,,,,,,
102329238,Crashes_2010_2019_MPO,2019-03-13,2019,36.04027,-86.76836,False,0,0,0,,,,,,,,
102330763,Crashes_2010_2019_MPO,2019-03-13,2019,35.9358,-86.71131,False,0,0,0,,,,,,,,
102329171,Crashes_2010_2019_MPO,2019-03-13,2019,35.966824,-86.808877,True,0,0,0,,,,,,,,
102329519,Crashes_2010_2019_MPO,2019-03-13,2019,36.04522,-86.71479,False,0,0,0,,,,,,,,
102329864,Crashes_2010_2019_MPO,2019-03-13,2019,35.94584,-86.82327,False,0,0,0,,,,,,,,
102329249,Crashes_2010_2019_MPO,2019-03-13,2019,36.03983,-86.74099,False,0,0,0,,,,,,,,
102329592,Crashes_2010_2019_MPO,2019-03-13,2019,36.03747,-86.79098,False,0,0,0,,,,,,,,
102329244,Crashes_2010_2019_MPO,2019-03-13,2019,36.03221,-86.78935,True,0,0,0,,,,,,,,
102329414,Crashes_2010_2019_MPO,2019-03-13,2019,36.02041,-86.82063,True,0,0,0,,,,,,,,
102329175,Crashes_2010_2019_MPO,2019-03-13,2019,36.04009,-86.86901,True,0,0,0,,,,,,,,
102329431,Crashes_2010_2019_MPO,2019-03-13,2019,35.98635,-86.73664,True,0,0,0,,,,,,,,
102330101,Crashes_2010_2019_MPO,2019-03-14,2019,36.03904,-86.7825,False,0,0,0,,,,,,,,
102330056,Crashes_2010_2019_MPO,2019-03-14,2019,36.03614,-86.79515,True,0,0,0,,,,,,,,
102330545,Crashes_2010_2019_MPO,2019-03-14,2019,36.0385,-86.72398,False,0,0,0,,,,,,,,
102330000,Crashes_2010_2019_MPO,2019-03-14,2019,36.03991,-86.74207,False,0,0,0,,,,,,,,
102330185,Crashes_2010_2019_MPO,2019-03-14,2019,35.96118,-86.75923,True,0,0,0,,,,,,,,
102331051,Crashes_2010_2019_MPO,2019-03-14,2019,36.02479,-86.8191,True,0,0,0,,,,,,,,
102330703,Crashes_2010_2019_MPO,2019-03-14,2019,36.04546,-86.71224,False,0,0,0,,,,,,,,
102330533,Crashes_2010_2019_MPO,2019-03-14,2019,35.92537,-86.8308,False,0,0,0,,,,,,,,
102330080,Crashes_2010_2019_MPO,2019-03-14,2019,36.023,-86.78688,True,0,0,0,,,,,,,,
102330188,Crashes_2010_2019_MPO,2019-03-14,2019,36.04534,-86.71354,False,0,0,0,,,,,,,,
102330528,Crashes_2010_2019_MPO,2019-03-14,2019,35.94687,-86.85168,False,0,0,0,,,,,,,,
102331061,Crashes_2010_2019_MPO,2019-03-14,2019,35.98111,-86.84624,False,0,0,0,,,,,,,,
102330681,Crashes_2010_2019_MPO,2019-03-14,2019,36.05252,-86.68458,False,0,0,0,,,,,,,,
102359800,Crashes_2010_2019_MPO,2019-03-15,2019,35.96616,-86.81137,False,0,0,0,,,,,,,,
102331647,Crashes_2010_2019_MPO,2019-03-15,2019,35.99733,-86.7968,True,0,0,0,,,,,,,,
102331032,Crashes_2010_2019_MPO,2019-03-15,2019,35.92738,-86.8687,False,0,0,0,,,,,,,,
102331680,Crashes_2010_2019_MPO,2019-03-15,2019,35.9583,-86.8023,False,0,0,0,,,,,,,,
102330940,Crashes_2010_2019_MPO,2019-03-15,2019,36.03989,-86.74182,False,0,0,0,,,,,,,,
102331142,Crashes_2010_2019_MPO,2019-03-15,2019,35.96734,-86.815,True,0,0,0,,,,,,,,
102347698,Crashes_2010_2019_MPO,2019-03-15,2019,35.96501,-86.81135,False,0,0,0,,,,,,,,
102331738,Crashes_2010_2019_MPO,2019-03-15,2019,35.98992,-86.7443,True,0,0,0,,,,,,,,
102330963,Crashes_2010_2019_MPO,2019-03-15,2019,35.99771,-86.79797,True,0,0,0,,,,,,,,
102331388,Crashes_2010_2019_MPO,2019-03-15,2019,35.95469,-86.76689,True,0,0,0,,,,,,,,
102331361,Crashes_2010_2019_MPO,2019-03-15,2019,35.99178,-86.68403,False,0,0,0,,,,,,,,
102330915,Crashes_2010_2019_MPO,2019-03-15,2019,36.05036,-86.87547,False,0,0,0,,,,,,,,
102331086,Crashes_2010_2019_MPO,2019-03-15,2019,35.96421,-86.81079,False,0,0,0,,,,,,,,
102331909,Crashes_2010_2019_MPO,2019-03-15,2019,35.96736,-86.8108,True,0,0,0,,,,,,,,
102331828,Crashes_2010_2019_MPO,2019-03-15,2019,36.04542,-86.71835,False,0,0,0,,,,,,,,
102333903,Crashes_2010_2019_MPO,2019-03-15,2019,36.02876,-86.84692,True,0,0,0,,,,,,,,
102335620,Crashes_2010_2019_MPO,2019-03-16,2019,35.93418,-86.81871,False,0,0,0,,,,,,,,
102332421,Crashes_2010_2019_MPO,2019-03-16,2019,36.02767,-86.79082,True,0,1,0,,,,,,,,
102332993,Crashes_2010_2019_MPO,2019-03-16,2019,36.03956,-86.86945,False,0,0,0,,,,,,,,
102333790,Crashes_2010_2019_MPO,2019-03-16,2019,35.952,-86.73307,True,0,0,0,,,,,,,,
102332625,Crashes_2010_2019_MPO,2019-03-16,2019,36.03747,-86.79098,False,0,0,0,,,,,,,,
102332390,Crashes_2010_2019_MPO,2019-03-16,2019,36.0374,-86.78657,False,0,0,0,,,,,,,,
102332974,Crashes_2010_2019_MPO,2019-03-16,2019,35.96807,-86.82426,False,0,0,0,,,,,,,,
102333073,Crashes_2010_2019_MPO,2019-03-16,2019,35.92584,-86.86759,False,0,1,0,,,,,,,,
102332820,Crashes_2010_2019_MPO,2019-03-16,2019,35.95856,-86.81501,False,0,0,0,,,,,,,,
102332501,Crashes_2010_2019_MPO,2019-03-16,2019,36.04245,-86.71294,False,0,0,0,,,,,,,,
102333516,Crashes_2010_2019_MPO,2019-03-17,2019,36.04044,-86.70638,False,0,0,0,,,,,,,,
102333717,Crashes_2010_2019_MPO,2019-03-17,2019,35.99937,-86.69334,False,0,0,0,,,,,,,,
102333572,Crashes_2010_2019_MPO,2019-03-17,2019,36.00525,-86.79004,True,0,0,0,,,,,,,,
102333477,Crashes_2010_2019_MPO,2019-03-17,2019,36.04272,-86.82888,False,0,0,0,,,,,,,,
102346825,Crashes_2010_2019_MPO,2019-03-17,2019,35.94088,-86.83172,False,0,0,0,,,,,,,,
102333501,Crashes_2010_2019_MPO,2019-03-17,2019,35.9227,-86.87254,False,0,0,0,,,,,,,,
102333554,Crashes_2010_2019_MPO,2019-03-17,2019,35.96651,-86.81127,True,0,0,0,,,,,,,,
102334542,Crashes_2010_2019_MPO,2019-03-18,2019,35.99656,-86.7891,True,0,0,0,,,,,,,,
102333932,Crashes_2010_2019_MPO,2019-03-18,2019,36.03956,-86.7817,False,0,0,0,,,,,,,,
102334179,Crashes_2010_2019_MPO,2019-03-18,2019,36.03114,-86.75146,False,0,0,0,,,,,,,,
102334403,Crashes_2010_2019_MPO,2019-03-18,2019,36.0288,-86.7841,True,0,0,0,,,,,,,,
102334379,Crashes_2010_2019_MPO,2019-03-18,2019,36.03321,-86.78775,True,0,0,0,,,,,,,,
102334042,Crashes_2010_2019_MPO,2019-03-18,2019,36.04414,-86.70182,False,0,0,0,,,,,,,,
102334036,Crashes_2010_2019_MPO,2019-03-18,2019,36.0384,-86.78421,False,0,0,0,,,,,,,,
102334010,Crashes_2010_2019_MPO,2019-03-18,2019,35.99329,-86.81234,True,0,0,0,,,,,,,,
102334610,Crashes_2010_2019_MPO,2019-03-18,2019,36.04202,-86.77612,False,0,0,0,,,,,,,,
102333977,Crashes_2010_2019_MPO,2019-03-18,2019,35.9583,-86.8023,False,0,0,0,,,,,,,,
102340586,Crashes_2010_2019_MPO,2019-03-18,2019,35.99156,-86.79881,True,0,0,0,,,,,,,,
102335231,Crashes_2010_2019_MPO,2019-03-19,2019,36.04446,-86.68713,False,0,0,0,,,,,,,,
102335038,Crashes_2010_2019_MPO,2019-03-19,2019,36.03648,-86.78692,False,0,0,0,,,,,,,,
102335748,Crashes_2010_2019_MPO,2019-03-19,2019,35.95078,-86.80647,False,0,0,0,,,,,,,,
102334788,Crashes_2010_2019_MPO,2019-03-19,2019,36.05379,-86.77515,False,0,0,0,,,,,,,,
102335614,Crashes_2010_2019_MPO,2019-03-19,2019,35.98864,-86.6814,False,0,0,0,,,,,,,,
102335267,Crashes_2010_2019_MPO,2019-03-19,2019,35.92373,-86.79452,False,0,0,0,,,,,,,,
102335479,Crashes_2010_2019_MPO,2019-03-19,2019,36.03772,-86.79475,False,0,0,0,,,,,,,,
102337057,Crashes_2010_2019_MPO,2019-03-19,2019,36.04576,-86.72528,False,0,0,0,,,,,,,,
102335221,Crashes_2010_2019_MPO,2019-03-19,2019,36.03889,-86.80989,False,0,0,0,,,,,,,,
102334774,Crashes_2010_2019_MPO,2019-03-19,2019,36.05332,-86.77516,False,0,0,0,,,,,,,,
102335219,Crashes_2010_2019_MPO,2019-03-19,2019,36.04027,-86.78049,False,0,0,0,,,,,,,,
102335310,Crashes_2010_2019_MPO,2019-03-19,2019,36.04519,-86.7154,False,0,0,0,,,,,,,,
102334863,Crashes_2010_2019_MPO,2019-03-19,2019,36.02427,-86.75192,False,0,0,0,,,,,,,,
102334755,Crashes_2010_2019_MPO,2019-03-19,2019,35.99072,-86.68306,False,0,0,0,,,,,,,,
102335823,Crashes_2010_2019_MPO,2019-03-19,2019,36.02428,-86.78616,True,0,0,0,,,,,,,,
102336867,Crashes_2010_2019_MPO,2019-03-20,2019,36.02193,-86.7951,True,0,0,0,,,,,,,,
102336411,Crashes_2010_2019_MPO,2019-03-20,2019,36.05394,-86.71511,False,0,0,0,,,,,,,,
102336424,Crashes_2010_2019_MPO,2019-03-20,2019,36.046,-86.71334,False,0,0,0,,,,,,,,
102336142,Crashes_2010_2019_MPO,2019-03-20,2019,36.05294,-86.69696,False,0,0,0,,,,,,,,
102336308,Crashes_2010_2019_MPO,2019-03-20,2019,36.04124,-86.77839,False,0,0,0,,,,,,,,
102336904,Crashes_2010_2019_MPO,2019-03-20,2019,35.99485,-86.79767,True,0,0,0,,,,,,,,
102336029,Crashes_2010_2019_MPO,2019-03-20,2019,35.99731,-86.79466,True,0,0,0,,,,,,,,
102337127,Crashes_2010_2019_MPO,2019-03-20,2019,35.93191,-86.79441,False,0,0,0,,,,,,,,
102336075,Crashes_2010_2019_MPO,2019-03-20,2019,35.9667,-86.81121,True,0,0,0,,,,,,,,
102340587,Crashes_2010_2019_MPO,2019-03-20,2019,36.01689,-86.78609,True,0,0,0,,,,,,,,
102335749,Crashes_2010_2019_MPO,2019-03-20,2019,36.03318,-86.78282,True,0,0,0,,,,,,,,
102335731,Crashes_2010_2019_MPO,2019-03-20,2019,35.965914,-86.805862,True,0,0,0,,,,,,,,
102336450,Crashes_2010_2019_MPO,2019-03-20,2019,36.0412,-86.77682,False,0,0,0,,,,,,,,
102336363,Crashes_2010_2019_MPO,2019-03-20,2019,36.04084,-86.77347,False,0,0,0,,,,,,,,
102335643,Crashes_2010_2019_MPO,2019-03-20,2019,36.03761,-86.78512,False,0,0,0,,,,,,,,
102337905,Crashes_2010_2019_MPO,2019-03-21,2019,35.95724,-86.81662,False,0,0,0,,,,,,,,
102337479,Crashes_2010_2019_MPO,2019-03-21,2019,35.96198,-86.81518,False,0,0,0,,,,,,,,
102337756,Crashes_2010_2019_MPO,2019-03-21,2019,35.92891,-86.87519,False,0,0,0,,,,,,,,
102337248,Crashes_2010_2019_MPO,2019-03-21,2019,36.04718,-86.86223,False,0,0,0,,,,,,,,
102336828,Crashes_2010_2019_MPO,2019-03-21,2019,36.03229,-86.78363,True,0,0,0,,,,,,,,
102336742,Crashes_2010_2019_MPO,2019-03-21,2019,36.02894,-86.7838,True,0,0,0,,,,,,,,
102336760,Crashes_2010_2019_MPO,2019-03-21,2019,35.96549,-86.70294,False,0,0,0,,,,,,,,
102337394,Crashes_2010_2019_MPO,2019-03-21,2019,35.9583,-86.8023,False,0,0,0,,,,,,,,
102336779,Crashes_2010_2019_MPO,2019-03-21,2019,36.03772,-86.79475,False,0,0,0,,,,,,,,
102336729,Crashes_2010_2019_MPO,2019-03-21,2019,35.94332,-86.81155,False,0,0,0,,,,,,,,
102338281,Crashes_2010_2019_MPO,2019-03-22,2019,36.04612,-86.71335,False,0,0,0,,,,,,,,
102337673,Crashes_2010_2019_MPO,2019-03-22,2019,35.97731,-86.80375,True,0,0,0,,,,,,,,
102338068,Crashes_2010_2019_MPO,2019-03-22,2019,35.94636,-86.80871,False,0,0,0,,,,,,,,
102338463,Crashes_2010_2019_MPO,2019-03-22,2019,35.96798,-86.81833,True,0,0,0,,,,,,,,
102338069,Crashes_2010_2019_MPO,2019-03-22,2019,35.92901,-86.84797,False,0,0,0,,,,,,,,
102338148,Crashes_2010_2019_MPO,2019-03-22,2019,35.94778,-86.81994,False,0,0,0,,,,,,,,
102337711,Crashes_2010_2019_MPO,2019-03-22,2019,36.0387,-86.73097,False,0,0,0,,,,,,,,
102345593,Crashes_2010_2019_MPO,2019-03-22,2019,35.94363,-86.8305,False,0,0,0,,,,,,,,
102338844,Crashes_2010_2019_MPO,2019-03-22,2019,35.99734,-86.79486,True,0,0,0,,,,,,,,
102338525,Crashes_2010_2019_MPO,2019-03-22,2019,35.94651,-86.80866,False,0,0,0,,,,,,,,
102346625,Crashes_2010_2019_MPO,2019-03-22,2019,36.00756,-86.87827,False,0,0,0,,,,,,,,
102338081,Crashes_2010_2019_MPO,2019-03-22,2019,35.99551,-86.77887,True,0,0,0,,,,,,,,
102339453,Crashes_2010_2019_MPO,2019-03-23,2019,36.04381,-86.71266,False,0,0,0,,,,,,,,
102339192,Crashes_2010_2019_MPO,2019-03-23,2019,35.96589,-86.8034,True,0,0,0,,,,,,,,
102347552,Crashes_2010_2019_MPO,2019-03-23,2019,35.94709,-86.82118,False,0,0,0,,,,,,,,
102339556,Crashes_2010_2019_MPO,2019-03-23,2019,35.92641,-86.82447,False,0,0,0,,,,,,,,
102339107,Crashes_2010_2019_MPO,2019-03-23,2019,35.93001,-86.82016,False,0,0,0,,,,,,,,
102339390,Crashes_2010_2019_MPO,2019-03-23,2019,36.03272,-86.71283,False,0,0,0,,,,,,,,
102340690,Crashes_2010_2019_MPO,2019-03-24,2019,35.94066,-86.82137,False,0,0,0,,,,,,,,
102340277,Crashes_2010_2019_MPO,2019-03-24,2019,35.9961,-86.785,True,0,0,0,,,,,,,,
102340257,Crashes_2010_2019_MPO,2019-03-24,2019,36.04641,-86.85876,False,0,0,0,,,,,,,,
102341188,Crashes_2010_2019_MPO,2019-03-25,2019,36.0429,-86.71298,False,0,0,0,,,,,,,,
102341125,Crashes_2010_2019_MPO,2019-03-25,2019,36.01756,-86.78654,True,0,0,0,,,,,,,,
102341540,Crashes_2010_2019_MPO,2019-03-25,2019,35.96138,-86.81224,False,0,0,0,,,,,,,,
102341011,Crashes_2010_2019_MPO,2019-03-25,2019,35.946,-86.84927,False,0,0,0,,,,,,,,
102341054,Crashes_2010_2019_MPO,2019-03-25,2019,35.98388,-86.8017,True,0,0,0,,,,,,,,
102340627,Crashes_2010_2019_MPO,2019-03-25,2019,35.97318,-86.86813,False,0,0,0,,,,,,,,
102340811,Crashes_2010_2019_MPO,2019-03-25,2019,35.95383,-86.80405,False,0,0,0,,,,,,,,
102343605,Crashes_2010_2019_MPO,2019-03-25,2019,35.942,-86.82115,False,0,0,0,,,,,,,,
102341076,Crashes_2010_2019_MPO,2019-03-25,2019,35.98595,-86.80099,True,0,0,0,,,,,,,,
102341026,Crashes_2010_2019_MPO,2019-03-25,2019,35.95521,-86.82559,False,0,0,0,,,,,,,,
102340715,Crashes_2010_2019_MPO,2019-03-25,2019,35.98196,-86.72475,True,0,0,0,,,,,,,,
102341099,Crashes_2010_2019_MPO,2019-03-25,2019,36.03327,-86.7839,True,0,0,0,,,,,,,,
102341115,Crashes_2010_2019_MPO,2019-03-25,2019,36.01502,-86.70542,False,0,0,0,,,,,,,,
102340988,Crashes_2010_2019_MPO,2019-03-25,2019,36.02628,-86.79264,True,0,0,0,,,,,,,,
102340630,Crashes_2010_2019_MPO,2019-03-25,2019,36.0343,-86.79174,True,0,0,0,,,,,,,,
102341538,Crashes_2010_2019_MPO,2019-03-26,2019,35.9887,-86.7997,True,0,0,1,,,,,,,,
102342046,Crashes_2010_2019_MPO,2019-03-26,2019,35.95806,-86.76773,True,0,0,0,,,,,,,,
102342159,Crashes_2010_2019_MPO,2019-03-26,2019,36.04242,-86.71165,False,0,0,0,,,,,,,,
102341482,Crashes_2010_2019_MPO,2019-03-26,2019,35.93219,-86.79405,False,0,0,0,,,,,,,,
102341896,Crashes_2010_2019_MPO,2019-03-26,2019,35.98635,-86.73664,True,0,0,0,,,,,,,,
102341527,Crashes_2010_2019_MPO,2019-03-26,2019,36.03227,-86.76571,False,0,0,0,,,,,,,,
102341487,Crashes_2010_2019_MPO,2019-03-26,2019,36.04169,-86.78242,False,0,0,0,,,,,,,,
102342019,Crashes_2010_2019_MPO,2019-03-26,2019,36.03748,-86.7912,False,0,0,0,,,,,,,,
102342021,Crashes_2010_2019_MPO,2019-03-26,2019,35.99566,-86.68813,False,0,0,0,,,,,,,,
102342213,Crashes_2010_2019_MPO,2019-03-26,2019,35.97786,-86.67816,False,0,0,0,,,,,,,,
102343776,Crashes_2010_2019_MPO,2019-03-26,2019,36.04561,-86.71977,False,0,0,0,,,,,,,,
102342820,Crashes_2010_2019_MPO,2019-03-27,2019,35.96717,-86.81325,True,0,0,0,,,,,,,,
102343735,Crashes_2010_2019_MPO,2019-03-27,2019,35.95524,-86.84497,False,0,0,0,,,,,,,,
102343200,Crashes_2010_2019_MPO,2019-03-27,2019,35.94457,-86.82787,False,0,0,0,,,,,,,,
102343021,Crashes_2010_2019_MPO,2019-03-27,2019,35.99651,-86.69025,False,0,0,0,,,,,,,,
102343682,Crashes_2010_2019_MPO,2019-03-27,2019,35.92356,-86.87236,False,0,0,0,,,,,,,,
102342987,Crashes_2010_2019_MPO,2019-03-27,2019,36.04519,-86.71576,False,0,0,0,,,,,,,,
102342789,Crashes_2010_2019_MPO,2019-03-27,2019,36.03786,-86.67726,False,0,0,0,,,,,,,,
102343026,Crashes_2010_2019_MPO,2019-03-27,2019,36.04651,-86.7134,False,0,0,0,,,,,,,,
102342311,Crashes_2010_2019_MPO,2019-03-27,2019,36.02718,-86.68049,False,0,0,0,,,,,,,,
102342887,Crashes_2010_2019_MPO,2019-03-27,2019,35.93904,-86.8793,False,0,0,0,,,,,,,,
102342826,Crashes_2010_2019_MPO,2019-03-27,2019,35.98513,-86.72776,True,0,0,0,,,,,,,,
102343199,Crashes_2010_2019_MPO,2019-03-27,2019,35.93701,-86.87517,False,0,1,0,,,,,,,,
102342439,Crashes_2010_2019_MPO,2019-03-27,2019,35.93446,-86.81991,False,0,0,0,,,,,,,,
102342497,Crashes_2010_2019_MPO,2019-03-27,2019,36.04533,-86.77948,False,0,0,0,,,,,,,,
102342412,Crashes_2010_2019_MPO,2019-03-27,2019,35.96442,-86.78833,True,0,0,0,,,,,,,,
102344852,Crashes_2010_2019_MPO,2019-03-27,2019,35.93436,-86.8204,False,0,0,0,,,,,,,,
102342941,Crashes_2010_2019_MPO,2019-03-27,2019,35.99557,-86.77953,True,0,0,0,,,,,,,,
102342781,Crashes_2010_2019_MPO,2019-03-27,2019,35.95142,-86.81828,False,0,0,0,,,,,,,,
102342517,Crashes_2010_2019_MPO,2019-03-27,2019,36.03061,-86.70216,False,0,0,0,,,,,,,,
102342449,Crashes_2010_2019_MPO,2019-03-27,2019,36.04058,-86.77101,False,0,0,0,,,,,,,,
102343160,Crashes_2010_2019_MPO,2019-03-27,2019,35.96721,-86.8135,True,0,0,0,,,,,,,,
102343831,Crashes_2010_2019_MPO,2019-03-28,2019,35.96705,-86.81355,True,0,0,0,,,,,,,,
102343793,Crashes_2010_2019_MPO,2019-03-28,2019,36.05076,-86.8792,False,0,0,0,,,,,,,,
102343796,Crashes_2010_2019_MPO,2019-03-28,2019,36.01543,-86.81734,True,0,0,0,,,,,,,,
102343696,Crashes_2010_2019_MPO,2019-03-28,2019,36.0278,-86.7843,True,0,0,0,,,,,,,,
102343486,Crashes_2010_2019_MPO,2019-03-28,2019,36.04022,-86.78242,False,0,0,0,,,,,,,,
102343797,Crashes_2010_2019_MPO,2019-03-28,2019,36.05375,-86.74288,False,0,0,0,,,,,,,,