record_no,source_layer,collision_ts,crash_year,latitude,longitude,in_city,fatalities,non_motorists,truck_involved,serious_injuries,pedestrian,bicycle,crash_type,manner_of_collision,lighting,weather,first_harmful_event
102343690,Crashes_2010_2019_MPO,2019-03-28,2019,35.94534,-86.87474,False,0,0,0,,,,,,,,
102343794,Crashes_2010_2019_MPO,2019-03-28,2019,36.02966,-86.67896,False,0,0,0,,,,,,,,
102343577,Crashes_2010_2019_MPO,2019-03-28,2019,36.0489,-86.71517,False,0,0,0,,,,,,,,
102343861,Crashes_2010_2019_MPO,2019-03-28,2019,36.0319,-86.78367,True,0,0,0,,,,,,,,
102344152,Crashes_2010_2019_MPO,2019-03-28,2019,35.96715,-86.81311,True,0,0,0,,,,,,,,
102343351,Crashes_2010_2019_MPO,2019-03-28,2019,35.9259,-86.87307,False,0,0,0,,,,,,,,
102344987,Crashes_2010_2019_MPO,2019-03-28,2019,35.94778,-86.81994,False,0,0,0,,,,,,,,
102343640,Crashes_2010_2019_MPO,2019-03-28,2019,36.04519,-86.71582,False,0,0,0,,,,,,,,
102343863,Crashes_2010_2019_MPO,2019-03-28,2019,36.0476,-86.7349,False,0,0,0,,,,,,,,
102343766,Crashes_2010_2019_MPO,2019-03-28,2019,36.03604,-86.79089,True,0,0,0,,,,,,,,
102343237,Crashes_2010_2019_MPO,2019-03-28,2019,36.04119,-86.86804,True,0,0,0,,,,,,,,
102343853,Crashes_2010_2019_MPO,2019-03-28,2019,35.99574,-86.79736,True,0,0,0,,,,,,,,
102343707,Crashes_2010_2019_MPO,2019-03-28,2019,36.02744,-86.78417,True,0,0,0,,,,,,,,
102343748,Crashes_2010_2019_MPO,2019-03-28,2019,36.04537,-86.71326,False,0,0,0,,,,,,,,
102344767,Crashes_2010_2019_MPO,2019-03-29,2019,35.98595,-86.73499,True,0,0,0,,,,,,,,
102350394,Crashes_2010_2019_MPO,2019-03-29,2019,35.9638,-86.80842,False,0,0,0,,,,,,,,
102344414,Crashes_2010_2019_MPO,2019-03-29,2019,35.99735,-86.79486,True,0,0,1,,,,,,,,
102344615,Crashes_2010_2019_MPO,2019-03-29,2019,36.00017,-86.70254,True,0,0,0,,,,,,,,
102346807,Crashes_2010_2019_MPO,2019-03-29,2019,35.97692,-86.84025,False,0,0,0,,,,,,,,
102344686,Crashes_2010_2019_MPO,2019-03-29,2019,36.04022,-86.7678,False,0,0,0,,,,,,,,
102346866,Crashes_2010_2019_MPO,2019-03-29,2019,35.95857,-86.81022,False,0,0,0,,,,,,,,
102345634,Crashes_2010_2019_MPO,2019-03-29,2019,35.966684,-86.809166,True,0,0,0,,,,,,,,
102344964,Crashes_2010_2019_MPO,2019-03-29,2019,35.96705,-86.81355,True,0,0,0,,,,,,,,
102345986,Crashes_2010_2019_MPO,2019-03-29,2019,35.997465,-86.795073,True,0,0,0,,,,,,,,
102344976,Crashes_2010_2019_MPO,2019-03-29,2019,35.94088,-86.83172,False,0,0,0,,,,,,,,
102344978,Crashes_2010_2019_MPO,2019-03-29,2019,35.9583,-86.8023,False,0,0,0,,,,,,,,
102344343,Crashes_2010_2019_MPO,2019-03-29,2019,35.9509,-86.81836,False,0,0,0,,,,,,,,
102344224,Crashes_2010_2019_MPO,2019-03-29,2019,35.966718,-86.809099,True,0,0,0,,,,,,,,
102344244,Crashes_2010_2019_MPO,2019-03-29,2019,35.99779,-86.79867,True,0,0,0,,,,,,,,
102345206,Crashes_2010_2019_MPO,2019-03-30,2019,36.03758,-86.78653,False,0,0,0,,,,,,,,
102345420,Crashes_2010_2019_MPO,2019-03-30,2019,36.03968,-86.76198,False,0,0,0,,,,,,,,
102345418,Crashes_2010_2019_MPO,2019-03-30,2019,36.0453,-86.71741,False,0,0,0,,,,,,,,
102345987,Crashes_2010_2019_MPO,2019-03-30,2019,35.97765,-86.77678,True,0,0,0,,,,,,,,
102345432,Crashes_2010_2019_MPO,2019-03-30,2019,35.96791,-86.81321,True,0,0,0,,,,,,,,
102345128,Crashes_2010_2019_MPO,2019-03-30,2019,36.03977,-86.75418,False,0,0,0,,,,,,,,
102345873,Crashes_2010_2019_MPO,2019-03-30,2019,36.05441,-86.71525,False,0,0,0,,,,,,,,
102345917,Crashes_2010_2019_MPO,2019-03-30,2019,35.97506,-86.68662,False,0,0,0,,,,,,,,
102346099,Crashes_2010_2019_MPO,2019-03-30,2019,35.97097,-86.82186,True,0,0,0,,,,,,,,
102345249,Crashes_2010_2019_MPO,2019-03-30,2019,36.03978,-86.75405,False,0,0,0,,,,,,,,
102345586,Crashes_2010_2019_MPO,2019-03-30,2019,35.95524,-86.84497,False,0,0,0,,,,,,,,
102345436,Crashes_2010_2019_MPO,2019-03-30,2019,36.0409,-86.77938,False,0,0,0,,,,,,,,
102347021,Crashes_2010_2019_MPO,2019-03-31,2019,36.02891,-86.79116,True,0,0,0,,,,,,,,
102346402,Crashes_2010_2019_MPO,2019-03-31,2019,35.96198,-86.81518,False,0,0,0,,,,,,,,
102346715,Crashes_2010_2019_MPO,2019-03-31,2019,35.93554,-86.82354,False,0,0,0,,,,,,,,
102346250,Crashes_2010_2019_MPO,2019-03-31,2019,36.03963,-86.78162,False,0,0,0,,,,,,,,
102346477,Crashes_2010_2019_MPO,2019-03-31,2019,35.98999,-86.74484,True,0,0,0,,,,,,,,
102346546,Crashes_2010_2019_MPO,2019-03-31,2019,36.01286,-86.80081,True,0,0,0,,,,,,,,
102346309,Crashes_2010_2019_MPO,2019-03-31,2019,35.99636,-86.78736,True,0,0,0,,,,,,,,
102346713,Crashes_2010_2019_MPO,2019-03-31,2019,36.04537,-86.71326,False,0,0,0,,,,,,,,
102346888,Crashes_2010_2019_MPO,2019-03-31,2019,35.92641,-86.82447,False,0,0,0,,,,,,,,
102348124,Crashes_2010_2019_MPO,2019-04-01,2019,35.94616,-86.80856,False,0,0,0,,,,,,,,
102347453,Crashes_2010_2019_MPO,2019-04-01,2019,36.02862,-86.81813,True,0,0,0,,,,,,,,
102347479,Crashes_2010_2019_MPO,2019-04-01,2019,36.03231,-86.81753,True,0,0,0,,,,,,,,
102347649,Crashes_2010_2019_MPO,2019-04-01,2019,36.03113,-86.75141,False,0,0,0,,,,,,,,
102347648,Crashes_2010_2019_MPO,2019-04-01,2019,36.04301,-86.84231,False,0,0,0,,,,,,,,
102347184,Crashes_2010_2019_MPO,2019-04-01,2019,35.99426,-86.76484,True,0,0,0,,,,,,,,
102347168,Crashes_2010_2019_MPO,2019-04-01,2019,35.971,-86.77404,True,0,0,0,,,,,,,,
102347644,Crashes_2010_2019_MPO,2019-04-01,2019,35.96589,-86.80316,True,0,0,0,,,,,,,,
102347735,Crashes_2010_2019_MPO,2019-04-01,2019,35.93036,-86.82005,False,0,0,0,,,,,,,,
102347033,Crashes_2010_2019_MPO,2019-04-01,2019,35.94748,-86.81109,False,0,0,0,,,,,,,,
102348475,Crashes_2010_2019_MPO,2019-04-02,2019,35.95684,-86.82559,False,0,0,0,,,,,,,,
102348437,Crashes_2010_2019_MPO,2019-04-02,2019,35.967302,-86.808511,True,0,0,0,,,,,,,,
102348203,Crashes_2010_2019_MPO,2019-04-02,2019,36.04047,-86.7826,False,0,0,0,,,,,,,,
102348470,Crashes_2010_2019_MPO,2019-04-02,2019,35.96705,-86.81355,True,0,0,0,,,,,,,,
102350544,Crashes_2010_2019_MPO,2019-04-02,2019,35.94789,-86.81849,False,0,0,0,,,,,,,,
102348602,Crashes_2010_2019_MPO,2019-04-02,2019,36.00249,-86.69692,False,0,0,0,,,,,,,,
102348543,Crashes_2010_2019_MPO,2019-04-02,2019,36.04447,-86.6871,False,0,0,0,,,,,,,,
102348504,Crashes_2010_2019_MPO,2019-04-02,2019,36.04537,-86.71326,False,0,0,0,,,,,,,,
102347942,Crashes_2010_2019_MPO,2019-04-02,2019,35.98789,-86.73888,True,0,0,0,,,,,,,,
102348438,Crashes_2010_2019_MPO,2019-04-02,2019,35.96743,-86.77752,True,0,0,0,,,,,,,,
102348686,Crashes_2010_2019_MPO,2019-04-02,2019,36.01731,-86.78647,True,0,0,0,,,,,,,,
102350583,Crashes_2010_2019_MPO,2019-04-02,2019,36.00649,-86.78843,True,0,0,0,,,,,,,,
102348304,Crashes_2010_2019_MPO,2019-04-02,2019,35.93369,-86.82395,False,0,0,0,,,,,,,,
102348077,Crashes_2010_2019_MPO,2019-04-02,2019,35.93191,-86.79441,False,0,0,0,,,,,,,,
102348018,Crashes_2010_2019_MPO,2019-04-02,2019,35.9359,-86.81811,False,0,0,0,,,,,,,,
102348471,Crashes_2010_2019_MPO,2019-04-02,2019,35.96688,-86.81117,True,0,0,0,,,,,,,,
102348468,Crashes_2010_2019_MPO,2019-04-02,2019,36.0409,-86.77938,False,0,0,0,,,,,,,,
102350545,Crashes_2010_2019_MPO,2019-04-02,2019,35.95811,-86.80212,False,0,0,0,,,,,,,,
102348461,Crashes_2010_2019_MPO,2019-04-02,2019,36.03774,-86.7848,False,0,0,0,,,,,,,,
102348449,Crashes_2010_2019_MPO,2019-04-02,2019,36.00851,-86.78637,True,0,0,0,,,,,,,,
102348685,Crashes_2010_2019_MPO,2019-04-02,2019,35.99835,-86.79634,True,0,0,0,,,,,,,,
102348924,Crashes_2010_2019_MPO,2019-04-03,2019,36.04684,-86.67936,False,0,0,0,,,,,,,,
102348834,Crashes_2010_2019_MPO,2019-04-03,2019,35.94134,-86.81623,False,0,0,0,,,,,,,,
102349345,Crashes_2010_2019_MPO,2019-04-03,2019,35.966707,-86.809136,True,0,0,0,,,,,,,,
102349350,Crashes_2010_2019_MPO,2019-04-03,2019,36.04062,-86.77134,False,0,0,0,,,,,,,,
102349299,Crashes_2010_2019_MPO,2019-04-03,2019,35.93865,-86.87919,False,0,0,0,,,,,,,,
102350050,Crashes_2010_2019_MPO,2019-04-03,2019,35.94106,-86.85626,False,0,0,0,,,,,,,,
102349158,Crashes_2010_2019_MPO,2019-04-03,2019,35.96518,-86.80029,True,0,0,0,,,,,,,,
102349740,Crashes_2010_2019_MPO,2019-04-03,2019,36.03287,-86.78899,True,0,0,0,,,,,,,,
102348903,Crashes_2010_2019_MPO,2019-04-03,2019,36.04003,-86.78126,False,0,0,0,,,,,,,,
102348935,Crashes_2010_2019_MPO,2019-04-03,2019,36.03319,-86.78228,True,0,0,0,,,,,,,,
102349408,Crashes_2010_2019_MPO,2019-04-03,2019,36.04528,-86.70138,False,0,0,0,,,,,,,,
102354125,Crashes_2010_2019_MPO,2019-04-04,2019,35.96669,-86.67671,False,0,0,0,,,,,,,,
102350455,Crashes_2010_2019_MPO,2019-04-04,2019,36.02989,-86.78972,True,0,0,0,,,,,,,,
102350039,Crashes_2010_2019_MPO,2019-04-04,2019,35.97763,-86.80364,True,0,0,0,,,,,,,,
102350292,Crashes_2010_2019_MPO,2019-04-04,2019,35.9667,-86.81121,True,0,0,0,,,,,,,,
102350609,Crashes_2010_2019_MPO,2019-04-04,2019,36.0351,-86.78305,False,0,0,0,,,,,,,,
102349943,Crashes_2010_2019_MPO,2019-04-04,2019,36.04523,-86.71472,False,0,0,0,,,,,,,,
102350593,Crashes_2010_2019_MPO,2019-04-04,2019,36.04479,-86.72487,False,0,0,0,,,,,,,,
102350659,Crashes_2010_2019_MPO,2019-04-04,2019,35.93991,-86.81043,False,0,0,0,,,,,,,,
102350026,Crashes_2010_2019_MPO,2019-04-04,2019,36.0374,-86.78657,False,0,0,0,,,,,,,,
102349787,Crashes_2010_2019_MPO,2019-04-04,2019,35.98835,-86.81541,True,0,0,0,,,,,,,,
102350229,Crashes_2010_2019_MPO,2019-04-04,2019,35.93344,-86.79439,False,0,0,0,,,,,,,,
102350006,Crashes_2010_2019_MPO,2019-04-04,2019,35.96657,-86.81023,True,0,0,0,,,,,,,,
102349764,Crashes_2010_2019_MPO,2019-04-04,2019,35.99436,-86.76582,True,0,0,0,,,,,,,,
102350304,Crashes_2010_2019_MPO,2019-04-04,2019,36.03375,-86.7885,True,0,0,0,,,,,,,,
102350054,Crashes_2010_2019_MPO,2019-04-04,2019,36.03407,-86.80156,True,0,0,0,,,,,,,,
102354973,Crashes_2010_2019_MPO,2019-04-04,2019,36.033085,-86.796802,True,0,0,0,,,,,,,,
102350631,Crashes_2010_2019_MPO,2019-04-04,2019,36.0453,-86.70168,False,0,0,0,,,,,,,,
102351385,Crashes_2010_2019_MPO,2019-04-05,2019,36.04084,-86.77949,False,0,0,0,,,,,,,,
102350758,Crashes_2010_2019_MPO,2019-04-05,2019,36.0332,-86.7834,True,0,0,0,,,,,,,,
102350738,Crashes_2010_2019_MPO,2019-04-05,2019,36.03742,-86.78301,False,0,0,0,,,,,,,,
102351363,Crashes_2010_2019_MPO,2019-04-05,2019,36.0389,-86.67744,False,0,0,0,,,,,,,,
102351386,Crashes_2010_2019_MPO,2019-04-05,2019,36.04114,-86.77621,False,0,0,0,,,,,,,,
102351516,Crashes_2010_2019_MPO,2019-04-05,2019,35.92601,-86.82158,False,0,0,0,,,,,,,,
102351334,Crashes_2010_2019_MPO,2019-04-05,2019,36.03063,-86.87581,False,0,0,0,,,,,,,,
102351604,Crashes_2010_2019_MPO,2019-04-05,2019,35.95586,-86.81728,False,0,0,0,,,,,,,,
102351523,Crashes_2010_2019_MPO,2019-04-05,2019,35.95102,-86.80784,False,0,0,0,,,,,,,,
102352066,Crashes_2010_2019_MPO,2019-04-06,2019,35.947,-86.8214,False,0,0,0,,,,,,,,
102351957,Crashes_2010_2019_MPO,2019-04-06,2019,36.01492,-86.72878,False,0,0,0,,,,,,,,
102351959,Crashes_2010_2019_MPO,2019-04-06,2019,35.94175,-86.82119,False,0,0,0,,,,,,,,
102352099,Crashes_2010_2019_MPO,2019-04-06,2019,36.0399,-86.71278,False,0,0,0,,,,,,,,
102351967,Crashes_2010_2019_MPO,2019-04-06,2019,36.03899,-86.78258,False,0,0,0,,,,,,,,
102352413,Crashes_2010_2019_MPO,2019-04-06,2019,35.96902,-86.71561,True,0,0,0,,,,,,,,
102352000,Crashes_2010_2019_MPO,2019-04-06,2019,36.04542,-86.71833,False,0,0,0,,,,,,,,
102352352,Crashes_2010_2019_MPO,2019-04-06,2019,35.99658,-86.81064,True,0,0,0,,,,,,,,
102352410,Crashes_2010_2019_MPO,2019-04-06,2019,36.03963,-86.71278,False,0,0,0,,,,,,,,
102351875,Crashes_2010_2019_MPO,2019-04-06,2019,36.05224,-86.682,False,0,0,0,,,,,,,,
102352467,Crashes_2010_2019_MPO,2019-04-06,2019,35.93257,-86.80793,False,0,0,0,,,,,,,,
102352180,Crashes_2010_2019_MPO,2019-04-06,2019,35.96705,-86.81355,True,0,0,0,,,,,,,,
102352317,Crashes_2010_2019_MPO,2019-04-06,2019,36.04001,-86.74347,False,0,0,0,,,,,,,,
102352755,Crashes_2010_2019_MPO,2019-04-07,2019,36.04924,-86.69974,False,0,0,0,,,,,,,,
102352861,Crashes_2010_2019_MPO,2019-04-07,2019,35.96767,-86.81741,True,0,0,0,,,,,,,,
102352990,Crashes_2010_2019_MPO,2019-04-07,2019,36.0207,-86.74249,False,0,0,0,,,,,,,,
102353052,Crashes_2010_2019_MPO,2019-04-07,2019,36.05303,-86.67672,False,0,0,0,,,,,,,,
102353247,Crashes_2010_2019_MPO,2019-04-07,2019,35.94776,-86.81919,False,0,0,0,,,,,,,,
102353004,Crashes_2010_2019_MPO,2019-04-07,2019,35.96903,-86.71594,True,0,0,0,,,,,,,,
102353349,Crashes_2010_2019_MPO,2019-04-07,2019,36.04543,-86.70361,False,0,0,0,,,,,,,,
102352809,Crashes_2010_2019_MPO,2019-04-07,2019,36.05261,-86.68258,False,0,0,0,,,,,,,,
102352957,Crashes_2010_2019_MPO,2019-04-07,2019,35.92524,-86.86716,False,0,0,0,,,,,,,,
102353889,Crashes_2010_2019_MPO,2019-04-08,2019,35.96705,-86.81355,True,0,0,0,,,,,,,,
102354126,Crashes_2010_2019_MPO,2019-04-08,2019,35.94878,-86.68206,False,0,0,0,,,,,,,,
102354046,Crashes_2010_2019_MPO,2019-04-08,2019,35.96705,-86.81355,True,0,0,0,,,,,,,,
102353719,Crashes_2010_2019_MPO,2019-04-08,2019,36.02715,-86.79215,True,0,0,0,,,,,,,,
102353838,Crashes_2010_2019_MPO,2019-04-08,2019,36.03291,-86.71287,False,0,0,0,,,,,,,,
102353917,Crashes_2010_2019_MPO,2019-04-08,2019,36.05322,-86.69018,False,0,0,0,,,,,,,,
102354221,Crashes_2010_2019_MPO,2019-04-08,2019,35.93027,-86.82034,False,0,0,0,,,,,,,,
102354329,Crashes_2010_2019_MPO,2019-04-08,2019,36.04522,-86.71479,False,0,0,0,,,,,,,,
102354204,Crashes_2010_2019_MPO,2019-04-08,2019,35.93308,-86.81935,False,0,0,0,,,,,,,,
102353737,Crashes_2010_2019_MPO,2019-04-08,2019,36.01485,-86.81161,True,0,0,0,,,,,,,,
102357415,Crashes_2010_2019_MPO,2019-04-08,2019,35.92867,-86.82063,False,0,0,0,,,,,,,,
102353672,Crashes_2010_2019_MPO,2019-04-08,2019,36.04569,-86.70978,False,0,0,0,,,,,,,,
102359054,Crashes_2010_2019_MPO,2019-04-08,2019,36.03971,-86.75889,False,0,0,0,,,,,,,,
102353641,Crashes_2010_2019_MPO,2019-04-08,2019,36.04005,-86.78124,False,0,0,0,,,,,,,,
102357413,Crashes_2010_2019_MPO,2019-04-08,2019,35.93354,-86.86169,False,0,0,0,,,,,,,,
102354163,Crashes_2010_2019_MPO,2019-04-08,2019,36.0446,-86.68687,False,0,0,0,,,,,,,,
102355067,Crashes_2010_2019_MPO,2019-04-08,2019,35.99643,-86.78798,True,0,0,0,,,,,,,,
102354914,Crashes_2010_2019_MPO,2019-04-09,2019,36.03331,-86.78841,True,0,0,0,,,,,,,,
102355587,Crashes_2010_2019_MPO,2019-04-09,2019,36.00451,-86.69925,False,0,0,0,,,,,,,,
102355159,Crashes_2010_2019_MPO,2019-04-09,2019,36.00551,-86.78976,True,0,0,0,,,,,,,,
102354726,Crashes_2010_2019_MPO,2019-04-09,2019,36.05292,-86.68592,False,0,0,0,,,,,,,,
102357028,Crashes_2010_2019_MPO,2019-04-09,2019,35.96054,-86.80956,False,0,0,0,,,,,,,,
102355500,Crashes_2010_2019_MPO,2019-04-09,2019,35.96133,-86.81226,False,0,0,0,,,,,,,,
102355717,Crashes_2010_2019_MPO,2019-04-09,2019,35.934,-86.81878,False,0,0,0,,,,,,,,
102355040,Crashes_2010_2019_MPO,2019-04-09,2019,36.04161,-86.74925,False,0,0,0,,,,,,,,
102355277,Crashes_2010_2019_MPO,2019-04-09,2019,36.03645,-86.78312,False,0,0,0,,,,,,,,
102355272,Crashes_2010_2019_MPO,2019-04-09,2019,35.93001,-86.82016,False,0,0,0,,,,,,,,
102355028,Crashes_2010_2019_MPO,2019-04-09,2019,35.998066,-86.798914,True,0,0,0,,,,,,,,
102355004,Crashes_2010_2019_MPO,2019-04-09,2019,35.99848,-86.80456,True,0,0,0,,,,,,,,
102356301,Crashes_2010_2019_MPO,2019-04-10,2019,36.04375,-86.76807,False,0,0,0,,,,,,,,
102362868,Crashes_2010_2019_MPO,2019-04-10,2019,36.01899,-86.78694,True,0,0,0,,,,,,,,
102356538,Crashes_2010_2019_MPO,2019-04-10,2019,36.01286,-86.80081,True,0,0,0,,,,,,,,
102356695,Crashes_2010_2019_MPO,2019-04-10,2019,36.0464,-86.71966,False,0,0,0,,,,,,,,
102357059,Crashes_2010_2019_MPO,2019-04-10,2019,35.95209,-86.81805,False,0,0,0,,,,,,,,
102356638,Crashes_2010_2019_MPO,2019-04-10,2019,36.03799,-86.78643,False,0,0,0,,,,,,,,
102355783,Crashes_2010_2019_MPO,2019-04-10,2019,35.9336,-86.81892,False,0,0,0,,,,,,,,
102356444,Crashes_2010_2019_MPO,2019-04-10,2019,36.03511,-86.8171,True,0,0,0,,,,,,,,
102356448,Crashes_2010_2019_MPO,2019-04-10,2019,36.0338,-86.80133,True,0,0,0,,,,,,,,
102355766,Crashes_2010_2019_MPO,2019-04-10,2019,35.93374,-86.81767,False,0,0,0,,,,,,,,
102356707,Crashes_2010_2019_MPO,2019-04-10,2019,36.04458,-86.71317,False,0,0,0,,,,,,,,
102356502,Crashes_2010_2019_MPO,2019-04-10,2019,36.03316,-86.78736,True,0,0,0,,,,,,,,
102356437,Crashes_2010_2019_MPO,2019-04-10,2019,35.96308,-86.80103,True,0,0,0,,,,,,,,
102356637,Crashes_2010_2019_MPO,2019-04-10,2019,36.03971,-86.7814,False,0,0,0,,,,,,,,
102355836,Crashes_2010_2019_MPO,2019-04-10,2019,36.0343,-86.79174,True,0,0,0,,,,,,,,
102357416,Crashes_2010_2019_MPO,2019-04-11,2019,35.93454,-86.81859,False,0,0,0,,,,,,,,
102357033,Crashes_2010_2019_MPO,2019-04-11,2019,35.99912,-86.80891,True,0,0,0,,,,,,,,
102357420,Crashes_2010_2019_MPO,2019-04-11,2019,35.93075,-86.85769,False,0,0,0,,,,,,,,
102357656,Crashes_2010_2019_MPO,2019-04-11,2019,36.01689,-86.78609,True,0,0,0,,,,,,,,
102358816,Crashes_2010_2019_MPO,2019-04-11,2019,35.99859,-86.8055,True,0,0,0,,,,,,,,
102356991,Crashes_2010_2019_MPO,2019-04-11,2019,35.96705,-86.81355,True,0,0,0,,,,,,,,
102357804,Crashes_2010_2019_MPO,2019-04-11,2019,36.04629,-86.71337,False,0,0,0,,,,,,,,
102357584,Crashes_2010_2019_MPO,2019-04-11,2019,35.95559,-86.81126,False,0,0,0,,,,,,,,
102357754,Crashes_2010_2019_MPO,2019-04-11,2019,36.01689,-86.78609,True,0,0,0,,,,,,,,
102357531,Crashes_2010_2019_MPO,2019-04-11,2019,35.94055,-86.83919,False,0,0,0,,,,,,,,
102357418,Crashes_2010_2019_MPO,2019-04-11,2019,35.93021,-86.82009,False,0,0,0,,,,,,,,
102357837,Crashes_2010_2019_MPO,2019-04-11,2019,36.04479,-86.72487,False,0,0,0,,,,,,,,
102358407,Crashes_2010_2019_MPO,2019-04-12,2019,36.04127,-86.7775,False,0,0,0,,,,,,,,
102363143,Crashes_2010_2019_MPO,2019-04-12,2019,36.00291,-86.74259,True,0,0,0,,,,,,,,
102359096,Crashes_2010_2019_MPO,2019-04-12,2019,36.04297,-86.84201,False,0,0,0,,,,,,,,
102359525,Crashes_2010_2019_MPO,2019-04-12,2019,35.93541,-86.82372,False,0,0,0,,,,,,,,
102358642,Crashes_2010_2019_MPO,2019-04-12,2019,35.94778,-86.81994,False,0,0,0,,,,,,,,
102358248,Crashes_2010_2019_MPO,2019-04-12,2019,36.0522,-86.74309,False,0,0,0,,,,,,,,
102359187,Crashes_2010_2019_MPO,2019-04-12,2019,36.01006,-86.71972,False,0,0,0,,,,,,,,
102358262,Crashes_2010_2019_MPO,2019-04-12,2019,36.03073,-86.68302,False,0,0,0,,,,,,,,
102360487,Crashes_2010_2019_MPO,2019-04-12,2019,35.96372,-86.81053,False,0,0,0,,,,,,,,
102360488,Crashes_2010_2019_MPO,2019-04-12,2019,35.93197,-86.80616,False,0,0,0,,,,,,,,
102359003,Crashes_2010_2019_MPO,2019-04-12,2019,36.03972,-86.75726,False,0,0,0,,,,,,,,
102358332,Crashes_2010_2019_MPO,2019-04-12,2019,36.03294,-86.74369,False,0,0,0,,,,,,,,
102358331,Crashes_2010_2019_MPO,2019-04-12,2019,36.03859,-86.78263,False,0,0,0,,,,,,,,
102359050,Crashes_2010_2019_MPO,2019-04-12,2019,35.94764,-86.81433,False,0,0,0,,,,,,,,
102358883,Crashes_2010_2019_MPO,2019-04-12,2019,36.0452,-86.71504,False,0,0,0,,,,,,,,
102358255,Crashes_2010_2019_MPO,2019-04-12,2019,35.966758,-86.809084,True,0,0,0,,,,,,,,
102358293,Crashes_2010_2019_MPO,2019-04-12,2019,36.03751,-86.78569,False,0,0,0,,,,,,,,
102359990,Crashes_2010_2019_MPO,2019-04-12,2019,36.03327,-86.7839,True,0,0,0,,,,,,,,
102360485,Crashes_2010_2019_MPO,2019-04-12,2019,35.9583,-86.8023,False,0,0,0,,,,,,,,
102358421,Crashes_2010_2019_MPO,2019-04-12,2019,36.04241,-86.71279,False,0,0,0,,,,,,,,
102358272,Crashes_2010_2019_MPO,2019-04-12,2019,35.99201,-86.82832,True,0,0,0,,,,,,,,
102358227,Crashes_2010_2019_MPO,2019-04-12,2019,35.96562,-86.70619,True,0,0,0,,,,,,,,
102359028,Crashes_2010_2019_MPO,2019-04-12,2019,35.94631,-86.8236,False,0,0,0,,,,,,,,
102358221,Crashes_2010_2019_MPO,2019-04-12,2019,35.93219,-86.79405,False,0,0,0,,,,,,,,
102359970,Crashes_2010_2019_MPO,2019-04-13,2019,35.9592,-86.81588,False,0,0,0,,,,,,,,
102360143,Crashes_2010_2019_MPO,2019-04-13,2019,36.0095,-86.70166,False,0,0,0,,,,,,,,
102360201,Crashes_2010_2019_MPO,2019-04-13,2019,36.05491,-86.72995,False,0,0,0,,,,,,,,
102359593,Crashes_2010_2019_MPO,2019-04-13,2019,36.03657,-86.78381,False,0,0,0,,,,,,,,
102360155,Crashes_2010_2019_MPO,2019-04-13,2019,35.98328,-86.80191,True,0,0,0,,,,,,,,
102359919,Crashes_2010_2019_MPO,2019-04-13,2019,36.05476,-86.69407,False,0,0,0,,,,,,,,
102359664,Crashes_2010_2019_MPO,2019-04-13,2019,35.99934,-86.68871,False,0,0,0,,,,,,,,
102360326,Crashes_2010_2019_MPO,2019-04-13,2019,36.05222,-86.68262,False,0,0,0,,,,,,,,
102359671,Crashes_2010_2019_MPO,2019-04-13,2019,35.93591,-86.7747,False,0,0,0,,,,,,,,
102360153,Crashes_2010_2019_MPO,2019-04-13,2019,35.96495,-86.81435,False,0,0,0,,,,,,,,
102360273,Crashes_2010_2019_MPO,2019-04-13,2019,36.04143,-86.82142,False,0,0,0,,,,,,,,
102360290,Crashes_2010_2019_MPO,2019-04-13,2019,36.04517,-86.69977,False,0,0,0,,,,,,,,
102361201,Crashes_2010_2019_MPO,2019-04-14,2019,36.04127,-86.74665,False,0,0,0,,,,,,,,
102360309,Crashes_2010_2019_MPO,2019-04-14,2019,35.99043,-86.74862,True,0,0,0,,,,,,,,
102361088,Crashes_2010_2019_MPO,2019-04-14,2019,36.01288,-86.70395,False,0,0,0,,,,,,,,
102360608,Crashes_2010_2019_MPO,2019-04-14,2019,35.99687,-86.68989,False,0,0,0,,,,,,,,
102361298,Crashes_2010_2019_MPO,2019-04-15,2019,36.01493,-86.72898,False,0,0,0,,,,,,,,
102361795,Crashes_2010_2019_MPO,2019-04-15,2019,35.94708,-86.83267,False,0,0,0,,,,,,,,
102362705,Crashes_2010_2019_MPO,2019-04-15,2019,35.94764,-86.81433,False,0,0,0,,,,,,,,
102361361,Crashes_2010_2019_MPO,2019-04-15,2019,35.96326,-86.80861,False,0,0,0,,,,,,,,
102362420,Crashes_2010_2019_MPO,2019-04-15,2019,35.92472,-86.87428,False,0,0,0,,,,,,,,
102361838,Crashes_2010_2019_MPO,2019-04-15,2019,36.03133,-86.83263,True,0,0,0,,,,,,,,
102361723,Crashes_2010_2019_MPO,2019-04-15,2019,35.93613,-86.8236,False,0,0,0,,,,,,,,
102361369,Crashes_2010_2019_MPO,2019-04-15,2019,36.03318,-86.78282,True,0,0,0,,,,,,,,
102362422,Crashes_2010_2019_MPO,2019-04-15,2019,35.93704,-86.82263,False,0,0,0,,,,,,,,
102362000,Crashes_2010_2019_MPO,2019-04-15,2019,36.04217,-86.83588,False,0,0,0,,,,,,,,
102362480,Crashes_2010_2019_MPO,2019-04-15,2019,35.94136,-86.81064,False,0,0,0,,,,,,,,
102362228,Crashes_2010_2019_MPO,2019-04-15,2019,36.03047,-86.74398,False,0,0,0,,,,,,,,
102362421,Crashes_2010_2019_MPO,2019-04-15,2019,35.93976,-86.82138,False,0,0,0,,,,,,,,
102361931,Crashes_2010_2019_MPO,2019-04-15,2019,35.97334,-86.83305,True,0,0,0,,,,,,,,
102361724,Crashes_2010_2019_MPO,2019-04-15,2019,35.93762,-86.8223,False,0,0,0,,,,,,,,
102361818,Crashes_2010_2019_MPO,2019-04-15,2019,35.997485,-86.794609,True,0,0,0,,,,,,,,
102361857,Crashes_2010_2019_MPO,2019-04-15,2019,36.03736,-86.78978,False,0,0,0,,,,,,,,