record_no,source_layer,collision_ts,crash_year,latitude,longitude,in_city,fatalities,non_motorists,truck_involved,serious_injuries,pedestrian,bicycle,crash_type,manner_of_collision,lighting,weather,first_harmful_event
102362092,Crashes_2010_2019_MPO,2019-04-15,2019,36.0457,-86.72079,False,0,0,0,,,,,,,,
102362975,Crashes_2010_2019_MPO,2019-04-16,2019,35.92536,-86.86907,False,0,0,0,,,,,,,,
102362912,Crashes_2010_2019_MPO,2019-04-16,2019,35.97746,-86.77457,True,0,0,0,,,,,,,,
102362540,Crashes_2010_2019_MPO,2019-04-16,2019,36.04386,-86.85671,True,0,0,1,,,,,,,,
102362866,Crashes_2010_2019_MPO,2019-04-16,2019,35.99616,-86.78551,True,0,0,0,,,,,,,,
102362426,Crashes_2010_2019_MPO,2019-04-16,2019,35.93323,-86.71344,False,0,0,0,,,,,,,,
102362915,Crashes_2010_2019_MPO,2019-04-16,2019,35.98622,-86.70903,True,0,0,0,,,,,,,,
102362515,Crashes_2010_2019_MPO,2019-04-16,2019,35.96589,-86.80316,True,0,0,0,,,,,,,,
102362728,Crashes_2010_2019_MPO,2019-04-16,2019,35.92891,-86.87519,False,0,0,0,,,,,,,,
102362378,Crashes_2010_2019_MPO,2019-04-16,2019,35.9493,-86.75315,True,0,0,0,,,,,,,,
102362646,Crashes_2010_2019_MPO,2019-04-16,2019,36.03791,-86.78439,False,0,0,0,,,,,,,,
102362872,Crashes_2010_2019_MPO,2019-04-16,2019,36.04926,-86.77529,False,0,0,0,,,,,,,,
102362404,Crashes_2010_2019_MPO,2019-04-16,2019,36.03321,-86.78772,True,0,0,0,,,,,,,,
102362867,Crashes_2010_2019_MPO,2019-04-16,2019,36.03311,-86.78656,True,0,0,0,,,,,,,,
102363032,Crashes_2010_2019_MPO,2019-04-16,2019,36.00984,-86.84524,False,0,0,0,,,,,,,,
102362532,Crashes_2010_2019_MPO,2019-04-16,2019,36.04561,-86.71977,False,0,0,0,,,,,,,,
102362896,Crashes_2010_2019_MPO,2019-04-16,2019,36.04028,-86.74504,False,0,0,0,,,,,,,,
102363012,Crashes_2010_2019_MPO,2019-04-16,2019,35.99638,-86.78751,True,0,0,0,,,,,,,,
102363831,Crashes_2010_2019_MPO,2019-04-17,2019,35.95212,-86.81784,False,0,0,0,,,,,,,,
102365045,Crashes_2010_2019_MPO,2019-04-17,2019,35.96669,-86.81114,True,0,0,0,,,,,,,,
102364631,Crashes_2010_2019_MPO,2019-04-17,2019,35.94798,-86.81714,False,0,0,0,,,,,,,,
102363835,Crashes_2010_2019_MPO,2019-04-17,2019,36.04021,-86.76768,False,0,0,0,,,,,,,,
102364305,Crashes_2010_2019_MPO,2019-04-17,2019,35.9476,-86.81992,False,0,0,0,,,,,,,,
102363972,Crashes_2010_2019_MPO,2019-04-17,2019,36.0366,-86.74349,False,0,0,0,,,,,,,,
102363463,Crashes_2010_2019_MPO,2019-04-17,2019,35.96688,-86.81117,True,0,0,0,,,,,,,,
102363369,Crashes_2010_2019_MPO,2019-04-17,2019,36.04899,-86.71371,False,0,0,0,,,,,,,,
102365355,Crashes_2010_2019_MPO,2019-04-17,2019,35.9757,-86.85853,False,0,0,0,,,,,,,,
102363886,Crashes_2010_2019_MPO,2019-04-17,2019,36.03329,-86.77717,True,0,0,0,,,,,,,,
102363417,Crashes_2010_2019_MPO,2019-04-17,2019,35.94687,-86.85168,False,0,0,0,,,,,,,,
102363746,Crashes_2010_2019_MPO,2019-04-17,2019,35.94421,-86.81976,False,0,0,0,,,,,,,,
102364996,Crashes_2010_2019_MPO,2019-04-18,2019,35.99861,-86.80569,True,0,0,0,,,,,,,,
102369586,Crashes_2010_2019_MPO,2019-04-18,2019,35.9842,-86.7235,True,0,0,0,,,,,,,,
102364838,Crashes_2010_2019_MPO,2019-04-18,2019,36.04431,-86.69396,False,0,0,0,,,,,,,,
102365116,Crashes_2010_2019_MPO,2019-04-18,2019,36.01575,-86.82116,True,0,0,0,,,,,,,,
102364567,Crashes_2010_2019_MPO,2019-04-18,2019,36.03319,-86.7876,True,0,0,0,,,,,,,,
102365164,Crashes_2010_2019_MPO,2019-04-18,2019,35.93756,-86.76809,False,0,0,0,,,,,,,,
102364683,Crashes_2010_2019_MPO,2019-04-18,2019,35.92281,-86.86958,False,0,0,0,,,,,,,,
102364629,Crashes_2010_2019_MPO,2019-04-18,2019,35.96772,-86.81338,True,0,0,0,,,,,,,,
102364316,Crashes_2010_2019_MPO,2019-04-18,2019,36.03983,-86.74099,False,0,0,0,,,,,,,,
102365916,Crashes_2010_2019_MPO,2019-04-18,2019,35.94782,-86.81975,False,0,0,0,,,,,,,,
102364682,Crashes_2010_2019_MPO,2019-04-18,2019,35.92898,-86.86508,False,0,0,0,,,,,,,,
102364857,Crashes_2010_2019_MPO,2019-04-18,2019,36.04028,-86.76837,False,0,0,0,,,,,,,,
102364421,Crashes_2010_2019_MPO,2019-04-18,2019,35.967259,-86.808563,True,0,0,0,,,,,,,,
102364829,Crashes_2010_2019_MPO,2019-04-18,2019,35.9631,-86.801,True,0,0,0,,,,,,,,
102364304,Crashes_2010_2019_MPO,2019-04-18,2019,36.0397,-86.75925,False,0,0,0,,,,,,,,
102364369,Crashes_2010_2019_MPO,2019-04-18,2019,35.9654,-86.73301,True,0,0,0,,,,,,,,
102364870,Crashes_2010_2019_MPO,2019-04-18,2019,36.04544,-86.71852,False,0,0,0,,,,,,,,
102364872,Crashes_2010_2019_MPO,2019-04-18,2019,35.94787,-86.81866,False,0,0,0,,,,,,,,
102366446,Crashes_2010_2019_MPO,2019-04-19,2019,35.95668,-86.82865,False,0,0,0,,,,,,,,
102365233,Crashes_2010_2019_MPO,2019-04-19,2019,36.02482,-86.74237,False,0,0,0,,,,,,,,
102365968,Crashes_2010_2019_MPO,2019-04-19,2019,36.04626,-86.71337,False,0,0,0,,,,,,,,
102365945,Crashes_2010_2019_MPO,2019-04-19,2019,36.03617,-86.79573,True,0,0,1,,,,,,,,
102366019,Crashes_2010_2019_MPO,2019-04-19,2019,35.93231,-86.80614,False,0,0,0,,,,,,,,
102366086,Crashes_2010_2019_MPO,2019-04-19,2019,35.96454,-86.81434,False,0,0,0,,,,,,,,
102366036,Crashes_2010_2019_MPO,2019-04-19,2019,36.03239,-86.78361,True,0,0,0,,,,,,,,
102366099,Crashes_2010_2019_MPO,2019-04-19,2019,35.94782,-86.81975,False,0,0,0,,,,,,,,
102365616,Crashes_2010_2019_MPO,2019-04-19,2019,35.95383,-86.81213,False,0,0,0,,,,,,,,
102365864,Crashes_2010_2019_MPO,2019-04-19,2019,36.03653,-86.78312,False,0,0,0,,,,,,,,
102366069,Crashes_2010_2019_MPO,2019-04-19,2019,36.05294,-86.68592,False,0,0,0,,,,,,,,
102365499,Crashes_2010_2019_MPO,2019-04-19,2019,35.93405,-86.81901,False,0,0,0,,,,,,,,
102371176,Crashes_2010_2019_MPO,2019-04-19,2019,36.0317,-86.7896,True,0,0,0,,,,,,,,
102365988,Crashes_2010_2019_MPO,2019-04-19,2019,35.93541,-86.82372,False,0,0,0,,,,,,,,
102365247,Crashes_2010_2019_MPO,2019-04-19,2019,36.0545,-86.70041,False,0,0,0,,,,,,,,
102365531,Crashes_2010_2019_MPO,2019-04-19,2019,36.03259,-86.78359,True,0,0,0,,,,,,,,
102366626,Crashes_2010_2019_MPO,2019-04-20,2019,36.05074,-86.67952,False,0,0,0,,,,,,,,
102366401,Crashes_2010_2019_MPO,2019-04-20,2019,36.04978,-86.71388,False,0,0,0,,,,,,,,
102366522,Crashes_2010_2019_MPO,2019-04-20,2019,35.95049,-86.766,True,0,0,0,,,,,,,,
102399282,Crashes_2010_2019_MPO,2019-04-20,2019,35.997442,-86.794625,True,0,0,0,,,,,,,,
102366814,Crashes_2010_2019_MPO,2019-04-20,2019,35.94862,-86.81971,False,0,0,0,,,,,,,,
102366549,Crashes_2010_2019_MPO,2019-04-20,2019,36.03325,-86.7835,True,0,0,0,,,,,,,,
102366797,Crashes_2010_2019_MPO,2019-04-20,2019,35.94612,-86.82346,False,0,0,0,,,,,,,,
102366861,Crashes_2010_2019_MPO,2019-04-20,2019,35.96665,-86.80925,True,0,0,0,,,,,,,,
102366919,Crashes_2010_2019_MPO,2019-04-20,2019,36.03771,-86.78482,False,0,0,0,,,,,,,,
102367345,Crashes_2010_2019_MPO,2019-04-21,2019,36.03704,-86.74928,False,0,0,0,,,,,,,,
102367681,Crashes_2010_2019_MPO,2019-04-21,2019,36.03611,-86.78713,True,0,0,0,,,,,,,,
102368045,Crashes_2010_2019_MPO,2019-04-21,2019,35.956661,-86.730091,True,0,0,0,,,,,,,,
102367753,Crashes_2010_2019_MPO,2019-04-21,2019,36.04073,-86.71279,False,0,0,0,,,,,,,,
102368015,Crashes_2010_2019_MPO,2019-04-21,2019,36.04458,-86.72511,False,0,0,0,,,,,,,,
102367857,Crashes_2010_2019_MPO,2019-04-21,2019,36.04079,-86.77301,False,0,0,0,,,,,,,,
102367898,Crashes_2010_2019_MPO,2019-04-21,2019,35.99687,-86.68989,False,0,0,0,,,,,,,,
102367614,Crashes_2010_2019_MPO,2019-04-21,2019,36.01257,-86.74788,True,0,0,0,,,,,,,,
102368791,Crashes_2010_2019_MPO,2019-04-22,2019,36.03551,-86.78748,True,0,0,0,,,,,,,,
102368693,Crashes_2010_2019_MPO,2019-04-22,2019,35.92912,-86.80823,False,0,0,0,,,,,,,,
102368562,Crashes_2010_2019_MPO,2019-04-22,2019,35.97982,-86.80311,True,0,0,0,,,,,,,,
102368862,Crashes_2010_2019_MPO,2019-04-22,2019,35.966815,-86.808972,True,0,0,0,,,,,,,,
102368518,Crashes_2010_2019_MPO,2019-04-22,2019,35.95198,-86.81788,False,0,0,0,,,,,,,,
102368439,Crashes_2010_2019_MPO,2019-04-22,2019,36.04534,-86.71349,False,0,0,0,,,,,,,,
102368371,Crashes_2010_2019_MPO,2019-04-22,2019,35.99922,-86.80923,True,0,0,0,,,,,,,,
102368897,Crashes_2010_2019_MPO,2019-04-22,2019,36.04028,-86.76837,False,0,0,0,,,,,,,,
102368931,Crashes_2010_2019_MPO,2019-04-22,2019,36.04538,-86.71313,False,0,0,0,,,,,,,,
102370787,Crashes_2010_2019_MPO,2019-04-22,2019,36.01286,-86.80081,True,0,0,0,,,,,,,,
102371303,Crashes_2010_2019_MPO,2019-04-22,2019,35.92698,-86.82123,False,0,0,0,,,,,,,,
102368919,Crashes_2010_2019_MPO,2019-04-22,2019,36.05243,-86.68405,False,0,0,0,,,,,,,,
102368442,Crashes_2010_2019_MPO,2019-04-22,2019,36.01946,-86.69738,False,0,0,0,,,,,,,,
102369789,Crashes_2010_2019_MPO,2019-04-23,2019,36.00374,-86.80688,True,0,0,0,,,,,,,,
102369572,Crashes_2010_2019_MPO,2019-04-23,2019,36.04547,-86.71216,False,0,0,0,,,,,,,,
102369877,Crashes_2010_2019_MPO,2019-04-23,2019,36.03699,-86.78483,False,0,0,0,,,,,,,,
102369384,Crashes_2010_2019_MPO,2019-04-23,2019,36.04657,-86.86336,False,0,0,0,,,,,,,,
102369433,Crashes_2010_2019_MPO,2019-04-23,2019,35.92615,-86.86693,False,0,0,0,,,,,,,,
102370948,Crashes_2010_2019_MPO,2019-04-23,2019,35.96612,-86.80488,True,0,0,0,,,,,,,,
102369917,Crashes_2010_2019_MPO,2019-04-23,2019,36.04393,-86.6933,False,0,0,0,,,,,,,,
102369654,Crashes_2010_2019_MPO,2019-04-23,2019,35.9447,-86.80928,False,0,0,0,,,,,,,,
102369458,Crashes_2010_2019_MPO,2019-04-23,2019,35.99647,-86.79736,True,0,0,0,,,,,,,,
102369352,Crashes_2010_2019_MPO,2019-04-23,2019,36.02042,-86.78192,True,0,0,0,,,,,,,,
102370056,Crashes_2010_2019_MPO,2019-04-23,2019,35.92551,-86.81659,False,0,0,0,,,,,,,,
102369615,Crashes_2010_2019_MPO,2019-04-23,2019,36.02293,-86.7233,False,0,0,0,,,,,,,,
102369833,Crashes_2010_2019_MPO,2019-04-23,2019,36.03333,-86.78139,True,0,0,0,,,,,,,,
102370817,Crashes_2010_2019_MPO,2019-04-24,2019,36.03234,-86.78337,True,0,0,0,,,,,,,,
102370451,Crashes_2010_2019_MPO,2019-04-24,2019,35.93506,-86.82191,False,0,0,0,,,,,,,,
102370399,Crashes_2010_2019_MPO,2019-04-24,2019,36.04531,-86.71386,False,0,0,0,,,,,,,,
102370181,Crashes_2010_2019_MPO,2019-04-24,2019,36.05366,-86.71502,False,0,0,0,,,,,,,,
102371955,Crashes_2010_2019_MPO,2019-04-24,2019,35.94489,-86.82843,False,0,0,0,,,,,,,,
102370973,Crashes_2010_2019_MPO,2019-04-24,2019,35.98532,-86.73077,True,0,0,0,,,,,,,,
102370480,Crashes_2010_2019_MPO,2019-04-24,2019,35.95824,-86.80206,False,0,0,0,,,,,,,,
102371677,Crashes_2010_2019_MPO,2019-04-24,2019,35.9248,-86.86866,False,0,0,0,,,,,,,,
102371712,Crashes_2010_2019_MPO,2019-04-25,2019,35.93127,-86.87663,False,0,0,0,,,,,,,,
102372556,Crashes_2010_2019_MPO,2019-04-25,2019,35.99107,-86.77834,True,0,0,0,,,,,,,,
102372166,Crashes_2010_2019_MPO,2019-04-25,2019,36.02184,-86.80508,True,0,0,0,,,,,,,,
102371741,Crashes_2010_2019_MPO,2019-04-25,2019,35.96247,-86.68897,False,0,0,0,,,,,,,,
102371902,Crashes_2010_2019_MPO,2019-04-25,2019,35.96798,-86.87856,False,0,0,0,,,,,,,,
102371866,Crashes_2010_2019_MPO,2019-04-25,2019,35.92903,-86.84707,False,0,0,0,,,,,,,,
102372053,Crashes_2010_2019_MPO,2019-04-25,2019,35.99853,-86.77925,True,0,0,0,,,,,,,,
102371954,Crashes_2010_2019_MPO,2019-04-25,2019,36.0415,-86.74862,False,0,0,0,,,,,,,,
102371562,Crashes_2010_2019_MPO,2019-04-25,2019,35.98635,-86.73664,True,0,0,0,,,,,,,,
102371867,Crashes_2010_2019_MPO,2019-04-25,2019,35.92595,-86.82454,False,0,0,0,,,,,,,,
102371940,Crashes_2010_2019_MPO,2019-04-25,2019,36.04693,-86.67985,False,0,0,0,,,,,,,,
102371325,Crashes_2010_2019_MPO,2019-04-25,2019,35.92468,-86.81674,False,0,0,0,,,,,,,,
102371561,Crashes_2010_2019_MPO,2019-04-25,2019,36.04532,-86.702,False,0,0,0,,,,,,,,
102371304,Crashes_2010_2019_MPO,2019-04-25,2019,35.95076,-86.80642,False,0,0,0,,,,,,,,
102371958,Crashes_2010_2019_MPO,2019-04-25,2019,36.03351,-86.78322,True,0,0,0,,,,,,,,
102372555,Crashes_2010_2019_MPO,2019-04-25,2019,36.03399,-86.78317,True,0,0,0,,,,,,,,
102372908,Crashes_2010_2019_MPO,2019-04-26,2019,35.95526,-86.82588,False,0,0,0,,,,,,,,
102372830,Crashes_2010_2019_MPO,2019-04-26,2019,35.92355,-86.79253,False,0,0,0,,,,,,,,
102374197,Crashes_2010_2019_MPO,2019-04-26,2019,35.97299,-86.80363,True,0,0,0,,,,,,,,
102372584,Crashes_2010_2019_MPO,2019-04-26,2019,35.94559,-86.81944,False,0,0,0,,,,,,,,
102372999,Crashes_2010_2019_MPO,2019-04-26,2019,36.03741,-86.76856,False,0,0,0,,,,,,,,
102372105,Crashes_2010_2019_MPO,2019-04-26,2019,35.93622,-86.82798,False,0,0,0,,,,,,,,
102373212,Crashes_2010_2019_MPO,2019-04-26,2019,36.0353,-86.71326,False,0,0,0,,,,,,,,
102372691,Crashes_2010_2019_MPO,2019-04-26,2019,35.96428,-86.77183,True,0,0,0,,,,,,,,
102372336,Crashes_2010_2019_MPO,2019-04-26,2019,36.01832,-86.70831,False,0,0,0,,,,,,,,
102373205,Crashes_2010_2019_MPO,2019-04-26,2019,36.0456,-86.72238,False,0,0,0,,,,,,,,
102372759,Crashes_2010_2019_MPO,2019-04-26,2019,36.03357,-86.78121,True,0,0,0,,,,,,,,
102372322,Crashes_2010_2019_MPO,2019-04-26,2019,36.03943,-86.74343,False,0,0,0,,,,,,,,
102372365,Crashes_2010_2019_MPO,2019-04-26,2019,35.9667,-86.81121,True,0,0,0,,,,,,,,
102373007,Crashes_2010_2019_MPO,2019-04-26,2019,36.03922,-86.73586,False,0,0,0,,,,,,,,
102372921,Crashes_2010_2019_MPO,2019-04-26,2019,35.92321,-86.87307,False,0,0,0,,,,,,,,
102372203,Crashes_2010_2019_MPO,2019-04-26,2019,36.03201,-86.78341,True,0,0,0,,,,,,,,
102372928,Crashes_2010_2019_MPO,2019-04-26,2019,35.93562,-86.82387,False,0,0,0,,,,,,,,
102373756,Crashes_2010_2019_MPO,2019-04-27,2019,36.05389,-86.7394,False,0,0,0,,,,,,,,
102374114,Crashes_2010_2019_MPO,2019-04-27,2019,36.05366,-86.71502,False,0,0,0,,,,,,,,
102373851,Crashes_2010_2019_MPO,2019-04-27,2019,35.96845,-86.81905,True,0,0,0,,,,,,,,
102374380,Crashes_2010_2019_MPO,2019-04-28,2019,35.98992,-86.74425,True,0,0,0,,,,,,,,
102374678,Crashes_2010_2019_MPO,2019-04-28,2019,36.0453,-86.71394,False,0,0,0,,,,,,,,
102374628,Crashes_2010_2019_MPO,2019-04-28,2019,35.96312,-86.81897,True,0,0,0,,,,,,,,
102374239,Crashes_2010_2019_MPO,2019-04-28,2019,35.93227,-86.84109,False,0,0,0,,,,,,,,
102374626,Crashes_2010_2019_MPO,2019-04-28,2019,35.94896,-86.7496,True,0,0,0,,,,,,,,
102375677,Crashes_2010_2019_MPO,2019-04-28,2019,35.94796,-86.81913,False,0,0,0,,,,,,,,
102374769,Crashes_2010_2019_MPO,2019-04-28,2019,35.93453,-86.86095,False,0,0,0,,,,,,,,
102374699,Crashes_2010_2019_MPO,2019-04-28,2019,35.94687,-86.85168,False,0,0,0,,,,,,,,
102375478,Crashes_2010_2019_MPO,2019-04-29,2019,35.94705,-86.81176,False,0,0,0,,,,,,,,
102375444,Crashes_2010_2019_MPO,2019-04-29,2019,36.05239,-86.77601,False,0,0,0,,,,,,,,
102375314,Crashes_2010_2019_MPO,2019-04-29,2019,35.93914,-86.87932,False,0,0,0,,,,,,,,
102375751,Crashes_2010_2019_MPO,2019-04-29,2019,36.04543,-86.70361,False,0,0,0,,,,,,,,
102375206,Crashes_2010_2019_MPO,2019-04-29,2019,36.03669,-86.79086,True,0,0,0,,,,,,,,
102375487,Crashes_2010_2019_MPO,2019-04-29,2019,36.0334,-86.78348,True,0,0,0,,,,,,,,
102375172,Crashes_2010_2019_MPO,2019-04-29,2019,35.9549,-86.76694,True,0,0,0,,,,,,,,
102375488,Crashes_2010_2019_MPO,2019-04-29,2019,36.0484,-86.74363,False,0,0,0,,,,,,,,
102375446,Crashes_2010_2019_MPO,2019-04-29,2019,35.9667,-86.81121,True,0,0,0,,,,,,,,
102375653,Crashes_2010_2019_MPO,2019-04-29,2019,36.0381,-86.78639,False,0,0,0,,,,,,,,
102375127,Crashes_2010_2019_MPO,2019-04-29,2019,35.99508,-86.77414,True,0,0,0,,,,,,,,
102375049,Crashes_2010_2019_MPO,2019-04-29,2019,36.0416,-86.74927,False,0,0,0,,,,,,,,
102375233,Crashes_2010_2019_MPO,2019-04-29,2019,35.93306,-86.81184,False,0,0,0,,,,,,,,
102375470,Crashes_2010_2019_MPO,2019-04-29,2019,36.04544,-86.70385,False,0,0,0,,,,,,,,
102375543,Crashes_2010_2019_MPO,2019-04-29,2019,35.94769,-86.81451,False,0,0,0,,,,,,,,
102375167,Crashes_2010_2019_MPO,2019-04-29,2019,36.03322,-86.78531,True,0,0,0,,,,,,,,
102375593,Crashes_2010_2019_MPO,2019-04-29,2019,35.99687,-86.68989,False,0,0,0,,,,,,,,
102375902,Crashes_2010_2019_MPO,2019-04-30,2019,35.92488,-86.81696,False,0,0,0,,,,,,,,
102377770,Crashes_2010_2019_MPO,2019-04-30,2019,35.94721,-86.81107,False,0,0,0,,,,,,,,
102376239,Crashes_2010_2019_MPO,2019-04-30,2019,35.9242,-86.87104,False,0,0,0,,,,,,,,
102376244,Crashes_2010_2019_MPO,2019-04-30,2019,36.0409,-86.77938,False,0,0,0,,,,,,,,
102375939,Crashes_2010_2019_MPO,2019-04-30,2019,36.04114,-86.7826,False,0,0,0,,,,,,,,
102377955,Crashes_2010_2019_MPO,2019-04-30,2019,35.93191,-86.79441,False,0,0,0,,,,,,,,
102376399,Crashes_2010_2019_MPO,2019-04-30,2019,36.0317,-86.74385,False,0,0,0,,,,,,,,
102376453,Crashes_2010_2019_MPO,2019-04-30,2019,36.03661,-86.74349,False,0,0,0,,,,,,,,
102380520,Crashes_2010_2019_MPO,2019-04-30,2019,36.02609,-86.78484,True,0,0,0,,,,,,,,
102375970,Crashes_2010_2019_MPO,2019-04-30,2019,36.02014,-86.78261,True,0,0,0,,,,,,,,
102375914,Crashes_2010_2019_MPO,2019-04-30,2019,35.93058,-86.69544,False,0,0,0,,,,,,,,
102376535,Crashes_2010_2019_MPO,2019-04-30,2019,36.04498,-86.72503,False,0,0,0,,,,,,,,
102376389,Crashes_2010_2019_MPO,2019-04-30,2019,35.99475,-86.76957,True,0,0,0,,,,,,,,
102375950,Crashes_2010_2019_MPO,2019-04-30,2019,35.99527,-86.77646,True,0,0,0,,,,,,,,
102376207,Crashes_2010_2019_MPO,2019-04-30,2019,35.965839,-86.805702,True,0,0,0,,,,,,,,
102376395,Crashes_2010_2019_MPO,2019-04-30,2019,35.94701,-86.82018,False,0,0,0,,,,,,,,
102393005,Crashes_2010_2019_MPO,2019-05-01,2019,36.03899,-86.78258,False,0,0,0,,,,,,,,
102377148,Crashes_2010_2019_MPO,2019-05-01,2019,35.92609,-86.87139,False,0,0,0,,,,,,,,
102376722,Crashes_2010_2019_MPO,2019-05-01,2019,36.04766,-86.71679,False,0,0,0,,,,,,,,
102377262,Crashes_2010_2019_MPO,2019-05-01,2019,36.0411,-86.81635,False,0,0,0,,,,,,,,
102377956,Crashes_2010_2019_MPO,2019-05-01,2019,35.94808,-86.86337,False,0,0,0,,,,,,,,
102377217,Crashes_2010_2019_MPO,2019-05-01,2019,35.94872,-86.83189,False,0,0,0,,,,,,,,
102377267,Crashes_2010_2019_MPO,2019-05-01,2019,36.0452,-86.7152,False,0,0,0,,,,,,,,
102376910,Crashes_2010_2019_MPO,2019-05-01,2019,35.97766,-86.71749,True,0,0,0,,,,,,,,
102377182,Crashes_2010_2019_MPO,2019-05-01,2019,35.96509,-86.81627,True,0,0,0,,,,,,,,
102376909,Crashes_2010_2019_MPO,2019-05-01,2019,36.01449,-86.81038,True,0,0,0,,,,,,,,
102377277,Crashes_2010_2019_MPO,2019-05-01,2019,35.96591,-86.80559,True,0,0,0,,,,,,,,
102377235,Crashes_2010_2019_MPO,2019-05-01,2019,35.92304,-86.81684,False,0,0,0,,,,,,,,
102376974,Crashes_2010_2019_MPO,2019-05-01,2019,36.0409,-86.77938,False,0,0,0,,,,,,,,
102377143,Crashes_2010_2019_MPO,2019-05-01,2019,35.98326,-86.71737,True,0,0,0,,,,,,,,
102377147,Crashes_2010_2019_MPO,2019-05-01,2019,35.92388,-86.87878,False,0,0,0,,,,,,,,
102376784,Crashes_2010_2019_MPO,2019-05-01,2019,36.04493,-86.77943,False,0,0,0,,,,,,,,
102377846,Crashes_2010_2019_MPO,2019-05-02,2019,35.98325,-86.80167,True,0,0,0,,,,,,,,
102379236,Crashes_2010_2019_MPO,2019-05-02,2019,35.95209,-86.81805,False,0,0,0,,,,,,,,
102377676,Crashes_2010_2019_MPO,2019-05-02,2019,36.0305,-86.74528,False,0,0,0,,,,,,,,
102377845,Crashes_2010_2019_MPO,2019-05-02,2019,36.02404,-86.78602,True,0,0,0,,,,,,,,
102378065,Crashes_2010_2019_MPO,2019-05-02,2019,35.923,-86.81684,False,0,0,0,,,,,,,,
102378227,Crashes_2010_2019_MPO,2019-05-02,2019,36.04132,-86.82233,False,0,0,0,,,,,,,,
102378239,Crashes_2010_2019_MPO,2019-05-02,2019,35.93838,-86.82182,False,0,0,0,,,,,,,,
102377598,Crashes_2010_2019_MPO,2019-05-02,2019,35.94846,-86.8384,False,0,0,0,,,,,,,,
102378035,Crashes_2010_2019_MPO,2019-05-02,2019,36.03313,-86.78617,True,0,0,0,,,,,,,,
102378251,Crashes_2010_2019_MPO,2019-05-02,2019,35.95198,-86.81788,False,0,0,0,,,,,,,,
102379647,Crashes_2010_2019_MPO,2019-05-03,2019,35.96754,-86.81651,True,0,0,0,,,,,,,,
102379403,Crashes_2010_2019_MPO,2019-05-03,2019,35.99712,-86.79688,True,0,0,0,,,,,,,,
102380638,Crashes_2010_2019_MPO,2019-05-03,2019,35.95526,-86.82588,False,0,0,0,,,,,,,,
102378726,Crashes_2010_2019_MPO,2019-05-03,2019,35.99734,-86.79486,True,0,0,0,,,,,,,,
102378905,Crashes_2010_2019_MPO,2019-05-03,2019,35.96713,-86.80867,True,0,0,0,,,,,,,,
102380557,Crashes_2010_2019_MPO,2019-05-03,2019,35.9247,-86.87219,False,0,0,0,,,,,,,,
102379049,Crashes_2010_2019_MPO,2019-05-03,2019,36.04553,-86.71159,False,0,0,0,,,,,,,,
102380640,Crashes_2010_2019_MPO,2019-05-03,2019,35.94295,-86.8002,False,0,0,0,,,,,,,,
102379455,Crashes_2010_2019_MPO,2019-05-03,2019,36.04079,-86.77958,False,0,0,0,,,,,,,,
102379209,Crashes_2010_2019_MPO,2019-05-03,2019,36.04422,-86.72552,False,0,0,0,,,,,,,,
102379446,Crashes_2010_2019_MPO,2019-05-03,2019,35.94465,-86.80908,False,0,0,0,,,,,,,,
102379200,Crashes_2010_2019_MPO,2019-05-03,2019,36.01437,-86.80961,True,0,0,0,,,,,,,,
102379402,Crashes_2010_2019_MPO,2019-05-03,2019,36.02831,-86.78416,True,0,0,0,,,,,,,,
102379086,Crashes_2010_2019_MPO,2019-05-03,2019,35.92941,-86.84076,False,0,0,0,,,,,,,,
102379224,Crashes_2010_2019_MPO,2019-05-03,2019,36.03909,-86.72974,False,0,0,0,,,,,,,,
102379486,Crashes_2010_2019_MPO,2019-05-03,2019,35.92371,-86.87035,False,0,0,0,,,,,,,,
102378722,Crashes_2010_2019_MPO,2019-05-03,2019,36.01392,-86.71935,False,0,0,0,,,,,,,,
102380284,Crashes_2010_2019_MPO,2019-05-04,2019,35.94271,-86.82101,False,0,0,0,,,,,,,,
102379610,Crashes_2010_2019_MPO,2019-05-04,2019,36.01196,-86.68435,False,0,0,0,,,,,,,,
102379969,Crashes_2010_2019_MPO,2019-05-04,2019,36.04197,-86.83378,False,0,0,0,,,,,,,,
102379825,Crashes_2010_2019_MPO,2019-05-04,2019,36.02503,-86.77955,True,0,0,0,,,,,,,,
102380298,Crashes_2010_2019_MPO,2019-05-04,2019,35.9578,-86.81606,False,0,0,0,,,,,,,,
102380306,Crashes_2010_2019_MPO,2019-05-04,2019,35.94608,-86.82604,False,0,0,0,,,,,,,,
102379741,Crashes_2010_2019_MPO,2019-05-04,2019,36.05449,-86.68102,False,0,0,0,,,,,,,,
102379694,Crashes_2010_2019_MPO,2019-05-04,2019,36.01162,-86.80895,True,0,0,0,,,,,,,,
102380245,Crashes_2010_2019_MPO,2019-05-04,2019,36.04002,-86.7436,False,0,0,0,,,,,,,,
102380604,Crashes_2010_2019_MPO,2019-05-04,2019,35.96435,-86.81281,False,0,0,0,,,,,,,,
102379968,Crashes_2010_2019_MPO,2019-05-04,2019,35.93731,-86.87881,False,0,0,0,,,,,,,,
102380601,Crashes_2010_2019_MPO,2019-05-04,2019,35.98595,-86.7141,True,0,0,0,,,,,,,,
102379846,Crashes_2010_2019_MPO,2019-05-04,2019,36.0522,-86.74309,False,0,0,0,,,,,,,,
102380203,Crashes_2010_2019_MPO,2019-05-04,2019,35.99551,-86.77887,True,0,0,0,,,,,,,,
102380216,Crashes_2010_2019_MPO,2019-05-04,2019,36.04541,-86.71278,False,0,0,0,,,,,,,,
102380308,Crashes_2010_2019_MPO,2019-05-04,2019,36.0409,-86.77938,False,0,0,0,,,,,,,,
102379649,Crashes_2010_2019_MPO,2019-05-04,2019,36.04905,-86.77535,False,0,0,1,,,,,,,,
102380093,Crashes_2010_2019_MPO,2019-05-04,2019,35.99107,-86.77834,True,0,0,0,,,,,,,,
102380328,Crashes_2010_2019_MPO,2019-05-04,2019,35.95051,-86.76622,True,0,0,0,,,,,,,,