record_no,source_layer,collision_ts,crash_year,latitude,longitude,in_city,fatalities,non_motorists,truck_involved,serious_injuries,pedestrian,bicycle,crash_type,manner_of_collision,lighting,weather,first_harmful_event
102380853,Crashes_2010_2019_MPO,2019-05-05,2019,35.99183,-86.79872,True,0,0,0,,,,,,,,
102381315,Crashes_2010_2019_MPO,2019-05-05,2019,35.96721,-86.69948,False,0,0,0,,,,,,,,
102381416,Crashes_2010_2019_MPO,2019-05-05,2019,35.99623,-86.78619,True,0,0,0,,,,,,,,
102381321,Crashes_2010_2019_MPO,2019-05-05,2019,36.0453,-86.70168,False,0,0,0,,,,,,,,
102381252,Crashes_2010_2019_MPO,2019-05-05,2019,35.97716,-86.85404,False,0,0,0,,,,,,,,
102380595,Crashes_2010_2019_MPO,2019-05-05,2019,36.0366,-86.78419,False,0,0,0,,,,,,,,
102380600,Crashes_2010_2019_MPO,2019-05-05,2019,35.98591,-86.69712,True,0,0,0,,,,,,,,
102382597,Crashes_2010_2019_MPO,2019-05-06,2019,35.9446,-86.82966,False,0,0,0,,,,,,,,
102381505,Crashes_2010_2019_MPO,2019-05-06,2019,36.01513,-86.73592,False,0,0,0,,,,,,,,
102381527,Crashes_2010_2019_MPO,2019-05-06,2019,36.0399,-86.7419,False,0,0,0,,,,,,,,
102381961,Crashes_2010_2019_MPO,2019-05-06,2019,35.93374,-86.81767,False,0,0,0,,,,,,,,
102383616,Crashes_2010_2019_MPO,2019-05-06,2019,35.92395,-86.79692,False,0,0,0,,,,,,,,
102381606,Crashes_2010_2019_MPO,2019-05-06,2019,36.04519,-86.7158,False,0,0,0,,,,,,,,
102382039,Crashes_2010_2019_MPO,2019-05-06,2019,36.04119,-86.8212,False,0,0,0,,,,,,,,
102381992,Crashes_2010_2019_MPO,2019-05-06,2019,36.03175,-86.78961,True,0,0,0,,,,,,,,
102381689,Crashes_2010_2019_MPO,2019-05-06,2019,36.05185,-86.7756,False,0,0,0,,,,,,,,
102382067,Crashes_2010_2019_MPO,2019-05-06,2019,36.01719,-86.78643,True,0,0,0,,,,,,,,
102381734,Crashes_2010_2019_MPO,2019-05-06,2019,36.0374,-86.78657,False,0,0,0,,,,,,,,
102381716,Crashes_2010_2019_MPO,2019-05-06,2019,35.95813,-86.80211,False,0,0,0,,,,,,,,
102383480,Crashes_2010_2019_MPO,2019-05-07,2019,35.94782,-86.81975,False,0,0,0,,,,,,,,
102383681,Crashes_2010_2019_MPO,2019-05-07,2019,35.9462,-86.80876,False,0,0,0,,,,,,,,
102383008,Crashes_2010_2019_MPO,2019-05-07,2019,36.05272,-86.71473,False,0,0,0,,,,,,,,
102382420,Crashes_2010_2019_MPO,2019-05-07,2019,36.01787,-86.76765,True,0,0,0,,,,,,,,
102383093,Crashes_2010_2019_MPO,2019-05-07,2019,35.99687,-86.68989,False,0,0,0,,,,,,,,
102382474,Crashes_2010_2019_MPO,2019-05-07,2019,35.96678,-86.808796,True,0,0,0,,,,,,,,
102384523,Crashes_2010_2019_MPO,2019-05-07,2019,35.93446,-86.81991,False,0,0,0,,,,,,,,
102383009,Crashes_2010_2019_MPO,2019-05-07,2019,36.04055,-86.7707,False,0,0,0,,,,,,,,
102382948,Crashes_2010_2019_MPO,2019-05-07,2019,35.99551,-86.77887,True,0,0,0,,,,,,,,
102382419,Crashes_2010_2019_MPO,2019-05-07,2019,35.93503,-86.86058,False,0,0,0,,,,,,,,
102382409,Crashes_2010_2019_MPO,2019-05-07,2019,36.03925,-86.81324,False,0,0,0,,,,,,,,
102383824,Crashes_2010_2019_MPO,2019-05-07,2019,35.92954,-86.84167,False,0,0,0,,,,,,,,
102382598,Crashes_2010_2019_MPO,2019-05-07,2019,35.94055,-86.83919,False,0,0,0,,,,,,,,
102382892,Crashes_2010_2019_MPO,2019-05-07,2019,36.04032,-86.81659,False,0,0,0,,,,,,,,
102383311,Crashes_2010_2019_MPO,2019-05-08,2019,36.03933,-86.78203,False,0,0,0,,,,,,,,
102383636,Crashes_2010_2019_MPO,2019-05-08,2019,35.966748,-86.809085,True,0,0,0,,,,,,,,
102383330,Crashes_2010_2019_MPO,2019-05-08,2019,36.03948,-86.78177,False,0,0,0,,,,,,,,
102383976,Crashes_2010_2019_MPO,2019-05-08,2019,36.04004,-86.74399,False,0,0,0,,,,,,,,
102383835,Crashes_2010_2019_MPO,2019-05-08,2019,35.92644,-86.82465,False,0,0,0,,,,,,,,
102385615,Crashes_2010_2019_MPO,2019-05-08,2019,35.99783,-86.80997,True,0,0,0,,,,,,,,
102385682,Crashes_2010_2019_MPO,2019-05-08,2019,35.98718,-86.8164,True,0,0,0,,,,,,,,
102384165,Crashes_2010_2019_MPO,2019-05-08,2019,35.97501,-86.80453,True,0,0,0,,,,,,,,
102384998,Crashes_2010_2019_MPO,2019-05-09,2019,36.04771,-86.86239,False,0,0,0,,,,,,,,
102384454,Crashes_2010_2019_MPO,2019-05-09,2019,36.03469,-86.74354,False,0,0,0,,,,,,,,
102384227,Crashes_2010_2019_MPO,2019-05-09,2019,36.03991,-86.74211,False,0,0,0,,,,,,,,
102384519,Crashes_2010_2019_MPO,2019-05-09,2019,36.04528,-86.71419,False,0,0,0,,,,,,,,
102384745,Crashes_2010_2019_MPO,2019-05-09,2019,36.03939,-86.74342,False,0,0,0,,,,,,,,
102384932,Crashes_2010_2019_MPO,2019-05-09,2019,36.04065,-86.78118,False,0,0,0,,,,,,,,
102385375,Crashes_2010_2019_MPO,2019-05-09,2019,35.93383,-86.78197,False,0,0,0,,,,,,,,
102384668,Crashes_2010_2019_MPO,2019-05-09,2019,36.01976,-86.82071,True,0,0,0,,,,,,,,
102384406,Crashes_2010_2019_MPO,2019-05-09,2019,36.0522,-86.74309,False,0,0,0,,,,,,,,
102384260,Crashes_2010_2019_MPO,2019-05-09,2019,36.03689,-86.81684,True,0,0,0,,,,,,,,
102384105,Crashes_2010_2019_MPO,2019-05-09,2019,35.96518,-86.80029,True,0,0,0,,,,,,,,
102384833,Crashes_2010_2019_MPO,2019-05-09,2019,35.9462,-86.80876,False,0,0,0,,,,,,,,
102384941,Crashes_2010_2019_MPO,2019-05-09,2019,36.04526,-86.7144,False,0,0,0,,,,,,,,
102384584,Crashes_2010_2019_MPO,2019-05-09,2019,35.9923,-86.82836,True,0,0,0,,,,,,,,
102384303,Crashes_2010_2019_MPO,2019-05-09,2019,35.99627,-86.78657,True,0,0,0,,,,,,,,
102385638,Crashes_2010_2019_MPO,2019-05-10,2019,35.93327,-86.81473,False,0,0,0,,,,,,,,
102385507,Crashes_2010_2019_MPO,2019-05-10,2019,35.997513,-86.795045,True,0,0,0,,,,,,,,
102385793,Crashes_2010_2019_MPO,2019-05-10,2019,36.04558,-86.7196,False,0,0,0,,,,,,,,
102385255,Crashes_2010_2019_MPO,2019-05-10,2019,36.03342,-86.78535,True,0,0,0,,,,,,,,
102385596,Crashes_2010_2019_MPO,2019-05-10,2019,36.0408,-86.77347,False,0,0,0,,,,,,,,
102385538,Crashes_2010_2019_MPO,2019-05-10,2019,36.0434,-86.74414,False,0,0,0,,,,,,,,
102388159,Crashes_2010_2019_MPO,2019-05-10,2019,35.97334,-86.83305,True,0,0,0,,,,,,,,
102385857,Crashes_2010_2019_MPO,2019-05-10,2019,35.99128,-86.68358,False,0,0,0,,,,,,,,
102386653,Crashes_2010_2019_MPO,2019-05-11,2019,36.04692,-86.67982,False,0,0,0,,,,,,,,
102386790,Crashes_2010_2019_MPO,2019-05-11,2019,35.94686,-86.85223,False,0,0,0,,,,,,,,
102386964,Crashes_2010_2019_MPO,2019-05-11,2019,36.0241,-86.74241,False,0,0,0,,,,,,,,
102387044,Crashes_2010_2019_MPO,2019-05-11,2019,36.04708,-86.70309,False,0,0,0,,,,,,,,
102386911,Crashes_2010_2019_MPO,2019-05-11,2019,35.92546,-86.87275,False,0,0,0,,,,,,,,
102386878,Crashes_2010_2019_MPO,2019-05-11,2019,35.95061,-86.7662,True,0,0,0,,,,,,,,
102391197,Crashes_2010_2019_MPO,2019-05-11,2019,36.03522,-86.78326,False,0,0,0,,,,,,,,
102387167,Crashes_2010_2019_MPO,2019-05-11,2019,35.9651,-86.81631,True,0,0,0,,,,,,,,
102386979,Crashes_2010_2019_MPO,2019-05-11,2019,35.99734,-86.79486,True,0,0,0,,,,,,,,
102393491,Crashes_2010_2019_MPO,2019-05-12,2019,35.9912,-86.68349,False,0,0,0,,,,,,,,
102387685,Crashes_2010_2019_MPO,2019-05-12,2019,35.99781,-86.79886,True,0,0,0,,,,,,,,
102387776,Crashes_2010_2019_MPO,2019-05-12,2019,35.99751,-86.69078,False,0,0,0,,,,,,,,
102387470,Crashes_2010_2019_MPO,2019-05-12,2019,36.04556,-86.71122,False,0,0,0,,,,,,,,
102387763,Crashes_2010_2019_MPO,2019-05-12,2019,36.04115,-86.77629,False,0,0,0,,,,,,,,
102387641,Crashes_2010_2019_MPO,2019-05-12,2019,36.00909,-86.69343,False,0,0,0,,,,,,,,
102388589,Crashes_2010_2019_MPO,2019-05-12,2019,35.95371,-86.72,False,0,0,0,,,,,,,,
102387253,Crashes_2010_2019_MPO,2019-05-12,2019,35.9462,-86.80876,False,0,0,0,,,,,,,,
102389247,Crashes_2010_2019_MPO,2019-05-13,2019,35.95562,-86.75064,True,0,1,0,,,,,,,,
102389095,Crashes_2010_2019_MPO,2019-05-13,2019,36.01115,-86.78491,True,0,0,1,,,,,,,,
102388317,Crashes_2010_2019_MPO,2019-05-13,2019,35.93355,-86.86168,False,0,0,0,,,,,,,,
102389650,Crashes_2010_2019_MPO,2019-05-13,2019,35.966539,-86.809973,True,0,0,0,,,,,,,,
102388601,Crashes_2010_2019_MPO,2019-05-13,2019,35.95334,-86.8123,False,0,0,0,,,,,,,,
102388350,Crashes_2010_2019_MPO,2019-05-13,2019,35.99554,-86.77926,True,0,0,0,,,,,,,,
102389998,Crashes_2010_2019_MPO,2019-05-13,2019,35.959,-86.81597,False,0,0,0,,,,,,,,
102387968,Crashes_2010_2019_MPO,2019-05-13,2019,35.93541,-86.82372,False,0,0,0,,,,,,,,
102388417,Crashes_2010_2019_MPO,2019-05-13,2019,35.98536,-86.73862,True,0,0,0,,,,,,,,
102389703,Crashes_2010_2019_MPO,2019-05-14,2019,35.93446,-86.81991,False,0,0,0,,,,,,,,
102389999,Crashes_2010_2019_MPO,2019-05-14,2019,35.94119,-86.83642,False,0,0,0,,,,,,,,
102388749,Crashes_2010_2019_MPO,2019-05-14,2019,36.02175,-86.74267,False,0,0,0,,,,,,,,
102389018,Crashes_2010_2019_MPO,2019-05-14,2019,35.93222,-86.86198,False,0,0,0,,,,,,,,
102389543,Crashes_2010_2019_MPO,2019-05-14,2019,36.01051,-86.68737,False,0,0,0,,,,,,,,
102389446,Crashes_2010_2019_MPO,2019-05-14,2019,36.04274,-86.70748,False,0,0,0,,,,,,,,
102388892,Crashes_2010_2019_MPO,2019-05-14,2019,36.03282,-86.80905,True,0,0,0,,,,,,,,
102389705,Crashes_2010_2019_MPO,2019-05-14,2019,35.93446,-86.81991,False,0,0,0,,,,,,,,
102388828,Crashes_2010_2019_MPO,2019-05-14,2019,35.92645,-86.76721,False,0,0,0,,,,,,,,
102389835,Crashes_2010_2019_MPO,2019-05-14,2019,35.94489,-86.82843,False,0,0,1,,,,,,,,
102388782,Crashes_2010_2019_MPO,2019-05-14,2019,36.01902,-86.82081,True,0,0,0,,,,,,,,
102388792,Crashes_2010_2019_MPO,2019-05-14,2019,36.0396,-86.78166,False,0,0,0,,,,,,,,
102389185,Crashes_2010_2019_MPO,2019-05-14,2019,36.04522,-86.71479,False,0,0,0,,,,,,,,
102388849,Crashes_2010_2019_MPO,2019-05-14,2019,36.03765,-86.78498,False,0,0,0,,,,,,,,
102389704,Crashes_2010_2019_MPO,2019-05-14,2019,35.95447,-86.81242,False,0,0,0,,,,,,,,
102389219,Crashes_2010_2019_MPO,2019-05-14,2019,36.03679,-86.81484,True,0,0,0,,,,,,,,
102389283,Crashes_2010_2019_MPO,2019-05-14,2019,35.94743,-86.81411,False,0,0,0,,,,,,,,
102389720,Crashes_2010_2019_MPO,2019-05-15,2019,35.99781,-86.79886,True,0,0,0,,,,,,,,
102389667,Crashes_2010_2019_MPO,2019-05-15,2019,35.97334,-86.83305,True,0,0,0,,,,,,,,
102390602,Crashes_2010_2019_MPO,2019-05-15,2019,36.03319,-86.7876,True,0,0,0,,,,,,,,
102390980,Crashes_2010_2019_MPO,2019-05-15,2019,35.96721,-86.8135,True,0,0,1,,,,,,,,
102390596,Crashes_2010_2019_MPO,2019-05-15,2019,35.93127,-86.86338,False,0,0,0,,,,,,,,
102390594,Crashes_2010_2019_MPO,2019-05-15,2019,35.93902,-86.80975,False,0,0,0,,,,,,,,
102390091,Crashes_2010_2019_MPO,2019-05-15,2019,35.99487,-86.78803,True,0,0,0,,,,,,,,
102389658,Crashes_2010_2019_MPO,2019-05-15,2019,35.99101,-86.799,True,0,0,0,,,,,,,,
102389888,Crashes_2010_2019_MPO,2019-05-15,2019,35.94782,-86.81975,False,0,0,0,,,,,,,,
102389869,Crashes_2010_2019_MPO,2019-05-15,2019,36.05366,-86.71502,False,0,0,0,,,,,,,,
102389786,Crashes_2010_2019_MPO,2019-05-15,2019,35.95779,-86.80256,False,0,0,0,,,,,,,,
102390175,Crashes_2010_2019_MPO,2019-05-15,2019,35.94115,-86.83125,False,0,0,0,,,,,,,,
102389834,Crashes_2010_2019_MPO,2019-05-15,2019,36.03771,-86.78482,False,0,0,0,,,,,,,,
102390162,Crashes_2010_2019_MPO,2019-05-15,2019,35.9691,-86.80976,True,0,0,0,,,,,,,,
102390056,Crashes_2010_2019_MPO,2019-05-15,2019,36.03018,-86.70295,False,0,0,0,,,,,,,,
102389641,Crashes_2010_2019_MPO,2019-05-15,2019,36.00992,-86.80298,True,0,0,0,,,,,,,,
102390187,Crashes_2010_2019_MPO,2019-05-15,2019,36.0409,-86.77938,False,0,0,0,,,,,,,,
102389809,Crashes_2010_2019_MPO,2019-05-15,2019,36.04627,-86.67682,False,0,0,0,,,,,,,,
102390008,Crashes_2010_2019_MPO,2019-05-15,2019,35.92344,-86.86829,False,0,0,0,,,,,,,,
102392017,Crashes_2010_2019_MPO,2019-05-15,2019,35.92405,-86.82224,False,0,0,0,,,,,,,,
102390328,Crashes_2010_2019_MPO,2019-05-15,2019,36.0409,-86.77938,False,0,0,0,,,,,,,,
102389872,Crashes_2010_2019_MPO,2019-05-15,2019,36.042,-86.83323,False,0,0,0,,,,,,,,
102389674,Crashes_2010_2019_MPO,2019-05-15,2019,36.03797,-86.79777,False,0,0,0,,,,,,,,
102389789,Crashes_2010_2019_MPO,2019-05-15,2019,35.99571,-86.68761,False,0,0,0,,,,,,,,
102390188,Crashes_2010_2019_MPO,2019-05-15,2019,35.99123,-86.68279,False,0,0,0,,,,,,,,
102390745,Crashes_2010_2019_MPO,2019-05-16,2019,35.96762,-86.81342,True,0,0,0,,,,,,,,
102390802,Crashes_2010_2019_MPO,2019-05-16,2019,36.04534,-86.71355,False,0,0,0,,,,,,,,
102391014,Crashes_2010_2019_MPO,2019-05-16,2019,36.0411,-86.77621,False,0,0,0,,,,,,,,
102391106,Crashes_2010_2019_MPO,2019-05-16,2019,36.04028,-86.76837,False,0,0,0,,,,,,,,
102390607,Crashes_2010_2019_MPO,2019-05-16,2019,35.99156,-86.79881,True,0,0,0,,,,,,,,
102391100,Crashes_2010_2019_MPO,2019-05-16,2019,35.92943,-86.82063,False,0,0,0,,,,,,,,
102391128,Crashes_2010_2019_MPO,2019-05-16,2019,35.92924,-86.85316,False,0,0,0,,,,,,,,
102390536,Crashes_2010_2019_MPO,2019-05-16,2019,35.93446,-86.81991,False,0,0,0,,,,,,,,
102391116,Crashes_2010_2019_MPO,2019-05-16,2019,35.95222,-86.81886,False,0,0,0,,,,,,,,
102391129,Crashes_2010_2019_MPO,2019-05-16,2019,35.94675,-86.85178,False,0,0,0,,,,,,,,
102391508,Crashes_2010_2019_MPO,2019-05-16,2019,35.97716,-86.87622,False,0,0,0,,,,,,,,
102391025,Crashes_2010_2019_MPO,2019-05-16,2019,35.95806,-86.80258,False,0,0,0,,,,,,,,
102390580,Crashes_2010_2019_MPO,2019-05-16,2019,35.93374,-86.81767,False,0,0,0,,,,,,,,
102391115,Crashes_2010_2019_MPO,2019-05-16,2019,35.95131,-86.81813,False,0,0,0,,,,,,,,
102391097,Crashes_2010_2019_MPO,2019-05-16,2019,35.9234,-86.68001,False,0,0,0,,,,,,,,
102391051,Crashes_2010_2019_MPO,2019-05-16,2019,36.01072,-86.84536,False,0,0,0,,,,,,,,
102392103,Crashes_2010_2019_MPO,2019-05-17,2019,36.03999,-86.7431,False,0,0,0,,,,,,,,
102392264,Crashes_2010_2019_MPO,2019-05-17,2019,36.03757,-86.79243,False,0,0,0,,,,,,,,
102392560,Crashes_2010_2019_MPO,2019-05-17,2019,35.93714,-86.69911,False,0,0,0,,,,,,,,
102392274,Crashes_2010_2019_MPO,2019-05-17,2019,36.03243,-86.70816,False,0,0,0,,,,,,,,
102391828,Crashes_2010_2019_MPO,2019-05-17,2019,35.96198,-86.81518,False,0,0,0,,,,,,,,
102392256,Crashes_2010_2019_MPO,2019-05-17,2019,36.04748,-86.71659,False,0,0,0,,,,,,,,
102391876,Crashes_2010_2019_MPO,2019-05-17,2019,35.93446,-86.81991,False,0,0,0,,,,,,,,
102391567,Crashes_2010_2019_MPO,2019-05-17,2019,35.9359,-86.81811,False,0,0,0,,,,,,,,
102391712,Crashes_2010_2019_MPO,2019-05-17,2019,36.0409,-86.77938,False,0,0,0,,,,,,,,
102393421,Crashes_2010_2019_MPO,2019-05-17,2019,35.94708,-86.82173,False,0,0,0,,,,,,,,
102391572,Crashes_2010_2019_MPO,2019-05-17,2019,35.9583,-86.8023,False,0,0,0,,,,,,,,
102392015,Crashes_2010_2019_MPO,2019-05-17,2019,36.04521,-86.74394,False,0,0,0,,,,,,,,
102391612,Crashes_2010_2019_MPO,2019-05-17,2019,35.95383,-86.80405,False,0,0,0,,,,,,,,
102392054,Crashes_2010_2019_MPO,2019-05-17,2019,36.03797,-86.79777,False,0,0,0,,,,,,,,
102391565,Crashes_2010_2019_MPO,2019-05-17,2019,36.00417,-86.79083,True,0,0,0,,,,,,,,
102391510,Crashes_2010_2019_MPO,2019-05-17,2019,35.96365,-86.80057,True,0,0,0,,,,,,,,
102392174,Crashes_2010_2019_MPO,2019-05-17,2019,36.04208,-86.74951,False,0,0,0,,,,,,,,
102392250,Crashes_2010_2019_MPO,2019-05-17,2019,36.05151,-86.71436,False,0,0,0,,,,,,,,
102392502,Crashes_2010_2019_MPO,2019-05-18,2019,35.93761,-86.70258,False,0,0,0,,,,,,,,
102395291,Crashes_2010_2019_MPO,2019-05-18,2019,35.97363,-86.70315,True,1,0,0,,,,,,,,
102393040,Crashes_2010_2019_MPO,2019-05-18,2019,36.04115,-86.8208,False,0,0,0,,,,,,,,
102393006,Crashes_2010_2019_MPO,2019-05-18,2019,35.94859,-86.83832,False,0,0,0,,,,,,,,
102392813,Crashes_2010_2019_MPO,2019-05-18,2019,36.04679,-86.71343,False,0,0,0,,,,,,,,
102393008,Crashes_2010_2019_MPO,2019-05-18,2019,36.04561,-86.71077,False,0,0,0,,,,,,,,
102393073,Crashes_2010_2019_MPO,2019-05-18,2019,36.054,-86.72529,False,0,0,0,,,,,,,,
102393896,Crashes_2010_2019_MPO,2019-05-19,2019,35.9347,-86.77744,False,0,0,0,,,,,,,,
102393890,Crashes_2010_2019_MPO,2019-05-19,2019,35.94687,-86.85168,False,0,0,0,,,,,,,,
102396503,Crashes_2010_2019_MPO,2019-05-19,2019,36.02306,-86.71103,False,0,0,0,,,,,,,,
102393305,Crashes_2010_2019_MPO,2019-05-19,2019,36.04441,-86.69415,False,0,0,0,,,,,,,,
102394071,Crashes_2010_2019_MPO,2019-05-19,2019,36.04169,-86.71878,False,0,0,0,,,,,,,,
102393525,Crashes_2010_2019_MPO,2019-05-19,2019,36.03319,-86.7876,True,0,0,0,,,,,,,,
102393546,Crashes_2010_2019_MPO,2019-05-19,2019,36.04543,-86.71258,False,0,0,0,,,,,,,,
102393521,Crashes_2010_2019_MPO,2019-05-19,2019,35.94541,-86.81304,False,0,0,0,,,,,,,,
102394623,Crashes_2010_2019_MPO,2019-05-20,2019,36.04538,-86.70287,False,0,0,0,,,,,,,,
102394450,Crashes_2010_2019_MPO,2019-05-20,2019,36.05135,-86.71431,False,0,0,0,,,,,,,,
102394441,Crashes_2010_2019_MPO,2019-05-20,2019,35.99624,-86.78631,True,0,0,0,,,,,,,,
102394733,Crashes_2010_2019_MPO,2019-05-20,2019,36.01097,-86.75207,True,0,0,1,,,,,,,,
102394291,Crashes_2010_2019_MPO,2019-05-20,2019,35.96665,-86.80937,True,0,0,1,,,,,,,,
102395098,Crashes_2010_2019_MPO,2019-05-20,2019,35.9505,-86.76617,True,0,0,0,,,,,,,,
102394257,Crashes_2010_2019_MPO,2019-05-20,2019,35.93374,-86.81767,False,0,0,0,,,,,,,,
102394740,Crashes_2010_2019_MPO,2019-05-20,2019,35.95411,-86.80424,False,0,0,0,,,,,,,,
102394431,Crashes_2010_2019_MPO,2019-05-20,2019,35.94036,-86.83304,False,0,0,0,,,,,,,,
102394746,Crashes_2010_2019_MPO,2019-05-20,2019,35.99567,-86.78055,True,0,0,0,,,,,,,,
102394456,Crashes_2010_2019_MPO,2019-05-20,2019,36.03957,-86.78168,False,0,0,0,,,,,,,,
102394250,Crashes_2010_2019_MPO,2019-05-20,2019,36.03979,-86.76376,False,0,0,0,,,,,,,,
102394741,Crashes_2010_2019_MPO,2019-05-20,2019,35.92644,-86.8248,False,0,0,0,,,,,,,,
102395738,Crashes_2010_2019_MPO,2019-05-21,2019,35.94076,-86.81066,False,0,0,0,,,,,,,,
102395536,Crashes_2010_2019_MPO,2019-05-21,2019,36.03066,-86.78358,True,0,0,0,,,,,,,,
102397263,Crashes_2010_2019_MPO,2019-05-21,2019,36.03614,-86.79515,True,0,0,0,,,,,,,,
102395925,Crashes_2010_2019_MPO,2019-05-21,2019,36.0409,-86.77938,False,0,0,0,,,,,,,,
102395684,Crashes_2010_2019_MPO,2019-05-21,2019,36.03572,-86.78793,True,0,0,0,,,,,,,,
102395454,Crashes_2010_2019_MPO,2019-05-21,2019,35.94288,-86.82094,False,0,0,0,,,,,,,,
102395683,Crashes_2010_2019_MPO,2019-05-21,2019,36.03419,-86.78315,True,0,0,0,,,,,,,,
102396172,Crashes_2010_2019_MPO,2019-05-21,2019,35.97,-86.80921,True,0,0,0,,,,,,,,
102395251,Crashes_2010_2019_MPO,2019-05-21,2019,36.03972,-86.75737,False,0,0,0,,,,,,,,
102395557,Crashes_2010_2019_MPO,2019-05-21,2019,35.95653,-86.84394,False,0,0,0,,,,,,,,
102396018,Crashes_2010_2019_MPO,2019-05-21,2019,35.96116,-86.68402,False,0,0,0,,,,,,,,
102395597,Crashes_2010_2019_MPO,2019-05-21,2019,35.9295,-86.84135,False,0,0,0,,,,,,,,
102395507,Crashes_2010_2019_MPO,2019-05-21,2019,36.0372,-86.74348,False,0,0,0,,,,,,,,
102397084,Crashes_2010_2019_MPO,2019-05-22,2019,35.94131,-86.68057,False,0,0,0,,,,,,,,
102396231,Crashes_2010_2019_MPO,2019-05-22,2019,36.04816,-86.86584,False,0,0,0,,,,,,,,
102396690,Crashes_2010_2019_MPO,2019-05-22,2019,36.03286,-86.77189,False,0,0,0,,,,,,,,
102396712,Crashes_2010_2019_MPO,2019-05-22,2019,35.96665,-86.80937,True,0,0,0,,,,,,,,
102397684,Crashes_2010_2019_MPO,2019-05-22,2019,35.93793,-86.81765,False,0,0,0,,,,,,,,
102396037,Crashes_2010_2019_MPO,2019-05-22,2019,36.04032,-86.76878,False,0,0,0,,,,,,,,
102396178,Crashes_2010_2019_MPO,2019-05-22,2019,36.04541,-86.71285,False,0,0,0,,,,,,,,
102396980,Crashes_2010_2019_MPO,2019-05-22,2019,36.0404,-86.78095,False,0,0,0,,,,,,,,
102396806,Crashes_2010_2019_MPO,2019-05-22,2019,36.04041,-86.76952,False,0,0,0,,,,,,,,
102396259,Crashes_2010_2019_MPO,2019-05-22,2019,35.92374,-86.76682,False,0,0,0,,,,,,,,
102396772,Crashes_2010_2019_MPO,2019-05-22,2019,36.04471,-86.71318,False,0,0,0,,,,,,,,
102397282,Crashes_2010_2019_MPO,2019-05-22,2019,35.9673,-86.81426,True,0,0,0,,,,,,,,
102398013,Crashes_2010_2019_MPO,2019-05-23,2019,35.94493,-86.82854,False,0,0,0,,,,,,,,
102397628,Crashes_2010_2019_MPO,2019-05-23,2019,35.9651,-86.8163,True,0,0,0,,,,,,,,
102397317,Crashes_2010_2019_MPO,2019-05-23,2019,36.05141,-86.71472,False,0,0,0,,,,,,,,
102398783,Crashes_2010_2019_MPO,2019-05-23,2019,35.94798,-86.81714,False,0,0,0,,,,,,,,
102397651,Crashes_2010_2019_MPO,2019-05-23,2019,35.96668,-86.80964,True,0,0,0,,,,,,,,
102397481,Crashes_2010_2019_MPO,2019-05-23,2019,35.94787,-86.81866,False,0,0,0,,,,,,,,
102397147,Crashes_2010_2019_MPO,2019-05-23,2019,36.04565,-86.71033,False,0,0,1,,,,,,,,
102397212,Crashes_2010_2019_MPO,2019-05-23,2019,35.96876,-86.81871,True,0,0,0,,,,,,,,
102397297,Crashes_2010_2019_MPO,2019-05-23,2019,35.9505,-86.76617,True,0,0,0,,,,,,,,
102397122,Crashes_2010_2019_MPO,2019-05-23,2019,36.03216,-86.76472,False,0,0,0,,,,,,,,
102401400,Crashes_2010_2019_MPO,2019-05-23,2019,36.0343,-86.79174,True,0,0,0,,,,,,,,
102397745,Crashes_2010_2019_MPO,2019-05-23,2019,36.04634,-86.71338,False,0,0,0,,,,,,,,
102397113,Crashes_2010_2019_MPO,2019-05-23,2019,35.97727,-86.72554,True,0,0,0,,,,,,,,
102398815,Crashes_2010_2019_MPO,2019-05-24,2019,35.98326,-86.71737,True,0,0,0,,,,,,,,
102398109,Crashes_2010_2019_MPO,2019-05-24,2019,36.0409,-86.77938,False,0,0,0,,,,,,,,
102398859,Crashes_2010_2019_MPO,2019-05-24,2019,35.95037,-86.81894,False,0,0,0,,,,,,,,
102398969,Crashes_2010_2019_MPO,2019-05-24,2019,35.99762,-86.79669,True,0,0,0,,,,,,,,
102398552,Crashes_2010_2019_MPO,2019-05-24,2019,36.0412,-86.74653,False,0,0,0,,,,,,,,
102398770,Crashes_2010_2019_MPO,2019-05-24,2019,36.04028,-86.76837,False,0,0,0,,,,,,,,
102398888,Crashes_2010_2019_MPO,2019-05-24,2019,35.94612,-86.82346,False,0,0,0,,,,,,,,
102399037,Crashes_2010_2019_MPO,2019-05-24,2019,35.93526,-86.81834,False,0,0,0,,,,,,,,
102398829,Crashes_2010_2019_MPO,2019-05-24,2019,36.03774,-86.79499,False,0,0,0,,,,,,,,
102401686,Crashes_2010_2019_MPO,2019-05-24,2019,35.9393,-86.85749,False,0,0,0,,,,,,,,
102398308,Crashes_2010_2019_MPO,2019-05-24,2019,36.04049,-86.74548,False,0,0,0,,,,,,,,
102398868,Crashes_2010_2019_MPO,2019-05-24,2019,36.04569,-86.7301,False,0,0,0,,,,,,,,
102399056,Crashes_2010_2019_MPO,2019-05-24,2019,36.04467,-86.86496,True,0,0,0,,,,,,,,
102399421,Crashes_2010_2019_MPO,2019-05-25,2019,36.05383,-86.71508,False,0,0,0,,,,,,,,
102399821,Crashes_2010_2019_MPO,2019-05-25,2019,36.04671,-86.7252,False,0,0,0,,,,,,,,
102399910,Crashes_2010_2019_MPO,2019-05-25,2019,35.94729,-86.85135,False,0,0,0,,,,,,,,
102399637,Crashes_2010_2019_MPO,2019-05-25,2019,35.99329,-86.68543,False,0,0,0,,,,,,,,
102399677,Crashes_2010_2019_MPO,2019-05-25,2019,35.97051,-86.67826,False,0,0,0,,,,,,,,
102400193,Crashes_2010_2019_MPO,2019-05-25,2019,35.95571,-86.81406,False,0,0,0,,,,,,,,
102399408,Crashes_2010_2019_MPO,2019-05-25,2019,35.9898,-86.77791,True,0,0,0,,,,,,,,
102401077,Crashes_2010_2019_MPO,2019-05-25,2019,35.94429,-86.81993,False,0,0,0,,,,,,,,