record_no,source_layer,collision_ts,crash_year,latitude,longitude,in_city,fatalities,non_motorists,truck_involved,serious_injuries,pedestrian,bicycle,crash_type,manner_of_collision,lighting,weather,first_harmful_event
102399874,Crashes_2010_2019_MPO,2019-05-25,2019,36.04548,-86.70444,False,0,0,0,,,,,,,,
102404167,Crashes_2010_2019_MPO,2019-05-26,2019,35.98,-86.80304,True,0,0,0,,,,,,,,
102400873,Crashes_2010_2019_MPO,2019-05-26,2019,35.9464,-86.8087,False,0,0,0,,,,,,,,
102400755,Crashes_2010_2019_MPO,2019-05-26,2019,35.9295,-86.84135,False,0,0,0,,,,,,,,
102400902,Crashes_2010_2019_MPO,2019-05-26,2019,35.966539,-86.80994,True,0,0,0,,,,,,,,
102400953,Crashes_2010_2019_MPO,2019-05-26,2019,36.05151,-86.71436,False,0,0,0,,,,,,,,
102400801,Crashes_2010_2019_MPO,2019-05-26,2019,36.03869,-86.80688,False,0,0,0,,,,,,,,
102401351,Crashes_2010_2019_MPO,2019-05-26,2019,36.02158,-86.77044,True,0,0,0,,,,,,,,
102401097,Crashes_2010_2019_MPO,2019-05-26,2019,36.04536,-86.71786,False,0,0,0,,,,,,,,
102400549,Crashes_2010_2019_MPO,2019-05-26,2019,36.02729,-86.79207,True,0,0,0,,,,,,,,
102401452,Crashes_2010_2019_MPO,2019-05-27,2019,35.93219,-86.79405,False,0,0,0,,,,,,,,
102402153,Crashes_2010_2019_MPO,2019-05-27,2019,36.04099,-86.74621,False,0,0,0,,,,,,,,
102401700,Crashes_2010_2019_MPO,2019-05-27,2019,36.03968,-86.76188,False,0,0,0,,,,,,,,
102401576,Crashes_2010_2019_MPO,2019-05-27,2019,35.99439,-86.73401,True,0,0,0,,,,,,,,
102402150,Crashes_2010_2019_MPO,2019-05-27,2019,36.04756,-86.71352,False,0,0,0,,,,,,,,
102401733,Crashes_2010_2019_MPO,2019-05-27,2019,36.03997,-86.75309,False,0,0,0,,,,,,,,
102402016,Crashes_2010_2019_MPO,2019-05-27,2019,35.93656,-86.7926,False,0,0,0,,,,,,,,
102401722,Crashes_2010_2019_MPO,2019-05-27,2019,36.04489,-86.85028,False,0,0,0,,,,,,,,
102402151,Crashes_2010_2019_MPO,2019-05-27,2019,36.04585,-86.71332,False,0,0,0,,,,,,,,
102402651,Crashes_2010_2019_MPO,2019-05-28,2019,36.05151,-86.71436,False,0,0,0,,,,,,,,
102402509,Crashes_2010_2019_MPO,2019-05-28,2019,35.97614,-86.77662,True,0,0,0,,,,,,,,
102403263,Crashes_2010_2019_MPO,2019-05-28,2019,36.05402,-86.71513,False,0,0,0,,,,,,,,
102403056,Crashes_2010_2019_MPO,2019-05-28,2019,35.94703,-86.81167,False,0,0,0,,,,,,,,
102403057,Crashes_2010_2019_MPO,2019-05-28,2019,35.94693,-86.85161,False,0,0,0,,,,,,,,
102403086,Crashes_2010_2019_MPO,2019-05-28,2019,36.04057,-86.74561,False,0,0,0,,,,,,,,
102403035,Crashes_2010_2019_MPO,2019-05-28,2019,35.95721,-86.84339,False,0,0,0,,,,,,,,
102402576,Crashes_2010_2019_MPO,2019-05-28,2019,35.92534,-86.86758,False,0,0,0,,,,,,,,
102403059,Crashes_2010_2019_MPO,2019-05-28,2019,35.99381,-86.76074,True,0,0,0,,,,,,,,
102403013,Crashes_2010_2019_MPO,2019-05-28,2019,36.04543,-86.70371,False,0,0,0,,,,,,,,
102403051,Crashes_2010_2019_MPO,2019-05-28,2019,35.966468,-86.810099,True,0,0,0,,,,,,,,
102402971,Crashes_2010_2019_MPO,2019-05-28,2019,35.94054,-86.81649,False,0,0,0,,,,,,,,
102403050,Crashes_2010_2019_MPO,2019-05-28,2019,35.99573,-86.78122,True,0,0,0,,,,,,,,
102402846,Crashes_2010_2019_MPO,2019-05-28,2019,36.02844,-86.79142,True,0,0,0,,,,,,,,
102404523,Crashes_2010_2019_MPO,2019-05-29,2019,35.93566,-86.82361,False,0,0,0,,,,,,,,
102403699,Crashes_2010_2019_MPO,2019-05-29,2019,35.96929,-86.80479,True,0,0,0,,,,,,,,
102403939,Crashes_2010_2019_MPO,2019-05-29,2019,36.03686,-86.80184,True,0,0,0,,,,,,,,
102403617,Crashes_2010_2019_MPO,2019-05-29,2019,36.04366,-86.74412,False,0,0,0,,,,,,,,
102403725,Crashes_2010_2019_MPO,2019-05-29,2019,35.93446,-86.81991,False,0,0,0,,,,,,,,
102403544,Crashes_2010_2019_MPO,2019-05-29,2019,36.01553,-86.74006,False,0,0,0,,,,,,,,
102403722,Crashes_2010_2019_MPO,2019-05-29,2019,36.04003,-86.74376,False,0,0,0,,,,,,,,
102403693,Crashes_2010_2019_MPO,2019-05-29,2019,36.05151,-86.71436,False,0,0,0,,,,,,,,
102403641,Crashes_2010_2019_MPO,2019-05-29,2019,35.94687,-86.85168,False,0,0,0,,,,,,,,
102403845,Crashes_2010_2019_MPO,2019-05-29,2019,35.965857,-86.805884,True,0,0,0,,,,,,,,
102404485,Crashes_2010_2019_MPO,2019-05-29,2019,35.92658,-86.86813,False,0,0,0,,,,,,,,
102403997,Crashes_2010_2019_MPO,2019-05-29,2019,35.94608,-86.82608,False,0,0,0,,,,,,,,
102403507,Crashes_2010_2019_MPO,2019-05-29,2019,36.03379,-86.79528,True,0,0,0,,,,,,,,
102403992,Crashes_2010_2019_MPO,2019-05-29,2019,36.05011,-86.69566,False,0,0,0,,,,,,,,
102404831,Crashes_2010_2019_MPO,2019-05-30,2019,35.98598,-86.68004,False,0,0,0,,,,,,,,
102405129,Crashes_2010_2019_MPO,2019-05-30,2019,35.93298,-86.86211,False,0,0,0,,,,,,,,
102404518,Crashes_2010_2019_MPO,2019-05-30,2019,36.0456,-86.85477,False,0,0,0,,,,,,,,
102404716,Crashes_2010_2019_MPO,2019-05-30,2019,36.05189,-86.71447,False,0,0,0,,,,,,,,
102404764,Crashes_2010_2019_MPO,2019-05-30,2019,35.99186,-86.68411,False,0,0,0,,,,,,,,
102404967,Crashes_2010_2019_MPO,2019-05-30,2019,35.92957,-86.84187,False,0,0,0,,,,,,,,
102404298,Crashes_2010_2019_MPO,2019-05-30,2019,36.03336,-86.78872,True,0,0,0,,,,,,,,
102404644,Crashes_2010_2019_MPO,2019-05-30,2019,36.0212,-86.78778,True,0,0,0,,,,,,,,
102404507,Crashes_2010_2019_MPO,2019-05-30,2019,36.04047,-86.74544,False,0,0,0,,,,,,,,
102404657,Crashes_2010_2019_MPO,2019-05-30,2019,36.03932,-86.78204,False,0,0,0,,,,,,,,
102404510,Crashes_2010_2019_MPO,2019-05-30,2019,36.03619,-86.795145,True,0,0,0,,,,,,,,
102405293,Crashes_2010_2019_MPO,2019-05-30,2019,36.02813,-86.71264,False,0,0,0,,,,,,,,
102404715,Crashes_2010_2019_MPO,2019-05-30,2019,35.99551,-86.77887,True,0,0,0,,,,,,,,
102404648,Crashes_2010_2019_MPO,2019-05-30,2019,36.0375,-86.78584,False,0,0,0,,,,,,,,
102404935,Crashes_2010_2019_MPO,2019-05-30,2019,36.00443,-86.69915,False,0,0,0,,,,,,,,
102405020,Crashes_2010_2019_MPO,2019-05-30,2019,35.99837,-86.68409,False,0,0,0,,,,,,,,
102406327,Crashes_2010_2019_MPO,2019-05-31,2019,36.04061,-86.77128,False,0,0,0,,,,,,,,
102405759,Crashes_2010_2019_MPO,2019-05-31,2019,36.03992,-86.74215,False,0,0,0,,,,,,,,
102406282,Crashes_2010_2019_MPO,2019-05-31,2019,35.9667,-86.81121,True,0,0,0,,,,,,,,
102405835,Crashes_2010_2019_MPO,2019-05-31,2019,36.03225,-86.78933,True,0,0,0,,,,,,,,
102406325,Crashes_2010_2019_MPO,2019-05-31,2019,36.03311,-86.7742,False,0,0,0,,,,,,,,
102406173,Crashes_2010_2019_MPO,2019-05-31,2019,35.92725,-86.87689,False,0,0,0,,,,,,,,
102405388,Crashes_2010_2019_MPO,2019-05-31,2019,35.94069,-86.8167,False,0,0,0,,,,,,,,
102406146,Crashes_2010_2019_MPO,2019-05-31,2019,35.92641,-86.82453,False,0,0,0,,,,,,,,
102406408,Crashes_2010_2019_MPO,2019-05-31,2019,36.04654,-86.68333,False,0,0,0,,,,,,,,
102405675,Crashes_2010_2019_MPO,2019-05-31,2019,36.03662,-86.81293,True,0,0,0,,,,,,,,
102406925,Crashes_2010_2019_MPO,2019-06-01,2019,36.04542,-86.70351,False,0,0,0,,,,,,,,
102407354,Crashes_2010_2019_MPO,2019-06-01,2019,36.0548,-86.70581,False,0,0,0,,,,,,,,
102407158,Crashes_2010_2019_MPO,2019-06-01,2019,35.96603,-86.8114,False,0,0,0,,,,,,,,
102406970,Crashes_2010_2019_MPO,2019-06-01,2019,35.93436,-86.8204,False,0,0,0,,,,,,,,
102406987,Crashes_2010_2019_MPO,2019-06-01,2019,35.92626,-86.72344,False,0,0,0,,,,,,,,
102408014,Crashes_2010_2019_MPO,2019-06-02,2019,36.0374,-86.78657,False,0,0,0,,,,,,,,
102407831,Crashes_2010_2019_MPO,2019-06-02,2019,36.01315,-86.70414,False,0,0,0,,,,,,,,
102408031,Crashes_2010_2019_MPO,2019-06-02,2019,36.05245,-86.71465,False,0,0,0,,,,,,,,
102408115,Crashes_2010_2019_MPO,2019-06-02,2019,35.94573,-86.8232,False,0,0,0,,,,,,,,
102407480,Crashes_2010_2019_MPO,2019-06-02,2019,36.05475,-86.72098,False,0,0,0,,,,,,,,
102408165,Crashes_2010_2019_MPO,2019-06-02,2019,36.0515,-86.7144,False,0,0,0,,,,,,,,
102409137,Crashes_2010_2019_MPO,2019-06-03,2019,35.94767,-86.83633,False,0,0,0,,,,,,,,
102408617,Crashes_2010_2019_MPO,2019-06-03,2019,35.97765,-86.77678,True,0,0,0,,,,,,,,
102408888,Crashes_2010_2019_MPO,2019-06-03,2019,35.98892,-86.74104,True,0,0,0,,,,,,,,
102408998,Crashes_2010_2019_MPO,2019-06-03,2019,36.05316,-86.71487,False,0,0,0,,,,,,,,
102408982,Crashes_2010_2019_MPO,2019-06-03,2019,35.99055,-86.74982,True,0,0,0,,,,,,,,
102408981,Crashes_2010_2019_MPO,2019-06-03,2019,36.03327,-86.7839,True,0,0,0,,,,,,,,
102409002,Crashes_2010_2019_MPO,2019-06-03,2019,36.0007,-86.69489,False,0,0,0,,,,,,,,
102408319,Crashes_2010_2019_MPO,2019-06-03,2019,36.04694,-86.71345,False,0,0,0,,,,,,,,
102408652,Crashes_2010_2019_MPO,2019-06-03,2019,36.03781,-86.79578,False,0,0,0,,,,,,,,
102408645,Crashes_2010_2019_MPO,2019-06-03,2019,36.0374,-86.78657,False,0,0,0,,,,,,,,
102409806,Crashes_2010_2019_MPO,2019-06-04,2019,36.03256,-86.7687,False,0,0,0,,,,,,,,
102409773,Crashes_2010_2019_MPO,2019-06-04,2019,36.03882,-86.74343,False,0,0,0,,,,,,,,
102409314,Crashes_2010_2019_MPO,2019-06-04,2019,35.99821,-86.79642,True,0,0,0,,,,,,,,
102409730,Crashes_2010_2019_MPO,2019-06-04,2019,36.0409,-86.77938,False,0,0,0,,,,,,,,
102409409,Crashes_2010_2019_MPO,2019-06-04,2019,36.04023,-86.76797,False,0,0,0,,,,,,,,
102411671,Crashes_2010_2019_MPO,2019-06-04,2019,35.94122,-86.81652,False,0,0,0,,,,,,,,
102409514,Crashes_2010_2019_MPO,2019-06-04,2019,36.03747,-86.79098,False,0,0,0,,,,,,,,
102409828,Crashes_2010_2019_MPO,2019-06-04,2019,36.04685,-86.67941,False,0,0,0,,,,,,,,
102410271,Crashes_2010_2019_MPO,2019-06-04,2019,35.94055,-86.83919,False,0,0,0,,,,,,,,
102410597,Crashes_2010_2019_MPO,2019-06-05,2019,36.04522,-86.71479,False,0,0,0,,,,,,,,
102410213,Crashes_2010_2019_MPO,2019-06-05,2019,35.965805,-86.805674,True,0,0,0,,,,,,,,
102410756,Crashes_2010_2019_MPO,2019-06-05,2019,36.04447,-86.6871,False,0,1,0,,,,,,,,
102411470,Crashes_2010_2019_MPO,2019-06-05,2019,35.92546,-86.87275,False,0,0,0,,,,,,,,
102410408,Crashes_2010_2019_MPO,2019-06-05,2019,36.04027,-86.76834,False,0,0,0,,,,,,,,
102410883,Crashes_2010_2019_MPO,2019-06-05,2019,35.97339,-86.8332,True,0,0,0,,,,,,,,
102411583,Crashes_2010_2019_MPO,2019-06-05,2019,35.94697,-86.82149,False,0,0,0,,,,,,,,
102410635,Crashes_2010_2019_MPO,2019-06-05,2019,36.05366,-86.71502,False,0,0,0,,,,,,,,
102411232,Crashes_2010_2019_MPO,2019-06-05,2019,35.9667,-86.81121,True,0,0,0,,,,,,,,
102410791,Crashes_2010_2019_MPO,2019-06-05,2019,35.93191,-86.794,False,0,0,0,,,,,,,,
102410838,Crashes_2010_2019_MPO,2019-06-05,2019,35.9929,-86.79859,True,0,0,0,,,,,,,,
102410277,Crashes_2010_2019_MPO,2019-06-05,2019,35.99709,-86.794546,True,0,0,0,,,,,,,,
102411501,Crashes_2010_2019_MPO,2019-06-05,2019,35.93534,-86.82136,False,0,0,0,,,,,,,,
102410830,Crashes_2010_2019_MPO,2019-06-05,2019,35.96688,-86.81117,True,0,0,0,,,,,,,,
102411028,Crashes_2010_2019_MPO,2019-06-06,2019,36.04027,-86.74502,False,0,0,0,,,,,,,,
102411482,Crashes_2010_2019_MPO,2019-06-06,2019,35.94589,-86.81947,False,0,0,0,,,,,,,,
102411734,Crashes_2010_2019_MPO,2019-06-06,2019,35.94782,-86.81975,False,0,0,0,,,,,,,,
102411477,Crashes_2010_2019_MPO,2019-06-06,2019,36.01392,-86.73837,False,0,0,0,,,,,,,,
102412536,Crashes_2010_2019_MPO,2019-06-06,2019,35.94104,-86.81633,False,0,0,0,,,,,,,,
102411479,Crashes_2010_2019_MPO,2019-06-06,2019,36.02398,-86.81961,True,0,0,0,,,,,,,,
102411550,Crashes_2010_2019_MPO,2019-06-06,2019,35.92641,-86.82453,False,0,0,0,,,,,,,,
102410891,Crashes_2010_2019_MPO,2019-06-06,2019,36.034514,-86.783486,True,0,0,0,,,,,,,,
102411545,Crashes_2010_2019_MPO,2019-06-06,2019,36.04247,-86.75065,False,0,0,0,,,,,,,,
102411483,Crashes_2010_2019_MPO,2019-06-06,2019,35.92645,-86.8249,False,0,0,0,,,,,,,,
102411571,Crashes_2010_2019_MPO,2019-06-06,2019,36.04537,-86.71326,False,0,0,0,,,,,,,,
102412608,Crashes_2010_2019_MPO,2019-06-06,2019,35.96372,-86.81053,False,0,0,0,,,,,,,,
102411484,Crashes_2010_2019_MPO,2019-06-06,2019,36.01382,-86.7383,False,0,0,0,,,,,,,,
102412065,Crashes_2010_2019_MPO,2019-06-06,2019,35.96705,-86.81355,True,0,0,0,,,,,,,,
102411696,Crashes_2010_2019_MPO,2019-06-06,2019,35.99781,-86.79886,True,0,0,0,,,,,,,,
102411695,Crashes_2010_2019_MPO,2019-06-06,2019,35.99269,-86.82864,True,0,0,0,,,,,,,,
102412852,Crashes_2010_2019_MPO,2019-06-07,2019,36.04149,-86.71098,False,0,0,0,,,,,,,,
102413128,Crashes_2010_2019_MPO,2019-06-07,2019,36.0327,-86.78357,True,0,0,0,,,,,,,,
102412790,Crashes_2010_2019_MPO,2019-06-07,2019,36.04519,-86.7159,False,0,0,0,,,,,,,,
102412837,Crashes_2010_2019_MPO,2019-06-07,2019,36.0409,-86.77938,False,0,0,0,,,,,,,,
102412326,Crashes_2010_2019_MPO,2019-06-07,2019,36.03016,-86.79048,True,0,0,0,,,,,,,,
102412156,Crashes_2010_2019_MPO,2019-06-07,2019,36.03761,-86.78512,False,0,0,0,,,,,,,,
102414414,Crashes_2010_2019_MPO,2019-06-07,2019,36.00651,-86.78874,True,0,0,0,,,,,,,,
102412518,Crashes_2010_2019_MPO,2019-06-07,2019,35.95874,-86.81045,False,0,0,0,,,,,,,,
102411982,Crashes_2010_2019_MPO,2019-06-07,2019,36.04028,-86.76837,False,0,0,0,,,,,,,,
102412678,Crashes_2010_2019_MPO,2019-06-07,2019,36.0357,-86.80845,True,0,0,0,,,,,,,,
102412619,Crashes_2010_2019_MPO,2019-06-07,2019,35.99681,-86.79699,True,0,0,0,,,,,,,,
102411832,Crashes_2010_2019_MPO,2019-06-07,2019,36.04064,-86.67789,False,0,0,0,,,,,,,,
102412884,Crashes_2010_2019_MPO,2019-06-07,2019,36.03806,-86.74347,False,0,0,0,,,,,,,,
102412690,Crashes_2010_2019_MPO,2019-06-07,2019,35.99105,-86.79923,True,0,0,0,,,,,,,,
102412609,Crashes_2010_2019_MPO,2019-06-07,2019,35.95526,-86.82588,False,0,0,0,,,,,,,,
102412684,Crashes_2010_2019_MPO,2019-06-07,2019,35.95209,-86.81805,False,0,0,0,,,,,,,,
102411944,Crashes_2010_2019_MPO,2019-06-07,2019,35.9407,-86.83934,False,0,0,0,,,,,,,,
102412082,Crashes_2010_2019_MPO,2019-06-07,2019,35.99004,-86.74528,True,0,0,0,,,,,,,,
102412574,Crashes_2010_2019_MPO,2019-06-07,2019,35.9921,-86.79862,True,0,0,0,,,,,,,,
102412581,Crashes_2010_2019_MPO,2019-06-07,2019,35.96532,-86.81406,False,0,0,0,,,,,,,,
102413534,Crashes_2010_2019_MPO,2019-06-08,2019,35.96705,-86.81355,True,0,0,0,,,,,,,,
102413191,Crashes_2010_2019_MPO,2019-06-08,2019,36.03768,-86.78489,False,0,0,0,,,,,,,,
102413582,Crashes_2010_2019_MPO,2019-06-08,2019,35.97039,-86.77379,True,0,0,0,,,,,,,,
102414606,Crashes_2010_2019_MPO,2019-06-08,2019,35.96429,-86.81293,False,0,0,0,,,,,,,,
102413745,Crashes_2010_2019_MPO,2019-06-08,2019,36.05393,-86.69121,False,0,0,0,,,,,,,,
102413242,Crashes_2010_2019_MPO,2019-06-08,2019,35.93431,-86.86112,False,0,0,0,,,,,,,,
102414542,Crashes_2010_2019_MPO,2019-06-09,2019,35.95806,-86.76773,True,0,0,0,,,,,,,,
102414200,Crashes_2010_2019_MPO,2019-06-09,2019,36.04114,-86.77621,False,0,0,0,,,,,,,,
102414953,Crashes_2010_2019_MPO,2019-06-09,2019,36.05071,-86.67789,False,0,0,0,,,,,,,,
102414775,Crashes_2010_2019_MPO,2019-06-09,2019,36.05453,-86.72533,False,0,0,0,,,,,,,,
102414194,Crashes_2010_2019_MPO,2019-06-09,2019,36.04625,-86.85798,False,0,0,0,,,,,,,,
102414728,Crashes_2010_2019_MPO,2019-06-09,2019,36.04868,-86.71366,False,0,0,0,,,,,,,,
102414273,Crashes_2010_2019_MPO,2019-06-09,2019,36.03745,-86.79081,False,0,0,0,,,,,,,,
102418779,Crashes_2010_2019_MPO,2019-06-09,2019,35.97776,-86.80359,True,0,0,0,,,,,,,,
102415488,Crashes_2010_2019_MPO,2019-06-10,2019,36.0412,-86.82139,False,0,0,0,,,,,,,,
102415408,Crashes_2010_2019_MPO,2019-06-10,2019,35.95129,-86.80844,False,0,0,0,,,,,,,,
102414967,Crashes_2010_2019_MPO,2019-06-10,2019,35.95054,-86.81883,False,0,0,0,,,,,,,,
102415028,Crashes_2010_2019_MPO,2019-06-10,2019,35.99781,-86.79886,True,0,0,0,,,,,,,,
102415411,Crashes_2010_2019_MPO,2019-06-10,2019,35.92641,-86.82453,False,0,0,0,,,,,,,,
102415410,Crashes_2010_2019_MPO,2019-06-10,2019,35.96444,-86.81363,False,0,0,0,,,,,,,,
102415237,Crashes_2010_2019_MPO,2019-06-10,2019,35.92676,-86.81441,False,0,0,0,,,,,,,,
102415392,Crashes_2010_2019_MPO,2019-06-10,2019,36.04001,-86.74347,False,0,0,0,,,,,,,,
102415409,Crashes_2010_2019_MPO,2019-06-10,2019,35.93557,-86.82364,False,0,0,0,,,,,,,,
102416606,Crashes_2010_2019_MPO,2019-06-10,2019,36.03317,-86.78327,True,0,0,1,,,,,,,,
102415580,Crashes_2010_2019_MPO,2019-06-10,2019,35.94593,-86.87236,False,0,0,0,,,,,,,,
102415196,Crashes_2010_2019_MPO,2019-06-10,2019,35.96507,-86.81415,False,0,0,0,,,,,,,,
102416104,Crashes_2010_2019_MPO,2019-06-11,2019,36.02652,-86.79251,True,0,0,0,,,,,,,,
102415849,Crashes_2010_2019_MPO,2019-06-11,2019,35.92391,-86.86729,False,0,0,0,,,,,,,,
102416354,Crashes_2010_2019_MPO,2019-06-11,2019,36.04027,-86.81641,False,0,0,0,,,,,,,,
102415953,Crashes_2010_2019_MPO,2019-06-11,2019,36.03302,-86.79687,True,0,0,0,,,,,,,,
102416370,Crashes_2010_2019_MPO,2019-06-11,2019,35.94912,-86.81951,False,0,0,0,,,,,,,,
102416987,Crashes_2010_2019_MPO,2019-06-11,2019,35.97841,-86.77685,True,0,0,0,,,,,,,,
102417186,Crashes_2010_2019_MPO,2019-06-11,2019,35.95395,-86.81484,False,0,0,0,,,,,,,,
102417026,Crashes_2010_2019_MPO,2019-06-11,2019,36.01896,-86.68597,False,0,0,0,,,,,,,,
102416351,Crashes_2010_2019_MPO,2019-06-11,2019,36.0455,-86.71185,False,0,0,1,,,,,,,,
102416824,Crashes_2010_2019_MPO,2019-06-11,2019,35.94803,-86.68749,False,0,0,0,,,,,,,,
102415816,Crashes_2010_2019_MPO,2019-06-11,2019,36.03736,-86.78698,False,0,0,0,,,,,,,,
102417066,Crashes_2010_2019_MPO,2019-06-12,2019,36.03216,-86.78339,True,0,0,0,,,,,,,,
102416787,Crashes_2010_2019_MPO,2019-06-12,2019,35.99349,-86.74448,True,0,0,0,,,,,,,,
102416943,Crashes_2010_2019_MPO,2019-06-12,2019,36.0374,-86.78657,False,0,0,0,,,,,,,,
102417053,Crashes_2010_2019_MPO,2019-06-12,2019,36.03016,-86.79048,True,0,0,0,,,,,,,,
102417348,Crashes_2010_2019_MPO,2019-06-12,2019,36.04026,-86.8164,False,0,0,0,,,,,,,,
102417463,Crashes_2010_2019_MPO,2019-06-12,2019,36.03474,-86.78332,True,0,0,1,,,,,,,,
102417191,Crashes_2010_2019_MPO,2019-06-12,2019,35.9407,-86.83934,False,0,0,0,,,,,,,,
102417181,Crashes_2010_2019_MPO,2019-06-12,2019,35.9295,-86.84135,False,0,0,0,,,,,,,,
102417262,Crashes_2010_2019_MPO,2019-06-12,2019,36.04522,-86.71479,False,0,0,0,,,,,,,,
102417023,Crashes_2010_2019_MPO,2019-06-12,2019,36.03639,-86.79085,True,0,0,0,,,,,,,,
102417190,Crashes_2010_2019_MPO,2019-06-12,2019,35.92673,-86.87005,False,0,0,0,,,,,,,,
102417626,Crashes_2010_2019_MPO,2019-06-13,2019,35.9575,-86.85751,False,0,0,0,,,,,,,,
102418547,Crashes_2010_2019_MPO,2019-06-13,2019,35.99554,-86.77925,True,0,0,0,,,,,,,,
102418061,Crashes_2010_2019_MPO,2019-06-13,2019,35.92645,-86.82491,False,0,0,0,,,,,,,,
102417920,Crashes_2010_2019_MPO,2019-06-13,2019,35.96202,-86.81533,False,0,0,0,,,,,,,,
102418085,Crashes_2010_2019_MPO,2019-06-13,2019,36.04301,-86.84231,False,0,0,0,,,,,,,,
102418037,Crashes_2010_2019_MPO,2019-06-13,2019,36.01803,-86.77028,True,0,0,0,,,,,,,,
102417532,Crashes_2010_2019_MPO,2019-06-13,2019,36.01232,-86.70357,False,0,0,0,,,,,,,,
102417856,Crashes_2010_2019_MPO,2019-06-13,2019,35.99199,-86.68423,False,0,0,0,,,,,,,,
102417887,Crashes_2010_2019_MPO,2019-06-13,2019,36.01653,-86.69283,False,0,0,0,,,,,,,,
102417605,Crashes_2010_2019_MPO,2019-06-13,2019,36.04479,-86.72487,False,0,0,0,,,,,,,,
102418018,Crashes_2010_2019_MPO,2019-06-13,2019,35.99,-86.74492,True,0,0,0,,,,,,,,
102421088,Crashes_2010_2019_MPO,2019-06-13,2019,35.9449,-86.68207,False,0,0,0,,,,,,,,
102417845,Crashes_2010_2019_MPO,2019-06-13,2019,36.03281,-86.78902,True,0,0,0,,,,,,,,
102418338,Crashes_2010_2019_MPO,2019-06-13,2019,35.9668,-86.81113,True,0,0,0,,,,,,,,
102418019,Crashes_2010_2019_MPO,2019-06-13,2019,35.98524,-86.72957,True,0,0,0,,,,,,,,
102424131,Crashes_2010_2019_MPO,2019-06-13,2019,35.9638,-86.80842,False,0,0,0,,,,,,,,
102418044,Crashes_2010_2019_MPO,2019-06-13,2019,35.93171,-86.86305,False,0,0,0,,,,,,,,
102418010,Crashes_2010_2019_MPO,2019-06-13,2019,35.9325,-86.86247,False,0,0,0,,,,,,,,
102419170,Crashes_2010_2019_MPO,2019-06-14,2019,35.92609,-86.87139,False,0,0,0,,,,,,,,
102422358,Crashes_2010_2019_MPO,2019-06-14,2019,35.9652,-86.80023,True,0,0,0,,,,,,,,
102419026,Crashes_2010_2019_MPO,2019-06-14,2019,36.0473,-86.86274,False,0,0,0,,,,,,,,
102418786,Crashes_2010_2019_MPO,2019-06-14,2019,35.92598,-86.87162,False,0,0,0,,,,,,,,
102419181,Crashes_2010_2019_MPO,2019-06-14,2019,36.04599,-86.70351,False,0,0,0,,,,,,,,
102418682,Crashes_2010_2019_MPO,2019-06-14,2019,36.02703,-86.7913,True,0,0,0,,,,,,,,
102418637,Crashes_2010_2019_MPO,2019-06-14,2019,36.00768,-86.78753,True,0,0,0,,,,,,,,
102419169,Crashes_2010_2019_MPO,2019-06-14,2019,35.95721,-86.84339,False,0,0,0,,,,,,,,
102419317,Crashes_2010_2019_MPO,2019-06-14,2019,36.02764,-86.68138,False,0,0,0,,,,,,,,
102419628,Crashes_2010_2019_MPO,2019-06-14,2019,35.96796,-86.81828,True,0,0,0,,,,,,,,
102418638,Crashes_2010_2019_MPO,2019-06-14,2019,36.00768,-86.78753,True,0,0,0,,,,,,,,
102419159,Crashes_2010_2019_MPO,2019-06-14,2019,36.03381,-86.78846,True,0,0,0,,,,,,,,
102419125,Crashes_2010_2019_MPO,2019-06-14,2019,35.97637,-86.85712,False,0,0,0,,,,,,,,
102418955,Crashes_2010_2019_MPO,2019-06-14,2019,36.0409,-86.77938,False,0,0,0,,,,,,,,
102419046,Crashes_2010_2019_MPO,2019-06-14,2019,36.03969,-86.73917,False,0,0,0,,,,,,,,
102418479,Crashes_2010_2019_MPO,2019-06-14,2019,35.96534,-86.79757,True,0,1,0,,,,,,,,
102420452,Crashes_2010_2019_MPO,2019-06-15,2019,36.00173,-86.69265,False,0,0,0,,,,,,,,
102419556,Crashes_2010_2019_MPO,2019-06-15,2019,35.98481,-86.8794,False,0,0,0,,,,,,,,
102419870,Crashes_2010_2019_MPO,2019-06-15,2019,36.05352,-86.71498,False,0,0,0,,,,,,,,
102419648,Crashes_2010_2019_MPO,2019-06-15,2019,36.0453,-86.70168,False,0,0,0,,,,,,,,
102420644,Crashes_2010_2019_MPO,2019-06-15,2019,35.93885,-86.81709,False,0,0,0,,,,,,,,
102420223,Crashes_2010_2019_MPO,2019-06-15,2019,35.97765,-86.77678,True,0,0,0,,,,,,,,
102419730,Crashes_2010_2019_MPO,2019-06-15,2019,36.0344,-86.74356,False,0,0,0,,,,,,,,
102419973,Crashes_2010_2019_MPO,2019-06-15,2019,36.00995,-86.70194,False,0,0,0,,,,,,,,
102419663,Crashes_2010_2019_MPO,2019-06-15,2019,35.99687,-86.68989,False,0,0,0,,,,,,,,
102420410,Crashes_2010_2019_MPO,2019-06-16,2019,36.04674,-86.68269,False,0,0,0,,,,,,,,
102420409,Crashes_2010_2019_MPO,2019-06-16,2019,36.04535,-86.71339,False,0,0,0,,,,,,,,
102421105,Crashes_2010_2019_MPO,2019-06-16,2019,36.05366,-86.71502,False,0,0,0,,,,,,,,
102424670,Crashes_2010_2019_MPO,2019-06-16,2019,36.04177,-86.70918,False,0,0,0,,,,,,,,
102420717,Crashes_2010_2019_MPO,2019-06-16,2019,35.92673,-86.87005,False,0,0,0,,,,,,,,
102420746,Crashes_2010_2019_MPO,2019-06-16,2019,35.95922,-86.81541,False,0,0,0,,,,,,,,
102421107,Crashes_2010_2019_MPO,2019-06-16,2019,36.05462,-86.68072,False,0,0,0,,,,,,,,
102420564,Crashes_2010_2019_MPO,2019-06-16,2019,35.96518,-86.80029,True,0,0,0,,,,,,,,
102420898,Crashes_2010_2019_MPO,2019-06-16,2019,35.93215,-86.79441,False,0,0,0,,,,,,,,