record_no,source_layer,collision_ts,crash_year,latitude,longitude,in_city,fatalities,non_motorists,truck_involved,serious_injuries,pedestrian,bicycle,crash_type,manner_of_collision,lighting,weather,first_harmful_event
102420619,Crashes_2010_2019_MPO,2019-06-16,2019,36.04523,-86.71469,False,0,0,0,,,,,,,,
102420425,Crashes_2010_2019_MPO,2019-06-16,2019,36.04479,-86.68653,False,0,0,0,,,,,,,,
102421881,Crashes_2010_2019_MPO,2019-06-17,2019,36.01559,-86.7406,False,0,0,0,,,,,,,,
102422410,Crashes_2010_2019_MPO,2019-06-17,2019,36.01801,-86.78641,True,0,0,0,,,,,,,,
102422434,Crashes_2010_2019_MPO,2019-06-17,2019,36.04114,-86.77621,False,0,0,0,,,,,,,,
102421235,Crashes_2010_2019_MPO,2019-06-17,2019,36.04615,-86.71336,False,0,0,0,,,,,,,,
102421593,Crashes_2010_2019_MPO,2019-06-17,2019,35.93369,-86.81913,False,0,0,0,,,,,,,,
102421867,Crashes_2010_2019_MPO,2019-06-17,2019,36.04001,-86.74347,False,0,0,0,,,,,,,,
102421791,Crashes_2010_2019_MPO,2019-06-17,2019,36.03757,-86.7924,False,0,0,0,,,,,,,,
102421241,Crashes_2010_2019_MPO,2019-06-17,2019,35.9667,-86.809113,True,0,0,0,,,,,,,,
102421862,Crashes_2010_2019_MPO,2019-06-17,2019,35.9659,-86.81143,False,0,0,0,,,,,,,,
102421602,Crashes_2010_2019_MPO,2019-06-17,2019,35.95925,-86.67699,False,0,0,0,,,,,,,,
102421891,Crashes_2010_2019_MPO,2019-06-17,2019,35.95577,-86.83065,False,0,0,0,,,,,,,,
102421849,Crashes_2010_2019_MPO,2019-06-17,2019,36.03756,-86.7851,False,0,0,0,,,,,,,,
102421721,Crashes_2010_2019_MPO,2019-06-17,2019,36.05291,-86.68851,False,0,0,0,,,,,,,,
102421616,Crashes_2010_2019_MPO,2019-06-17,2019,35.97858,-86.73642,True,0,0,0,,,,,,,,
102422311,Crashes_2010_2019_MPO,2019-06-18,2019,36.04424,-86.71313,False,0,0,0,,,,,,,,
102422156,Crashes_2010_2019_MPO,2019-06-18,2019,36.03899,-86.78258,False,0,0,0,,,,,,,,
102422997,Crashes_2010_2019_MPO,2019-06-18,2019,36.01689,-86.78609,True,0,0,0,,,,,,,,
102422634,Crashes_2010_2019_MPO,2019-06-18,2019,36.05028,-86.87474,False,0,0,0,,,,,,,,
102422537,Crashes_2010_2019_MPO,2019-06-18,2019,35.96742,-86.81558,True,0,0,0,,,,,,,,
102423175,Crashes_2010_2019_MPO,2019-06-18,2019,35.99306,-86.82887,True,0,0,0,,,,,,,,
102422294,Crashes_2010_2019_MPO,2019-06-18,2019,35.9481,-86.86134,False,0,0,0,,,,,,,,
102422755,Crashes_2010_2019_MPO,2019-06-18,2019,36.02405,-86.68035,False,0,0,0,,,,,,,,
102422071,Crashes_2010_2019_MPO,2019-06-18,2019,36.03175,-86.78961,True,0,0,0,,,,,,,,
102422116,Crashes_2010_2019_MPO,2019-06-18,2019,36.03659,-86.78366,False,0,0,0,,,,,,,,
102422717,Crashes_2010_2019_MPO,2019-06-18,2019,36.03336,-86.70886,False,0,0,0,,,,,,,,
102423035,Crashes_2010_2019_MPO,2019-06-19,2019,35.96488,-86.7931,True,0,0,0,,,,,,,,
102424939,Crashes_2010_2019_MPO,2019-06-19,2019,35.98202,-86.8021,True,0,0,0,,,,,,,,
102423087,Crashes_2010_2019_MPO,2019-06-19,2019,36.05335,-86.71493,False,0,0,0,,,,,,,,
102423402,Crashes_2010_2019_MPO,2019-06-19,2019,35.99554,-86.77921,True,0,0,0,,,,,,,,
102422933,Crashes_2010_2019_MPO,2019-06-19,2019,36.02855,-86.79177,True,0,0,0,,,,,,,,
102423002,Crashes_2010_2019_MPO,2019-06-19,2019,35.98101,-86.71478,True,0,0,0,,,,,,,,
102423505,Crashes_2010_2019_MPO,2019-06-19,2019,36.04537,-86.71326,False,0,0,0,,,,,,,,
102424115,Crashes_2010_2019_MPO,2019-06-19,2019,35.99769,-86.79667,True,0,0,0,,,,,,,,
102424128,Crashes_2010_2019_MPO,2019-06-19,2019,36.02435,-86.8194,True,0,0,0,,,,,,,,
102423089,Crashes_2010_2019_MPO,2019-06-19,2019,36.04171,-86.74844,False,0,0,0,,,,,,,,
102423379,Crashes_2010_2019_MPO,2019-06-19,2019,36.03926,-86.74342,False,0,0,0,,,,,,,,
102423918,Crashes_2010_2019_MPO,2019-06-19,2019,35.9638,-86.80842,False,0,0,0,,,,,,,,
102424248,Crashes_2010_2019_MPO,2019-06-19,2019,35.93552,-86.81432,False,0,0,0,,,,,,,,
102424461,Crashes_2010_2019_MPO,2019-06-20,2019,35.97711,-86.80409,True,0,0,0,,,,,,,,
102423770,Crashes_2010_2019_MPO,2019-06-20,2019,35.93405,-86.81901,False,0,0,0,,,,,,,,
102424099,Crashes_2010_2019_MPO,2019-06-20,2019,36.03747,-86.79098,False,0,0,0,,,,,,,,
102424409,Crashes_2010_2019_MPO,2019-06-20,2019,36.01238,-86.70361,False,0,0,0,,,,,,,,
102424249,Crashes_2010_2019_MPO,2019-06-20,2019,35.9656,-86.81147,False,0,0,0,,,,,,,,
102424481,Crashes_2010_2019_MPO,2019-06-20,2019,36.00598,-86.78897,True,0,0,1,,,,,,,,
102423849,Crashes_2010_2019_MPO,2019-06-20,2019,35.94354,-86.81179,False,0,0,0,,,,,,,,
102423996,Crashes_2010_2019_MPO,2019-06-20,2019,36.04658,-86.71341,False,0,0,0,,,,,,,,
102425178,Crashes_2010_2019_MPO,2019-06-21,2019,35.99833,-86.8097,True,0,0,0,,,,,,,,
102425398,Crashes_2010_2019_MPO,2019-06-21,2019,36.0151,-86.7358,False,0,0,0,,,,,,,,
102428402,Crashes_2010_2019_MPO,2019-06-21,2019,36.03186,-86.78954,True,0,0,0,,,,,,,,
102424931,Crashes_2010_2019_MPO,2019-06-21,2019,36.0395,-86.78176,False,0,0,0,,,,,,,,
102425493,Crashes_2010_2019_MPO,2019-06-21,2019,36.05139,-86.71482,False,0,0,0,,,,,,,,
102425219,Crashes_2010_2019_MPO,2019-06-21,2019,35.97516,-86.80473,True,0,0,0,,,,,,,,
102425195,Crashes_2010_2019_MPO,2019-06-21,2019,36.04084,-86.77347,False,0,0,0,,,,,,,,
102425446,Crashes_2010_2019_MPO,2019-06-21,2019,36.04976,-86.68554,False,0,0,0,,,,,,,,
102424572,Crashes_2010_2019_MPO,2019-06-21,2019,36.01407,-86.78554,True,0,0,0,,,,,,,,
102425269,Crashes_2010_2019_MPO,2019-06-21,2019,36.04012,-86.78074,False,0,0,0,,,,,,,,
102425268,Crashes_2010_2019_MPO,2019-06-21,2019,36.03936,-86.78197,False,0,0,0,,,,,,,,
102427641,Crashes_2010_2019_MPO,2019-06-21,2019,36.03641,-86.81691,True,0,0,0,,,,,,,,
102425202,Crashes_2010_2019_MPO,2019-06-21,2019,36.02398,-86.81961,True,0,0,0,,,,,,,,
102425903,Crashes_2010_2019_MPO,2019-06-22,2019,35.93579,-86.79563,False,0,0,0,,,,,,,,
102426245,Crashes_2010_2019_MPO,2019-06-22,2019,35.97776,-86.80359,True,0,0,0,,,,,,,,
102425690,Crashes_2010_2019_MPO,2019-06-22,2019,36.04028,-86.76837,False,0,0,0,,,,,,,,
102426611,Crashes_2010_2019_MPO,2019-06-22,2019,35.97636,-86.82798,True,0,0,0,,,,,,,,
102425961,Crashes_2010_2019_MPO,2019-06-22,2019,35.97176,-86.67843,False,0,0,0,,,,,,,,
102426401,Crashes_2010_2019_MPO,2019-06-22,2019,35.9516,-86.73793,True,0,0,0,,,,,,,,
102425733,Crashes_2010_2019_MPO,2019-06-22,2019,36.04496,-86.71476,False,0,0,0,,,,,,,,
102426483,Crashes_2010_2019_MPO,2019-06-23,2019,36.0314,-86.71263,False,0,0,0,,,,,,,,
102426910,Crashes_2010_2019_MPO,2019-06-23,2019,36.03138,-86.78981,True,0,0,0,,,,,,,,
102426418,Crashes_2010_2019_MPO,2019-06-23,2019,36.05151,-86.71436,False,0,0,0,,,,,,,,
102427083,Crashes_2010_2019_MPO,2019-06-23,2019,36.05452,-86.7252,False,0,0,0,,,,,,,,
102426492,Crashes_2010_2019_MPO,2019-06-23,2019,35.93192,-86.79393,False,0,0,0,,,,,,,,
102428465,Crashes_2010_2019_MPO,2019-06-23,2019,35.94476,-86.82144,False,0,0,0,,,,,,,,
102426981,Crashes_2010_2019_MPO,2019-06-23,2019,36.0472,-86.8623,False,0,0,0,,,,,,,,
102426792,Crashes_2010_2019_MPO,2019-06-23,2019,36.00815,-86.78034,True,0,0,0,,,,,,,,
102437717,Crashes_2010_2019_MPO,2019-06-23,2019,35.94699,-86.81153,False,0,0,0,,,,,,,,
102427809,Crashes_2010_2019_MPO,2019-06-24,2019,36.0454,-86.7182,False,0,0,0,,,,,,,,
102427605,Crashes_2010_2019_MPO,2019-06-24,2019,36.04546,-86.71224,False,0,0,0,,,,,,,,
102427267,Crashes_2010_2019_MPO,2019-06-24,2019,36.03054,-86.87585,False,0,0,0,,,,,,,,
102427973,Crashes_2010_2019_MPO,2019-06-24,2019,36.03995,-86.7426,False,0,0,0,,,,,,,,
102428669,Crashes_2010_2019_MPO,2019-06-24,2019,35.99742,-86.81269,True,0,0,0,,,,,,,,
102427604,Crashes_2010_2019_MPO,2019-06-24,2019,35.966702,-86.809121,True,0,0,0,,,,,,,,
102427555,Crashes_2010_2019_MPO,2019-06-24,2019,36.05351,-86.71498,False,0,0,0,,,,,,,,
102427405,Crashes_2010_2019_MPO,2019-06-24,2019,36.02599,-86.78517,True,0,0,0,,,,,,,,
102427840,Crashes_2010_2019_MPO,2019-06-24,2019,36.0398,-86.74345,False,0,0,0,,,,,,,,
102427904,Crashes_2010_2019_MPO,2019-06-24,2019,36.04563,-86.72,False,0,0,0,,,,,,,,
102427318,Crashes_2010_2019_MPO,2019-06-24,2019,35.93756,-86.76809,False,0,0,0,,,,,,,,
102427658,Crashes_2010_2019_MPO,2019-06-24,2019,35.9559,-86.83186,False,0,0,0,,,,,,,,
102428677,Crashes_2010_2019_MPO,2019-06-25,2019,35.9977,-86.6897,False,0,0,0,,,,,,,,
102428848,Crashes_2010_2019_MPO,2019-06-25,2019,36.01625,-86.78591,True,0,0,0,,,,,,,,
102428915,Crashes_2010_2019_MPO,2019-06-25,2019,36.05151,-86.71436,False,0,0,0,,,,,,,,
102428671,Crashes_2010_2019_MPO,2019-06-25,2019,35.98524,-86.7296,True,0,0,0,,,,,,,,
102428131,Crashes_2010_2019_MPO,2019-06-25,2019,36.0173,-86.7862,True,0,0,0,,,,,,,,
102428356,Crashes_2010_2019_MPO,2019-06-25,2019,35.99119,-86.79919,True,0,0,1,,,,,,,,
102428167,Crashes_2010_2019_MPO,2019-06-25,2019,36.03063,-86.87581,False,0,0,0,,,,,,,,
102428846,Crashes_2010_2019_MPO,2019-06-25,2019,35.92316,-86.87107,False,0,0,0,,,,,,,,
102428192,Crashes_2010_2019_MPO,2019-06-25,2019,36.0374,-86.78657,False,0,0,0,,,,,,,,
102428670,Crashes_2010_2019_MPO,2019-06-25,2019,35.99835,-86.8035,True,0,0,0,,,,,,,,
102428657,Crashes_2010_2019_MPO,2019-06-25,2019,35.95524,-86.84497,False,0,0,0,,,,,,,,
102428665,Crashes_2010_2019_MPO,2019-06-25,2019,35.93756,-86.76809,False,0,0,0,,,,,,,,
102429587,Crashes_2010_2019_MPO,2019-06-26,2019,35.93599,-86.82366,False,0,0,0,,,,,,,,
102430078,Crashes_2010_2019_MPO,2019-06-26,2019,35.94617,-86.80864,False,0,0,0,,,,,,,,
102429590,Crashes_2010_2019_MPO,2019-06-26,2019,35.94596,-86.80862,False,0,0,0,,,,,,,,
102429599,Crashes_2010_2019_MPO,2019-06-26,2019,35.99587,-86.78264,True,0,0,0,,,,,,,,
102429706,Crashes_2010_2019_MPO,2019-06-26,2019,36.03052,-86.74459,False,0,0,0,,,,,,,,
102430093,Crashes_2010_2019_MPO,2019-06-26,2019,35.92951,-86.87559,False,0,0,0,,,,,,,,
102429552,Crashes_2010_2019_MPO,2019-06-26,2019,36.03614,-86.79515,True,0,0,0,,,,,,,,
102429556,Crashes_2010_2019_MPO,2019-06-26,2019,35.93526,-86.81112,False,0,0,0,,,,,,,,
102430060,Crashes_2010_2019_MPO,2019-06-26,2019,35.95715,-86.84309,False,0,0,0,,,,,,,,
102431252,Crashes_2010_2019_MPO,2019-06-26,2019,35.94699,-86.81153,False,0,0,0,,,,,,,,
102429525,Crashes_2010_2019_MPO,2019-06-26,2019,36.04032,-86.86881,True,0,0,0,,,,,,,,
102429618,Crashes_2010_2019_MPO,2019-06-26,2019,35.99922,-86.80923,True,0,0,0,,,,,,,,
102430188,Crashes_2010_2019_MPO,2019-06-26,2019,35.93557,-86.82364,False,0,0,1,,,,,,,,
102429379,Crashes_2010_2019_MPO,2019-06-26,2019,36.04949,-86.87068,False,0,0,0,,,,,,,,
102430873,Crashes_2010_2019_MPO,2019-06-26,2019,35.96458,-86.81449,False,0,0,0,,,,,,,,
102429186,Crashes_2010_2019_MPO,2019-06-26,2019,36.04534,-86.70228,False,0,0,0,,,,,,,,
102429350,Crashes_2010_2019_MPO,2019-06-26,2019,36.01747,-86.75997,True,0,0,0,,,,,,,,
102429222,Crashes_2010_2019_MPO,2019-06-26,2019,36.01979,-86.74209,False,0,0,0,,,,,,,,
102430443,Crashes_2010_2019_MPO,2019-06-27,2019,36.04562,-86.70643,False,0,0,0,,,,,,,,
102431282,Crashes_2010_2019_MPO,2019-06-27,2019,35.94456,-86.82276,False,0,0,0,,,,,,,,
102430495,Crashes_2010_2019_MPO,2019-06-27,2019,35.9669,-86.80734,True,0,0,0,,,,,,,,
102430493,Crashes_2010_2019_MPO,2019-06-27,2019,35.95015,-86.84906,False,0,0,0,,,,,,,,
102431297,Crashes_2010_2019_MPO,2019-06-27,2019,35.93256,-86.81953,False,0,0,0,,,,,,,,
102430338,Crashes_2010_2019_MPO,2019-06-27,2019,36.01923,-86.72852,False,0,0,0,,,,,,,,
102429995,Crashes_2010_2019_MPO,2019-06-27,2019,36.04086,-86.77367,False,0,0,0,,,,,,,,
102430214,Crashes_2010_2019_MPO,2019-06-27,2019,36.04059,-86.77107,False,0,0,0,,,,,,,,
102432630,Crashes_2010_2019_MPO,2019-06-27,2019,35.99263,-86.82854,True,0,0,0,,,,,,,,
102430013,Crashes_2010_2019_MPO,2019-06-27,2019,36.03574,-86.78735,True,0,0,0,,,,,,,,
102430625,Crashes_2010_2019_MPO,2019-06-27,2019,35.9507,-86.80676,False,0,0,0,,,,,,,,
102431550,Crashes_2010_2019_MPO,2019-06-27,2019,36.03639,-86.78697,False,0,0,0,,,,,,,,
102430221,Crashes_2010_2019_MPO,2019-06-27,2019,35.99185,-86.6841,False,0,0,0,,,,,,,,
102430959,Crashes_2010_2019_MPO,2019-06-27,2019,35.94088,-86.83172,False,0,0,0,,,,,,,,
102430041,Crashes_2010_2019_MPO,2019-06-27,2019,36.0409,-86.77938,False,0,0,0,,,,,,,,
102430106,Crashes_2010_2019_MPO,2019-06-27,2019,36.03698,-86.78282,False,0,0,0,,,,,,,,
102430626,Crashes_2010_2019_MPO,2019-06-27,2019,35.99599,-86.69078,False,0,0,0,,,,,,,,
102431661,Crashes_2010_2019_MPO,2019-06-28,2019,35.96518,-86.80029,True,0,0,0,,,,,,,,
102435824,Crashes_2010_2019_MPO,2019-06-28,2019,35.95508,-86.81545,False,0,0,0,,,,,,,,
102431389,Crashes_2010_2019_MPO,2019-06-28,2019,36.04001,-86.74347,False,0,0,0,,,,,,,,
102432147,Crashes_2010_2019_MPO,2019-06-28,2019,36.0452,-86.71621,False,1,1,0,,,,,,,,
102430981,Crashes_2010_2019_MPO,2019-06-28,2019,36.04525,-86.71451,False,0,0,0,,,,,,,,
102430922,Crashes_2010_2019_MPO,2019-06-28,2019,36.00266,-86.72326,True,0,0,0,,,,,,,,
102431112,Crashes_2010_2019_MPO,2019-06-28,2019,36.04168,-86.74801,False,0,0,0,,,,,,,,
102435512,Crashes_2010_2019_MPO,2019-06-28,2019,35.9942,-86.79814,True,0,0,0,,,,,,,,
102449490,Crashes_2010_2019_MPO,2019-06-28,2019,36.03564,-86.7874,True,0,0,0,,,,,,,,
102430958,Crashes_2010_2019_MPO,2019-06-28,2019,36.03974,-86.76322,False,0,0,0,,,,,,,,
102432223,Crashes_2010_2019_MPO,2019-06-29,2019,36.05343,-86.69254,False,0,0,0,,,,,,,,
102432435,Crashes_2010_2019_MPO,2019-06-29,2019,35.9264,-86.8244,False,0,0,0,,,,,,,,
102432749,Crashes_2010_2019_MPO,2019-06-29,2019,35.93549,-86.86024,False,0,0,0,,,,,,,,
102432224,Crashes_2010_2019_MPO,2019-06-29,2019,35.96677,-86.81031,True,0,0,0,,,,,,,,
102432290,Crashes_2010_2019_MPO,2019-06-29,2019,35.96679,-86.8119,True,0,0,0,,,,,,,,
102432664,Crashes_2010_2019_MPO,2019-06-29,2019,35.96672,-86.81139,True,0,0,0,,,,,,,,
102431801,Crashes_2010_2019_MPO,2019-06-29,2019,36.02352,-86.7866,True,0,0,0,,,,,,,,
102432983,Crashes_2010_2019_MPO,2019-06-29,2019,36.02477,-86.84944,True,0,0,0,,,,,,,,
102432658,Crashes_2010_2019_MPO,2019-06-29,2019,35.99781,-86.79886,True,0,0,1,,,,,,,,
102432378,Crashes_2010_2019_MPO,2019-06-29,2019,35.95398,-86.75519,True,0,0,0,,,,,,,,
102432136,Crashes_2010_2019_MPO,2019-06-29,2019,36.04543,-86.70361,False,0,0,0,,,,,,,,
102433117,Crashes_2010_2019_MPO,2019-06-30,2019,35.99922,-86.80923,True,0,0,0,,,,,,,,
102433158,Crashes_2010_2019_MPO,2019-06-30,2019,36.01538,-86.70566,False,0,0,0,,,,,,,,
102432843,Crashes_2010_2019_MPO,2019-06-30,2019,36.04839,-86.69346,False,0,0,0,,,,,,,,
102433213,Crashes_2010_2019_MPO,2019-06-30,2019,35.94087,-86.83949,False,0,0,0,,,,,,,,
102433793,Crashes_2010_2019_MPO,2019-07-01,2019,35.92668,-86.81584,False,0,0,0,,,,,,,,
102434067,Crashes_2010_2019_MPO,2019-07-01,2019,36.04393,-86.6933,False,0,0,0,,,,,,,,
102434062,Crashes_2010_2019_MPO,2019-07-01,2019,36.04572,-86.77822,False,0,0,0,,,,,,,,
102433680,Crashes_2010_2019_MPO,2019-07-01,2019,36.03092,-86.70154,False,0,0,0,,,,,,,,
102433767,Crashes_2010_2019_MPO,2019-07-01,2019,36.05018,-86.87385,False,0,0,0,,,,,,,,
102433723,Crashes_2010_2019_MPO,2019-07-01,2019,35.96969,-86.77354,True,0,0,0,,,,,,,,
102434240,Crashes_2010_2019_MPO,2019-07-01,2019,36.04441,-86.69415,False,0,0,0,,,,,,,,
102435120,Crashes_2010_2019_MPO,2019-07-01,2019,36.00632,-86.78031,True,0,0,0,,,,,,,,
102434655,Crashes_2010_2019_MPO,2019-07-02,2019,35.94877,-86.74755,True,0,1,0,,,,,,,,
102434809,Crashes_2010_2019_MPO,2019-07-02,2019,35.97304,-86.79607,True,0,0,0,,,,,,,,
102435207,Crashes_2010_2019_MPO,2019-07-02,2019,35.96705,-86.81355,True,0,0,0,,,,,,,,
102435092,Crashes_2010_2019_MPO,2019-07-02,2019,35.96705,-86.81355,True,0,0,0,,,,,,,,
102435182,Crashes_2010_2019_MPO,2019-07-02,2019,35.96688,-86.81117,True,0,0,0,,,,,,,,
102435226,Crashes_2010_2019_MPO,2019-07-02,2019,36.03899,-86.78258,False,0,0,0,,,,,,,,
102434658,Crashes_2010_2019_MPO,2019-07-02,2019,36.04675,-86.71343,False,0,0,0,,,,,,,,
102435041,Crashes_2010_2019_MPO,2019-07-02,2019,35.93215,-86.79441,False,0,0,0,,,,,,,,
102435045,Crashes_2010_2019_MPO,2019-07-02,2019,35.92653,-86.82567,False,0,0,0,,,,,,,,
102448113,Crashes_2010_2019_MPO,2019-07-03,2019,35.95589,-86.83172,False,0,0,0,,,,,,,,
102436162,Crashes_2010_2019_MPO,2019-07-03,2019,35.94977,-86.81912,False,0,0,0,,,,,,,,
102436288,Crashes_2010_2019_MPO,2019-07-03,2019,35.95051,-86.76622,True,0,0,0,,,,,,,,
102436396,Crashes_2010_2019_MPO,2019-07-03,2019,36.04668,-86.72506,False,0,0,0,,,,,,,,
102436073,Crashes_2010_2019_MPO,2019-07-03,2019,36.02588,-86.78497,True,0,0,0,,,,,,,,
102435758,Crashes_2010_2019_MPO,2019-07-03,2019,35.98403,-86.72279,True,0,0,0,,,,,,,,
102435765,Crashes_2010_2019_MPO,2019-07-03,2019,36.0417,-86.7481,False,0,0,0,,,,,,,,
102435983,Crashes_2010_2019_MPO,2019-07-03,2019,35.97039,-86.85913,False,0,0,0,,,,,,,,
102436235,Crashes_2010_2019_MPO,2019-07-03,2019,36.04012,-86.78074,False,0,0,0,,,,,,,,
102436336,Crashes_2010_2019_MPO,2019-07-03,2019,35.9583,-86.8023,False,0,0,0,,,,,,,,
102436557,Crashes_2010_2019_MPO,2019-07-03,2019,35.97217,-86.8607,False,0,0,0,,,,,,,,
102436276,Crashes_2010_2019_MPO,2019-07-03,2019,35.93541,-86.82372,False,0,0,0,,,,,,,,
102436167,Crashes_2010_2019_MPO,2019-07-03,2019,36.0409,-86.77938,False,0,0,0,,,,,,,,
102435986,Crashes_2010_2019_MPO,2019-07-03,2019,36.04001,-86.78128,False,0,0,0,,,,,,,,
102436125,Crashes_2010_2019_MPO,2019-07-03,2019,35.994405,-86.765832,True,0,0,1,,,,,,,,
102436289,Crashes_2010_2019_MPO,2019-07-03,2019,35.99032,-86.74763,True,0,0,0,,,,,,,,
102436478,Crashes_2010_2019_MPO,2019-07-03,2019,36.04317,-86.74413,False,0,1,0,,,,,,,,
102436529,Crashes_2010_2019_MPO,2019-07-03,2019,35.95041,-86.86944,False,0,0,0,,,,,,,,
102436252,Crashes_2010_2019_MPO,2019-07-03,2019,35.96198,-86.81518,False,0,0,0,,,,,,,,
102436711,Crashes_2010_2019_MPO,2019-07-03,2019,36.0343,-86.863,False,0,0,0,,,,,,,,
102435607,Crashes_2010_2019_MPO,2019-07-03,2019,36.03689,-86.71329,False,0,0,0,,,,,,,,
102437802,Crashes_2010_2019_MPO,2019-07-04,2019,36.0269,-86.68083,False,0,0,0,,,,,,,,
102437703,Crashes_2010_2019_MPO,2019-07-04,2019,35.94593,-86.82334,False,0,0,0,,,,,,,,
102436966,Crashes_2010_2019_MPO,2019-07-04,2019,35.99397,-86.75464,True,0,0,0,,,,,,,,
102438152,Crashes_2010_2019_MPO,2019-07-04,2019,35.9666,-86.8092,True,0,0,1,,,,,,,,
102436686,Crashes_2010_2019_MPO,2019-07-04,2019,36.04083,-86.78256,False,0,0,0,,,,,,,,
102439165,Crashes_2010_2019_MPO,2019-07-04,2019,35.92957,-86.84187,False,0,0,0,,,,,,,,
102437665,Crashes_2010_2019_MPO,2019-07-04,2019,36.04543,-86.70361,False,0,0,0,,,,,,,,
102437608,Crashes_2010_2019_MPO,2019-07-04,2019,36.03863,-86.8062,False,0,0,0,,,,,,,,
102437607,Crashes_2010_2019_MPO,2019-07-04,2019,36.02687,-86.74366,False,0,0,0,,,,,,,,
102436668,Crashes_2010_2019_MPO,2019-07-04,2019,36.01552,-86.73994,False,0,0,0,,,,,,,,
102438734,Crashes_2010_2019_MPO,2019-07-05,2019,35.96458,-86.81449,False,0,0,0,,,,,,,,
102440602,Crashes_2010_2019_MPO,2019-07-05,2019,35.95238,-86.81798,False,0,0,0,,,,,,,,
102439219,Crashes_2010_2019_MPO,2019-07-05,2019,35.92423,-86.87883,False,0,0,0,,,,,,,,
102438611,Crashes_2010_2019_MPO,2019-07-05,2019,36.03336,-86.78872,True,0,0,0,,,,,,,,
102438502,Crashes_2010_2019_MPO,2019-07-05,2019,35.96174,-86.80191,True,0,0,0,,,,,,,,
102438618,Crashes_2010_2019_MPO,2019-07-05,2019,35.96458,-86.81449,False,0,0,0,,,,,,,,
102438616,Crashes_2010_2019_MPO,2019-07-05,2019,36.05276,-86.71475,False,0,0,0,,,,,,,,
102438094,Crashes_2010_2019_MPO,2019-07-05,2019,36.01356,-86.69322,False,0,0,0,,,,,,,,
102438121,Crashes_2010_2019_MPO,2019-07-05,2019,35.94172,-86.83267,False,0,0,0,,,,,,,,
102438073,Crashes_2010_2019_MPO,2019-07-05,2019,36.0258,-86.78528,True,0,0,0,,,,,,,,
102438987,Crashes_2010_2019_MPO,2019-07-05,2019,36.03746,-86.79091,False,0,0,0,,,,,,,,
102438313,Crashes_2010_2019_MPO,2019-07-05,2019,35.9638,-86.80842,False,0,0,0,,,,,,,,
102440204,Crashes_2010_2019_MPO,2019-07-06,2019,35.9442,-86.81977,False,0,0,0,,,,,,,,
102441594,Crashes_2010_2019_MPO,2019-07-06,2019,35.99386,-86.72389,True,0,0,0,,,,,,,,
102439865,Crashes_2010_2019_MPO,2019-07-06,2019,36.0417,-86.74862,False,0,0,0,,,,,,,,
102440230,Crashes_2010_2019_MPO,2019-07-06,2019,36.04028,-86.76837,False,0,0,0,,,,,,,,
102439564,Crashes_2010_2019_MPO,2019-07-06,2019,36.0402,-86.7806,False,0,0,0,,,,,,,,
102440281,Crashes_2010_2019_MPO,2019-07-06,2019,36.0476,-86.73944,False,0,0,0,,,,,,,,
102439920,Crashes_2010_2019_MPO,2019-07-06,2019,35.93793,-86.81765,False,0,0,0,,,,,,,,
102439825,Crashes_2010_2019_MPO,2019-07-06,2019,36.04535,-86.71339,False,0,0,0,,,,,,,,
102440090,Crashes_2010_2019_MPO,2019-07-06,2019,36.04541,-86.71285,False,0,0,0,,,,,,,,
102440006,Crashes_2010_2019_MPO,2019-07-06,2019,35.997403,-86.794907,True,0,0,0,,,,,,,,
102440341,Crashes_2010_2019_MPO,2019-07-07,2019,36.05465,-86.68051,False,0,0,0,,,,,,,,
102441238,Crashes_2010_2019_MPO,2019-07-07,2019,35.95591,-86.81142,False,0,0,0,,,,,,,,
102441247,Crashes_2010_2019_MPO,2019-07-07,2019,36.04114,-86.77621,False,0,0,0,,,,,,,,
102440687,Crashes_2010_2019_MPO,2019-07-07,2019,36.03772,-86.79475,False,0,0,0,,,,,,,,
102441273,Crashes_2010_2019_MPO,2019-07-07,2019,35.94612,-86.82346,False,0,0,0,,,,,,,,
102442179,Crashes_2010_2019_MPO,2019-07-07,2019,35.96181,-86.7106,True,0,0,0,,,,,,,,
102441222,Crashes_2010_2019_MPO,2019-07-07,2019,36.04001,-86.74347,False,0,0,0,,,,,,,,
102440979,Crashes_2010_2019_MPO,2019-07-07,2019,36.01559,-86.7406,False,0,0,0,,,,,,,,
102441165,Crashes_2010_2019_MPO,2019-07-07,2019,36.04028,-86.76837,False,0,0,0,,,,,,,,
102441328,Crashes_2010_2019_MPO,2019-07-07,2019,36.05151,-86.71436,False,0,0,0,,,,,,,,
102440447,Crashes_2010_2019_MPO,2019-07-07,2019,35.94541,-86.80465,False,0,0,0,,,,,,,,
102441958,Crashes_2010_2019_MPO,2019-07-08,2019,35.94494,-86.81946,False,0,0,0,,,,,,,,
102442090,Crashes_2010_2019_MPO,2019-07-08,2019,36.0343,-86.79174,True,0,0,0,,,,,,,,
102441970,Crashes_2010_2019_MPO,2019-07-08,2019,35.98662,-86.73707,True,0,0,0,,,,,,,,
102441589,Crashes_2010_2019_MPO,2019-07-08,2019,36.02561,-86.78512,True,0,0,0,,,,,,,,
102441596,Crashes_2010_2019_MPO,2019-07-08,2019,35.99398,-86.76232,True,0,0,0,,,,,,,,
102442235,Crashes_2010_2019_MPO,2019-07-08,2019,36.04235,-86.75279,False,0,0,0,,,,,,,,
102441584,Crashes_2010_2019_MPO,2019-07-08,2019,36.01785,-86.78662,True,0,0,0,,,,,,,,
102442045,Crashes_2010_2019_MPO,2019-07-08,2019,36.01966,-86.74209,False,0,0,0,,,,,,,,
102442085,Crashes_2010_2019_MPO,2019-07-08,2019,36.03746,-86.78615,False,0,0,0,,,,,,,,
102441954,Crashes_2010_2019_MPO,2019-07-08,2019,35.95621,-86.8442,False,0,0,0,,,,,,,,
102442036,Crashes_2010_2019_MPO,2019-07-08,2019,36.03821,-86.8009,False,0,0,0,,,,,,,,
102442738,Crashes_2010_2019_MPO,2019-07-09,2019,35.9736,-86.80502,True,0,0,0,,,,,,,,