record_no,source_layer,collision_ts,crash_year,latitude,longitude,in_city,fatalities,non_motorists,truck_involved,serious_injuries,pedestrian,bicycle,crash_type,manner_of_collision,lighting,weather,first_harmful_event
102442727,Crashes_2010_2019_MPO,2019-07-09,2019,35.94803,-86.81877,False,0,0,0,,,,,,,,
102443186,Crashes_2010_2019_MPO,2019-07-09,2019,35.92372,-86.76684,False,0,0,0,,,,,,,,
102442973,Crashes_2010_2019_MPO,2019-07-09,2019,36.0472,-86.71348,False,0,0,0,,,,,,,,
102443390,Crashes_2010_2019_MPO,2019-07-09,2019,35.95494,-86.81175,False,0,0,0,,,,,,,,
102442549,Crashes_2010_2019_MPO,2019-07-09,2019,36.02535,-86.69647,False,0,0,0,,,,,,,,
102442491,Crashes_2010_2019_MPO,2019-07-09,2019,36.04529,-86.70156,False,0,0,0,,,,,,,,
102442828,Crashes_2010_2019_MPO,2019-07-09,2019,35.95301,-86.81241,False,0,0,0,,,,,,,,
102442836,Crashes_2010_2019_MPO,2019-07-09,2019,35.94421,-86.81976,False,0,0,0,,,,,,,,
102442663,Crashes_2010_2019_MPO,2019-07-09,2019,35.96887,-86.67777,False,0,0,0,,,,,,,,
102442544,Crashes_2010_2019_MPO,2019-07-09,2019,35.94761,-86.81418,False,0,0,0,,,,,,,,
102442930,Crashes_2010_2019_MPO,2019-07-09,2019,35.99599,-86.69078,False,0,0,0,,,,,,,,
102442567,Crashes_2010_2019_MPO,2019-07-09,2019,35.99176,-86.68401,False,0,0,0,,,,,,,,
102442597,Crashes_2010_2019_MPO,2019-07-09,2019,35.96705,-86.81355,True,0,0,0,,,,,,,,
102442490,Crashes_2010_2019_MPO,2019-07-09,2019,36.04561,-86.71074,False,0,0,0,,,,,,,,
102442499,Crashes_2010_2019_MPO,2019-07-09,2019,35.95366,-86.71919,False,0,0,0,,,,,,,,
102443765,Crashes_2010_2019_MPO,2019-07-10,2019,36.01559,-86.7406,False,0,0,0,,,,,,,,
102443776,Crashes_2010_2019_MPO,2019-07-10,2019,36.04282,-86.84078,False,0,0,0,,,,,,,,
102444002,Crashes_2010_2019_MPO,2019-07-10,2019,36.03401,-86.78317,True,0,0,0,,,,,,,,
102443724,Crashes_2010_2019_MPO,2019-07-10,2019,35.92366,-86.86782,False,0,0,0,,,,,,,,
102443814,Crashes_2010_2019_MPO,2019-07-10,2019,36.04667,-86.86001,False,0,0,0,,,,,,,,
102443673,Crashes_2010_2019_MPO,2019-07-10,2019,35.94692,-86.85259,False,0,0,0,,,,,,,,
102443328,Crashes_2010_2019_MPO,2019-07-10,2019,36.03831,-86.78427,False,0,0,0,,,,,,,,
102443809,Crashes_2010_2019_MPO,2019-07-10,2019,35.96475,-86.8151,True,0,0,0,,,,,,,,
102443745,Crashes_2010_2019_MPO,2019-07-10,2019,35.96458,-86.81449,False,0,0,0,,,,,,,,
102443791,Crashes_2010_2019_MPO,2019-07-10,2019,36.04521,-86.6858,False,0,0,0,,,,,,,,
102443846,Crashes_2010_2019_MPO,2019-07-10,2019,35.92907,-86.84654,False,0,0,0,,,,,,,,
102443408,Crashes_2010_2019_MPO,2019-07-10,2019,36.03969,-86.76244,False,0,0,0,,,,,,,,
102462571,Crashes_2010_2019_MPO,2019-07-10,2019,35.99552,-86.77906,True,0,0,0,,,,,,,,
102444957,Crashes_2010_2019_MPO,2019-07-11,2019,36.0387,-86.73097,False,0,0,0,,,,,,,,
102444988,Crashes_2010_2019_MPO,2019-07-11,2019,35.95255,-86.6832,False,0,0,0,,,,,,,,
102444210,Crashes_2010_2019_MPO,2019-07-11,2019,35.92456,-86.87028,False,0,0,0,,,,,,,,
102444648,Crashes_2010_2019_MPO,2019-07-11,2019,36.03771,-86.79779,False,0,0,0,,,,,,,,
102444613,Crashes_2010_2019_MPO,2019-07-11,2019,36.03689,-86.81684,True,0,0,0,,,,,,,,
102444787,Crashes_2010_2019_MPO,2019-07-11,2019,35.94668,-86.82342,False,0,0,0,,,,,,,,
102444591,Crashes_2010_2019_MPO,2019-07-11,2019,35.965893,-86.805843,True,0,0,0,,,,,,,,
102444391,Crashes_2010_2019_MPO,2019-07-11,2019,35.966672,-86.809259,True,0,0,0,,,,,,,,
102444989,Crashes_2010_2019_MPO,2019-07-11,2019,36.04247,-86.71301,False,0,0,0,,,,,,,,
102444846,Crashes_2010_2019_MPO,2019-07-11,2019,36.04076,-86.7459,False,0,0,0,,,,,,,,
102444583,Crashes_2010_2019_MPO,2019-07-11,2019,35.948,-86.81382,False,0,0,0,,,,,,,,
102444257,Crashes_2010_2019_MPO,2019-07-11,2019,36.03397,-86.80164,True,0,0,0,,,,,,,,
102444595,Crashes_2010_2019_MPO,2019-07-11,2019,36.03016,-86.79048,True,0,0,0,,,,,,,,
102444877,Crashes_2010_2019_MPO,2019-07-11,2019,36.03859,-86.78263,False,0,0,0,,,,,,,,
102444592,Crashes_2010_2019_MPO,2019-07-11,2019,35.98439,-86.72434,True,0,0,0,,,,,,,,
102444291,Crashes_2010_2019_MPO,2019-07-11,2019,35.99068,-86.75064,True,0,0,0,,,,,,,,
102448174,Crashes_2010_2019_MPO,2019-07-12,2019,35.96589,-86.80316,True,0,0,1,,,,,,,,
102445354,Crashes_2010_2019_MPO,2019-07-12,2019,36.04515,-86.6859,False,0,0,0,,,,,,,,
102445130,Crashes_2010_2019_MPO,2019-07-12,2019,35.97716,-86.67813,False,0,0,0,,,,,,,,
102445222,Crashes_2010_2019_MPO,2019-07-12,2019,36.03173,-86.7473,False,0,0,0,,,,,,,,
102445753,Crashes_2010_2019_MPO,2019-07-12,2019,35.94114,-86.83623,False,0,0,0,,,,,,,,
102445493,Crashes_2010_2019_MPO,2019-07-12,2019,35.96572,-86.81146,False,0,0,0,,,,,,,,
102445551,Crashes_2010_2019_MPO,2019-07-12,2019,35.99635,-86.68913,False,0,0,0,,,,,,,,
102445664,Crashes_2010_2019_MPO,2019-07-12,2019,35.93784,-86.7067,False,0,0,0,,,,,,,,
102445424,Crashes_2010_2019_MPO,2019-07-12,2019,35.94437,-86.81517,False,0,0,0,,,,,,,,
102445604,Crashes_2010_2019_MPO,2019-07-12,2019,35.92957,-86.84187,False,0,0,0,,,,,,,,
102445388,Crashes_2010_2019_MPO,2019-07-12,2019,36.03175,-86.78961,True,0,0,0,,,,,,,,
102445723,Crashes_2010_2019_MPO,2019-07-12,2019,35.94765,-86.81971,False,0,0,0,,,,,,,,
102445701,Crashes_2010_2019_MPO,2019-07-12,2019,36.03454,-86.78803,True,0,0,0,,,,,,,,
102445798,Crashes_2010_2019_MPO,2019-07-12,2019,36.04563,-86.71092,False,0,0,0,,,,,,,,
102446887,Crashes_2010_2019_MPO,2019-07-13,2019,36.0409,-86.77938,False,0,0,0,,,,,,,,
102446134,Crashes_2010_2019_MPO,2019-07-13,2019,35.99558,-86.68802,False,0,0,0,,,,,,,,
102446284,Crashes_2010_2019_MPO,2019-07-13,2019,36.03951,-86.74343,False,0,0,0,,,,,,,,
102446353,Crashes_2010_2019_MPO,2019-07-13,2019,35.99502,-86.6873,False,0,0,0,,,,,,,,
102446771,Crashes_2010_2019_MPO,2019-07-13,2019,36.02593,-86.75857,False,0,0,0,,,,,,,,
102446169,Crashes_2010_2019_MPO,2019-07-13,2019,36.02579,-86.70271,False,0,0,0,,,,,,,,
102446391,Crashes_2010_2019_MPO,2019-07-13,2019,35.997996,-86.799065,True,0,0,0,,,,,,,,
102446155,Crashes_2010_2019_MPO,2019-07-13,2019,36.00715,-86.70067,False,0,0,0,,,,,,,,
102448333,Crashes_2010_2019_MPO,2019-07-13,2019,35.94782,-86.81975,False,0,0,0,,,,,,,,
102446129,Crashes_2010_2019_MPO,2019-07-13,2019,36.05357,-86.68399,False,0,0,0,,,,,,,,
102447427,Crashes_2010_2019_MPO,2019-07-14,2019,36.05151,-86.71436,False,0,0,0,,,,,,,,
102447634,Crashes_2010_2019_MPO,2019-07-14,2019,35.93215,-86.79441,False,0,0,0,,,,,,,,
102448323,Crashes_2010_2019_MPO,2019-07-14,2019,35.93215,-86.79441,False,0,0,0,,,,,,,,
102447569,Crashes_2010_2019_MPO,2019-07-14,2019,35.96198,-86.81518,False,0,0,0,,,,,,,,
102447571,Crashes_2010_2019_MPO,2019-07-14,2019,35.99944,-86.69345,False,0,0,0,,,,,,,,
102447374,Crashes_2010_2019_MPO,2019-07-14,2019,36.04167,-86.7489,False,0,0,0,,,,,,,,
102447504,Crashes_2010_2019_MPO,2019-07-14,2019,36.0423,-86.71293,False,0,0,0,,,,,,,,
102447867,Crashes_2010_2019_MPO,2019-07-15,2019,35.92465,-86.86854,False,0,0,0,,,,,,,,
102447799,Crashes_2010_2019_MPO,2019-07-15,2019,35.96798,-86.81833,True,0,0,0,,,,,,,,
102448139,Crashes_2010_2019_MPO,2019-07-15,2019,35.95584,-86.83124,False,0,0,0,,,,,,,,
102447976,Crashes_2010_2019_MPO,2019-07-15,2019,36.03078,-86.70644,False,0,0,0,,,,,,,,
102448556,Crashes_2010_2019_MPO,2019-07-15,2019,36.0374,-86.79781,True,0,0,0,,,,,,,,
102448066,Crashes_2010_2019_MPO,2019-07-15,2019,35.96458,-86.81449,False,0,0,0,,,,,,,,
102448444,Crashes_2010_2019_MPO,2019-07-15,2019,35.94578,-86.81493,False,0,0,0,,,,,,,,
102448065,Crashes_2010_2019_MPO,2019-07-15,2019,35.9476,-86.81992,False,0,0,0,,,,,,,,
102448895,Crashes_2010_2019_MPO,2019-07-15,2019,35.9476,-86.81971,False,0,0,0,,,,,,,,
102448260,Crashes_2010_2019_MPO,2019-07-15,2019,35.99475,-86.76957,True,0,0,0,,,,,,,,
102447886,Crashes_2010_2019_MPO,2019-07-15,2019,35.99296,-86.82882,True,0,0,0,,,,,,,,
102447874,Crashes_2010_2019_MPO,2019-07-15,2019,35.9613,-86.71079,True,0,0,0,,,,,,,,
102448477,Crashes_2010_2019_MPO,2019-07-15,2019,36.04065,-86.74453,False,0,0,0,,,,,,,,
102447847,Crashes_2010_2019_MPO,2019-07-15,2019,36.03993,-86.765,False,0,0,0,,,,,,,,
102449063,Crashes_2010_2019_MPO,2019-07-16,2019,35.94667,-86.82222,False,0,0,0,,,,,,,,
102449925,Crashes_2010_2019_MPO,2019-07-16,2019,35.95376,-86.72156,False,0,0,0,,,,,,,,
102449215,Crashes_2010_2019_MPO,2019-07-16,2019,36.04516,-86.6996,False,0,0,0,,,,,,,,
102448508,Crashes_2010_2019_MPO,2019-07-16,2019,35.96019,-86.67891,False,0,0,0,,,,,,,,
102449131,Crashes_2010_2019_MPO,2019-07-16,2019,35.95902,-86.81609,False,0,0,0,,,,,,,,
102448887,Crashes_2010_2019_MPO,2019-07-16,2019,35.94156,-86.8164,False,0,0,0,,,,,,,,
102448739,Crashes_2010_2019_MPO,2019-07-16,2019,36.03991,-86.74211,False,0,0,0,,,,,,,,
102448637,Crashes_2010_2019_MPO,2019-07-16,2019,36.04561,-86.71074,False,0,0,0,,,,,,,,
102449433,Crashes_2010_2019_MPO,2019-07-16,2019,36.04347,-86.7197,False,0,0,0,,,,,,,,
102449003,Crashes_2010_2019_MPO,2019-07-16,2019,35.95209,-86.81805,False,0,0,0,,,,,,,,
102450018,Crashes_2010_2019_MPO,2019-07-17,2019,36.02229,-86.70231,False,0,0,0,,,,,,,,
102450210,Crashes_2010_2019_MPO,2019-07-17,2019,36.04542,-86.70356,False,0,0,0,,,,,,,,
102449796,Crashes_2010_2019_MPO,2019-07-17,2019,35.94334,-86.80977,False,0,0,0,,,,,,,,
102450025,Crashes_2010_2019_MPO,2019-07-17,2019,36.03435,-86.81721,True,0,0,0,,,,,,,,
102449719,Crashes_2010_2019_MPO,2019-07-17,2019,35.9584,-86.80226,False,0,0,0,,,,,,,,
102451351,Crashes_2010_2019_MPO,2019-07-17,2019,35.95312,-86.74025,True,0,0,0,,,,,,,,
102449914,Crashes_2010_2019_MPO,2019-07-17,2019,35.94778,-86.81994,False,0,0,0,,,,,,,,
102450257,Crashes_2010_2019_MPO,2019-07-17,2019,35.94778,-86.81994,False,0,0,0,,,,,,,,
102449653,Crashes_2010_2019_MPO,2019-07-17,2019,36.02692,-86.68079,False,0,0,0,,,,,,,,
102450036,Crashes_2010_2019_MPO,2019-07-17,2019,36.03551,-86.74351,False,0,0,0,,,,,,,,
102449732,Crashes_2010_2019_MPO,2019-07-17,2019,36.04521,-86.71651,False,0,0,1,,,,,,,,
102450222,Crashes_2010_2019_MPO,2019-07-17,2019,35.95783,-86.80258,False,0,0,0,,,,,,,,
102450073,Crashes_2010_2019_MPO,2019-07-17,2019,36.04561,-86.8548,False,0,0,0,,,,,,,,
102450115,Crashes_2010_2019_MPO,2019-07-17,2019,36.04494,-86.69633,False,0,0,0,,,,,,,,
102449964,Crashes_2010_2019_MPO,2019-07-17,2019,36.04028,-86.76837,False,0,0,0,,,,,,,,
102450998,Crashes_2010_2019_MPO,2019-07-18,2019,35.93729,-86.87887,False,0,0,0,,,,,,,,
102450578,Crashes_2010_2019_MPO,2019-07-18,2019,35.99922,-86.80923,True,0,0,0,,,,,,,,
102450868,Crashes_2010_2019_MPO,2019-07-18,2019,35.95722,-86.81646,False,0,0,0,,,,,,,,
102452253,Crashes_2010_2019_MPO,2019-07-18,2019,35.94089,-86.72999,False,0,0,0,,,,,,,,
102451103,Crashes_2010_2019_MPO,2019-07-18,2019,35.94117,-86.81653,False,0,0,0,,,,,,,,
102450621,Crashes_2010_2019_MPO,2019-07-18,2019,36.0409,-86.77938,False,0,0,0,,,,,,,,
102450933,Crashes_2010_2019_MPO,2019-07-18,2019,36.04142,-86.71268,False,0,0,0,,,,,,,,
102451140,Crashes_2010_2019_MPO,2019-07-18,2019,36.03551,-86.78748,True,0,0,0,,,,,,,,
102451768,Crashes_2010_2019_MPO,2019-07-18,2019,35.96686,-86.81232,True,0,0,0,,,,,,,,
102450981,Crashes_2010_2019_MPO,2019-07-18,2019,36.04657,-86.67811,False,0,0,0,,,,,,,,
102450995,Crashes_2010_2019_MPO,2019-07-18,2019,35.96396,-86.69208,False,0,0,0,,,,,,,,
102451102,Crashes_2010_2019_MPO,2019-07-18,2019,35.95526,-86.82588,False,0,0,0,,,,,,,,
102452315,Crashes_2010_2019_MPO,2019-07-19,2019,36.0085,-86.78038,True,0,0,0,,,,,,,,
102452239,Crashes_2010_2019_MPO,2019-07-19,2019,35.97334,-86.83305,True,0,0,0,,,,,,,,
102452264,Crashes_2010_2019_MPO,2019-07-19,2019,35.96133,-86.81226,False,0,0,0,,,,,,,,
102454799,Crashes_2010_2019_MPO,2019-07-19,2019,35.93402,-86.71273,False,0,0,1,,,,,,,,
102452265,Crashes_2010_2019_MPO,2019-07-19,2019,35.94465,-86.80908,False,0,0,0,,,,,,,,
102452059,Crashes_2010_2019_MPO,2019-07-19,2019,35.92518,-86.81693,False,0,0,0,,,,,,,,
102452432,Crashes_2010_2019_MPO,2019-07-19,2019,36.05315,-86.74296,False,0,0,0,,,,,,,,
102451501,Crashes_2010_2019_MPO,2019-07-19,2019,36.04582,-86.70643,False,0,0,0,,,,,,,,
102452047,Crashes_2010_2019_MPO,2019-07-19,2019,35.9464,-86.80962,False,0,0,0,,,,,,,,
102451940,Crashes_2010_2019_MPO,2019-07-19,2019,36.04537,-86.71326,False,0,0,0,,,,,,,,
102452120,Crashes_2010_2019_MPO,2019-07-19,2019,35.96461,-86.81462,True,0,0,0,,,,,,,,
102459347,Crashes_2010_2019_MPO,2019-07-20,2019,35.9709,-86.8062,True,0,0,0,,,,,,,,
102453426,Crashes_2010_2019_MPO,2019-07-20,2019,35.94663,-86.81439,False,0,0,0,,,,,,,,
102452797,Crashes_2010_2019_MPO,2019-07-20,2019,35.96261,-86.87318,False,0,0,0,,,,,,,,
102454298,Crashes_2010_2019_MPO,2019-07-20,2019,35.95599,-86.81493,False,0,0,0,,,,,,,,
102453034,Crashes_2010_2019_MPO,2019-07-20,2019,36.05326,-86.732,False,0,0,0,,,,,,,,
102453364,Crashes_2010_2019_MPO,2019-07-20,2019,35.97877,-86.75288,True,0,0,0,,,,,,,,
102454290,Crashes_2010_2019_MPO,2019-07-21,2019,36.04519,-86.7158,False,0,0,0,,,,,,,,
102461167,Crashes_2010_2019_MPO,2019-07-21,2019,35.99121,-86.6832,False,0,0,0,,,,,,,,
102454292,Crashes_2010_2019_MPO,2019-07-21,2019,35.93394,-86.84475,False,0,0,0,,,,,,,,
102453784,Crashes_2010_2019_MPO,2019-07-21,2019,35.99608,-86.78483,True,0,0,0,,,,,,,,
102453515,Crashes_2010_2019_MPO,2019-07-21,2019,36.00149,-86.7939,True,0,0,0,,,,,,,,
102453785,Crashes_2010_2019_MPO,2019-07-21,2019,35.93446,-86.81991,False,0,0,0,,,,,,,,
102455785,Crashes_2010_2019_MPO,2019-07-22,2019,35.94665,-86.82226,False,0,0,0,,,,,,,,
102454541,Crashes_2010_2019_MPO,2019-07-22,2019,36.04568,-86.70993,False,0,0,0,,,,,,,,
102454731,Crashes_2010_2019_MPO,2019-07-22,2019,35.96647,-86.80949,True,0,0,0,,,,,,,,
102454997,Crashes_2010_2019_MPO,2019-07-22,2019,36.03343,-86.7959,True,0,0,0,,,,,,,,
102454888,Crashes_2010_2019_MPO,2019-07-22,2019,36.03823,-86.78434,False,0,0,0,,,,,,,,
102455296,Crashes_2010_2019_MPO,2019-07-22,2019,35.95439,-86.81194,False,0,0,0,,,,,,,,
102454763,Crashes_2010_2019_MPO,2019-07-22,2019,36.03747,-86.79098,False,0,0,0,,,,,,,,
102455118,Crashes_2010_2019_MPO,2019-07-22,2019,36.01343,-86.71346,False,0,0,0,,,,,,,,
102455271,Crashes_2010_2019_MPO,2019-07-22,2019,35.99782,-86.79898,True,0,0,0,,,,,,,,
102455060,Crashes_2010_2019_MPO,2019-07-22,2019,35.97047,-86.77381,True,0,0,0,,,,,,,,
102457173,Crashes_2010_2019_MPO,2019-07-22,2019,35.9638,-86.80842,False,0,0,0,,,,,,,,
102457448,Crashes_2010_2019_MPO,2019-07-22,2019,35.95965,-86.80185,False,0,0,0,,,,,,,,
102455030,Crashes_2010_2019_MPO,2019-07-22,2019,36.04441,-86.78039,False,0,0,0,,,,,,,,
102455066,Crashes_2010_2019_MPO,2019-07-22,2019,35.99596,-86.69081,False,0,0,0,,,,,,,,
102454762,Crashes_2010_2019_MPO,2019-07-22,2019,36.0374,-86.78657,False,0,0,0,,,,,,,,
102454677,Crashes_2010_2019_MPO,2019-07-22,2019,36.05135,-86.71431,False,0,0,0,,,,,,,,
102455052,Crashes_2010_2019_MPO,2019-07-22,2019,35.99633,-86.69043,False,0,0,0,,,,,,,,
102460564,Crashes_2010_2019_MPO,2019-07-22,2019,36.006,-86.78926,True,0,0,1,,,,,,,,
102455963,Crashes_2010_2019_MPO,2019-07-23,2019,36.04255,-86.83005,False,0,0,0,,,,,,,,
102455576,Crashes_2010_2019_MPO,2019-07-23,2019,35.92508,-86.8715,False,0,0,0,,,,,,,,
102455682,Crashes_2010_2019_MPO,2019-07-23,2019,35.99228,-86.68449,False,0,0,0,,,,,,,,
102456400,Crashes_2010_2019_MPO,2019-07-23,2019,35.94041,-86.82127,False,0,0,0,,,,,,,,
102455962,Crashes_2010_2019_MPO,2019-07-23,2019,36.03842,-86.78419,False,0,0,0,,,,,,,,
102455502,Crashes_2010_2019_MPO,2019-07-23,2019,35.9239,-86.87901,False,0,0,0,,,,,,,,
102456554,Crashes_2010_2019_MPO,2019-07-23,2019,36.04424,-86.71313,False,0,0,0,,,,,,,,
102455589,Crashes_2010_2019_MPO,2019-07-23,2019,35.9954,-86.68777,False,0,0,0,,,,,,,,
102456172,Crashes_2010_2019_MPO,2019-07-23,2019,35.9403,-86.82143,False,0,0,0,,,,,,,,
102455926,Crashes_2010_2019_MPO,2019-07-23,2019,35.9583,-86.8023,False,0,0,0,,,,,,,,
102455849,Crashes_2010_2019_MPO,2019-07-23,2019,35.9667,-86.81121,True,0,0,0,,,,,,,,
102457595,Crashes_2010_2019_MPO,2019-07-23,2019,35.94612,-86.82346,False,0,0,0,,,,,,,,
102456612,Crashes_2010_2019_MPO,2019-07-24,2019,36.01282,-86.69499,False,0,0,0,,,,,,,,
102457270,Crashes_2010_2019_MPO,2019-07-24,2019,36.03739,-86.79781,True,0,0,0,,,,,,,,
102456462,Crashes_2010_2019_MPO,2019-07-24,2019,36.03362,-86.78321,True,0,0,0,,,,,,,,
102456469,Crashes_2010_2019_MPO,2019-07-24,2019,35.96562,-86.70619,True,0,0,1,,,,,,,,
102456286,Crashes_2010_2019_MPO,2019-07-24,2019,36.04028,-86.76837,False,0,0,0,,,,,,,,
102456768,Crashes_2010_2019_MPO,2019-07-24,2019,35.93776,-86.87894,False,0,0,0,,,,,,,,
102456663,Crashes_2010_2019_MPO,2019-07-24,2019,35.99829,-86.68193,False,0,0,0,,,,,,,,
102456545,Crashes_2010_2019_MPO,2019-07-24,2019,36.03743,-86.71594,False,0,0,0,,,,,,,,
102457119,Crashes_2010_2019_MPO,2019-07-24,2019,35.95078,-86.80647,False,0,0,0,,,,,,,,
102456532,Crashes_2010_2019_MPO,2019-07-24,2019,36.04014,-86.76701,False,0,0,0,,,,,,,,
102457207,Crashes_2010_2019_MPO,2019-07-24,2019,35.94813,-86.81682,False,0,0,0,,,,,,,,
102462671,Crashes_2010_2019_MPO,2019-07-24,2019,36.04801,-86.71346,False,0,0,0,,,,,,,,
102457020,Crashes_2010_2019_MPO,2019-07-24,2019,36.03995,-86.74262,False,0,0,0,,,,,,,,
102456563,Crashes_2010_2019_MPO,2019-07-24,2019,36.03832,-86.80237,False,0,0,0,,,,,,,,
102456416,Crashes_2010_2019_MPO,2019-07-24,2019,35.9463,-86.8085,False,0,0,0,,,,,,,,
102457893,Crashes_2010_2019_MPO,2019-07-25,2019,35.96705,-86.81355,True,0,0,0,,,,,,,,
102457889,Crashes_2010_2019_MPO,2019-07-25,2019,35.99372,-86.76003,True,0,0,0,,,,,,,,
102457554,Crashes_2010_2019_MPO,2019-07-25,2019,36.02549,-86.72702,False,0,0,0,,,,,,,,
102457522,Crashes_2010_2019_MPO,2019-07-25,2019,35.9667,-86.81121,True,0,0,0,,,,,,,,
102457796,Crashes_2010_2019_MPO,2019-07-25,2019,35.92957,-86.84213,False,0,0,0,,,,,,,,
102457639,Crashes_2010_2019_MPO,2019-07-25,2019,36.02245,-86.80701,True,0,0,0,,,,,,,,
102457597,Crashes_2010_2019_MPO,2019-07-25,2019,35.95167,-86.84784,False,0,0,0,,,,,,,,
102457629,Crashes_2010_2019_MPO,2019-07-25,2019,36.04084,-86.77347,False,0,0,0,,,,,,,,
102457371,Crashes_2010_2019_MPO,2019-07-25,2019,36.04561,-86.71077,False,0,0,0,,,,,,,,
102457919,Crashes_2010_2019_MPO,2019-07-25,2019,35.99379,-86.76055,True,0,0,0,,,,,,,,
102457521,Crashes_2010_2019_MPO,2019-07-25,2019,36.03614,-86.78711,True,0,0,0,,,,,,,,
102459556,Crashes_2010_2019_MPO,2019-07-26,2019,35.93418,-86.81871,False,0,0,0,,,,,,,,
102458743,Crashes_2010_2019_MPO,2019-07-26,2019,35.96971,-86.80419,True,0,0,0,,,,,,,,
102458442,Crashes_2010_2019_MPO,2019-07-26,2019,35.96694,-86.81169,True,0,0,0,,,,,,,,
102458977,Crashes_2010_2019_MPO,2019-07-26,2019,36.04114,-86.77621,False,0,0,0,,,,,,,,
102458960,Crashes_2010_2019_MPO,2019-07-26,2019,36.0243,-86.74239,False,0,0,0,,,,,,,,
102458974,Crashes_2010_2019_MPO,2019-07-26,2019,35.94421,-86.81976,False,0,0,0,,,,,,,,
102458950,Crashes_2010_2019_MPO,2019-07-26,2019,36.04538,-86.68548,False,0,0,0,,,,,,,,
102463096,Crashes_2010_2019_MPO,2019-07-26,2019,35.9336,-86.81617,False,0,0,0,,,,,,,,
102459147,Crashes_2010_2019_MPO,2019-07-26,2019,36.05366,-86.7149,False,0,0,0,,,,,,,,
102458999,Crashes_2010_2019_MPO,2019-07-26,2019,35.96372,-86.81053,False,0,0,0,,,,,,,,
102459557,Crashes_2010_2019_MPO,2019-07-26,2019,35.94973,-86.80971,False,0,0,0,,,,,,,,
102459268,Crashes_2010_2019_MPO,2019-07-26,2019,35.94653,-86.8095,False,0,0,0,,,,,,,,
102463651,Crashes_2010_2019_MPO,2019-07-26,2019,35.95285,-86.81247,False,0,0,0,,,,,,,,
102459296,Crashes_2010_2019_MPO,2019-07-26,2019,35.99922,-86.80923,True,0,0,0,,,,,,,,
102460024,Crashes_2010_2019_MPO,2019-07-27,2019,35.96213,-86.81384,False,0,0,0,,,,,,,,
102460218,Crashes_2010_2019_MPO,2019-07-27,2019,36.0291,-86.74405,False,0,0,0,,,,,,,,
102460091,Crashes_2010_2019_MPO,2019-07-27,2019,36.04537,-86.71326,False,0,1,0,,,,,,,,
102459759,Crashes_2010_2019_MPO,2019-07-27,2019,35.93191,-86.794,False,0,0,0,,,,,,,,
102463701,Crashes_2010_2019_MPO,2019-07-27,2019,35.94675,-86.85178,False,0,0,0,,,,,,,,
102459766,Crashes_2010_2019_MPO,2019-07-27,2019,35.92609,-86.87139,False,0,0,0,,,,,,,,
102472535,Crashes_2010_2019_MPO,2019-07-28,2019,35.94421,-86.81976,False,0,0,0,,,,,,,,
102460894,Crashes_2010_2019_MPO,2019-07-28,2019,36.04128,-86.72487,False,0,0,0,,,,,,,,
102460499,Crashes_2010_2019_MPO,2019-07-28,2019,36.04095,-86.74615,False,0,0,0,,,,,,,,
102461205,Crashes_2010_2019_MPO,2019-07-28,2019,35.97127,-86.68198,False,0,0,0,,,,,,,,
102466184,Crashes_2010_2019_MPO,2019-07-28,2019,35.95078,-86.80672,False,0,0,0,,,,,,,,
102460396,Crashes_2010_2019_MPO,2019-07-28,2019,35.997566,-86.794797,True,0,0,0,,,,,,,,
102461723,Crashes_2010_2019_MPO,2019-07-29,2019,35.93374,-86.81767,False,0,0,0,,,,,,,,
102461422,Crashes_2010_2019_MPO,2019-07-29,2019,35.92277,-86.86435,False,0,0,0,,,,,,,,
102462225,Crashes_2010_2019_MPO,2019-07-29,2019,35.93228,-86.79432,False,0,0,0,,,,,,,,
102461626,Crashes_2010_2019_MPO,2019-07-29,2019,36.04037,-86.76918,False,0,0,0,,,,,,,,
102462635,Crashes_2010_2019_MPO,2019-07-29,2019,35.97275,-86.83357,False,0,0,0,,,,,,,,
102461218,Crashes_2010_2019_MPO,2019-07-29,2019,36.00279,-86.69738,False,0,0,0,,,,,,,,
102461764,Crashes_2010_2019_MPO,2019-07-29,2019,35.99745,-86.79579,True,0,0,0,,,,,,,,
102461567,Crashes_2010_2019_MPO,2019-07-29,2019,35.94477,-86.82853,False,0,0,0,,,,,,,,
102461499,Crashes_2010_2019_MPO,2019-07-29,2019,36.04668,-86.72506,False,0,0,0,,,,,,,,
102461731,Crashes_2010_2019_MPO,2019-07-29,2019,35.95826,-86.80153,False,0,0,0,,,,,,,,
102462761,Crashes_2010_2019_MPO,2019-07-30,2019,35.95653,-86.81093,False,0,0,0,,,,,,,,
102463116,Crashes_2010_2019_MPO,2019-07-30,2019,36.00972,-86.69274,False,0,0,0,,,,,,,,
102463741,Crashes_2010_2019_MPO,2019-07-30,2019,35.98221,-86.82115,True,0,0,0,,,,,,,,
102463364,Crashes_2010_2019_MPO,2019-07-30,2019,35.92644,-86.82481,False,0,0,0,,,,,,,,
102462491,Crashes_2010_2019_MPO,2019-07-30,2019,35.92609,-86.87139,False,0,0,0,,,,,,,,
102462890,Crashes_2010_2019_MPO,2019-07-30,2019,35.99838,-86.80377,True,0,0,0,,,,,,,,
102463629,Crashes_2010_2019_MPO,2019-07-30,2019,36.0488,-86.71367,False,0,0,0,,,,,,,,
102463205,Crashes_2010_2019_MPO,2019-07-30,2019,35.966737,-86.809116,True,0,0,0,,,,,,,,
102462271,Crashes_2010_2019_MPO,2019-07-30,2019,36.03256,-86.7687,False,0,0,0,,,,,,,,
102462620,Crashes_2010_2019_MPO,2019-07-30,2019,35.99551,-86.77887,True,0,0,0,,,,,,,,
102462329,Crashes_2010_2019_MPO,2019-07-30,2019,36.03968,-86.78158,False,0,0,0,,,,,,,,
102462712,Crashes_2010_2019_MPO,2019-07-30,2019,36.04012,-86.78074,False,0,0,0,,,,,,,,