record_no,source_layer,collision_ts,crash_year,latitude,longitude,in_city,fatalities,non_motorists,truck_involved,serious_injuries,pedestrian,bicycle,crash_type,manner_of_collision,lighting,weather,first_harmful_event
102462304,Crashes_2010_2019_MPO,2019-07-30,2019,36.03744,-86.78629,False,0,0,0,,,,,,,,
102462824,Crashes_2010_2019_MPO,2019-07-30,2019,35.93136,-86.82408,False,0,0,0,,,,,,,,
102463062,Crashes_2010_2019_MPO,2019-07-30,2019,36.03393,-86.71304,False,0,0,0,,,,,,,,
102462661,Crashes_2010_2019_MPO,2019-07-30,2019,35.93457,-86.87806,False,0,0,0,,,,,,,,
102462831,Crashes_2010_2019_MPO,2019-07-30,2019,35.96514,-86.79569,True,0,0,0,,,,,,,,
102463742,Crashes_2010_2019_MPO,2019-07-31,2019,35.98635,-86.73664,True,0,0,0,,,,,,,,
102463400,Crashes_2010_2019_MPO,2019-07-31,2019,36.04687,-86.67952,False,0,0,0,,,,,,,,
102463365,Crashes_2010_2019_MPO,2019-07-31,2019,35.94681,-86.85199,False,0,0,0,,,,,,,,
102463671,Crashes_2010_2019_MPO,2019-07-31,2019,36.03329,-86.77717,True,0,0,0,,,,,,,,
102463315,Crashes_2010_2019_MPO,2019-07-31,2019,36.04155,-86.74385,False,0,0,0,,,,,,,,
102463680,Crashes_2010_2019_MPO,2019-07-31,2019,36.04551,-86.71175,False,0,0,0,,,,,,,,
102463924,Crashes_2010_2019_MPO,2019-07-31,2019,36.01634,-86.78619,True,0,0,0,,,,,,,,
102463394,Crashes_2010_2019_MPO,2019-07-31,2019,36.0374,-86.78657,False,0,0,0,,,,,,,,
102463759,Crashes_2010_2019_MPO,2019-07-31,2019,35.96608,-86.8074,True,0,0,0,,,,,,,,
102464825,Crashes_2010_2019_MPO,2019-08-01,2019,36.03971,-86.76279,False,0,0,0,,,,,,,,
102464746,Crashes_2010_2019_MPO,2019-08-01,2019,35.94699,-86.81153,False,0,0,0,,,,,,,,
102464320,Crashes_2010_2019_MPO,2019-08-01,2019,36.04475,-86.71319,False,0,0,0,,,,,,,,
102464534,Crashes_2010_2019_MPO,2019-08-01,2019,35.94765,-86.81971,False,0,0,0,,,,,,,,
102464294,Crashes_2010_2019_MPO,2019-08-01,2019,36.01358,-86.68323,False,0,0,0,,,,,,,,
102464535,Crashes_2010_2019_MPO,2019-08-01,2019,35.94687,-86.85168,False,0,0,0,,,,,,,,
102464778,Crashes_2010_2019_MPO,2019-08-01,2019,35.92504,-86.86928,False,0,0,0,,,,,,,,
102466250,Crashes_2010_2019_MPO,2019-08-02,2019,35.92512,-86.7671,False,0,0,0,,,,,,,,
102467028,Crashes_2010_2019_MPO,2019-08-02,2019,36.03551,-86.78748,True,0,0,0,,,,,,,,
102466422,Crashes_2010_2019_MPO,2019-08-02,2019,35.99273,-86.82844,True,0,0,0,,,,,,,,
102474394,Crashes_2010_2019_MPO,2019-08-02,2019,35.92673,-86.86888,False,0,0,0,,,,,,,,
102465964,Crashes_2010_2019_MPO,2019-08-02,2019,35.95004,-86.84915,False,0,0,0,,,,,,,,
102465880,Crashes_2010_2019_MPO,2019-08-02,2019,36.0473,-86.86274,False,0,0,0,,,,,,,,
102465749,Crashes_2010_2019_MPO,2019-08-02,2019,35.98286,-86.71867,True,0,0,0,,,,,,,,
102466277,Crashes_2010_2019_MPO,2019-08-02,2019,35.96601,-86.81249,False,0,0,0,,,,,,,,
102466194,Crashes_2010_2019_MPO,2019-08-02,2019,36.04525,-86.71445,False,0,0,0,,,,,,,,
102465910,Crashes_2010_2019_MPO,2019-08-02,2019,35.92643,-86.82464,False,0,0,0,,,,,,,,
102468135,Crashes_2010_2019_MPO,2019-08-02,2019,35.98287,-86.71852,True,0,0,0,,,,,,,,
102465977,Crashes_2010_2019_MPO,2019-08-02,2019,36.03751,-86.78652,False,0,0,0,,,,,,,,
102465401,Crashes_2010_2019_MPO,2019-08-02,2019,35.9669,-86.8136,True,0,0,0,,,,,,,,
102465981,Crashes_2010_2019_MPO,2019-08-02,2019,35.94173,-86.82104,False,0,0,0,,,,,,,,
102467455,Crashes_2010_2019_MPO,2019-08-03,2019,35.99781,-86.79886,True,0,0,0,,,,,,,,
102466711,Crashes_2010_2019_MPO,2019-08-03,2019,35.95842,-86.80311,False,0,0,0,,,,,,,,
102466755,Crashes_2010_2019_MPO,2019-08-03,2019,36.04551,-86.71179,False,0,0,0,,,,,,,,
102471155,Crashes_2010_2019_MPO,2019-08-03,2019,35.99698,-86.79693,True,0,0,0,,,,,,,,
102467264,Crashes_2010_2019_MPO,2019-08-03,2019,36.01398,-86.73842,False,0,0,0,,,,,,,,
102466582,Crashes_2010_2019_MPO,2019-08-03,2019,36.04655,-86.7134,False,0,0,0,,,,,,,,
102467163,Crashes_2010_2019_MPO,2019-08-03,2019,36.04261,-86.7511,False,0,0,0,,,,,,,,
102467789,Crashes_2010_2019_MPO,2019-08-04,2019,36.05382,-86.70341,False,0,0,0,,,,,,,,
102467951,Crashes_2010_2019_MPO,2019-08-04,2019,36.05452,-86.72519,False,0,0,0,,,,,,,,
102467522,Crashes_2010_2019_MPO,2019-08-04,2019,35.95209,-86.81805,False,0,0,0,,,,,,,,
102467929,Crashes_2010_2019_MPO,2019-08-04,2019,36.05237,-86.68373,False,0,0,0,,,,,,,,
102467885,Crashes_2010_2019_MPO,2019-08-04,2019,36.0413,-86.77856,False,0,3,0,,,,,,,,
102468041,Crashes_2010_2019_MPO,2019-08-04,2019,35.99551,-86.77887,True,0,0,0,,,,,,,,
102467866,Crashes_2010_2019_MPO,2019-08-04,2019,35.96518,-86.80029,True,0,0,0,,,,,,,,
102467691,Crashes_2010_2019_MPO,2019-08-04,2019,35.96666,-86.80923,True,0,0,0,,,,,,,,
102467674,Crashes_2010_2019_MPO,2019-08-04,2019,36.0342,-86.71309,False,0,0,0,,,,,,,,
102473082,Crashes_2010_2019_MPO,2019-08-04,2019,36.00417,-86.79083,True,0,0,0,,,,,,,,
102471206,Crashes_2010_2019_MPO,2019-08-04,2019,35.96417,-86.70073,False,0,0,0,,,,,,,,
102468026,Crashes_2010_2019_MPO,2019-08-04,2019,35.93026,-86.85301,False,0,0,0,,,,,,,,
102468257,Crashes_2010_2019_MPO,2019-08-05,2019,35.96932,-86.80651,True,0,0,0,,,,,,,,
102468171,Crashes_2010_2019_MPO,2019-08-05,2019,36.04535,-86.71339,False,0,0,0,,,,,,,,
102512598,Crashes_2010_2019_MPO,2019-08-05,2019,35.94954,-86.75545,True,0,0,0,,,,,,,,
102468535,Crashes_2010_2019_MPO,2019-08-05,2019,36.04522,-86.71664,False,0,0,0,,,,,,,,
102468258,Crashes_2010_2019_MPO,2019-08-05,2019,35.97785,-86.80356,True,0,0,0,,,,,,,,
102468567,Crashes_2010_2019_MPO,2019-08-05,2019,36.03952,-86.78174,False,0,0,0,,,,,,,,
102468525,Crashes_2010_2019_MPO,2019-08-05,2019,35.934,-86.81878,False,0,0,0,,,,,,,,
102468569,Crashes_2010_2019_MPO,2019-08-05,2019,35.96312,-86.81897,True,0,0,0,,,,,,,,
102468680,Crashes_2010_2019_MPO,2019-08-05,2019,36.04533,-86.70221,False,0,0,0,,,,,,,,
102468685,Crashes_2010_2019_MPO,2019-08-05,2019,35.92598,-86.81637,False,0,0,0,,,,,,,,
102468382,Crashes_2010_2019_MPO,2019-08-05,2019,36.03467,-86.78332,True,0,0,0,,,,,,,,
102469860,Crashes_2010_2019_MPO,2019-08-06,2019,35.99855,-86.8052,True,0,0,0,,,,,,,,
102469350,Crashes_2010_2019_MPO,2019-08-06,2019,36.03689,-86.81684,True,0,0,0,,,,,,,,
102469411,Crashes_2010_2019_MPO,2019-08-06,2019,36.0409,-86.77938,False,0,0,0,,,,,,,,
102469425,Crashes_2010_2019_MPO,2019-08-06,2019,36.03522,-86.78691,True,0,0,0,,,,,,,,
102469821,Crashes_2010_2019_MPO,2019-08-06,2019,36.03821,-86.8009,False,0,0,0,,,,,,,,
102469923,Crashes_2010_2019_MPO,2019-08-06,2019,36.02715,-86.79215,True,0,0,0,,,,,,,,
102469847,Crashes_2010_2019_MPO,2019-08-06,2019,36.0185,-86.78226,True,0,0,0,,,,,,,,
102469691,Crashes_2010_2019_MPO,2019-08-06,2019,36.01584,-86.81387,True,0,0,0,,,,,,,,
102469849,Crashes_2010_2019_MPO,2019-08-06,2019,35.95211,-86.81779,False,0,0,0,,,,,,,,
102469651,Crashes_2010_2019_MPO,2019-08-06,2019,36.04379,-86.84492,False,0,0,0,,,,,,,,
102469848,Crashes_2010_2019_MPO,2019-08-06,2019,35.9771,-86.77135,True,0,0,0,,,,,,,,
102469591,Crashes_2010_2019_MPO,2019-08-06,2019,35.93249,-86.80616,False,0,0,0,,,,,,,,
102469285,Crashes_2010_2019_MPO,2019-08-06,2019,36.0409,-86.77938,False,0,0,0,,,,,,,,
102469745,Crashes_2010_2019_MPO,2019-08-06,2019,35.9584,-86.80226,False,0,0,0,,,,,,,,
102470202,Crashes_2010_2019_MPO,2019-08-06,2019,35.96981,-86.6781,False,0,0,0,,,,,,,,
102471291,Crashes_2010_2019_MPO,2019-08-07,2019,35.94568,-86.8735,False,0,0,0,,,,,,,,
102470814,Crashes_2010_2019_MPO,2019-08-07,2019,35.94685,-86.8116,False,0,0,0,,,,,,,,
102471110,Crashes_2010_2019_MPO,2019-08-07,2019,35.93556,-86.82359,False,0,0,0,,,,,,,,
102470864,Crashes_2010_2019_MPO,2019-08-07,2019,35.99004,-86.74528,True,0,0,0,,,,,,,,
102470888,Crashes_2010_2019_MPO,2019-08-07,2019,36.04996,-86.87247,False,0,0,0,,,,,,,,
102470542,Crashes_2010_2019_MPO,2019-08-07,2019,35.99145,-86.68373,False,0,0,0,,,,,,,,
102470825,Crashes_2010_2019_MPO,2019-08-07,2019,36.03412,-86.81343,True,0,0,0,,,,,,,,
102470481,Crashes_2010_2019_MPO,2019-08-07,2019,36.03675,-86.78678,False,0,0,0,,,,,,,,
102470354,Crashes_2010_2019_MPO,2019-08-07,2019,36.04569,-86.70983,False,0,0,0,,,,,,,,
102471729,Crashes_2010_2019_MPO,2019-08-07,2019,36.00199,-86.79308,True,0,0,1,,,,,,,,
102470820,Crashes_2010_2019_MPO,2019-08-07,2019,36.04891,-86.86857,False,0,0,0,,,,,,,,
102470968,Crashes_2010_2019_MPO,2019-08-07,2019,36.04685,-86.67941,False,0,0,0,,,,,,,,
102471388,Crashes_2010_2019_MPO,2019-08-07,2019,35.96451,-86.81109,False,0,0,0,,,,,,,,
102470947,Crashes_2010_2019_MPO,2019-08-07,2019,35.96705,-86.81355,True,0,0,0,,,,,,,,
102471758,Crashes_2010_2019_MPO,2019-08-07,2019,36.03613,-86.7979,True,0,0,0,,,,,,,,
102470880,Crashes_2010_2019_MPO,2019-08-07,2019,35.9476,-86.81992,False,0,0,0,,,,,,,,
102471177,Crashes_2010_2019_MPO,2019-08-07,2019,35.96721,-86.8135,True,0,0,0,,,,,,,,
102470294,Crashes_2010_2019_MPO,2019-08-07,2019,35.93742,-86.81758,False,0,0,0,,,,,,,,
102471352,Crashes_2010_2019_MPO,2019-08-08,2019,36.03461,-86.74355,False,0,0,0,,,,,,,,
102471904,Crashes_2010_2019_MPO,2019-08-08,2019,35.93462,-86.82062,False,0,0,0,,,,,,,,
102471603,Crashes_2010_2019_MPO,2019-08-08,2019,35.92506,-86.87363,False,0,1,0,,,,,,,,
102471544,Crashes_2010_2019_MPO,2019-08-08,2019,35.94266,-86.82971,False,0,0,0,,,,,,,,
102471848,Crashes_2010_2019_MPO,2019-08-08,2019,35.94964,-86.84947,False,0,0,0,,,,,,,,
102471365,Crashes_2010_2019_MPO,2019-08-08,2019,36.03589,-86.78726,True,0,0,0,,,,,,,,
102471376,Crashes_2010_2019_MPO,2019-08-08,2019,35.99922,-86.80923,True,0,0,0,,,,,,,,
102471988,Crashes_2010_2019_MPO,2019-08-08,2019,35.98459,-86.72525,True,0,0,0,,,,,,,,
102471759,Crashes_2010_2019_MPO,2019-08-08,2019,35.99551,-86.77887,True,0,0,0,,,,,,,,
102471816,Crashes_2010_2019_MPO,2019-08-08,2019,36.0374,-86.78657,False,0,0,0,,,,,,,,
102472093,Crashes_2010_2019_MPO,2019-08-08,2019,36.03974,-86.74345,False,0,0,0,,,,,,,,
102479944,Crashes_2010_2019_MPO,2019-08-09,2019,36.01689,-86.78609,True,0,0,0,,,,,,,,
102472395,Crashes_2010_2019_MPO,2019-08-09,2019,36.02055,-86.78339,True,0,0,0,,,,,,,,
102473394,Crashes_2010_2019_MPO,2019-08-09,2019,35.92828,-86.75889,False,0,0,0,,,,,,,,
102473147,Crashes_2010_2019_MPO,2019-08-09,2019,35.96133,-86.81226,False,0,0,0,,,,,,,,
102473106,Crashes_2010_2019_MPO,2019-08-09,2019,35.93298,-86.78238,False,0,0,0,,,,,,,,
102472418,Crashes_2010_2019_MPO,2019-08-09,2019,35.94665,-86.82227,False,0,0,0,,,,,,,,
102475750,Crashes_2010_2019_MPO,2019-08-09,2019,35.99806,-86.69154,False,0,0,0,,,,,,,,
102472689,Crashes_2010_2019_MPO,2019-08-09,2019,35.965,-86.79436,True,0,0,0,,,,,,,,
102472750,Crashes_2010_2019_MPO,2019-08-09,2019,36.03948,-86.78177,False,0,0,0,,,,,,,,
102476465,Crashes_2010_2019_MPO,2019-08-09,2019,35.96459,-86.80815,False,0,0,0,,,,,,,,
102473371,Crashes_2010_2019_MPO,2019-08-09,2019,36.04525,-86.71479,False,0,0,0,,,,,,,,
102472323,Crashes_2010_2019_MPO,2019-08-09,2019,36.03238,-86.70378,False,0,0,0,,,,,,,,
102474397,Crashes_2010_2019_MPO,2019-08-09,2019,35.94067,-86.81671,False,0,0,0,,,,,,,,
102473685,Crashes_2010_2019_MPO,2019-08-10,2019,36.00385,-86.7285,True,0,0,0,,,,,,,,
102473716,Crashes_2010_2019_MPO,2019-08-10,2019,36.04114,-86.77621,False,0,0,0,,,,,,,,
102474038,Crashes_2010_2019_MPO,2019-08-10,2019,35.97718,-86.77204,True,0,0,0,,,,,,,,
102474033,Crashes_2010_2019_MPO,2019-08-10,2019,35.99944,-86.69345,False,0,0,0,,,,,,,,
102474173,Crashes_2010_2019_MPO,2019-08-10,2019,36.04024,-86.74493,False,0,0,0,,,,,,,,
102473701,Crashes_2010_2019_MPO,2019-08-10,2019,36.0455,-86.71191,False,0,0,0,,,,,,,,
102475047,Crashes_2010_2019_MPO,2019-08-11,2019,35.94707,-86.82179,False,0,0,0,,,,,,,,
102475872,Crashes_2010_2019_MPO,2019-08-11,2019,35.97943,-86.803,True,0,0,0,,,,,,,,
102475237,Crashes_2010_2019_MPO,2019-08-11,2019,35.99064,-86.75045,True,0,0,0,,,,,,,,
102475105,Crashes_2010_2019_MPO,2019-08-11,2019,35.98308,-86.80173,True,0,0,0,,,,,,,,
102474704,Crashes_2010_2019_MPO,2019-08-11,2019,35.96497,-86.81572,True,0,0,0,,,,,,,,
102474871,Crashes_2010_2019_MPO,2019-08-11,2019,36.0205,-86.78268,True,0,0,0,,,,,,,,
102475425,Crashes_2010_2019_MPO,2019-08-12,2019,36.03652,-86.80101,True,0,0,0,,,,,,,,
102475503,Crashes_2010_2019_MPO,2019-08-12,2019,36.03641,-86.81069,True,0,0,0,,,,,,,,
102475305,Crashes_2010_2019_MPO,2019-08-12,2019,36.04665,-86.86329,False,0,0,0,,,,,,,,
102475205,Crashes_2010_2019_MPO,2019-08-12,2019,36.01286,-86.80081,True,0,0,0,,,,,,,,
102475302,Crashes_2010_2019_MPO,2019-08-12,2019,36.05151,-86.71436,False,0,0,0,,,,,,,,
102475779,Crashes_2010_2019_MPO,2019-08-12,2019,36.0473,-86.86273,False,0,0,0,,,,,,,,
102475667,Crashes_2010_2019_MPO,2019-08-12,2019,36.0087,-86.78649,True,0,0,0,,,,,,,,
102475339,Crashes_2010_2019_MPO,2019-08-12,2019,35.93127,-86.87663,False,0,0,0,,,,,,,,
102475665,Crashes_2010_2019_MPO,2019-08-12,2019,35.96475,-86.81509,True,0,0,0,,,,,,,,
102475249,Crashes_2010_2019_MPO,2019-08-12,2019,36.01036,-86.78513,True,0,0,0,,,,,,,,
102475672,Crashes_2010_2019_MPO,2019-08-12,2019,35.95434,-86.8457,False,0,0,0,,,,,,,,
102475837,Crashes_2010_2019_MPO,2019-08-12,2019,36.04357,-86.69267,False,0,0,0,,,,,,,,
102475369,Crashes_2010_2019_MPO,2019-08-12,2019,36.0252,-86.78535,True,0,0,0,,,,,,,,
102475668,Crashes_2010_2019_MPO,2019-08-12,2019,35.9956,-86.77982,True,0,0,0,,,,,,,,
102475666,Crashes_2010_2019_MPO,2019-08-12,2019,35.97334,-86.83305,True,0,0,0,,,,,,,,
102475640,Crashes_2010_2019_MPO,2019-08-12,2019,36.03324,-86.7851,True,0,0,0,,,,,,,,
102475401,Crashes_2010_2019_MPO,2019-08-12,2019,35.967197,-86.808693,True,0,0,0,,,,,,,,
102475819,Crashes_2010_2019_MPO,2019-08-12,2019,36.05381,-86.71507,False,0,0,0,,,,,,,,
102475782,Crashes_2010_2019_MPO,2019-08-12,2019,36.04617,-86.77828,False,0,0,0,,,,,,,,
102475374,Crashes_2010_2019_MPO,2019-08-12,2019,36.0315,-86.78975,True,0,0,0,,,,,,,,
102475669,Crashes_2010_2019_MPO,2019-08-12,2019,36.0335,-86.78919,True,0,0,0,,,,,,,,
102475700,Crashes_2010_2019_MPO,2019-08-12,2019,36.03959,-86.74344,False,0,0,0,,,,,,,,
102476055,Crashes_2010_2019_MPO,2019-08-13,2019,36.03356,-86.78322,True,0,0,0,,,,,,,,
102476627,Crashes_2010_2019_MPO,2019-08-13,2019,36.0343,-86.79174,True,0,0,0,,,,,,,,
102477271,Crashes_2010_2019_MPO,2019-08-13,2019,35.94055,-86.83919,False,0,0,0,,,,,,,,
102476770,Crashes_2010_2019_MPO,2019-08-13,2019,35.99934,-86.68871,False,0,0,0,,,,,,,,
102475962,Crashes_2010_2019_MPO,2019-08-13,2019,36.04544,-86.70384,False,0,0,0,,,,,,,,
102476619,Crashes_2010_2019_MPO,2019-08-13,2019,35.95392,-86.81471,False,0,0,0,,,,,,,,
102476652,Crashes_2010_2019_MPO,2019-08-13,2019,36.02003,-86.74517,False,0,0,0,,,,,,,,
102476620,Crashes_2010_2019_MPO,2019-08-13,2019,36.04393,-86.6933,False,0,0,0,,,,,,,,
102476072,Crashes_2010_2019_MPO,2019-08-13,2019,35.95124,-86.76611,True,0,0,0,,,,,,,,
102477065,Crashes_2010_2019_MPO,2019-08-13,2019,36.04537,-86.71326,False,0,0,0,,,,,,,,
102476031,Crashes_2010_2019_MPO,2019-08-13,2019,35.93374,-86.81767,False,0,0,0,,,,,,,,
102476682,Crashes_2010_2019_MPO,2019-08-13,2019,35.99053,-86.79917,True,0,0,0,,,,,,,,
102476626,Crashes_2010_2019_MPO,2019-08-13,2019,36.01332,-86.80268,True,0,0,0,,,,,,,,
102476685,Crashes_2010_2019_MPO,2019-08-13,2019,35.93541,-86.82372,False,0,0,0,,,,,,,,
102476675,Crashes_2010_2019_MPO,2019-08-13,2019,35.95704,-86.8169,False,0,0,0,,,,,,,,
102477406,Crashes_2010_2019_MPO,2019-08-14,2019,35.92617,-86.87326,False,0,0,0,,,,,,,,
102477034,Crashes_2010_2019_MPO,2019-08-14,2019,36.0458,-86.78316,False,0,0,0,,,,,,,,
102477050,Crashes_2010_2019_MPO,2019-08-14,2019,35.94001,-86.81666,False,0,0,0,,,,,,,,
102477565,Crashes_2010_2019_MPO,2019-08-14,2019,35.95004,-86.84915,False,0,0,0,,,,,,,,
102477868,Crashes_2010_2019_MPO,2019-08-14,2019,36.05476,-86.69407,False,0,0,0,,,,,,,,
102477563,Crashes_2010_2019_MPO,2019-08-14,2019,35.99291,-86.81254,True,0,0,0,,,,,,,,
102477382,Crashes_2010_2019_MPO,2019-08-14,2019,35.93325,-86.86191,False,0,0,0,,,,,,,,
102477683,Crashes_2010_2019_MPO,2019-08-14,2019,36.03407,-86.78316,True,0,0,0,,,,,,,,
102477527,Crashes_2010_2019_MPO,2019-08-14,2019,36.05075,-86.87919,False,0,0,0,,,,,,,,
102477782,Crashes_2010_2019_MPO,2019-08-14,2019,36.04535,-86.71341,False,0,0,0,,,,,,,,
102478911,Crashes_2010_2019_MPO,2019-08-14,2019,36.03311,-86.78656,True,0,0,0,,,,,,,,
102477017,Crashes_2010_2019_MPO,2019-08-14,2019,35.96532,-86.70293,False,0,0,0,,,,,,,,
102477319,Crashes_2010_2019_MPO,2019-08-14,2019,36.03047,-86.74398,False,0,0,0,,,,,,,,
102478031,Crashes_2010_2019_MPO,2019-08-14,2019,35.93234,-86.87716,False,0,0,0,,,,,,,,
102477337,Crashes_2010_2019_MPO,2019-08-14,2019,36.05293,-86.7148,False,0,0,0,,,,,,,,
102477169,Crashes_2010_2019_MPO,2019-08-14,2019,36.0396,-86.73579,False,0,0,0,,,,,,,,
102477534,Crashes_2010_2019_MPO,2019-08-14,2019,35.97134,-86.83482,False,0,0,0,,,,,,,,
102477865,Crashes_2010_2019_MPO,2019-08-14,2019,35.95789,-86.80257,False,0,0,0,,,,,,,,
102477193,Crashes_2010_2019_MPO,2019-08-14,2019,36.05041,-86.82243,False,0,0,0,,,,,,,,
102476990,Crashes_2010_2019_MPO,2019-08-14,2019,35.97716,-86.77132,True,0,0,0,,,,,,,,
102477543,Crashes_2010_2019_MPO,2019-08-14,2019,35.99852,-86.75959,True,0,0,0,,,,,,,,
102477422,Crashes_2010_2019_MPO,2019-08-14,2019,35.99573,-86.78115,True,0,0,0,,,,,,,,
102478201,Crashes_2010_2019_MPO,2019-08-15,2019,36.04561,-86.71077,False,0,0,0,,,,,,,,
102478239,Crashes_2010_2019_MPO,2019-08-15,2019,36.02389,-86.72337,False,0,0,0,,,,,,,,
102478546,Crashes_2010_2019_MPO,2019-08-15,2019,36.04447,-86.6871,False,0,0,0,,,,,,,,
102478035,Crashes_2010_2019_MPO,2019-08-15,2019,36.05286,-86.77516,False,0,0,0,,,,,,,,
102478549,Crashes_2010_2019_MPO,2019-08-15,2019,35.99551,-86.77887,True,0,0,0,,,,,,,,
102478763,Crashes_2010_2019_MPO,2019-08-15,2019,36.04115,-86.77877,False,0,0,0,,,,,,,,
102478536,Crashes_2010_2019_MPO,2019-08-15,2019,35.92373,-86.79452,False,0,0,0,,,,,,,,
102478272,Crashes_2010_2019_MPO,2019-08-15,2019,36.04196,-86.7127,False,0,0,0,,,,,,,,
102478887,Crashes_2010_2019_MPO,2019-08-15,2019,35.9584,-86.80226,False,0,0,0,,,,,,,,
102478412,Crashes_2010_2019_MPO,2019-08-15,2019,35.92538,-86.86857,False,0,0,0,,,,,,,,
102477991,Crashes_2010_2019_MPO,2019-08-15,2019,35.94132,-86.83614,False,0,0,0,,,,,,,,
102478817,Crashes_2010_2019_MPO,2019-08-15,2019,35.94978,-86.81329,False,0,0,0,,,,,,,,
102478877,Crashes_2010_2019_MPO,2019-08-15,2019,35.95212,-86.81784,False,0,0,0,,,,,,,,
102478166,Crashes_2010_2019_MPO,2019-08-15,2019,35.96672,-86.81366,True,0,0,0,,,,,,,,
102478880,Crashes_2010_2019_MPO,2019-08-15,2019,35.9407,-86.83934,False,0,0,0,,,,,,,,
102478414,Crashes_2010_2019_MPO,2019-08-15,2019,36.04084,-86.77347,False,0,0,0,,,,,,,,
102478624,Crashes_2010_2019_MPO,2019-08-15,2019,36.04043,-86.76967,False,0,0,0,,,,,,,,
102478058,Crashes_2010_2019_MPO,2019-08-15,2019,36.00879,-86.69379,False,0,0,0,,,,,,,,
102478165,Crashes_2010_2019_MPO,2019-08-15,2019,35.92631,-86.86659,False,0,0,0,,,,,,,,
102479476,Crashes_2010_2019_MPO,2019-08-16,2019,35.96491,-86.79335,True,0,0,0,,,,,,,,
102479448,Crashes_2010_2019_MPO,2019-08-16,2019,35.94838,-86.80772,False,0,0,0,,,,,,,,
102479172,Crashes_2010_2019_MPO,2019-08-16,2019,36.04653,-86.68335,False,0,0,0,,,,,,,,
102480901,Crashes_2010_2019_MPO,2019-08-16,2019,35.95254,-86.81796,False,0,0,0,,,,,,,,
102479867,Crashes_2010_2019_MPO,2019-08-16,2019,36.03716,-86.78307,False,0,0,0,,,,,,,,
102479496,Crashes_2010_2019_MPO,2019-08-16,2019,36.05194,-86.71449,False,0,0,1,,,,,,,,
102479626,Crashes_2010_2019_MPO,2019-08-16,2019,35.96198,-86.81518,False,0,0,0,,,,,,,,
102481164,Crashes_2010_2019_MPO,2019-08-16,2019,35.92528,-86.82983,False,0,0,0,,,,,,,,
102480329,Crashes_2010_2019_MPO,2019-08-17,2019,35.96467,-86.81488,True,0,0,1,,,,,,,,
102482921,Crashes_2010_2019_MPO,2019-08-17,2019,35.9462,-86.80876,False,0,0,0,,,,,,,,
102480450,Crashes_2010_2019_MPO,2019-08-17,2019,35.99154,-86.68382,False,0,0,0,,,,,,,,
102480318,Crashes_2010_2019_MPO,2019-08-17,2019,35.99649,-86.68934,False,0,0,0,,,,,,,,
102480703,Crashes_2010_2019_MPO,2019-08-17,2019,36.04561,-86.71977,False,0,0,0,,,,,,,,
102480185,Crashes_2010_2019_MPO,2019-08-17,2019,35.94589,-86.84957,False,0,0,0,,,,,,,,
102480170,Crashes_2010_2019_MPO,2019-08-17,2019,35.98691,-86.81659,True,0,0,0,,,,,,,,
102482004,Crashes_2010_2019_MPO,2019-08-18,2019,35.99279,-86.79839,True,0,0,0,,,,,,,,
102481403,Crashes_2010_2019_MPO,2019-08-18,2019,36.04744,-86.69299,False,0,0,0,,,,,,,,
102488866,Crashes_2010_2019_MPO,2019-08-18,2019,35.97776,-86.80359,True,0,0,0,,,,,,,,
102481377,Crashes_2010_2019_MPO,2019-08-18,2019,36.04162,-86.74921,False,0,0,0,,,,,,,,
102483920,Crashes_2010_2019_MPO,2019-08-18,2019,35.92666,-86.86818,False,0,0,0,,,,,,,,
102482836,Crashes_2010_2019_MPO,2019-08-18,2019,35.94061,-86.83951,False,0,0,0,,,,,,,,
102481041,Crashes_2010_2019_MPO,2019-08-18,2019,35.99922,-86.80923,True,0,0,0,,,,,,,,
102483481,Crashes_2010_2019_MPO,2019-08-18,2019,35.96198,-86.81518,False,0,0,0,,,,,,,,
102503573,Crashes_2010_2019_MPO,2019-08-18,2019,35.96149,-86.81427,False,0,0,0,,,,,,,,
102480776,Crashes_2010_2019_MPO,2019-08-18,2019,36.04535,-86.71702,False,0,0,0,,,,,,,,
102482313,Crashes_2010_2019_MPO,2019-08-19,2019,36.03487,-86.80451,True,0,0,0,,,,,,,,
102482450,Crashes_2010_2019_MPO,2019-08-19,2019,35.93959,-86.82141,False,0,0,0,,,,,,,,
102481773,Crashes_2010_2019_MPO,2019-08-19,2019,36.01986,-86.78718,True,0,0,0,,,,,,,,
102482648,Crashes_2010_2019_MPO,2019-08-19,2019,36.0374,-86.78657,False,0,0,0,,,,,,,,
102481827,Crashes_2010_2019_MPO,2019-08-19,2019,36.03303,-86.77349,False,0,0,0,,,,,,,,
102482087,Crashes_2010_2019_MPO,2019-08-19,2019,35.99922,-86.80923,True,0,0,0,,,,,,,,
102482589,Crashes_2010_2019_MPO,2019-08-19,2019,35.96564,-86.81146,False,0,0,0,,,,,,,,
102482112,Crashes_2010_2019_MPO,2019-08-19,2019,36.04685,-86.67941,False,0,0,0,,,,,,,,
102481814,Crashes_2010_2019_MPO,2019-08-19,2019,36.01978,-86.74213,False,0,0,0,,,,,,,,
102481844,Crashes_2010_2019_MPO,2019-08-19,2019,35.94699,-86.81153,False,0,0,0,,,,,,,,
102482590,Crashes_2010_2019_MPO,2019-08-19,2019,35.93045,-86.82001,False,0,0,0,,,,,,,,
102481819,Crashes_2010_2019_MPO,2019-08-19,2019,36.04892,-86.86862,False,0,0,0,,,,,,,,
102481826,Crashes_2010_2019_MPO,2019-08-19,2019,36.02916,-86.74404,False,0,0,0,,,,,,,,
102482027,Crashes_2010_2019_MPO,2019-08-19,2019,36.04645,-86.68026,False,0,1,0,,,,,,,,
102482735,Crashes_2010_2019_MPO,2019-08-19,2019,36.0316,-86.78371,True,0,0,0,,,,,,,,
102482734,Crashes_2010_2019_MPO,2019-08-19,2019,35.94612,-86.8084,False,0,0,0,,,,,,,,
102482026,Crashes_2010_2019_MPO,2019-08-19,2019,35.93292,-86.81185,False,0,0,0,,,,,,,,