record_no,source_layer,collision_ts,crash_year,latitude,longitude,in_city,fatalities,non_motorists,truck_involved,serious_injuries,pedestrian,bicycle,crash_type,manner_of_collision,lighting,weather,first_harmful_event
102482324,Crashes_2010_2019_MPO,2019-08-19,2019,36.01766,-86.70022,False,0,0,0,,,,,,,,
102482000,Crashes_2010_2019_MPO,2019-08-19,2019,36.03761,-86.78512,False,0,0,0,,,,,,,,
102483138,Crashes_2010_2019_MPO,2019-08-20,2019,35.93597,-86.8268,False,0,0,0,,,,,,,,
102483381,Crashes_2010_2019_MPO,2019-08-20,2019,35.927,-86.86947,False,0,0,0,,,,,,,,
102483514,Crashes_2010_2019_MPO,2019-08-20,2019,36.03922,-86.7822,False,0,0,0,,,,,,,,
102483345,Crashes_2010_2019_MPO,2019-08-20,2019,35.99742,-86.79551,True,0,0,0,,,,,,,,
102483219,Crashes_2010_2019_MPO,2019-08-20,2019,36.03528,-86.78303,False,0,0,0,,,,,,,,
102482778,Crashes_2010_2019_MPO,2019-08-20,2019,35.93364,-86.86162,False,0,0,0,,,,,,,,
102483361,Crashes_2010_2019_MPO,2019-08-20,2019,36.01939,-86.82076,True,0,0,0,,,,,,,,
102482916,Crashes_2010_2019_MPO,2019-08-20,2019,36.03651,-86.80087,True,0,0,0,,,,,,,,
102483375,Crashes_2010_2019_MPO,2019-08-20,2019,35.95064,-86.81876,False,0,0,0,,,,,,,,
102483276,Crashes_2010_2019_MPO,2019-08-20,2019,36.027312,-86.792014,True,0,0,0,,,,,,,,
102482817,Crashes_2010_2019_MPO,2019-08-20,2019,35.94687,-86.85168,False,0,0,0,,,,,,,,
102483240,Crashes_2010_2019_MPO,2019-08-20,2019,35.97878,-86.75282,True,0,0,0,,,,,,,,
102483415,Crashes_2010_2019_MPO,2019-08-20,2019,35.9371,-86.85905,False,0,0,0,,,,,,,,
102482830,Crashes_2010_2019_MPO,2019-08-20,2019,36.04575,-86.86404,False,0,0,0,,,,,,,,
102484397,Crashes_2010_2019_MPO,2019-08-21,2019,36.01939,-86.78705,True,0,0,0,,,,,,,,
102484277,Crashes_2010_2019_MPO,2019-08-21,2019,35.9757,-86.85853,False,0,0,0,,,,,,,,
102484792,Crashes_2010_2019_MPO,2019-08-21,2019,35.97281,-86.77526,True,0,0,0,,,,,,,,
102484398,Crashes_2010_2019_MPO,2019-08-21,2019,36.03291,-86.7724,False,0,0,0,,,,,,,,
102484396,Crashes_2010_2019_MPO,2019-08-21,2019,36.0417,-86.74862,False,0,0,0,,,,,,,,
102484400,Crashes_2010_2019_MPO,2019-08-21,2019,36.04263,-86.71295,False,0,0,0,,,,,,,,
102484113,Crashes_2010_2019_MPO,2019-08-21,2019,36.03972,-86.76298,False,0,0,0,,,,,,,,
102484465,Crashes_2010_2019_MPO,2019-08-21,2019,35.99835,-86.80316,True,0,0,0,,,,,,,,
102484003,Crashes_2010_2019_MPO,2019-08-21,2019,36.03551,-86.78748,True,0,0,0,,,,,,,,
102484249,Crashes_2010_2019_MPO,2019-08-21,2019,36.03771,-86.78482,False,0,0,0,,,,,,,,
102484187,Crashes_2010_2019_MPO,2019-08-21,2019,36.03336,-86.78872,True,0,0,0,,,,,,,,
102484440,Crashes_2010_2019_MPO,2019-08-21,2019,36.04046,-86.76993,False,0,0,0,,,,,,,,
102484297,Crashes_2010_2019_MPO,2019-08-21,2019,35.95102,-86.80784,False,0,0,0,,,,,,,,
102484330,Crashes_2010_2019_MPO,2019-08-21,2019,35.93465,-86.86087,False,0,0,0,,,,,,,,
102484251,Crashes_2010_2019_MPO,2019-08-21,2019,36.04534,-86.70227,False,0,0,0,,,,,,,,
102484229,Crashes_2010_2019_MPO,2019-08-21,2019,36.04566,-86.70701,False,0,0,0,,,,,,,,
102484911,Crashes_2010_2019_MPO,2019-08-22,2019,36.0456,-86.7108,False,0,0,0,,,,,,,,
102484944,Crashes_2010_2019_MPO,2019-08-22,2019,36.04103,-86.74627,False,0,0,0,,,,,,,,
102485443,Crashes_2010_2019_MPO,2019-08-22,2019,35.95298,-86.84679,False,0,0,1,,,,,,,,
102485354,Crashes_2010_2019_MPO,2019-08-22,2019,35.95524,-86.84497,False,0,0,0,,,,,,,,
102484751,Crashes_2010_2019_MPO,2019-08-22,2019,35.95806,-86.76773,True,0,0,0,,,,,,,,
102486574,Crashes_2010_2019_MPO,2019-08-22,2019,35.92641,-86.82453,False,0,0,0,,,,,,,,
102485444,Crashes_2010_2019_MPO,2019-08-22,2019,35.95108,-86.84831,False,0,0,0,,,,,,,,
102484856,Crashes_2010_2019_MPO,2019-08-22,2019,35.96488,-86.7931,True,0,0,0,,,,,,,,
102485628,Crashes_2010_2019_MPO,2019-08-22,2019,36.01639,-86.78595,True,0,0,0,,,,,,,,
102484932,Crashes_2010_2019_MPO,2019-08-22,2019,36.04768,-86.71354,False,0,0,0,,,,,,,,
102485276,Crashes_2010_2019_MPO,2019-08-22,2019,36.03821,-86.8009,False,0,0,0,,,,,,,,
102486000,Crashes_2010_2019_MPO,2019-08-23,2019,36.04376,-86.75287,False,0,0,0,,,,,,,,
102486558,Crashes_2010_2019_MPO,2019-08-23,2019,35.92584,-86.86759,False,0,0,0,,,,,,,,
102486769,Crashes_2010_2019_MPO,2019-08-23,2019,36.04149,-86.71098,False,0,0,0,,,,,,,,
102485926,Crashes_2010_2019_MPO,2019-08-23,2019,36.03738,-86.78676,False,0,0,0,,,,,,,,
102488457,Crashes_2010_2019_MPO,2019-08-23,2019,35.94778,-86.81994,False,0,0,0,,,,,,,,
102486540,Crashes_2010_2019_MPO,2019-08-23,2019,35.94782,-86.81975,False,0,0,0,,,,,,,,
102485831,Crashes_2010_2019_MPO,2019-08-23,2019,35.98394,-86.72236,True,0,0,0,,,,,,,,
102487409,Crashes_2010_2019_MPO,2019-08-23,2019,35.96705,-86.81355,True,0,0,0,,,,,,,,
102487696,Crashes_2010_2019_MPO,2019-08-24,2019,36.04519,-86.7157,False,0,0,0,,,,,,,,
102487391,Crashes_2010_2019_MPO,2019-08-24,2019,35.97758,-86.77563,True,0,0,0,,,,,,,,
102492122,Crashes_2010_2019_MPO,2019-08-24,2019,35.95783,-86.81244,False,0,0,0,,,,,,,,
102487228,Crashes_2010_2019_MPO,2019-08-24,2019,36.03757,-86.78529,False,0,0,0,,,,,,,,
102487383,Crashes_2010_2019_MPO,2019-08-24,2019,36.02871,-86.78341,True,0,0,0,,,,,,,,
102487836,Crashes_2010_2019_MPO,2019-08-24,2019,35.96669,-86.81113,True,0,0,0,,,,,,,,
102487767,Crashes_2010_2019_MPO,2019-08-24,2019,36.03763,-86.76854,False,0,0,0,,,,,,,,
102487890,Crashes_2010_2019_MPO,2019-08-24,2019,36.04245,-86.71294,False,0,0,0,,,,,,,,
102487910,Crashes_2010_2019_MPO,2019-08-24,2019,35.93633,-86.85484,False,0,0,0,,,,,,,,
102488034,Crashes_2010_2019_MPO,2019-08-25,2019,35.92372,-86.76683,False,0,0,0,,,,,,,,
102489825,Crashes_2010_2019_MPO,2019-08-25,2019,35.93562,-86.82387,False,0,0,0,,,,,,,,
102488601,Crashes_2010_2019_MPO,2019-08-25,2019,35.96424,-86.78398,True,0,0,0,,,,,,,,
102488653,Crashes_2010_2019_MPO,2019-08-25,2019,36.04003,-86.74386,False,0,0,0,,,,,,,,
102488399,Crashes_2010_2019_MPO,2019-08-25,2019,35.93453,-86.8196,False,0,0,0,,,,,,,,
102488151,Crashes_2010_2019_MPO,2019-08-25,2019,36.04032,-86.78089,False,0,0,0,,,,,,,,
102488779,Crashes_2010_2019_MPO,2019-08-25,2019,35.96162,-86.73823,True,0,0,0,,,,,,,,
102488356,Crashes_2010_2019_MPO,2019-08-25,2019,36.04245,-86.71294,False,0,0,0,,,,,,,,
102488460,Crashes_2010_2019_MPO,2019-08-25,2019,36.04525,-86.71441,False,0,0,0,,,,,,,,
102488527,Crashes_2010_2019_MPO,2019-08-25,2019,36.05486,-86.72909,False,0,0,0,,,,,,,,
102488609,Crashes_2010_2019_MPO,2019-08-25,2019,35.93371,-86.77945,False,0,0,0,,,,,,,,
102488684,Crashes_2010_2019_MPO,2019-08-25,2019,36.04248,-86.71284,False,0,1,0,,,,,,,,
102489656,Crashes_2010_2019_MPO,2019-08-26,2019,35.94681,-86.85203,False,0,0,0,,,,,,,,
102489216,Crashes_2010_2019_MPO,2019-08-26,2019,35.93495,-86.77685,False,0,0,0,,,,,,,,
102489889,Crashes_2010_2019_MPO,2019-08-26,2019,35.98626,-86.69697,True,0,0,0,,,,,,,,
102489410,Crashes_2010_2019_MPO,2019-08-26,2019,35.9266,-86.76722,False,0,0,0,,,,,,,,
102489218,Crashes_2010_2019_MPO,2019-08-26,2019,35.93505,-86.77603,False,0,0,0,,,,,,,,
102489388,Crashes_2010_2019_MPO,2019-08-26,2019,36.04519,-86.71589,False,0,0,0,,,,,,,,
102488966,Crashes_2010_2019_MPO,2019-08-26,2019,35.95584,-86.81117,False,0,0,0,,,,,,,,
102489217,Crashes_2010_2019_MPO,2019-08-26,2019,35.93517,-86.77582,False,0,0,0,,,,,,,,
102490452,Crashes_2010_2019_MPO,2019-08-26,2019,35.95782,-86.81265,False,0,0,0,,,,,,,,
102489397,Crashes_2010_2019_MPO,2019-08-26,2019,35.95521,-86.82562,False,0,0,0,,,,,,,,
102489022,Crashes_2010_2019_MPO,2019-08-26,2019,35.93517,-86.77583,False,0,0,0,,,,,,,,
102489068,Crashes_2010_2019_MPO,2019-08-26,2019,36.03786,-86.78272,False,0,0,0,,,,,,,,
102489117,Crashes_2010_2019_MPO,2019-08-26,2019,36.03899,-86.78258,False,0,0,0,,,,,,,,
102489010,Crashes_2010_2019_MPO,2019-08-26,2019,36.0154,-86.73873,False,0,0,0,,,,,,,,
102489348,Crashes_2010_2019_MPO,2019-08-26,2019,35.92609,-86.82436,False,0,0,0,,,,,,,,
102488924,Crashes_2010_2019_MPO,2019-08-26,2019,35.99698,-86.79272,True,0,0,0,,,,,,,,
102489215,Crashes_2010_2019_MPO,2019-08-26,2019,35.95599,-86.83268,False,0,0,0,,,,,,,,
102490216,Crashes_2010_2019_MPO,2019-08-27,2019,36.0301,-86.8671,False,0,0,0,,,,,,,,
102490402,Crashes_2010_2019_MPO,2019-08-27,2019,35.94521,-86.85299,False,0,0,0,,,,,,,,
102490331,Crashes_2010_2019_MPO,2019-08-27,2019,36.03328,-86.78418,True,0,0,0,,,,,,,,
102489904,Crashes_2010_2019_MPO,2019-08-27,2019,35.99079,-86.68312,False,0,0,0,,,,,,,,
102489824,Crashes_2010_2019_MPO,2019-08-27,2019,35.94096,-86.81635,False,0,0,0,,,,,,,,
102489800,Crashes_2010_2019_MPO,2019-08-27,2019,36.03747,-86.79098,False,0,0,0,,,,,,,,
102490386,Crashes_2010_2019_MPO,2019-08-27,2019,35.99997,-86.69404,False,0,0,0,,,,,,,,
102489949,Crashes_2010_2019_MPO,2019-08-27,2019,35.97537,-86.83081,True,0,0,0,,,,,,,,
102490330,Crashes_2010_2019_MPO,2019-08-27,2019,36.00276,-86.80738,True,0,0,0,,,,,,,,
102490326,Crashes_2010_2019_MPO,2019-08-27,2019,35.96696,-86.81298,True,0,0,0,,,,,,,,
102490025,Crashes_2010_2019_MPO,2019-08-27,2019,35.92304,-86.81684,False,0,0,0,,,,,,,,
102489712,Crashes_2010_2019_MPO,2019-08-27,2019,36.03876,-86.73335,False,0,0,0,,,,,,,,
102491168,Crashes_2010_2019_MPO,2019-08-28,2019,35.94919,-86.81948,False,0,0,0,,,,,,,,
102491020,Crashes_2010_2019_MPO,2019-08-28,2019,36.0154,-86.73873,False,0,0,0,,,,,,,,
102491081,Crashes_2010_2019_MPO,2019-08-28,2019,35.96773,-86.81026,True,0,0,0,,,,,,,,
102491217,Crashes_2010_2019_MPO,2019-08-28,2019,35.93191,-86.79441,False,0,0,0,,,,,,,,
102491477,Crashes_2010_2019_MPO,2019-08-28,2019,36.04139,-86.77983,False,0,0,0,,,,,,,,
102498037,Crashes_2010_2019_MPO,2019-08-28,2019,35.96225,-86.80922,False,0,0,1,,,,,,,,
102491167,Crashes_2010_2019_MPO,2019-08-28,2019,35.94429,-86.8152,False,0,0,0,,,,,,,,
102491735,Crashes_2010_2019_MPO,2019-08-28,2019,36.03336,-86.78872,True,0,0,0,,,,,,,,
102490742,Crashes_2010_2019_MPO,2019-08-28,2019,36.02844,-86.79142,True,0,0,0,,,,,,,,
102491334,Crashes_2010_2019_MPO,2019-08-28,2019,36.02319,-86.78651,True,0,0,0,,,,,,,,
102490767,Crashes_2010_2019_MPO,2019-08-28,2019,35.92302,-86.8166,False,0,0,0,,,,,,,,
102492376,Crashes_2010_2019_MPO,2019-08-29,2019,35.9234,-86.767,False,0,0,0,,,,,,,,
102491713,Crashes_2010_2019_MPO,2019-08-29,2019,35.98439,-86.72434,True,0,0,0,,,,,,,,
102491719,Crashes_2010_2019_MPO,2019-08-29,2019,36.04039,-86.752,False,0,0,0,,,,,,,,
102492012,Crashes_2010_2019_MPO,2019-08-29,2019,35.94634,-86.80938,False,0,0,0,,,,,,,,
102492437,Crashes_2010_2019_MPO,2019-08-29,2019,36.02547,-86.71305,False,0,0,0,,,,,,,,
102493403,Crashes_2010_2019_MPO,2019-08-29,2019,36.05026,-86.76959,False,0,0,0,,,,,,,,
102493007,Crashes_2010_2019_MPO,2019-08-29,2019,35.93754,-86.76809,False,0,0,0,,,,,,,,
102498263,Crashes_2010_2019_MPO,2019-08-29,2019,36.03969,-86.76105,False,0,0,1,,,,,,,,
102493448,Crashes_2010_2019_MPO,2019-08-29,2019,36.04061,-86.77127,False,0,0,0,,,,,,,,
102491800,Crashes_2010_2019_MPO,2019-08-29,2019,36.04543,-86.70361,False,0,0,0,,,,,,,,
102491905,Crashes_2010_2019_MPO,2019-08-29,2019,36.03961,-86.78164,False,0,0,0,,,,,,,,
102491987,Crashes_2010_2019_MPO,2019-08-29,2019,35.96028,-86.80183,False,0,0,0,,,,,,,,
102493628,Crashes_2010_2019_MPO,2019-08-30,2019,35.946,-86.8208,False,0,0,0,,,,,,,,
102497587,Crashes_2010_2019_MPO,2019-08-30,2019,35.99518,-86.77545,True,0,0,0,,,,,,,,
102493085,Crashes_2010_2019_MPO,2019-08-30,2019,36.03335,-86.77792,True,0,0,0,,,,,,,,
102493605,Crashes_2010_2019_MPO,2019-08-30,2019,36.04521,-86.71639,False,0,0,0,,,,,,,,
102493705,Crashes_2010_2019_MPO,2019-08-30,2019,35.99922,-86.80923,True,0,0,0,,,,,,,,
102493817,Crashes_2010_2019_MPO,2019-08-30,2019,36.03747,-86.79098,False,0,0,0,,,,,,,,
102493629,Crashes_2010_2019_MPO,2019-08-30,2019,35.93123,-86.824,False,0,0,0,,,,,,,,
102493018,Crashes_2010_2019_MPO,2019-08-30,2019,36.0423,-86.71272,False,0,0,0,,,,,,,,
102492797,Crashes_2010_2019_MPO,2019-08-30,2019,36.0454,-86.68545,False,0,0,0,,,,,,,,
102493592,Crashes_2010_2019_MPO,2019-08-30,2019,35.96087,-86.80944,False,0,0,0,,,,,,,,
102493001,Crashes_2010_2019_MPO,2019-08-30,2019,36.01547,-86.70545,False,0,0,0,,,,,,,,
102493455,Crashes_2010_2019_MPO,2019-08-30,2019,36.04569,-86.70643,False,0,0,0,,,,,,,,
102493499,Crashes_2010_2019_MPO,2019-08-30,2019,36.04519,-86.7158,False,0,0,0,,,,,,,,
102493013,Crashes_2010_2019_MPO,2019-08-30,2019,35.9521,-86.81774,False,0,0,0,,,,,,,,
102495258,Crashes_2010_2019_MPO,2019-08-31,2019,36.02465,-86.71296,False,0,0,0,,,,,,,,
102494914,Crashes_2010_2019_MPO,2019-08-31,2019,36.04028,-86.76837,False,0,0,0,,,,,,,,
102494233,Crashes_2010_2019_MPO,2019-08-31,2019,36.01224,-86.80127,True,0,0,0,,,,,,,,
102494776,Crashes_2010_2019_MPO,2019-08-31,2019,36.04085,-86.77948,False,0,0,0,,,,,,,,
102494075,Crashes_2010_2019_MPO,2019-08-31,2019,36.0374,-86.78657,False,0,0,0,,,,,,,,
102494791,Crashes_2010_2019_MPO,2019-08-31,2019,36.04537,-86.71326,False,0,0,0,,,,,,,,
102494970,Crashes_2010_2019_MPO,2019-08-31,2019,36.04342,-86.6924,False,0,0,0,,,,,,,,
102494390,Crashes_2010_2019_MPO,2019-08-31,2019,35.94045,-86.83937,False,0,0,0,,,,,,,,
102494548,Crashes_2010_2019_MPO,2019-08-31,2019,35.99758,-86.69087,False,0,0,0,,,,,,,,
102494366,Crashes_2010_2019_MPO,2019-08-31,2019,36.01029,-86.70214,False,0,0,0,,,,,,,,
102494911,Crashes_2010_2019_MPO,2019-08-31,2019,35.96202,-86.81533,False,0,0,0,,,,,,,,
102495048,Crashes_2010_2019_MPO,2019-09-01,2019,35.96194,-86.70982,True,0,0,0,,,,,,,,
102496726,Crashes_2010_2019_MPO,2019-09-01,2019,36.04005,-86.74404,False,0,0,0,,,,,,,,
102495088,Crashes_2010_2019_MPO,2019-09-01,2019,36.02448,-86.69991,False,0,0,0,,,,,,,,
102496084,Crashes_2010_2019_MPO,2019-09-01,2019,36.00318,-86.74259,True,0,0,0,,,,,,,,
102495087,Crashes_2010_2019_MPO,2019-09-01,2019,36.02614,-86.78508,True,0,0,0,,,,,,,,
102495244,Crashes_2010_2019_MPO,2019-09-01,2019,36.04995,-86.69229,False,0,0,0,,,,,,,,
102496662,Crashes_2010_2019_MPO,2019-09-01,2019,36.04534,-86.71352,False,0,0,0,,,,,,,,
102497124,Crashes_2010_2019_MPO,2019-09-02,2019,36.05151,-86.71436,False,0,0,0,,,,,,,,
102496610,Crashes_2010_2019_MPO,2019-09-02,2019,35.99125,-86.67863,False,0,0,0,,,,,,,,
102496456,Crashes_2010_2019_MPO,2019-09-02,2019,35.94005,-86.85697,False,0,0,0,,,,,,,,
102496775,Crashes_2010_2019_MPO,2019-09-02,2019,35.92958,-86.84267,False,0,0,0,,,,,,,,
102499459,Crashes_2010_2019_MPO,2019-09-02,2019,35.99922,-86.80923,True,0,0,0,,,,,,,,
102496544,Crashes_2010_2019_MPO,2019-09-02,2019,36.04553,-86.71156,False,0,0,0,,,,,,,,
102497008,Crashes_2010_2019_MPO,2019-09-02,2019,36.0409,-86.77938,False,0,0,0,,,,,,,,
102506498,Crashes_2010_2019_MPO,2019-09-03,2019,36.03066,-86.78358,True,0,0,0,,,,,,,,
102498005,Crashes_2010_2019_MPO,2019-09-03,2019,36.03274,-86.77072,False,0,0,0,,,,,,,,
102497836,Crashes_2010_2019_MPO,2019-09-03,2019,35.94724,-86.85139,False,0,0,0,,,,,,,,
102498192,Crashes_2010_2019_MPO,2019-09-03,2019,36.05,-86.69581,False,0,0,0,,,,,,,,
102497325,Crashes_2010_2019_MPO,2019-09-03,2019,35.997464,-86.794601,True,0,0,0,,,,,,,,
102498033,Crashes_2010_2019_MPO,2019-09-03,2019,36.01979,-86.74209,False,0,0,0,,,,,,,,
102498006,Crashes_2010_2019_MPO,2019-09-03,2019,36.04595,-86.68448,False,0,0,0,,,,,,,,
102497959,Crashes_2010_2019_MPO,2019-09-03,2019,35.99583,-86.78225,True,0,0,0,,,,,,,,
102497159,Crashes_2010_2019_MPO,2019-09-03,2019,35.9568,-86.81083,False,0,0,0,,,,,,,,
102504913,Crashes_2010_2019_MPO,2019-09-03,2019,36.00417,-86.79083,True,0,0,0,,,,,,,,
102498924,Crashes_2010_2019_MPO,2019-09-03,2019,36.00183,-86.84013,True,0,0,0,,,,,,,,
102497335,Crashes_2010_2019_MPO,2019-09-03,2019,35.96463,-86.79039,True,0,0,0,,,,,,,,
102498075,Crashes_2010_2019_MPO,2019-09-03,2019,36.0409,-86.77938,False,0,0,0,,,,,,,,
102499106,Crashes_2010_2019_MPO,2019-09-03,2019,36.04676,-86.70189,False,0,0,0,,,,,,,,
102499306,Crashes_2010_2019_MPO,2019-09-04,2019,36.04818,-86.68654,False,0,0,0,,,,,,,,
102498722,Crashes_2010_2019_MPO,2019-09-04,2019,35.93374,-86.81767,False,0,0,0,,,,,,,,
102504914,Crashes_2010_2019_MPO,2019-09-04,2019,35.99156,-86.79881,True,0,0,0,,,,,,,,
102498723,Crashes_2010_2019_MPO,2019-09-04,2019,35.94017,-86.82131,False,0,0,0,,,,,,,,
102498991,Crashes_2010_2019_MPO,2019-09-04,2019,35.978,-86.77681,True,0,0,0,,,,,,,,
102498721,Crashes_2010_2019_MPO,2019-09-04,2019,35.9471,-86.81963,False,0,0,0,,,,,,,,
102498740,Crashes_2010_2019_MPO,2019-09-04,2019,36.00902,-86.78589,True,0,0,0,,,,,,,,
102498925,Crashes_2010_2019_MPO,2019-09-04,2019,35.97822,-86.80366,True,0,0,0,,,,,,,,
102498418,Crashes_2010_2019_MPO,2019-09-04,2019,36.05294,-86.69696,False,0,0,0,,,,,,,,
102499123,Crashes_2010_2019_MPO,2019-09-04,2019,36.03765,-86.78497,False,0,0,0,,,,,,,,
102499087,Crashes_2010_2019_MPO,2019-09-04,2019,35.99256,-86.69647,True,0,0,0,,,,,,,,
102498291,Crashes_2010_2019_MPO,2019-09-04,2019,35.96219,-86.80168,True,0,0,0,,,,,,,,
102499943,Crashes_2010_2019_MPO,2019-09-05,2019,35.98118,-86.84621,False,0,0,0,,,,,,,,
102500057,Crashes_2010_2019_MPO,2019-09-05,2019,35.97878,-86.75282,True,0,0,0,,,,,,,,
102501064,Crashes_2010_2019_MPO,2019-09-05,2019,35.94005,-86.83114,False,0,0,0,,,,,,,,
102499489,Crashes_2010_2019_MPO,2019-09-05,2019,36.03938,-86.78195,False,0,0,0,,,,,,,,
102499633,Crashes_2010_2019_MPO,2019-09-05,2019,35.93481,-86.81917,False,0,0,0,,,,,,,,
102500236,Crashes_2010_2019_MPO,2019-09-05,2019,35.95919,-86.82037,False,0,0,0,,,,,,,,
102499634,Crashes_2010_2019_MPO,2019-09-05,2019,35.94699,-86.81153,False,0,0,0,,,,,,,,
102500060,Crashes_2010_2019_MPO,2019-09-05,2019,36.01982,-86.79631,True,0,0,0,,,,,,,,
102526278,Crashes_2010_2019_MPO,2019-09-05,2019,36.03175,-86.78961,True,0,0,0,,,,,,,,
102500116,Crashes_2010_2019_MPO,2019-09-05,2019,35.94593,-86.80688,False,0,0,0,,,,,,,,
102500399,Crashes_2010_2019_MPO,2019-09-05,2019,35.94133,-86.83805,False,0,0,0,,,,,,,,
102500235,Crashes_2010_2019_MPO,2019-09-05,2019,35.95468,-86.81157,False,0,0,0,,,,,,,,
102500118,Crashes_2010_2019_MPO,2019-09-05,2019,36.0453,-86.70168,False,0,0,0,,,,,,,,
102500400,Crashes_2010_2019_MPO,2019-09-05,2019,35.92569,-86.87224,False,0,0,0,,,,,,,,
102499948,Crashes_2010_2019_MPO,2019-09-05,2019,35.93954,-86.68112,False,0,0,0,,,,,,,,
102500614,Crashes_2010_2019_MPO,2019-09-06,2019,35.94195,-86.7675,True,0,0,0,,,,,,,,
102504581,Crashes_2010_2019_MPO,2019-09-06,2019,35.95932,-86.8187,True,0,0,0,,,,,,,,
102500999,Crashes_2010_2019_MPO,2019-09-06,2019,35.96473,-86.81506,True,0,0,0,,,,,,,,
102501697,Crashes_2010_2019_MPO,2019-09-06,2019,36.01538,-86.70566,False,0,0,0,,,,,,,,
102500656,Crashes_2010_2019_MPO,2019-09-06,2019,36.0299,-86.78368,True,0,0,0,,,,,,,,
102501688,Crashes_2010_2019_MPO,2019-09-06,2019,36.04926,-86.70483,False,0,0,0,,,,,,,,
102501320,Crashes_2010_2019_MPO,2019-09-06,2019,36.03841,-86.713,False,0,0,0,,,,,,,,
102501319,Crashes_2010_2019_MPO,2019-09-06,2019,36.04096,-86.77924,False,0,0,0,,,,,,,,
102501334,Crashes_2010_2019_MPO,2019-09-06,2019,35.96133,-86.81226,False,0,0,0,,,,,,,,
102501366,Crashes_2010_2019_MPO,2019-09-06,2019,35.96372,-86.81053,False,0,0,0,,,,,,,,
102501266,Crashes_2010_2019_MPO,2019-09-06,2019,36.04544,-86.71248,False,0,0,0,,,,,,,,
102503673,Crashes_2010_2019_MPO,2019-09-06,2019,35.94843,-86.68406,False,0,0,0,,,,,,,,
102501116,Crashes_2010_2019_MPO,2019-09-06,2019,36.04155,-86.7473,False,0,0,0,,,,,,,,
102501214,Crashes_2010_2019_MPO,2019-09-06,2019,35.92641,-86.82447,False,0,0,0,,,,,,,,
102501315,Crashes_2010_2019_MPO,2019-09-06,2019,35.92316,-86.81661,False,0,0,0,,,,,,,,
102502699,Crashes_2010_2019_MPO,2019-09-07,2019,36.05366,-86.71502,False,0,0,0,,,,,,,,
102502044,Crashes_2010_2019_MPO,2019-09-07,2019,36.03976,-86.75441,False,0,0,0,,,,,,,,
102502404,Crashes_2010_2019_MPO,2019-09-07,2019,35.98422,-86.72436,True,0,0,0,,,,,,,,
102502017,Crashes_2010_2019_MPO,2019-09-07,2019,35.99759,-86.79684,True,0,0,0,,,,,,,,
102502096,Crashes_2010_2019_MPO,2019-09-07,2019,36.04813,-86.71359,False,0,0,0,,,,,,,,
102502035,Crashes_2010_2019_MPO,2019-09-07,2019,35.99126,-86.682,False,0,0,0,,,,,,,,
102502247,Crashes_2010_2019_MPO,2019-09-07,2019,35.92555,-86.81658,False,0,0,0,,,,,,,,
102503250,Crashes_2010_2019_MPO,2019-09-07,2019,35.95078,-86.80647,False,0,0,0,,,,,,,,
102502324,Crashes_2010_2019_MPO,2019-09-07,2019,36.04529,-86.72375,False,0,0,0,,,,,,,,
102502790,Crashes_2010_2019_MPO,2019-09-07,2019,35.96553,-86.80065,True,0,0,0,,,,,,,,
102502753,Crashes_2010_2019_MPO,2019-09-07,2019,36.0488,-86.71367,False,0,0,0,,,,,,,,
102502846,Crashes_2010_2019_MPO,2019-09-08,2019,36.04519,-86.71324,False,0,0,0,,,,,,,,
102503117,Crashes_2010_2019_MPO,2019-09-08,2019,35.95739,-86.81618,False,0,0,0,,,,,,,,
102502920,Crashes_2010_2019_MPO,2019-09-08,2019,35.93682,-86.77311,False,0,0,0,,,,,,,,
102503441,Crashes_2010_2019_MPO,2019-09-08,2019,35.96193,-86.81489,False,0,0,0,,,,,,,,
102504314,Crashes_2010_2019_MPO,2019-09-08,2019,35.93549,-86.82393,False,0,0,0,,,,,,,,
102503532,Crashes_2010_2019_MPO,2019-09-08,2019,36.05315,-86.69003,False,0,0,0,,,,,,,,
102503736,Crashes_2010_2019_MPO,2019-09-08,2019,35.97334,-86.83305,True,0,0,0,,,,,,,,
102503717,Crashes_2010_2019_MPO,2019-09-08,2019,36.04518,-86.82116,False,0,0,0,,,,,,,,
102503110,Crashes_2010_2019_MPO,2019-09-08,2019,36.05268,-86.71472,False,0,0,0,,,,,,,,
102502825,Crashes_2010_2019_MPO,2019-09-08,2019,36.04518,-86.69994,False,0,0,0,,,,,,,,
102503408,Crashes_2010_2019_MPO,2019-09-08,2019,36.02877,-86.73382,False,0,0,0,,,,,,,,
102502741,Crashes_2010_2019_MPO,2019-09-08,2019,35.94722,-86.8552,False,0,0,0,,,,,,,,
102503508,Crashes_2010_2019_MPO,2019-09-08,2019,35.93215,-86.79441,False,0,0,0,,,,,,,,
102503820,Crashes_2010_2019_MPO,2019-09-09,2019,35.93219,-86.79405,False,0,0,0,,,,,,,,
102503745,Crashes_2010_2019_MPO,2019-09-09,2019,36.0536,-86.715,False,0,0,0,,,,,,,,
102510481,Crashes_2010_2019_MPO,2019-09-09,2019,35.95198,-86.81788,False,0,0,0,,,,,,,,
102505260,Crashes_2010_2019_MPO,2019-09-09,2019,35.96717,-86.67697,False,0,0,0,,,,,,,,
102503844,Crashes_2010_2019_MPO,2019-09-09,2019,36.03734,-86.78715,False,0,0,0,,,,,,,,
102503650,Crashes_2010_2019_MPO,2019-09-09,2019,36.04334,-86.69223,False,0,0,0,,,,,,,,
102507147,Crashes_2010_2019_MPO,2019-09-09,2019,36.033846,-86.780033,True,0,0,0,,,,,,,,
102504076,Crashes_2010_2019_MPO,2019-09-09,2019,35.93925,-86.87935,False,0,0,0,,,,,,,,
102504243,Crashes_2010_2019_MPO,2019-09-09,2019,35.97288,-86.82956,True,0,0,0,,,,,,,,
102504250,Crashes_2010_2019_MPO,2019-09-09,2019,35.96705,-86.81355,True,0,0,0,,,,,,,,