record_no,source_layer,collision_ts,crash_year,latitude,longitude,in_city,fatalities,non_motorists,truck_involved,serious_injuries,pedestrian,bicycle,crash_type,manner_of_collision,lighting,weather,first_harmful_event
102503885,Crashes_2010_2019_MPO,2019-09-09,2019,35.96278,-86.737,True,0,0,0,,,,,,,,
102504260,Crashes_2010_2019_MPO,2019-09-09,2019,35.97301,-86.83002,True,0,0,0,,,,,,,,
102505211,Crashes_2010_2019_MPO,2019-09-09,2019,35.98547,-86.81764,True,0,0,0,,,,,,,,
102504479,Crashes_2010_2019_MPO,2019-09-09,2019,36.04309,-86.69143,False,0,0,0,,,,,,,,
102504606,Crashes_2010_2019_MPO,2019-09-09,2019,35.94699,-86.85309,False,0,0,0,,,,,,,,
102504828,Crashes_2010_2019_MPO,2019-09-09,2019,35.94686,-86.81431,False,0,0,0,,,,,,,,
102504827,Crashes_2010_2019_MPO,2019-09-09,2019,35.94268,-86.81576,False,0,0,0,,,,,,,,
102507000,Crashes_2010_2019_MPO,2019-09-09,2019,35.99444,-86.79781,True,0,0,0,,,,,,,,
102504263,Crashes_2010_2019_MPO,2019-09-09,2019,36.0374,-86.78657,False,0,0,0,,,,,,,,
102505219,Crashes_2010_2019_MPO,2019-09-10,2019,35.946,-86.80884,False,0,0,0,,,,,,,,
102504700,Crashes_2010_2019_MPO,2019-09-10,2019,35.97329,-86.80513,True,0,0,0,,,,,,,,
102505220,Crashes_2010_2019_MPO,2019-09-10,2019,35.95392,-86.81471,False,0,0,0,,,,,,,,
102504612,Crashes_2010_2019_MPO,2019-09-10,2019,35.99249,-86.68468,False,0,0,0,,,,,,,,
102505900,Crashes_2010_2019_MPO,2019-09-10,2019,35.94429,-86.81993,False,0,0,0,,,,,,,,
102504747,Crashes_2010_2019_MPO,2019-09-10,2019,35.92744,-86.82106,False,0,0,0,,,,,,,,
102505857,Crashes_2010_2019_MPO,2019-09-10,2019,35.92926,-86.83968,False,0,0,0,,,,,,,,
102505252,Crashes_2010_2019_MPO,2019-09-10,2019,36.0522,-86.74309,False,0,0,0,,,,,,,,
102504743,Crashes_2010_2019_MPO,2019-09-10,2019,36.04024,-86.75235,False,0,0,0,,,,,,,,
102504915,Crashes_2010_2019_MPO,2019-09-10,2019,36.03066,-86.78358,True,0,0,0,,,,,,,,
102505364,Crashes_2010_2019_MPO,2019-09-10,2019,36.04522,-86.68578,False,0,0,0,,,,,,,,
102505165,Crashes_2010_2019_MPO,2019-09-10,2019,35.96731,-86.81492,True,0,0,0,,,,,,,,
102504947,Crashes_2010_2019_MPO,2019-09-10,2019,35.96534,-86.83861,False,0,0,0,,,,,,,,
102506704,Crashes_2010_2019_MPO,2019-09-10,2019,35.99511,-86.77453,True,0,0,0,,,,,,,,
102504946,Crashes_2010_2019_MPO,2019-09-10,2019,35.99788,-86.79658,True,0,0,0,,,,,,,,
102505847,Crashes_2010_2019_MPO,2019-09-10,2019,35.92317,-86.81685,False,0,0,0,,,,,,,,
102505042,Crashes_2010_2019_MPO,2019-09-10,2019,36.0494,-86.73306,False,0,0,0,,,,,,,,
102504632,Crashes_2010_2019_MPO,2019-09-10,2019,36.03581,-86.817,True,0,0,0,,,,,,,,
102504969,Crashes_2010_2019_MPO,2019-09-10,2019,35.96133,-86.81226,False,0,0,0,,,,,,,,
102505120,Crashes_2010_2019_MPO,2019-09-10,2019,35.92641,-86.82453,False,0,0,0,,,,,,,,
102505688,Crashes_2010_2019_MPO,2019-09-11,2019,36.04002,-86.74348,False,0,0,0,,,,,,,,
102506004,Crashes_2010_2019_MPO,2019-09-11,2019,35.94675,-86.85178,False,0,0,0,,,,,,,,
102506105,Crashes_2010_2019_MPO,2019-09-11,2019,36.00107,-86.80824,True,0,0,0,,,,,,,,
102505620,Crashes_2010_2019_MPO,2019-09-11,2019,35.93024,-86.82008,False,0,0,0,,,,,,,,
102506010,Crashes_2010_2019_MPO,2019-09-11,2019,35.96312,-86.81897,True,0,0,0,,,,,,,,
102506038,Crashes_2010_2019_MPO,2019-09-11,2019,35.9583,-86.8023,False,0,0,0,,,,,,,,
102506141,Crashes_2010_2019_MPO,2019-09-11,2019,35.98471,-86.72583,True,0,0,0,,,,,,,,
102507133,Crashes_2010_2019_MPO,2019-09-11,2019,35.96562,-86.70619,True,0,0,0,,,,,,,,
102505939,Crashes_2010_2019_MPO,2019-09-11,2019,35.94429,-86.81993,False,0,0,0,,,,,,,,
102514601,Crashes_2010_2019_MPO,2019-09-11,2019,36.03411,-86.78315,True,0,0,0,,,,,,,,
102514603,Crashes_2010_2019_MPO,2019-09-12,2019,35.97003,-86.80626,True,0,0,0,,,,,,,,
102506841,Crashes_2010_2019_MPO,2019-09-12,2019,36.03605,-86.78716,True,0,0,0,,,,,,,,
102510855,Crashes_2010_2019_MPO,2019-09-12,2019,35.94854,-86.81992,False,0,0,0,,,,,,,,
102508162,Crashes_2010_2019_MPO,2019-09-12,2019,35.9476,-86.81992,False,0,0,0,,,,,,,,
102506760,Crashes_2010_2019_MPO,2019-09-12,2019,35.92325,-86.87176,False,0,0,0,,,,,,,,
102507125,Crashes_2010_2019_MPO,2019-09-12,2019,36.04685,-86.67941,False,0,0,0,,,,,,,,
102506736,Crashes_2010_2019_MPO,2019-09-12,2019,36.04019,-86.81618,False,0,0,0,,,,,,,,
102507320,Crashes_2010_2019_MPO,2019-09-12,2019,36.01357,-86.71506,False,0,0,0,,,,,,,,
102508318,Crashes_2010_2019_MPO,2019-09-13,2019,35.96133,-86.81226,False,0,0,0,,,,,,,,
102508242,Crashes_2010_2019_MPO,2019-09-13,2019,35.96666,-86.80917,True,0,0,0,,,,,,,,
102510197,Crashes_2010_2019_MPO,2019-09-13,2019,35.96133,-86.81226,False,0,0,0,,,,,,,,
102508321,Crashes_2010_2019_MPO,2019-09-13,2019,36.01568,-86.84598,True,0,0,0,,,,,,,,
102519175,Crashes_2010_2019_MPO,2019-09-13,2019,35.96654,-86.81006,True,0,0,0,,,,,,,,
102509173,Crashes_2010_2019_MPO,2019-09-13,2019,36.02964,-86.86376,False,0,0,0,,,,,,,,
102508313,Crashes_2010_2019_MPO,2019-09-13,2019,35.96666,-86.80917,True,0,0,0,,,,,,,,
102508007,Crashes_2010_2019_MPO,2019-09-13,2019,35.97182,-86.82584,True,0,0,0,,,,,,,,
102508633,Crashes_2010_2019_MPO,2019-09-13,2019,36.0269,-86.68083,False,0,0,0,,,,,,,,
102508407,Crashes_2010_2019_MPO,2019-09-13,2019,35.92607,-86.86708,False,0,1,0,,,,,,,,
102508361,Crashes_2010_2019_MPO,2019-09-13,2019,36.04756,-86.71352,False,0,0,0,,,,,,,,
102510244,Crashes_2010_2019_MPO,2019-09-13,2019,35.93446,-86.81991,False,0,0,0,,,,,,,,
102508083,Crashes_2010_2019_MPO,2019-09-13,2019,35.96688,-86.81117,True,0,0,0,,,,,,,,
102508536,Crashes_2010_2019_MPO,2019-09-13,2019,36.04537,-86.71326,False,0,0,0,,,,,,,,
102507770,Crashes_2010_2019_MPO,2019-09-13,2019,35.966683,-86.809164,True,0,0,0,,,,,,,,
102510224,Crashes_2010_2019_MPO,2019-09-13,2019,35.9509,-86.80665,False,0,0,0,,,,,,,,
102507980,Crashes_2010_2019_MPO,2019-09-13,2019,36.04062,-86.77139,False,0,0,0,,,,,,,,
102508406,Crashes_2010_2019_MPO,2019-09-13,2019,35.95663,-86.83212,False,0,0,0,,,,,,,,
102508445,Crashes_2010_2019_MPO,2019-09-13,2019,35.94631,-86.8236,False,0,0,0,,,,,,,,
102511632,Crashes_2010_2019_MPO,2019-09-13,2019,35.96711,-86.81353,True,0,0,0,,,,,,,,
102509202,Crashes_2010_2019_MPO,2019-09-14,2019,35.94612,-86.82346,False,0,0,0,,,,,,,,
102509430,Crashes_2010_2019_MPO,2019-09-14,2019,36.01427,-86.78534,True,0,0,0,,,,,,,,
102509749,Crashes_2010_2019_MPO,2019-09-14,2019,35.94173,-86.82104,False,0,0,0,,,,,,,,
102509435,Crashes_2010_2019_MPO,2019-09-14,2019,35.93557,-86.82364,False,0,0,0,,,,,,,,
102511397,Crashes_2010_2019_MPO,2019-09-14,2019,35.96008,-86.81419,False,0,0,0,,,,,,,,
102510221,Crashes_2010_2019_MPO,2019-09-15,2019,35.98635,-86.73664,True,0,0,0,,,,,,,,
102509933,Crashes_2010_2019_MPO,2019-09-15,2019,36.03117,-86.78352,True,0,0,0,,,,,,,,
102510232,Crashes_2010_2019_MPO,2019-09-15,2019,35.99687,-86.68989,False,0,0,0,,,,,,,,
102510812,Crashes_2010_2019_MPO,2019-09-16,2019,35.92982,-86.82023,False,0,0,0,,,,,,,,
102511067,Crashes_2010_2019_MPO,2019-09-16,2019,35.93292,-86.81159,False,0,0,0,,,,,,,,
102511885,Crashes_2010_2019_MPO,2019-09-16,2019,35.9392,-86.83872,False,0,0,0,,,,,,,,
102511375,Crashes_2010_2019_MPO,2019-09-16,2019,36.04743,-86.86319,False,0,0,0,,,,,,,,
102510887,Crashes_2010_2019_MPO,2019-09-16,2019,35.94992,-86.80451,False,0,0,0,,,,,,,,
102511155,Crashes_2010_2019_MPO,2019-09-16,2019,36.00324,-86.69149,False,0,0,0,,,,,,,,
102511131,Crashes_2010_2019_MPO,2019-09-16,2019,35.999,-86.80851,True,0,0,0,,,,,,,,
102511265,Crashes_2010_2019_MPO,2019-09-16,2019,36.03755,-86.78539,False,0,0,0,,,,,,,,
102511030,Crashes_2010_2019_MPO,2019-09-16,2019,35.93033,-86.8031,False,0,0,0,,,,,,,,
102510856,Crashes_2010_2019_MPO,2019-09-16,2019,35.93321,-86.81422,False,0,0,0,,,,,,,,
102511245,Crashes_2010_2019_MPO,2019-09-16,2019,35.99557,-86.77955,True,0,0,0,,,,,,,,
102510969,Crashes_2010_2019_MPO,2019-09-16,2019,36.04196,-86.82499,False,0,0,0,,,,,,,,
102511011,Crashes_2010_2019_MPO,2019-09-16,2019,35.92957,-86.84213,False,0,0,0,,,,,,,,
102510594,Crashes_2010_2019_MPO,2019-09-16,2019,35.95209,-86.81805,False,0,0,0,,,,,,,,
102511951,Crashes_2010_2019_MPO,2019-09-16,2019,36.04027,-86.78262,False,0,0,0,,,,,,,,
102512136,Crashes_2010_2019_MPO,2019-09-17,2019,35.92649,-86.81601,False,0,0,0,,,,,,,,
102513081,Crashes_2010_2019_MPO,2019-09-17,2019,36.03707,-86.80548,True,0,0,0,,,,,,,,
102511522,Crashes_2010_2019_MPO,2019-09-17,2019,36.01651,-86.71276,False,0,0,0,,,,,,,,
102512053,Crashes_2010_2019_MPO,2019-09-17,2019,36.04091,-86.77938,False,0,0,0,,,,,,,,
102511739,Crashes_2010_2019_MPO,2019-09-17,2019,36.03951,-86.78348,False,0,0,0,,,,,,,,
102512244,Crashes_2010_2019_MPO,2019-09-17,2019,36.03256,-86.7687,False,0,0,0,,,,,,,,
102511576,Crashes_2010_2019_MPO,2019-09-17,2019,35.93018,-86.82011,False,0,0,0,,,,,,,,
102512195,Crashes_2010_2019_MPO,2019-09-17,2019,36.02548,-86.69631,False,0,0,0,,,,,,,,
102511647,Crashes_2010_2019_MPO,2019-09-17,2019,36.03749,-86.78506,False,0,0,0,,,,,,,,
102512092,Crashes_2010_2019_MPO,2019-09-17,2019,35.98731,-86.73793,True,0,0,0,,,,,,,,
102511821,Crashes_2010_2019_MPO,2019-09-17,2019,36.0473,-86.86274,False,0,0,0,,,,,,,,
102512218,Crashes_2010_2019_MPO,2019-09-17,2019,36.04012,-86.78074,False,0,0,0,,,,,,,,
102511831,Crashes_2010_2019_MPO,2019-09-17,2019,36.03256,-86.67674,False,0,0,0,,,,,,,,
102517709,Crashes_2010_2019_MPO,2019-09-17,2019,36.00166,-86.71963,True,0,0,0,,,,,,,,
102512243,Crashes_2010_2019_MPO,2019-09-17,2019,36.04073,-86.77969,False,0,0,0,,,,,,,,
102512352,Crashes_2010_2019_MPO,2019-09-17,2019,36.03352,-86.71298,False,0,0,0,,,,,,,,
102511721,Crashes_2010_2019_MPO,2019-09-17,2019,35.98765,-86.68088,False,0,0,0,,,,,,,,
102511624,Crashes_2010_2019_MPO,2019-09-17,2019,35.93763,-86.85867,False,0,0,0,,,,,,,,
102511581,Crashes_2010_2019_MPO,2019-09-17,2019,35.92957,-86.84187,False,0,0,0,,,,,,,,
102511968,Crashes_2010_2019_MPO,2019-09-17,2019,35.92691,-86.86595,False,0,0,0,,,,,,,,
102512059,Crashes_2010_2019_MPO,2019-09-17,2019,35.93191,-86.794,False,0,0,0,,,,,,,,
102512225,Crashes_2010_2019_MPO,2019-09-17,2019,36.02842,-86.78346,True,0,0,0,,,,,,,,
102513165,Crashes_2010_2019_MPO,2019-09-18,2019,36.03602,-86.78286,False,0,0,0,,,,,,,,
102513059,Crashes_2010_2019_MPO,2019-09-18,2019,35.93279,-86.86225,False,0,0,0,,,,,,,,
102512858,Crashes_2010_2019_MPO,2019-09-18,2019,36.03513,-86.8058,True,0,0,0,,,,,,,,
102513276,Crashes_2010_2019_MPO,2019-09-18,2019,35.986729,-86.820217,True,0,0,0,,,,,,,,
102513608,Crashes_2010_2019_MPO,2019-09-18,2019,35.92317,-86.81685,False,0,0,0,,,,,,,,
102513146,Crashes_2010_2019_MPO,2019-09-18,2019,35.96734,-86.87612,False,0,0,0,,,,,,,,
102513082,Crashes_2010_2019_MPO,2019-09-18,2019,35.98559,-86.73267,True,0,0,0,,,,,,,,
102512569,Crashes_2010_2019_MPO,2019-09-18,2019,35.93871,-86.81714,False,0,0,0,,,,,,,,
102513060,Crashes_2010_2019_MPO,2019-09-18,2019,35.94403,-86.81553,False,0,0,0,,,,,,,,
102512699,Crashes_2010_2019_MPO,2019-09-18,2019,35.96683,-86.81214,True,0,0,0,,,,,,,,
102514334,Crashes_2010_2019_MPO,2019-09-19,2019,36.05151,-86.71436,False,0,0,0,,,,,,,,
102513585,Crashes_2010_2019_MPO,2019-09-19,2019,36.02502,-86.78573,True,0,0,0,,,,,,,,
102513675,Crashes_2010_2019_MPO,2019-09-19,2019,35.96737,-86.81517,True,0,0,0,,,,,,,,
102513541,Crashes_2010_2019_MPO,2019-09-19,2019,36.03523,-86.80248,True,0,0,0,,,,,,,,
102513553,Crashes_2010_2019_MPO,2019-09-19,2019,36.04915,-86.86979,False,0,0,0,,,,,,,,
102513545,Crashes_2010_2019_MPO,2019-09-19,2019,35.97738,-86.72552,True,0,0,0,,,,,,,,
102513502,Crashes_2010_2019_MPO,2019-09-19,2019,35.96531,-86.79995,True,0,0,0,,,,,,,,
102513983,Crashes_2010_2019_MPO,2019-09-19,2019,35.92553,-86.86825,False,0,0,0,,,,,,,,
102514123,Crashes_2010_2019_MPO,2019-09-19,2019,36.03854,-86.78264,False,0,0,0,,,,,,,,
102513575,Crashes_2010_2019_MPO,2019-09-19,2019,36.03765,-86.79333,False,0,0,0,,,,,,,,
102513631,Crashes_2010_2019_MPO,2019-09-19,2019,36.03767,-86.78651,False,0,0,0,,,,,,,,
102515303,Crashes_2010_2019_MPO,2019-09-20,2019,36.04528,-86.7142,False,0,0,0,,,,,,,,
102515540,Crashes_2010_2019_MPO,2019-09-20,2019,36.04182,-86.86753,True,0,0,0,,,,,,,,
102515239,Crashes_2010_2019_MPO,2019-09-20,2019,35.94095,-86.87938,False,0,0,0,,,,,,,,
102514971,Crashes_2010_2019_MPO,2019-09-20,2019,35.93215,-86.79441,False,0,0,0,,,,,,,,
102514357,Crashes_2010_2019_MPO,2019-09-20,2019,36.04251,-86.72645,False,0,0,0,,,,,,,,
102514805,Crashes_2010_2019_MPO,2019-09-20,2019,36.01039,-86.72385,False,0,0,0,,,,,,,,
102515187,Crashes_2010_2019_MPO,2019-09-20,2019,36.04231,-86.72652,False,0,0,0,,,,,,,,
102515109,Crashes_2010_2019_MPO,2019-09-20,2019,36.00199,-86.84011,True,0,0,0,,,,,,,,
102518435,Crashes_2010_2019_MPO,2019-09-20,2019,36.03231,-86.78337,True,0,0,0,,,,,,,,
102515892,Crashes_2010_2019_MPO,2019-09-20,2019,35.9559,-86.81705,False,0,0,0,,,,,,,,
102515287,Crashes_2010_2019_MPO,2019-09-20,2019,36.0522,-86.74309,False,0,0,0,,,,,,,,
102514607,Crashes_2010_2019_MPO,2019-09-20,2019,36.02187,-86.8204,True,0,1,0,,,,,,,,
102515643,Crashes_2010_2019_MPO,2019-09-20,2019,36.03431,-86.68642,False,0,0,0,,,,,,,,
102516331,Crashes_2010_2019_MPO,2019-09-21,2019,36.03311,-86.78656,True,0,0,0,,,,,,,,
102516298,Crashes_2010_2019_MPO,2019-09-21,2019,36.038,-86.71308,False,0,0,0,,,,,,,,
102515765,Crashes_2010_2019_MPO,2019-09-21,2019,36.0453,-86.70168,False,0,0,0,,,,,,,,
102516507,Crashes_2010_2019_MPO,2019-09-21,2019,36.05366,-86.71502,False,0,0,0,,,,,,,,
102515848,Crashes_2010_2019_MPO,2019-09-21,2019,35.92884,-86.82057,False,0,0,1,,,,,,,,
102516261,Crashes_2010_2019_MPO,2019-09-21,2019,35.94692,-86.82219,False,0,0,0,,,,,,,,
102516202,Crashes_2010_2019_MPO,2019-09-21,2019,36.0273,-86.79207,True,0,0,0,,,,,,,,
102515820,Crashes_2010_2019_MPO,2019-09-21,2019,36.04877,-86.71368,False,0,0,0,,,,,,,,
102516018,Crashes_2010_2019_MPO,2019-09-21,2019,36.04178,-86.78365,False,0,0,0,,,,,,,,
102517148,Crashes_2010_2019_MPO,2019-09-22,2019,36.05293,-86.69694,False,0,0,0,,,,,,,,
102517156,Crashes_2010_2019_MPO,2019-09-22,2019,36.05241,-86.68389,False,0,0,0,,,,,,,,
102517260,Crashes_2010_2019_MPO,2019-09-22,2019,35.92854,-86.82657,False,0,0,0,,,,,,,,
102518848,Crashes_2010_2019_MPO,2019-09-23,2019,36.03986,-86.78233,False,0,0,0,,,,,,,,
102518104,Crashes_2010_2019_MPO,2019-09-23,2019,35.94804,-86.86368,False,0,0,0,,,,,,,,
102517465,Crashes_2010_2019_MPO,2019-09-23,2019,35.94763,-86.81404,False,0,0,0,,,,,,,,
102517928,Crashes_2010_2019_MPO,2019-09-23,2019,36.01371,-86.80524,True,0,0,0,,,,,,,,
102519045,Crashes_2010_2019_MPO,2019-09-23,2019,36.04002,-86.74348,False,0,0,0,,,,,,,,
102517665,Crashes_2010_2019_MPO,2019-09-23,2019,35.94286,-86.82075,False,0,0,0,,,,,,,,
102518271,Crashes_2010_2019_MPO,2019-09-23,2019,35.92521,-86.86872,False,0,0,0,,,,,,,,
102517820,Crashes_2010_2019_MPO,2019-09-23,2019,36.0326,-86.76927,False,0,0,0,,,,,,,,
102518073,Crashes_2010_2019_MPO,2019-09-23,2019,35.96705,-86.81355,True,0,0,0,,,,,,,,
102518172,Crashes_2010_2019_MPO,2019-09-23,2019,36.0473,-86.86274,False,0,0,0,,,,,,,,
102517494,Crashes_2010_2019_MPO,2019-09-23,2019,35.92659,-86.82623,False,0,0,0,,,,,,,,
102517487,Crashes_2010_2019_MPO,2019-09-23,2019,35.99693,-86.79232,True,0,0,0,,,,,,,,
102517587,Crashes_2010_2019_MPO,2019-09-23,2019,36.03523,-86.78694,True,0,0,0,,,,,,,,
102518192,Crashes_2010_2019_MPO,2019-09-23,2019,35.94782,-86.81975,False,0,0,0,,,,,,,,
102517588,Crashes_2010_2019_MPO,2019-09-23,2019,35.97334,-86.83305,True,0,0,0,,,,,,,,
102518812,Crashes_2010_2019_MPO,2019-09-23,2019,35.97217,-86.83578,False,0,0,0,,,,,,,,
102518147,Crashes_2010_2019_MPO,2019-09-23,2019,36.01625,-86.74085,False,0,0,0,,,,,,,,
102518810,Crashes_2010_2019_MPO,2019-09-24,2019,35.9515,-86.80942,False,0,0,0,,,,,,,,
102519189,Crashes_2010_2019_MPO,2019-09-24,2019,35.95806,-86.76773,True,0,0,0,,,,,,,,
102518651,Crashes_2010_2019_MPO,2019-09-24,2019,35.96729,-86.80328,True,0,0,0,,,,,,,,
102518687,Crashes_2010_2019_MPO,2019-09-24,2019,35.9291,-86.75015,False,0,0,0,,,,,,,,
102518758,Crashes_2010_2019_MPO,2019-09-24,2019,36.03291,-86.7975,True,0,0,0,,,,,,,,
102518485,Crashes_2010_2019_MPO,2019-09-24,2019,35.9291,-86.75015,False,0,0,0,,,,,,,,
102519685,Crashes_2010_2019_MPO,2019-09-24,2019,36.03666,-86.79573,True,0,1,0,,,,,,,,
102518979,Crashes_2010_2019_MPO,2019-09-24,2019,36.0357,-86.80845,True,0,0,0,,,,,,,,
102518536,Crashes_2010_2019_MPO,2019-09-24,2019,36.05291,-86.68747,False,0,0,0,,,,,,,,
102518440,Crashes_2010_2019_MPO,2019-09-24,2019,35.93979,-86.81011,False,0,0,0,,,,,,,,
102520505,Crashes_2010_2019_MPO,2019-09-24,2019,35.964684,-86.802075,True,0,0,0,,,,,,,,
102519284,Crashes_2010_2019_MPO,2019-09-24,2019,36.04114,-86.77621,False,0,0,0,,,,,,,,
102518665,Crashes_2010_2019_MPO,2019-09-24,2019,36.03997,-86.74279,False,0,0,0,,,,,,,,
102520133,Crashes_2010_2019_MPO,2019-09-25,2019,35.94782,-86.81975,False,0,0,0,,,,,,,,
102520093,Crashes_2010_2019_MPO,2019-09-25,2019,36.04621,-86.71336,False,0,0,0,,,,,,,,
102519599,Crashes_2010_2019_MPO,2019-09-25,2019,36.02175,-86.74267,False,0,0,0,,,,,,,,
102519563,Crashes_2010_2019_MPO,2019-09-25,2019,36.04114,-86.77621,False,0,0,0,,,,,,,,
102519678,Crashes_2010_2019_MPO,2019-09-25,2019,35.9655,-86.8058,False,0,0,0,,,,,,,,
102520027,Crashes_2010_2019_MPO,2019-09-25,2019,36.01833,-86.7083,False,0,0,0,,,,,,,,
102520356,Crashes_2010_2019_MPO,2019-09-25,2019,36.04181,-86.74392,False,0,0,0,,,,,,,,
102519474,Crashes_2010_2019_MPO,2019-09-25,2019,35.9961,-86.78505,True,0,0,0,,,,,,,,
102519655,Crashes_2010_2019_MPO,2019-09-25,2019,35.94599,-86.80862,False,0,0,0,,,,,,,,
102519936,Crashes_2010_2019_MPO,2019-09-25,2019,35.99719,-86.79392,True,0,0,0,,,,,,,,
102520047,Crashes_2010_2019_MPO,2019-09-25,2019,36.03768,-86.79402,False,0,0,0,,,,,,,,
102519677,Crashes_2010_2019_MPO,2019-09-25,2019,35.94798,-86.81903,False,0,0,0,,,,,,,,
102520728,Crashes_2010_2019_MPO,2019-09-26,2019,35.95216,-86.81247,False,0,0,0,,,,,,,,
102521008,Crashes_2010_2019_MPO,2019-09-26,2019,35.94632,-86.82301,False,0,0,0,,,,,,,,
102520907,Crashes_2010_2019_MPO,2019-09-26,2019,36.03991,-86.76486,False,0,0,0,,,,,,,,
102521238,Crashes_2010_2019_MPO,2019-09-26,2019,35.94794,-86.81996,False,0,0,0,,,,,,,,
102521009,Crashes_2010_2019_MPO,2019-09-26,2019,35.94044,-86.83142,False,0,0,0,,,,,,,,
102521215,Crashes_2010_2019_MPO,2019-09-26,2019,36.03405,-86.79084,True,0,0,0,,,,,,,,
102521239,Crashes_2010_2019_MPO,2019-09-26,2019,35.93215,-86.79441,False,0,0,0,,,,,,,,
102521108,Crashes_2010_2019_MPO,2019-09-26,2019,35.94831,-86.80752,False,0,0,0,,,,,,,,
102521545,Crashes_2010_2019_MPO,2019-09-26,2019,35.9264,-86.8244,False,0,0,0,,,,,,,,
102521397,Crashes_2010_2019_MPO,2019-09-26,2019,36.04059,-86.77107,False,0,0,0,,,,,,,,
102521130,Crashes_2010_2019_MPO,2019-09-26,2019,35.9231,-86.87014,False,0,0,0,,,,,,,,
102521088,Crashes_2010_2019_MPO,2019-09-26,2019,36.0453,-86.7174,False,0,0,0,,,,,,,,
102521137,Crashes_2010_2019_MPO,2019-09-26,2019,35.92889,-86.76744,False,0,0,0,,,,,,,,
102520678,Crashes_2010_2019_MPO,2019-09-26,2019,36.03492,-86.80385,True,0,0,0,,,,,,,,
102522455,Crashes_2010_2019_MPO,2019-09-27,2019,35.92304,-86.81684,False,0,0,0,,,,,,,,
102522802,Crashes_2010_2019_MPO,2019-09-27,2019,36.00004,-86.69297,False,0,0,0,,,,,,,,
102523358,Crashes_2010_2019_MPO,2019-09-27,2019,35.93574,-86.80873,False,0,0,0,,,,,,,,
102522459,Crashes_2010_2019_MPO,2019-09-27,2019,36.03321,-86.79602,True,0,0,0,,,,,,,,
102522421,Crashes_2010_2019_MPO,2019-09-27,2019,35.99734,-86.79486,True,0,0,0,,,,,,,,
102522854,Crashes_2010_2019_MPO,2019-09-27,2019,35.99302,-86.79855,True,0,0,0,,,,,,,,
102522896,Crashes_2010_2019_MPO,2019-09-27,2019,35.97419,-86.80507,True,0,0,0,,,,,,,,
102523777,Crashes_2010_2019_MPO,2019-09-27,2019,35.96459,-86.81114,False,0,0,0,,,,,,,,
102521786,Crashes_2010_2019_MPO,2019-09-27,2019,36.04035,-86.7452,False,0,0,0,,,,,,,,
102522018,Crashes_2010_2019_MPO,2019-09-27,2019,35.99563,-86.68808,False,0,0,0,,,,,,,,
102522112,Crashes_2010_2019_MPO,2019-09-27,2019,36.04415,-86.71419,False,0,0,0,,,,,,,,
102522373,Crashes_2010_2019_MPO,2019-09-27,2019,36.00145,-86.69575,False,0,0,0,,,,,,,,
102523354,Crashes_2010_2019_MPO,2019-09-27,2019,36.02511,-86.77873,True,0,0,0,,,,,,,,
102525893,Crashes_2010_2019_MPO,2019-09-27,2019,35.94512,-86.87817,False,0,0,0,,,,,,,,
102521646,Crashes_2010_2019_MPO,2019-09-27,2019,35.99588,-86.6909,False,0,0,0,,,,,,,,
102521955,Crashes_2010_2019_MPO,2019-09-27,2019,36.05294,-86.78453,False,0,0,0,,,,,,,,
102522523,Crashes_2010_2019_MPO,2019-09-27,2019,36.03047,-86.74398,False,0,0,0,,,,,,,,
102522457,Crashes_2010_2019_MPO,2019-09-27,2019,35.95102,-86.80784,False,0,0,0,,,,,,,,
102522319,Crashes_2010_2019_MPO,2019-09-27,2019,36.03989,-86.78322,False,0,0,0,,,,,,,,
102523550,Crashes_2010_2019_MPO,2019-09-27,2019,35.9347,-86.82151,False,0,0,0,,,,,,,,
102522456,Crashes_2010_2019_MPO,2019-09-27,2019,35.92355,-86.79253,False,0,0,0,,,,,,,,
102524637,Crashes_2010_2019_MPO,2019-09-28,2019,35.92317,-86.87945,False,0,0,0,,,,,,,,
102523487,Crashes_2010_2019_MPO,2019-09-28,2019,35.94778,-86.81994,False,0,0,0,,,,,,,,
102523520,Crashes_2010_2019_MPO,2019-09-28,2019,35.99564,-86.78022,True,0,0,0,,,,,,,,
102523527,Crashes_2010_2019_MPO,2019-09-28,2019,35.94778,-86.81994,False,0,0,0,,,,,,,,
102523418,Crashes_2010_2019_MPO,2019-09-28,2019,35.96679,-86.81048,True,0,0,0,,,,,,,,
102523583,Crashes_2010_2019_MPO,2019-09-28,2019,36.03474,-86.78332,True,0,0,1,,,,,,,,
102523979,Crashes_2010_2019_MPO,2019-09-28,2019,35.92964,-86.71637,False,0,0,0,,,,,,,,
102522919,Crashes_2010_2019_MPO,2019-09-28,2019,36.04409,-86.71717,False,0,0,0,,,,,,,,
102525230,Crashes_2010_2019_MPO,2019-09-28,2019,35.95016,-86.79844,False,0,0,0,,,,,,,,
102524039,Crashes_2010_2019_MPO,2019-09-28,2019,35.92372,-86.76683,False,0,0,0,,,,,,,,
102525268,Crashes_2010_2019_MPO,2019-09-28,2019,35.95004,-86.84915,False,0,0,0,,,,,,,,
102523548,Crashes_2010_2019_MPO,2019-09-28,2019,36.04543,-86.70362,False,0,0,0,,,,,,,,
102526676,Crashes_2010_2019_MPO,2019-09-28,2019,35.9243,-86.86827,False,0,0,0,,,,,,,,
102523998,Crashes_2010_2019_MPO,2019-09-28,2019,35.99141,-86.6837,False,0,0,0,,,,,,,,
102524016,Crashes_2010_2019_MPO,2019-09-28,2019,35.9325,-86.86247,False,0,0,0,,,,,,,,
102524374,Crashes_2010_2019_MPO,2019-09-29,2019,36.04012,-86.74449,False,0,0,0,,,,,,,,
102523987,Crashes_2010_2019_MPO,2019-09-29,2019,36.0522,-86.74309,False,0,1,0,,,,,,,,
102524234,Crashes_2010_2019_MPO,2019-09-29,2019,36.03966,-86.7816,False,0,0,0,,,,,,,,