record_no,source_layer,collision_ts,crash_year,latitude,longitude,in_city,fatalities,non_motorists,truck_involved,serious_injuries,pedestrian,bicycle,crash_type,manner_of_collision,lighting,weather,first_harmful_event
102524602,Crashes_2010_2019_MPO,2019-09-29,2019,35.99945,-86.69343,False,0,0,0,,,,,,,,
102524513,Crashes_2010_2019_MPO,2019-09-29,2019,36.01286,-86.80081,True,0,0,0,,,,,,,,
102524197,Crashes_2010_2019_MPO,2019-09-29,2019,35.96198,-86.81518,False,0,0,0,,,,,,,,
102525289,Crashes_2010_2019_MPO,2019-09-29,2019,36.04605,-86.71334,False,1,1,0,,,,,,,,
102524094,Crashes_2010_2019_MPO,2019-09-29,2019,36.03457,-86.74574,False,0,0,0,,,,,,,,
102524004,Crashes_2010_2019_MPO,2019-09-29,2019,36.04545,-86.71243,False,0,0,0,,,,,,,,
102524927,Crashes_2010_2019_MPO,2019-09-30,2019,36.04115,-86.71283,False,0,0,0,,,,,,,,
102525513,Crashes_2010_2019_MPO,2019-09-30,2019,35.94797,-86.81907,False,0,0,0,,,,,,,,
102524999,Crashes_2010_2019_MPO,2019-09-30,2019,35.99781,-86.79886,True,0,0,0,,,,,,,,
102524941,Crashes_2010_2019_MPO,2019-09-30,2019,36.04561,-86.71076,False,0,0,0,,,,,,,,
102525332,Crashes_2010_2019_MPO,2019-09-30,2019,35.97316,-86.83128,True,0,0,0,,,,,,,,
102525364,Crashes_2010_2019_MPO,2019-09-30,2019,36.04058,-86.74035,False,0,0,0,,,,,,,,
102525101,Crashes_2010_2019_MPO,2019-09-30,2019,35.93797,-86.82203,False,0,0,0,,,,,,,,
102525580,Crashes_2010_2019_MPO,2019-09-30,2019,36.01247,-86.70337,False,0,0,0,,,,,,,,
102525514,Crashes_2010_2019_MPO,2019-09-30,2019,35.95035,-86.81872,False,0,0,0,,,,,,,,
102524853,Crashes_2010_2019_MPO,2019-09-30,2019,36.04387,-86.71309,False,0,0,0,,,,,,,,
102525102,Crashes_2010_2019_MPO,2019-09-30,2019,35.93808,-86.8218,False,0,0,0,,,,,,,,
102534590,Crashes_2010_2019_MPO,2019-09-30,2019,36.00417,-86.79083,True,0,0,0,,,,,,,,
102525788,Crashes_2010_2019_MPO,2019-10-01,2019,36.04699,-86.86149,False,0,0,0,,,,,,,,
102526072,Crashes_2010_2019_MPO,2019-10-01,2019,35.95078,-86.80647,False,0,0,0,,,,,,,,
102525834,Crashes_2010_2019_MPO,2019-10-01,2019,35.98802,-86.80003,True,0,0,0,,,,,,,,
102526155,Crashes_2010_2019_MPO,2019-10-01,2019,36.04669,-86.71342,False,0,0,0,,,,,,,,
102525782,Crashes_2010_2019_MPO,2019-10-01,2019,35.9261,-86.82155,False,0,0,0,,,,,,,,
102526878,Crashes_2010_2019_MPO,2019-10-01,2019,35.96198,-86.81518,False,0,0,0,,,,,,,,
102526302,Crashes_2010_2019_MPO,2019-10-01,2019,35.99645,-86.78812,True,0,0,0,,,,,,,,
102526468,Crashes_2010_2019_MPO,2019-10-01,2019,36.03551,-86.78748,True,0,0,0,,,,,,,,
102525970,Crashes_2010_2019_MPO,2019-10-01,2019,36.05157,-86.82864,False,0,0,0,,,,,,,,
102526172,Crashes_2010_2019_MPO,2019-10-01,2019,35.959,-86.83127,False,0,0,0,,,,,,,,
102527434,Crashes_2010_2019_MPO,2019-10-01,2019,35.96062,-86.81521,False,0,0,0,,,,,,,,
102526310,Crashes_2010_2019_MPO,2019-10-01,2019,35.96705,-86.81355,True,0,0,0,,,,,,,,
102526068,Crashes_2010_2019_MPO,2019-10-01,2019,35.94477,-86.82853,False,0,0,0,,,,,,,,
102526106,Crashes_2010_2019_MPO,2019-10-01,2019,36.0403,-86.7451,False,0,0,1,,,,,,,,
102525808,Crashes_2010_2019_MPO,2019-10-01,2019,36.04783,-86.86229,False,0,0,0,,,,,,,,
102528001,Crashes_2010_2019_MPO,2019-10-02,2019,35.98815,-86.79999,True,0,0,0,,,,,,,,
102527135,Crashes_2010_2019_MPO,2019-10-02,2019,36.04744,-86.86263,False,0,0,0,,,,,,,,
102527213,Crashes_2010_2019_MPO,2019-10-02,2019,36.04928,-86.77579,False,0,0,0,,,,,,,,
102526551,Crashes_2010_2019_MPO,2019-10-02,2019,35.97446,-86.74679,True,0,0,0,,,,,,,,
102526960,Crashes_2010_2019_MPO,2019-10-02,2019,35.9521,-86.81814,False,0,0,0,,,,,,,,
102527215,Crashes_2010_2019_MPO,2019-10-02,2019,36.03324,-86.78793,True,0,0,0,,,,,,,,
102526757,Crashes_2010_2019_MPO,2019-10-02,2019,35.92609,-86.87139,False,0,0,0,,,,,,,,
102527139,Crashes_2010_2019_MPO,2019-10-02,2019,36.03746,-86.78611,False,0,0,0,,,,,,,,
102527054,Crashes_2010_2019_MPO,2019-10-02,2019,36.04098,-86.7792,False,0,0,0,,,,,,,,
102526997,Crashes_2010_2019_MPO,2019-10-02,2019,36.04436,-86.6873,False,0,0,0,,,,,,,,
102528953,Crashes_2010_2019_MPO,2019-10-02,2019,35.97347,-86.83344,False,0,0,0,,,,,,,,
102527199,Crashes_2010_2019_MPO,2019-10-02,2019,35.98608,-86.73581,True,0,0,0,,,,,,,,
102527271,Crashes_2010_2019_MPO,2019-10-02,2019,35.94744,-86.86546,False,0,0,0,,,,,,,,
102527989,Crashes_2010_2019_MPO,2019-10-02,2019,35.991,-86.68332,False,0,0,0,,,,,,,,
102527677,Crashes_2010_2019_MPO,2019-10-02,2019,35.96665,-86.80941,True,0,0,0,,,,,,,,
102527292,Crashes_2010_2019_MPO,2019-10-02,2019,35.99922,-86.80923,True,0,0,0,,,,,,,,
102527281,Crashes_2010_2019_MPO,2019-10-02,2019,36.03821,-86.8009,False,0,0,0,,,,,,,,
102526691,Crashes_2010_2019_MPO,2019-10-02,2019,36.04383,-86.68824,False,0,0,0,,,,,,,,
102527101,Crashes_2010_2019_MPO,2019-10-02,2019,36.04739,-86.81602,False,0,0,0,,,,,,,,
102527636,Crashes_2010_2019_MPO,2019-10-03,2019,35.95198,-86.81788,False,0,0,0,,,,,,,,
102528283,Crashes_2010_2019_MPO,2019-10-03,2019,35.93348,-86.8165,False,0,0,0,,,,,,,,
102527966,Crashes_2010_2019_MPO,2019-10-03,2019,36.04902,-86.86898,False,0,0,0,,,,,,,,
102528305,Crashes_2010_2019_MPO,2019-10-03,2019,35.94097,-86.82132,False,0,0,0,,,,,,,,
102534489,Crashes_2010_2019_MPO,2019-10-03,2019,35.99156,-86.79881,True,0,0,0,,,,,,,,
102528433,Crashes_2010_2019_MPO,2019-10-03,2019,35.96019,-86.80994,False,0,0,0,,,,,,,,
102528329,Crashes_2010_2019_MPO,2019-10-03,2019,35.93191,-86.79441,False,0,0,0,,,,,,,,
102527720,Crashes_2010_2019_MPO,2019-10-03,2019,36.019813,-86.8206,True,0,1,0,,,,,,,,
102528784,Crashes_2010_2019_MPO,2019-10-03,2019,35.93423,-86.81894,False,0,0,0,,,,,,,,
102532509,Crashes_2010_2019_MPO,2019-10-03,2019,35.96152,-86.8153,False,0,0,0,,,,,,,,
102527739,Crashes_2010_2019_MPO,2019-10-03,2019,36.00689,-86.80515,True,0,0,0,,,,,,,,
102528518,Crashes_2010_2019_MPO,2019-10-03,2019,36.03989,-86.7418,False,0,0,0,,,,,,,,
102533044,Crashes_2010_2019_MPO,2019-10-03,2019,35.95602,-86.8111,False,0,0,0,,,,,,,,
102527628,Crashes_2010_2019_MPO,2019-10-03,2019,36.0374,-86.78657,False,0,0,0,,,,,,,,
102527512,Crashes_2010_2019_MPO,2019-10-03,2019,35.95392,-86.81471,False,0,0,0,,,,,,,,
102528147,Crashes_2010_2019_MPO,2019-10-03,2019,36.03998,-86.74298,False,0,0,0,,,,,,,,
102528523,Crashes_2010_2019_MPO,2019-10-03,2019,36.04818,-86.7136,False,0,0,0,,,,,,,,
102529152,Crashes_2010_2019_MPO,2019-10-03,2019,36.04069,-86.77627,False,0,0,0,,,,,,,,
102528105,Crashes_2010_2019_MPO,2019-10-03,2019,35.95759,-86.81652,False,0,0,0,,,,,,,,
102528235,Crashes_2010_2019_MPO,2019-10-03,2019,35.99712,-86.79688,True,0,0,0,,,,,,,,
102528499,Crashes_2010_2019_MPO,2019-10-03,2019,36.03289,-86.76882,False,0,0,0,,,,,,,,
102528522,Crashes_2010_2019_MPO,2019-10-03,2019,36.0451,-86.74396,False,0,0,0,,,,,,,,
102539082,Crashes_2010_2019_MPO,2019-10-04,2019,36.03987,-86.78139,False,0,0,0,,,,,,,,
102528865,Crashes_2010_2019_MPO,2019-10-04,2019,35.96532,-86.70293,False,0,0,0,,,,,,,,
102531373,Crashes_2010_2019_MPO,2019-10-04,2019,35.95772,-86.84356,False,0,0,0,,,,,,,,
102529316,Crashes_2010_2019_MPO,2019-10-04,2019,36.04537,-86.71326,False,0,0,0,,,,,,,,
102529719,Crashes_2010_2019_MPO,2019-10-04,2019,35.95102,-86.80784,False,0,0,0,,,,,,,,
102529344,Crashes_2010_2019_MPO,2019-10-04,2019,35.94878,-86.81965,False,0,0,0,,,,,,,,
102528715,Crashes_2010_2019_MPO,2019-10-04,2019,35.99759,-86.79685,True,0,0,0,,,,,,,,
102529454,Crashes_2010_2019_MPO,2019-10-04,2019,35.9856,-86.73273,True,0,0,0,,,,,,,,
102529564,Crashes_2010_2019_MPO,2019-10-04,2019,36.04321,-86.68946,False,0,0,0,,,,,,,,
102529842,Crashes_2010_2019_MPO,2019-10-04,2019,35.9583,-86.8023,False,0,0,0,,,,,,,,
102529458,Crashes_2010_2019_MPO,2019-10-04,2019,36.012098,-86.691079,False,0,0,0,,,,,,,,
102530355,Crashes_2010_2019_MPO,2019-10-04,2019,36.02558,-86.78375,True,0,0,1,,,,,,,,
102528962,Crashes_2010_2019_MPO,2019-10-04,2019,36.02033,-86.70431,False,0,0,0,,,,,,,,
102531886,Crashes_2010_2019_MPO,2019-10-04,2019,35.967883,-86.80785,True,0,0,0,,,,,,,,
102530107,Crashes_2010_2019_MPO,2019-10-04,2019,35.93194,-86.86133,False,0,0,0,,,,,,,,
102529507,Crashes_2010_2019_MPO,2019-10-04,2019,35.93319,-86.8406,False,0,0,0,,,,,,,,
102530289,Crashes_2010_2019_MPO,2019-10-05,2019,35.99104,-86.75177,True,0,0,0,,,,,,,,
102530418,Crashes_2010_2019_MPO,2019-10-05,2019,36.03113,-86.75141,False,0,0,0,,,,,,,,
102532295,Crashes_2010_2019_MPO,2019-10-05,2019,36.0378,-86.73082,False,0,0,0,,,,,,,,
102530641,Crashes_2010_2019_MPO,2019-10-05,2019,36.04549,-86.7045,False,0,0,0,,,,,,,,
102530662,Crashes_2010_2019_MPO,2019-10-05,2019,36.0374,-86.78657,False,0,0,0,,,,,,,,
102530041,Crashes_2010_2019_MPO,2019-10-05,2019,35.96688,-86.81117,True,0,0,0,,,,,,,,
102530066,Crashes_2010_2019_MPO,2019-10-05,2019,36.04537,-86.71326,False,0,0,0,,,,,,,,
102530270,Crashes_2010_2019_MPO,2019-10-05,2019,35.93772,-86.70377,False,0,0,0,,,,,,,,
102530004,Crashes_2010_2019_MPO,2019-10-05,2019,35.96167,-86.8792,False,0,0,0,,,,,,,,
102531137,Crashes_2010_2019_MPO,2019-10-06,2019,36.04072,-86.77928,False,0,0,0,,,,,,,,
102531241,Crashes_2010_2019_MPO,2019-10-06,2019,36.04653,-86.68335,False,0,0,0,,,,,,,,
102531826,Crashes_2010_2019_MPO,2019-10-06,2019,35.92956,-86.84241,False,0,0,0,,,,,,,,
102531256,Crashes_2010_2019_MPO,2019-10-06,2019,35.96458,-86.81449,False,0,0,0,,,,,,,,
102531140,Crashes_2010_2019_MPO,2019-10-06,2019,36.04393,-86.6933,False,0,0,0,,,,,,,,
102531780,Crashes_2010_2019_MPO,2019-10-07,2019,36.03336,-86.78872,True,0,0,0,,,,,,,,
102532271,Crashes_2010_2019_MPO,2019-10-07,2019,36.0365,-86.78691,False,0,0,0,,,,,,,,
102532100,Crashes_2010_2019_MPO,2019-10-07,2019,36.01196,-86.68419,False,0,0,0,,,,,,,,
102532952,Crashes_2010_2019_MPO,2019-10-07,2019,36.00438,-86.79093,True,0,0,0,,,,,,,,
102532330,Crashes_2010_2019_MPO,2019-10-07,2019,35.96089,-86.80943,False,0,0,0,,,,,,,,
102532329,Crashes_2010_2019_MPO,2019-10-07,2019,35.95867,-86.81018,False,0,0,1,,,,,,,,
102532199,Crashes_2010_2019_MPO,2019-10-07,2019,35.99725,-86.79427,True,0,0,0,,,,,,,,
102532154,Crashes_2010_2019_MPO,2019-10-07,2019,36.04503,-86.72508,False,0,0,0,,,,,,,,
102531768,Crashes_2010_2019_MPO,2019-10-07,2019,36.03321,-86.7888,True,0,0,0,,,,,,,,
102532098,Crashes_2010_2019_MPO,2019-10-07,2019,36.04318,-86.84319,False,0,0,0,,,,,,,,
102531795,Crashes_2010_2019_MPO,2019-10-07,2019,36.03517,-86.76871,False,0,0,0,,,,,,,,
102531748,Crashes_2010_2019_MPO,2019-10-07,2019,35.94054,-86.81649,False,0,0,0,,,,,,,,
102531963,Crashes_2010_2019_MPO,2019-10-07,2019,36.03319,-86.7876,True,0,0,1,,,,,,,,
102532172,Crashes_2010_2019_MPO,2019-10-07,2019,36.0374,-86.78657,False,0,0,0,,,,,,,,
102531757,Crashes_2010_2019_MPO,2019-10-07,2019,35.97853,-86.77111,True,0,1,0,,,,,,,,
102532092,Crashes_2010_2019_MPO,2019-10-07,2019,36.03658,-86.78405,False,0,0,0,,,,,,,,
102532627,Crashes_2010_2019_MPO,2019-10-07,2019,35.95179,-86.81814,False,0,0,0,,,,,,,,
102531889,Crashes_2010_2019_MPO,2019-10-07,2019,35.97304,-86.79607,True,0,0,0,,,,,,,,
102534813,Crashes_2010_2019_MPO,2019-10-08,2019,35.97694,-86.67813,False,0,0,0,,,,,,,,
102532955,Crashes_2010_2019_MPO,2019-10-08,2019,36.03322,-86.78531,True,0,0,0,,,,,,,,
102532964,Crashes_2010_2019_MPO,2019-10-08,2019,35.93742,-86.81758,False,0,0,1,,,,,,,,
102532900,Crashes_2010_2019_MPO,2019-10-08,2019,35.92631,-86.87303,False,0,0,0,,,,,,,,
102533133,Crashes_2010_2019_MPO,2019-10-08,2019,35.94753,-86.8201,False,0,0,0,,,,,,,,
102532547,Crashes_2010_2019_MPO,2019-10-08,2019,35.99531,-86.77687,True,0,0,0,,,,,,,,
102533134,Crashes_2010_2019_MPO,2019-10-08,2019,35.92396,-86.86947,False,0,0,0,,,,,,,,
102533135,Crashes_2010_2019_MPO,2019-10-08,2019,35.93757,-86.87889,False,0,0,0,,,,,,,,
102532694,Crashes_2010_2019_MPO,2019-10-08,2019,35.93877,-86.82071,False,0,0,0,,,,,,,,
102532982,Crashes_2010_2019_MPO,2019-10-08,2019,36.04115,-86.77631,False,0,0,0,,,,,,,,
102532487,Crashes_2010_2019_MPO,2019-10-08,2019,35.93374,-86.81767,False,0,0,0,,,,,,,,
102533507,Crashes_2010_2019_MPO,2019-10-08,2019,35.93808,-86.8218,False,0,0,0,,,,,,,,
102533627,Crashes_2010_2019_MPO,2019-10-09,2019,36.03772,-86.79475,False,0,0,0,,,,,,,,
102533302,Crashes_2010_2019_MPO,2019-10-09,2019,36.03928,-86.71284,False,0,0,0,,,,,,,,
102533631,Crashes_2010_2019_MPO,2019-10-09,2019,35.95864,-86.73897,True,0,0,0,,,,,,,,
102533607,Crashes_2010_2019_MPO,2019-10-09,2019,36.02398,-86.81961,True,0,0,0,,,,,,,,
102533399,Crashes_2010_2019_MPO,2019-10-09,2019,35.93875,-86.83564,False,0,0,0,,,,,,,,
102534376,Crashes_2010_2019_MPO,2019-10-09,2019,35.93446,-86.81991,False,0,0,0,,,,,,,,
102533316,Crashes_2010_2019_MPO,2019-10-09,2019,36.03319,-86.7876,True,0,0,0,,,,,,,,
102533824,Crashes_2010_2019_MPO,2019-10-09,2019,35.99643,-86.78798,True,0,0,0,,,,,,,,
102533505,Crashes_2010_2019_MPO,2019-10-09,2019,36.03641,-86.81069,True,0,0,0,,,,,,,,
102533508,Crashes_2010_2019_MPO,2019-10-09,2019,36.05336,-86.68086,False,0,0,0,,,,,,,,
102533702,Crashes_2010_2019_MPO,2019-10-09,2019,36.05486,-86.72931,False,0,0,0,,,,,,,,
102537479,Crashes_2010_2019_MPO,2019-10-09,2019,35.95344,-86.81201,False,0,0,0,,,,,,,,
102534176,Crashes_2010_2019_MPO,2019-10-10,2019,36.04561,-86.71076,False,0,0,0,,,,,,,,
102534320,Crashes_2010_2019_MPO,2019-10-10,2019,35.97765,-86.77678,True,0,0,0,,,,,,,,
102534111,Crashes_2010_2019_MPO,2019-10-10,2019,36.0429,-86.74412,False,0,0,0,,,,,,,,
102534121,Crashes_2010_2019_MPO,2019-10-10,2019,35.94801,-86.81884,False,0,0,0,,,,,,,,
102534452,Crashes_2010_2019_MPO,2019-10-10,2019,35.93331,-86.81492,False,0,0,0,,,,,,,,
102534187,Crashes_2010_2019_MPO,2019-10-10,2019,35.94631,-86.8236,False,0,0,0,,,,,,,,
102534512,Crashes_2010_2019_MPO,2019-10-10,2019,36.0409,-86.77938,False,0,0,0,,,,,,,,
102534087,Crashes_2010_2019_MPO,2019-10-10,2019,35.94708,-86.86772,False,0,0,0,,,,,,,,
102534012,Crashes_2010_2019_MPO,2019-10-10,2019,35.92914,-86.75159,False,0,0,0,,,,,,,,
102535538,Crashes_2010_2019_MPO,2019-10-11,2019,36.04668,-86.72506,False,0,0,0,,,,,,,,
102538944,Crashes_2010_2019_MPO,2019-10-11,2019,35.92312,-86.86894,False,0,0,0,,,,,,,,
102539405,Crashes_2010_2019_MPO,2019-10-11,2019,35.96095,-86.68066,False,0,0,0,,,,,,,,
102536004,Crashes_2010_2019_MPO,2019-10-11,2019,36.01385,-86.83768,True,0,0,0,,,,,,,,
102536287,Crashes_2010_2019_MPO,2019-10-11,2019,35.92957,-86.84213,False,0,0,0,,,,,,,,
102534946,Crashes_2010_2019_MPO,2019-10-11,2019,35.9969,-86.79213,True,0,0,0,,,,,,,,
102534849,Crashes_2010_2019_MPO,2019-10-11,2019,35.95383,-86.80405,False,0,0,0,,,,,,,,
102534888,Crashes_2010_2019_MPO,2019-10-11,2019,36.0399,-86.7684,False,0,0,0,,,,,,,,
102535025,Crashes_2010_2019_MPO,2019-10-11,2019,35.92858,-86.82066,False,0,0,0,,,,,,,,
102535345,Crashes_2010_2019_MPO,2019-10-11,2019,35.9771,-86.77135,True,0,0,0,,,,,,,,
102534824,Crashes_2010_2019_MPO,2019-10-11,2019,36.03741,-86.78654,False,0,0,0,,,,,,,,
102535093,Crashes_2010_2019_MPO,2019-10-11,2019,36.0409,-86.77938,False,0,0,0,,,,,,,,
102535884,Crashes_2010_2019_MPO,2019-10-12,2019,36.01729,-86.79775,True,0,0,0,,,,,,,,
102535926,Crashes_2010_2019_MPO,2019-10-12,2019,36.04994,-86.87237,False,0,0,0,,,,,,,,
102536159,Crashes_2010_2019_MPO,2019-10-12,2019,36.04245,-86.71294,False,0,0,0,,,,,,,,
102536288,Crashes_2010_2019_MPO,2019-10-12,2019,35.9476,-86.81992,False,0,0,0,,,,,,,,
102536089,Crashes_2010_2019_MPO,2019-10-12,2019,36.00432,-86.79099,True,0,0,0,,,,,,,,
102536074,Crashes_2010_2019_MPO,2019-10-12,2019,36.04704,-86.86296,False,0,0,0,,,,,,,,
102536158,Crashes_2010_2019_MPO,2019-10-12,2019,36.04564,-86.71048,False,0,0,0,,,,,,,,
102568837,Crashes_2010_2019_MPO,2019-10-12,2019,36.04117,-86.7757,False,0,0,0,,,,,,,,
102536085,Crashes_2010_2019_MPO,2019-10-12,2019,36.04096,-86.77456,False,0,0,0,,,,,,,,
102536600,Crashes_2010_2019_MPO,2019-10-13,2019,36.04074,-86.86845,True,0,0,0,,,,,,,,
102536586,Crashes_2010_2019_MPO,2019-10-13,2019,36.04091,-86.8683,True,0,0,0,,,,,,,,
102537129,Crashes_2010_2019_MPO,2019-10-13,2019,36.03047,-86.74398,False,0,0,0,,,,,,,,
102538797,Crashes_2010_2019_MPO,2019-10-13,2019,35.98264,-86.80188,True,1,0,0,,,,,,,,
102537571,Crashes_2010_2019_MPO,2019-10-13,2019,36.04001,-86.74347,False,0,0,0,,,,,,,,
102536976,Crashes_2010_2019_MPO,2019-10-13,2019,35.99079,-86.75111,True,0,0,0,,,,,,,,
102536358,Crashes_2010_2019_MPO,2019-10-13,2019,36.04331,-86.70326,False,0,0,0,,,,,,,,
102537321,Crashes_2010_2019_MPO,2019-10-14,2019,36.0467,-86.71351,False,0,0,0,,,,,,,,
102538256,Crashes_2010_2019_MPO,2019-10-14,2019,35.94798,-86.81906,False,0,0,0,,,,,,,,
102538314,Crashes_2010_2019_MPO,2019-10-14,2019,36.03991,-86.74211,False,0,0,0,,,,,,,,
102537569,Crashes_2010_2019_MPO,2019-10-14,2019,36.03747,-86.79098,False,0,0,0,,,,,,,,
102539054,Crashes_2010_2019_MPO,2019-10-14,2019,35.93411,-86.87788,False,0,1,0,,,,,,,,
102537284,Crashes_2010_2019_MPO,2019-10-14,2019,36.03821,-86.8009,False,0,0,0,,,,,,,,
102537476,Crashes_2010_2019_MPO,2019-10-14,2019,36.00749,-86.78026,True,0,0,0,,,,,,,,
102537568,Crashes_2010_2019_MPO,2019-10-14,2019,36.0374,-86.78657,False,0,0,0,,,,,,,,
102537407,Crashes_2010_2019_MPO,2019-10-14,2019,36.0473,-86.86274,False,0,0,0,,,,,,,,
102538257,Crashes_2010_2019_MPO,2019-10-14,2019,35.94541,-86.80467,False,0,0,0,,,,,,,,
102538895,Crashes_2010_2019_MPO,2019-10-15,2019,35.96222,-86.81526,False,0,0,0,,,,,,,,
102538416,Crashes_2010_2019_MPO,2019-10-15,2019,35.92618,-86.86686,False,0,0,0,,,,,,,,
102539746,Crashes_2010_2019_MPO,2019-10-15,2019,35.93374,-86.81767,False,0,0,0,,,,,,,,
102538748,Crashes_2010_2019_MPO,2019-10-15,2019,36.02797,-86.78425,True,0,0,0,,,,,,,,
102538645,Crashes_2010_2019_MPO,2019-10-15,2019,36.01286,-86.80081,True,0,0,0,,,,,,,,
102538549,Crashes_2010_2019_MPO,2019-10-15,2019,36.04565,-86.77833,False,0,0,0,,,,,,,,
102538603,Crashes_2010_2019_MPO,2019-10-15,2019,35.94833,-86.81976,False,0,0,0,,,,,,,,
102538317,Crashes_2010_2019_MPO,2019-10-15,2019,35.97334,-86.83305,True,0,0,0,,,,,,,,
102538540,Crashes_2010_2019_MPO,2019-10-15,2019,35.96043,-86.81526,False,0,0,0,,,,,,,,
102538676,Crashes_2010_2019_MPO,2019-10-15,2019,36.04705,-86.71346,False,0,0,0,,,,,,,,
102538351,Crashes_2010_2019_MPO,2019-10-15,2019,36.0345,-86.78806,True,0,0,0,,,,,,,,
102538164,Crashes_2010_2019_MPO,2019-10-15,2019,36.04255,-86.71295,False,0,0,0,,,,,,,,
102538582,Crashes_2010_2019_MPO,2019-10-15,2019,36.00031,-86.70259,True,0,0,0,,,,,,,,
102538383,Crashes_2010_2019_MPO,2019-10-15,2019,36.00196,-86.85031,False,0,0,0,,,,,,,,
102539954,Crashes_2010_2019_MPO,2019-10-15,2019,36.03611,-86.79483,True,0,0,0,,,,,,,,
102538916,Crashes_2010_2019_MPO,2019-10-15,2019,35.98989,-86.74405,True,0,0,0,,,,,,,,
102538618,Crashes_2010_2019_MPO,2019-10-15,2019,36.04624,-86.77738,False,0,0,0,,,,,,,,
102538415,Crashes_2010_2019_MPO,2019-10-15,2019,35.94725,-86.82078,False,0,0,0,,,,,,,,
102538625,Crashes_2010_2019_MPO,2019-10-15,2019,35.96362,-86.80059,True,0,0,0,,,,,,,,
102539378,Crashes_2010_2019_MPO,2019-10-16,2019,36.04747,-86.71351,False,0,0,0,,,,,,,,
102539103,Crashes_2010_2019_MPO,2019-10-16,2019,35.96589,-86.80316,True,0,0,0,,,,,,,,
102552126,Crashes_2010_2019_MPO,2019-10-16,2019,36.0157,-86.82033,True,0,0,0,,,,,,,,
102539006,Crashes_2010_2019_MPO,2019-10-16,2019,35.93374,-86.81767,False,0,0,0,,,,,,,,
102543936,Crashes_2010_2019_MPO,2019-10-16,2019,36.03122,-86.87558,False,0,0,0,,,,,,,,
102539548,Crashes_2010_2019_MPO,2019-10-16,2019,36.04004,-86.76609,False,0,0,0,,,,,,,,
102538949,Crashes_2010_2019_MPO,2019-10-16,2019,36.0403,-86.7451,False,0,0,0,,,,,,,,
102539044,Crashes_2010_2019_MPO,2019-10-16,2019,36.05088,-86.69822,False,0,0,0,,,,,,,,
102539398,Crashes_2010_2019_MPO,2019-10-16,2019,35.94037,-86.83288,False,0,0,0,,,,,,,,
102539440,Crashes_2010_2019_MPO,2019-10-16,2019,35.94699,-86.81153,False,0,0,0,,,,,,,,
102539887,Crashes_2010_2019_MPO,2019-10-16,2019,35.93374,-86.81767,False,0,0,0,,,,,,,,
102539380,Crashes_2010_2019_MPO,2019-10-16,2019,36.03258,-86.78915,True,0,0,0,,,,,,,,
102539600,Crashes_2010_2019_MPO,2019-10-16,2019,36.04301,-86.84231,False,0,0,0,,,,,,,,
102539475,Crashes_2010_2019_MPO,2019-10-16,2019,35.99773,-86.79811,True,0,0,0,,,,,,,,
102539918,Crashes_2010_2019_MPO,2019-10-16,2019,35.94746,-86.81425,False,0,0,0,,,,,,,,
102538973,Crashes_2010_2019_MPO,2019-10-16,2019,35.96705,-86.81355,True,0,0,0,,,,,,,,
102538943,Crashes_2010_2019_MPO,2019-10-16,2019,35.96998,-86.80628,True,0,0,0,,,,,,,,
102539049,Crashes_2010_2019_MPO,2019-10-16,2019,35.93191,-86.794,False,0,0,0,,,,,,,,
102539589,Crashes_2010_2019_MPO,2019-10-16,2019,36.03157,-86.78347,True,0,0,0,,,,,,,,
102539392,Crashes_2010_2019_MPO,2019-10-16,2019,36.04476,-86.7249,False,0,0,0,,,,,,,,
102539055,Crashes_2010_2019_MPO,2019-10-16,2019,35.98179,-86.80242,True,0,0,0,,,,,,,,
102540065,Crashes_2010_2019_MPO,2019-10-17,2019,35.93374,-86.81767,False,0,0,0,,,,,,,,
102540919,Crashes_2010_2019_MPO,2019-10-17,2019,35.93986,-86.87951,False,0,0,0,,,,,,,,
102539988,Crashes_2010_2019_MPO,2019-10-17,2019,35.94612,-86.82346,False,0,0,0,,,,,,,,
102540301,Crashes_2010_2019_MPO,2019-10-17,2019,35.92569,-86.87291,False,0,0,0,,,,,,,,
102540765,Crashes_2010_2019_MPO,2019-10-17,2019,35.96202,-86.81533,False,0,0,0,,,,,,,,
102540504,Crashes_2010_2019_MPO,2019-10-17,2019,36.03736,-86.78696,False,0,0,0,,,,,,,,
102540066,Crashes_2010_2019_MPO,2019-10-17,2019,35.95782,-86.80254,False,0,0,0,,,,,,,,
102540246,Crashes_2010_2019_MPO,2019-10-17,2019,35.92366,-86.86782,False,0,0,0,,,,,,,,
102539897,Crashes_2010_2019_MPO,2019-10-17,2019,36.05485,-86.69536,False,0,0,0,,,,,,,,
102540419,Crashes_2010_2019_MPO,2019-10-17,2019,36.04479,-86.72487,False,0,0,0,,,,,,,,
102540239,Crashes_2010_2019_MPO,2019-10-17,2019,35.97334,-86.83305,True,0,0,0,,,,,,,,
102540978,Crashes_2010_2019_MPO,2019-10-18,2019,35.966651,-86.809175,True,0,0,0,,,,,,,,
102541606,Crashes_2010_2019_MPO,2019-10-18,2019,35.95719,-86.80729,False,0,0,0,,,,,,,,
102541860,Crashes_2010_2019_MPO,2019-10-18,2019,36.02662,-86.78481,True,0,0,0,,,,,,,,
102550062,Crashes_2010_2019_MPO,2019-10-18,2019,36.02487,-86.78554,True,0,0,0,,,,,,,,
102542160,Crashes_2010_2019_MPO,2019-10-18,2019,35.98941,-86.74207,True,0,0,0,,,,,,,,
102542031,Crashes_2010_2019_MPO,2019-10-18,2019,36.05476,-86.69407,False,0,0,0,,,,,,,,
102541605,Crashes_2010_2019_MPO,2019-10-18,2019,35.93541,-86.82372,False,0,0,0,,,,,,,,
102541403,Crashes_2010_2019_MPO,2019-10-18,2019,35.96149,-86.81531,False,0,0,0,,,,,,,,
102542036,Crashes_2010_2019_MPO,2019-10-18,2019,36.0464,-86.7124,False,0,0,0,,,,,,,,