record_no,source_layer,collision_ts,crash_year,latitude,longitude,in_city,fatalities,non_motorists,truck_involved,serious_injuries,pedestrian,bicycle,crash_type,manner_of_collision,lighting,weather,first_harmful_event
102541900,Crashes_2010_2019_MPO,2019-10-18,2019,36.05347,-86.71497,False,0,0,0,,,,,,,,
102541373,Crashes_2010_2019_MPO,2019-10-18,2019,36.04042,-86.75193,False,0,0,0,,,,,,,,
102543900,Crashes_2010_2019_MPO,2019-10-18,2019,35.99121,-86.6835,False,0,0,0,,,,,,,,
102540757,Crashes_2010_2019_MPO,2019-10-18,2019,35.97217,-86.8607,False,0,0,0,,,,,,,,
102543020,Crashes_2010_2019_MPO,2019-10-19,2019,36.00747,-86.78742,True,0,0,0,,,,,,,,
102542966,Crashes_2010_2019_MPO,2019-10-19,2019,36.04522,-86.7166,False,0,0,0,,,,,,,,
102543501,Crashes_2010_2019_MPO,2019-10-19,2019,36.0119,-86.70522,False,0,0,0,,,,,,,,
102542431,Crashes_2010_2019_MPO,2019-10-19,2019,36.01585,-86.71538,False,0,0,0,,,,,,,,
102542301,Crashes_2010_2019_MPO,2019-10-19,2019,36.04372,-86.7798,False,0,0,0,,,,,,,,
102543225,Crashes_2010_2019_MPO,2019-10-19,2019,35.95721,-86.84339,False,0,0,0,,,,,,,,
102542276,Crashes_2010_2019_MPO,2019-10-19,2019,36.05398,-86.72528,False,0,0,0,,,,,,,,
102544029,Crashes_2010_2019_MPO,2019-10-19,2019,35.97935,-86.74864,True,0,0,0,,,,,,,,
102542512,Crashes_2010_2019_MPO,2019-10-19,2019,36.0473,-86.86274,False,0,0,0,,,,,,,,
102546948,Crashes_2010_2019_MPO,2019-10-19,2019,35.92391,-86.87162,False,0,0,0,,,,,,,,
102554362,Crashes_2010_2019_MPO,2019-10-19,2019,35.92825,-86.7673,False,0,0,0,,,,,,,,
102544592,Crashes_2010_2019_MPO,2019-10-20,2019,36.02224,-86.71207,False,0,0,0,,,,,,,,
102544175,Crashes_2010_2019_MPO,2019-10-20,2019,36.04188,-86.70339,False,0,0,0,,,,,,,,
102543655,Crashes_2010_2019_MPO,2019-10-20,2019,36.03983,-86.74101,False,0,0,0,,,,,,,,
102543736,Crashes_2010_2019_MPO,2019-10-20,2019,35.9955,-86.77881,True,0,0,0,,,,,,,,
102544286,Crashes_2010_2019_MPO,2019-10-20,2019,35.95862,-86.78223,True,0,0,0,,,,,,,,
102543917,Crashes_2010_2019_MPO,2019-10-20,2019,36.04512,-86.699,False,0,0,0,,,,,,,,
102543836,Crashes_2010_2019_MPO,2019-10-20,2019,35.93409,-86.81987,False,0,0,0,,,,,,,,
102543353,Crashes_2010_2019_MPO,2019-10-20,2019,35.96688,-86.81117,True,0,0,0,,,,,,,,
102543354,Crashes_2010_2019_MPO,2019-10-20,2019,35.96668,-86.80958,True,0,0,0,,,,,,,,
102543855,Crashes_2010_2019_MPO,2019-10-20,2019,35.92338,-86.8118,False,0,0,0,,,,,,,,
102543055,Crashes_2010_2019_MPO,2019-10-20,2019,36.04012,-86.78074,False,0,0,0,,,,,,,,
102544543,Crashes_2010_2019_MPO,2019-10-21,2019,36.02691,-86.68084,False,0,0,0,,,,,,,,
102544842,Crashes_2010_2019_MPO,2019-10-21,2019,36.02493,-86.74237,False,0,0,0,,,,,,,,
102544285,Crashes_2010_2019_MPO,2019-10-21,2019,36.03983,-86.74097,False,0,0,0,,,,,,,,
102544601,Crashes_2010_2019_MPO,2019-10-21,2019,36.03689,-86.81684,True,0,0,0,,,,,,,,
102544327,Crashes_2010_2019_MPO,2019-10-21,2019,36.03794,-86.78644,False,0,0,0,,,,,,,,
102549125,Crashes_2010_2019_MPO,2019-10-21,2019,35.95134,-86.81832,False,0,0,0,,,,,,,,
102544671,Crashes_2010_2019_MPO,2019-10-21,2019,35.93485,-86.77722,False,0,0,0,,,,,,,,
102544682,Crashes_2010_2019_MPO,2019-10-21,2019,35.92917,-86.82073,False,0,0,0,,,,,,,,
102544071,Crashes_2010_2019_MPO,2019-10-21,2019,35.997514,-86.794637,True,0,0,0,,,,,,,,
102544219,Crashes_2010_2019_MPO,2019-10-21,2019,36.03948,-86.78177,False,0,0,0,,,,,,,,
102544675,Crashes_2010_2019_MPO,2019-10-21,2019,35.94872,-86.83189,False,0,0,0,,,,,,,,
102544465,Crashes_2010_2019_MPO,2019-10-21,2019,36.03801,-86.78424,False,0,0,0,,,,,,,,
102544262,Crashes_2010_2019_MPO,2019-10-21,2019,36.04026,-86.8164,False,0,0,0,,,,,,,,
102544222,Crashes_2010_2019_MPO,2019-10-21,2019,36.03948,-86.78177,False,0,0,0,,,,,,,,
102546033,Crashes_2010_2019_MPO,2019-10-22,2019,35.96572,-86.80776,False,0,0,0,,,,,,,,
102545179,Crashes_2010_2019_MPO,2019-10-22,2019,35.93756,-86.76809,False,0,0,0,,,,,,,,
102545056,Crashes_2010_2019_MPO,2019-10-22,2019,35.93405,-86.81901,False,0,0,0,,,,,,,,
102545019,Crashes_2010_2019_MPO,2019-10-22,2019,35.9282,-86.76738,False,0,0,0,,,,,,,,
102545241,Crashes_2010_2019_MPO,2019-10-22,2019,35.99618,-86.79721,True,0,0,0,,,,,,,,
102545883,Crashes_2010_2019_MPO,2019-10-22,2019,35.97716,-86.67813,False,0,0,0,,,,,,,,
102545607,Crashes_2010_2019_MPO,2019-10-22,2019,36.04557,-86.71114,False,0,0,0,,,,,,,,
102545635,Crashes_2010_2019_MPO,2019-10-22,2019,35.92875,-86.82434,False,0,0,0,,,,,,,,
102545547,Crashes_2010_2019_MPO,2019-10-22,2019,36.04685,-86.67941,False,0,0,0,,,,,,,,
102546622,Crashes_2010_2019_MPO,2019-10-22,2019,35.95467,-86.81184,False,0,0,0,,,,,,,,
102545257,Crashes_2010_2019_MPO,2019-10-22,2019,35.96687,-86.81109,True,0,0,0,,,,,,,,
102545181,Crashes_2010_2019_MPO,2019-10-22,2019,35.92293,-86.8166,False,0,0,0,,,,,,,,
102545504,Crashes_2010_2019_MPO,2019-10-22,2019,36.04493,-86.70225,False,0,0,0,,,,,,,,
102545515,Crashes_2010_2019_MPO,2019-10-22,2019,35.95209,-86.81805,False,0,0,0,,,,,,,,
102545071,Crashes_2010_2019_MPO,2019-10-22,2019,36.03312,-86.78688,True,0,0,0,,,,,,,,
102546237,Crashes_2010_2019_MPO,2019-10-22,2019,35.96202,-86.81533,False,0,0,0,,,,,,,,
102546305,Crashes_2010_2019_MPO,2019-10-23,2019,35.99922,-86.80923,True,0,0,0,,,,,,,,
102566829,Crashes_2010_2019_MPO,2019-10-23,2019,35.9461,-86.80762,False,0,0,0,,,,,,,,
102546561,Crashes_2010_2019_MPO,2019-10-23,2019,36.00106,-86.80825,True,0,0,0,,,,,,,,
102546696,Crashes_2010_2019_MPO,2019-10-23,2019,35.99667,-86.79007,True,0,0,0,,,,,,,,
102546690,Crashes_2010_2019_MPO,2019-10-23,2019,35.94574,-86.80759,False,0,0,0,,,,,,,,
102548487,Crashes_2010_2019_MPO,2019-10-23,2019,35.92641,-86.82447,False,0,0,0,,,,,,,,
102546687,Crashes_2010_2019_MPO,2019-10-23,2019,35.94889,-86.81961,False,0,0,0,,,,,,,,
102546075,Crashes_2010_2019_MPO,2019-10-23,2019,36.04569,-86.72065,False,0,0,0,,,,,,,,
102546947,Crashes_2010_2019_MPO,2019-10-23,2019,36.03183,-86.75624,False,0,0,0,,,,,,,,
102546317,Crashes_2010_2019_MPO,2019-10-23,2019,35.9584,-86.80226,False,0,0,0,,,,,,,,
102546686,Crashes_2010_2019_MPO,2019-10-23,2019,35.94603,-86.81946,False,0,0,0,,,,,,,,
102546401,Crashes_2010_2019_MPO,2019-10-23,2019,35.98567,-86.80084,True,0,0,0,,,,,,,,
102546689,Crashes_2010_2019_MPO,2019-10-23,2019,36.04428,-86.68743,False,0,0,0,,,,,,,,
102547556,Crashes_2010_2019_MPO,2019-10-24,2019,35.94675,-86.85178,False,0,0,0,,,,,,,,
102547109,Crashes_2010_2019_MPO,2019-10-24,2019,36.04476,-86.7811,False,0,0,0,,,,,,,,
102548188,Crashes_2010_2019_MPO,2019-10-24,2019,35.96839,-86.80751,True,0,0,0,,,,,,,,
102547879,Crashes_2010_2019_MPO,2019-10-24,2019,35.9518,-86.81259,False,0,0,0,,,,,,,,
102547671,Crashes_2010_2019_MPO,2019-10-24,2019,35.9406,-86.81673,False,0,0,0,,,,,,,,
102547288,Crashes_2010_2019_MPO,2019-10-24,2019,35.9666,-86.8092,True,0,0,0,,,,,,,,
102547449,Crashes_2010_2019_MPO,2019-10-24,2019,36.04222,-86.83169,False,0,0,0,,,,,,,,
102548091,Crashes_2010_2019_MPO,2019-10-24,2019,35.96737,-86.67706,False,0,0,0,,,,,,,,
102547083,Crashes_2010_2019_MPO,2019-10-24,2019,35.96889,-86.71425,True,0,0,0,,,,,,,,
102547804,Crashes_2010_2019_MPO,2019-10-24,2019,35.99922,-86.80923,True,0,0,0,,,,,,,,
102547833,Crashes_2010_2019_MPO,2019-10-24,2019,35.96805,-86.81013,True,0,0,0,,,,,,,,
102547746,Crashes_2010_2019_MPO,2019-10-24,2019,36.00374,-86.80688,True,0,0,0,,,,,,,,
102547095,Crashes_2010_2019_MPO,2019-10-24,2019,35.96721,-86.8135,True,0,0,0,,,,,,,,
102547665,Crashes_2010_2019_MPO,2019-10-24,2019,35.92489,-86.76706,False,0,0,1,,,,,,,,
102547749,Crashes_2010_2019_MPO,2019-10-24,2019,35.9411,-86.81656,False,0,0,0,,,,,,,,
102548988,Crashes_2010_2019_MPO,2019-10-25,2019,35.95985,-86.7389,True,0,0,0,,,,,,,,
102548466,Crashes_2010_2019_MPO,2019-10-25,2019,35.92254,-86.87194,False,0,0,0,,,,,,,,
102548236,Crashes_2010_2019_MPO,2019-10-25,2019,35.96562,-86.70619,True,0,0,0,,,,,,,,
102550679,Crashes_2010_2019_MPO,2019-10-25,2019,35.92844,-86.83378,False,0,0,0,,,,,,,,
102548573,Crashes_2010_2019_MPO,2019-10-25,2019,35.96688,-86.81117,True,0,0,0,,,,,,,,
102549042,Crashes_2010_2019_MPO,2019-10-25,2019,36.04537,-86.71326,False,0,0,0,,,,,,,,
102548467,Crashes_2010_2019_MPO,2019-10-25,2019,35.94782,-86.81975,False,0,0,0,,,,,,,,
102548179,Crashes_2010_2019_MPO,2019-10-25,2019,35.92256,-86.81373,False,0,0,0,,,,,,,,
102548658,Crashes_2010_2019_MPO,2019-10-25,2019,36.04353,-86.75275,False,0,0,0,,,,,,,,
102550239,Crashes_2010_2019_MPO,2019-10-25,2019,35.97438,-86.83209,True,0,0,0,,,,,,,,
102548819,Crashes_2010_2019_MPO,2019-10-25,2019,36.01346,-86.80358,True,0,0,0,,,,,,,,
102550692,Crashes_2010_2019_MPO,2019-10-25,2019,35.95594,-86.83223,False,0,0,0,,,,,,,,
102549099,Crashes_2010_2019_MPO,2019-10-25,2019,36.01349,-86.73842,False,0,0,0,,,,,,,,
102548642,Crashes_2010_2019_MPO,2019-10-25,2019,36.01467,-86.72558,False,0,0,0,,,,,,,,
102550704,Crashes_2010_2019_MPO,2019-10-25,2019,35.93219,-86.79405,False,0,0,0,,,,,,,,
102549003,Crashes_2010_2019_MPO,2019-10-25,2019,36.00171,-86.69604,False,0,0,0,,,,,,,,
102548177,Crashes_2010_2019_MPO,2019-10-25,2019,35.95196,-86.76618,True,0,0,0,,,,,,,,
102548565,Crashes_2010_2019_MPO,2019-10-25,2019,35.966736,-86.809094,True,0,0,0,,,,,,,,
102549504,Crashes_2010_2019_MPO,2019-10-26,2019,36.03446,-86.78335,True,0,0,0,,,,,,,,
102549885,Crashes_2010_2019_MPO,2019-10-26,2019,36.02122,-86.73734,False,0,0,0,,,,,,,,
102549603,Crashes_2010_2019_MPO,2019-10-26,2019,35.92609,-86.87139,False,0,0,0,,,,,,,,
102549235,Crashes_2010_2019_MPO,2019-10-26,2019,36.01615,-86.68127,False,0,0,0,,,,,,,,
102551214,Crashes_2010_2019_MPO,2019-10-26,2019,36.04583,-86.68471,False,0,0,0,,,,,,,,
102549907,Crashes_2010_2019_MPO,2019-10-26,2019,36.01381,-86.8047,True,0,0,0,,,,,,,,
102550116,Crashes_2010_2019_MPO,2019-10-26,2019,36.05194,-86.81618,False,0,0,0,,,,,,,,
102550107,Crashes_2010_2019_MPO,2019-10-26,2019,36.04066,-86.69963,False,0,0,0,,,,,,,,
102549631,Crashes_2010_2019_MPO,2019-10-26,2019,36.03047,-86.74398,False,0,0,0,,,,,,,,
102550416,Crashes_2010_2019_MPO,2019-10-27,2019,36.02541,-86.69639,False,0,0,0,,,,,,,,
102550793,Crashes_2010_2019_MPO,2019-10-27,2019,36.03322,-86.78531,True,0,0,0,,,,,,,,
102550739,Crashes_2010_2019_MPO,2019-10-27,2019,36.0411,-86.74373,False,0,0,0,,,,,,,,
102550505,Crashes_2010_2019_MPO,2019-10-27,2019,35.96747,-86.81598,True,0,0,0,,,,,,,,
102550691,Crashes_2010_2019_MPO,2019-10-27,2019,36.04019,-86.7448,False,0,0,0,,,,,,,,
102559514,Crashes_2010_2019_MPO,2019-10-27,2019,35.99156,-86.79881,True,0,0,0,,,,,,,,
102552182,Crashes_2010_2019_MPO,2019-10-28,2019,36.00547,-86.86757,False,0,0,0,,,,,,,,
102551518,Crashes_2010_2019_MPO,2019-10-28,2019,36.01344,-86.80342,True,0,0,0,,,,,,,,
102551384,Crashes_2010_2019_MPO,2019-10-28,2019,36.04134,-86.74998,False,0,0,0,,,,,,,,
102551497,Crashes_2010_2019_MPO,2019-10-28,2019,35.94123,-86.83833,False,0,0,0,,,,,,,,
102551758,Crashes_2010_2019_MPO,2019-10-28,2019,36.0453,-86.70168,False,0,0,0,,,,,,,,
102551476,Crashes_2010_2019_MPO,2019-10-28,2019,35.96519,-86.80794,False,0,0,0,,,,,,,,
102552003,Crashes_2010_2019_MPO,2019-10-28,2019,36.02997,-86.8309,True,0,0,0,,,,,,,,
102551140,Crashes_2010_2019_MPO,2019-10-28,2019,35.9233,-86.76699,False,0,0,0,,,,,,,,
102551234,Crashes_2010_2019_MPO,2019-10-28,2019,36.03991,-86.74205,False,0,0,0,,,,,,,,
102551623,Crashes_2010_2019_MPO,2019-10-28,2019,36.0374,-86.78657,False,0,0,0,,,,,,,,
102551142,Crashes_2010_2019_MPO,2019-10-28,2019,36.03889,-86.78281,False,0,0,0,,,,,,,,
102552171,Crashes_2010_2019_MPO,2019-10-28,2019,36.0399,-86.71278,False,0,0,0,,,,,,,,
102552085,Crashes_2010_2019_MPO,2019-10-28,2019,35.9559,-86.83181,False,0,0,0,,,,,,,,
102551470,Crashes_2010_2019_MPO,2019-10-28,2019,35.9583,-86.8023,False,0,0,0,,,,,,,,
102553032,Crashes_2010_2019_MPO,2019-10-28,2019,35.92725,-86.87689,False,0,0,0,,,,,,,,
102552002,Crashes_2010_2019_MPO,2019-10-28,2019,36.03136,-86.83272,True,0,0,0,,,,,,,,
102551744,Crashes_2010_2019_MPO,2019-10-28,2019,36.02178,-86.68614,False,0,0,0,,,,,,,,
102551947,Crashes_2010_2019_MPO,2019-10-29,2019,36.0096,-86.80322,True,0,0,0,,,,,,,,
102552194,Crashes_2010_2019_MPO,2019-10-29,2019,35.98981,-86.74345,True,0,0,0,,,,,,,,
102552173,Crashes_2010_2019_MPO,2019-10-29,2019,36.04061,-86.71278,False,0,0,0,,,,,,,,
102552457,Crashes_2010_2019_MPO,2019-10-29,2019,35.99583,-86.78225,True,0,0,0,,,,,,,,
102553110,Crashes_2010_2019_MPO,2019-10-29,2019,35.99583,-86.78225,True,0,0,0,,,,,,,,
102552018,Crashes_2010_2019_MPO,2019-10-29,2019,35.9912,-86.68349,False,0,0,0,,,,,,,,
102552433,Crashes_2010_2019_MPO,2019-10-29,2019,35.9919,-86.79869,True,0,0,0,,,,,,,,
102552175,Crashes_2010_2019_MPO,2019-10-29,2019,36.04479,-86.72487,False,0,0,0,,,,,,,,
102552110,Crashes_2010_2019_MPO,2019-10-29,2019,35.93425,-86.81869,False,0,0,0,,,,,,,,
102552174,Crashes_2010_2019_MPO,2019-10-29,2019,36.04001,-86.74347,False,0,0,0,,,,,,,,
102552067,Crashes_2010_2019_MPO,2019-10-29,2019,35.93219,-86.79405,False,0,0,0,,,,,,,,
102553434,Crashes_2010_2019_MPO,2019-10-30,2019,35.96705,-86.81355,True,0,0,0,,,,,,,,
102557138,Crashes_2010_2019_MPO,2019-10-30,2019,35.99781,-86.79886,True,0,0,0,,,,,,,,
102553753,Crashes_2010_2019_MPO,2019-10-30,2019,35.96591,-86.83838,False,0,0,0,,,,,,,,
102553769,Crashes_2010_2019_MPO,2019-10-30,2019,35.97716,-86.67813,False,0,0,0,,,,,,,,
102553367,Crashes_2010_2019_MPO,2019-10-30,2019,36.02652,-86.79251,True,0,0,0,,,,,,,,
102553446,Crashes_2010_2019_MPO,2019-10-30,2019,35.96998,-86.836,False,0,0,0,,,,,,,,
102553111,Crashes_2010_2019_MPO,2019-10-30,2019,36.03336,-86.78872,True,0,0,0,,,,,,,,
102554029,Crashes_2010_2019_MPO,2019-10-30,2019,35.94489,-86.82843,False,0,0,0,,,,,,,,
102553392,Crashes_2010_2019_MPO,2019-10-30,2019,36.0374,-86.78657,False,0,0,0,,,,,,,,
102553339,Crashes_2010_2019_MPO,2019-10-30,2019,35.95526,-86.82588,False,0,0,0,,,,,,,,
102553695,Crashes_2010_2019_MPO,2019-10-30,2019,36.03393,-86.78544,True,0,0,0,,,,,,,,
102553024,Crashes_2010_2019_MPO,2019-10-30,2019,36.03407,-86.80156,True,0,0,0,,,,,,,,
102553272,Crashes_2010_2019_MPO,2019-10-30,2019,35.9667,-86.81121,True,0,0,0,,,,,,,,
102554098,Crashes_2010_2019_MPO,2019-10-31,2019,35.96161,-86.81528,False,0,0,0,,,,,,,,
102554106,Crashes_2010_2019_MPO,2019-10-31,2019,36.00799,-86.78689,True,0,0,0,,,,,,,,
102553843,Crashes_2010_2019_MPO,2019-10-31,2019,35.93112,-86.81978,False,0,0,0,,,,,,,,
102554396,Crashes_2010_2019_MPO,2019-10-31,2019,35.99939,-86.85581,False,0,0,0,,,,,,,,
102553904,Crashes_2010_2019_MPO,2019-10-31,2019,36.04481,-86.84894,False,0,0,0,,,,,,,,
102554419,Crashes_2010_2019_MPO,2019-10-31,2019,35.96206,-86.80903,False,0,0,0,,,,,,,,
102554541,Crashes_2010_2019_MPO,2019-10-31,2019,35.92596,-86.87717,False,0,0,0,,,,,,,,
102554285,Crashes_2010_2019_MPO,2019-10-31,2019,35.96665,-86.80939,True,0,0,0,,,,,,,,
102554532,Crashes_2010_2019_MPO,2019-10-31,2019,35.93446,-86.81991,False,0,0,0,,,,,,,,
102554422,Crashes_2010_2019_MPO,2019-10-31,2019,35.95708,-86.87591,False,0,0,0,,,,,,,,
102554355,Crashes_2010_2019_MPO,2019-10-31,2019,36.03912,-86.74342,False,0,0,0,,,,,,,,
102553997,Crashes_2010_2019_MPO,2019-10-31,2019,36.04249,-86.72156,False,0,0,0,,,,,,,,
102554156,Crashes_2010_2019_MPO,2019-10-31,2019,35.99781,-86.79886,True,0,0,0,,,,,,,,
102558301,Crashes_2010_2019_MPO,2019-11-01,2019,35.96875,-86.8099,True,0,0,1,,,,,,,,
102555332,Crashes_2010_2019_MPO,2019-11-01,2019,35.93102,-86.71523,False,0,0,0,,,,,,,,
102555457,Crashes_2010_2019_MPO,2019-11-01,2019,35.95484,-86.73871,True,0,0,1,,,,,,,,
102555198,Crashes_2010_2019_MPO,2019-11-01,2019,35.93689,-86.82093,False,0,0,0,,,,,,,,
102555502,Crashes_2010_2019_MPO,2019-11-01,2019,35.92641,-86.82453,False,0,0,0,,,,,,,,
102554571,Crashes_2010_2019_MPO,2019-11-01,2019,36.04123,-86.72666,False,0,0,0,,,,,,,,
102555456,Crashes_2010_2019_MPO,2019-11-01,2019,36.03761,-86.78512,False,0,0,0,,,,,,,,
102554612,Crashes_2010_2019_MPO,2019-11-01,2019,35.93871,-86.81753,False,0,0,0,,,,,,,,
102555422,Crashes_2010_2019_MPO,2019-11-01,2019,35.93984,-86.67951,False,0,0,0,,,,,,,,
102554905,Crashes_2010_2019_MPO,2019-11-01,2019,36.03928,-86.79315,False,0,0,1,,,,,,,,
102555204,Crashes_2010_2019_MPO,2019-11-01,2019,35.94783,-86.86376,False,0,0,0,,,,,,,,
102554955,Crashes_2010_2019_MPO,2019-11-01,2019,35.95835,-86.73042,True,0,0,0,,,,,,,,
102555478,Crashes_2010_2019_MPO,2019-11-01,2019,35.98402,-86.69946,True,0,0,0,,,,,,,,
102557276,Crashes_2010_2019_MPO,2019-11-01,2019,35.9476,-86.81992,False,0,0,0,,,,,,,,
102554923,Crashes_2010_2019_MPO,2019-11-01,2019,36.04104,-86.77944,False,0,0,0,,,,,,,,
102554887,Crashes_2010_2019_MPO,2019-11-01,2019,36.01814,-86.69881,False,0,0,0,,,,,,,,
102555582,Crashes_2010_2019_MPO,2019-11-01,2019,35.94361,-86.82022,False,0,0,0,,,,,,,,
102555249,Crashes_2010_2019_MPO,2019-11-01,2019,36.04122,-86.72667,False,0,0,0,,,,,,,,
102555918,Crashes_2010_2019_MPO,2019-11-02,2019,36.04537,-86.71326,False,0,0,0,,,,,,,,
102556165,Crashes_2010_2019_MPO,2019-11-02,2019,36.04083,-86.77951,False,0,0,0,,,,,,,,
102556390,Crashes_2010_2019_MPO,2019-11-02,2019,35.94475,-86.82827,False,0,0,0,,,,,,,,
102555799,Crashes_2010_2019_MPO,2019-11-02,2019,36.04561,-86.71977,False,0,0,0,,,,,,,,
102556431,Crashes_2010_2019_MPO,2019-11-02,2019,35.97554,-86.83049,True,0,0,0,,,,,,,,
102556131,Crashes_2010_2019_MPO,2019-11-02,2019,35.92556,-86.86739,False,0,0,0,,,,,,,,
102556340,Crashes_2010_2019_MPO,2019-11-02,2019,35.96508,-86.81622,True,0,0,0,,,,,,,,
102556470,Crashes_2010_2019_MPO,2019-11-02,2019,35.96739,-86.81346,True,0,0,0,,,,,,,,
102556040,Crashes_2010_2019_MPO,2019-11-02,2019,36.04562,-86.70643,False,0,0,0,,,,,,,,
102556097,Crashes_2010_2019_MPO,2019-11-02,2019,35.94603,-86.82366,False,0,0,0,,,,,,,,
102556016,Crashes_2010_2019_MPO,2019-11-02,2019,35.99141,-86.69637,True,0,0,1,,,,,,,,
102556334,Crashes_2010_2019_MPO,2019-11-02,2019,36.04733,-86.86283,False,0,0,0,,,,,,,,
102557269,Crashes_2010_2019_MPO,2019-11-03,2019,35.9407,-86.83934,False,0,0,0,,,,,,,,
102557317,Crashes_2010_2019_MPO,2019-11-03,2019,35.98435,-86.72415,True,0,0,0,,,,,,,,
102556850,Crashes_2010_2019_MPO,2019-11-03,2019,36.03122,-86.87558,False,0,0,0,,,,,,,,
102557046,Crashes_2010_2019_MPO,2019-11-03,2019,35.94618,-86.81951,False,0,0,0,,,,,,,,
102557972,Crashes_2010_2019_MPO,2019-11-03,2019,35.98097,-86.74517,True,0,0,0,,,,,,,,
102557381,Crashes_2010_2019_MPO,2019-11-03,2019,35.96198,-86.81518,False,0,0,0,,,,,,,,
102558197,Crashes_2010_2019_MPO,2019-11-04,2019,35.93573,-86.8243,False,0,0,0,,,,,,,,
102557668,Crashes_2010_2019_MPO,2019-11-04,2019,35.99749,-86.79463,True,0,0,0,,,,,,,,
102559034,Crashes_2010_2019_MPO,2019-11-04,2019,35.92807,-86.87509,False,0,0,0,,,,,,,,
102558122,Crashes_2010_2019_MPO,2019-11-04,2019,36.04124,-86.77839,False,0,0,0,,,,,,,,
102557794,Crashes_2010_2019_MPO,2019-11-04,2019,36.04069,-86.69966,False,0,0,0,,,,,,,,
102557782,Crashes_2010_2019_MPO,2019-11-04,2019,36.02573,-86.70271,False,0,0,0,,,,,,,,
102558389,Crashes_2010_2019_MPO,2019-11-04,2019,35.93983,-86.85712,False,0,0,0,,,,,,,,
102557846,Crashes_2010_2019_MPO,2019-11-04,2019,35.92372,-86.86968,False,0,0,0,,,,,,,,
102557731,Crashes_2010_2019_MPO,2019-11-04,2019,35.99349,-86.68562,False,0,0,0,,,,,,,,
102558033,Crashes_2010_2019_MPO,2019-11-04,2019,36.04179,-86.82433,False,0,0,0,,,,,,,,
102558196,Crashes_2010_2019_MPO,2019-11-04,2019,35.94212,-86.8162,False,0,0,0,,,,,,,,
102557781,Crashes_2010_2019_MPO,2019-11-04,2019,35.99349,-86.68562,False,0,0,0,,,,,,,,
102557758,Crashes_2010_2019_MPO,2019-11-04,2019,36.00761,-86.70086,False,0,0,0,,,,,,,,
102557851,Crashes_2010_2019_MPO,2019-11-04,2019,35.96688,-86.81117,True,0,0,0,,,,,,,,
102557882,Crashes_2010_2019_MPO,2019-11-04,2019,35.965842,-86.805415,True,0,0,0,,,,,,,,
102558307,Crashes_2010_2019_MPO,2019-11-04,2019,35.99997,-86.79545,True,0,0,0,,,,,,,,
102558180,Crashes_2010_2019_MPO,2019-11-04,2019,36.03914,-86.78234,False,0,0,0,,,,,,,,
102558192,Crashes_2010_2019_MPO,2019-11-04,2019,35.99153,-86.75333,True,0,0,0,,,,,,,,
102558052,Crashes_2010_2019_MPO,2019-11-04,2019,35.92872,-86.86522,False,0,0,0,,,,,,,,
102558064,Crashes_2010_2019_MPO,2019-11-04,2019,35.96608,-86.80581,True,0,0,0,,,,,,,,
102558051,Crashes_2010_2019_MPO,2019-11-04,2019,35.99551,-86.77887,True,0,0,0,,,,,,,,
102558136,Crashes_2010_2019_MPO,2019-11-04,2019,36.0536,-86.71501,False,0,0,0,,,,,,,,
102558241,Crashes_2010_2019_MPO,2019-11-04,2019,36.04811,-86.77574,False,0,0,0,,,,,,,,
102558274,Crashes_2010_2019_MPO,2019-11-04,2019,36.03484,-86.79622,True,0,0,0,,,,,,,,
102558833,Crashes_2010_2019_MPO,2019-11-04,2019,35.92642,-86.82461,False,0,0,0,,,,,,,,
102561340,Crashes_2010_2019_MPO,2019-11-05,2019,35.9407,-86.83934,False,0,0,0,,,,,,,,
102559483,Crashes_2010_2019_MPO,2019-11-05,2019,35.92784,-86.82092,False,0,0,0,,,,,,,,
102559510,Crashes_2010_2019_MPO,2019-11-05,2019,35.94809,-86.81826,False,0,0,0,,,,,,,,
102558645,Crashes_2010_2019_MPO,2019-11-05,2019,35.98459,-86.72524,True,0,0,0,,,,,,,,
102559175,Crashes_2010_2019_MPO,2019-11-05,2019,35.9584,-86.80226,False,0,0,0,,,,,,,,
102559123,Crashes_2010_2019_MPO,2019-11-05,2019,35.94585,-86.80867,False,0,0,0,,,,,,,,
102562592,Crashes_2010_2019_MPO,2019-11-05,2019,35.98498,-86.80132,True,0,0,0,,,,,,,,
102558981,Crashes_2010_2019_MPO,2019-11-05,2019,36.04518,-86.71324,False,0,0,0,,,,,,,,
102559526,Crashes_2010_2019_MPO,2019-11-05,2019,35.94693,-86.80691,False,0,0,0,,,,,,,,
102559202,Crashes_2010_2019_MPO,2019-11-05,2019,36.03948,-86.78177,False,0,0,0,,,,,,,,
102562591,Crashes_2010_2019_MPO,2019-11-05,2019,36.0116,-86.78485,True,0,0,1,,,,,,,,
102559124,Crashes_2010_2019_MPO,2019-11-05,2019,35.92637,-86.82398,False,0,0,0,,,,,,,,
102558609,Crashes_2010_2019_MPO,2019-11-05,2019,35.97182,-86.82584,True,0,0,0,,,,,,,,
102560649,Crashes_2010_2019_MPO,2019-11-06,2019,35.95004,-86.84915,False,0,0,0,,,,,,,,
102560073,Crashes_2010_2019_MPO,2019-11-06,2019,35.94781,-86.81499,False,0,0,0,,,,,,,,
102560642,Crashes_2010_2019_MPO,2019-11-06,2019,35.93413,-86.82058,False,0,0,0,,,,,,,,
102561068,Crashes_2010_2019_MPO,2019-11-06,2019,35.92618,-86.79251,False,0,0,0,,,,,,,,
102561103,Crashes_2010_2019_MPO,2019-11-06,2019,35.95661,-86.81119,False,0,0,0,,,,,,,,
102560169,Crashes_2010_2019_MPO,2019-11-06,2019,36.05232,-86.68336,False,0,0,0,,,,,,,,
102559841,Crashes_2010_2019_MPO,2019-11-06,2019,36.04091,-86.77938,False,0,0,0,,,,,,,,
102559766,Crashes_2010_2019_MPO,2019-11-06,2019,35.96715,-86.8141,True,0,0,0,,,,,,,,
102559723,Crashes_2010_2019_MPO,2019-11-06,2019,36.04197,-86.83376,False,0,0,0,,,,,,,,