record_no,source_layer,collision_ts,crash_year,latitude,longitude,in_city,fatalities,non_motorists,truck_involved,serious_injuries,pedestrian,bicycle,crash_type,manner_of_collision,lighting,weather,first_harmful_event
102559842,Crashes_2010_2019_MPO,2019-11-06,2019,35.98714,-86.81643,True,0,0,0,,,,,,,,
102560640,Crashes_2010_2019_MPO,2019-11-06,2019,35.93324,-86.81444,False,0,0,0,,,,,,,,
102560662,Crashes_2010_2019_MPO,2019-11-06,2019,35.95244,-86.7663,True,0,0,0,,,,,,,,
102559708,Crashes_2010_2019_MPO,2019-11-06,2019,36.04387,-86.7131,False,0,0,0,,,,,,,,
102560072,Crashes_2010_2019_MPO,2019-11-06,2019,35.97448,-86.80471,True,0,0,0,,,,,,,,
102559668,Crashes_2010_2019_MPO,2019-11-06,2019,36.04653,-86.68335,False,0,0,0,,,,,,,,
102560902,Crashes_2010_2019_MPO,2019-11-07,2019,36.03584,-86.78363,False,0,0,0,,,,,,,,
102560665,Crashes_2010_2019_MPO,2019-11-07,2019,36.05049,-86.87668,False,0,0,0,,,,,,,,
102560929,Crashes_2010_2019_MPO,2019-11-07,2019,35.95902,-86.81609,False,0,0,0,,,,,,,,
102561389,Crashes_2010_2019_MPO,2019-11-07,2019,36.0001,-86.79501,True,0,0,0,,,,,,,,
102560433,Crashes_2010_2019_MPO,2019-11-07,2019,35.98044,-86.80265,True,0,0,0,,,,,,,,
102561064,Crashes_2010_2019_MPO,2019-11-07,2019,36.01797,-86.76941,True,0,0,0,,,,,,,,
102560772,Crashes_2010_2019_MPO,2019-11-07,2019,35.9969,-86.77906,True,0,0,0,,,,,,,,
102561138,Crashes_2010_2019_MPO,2019-11-07,2019,35.94631,-86.8236,False,0,0,0,,,,,,,,
102561137,Crashes_2010_2019_MPO,2019-11-07,2019,35.93292,-86.78285,False,0,0,0,,,,,,,,
102561335,Crashes_2010_2019_MPO,2019-11-07,2019,36.00578,-86.86269,False,0,0,0,,,,,,,,
102560859,Crashes_2010_2019_MPO,2019-11-07,2019,36.03407,-86.80156,True,0,0,0,,,,,,,,
102561022,Crashes_2010_2019_MPO,2019-11-07,2019,36.04633,-86.85837,False,0,0,0,,,,,,,,
102561209,Crashes_2010_2019_MPO,2019-11-07,2019,36.02547,-86.71305,False,0,0,0,,,,,,,,
102560775,Crashes_2010_2019_MPO,2019-11-07,2019,35.99781,-86.79886,True,0,0,0,,,,,,,,
102561775,Crashes_2010_2019_MPO,2019-11-07,2019,35.9691,-86.71715,True,0,0,0,,,,,,,,
102562243,Crashes_2010_2019_MPO,2019-11-08,2019,36.03336,-86.78872,True,0,0,0,,,,,,,,
102562200,Crashes_2010_2019_MPO,2019-11-08,2019,35.99574,-86.78125,True,0,0,0,,,,,,,,
102562079,Crashes_2010_2019_MPO,2019-11-08,2019,35.97348,-86.83292,True,0,0,0,,,,,,,,
102564717,Crashes_2010_2019_MPO,2019-11-08,2019,35.9595,-86.76859,True,0,0,0,,,,,,,,
102562646,Crashes_2010_2019_MPO,2019-11-08,2019,35.93536,-86.83964,False,0,0,0,,,,,,,,
102561470,Crashes_2010_2019_MPO,2019-11-08,2019,36.01383,-86.71828,False,0,0,0,,,,,,,,
102562232,Crashes_2010_2019_MPO,2019-11-08,2019,36.04758,-86.74372,False,0,0,0,,,,,,,,
102562078,Crashes_2010_2019_MPO,2019-11-08,2019,36.03798,-86.78458,False,0,0,0,,,,,,,,
102562179,Crashes_2010_2019_MPO,2019-11-08,2019,35.92373,-86.79452,False,0,0,0,,,,,,,,
102562671,Crashes_2010_2019_MPO,2019-11-08,2019,36.01035,-86.78513,True,0,0,0,,,,,,,,
102563566,Crashes_2010_2019_MPO,2019-11-08,2019,35.97051,-86.67826,False,0,0,0,,,,,,,,
102561573,Crashes_2010_2019_MPO,2019-11-08,2019,35.97042,-86.72567,True,0,0,0,,,,,,,,
102562482,Crashes_2010_2019_MPO,2019-11-08,2019,36.04014,-86.78075,False,0,0,0,,,,,,,,
102563054,Crashes_2010_2019_MPO,2019-11-09,2019,35.92254,-86.87194,False,0,0,0,,,,,,,,
102562793,Crashes_2010_2019_MPO,2019-11-09,2019,36.01176,-86.72667,False,0,0,0,,,,,,,,
102562903,Crashes_2010_2019_MPO,2019-11-09,2019,36.04546,-86.70417,False,0,0,0,,,,,,,,
102563326,Crashes_2010_2019_MPO,2019-11-09,2019,36.0409,-86.77938,False,0,0,0,,,,,,,,
102562849,Crashes_2010_2019_MPO,2019-11-09,2019,36.04393,-86.6933,False,0,0,0,,,,,,,,
102563850,Crashes_2010_2019_MPO,2019-11-09,2019,35.99113,-86.79896,True,0,0,0,,,,,,,,
102562878,Crashes_2010_2019_MPO,2019-11-09,2019,36.01513,-86.78156,True,0,0,0,,,,,,,,
102563640,Crashes_2010_2019_MPO,2019-11-09,2019,35.94674,-86.82206,False,0,0,0,,,,,,,,
102563287,Crashes_2010_2019_MPO,2019-11-09,2019,36.04526,-86.71475,False,0,0,0,,,,,,,,
102564005,Crashes_2010_2019_MPO,2019-11-10,2019,36.03384,-86.71303,False,0,0,0,,,,,,,,
102564413,Crashes_2010_2019_MPO,2019-11-10,2019,36.04597,-86.71638,False,0,0,0,,,,,,,,
102564052,Crashes_2010_2019_MPO,2019-11-10,2019,35.98858,-86.79412,True,0,0,0,,,,,,,,
102568363,Crashes_2010_2019_MPO,2019-11-10,2019,35.9912,-86.68349,False,0,0,0,,,,,,,,
102564044,Crashes_2010_2019_MPO,2019-11-10,2019,35.95991,-86.81537,False,0,0,0,,,,,,,,
102564064,Crashes_2010_2019_MPO,2019-11-10,2019,36.0021,-86.8227,True,0,0,0,,,,,,,,
102565180,Crashes_2010_2019_MPO,2019-11-11,2019,35.99315,-86.69647,True,0,0,0,,,,,,,,
102564801,Crashes_2010_2019_MPO,2019-11-11,2019,35.94586,-86.82431,False,0,0,0,,,,,,,,
102566245,Crashes_2010_2019_MPO,2019-11-11,2019,36.0299,-86.78368,True,0,0,0,,,,,,,,
102564916,Crashes_2010_2019_MPO,2019-11-11,2019,36.03748,-86.79098,False,0,0,0,,,,,,,,
102565022,Crashes_2010_2019_MPO,2019-11-11,2019,35.95436,-86.81753,False,0,0,0,,,,,,,,
102565156,Crashes_2010_2019_MPO,2019-11-11,2019,35.99079,-86.75111,True,0,0,0,,,,,,,,
102564962,Crashes_2010_2019_MPO,2019-11-11,2019,35.93473,-86.8216,False,0,0,0,,,,,,,,
102565209,Crashes_2010_2019_MPO,2019-11-11,2019,35.97014,-86.80912,True,0,0,0,,,,,,,,
102565440,Crashes_2010_2019_MPO,2019-11-11,2019,36.02698,-86.8288,True,0,0,0,,,,,,,,
102565342,Crashes_2010_2019_MPO,2019-11-11,2019,36.04522,-86.71479,False,0,0,0,,,,,,,,
102565443,Crashes_2010_2019_MPO,2019-11-11,2019,36.02741,-86.82905,True,0,0,0,,,,,,,,
102565019,Crashes_2010_2019_MPO,2019-11-11,2019,35.92254,-86.87194,False,0,0,0,,,,,,,,
102565205,Crashes_2010_2019_MPO,2019-11-11,2019,35.97188,-86.83433,False,0,0,0,,,,,,,,
102565344,Crashes_2010_2019_MPO,2019-11-11,2019,36.04051,-86.77034,False,0,0,0,,,,,,,,
102565181,Crashes_2010_2019_MPO,2019-11-11,2019,35.9446,-86.81533,False,0,0,0,,,,,,,,
102565172,Crashes_2010_2019_MPO,2019-11-11,2019,36.02441,-86.74238,False,0,0,0,,,,,,,,
102572559,Crashes_2010_2019_MPO,2019-11-12,2019,36.00718,-86.78805,True,0,0,0,,,,,,,,
102565523,Crashes_2010_2019_MPO,2019-11-12,2019,36.05358,-86.74243,False,0,0,0,,,,,,,,
102565976,Crashes_2010_2019_MPO,2019-11-12,2019,36.0455,-86.71186,False,0,0,0,,,,,,,,
102566298,Crashes_2010_2019_MPO,2019-11-12,2019,36.05304,-86.71101,False,0,0,0,,,,,,,,
102566459,Crashes_2010_2019_MPO,2019-11-12,2019,35.93125,-86.8374,False,0,0,0,,,,,,,,
102565436,Crashes_2010_2019_MPO,2019-11-12,2019,35.997889,-86.794667,True,0,0,0,,,,,,,,
102566116,Crashes_2010_2019_MPO,2019-11-12,2019,35.99864,-86.80592,True,0,0,0,,,,,,,,
102565598,Crashes_2010_2019_MPO,2019-11-12,2019,35.998259,-86.795275,True,0,0,0,,,,,,,,
102565887,Crashes_2010_2019_MPO,2019-11-12,2019,36.04098,-86.77941,False,0,0,0,,,,,,,,
102565951,Crashes_2010_2019_MPO,2019-11-12,2019,35.92907,-86.84991,False,0,0,0,,,,,,,,
102566268,Crashes_2010_2019_MPO,2019-11-12,2019,36.05308,-86.71271,False,0,0,0,,,,,,,,
102566139,Crashes_2010_2019_MPO,2019-11-12,2019,35.94655,-86.80958,False,0,0,0,,,,,,,,
102566107,Crashes_2010_2019_MPO,2019-11-12,2019,36.0409,-86.77938,False,0,0,0,,,,,,,,
102566991,Crashes_2010_2019_MPO,2019-11-13,2019,35.9557,-86.83003,False,0,0,0,,,,,,,,
102567029,Crashes_2010_2019_MPO,2019-11-13,2019,36.04208,-86.81619,False,0,0,0,,,,,,,,
102567201,Crashes_2010_2019_MPO,2019-11-13,2019,35.92449,-86.76697,False,0,0,0,,,,,,,,
102566905,Crashes_2010_2019_MPO,2019-11-13,2019,36.05482,-86.77531,False,0,0,0,,,,,,,,
102566977,Crashes_2010_2019_MPO,2019-11-13,2019,35.94085,-86.80494,False,0,0,0,,,,,,,,
102567104,Crashes_2010_2019_MPO,2019-11-13,2019,36.00273,-86.83883,False,0,0,0,,,,,,,,
102576118,Crashes_2010_2019_MPO,2019-11-13,2019,36.00417,-86.79083,True,0,0,1,,,,,,,,
102567000,Crashes_2010_2019_MPO,2019-11-13,2019,35.99047,-86.79943,True,0,0,0,,,,,,,,
102567918,Crashes_2010_2019_MPO,2019-11-13,2019,36.02299,-86.78689,True,0,0,1,,,,,,,,
102567016,Crashes_2010_2019_MPO,2019-11-13,2019,35.92648,-86.82527,False,0,0,0,,,,,,,,
102566704,Crashes_2010_2019_MPO,2019-11-13,2019,35.92615,-86.86963,False,0,0,0,,,,,,,,
102566514,Crashes_2010_2019_MPO,2019-11-13,2019,36.05079,-86.71707,False,0,0,0,,,,,,,,
102566468,Crashes_2010_2019_MPO,2019-11-13,2019,35.98986,-86.74386,True,0,0,0,,,,,,,,
102567179,Crashes_2010_2019_MPO,2019-11-13,2019,36.0389,-86.78251,False,0,0,0,,,,,,,,
102567354,Crashes_2010_2019_MPO,2019-11-13,2019,36.0413,-86.74671,False,0,0,0,,,,,,,,
102566759,Crashes_2010_2019_MPO,2019-11-13,2019,36.04537,-86.70269,False,0,0,0,,,,,,,,
102567023,Crashes_2010_2019_MPO,2019-11-13,2019,36.03333,-86.7777,True,0,0,0,,,,,,,,
102566569,Crashes_2010_2019_MPO,2019-11-13,2019,36.04331,-86.84368,False,0,0,0,,,,,,,,
102567039,Crashes_2010_2019_MPO,2019-11-13,2019,36.04284,-86.81604,False,0,0,0,,,,,,,,
102566435,Crashes_2010_2019_MPO,2019-11-13,2019,36.04231,-86.72652,False,0,0,0,,,,,,,,
102566906,Crashes_2010_2019_MPO,2019-11-13,2019,36.01485,-86.70531,False,0,0,0,,,,,,,,
102567214,Crashes_2010_2019_MPO,2019-11-13,2019,36.04584,-86.69419,False,0,0,0,,,,,,,,
102566516,Crashes_2010_2019_MPO,2019-11-13,2019,35.966902,-86.808987,True,0,0,0,,,,,,,,
102566980,Crashes_2010_2019_MPO,2019-11-13,2019,36.0018,-86.80787,True,0,0,0,,,,,,,,
102566546,Crashes_2010_2019_MPO,2019-11-13,2019,36.04325,-86.84351,False,0,0,0,,,,,,,,
102567295,Crashes_2010_2019_MPO,2019-11-13,2019,35.94631,-86.8236,False,0,0,0,,,,,,,,
102566875,Crashes_2010_2019_MPO,2019-11-13,2019,36.01286,-86.80081,True,0,0,0,,,,,,,,
102567993,Crashes_2010_2019_MPO,2019-11-14,2019,35.92373,-86.79452,False,0,1,0,,,,,,,,
102568519,Crashes_2010_2019_MPO,2019-11-14,2019,35.92609,-86.87139,False,0,0,0,,,,,,,,
102568021,Crashes_2010_2019_MPO,2019-11-14,2019,36.04223,-86.86712,True,0,0,0,,,,,,,,
102567485,Crashes_2010_2019_MPO,2019-11-14,2019,36.01978,-86.74213,False,0,0,0,,,,,,,,
102567971,Crashes_2010_2019_MPO,2019-11-14,2019,35.97302,-86.80523,True,0,0,0,,,,,,,,
102568005,Crashes_2010_2019_MPO,2019-11-14,2019,36.03356,-86.7839,True,0,0,0,,,,,,,,
102568537,Crashes_2010_2019_MPO,2019-11-14,2019,35.94055,-86.83919,False,0,0,0,,,,,,,,
102568335,Crashes_2010_2019_MPO,2019-11-14,2019,36.04743,-86.72859,False,0,0,0,,,,,,,,
102567450,Crashes_2010_2019_MPO,2019-11-14,2019,36.05203,-86.7425,False,0,0,0,,,,,,,,
102568027,Crashes_2010_2019_MPO,2019-11-14,2019,36.04921,-86.86971,False,0,0,0,,,,,,,,
102567958,Crashes_2010_2019_MPO,2019-11-14,2019,35.93874,-86.82032,False,0,0,0,,,,,,,,
102567923,Crashes_2010_2019_MPO,2019-11-14,2019,36.04116,-86.77638,False,0,0,0,,,,,,,,
102568001,Crashes_2010_2019_MPO,2019-11-14,2019,35.99843,-86.80414,True,0,0,0,,,,,,,,
102567407,Crashes_2010_2019_MPO,2019-11-14,2019,35.99302,-86.69521,True,0,0,0,,,,,,,,
102571576,Crashes_2010_2019_MPO,2019-11-14,2019,36.0409,-86.77938,False,0,0,0,,,,,,,,
102567698,Crashes_2010_2019_MPO,2019-11-14,2019,35.96133,-86.81226,False,0,0,0,,,,,,,,
102567640,Crashes_2010_2019_MPO,2019-11-14,2019,36.04374,-86.77981,False,0,0,0,,,,,,,,
102568008,Crashes_2010_2019_MPO,2019-11-14,2019,35.96665,-86.80925,True,0,0,0,,,,,,,,
102568330,Crashes_2010_2019_MPO,2019-11-14,2019,35.93487,-86.82143,False,0,0,0,,,,,,,,
102569410,Crashes_2010_2019_MPO,2019-11-15,2019,35.98431,-86.82961,False,0,0,0,,,,,,,,
102569651,Crashes_2010_2019_MPO,2019-11-15,2019,35.93168,-86.86308,False,0,0,0,,,,,,,,
102569614,Crashes_2010_2019_MPO,2019-11-15,2019,36.04114,-86.77621,False,0,0,0,,,,,,,,
102569441,Crashes_2010_2019_MPO,2019-11-15,2019,35.9671,-86.8087,True,0,0,0,,,,,,,,
102569777,Crashes_2010_2019_MPO,2019-11-15,2019,35.99659,-86.70224,True,0,0,0,,,,,,,,
102569127,Crashes_2010_2019_MPO,2019-11-15,2019,35.94681,-86.81143,False,0,0,0,,,,,,,,
102569817,Crashes_2010_2019_MPO,2019-11-15,2019,35.9623,-86.80894,False,0,0,0,,,,,,,,
102568636,Crashes_2010_2019_MPO,2019-11-15,2019,35.99466,-86.7686,True,0,0,0,,,,,,,,
102569368,Crashes_2010_2019_MPO,2019-11-15,2019,36.0534,-86.87614,False,0,0,0,,,,,,,,
102569406,Crashes_2010_2019_MPO,2019-11-15,2019,35.9949,-86.77154,True,0,0,0,,,,,,,,
102568597,Crashes_2010_2019_MPO,2019-11-15,2019,36.03821,-86.7829,False,0,0,0,,,,,,,,
102569350,Crashes_2010_2019_MPO,2019-11-15,2019,36.0057,-86.86571,False,0,0,0,,,,,,,,
102568814,Crashes_2010_2019_MPO,2019-11-15,2019,36.0343,-86.79174,True,0,0,0,,,,,,,,
102568375,Crashes_2010_2019_MPO,2019-11-15,2019,35.96552,-86.83853,False,0,0,0,,,,,,,,
102569760,Crashes_2010_2019_MPO,2019-11-16,2019,35.92874,-86.75348,False,0,0,0,,,,,,,,
102570140,Crashes_2010_2019_MPO,2019-11-16,2019,36.05225,-86.68175,False,0,0,0,,,,,,,,
102570144,Crashes_2010_2019_MPO,2019-11-16,2019,35.99594,-86.78336,True,0,0,0,,,,,,,,
102570173,Crashes_2010_2019_MPO,2019-11-16,2019,36.00706,-86.78785,True,0,0,0,,,,,,,,
102570499,Crashes_2010_2019_MPO,2019-11-16,2019,36.04021,-86.78058,False,0,0,0,,,,,,,,
102578477,Crashes_2010_2019_MPO,2019-11-16,2019,35.95223,-86.81892,False,0,0,0,,,,,,,,
102570191,Crashes_2010_2019_MPO,2019-11-16,2019,35.97504,-86.75566,True,0,0,0,,,,,,,,
102570792,Crashes_2010_2019_MPO,2019-11-16,2019,35.96316,-86.81903,True,0,0,0,,,,,,,,
102570423,Crashes_2010_2019_MPO,2019-11-16,2019,35.93628,-86.83914,False,0,0,0,,,,,,,,
102570439,Crashes_2010_2019_MPO,2019-11-16,2019,36.04541,-86.7128,False,0,0,0,,,,,,,,
102570157,Crashes_2010_2019_MPO,2019-11-16,2019,36.04197,-86.74391,False,0,0,0,,,,,,,,
102570004,Crashes_2010_2019_MPO,2019-11-16,2019,36.0243,-86.74239,False,0,0,0,,,,,,,,
102570374,Crashes_2010_2019_MPO,2019-11-16,2019,36.04549,-86.71194,False,0,0,0,,,,,,,,
102570361,Crashes_2010_2019_MPO,2019-11-16,2019,35.97057,-86.82204,True,0,0,0,,,,,,,,
102570680,Crashes_2010_2019_MPO,2019-11-17,2019,36.00453,-86.69927,False,0,0,0,,,,,,,,
102570723,Crashes_2010_2019_MPO,2019-11-17,2019,36.05234,-86.72422,False,0,0,0,,,,,,,,
102570634,Crashes_2010_2019_MPO,2019-11-17,2019,35.98277,-86.80184,True,0,0,0,,,,,,,,
102570823,Crashes_2010_2019_MPO,2019-11-17,2019,36.04809,-86.71359,False,0,0,0,,,,,,,,
102570905,Crashes_2010_2019_MPO,2019-11-17,2019,35.9295,-86.84135,False,0,0,0,,,,,,,,
102571369,Crashes_2010_2019_MPO,2019-11-17,2019,35.96434,-86.81322,False,0,0,0,,,,,,,,
102572321,Crashes_2010_2019_MPO,2019-11-18,2019,35.96876,-86.77685,True,0,0,0,,,,,,,,
102572462,Crashes_2010_2019_MPO,2019-11-18,2019,36.04639,-86.71338,False,0,0,0,,,,,,,,
102571795,Crashes_2010_2019_MPO,2019-11-18,2019,35.99551,-86.77887,True,0,0,0,,,,,,,,
102571816,Crashes_2010_2019_MPO,2019-11-18,2019,36.04566,-86.71025,False,0,0,0,,,,,,,,
102572844,Crashes_2010_2019_MPO,2019-11-18,2019,35.94811,-86.82077,False,0,1,0,,,,,,,,
102572374,Crashes_2010_2019_MPO,2019-11-18,2019,36.0514,-86.69005,False,0,0,0,,,,,,,,
102572086,Crashes_2010_2019_MPO,2019-11-18,2019,35.96705,-86.81355,True,0,0,0,,,,,,,,
102572843,Crashes_2010_2019_MPO,2019-11-18,2019,35.95338,-86.81203,False,0,0,0,,,,,,,,
102571727,Crashes_2010_2019_MPO,2019-11-18,2019,36.04668,-86.72506,False,0,0,0,,,,,,,,
102572253,Crashes_2010_2019_MPO,2019-11-18,2019,35.96471,-86.81499,True,0,0,0,,,,,,,,
102572652,Crashes_2010_2019_MPO,2019-11-18,2019,35.96412,-86.81448,False,0,0,0,,,,,,,,
102571704,Crashes_2010_2019_MPO,2019-11-18,2019,36.04679,-86.71343,False,0,0,0,,,,,,,,
102571870,Crashes_2010_2019_MPO,2019-11-18,2019,36.04537,-86.71326,False,0,0,0,,,,,,,,
102572264,Crashes_2010_2019_MPO,2019-11-18,2019,36.04129,-86.82212,False,0,0,0,,,,,,,,
102571824,Crashes_2010_2019_MPO,2019-11-18,2019,35.99026,-86.74524,True,0,0,0,,,,,,,,
102571736,Crashes_2010_2019_MPO,2019-11-18,2019,35.93219,-86.79405,False,0,0,0,,,,,,,,
102572414,Crashes_2010_2019_MPO,2019-11-18,2019,35.9407,-86.8316,False,0,0,0,,,,,,,,
102571895,Crashes_2010_2019_MPO,2019-11-18,2019,36.00582,-86.8657,False,0,0,1,,,,,,,,
102573254,Crashes_2010_2019_MPO,2019-11-19,2019,35.98122,-86.77715,True,0,0,0,,,,,,,,
102573335,Crashes_2010_2019_MPO,2019-11-19,2019,35.94778,-86.81994,False,0,0,0,,,,,,,,
102572876,Crashes_2010_2019_MPO,2019-11-19,2019,36.04674,-86.77681,False,0,0,0,,,,,,,,
102573584,Crashes_2010_2019_MPO,2019-11-19,2019,35.9638,-86.80842,False,0,0,0,,,,,,,,
102572899,Crashes_2010_2019_MPO,2019-11-19,2019,35.94778,-86.81994,False,0,0,0,,,,,,,,
102572689,Crashes_2010_2019_MPO,2019-11-19,2019,36.05364,-86.71508,False,0,0,0,,,,,,,,
102573334,Crashes_2010_2019_MPO,2019-11-19,2019,35.92684,-86.82445,False,0,0,0,,,,,,,,
102573192,Crashes_2010_2019_MPO,2019-11-19,2019,36.04053,-86.77051,False,0,0,0,,,,,,,,
102573267,Crashes_2010_2019_MPO,2019-11-19,2019,36.03322,-86.78527,True,0,0,0,,,,,,,,
102573270,Crashes_2010_2019_MPO,2019-11-19,2019,36.05049,-86.87668,False,0,0,0,,,,,,,,
102573285,Crashes_2010_2019_MPO,2019-11-19,2019,35.99911,-86.80887,True,0,0,0,,,,,,,,
102573224,Crashes_2010_2019_MPO,2019-11-19,2019,35.96767,-86.75532,True,0,0,0,,,,,,,,
102572790,Crashes_2010_2019_MPO,2019-11-19,2019,35.94765,-86.81971,False,0,0,0,,,,,,,,
102573942,Crashes_2010_2019_MPO,2019-11-20,2019,35.94293,-86.81592,False,0,0,0,,,,,,,,
102574856,Crashes_2010_2019_MPO,2019-11-20,2019,35.97607,-86.8292,True,0,0,0,,,,,,,,
102574358,Crashes_2010_2019_MPO,2019-11-20,2019,36.04225,-86.83649,False,0,0,0,,,,,,,,
102574141,Crashes_2010_2019_MPO,2019-11-20,2019,36.04777,-86.75356,False,0,0,0,,,,,,,,
102574627,Crashes_2010_2019_MPO,2019-11-20,2019,35.9478,-86.81111,False,0,0,0,,,,,,,,
102574857,Crashes_2010_2019_MPO,2019-11-20,2019,35.99768,-86.79769,True,0,0,0,,,,,,,,
102573986,Crashes_2010_2019_MPO,2019-11-20,2019,35.92738,-86.8687,False,0,0,0,,,,,,,,
102574251,Crashes_2010_2019_MPO,2019-11-20,2019,35.95088,-86.81838,False,0,0,0,,,,,,,,
102574619,Crashes_2010_2019_MPO,2019-11-20,2019,35.94751,-86.82013,False,0,0,0,,,,,,,,
102574325,Crashes_2010_2019_MPO,2019-11-20,2019,36.0522,-86.74309,False,0,0,0,,,,,,,,
102574477,Crashes_2010_2019_MPO,2019-11-20,2019,36.03747,-86.79098,False,0,0,0,,,,,,,,
102595362,Crashes_2010_2019_MPO,2019-11-20,2019,35.98557,-86.71394,True,0,0,0,,,,,,,,
102575105,Crashes_2010_2019_MPO,2019-11-21,2019,35.94597,-86.80773,False,0,0,0,,,,,,,,
102575362,Crashes_2010_2019_MPO,2019-11-21,2019,35.9654,-86.80787,False,0,0,0,,,,,,,,
102575119,Crashes_2010_2019_MPO,2019-11-21,2019,35.96757,-86.81343,True,0,0,0,,,,,,,,
102575409,Crashes_2010_2019_MPO,2019-11-21,2019,36.03775,-86.78649,False,0,0,0,,,,,,,,
102574708,Crashes_2010_2019_MPO,2019-11-21,2019,35.92825,-86.7673,False,0,0,0,,,,,,,,
102574866,Crashes_2010_2019_MPO,2019-11-21,2019,36.0343,-86.79174,True,0,0,0,,,,,,,,
102575106,Crashes_2010_2019_MPO,2019-11-21,2019,35.93231,-86.81936,False,0,0,0,,,,,,,,
102575452,Crashes_2010_2019_MPO,2019-11-21,2019,35.967611,-86.813973,True,0,0,0,,,,,,,,
102575300,Crashes_2010_2019_MPO,2019-11-21,2019,35.96686,-86.81231,True,0,0,0,,,,,,,,
102576117,Crashes_2010_2019_MPO,2019-11-21,2019,36.01689,-86.78609,True,0,0,0,,,,,,,,
102575412,Crashes_2010_2019_MPO,2019-11-21,2019,36.03935,-86.78198,False,0,0,0,,,,,,,,
102574917,Crashes_2010_2019_MPO,2019-11-21,2019,35.9583,-86.8023,False,0,0,0,,,,,,,,
102575261,Crashes_2010_2019_MPO,2019-11-21,2019,36.04888,-86.67869,False,0,0,0,,,,,,,,
102574925,Crashes_2010_2019_MPO,2019-11-21,2019,36.03407,-86.80156,True,0,0,0,,,,,,,,
102578247,Crashes_2010_2019_MPO,2019-11-22,2019,35.97776,-86.80359,True,0,0,0,,,,,,,,
102576625,Crashes_2010_2019_MPO,2019-11-22,2019,36.03995,-86.74256,False,0,0,0,,,,,,,,
102576208,Crashes_2010_2019_MPO,2019-11-22,2019,36.04012,-86.78074,False,0,0,0,,,,,,,,
102587003,Crashes_2010_2019_MPO,2019-11-22,2019,35.92831,-86.76739,False,0,0,0,,,,,,,,
102576598,Crashes_2010_2019_MPO,2019-11-22,2019,36.01871,-86.70293,False,0,0,0,,,,,,,,
102576838,Crashes_2010_2019_MPO,2019-11-22,2019,35.94936,-86.81939,False,0,0,0,,,,,,,,
102575803,Crashes_2010_2019_MPO,2019-11-22,2019,35.99638,-86.78756,True,0,0,0,,,,,,,,
102576784,Crashes_2010_2019_MPO,2019-11-22,2019,35.93691,-86.69326,False,0,0,0,,,,,,,,
102576522,Crashes_2010_2019_MPO,2019-11-22,2019,35.93808,-86.8218,False,0,0,0,,,,,,,,
102575773,Crashes_2010_2019_MPO,2019-11-22,2019,35.99459,-86.76768,True,0,0,0,,,,,,,,
102576543,Crashes_2010_2019_MPO,2019-11-22,2019,36.01483,-86.7053,False,0,0,0,,,,,,,,
102576940,Crashes_2010_2019_MPO,2019-11-22,2019,36.01642,-86.81755,True,0,1,0,,,,,,,,
102576365,Crashes_2010_2019_MPO,2019-11-22,2019,36.0138,-86.86225,False,0,0,0,,,,,,,,
102575760,Crashes_2010_2019_MPO,2019-11-22,2019,36.03791,-86.78462,False,0,0,0,,,,,,,,
102576264,Crashes_2010_2019_MPO,2019-11-22,2019,36.0095,-86.70166,False,0,0,0,,,,,,,,
102579954,Crashes_2010_2019_MPO,2019-11-22,2019,35.94675,-86.85178,False,0,0,0,,,,,,,,
102576489,Crashes_2010_2019_MPO,2019-11-22,2019,36.00748,-86.7008,False,0,0,0,,,,,,,,
102576074,Crashes_2010_2019_MPO,2019-11-22,2019,35.93446,-86.81986,False,0,0,0,,,,,,,,
102576385,Crashes_2010_2019_MPO,2019-11-22,2019,36.04114,-86.77621,False,0,0,0,,,,,,,,
102577786,Crashes_2010_2019_MPO,2019-11-23,2019,35.96705,-86.81355,True,0,0,0,,,,,,,,
102577533,Crashes_2010_2019_MPO,2019-11-23,2019,36.05412,-86.69103,False,0,0,0,,,,,,,,
102577407,Crashes_2010_2019_MPO,2019-11-23,2019,35.97948,-86.77094,True,0,0,0,,,,,,,,
102577342,Crashes_2010_2019_MPO,2019-11-23,2019,36.00592,-86.68826,False,0,0,0,,,,,,,,
102577398,Crashes_2010_2019_MPO,2019-11-23,2019,35.96693,-86.77276,True,0,0,0,,,,,,,,
102577043,Crashes_2010_2019_MPO,2019-11-23,2019,36.02036,-86.69905,False,0,0,0,,,,,,,,
102577378,Crashes_2010_2019_MPO,2019-11-23,2019,35.97878,-86.75282,True,0,0,0,,,,,,,,
102576898,Crashes_2010_2019_MPO,2019-11-23,2019,36.01389,-86.73833,False,0,0,0,,,,,,,,
102577536,Crashes_2010_2019_MPO,2019-11-23,2019,36.0409,-86.77938,False,0,0,0,,,,,,,,
102577653,Crashes_2010_2019_MPO,2019-11-24,2019,36.05367,-86.71489,False,0,0,0,,,,,,,,
102577823,Crashes_2010_2019_MPO,2019-11-24,2019,36.03942,-86.78171,False,0,0,0,,,,,,,,
102577890,Crashes_2010_2019_MPO,2019-11-24,2019,35.98289,-86.71843,True,0,0,0,,,,,,,,
102578274,Crashes_2010_2019_MPO,2019-11-24,2019,35.92706,-86.82445,False,0,0,0,,,,,,,,
102578124,Crashes_2010_2019_MPO,2019-11-24,2019,36.03843,-86.81855,True,0,0,0,,,,,,,,
102578481,Crashes_2010_2019_MPO,2019-11-24,2019,35.93562,-86.82387,False,0,0,0,,,,,,,,
102579577,Crashes_2010_2019_MPO,2019-11-25,2019,35.95991,-86.81537,False,0,0,0,,,,,,,,
102579241,Crashes_2010_2019_MPO,2019-11-25,2019,36.03083,-86.71258,False,0,0,1,,,,,,,,
102578643,Crashes_2010_2019_MPO,2019-11-25,2019,36.02495,-86.78577,True,0,0,0,,,,,,,,
102578670,Crashes_2010_2019_MPO,2019-11-25,2019,35.97262,-86.77517,True,0,0,0,,,,,,,,