record_no,source_layer,collision_ts,crash_year,latitude,longitude,in_city,fatalities,non_motorists,truck_involved,serious_injuries,pedestrian,bicycle,crash_type,manner_of_collision,lighting,weather,first_harmful_event
102578856,Crashes_2010_2019_MPO,2019-11-25,2019,36.03336,-86.78872,True,0,0,0,,,,,,,,
102579231,Crashes_2010_2019_MPO,2019-11-25,2019,35.966703,-86.80913,True,0,0,0,,,,,,,,
102579371,Crashes_2010_2019_MPO,2019-11-25,2019,36.03066,-86.78358,True,0,0,0,,,,,,,,
102579690,Crashes_2010_2019_MPO,2019-11-25,2019,35.9584,-86.80226,False,0,0,0,,,,,,,,
102579193,Crashes_2010_2019_MPO,2019-11-25,2019,35.93191,-86.794,False,0,0,0,,,,,,,,
102579338,Crashes_2010_2019_MPO,2019-11-25,2019,36.054,-86.77514,False,0,0,1,,,,,,,,
102578852,Crashes_2010_2019_MPO,2019-11-25,2019,35.95773,-86.80234,False,0,0,0,,,,,,,,
102578679,Crashes_2010_2019_MPO,2019-11-25,2019,36.04589,-86.77868,False,0,0,0,,,,,,,,
102579902,Crashes_2010_2019_MPO,2019-11-25,2019,35.94403,-86.81553,False,0,0,0,,,,,,,,
102578809,Crashes_2010_2019_MPO,2019-11-25,2019,35.96507,-86.81617,True,0,0,0,,,,,,,,
102578671,Crashes_2010_2019_MPO,2019-11-25,2019,35.93374,-86.81767,False,0,0,0,,,,,,,,
102579456,Crashes_2010_2019_MPO,2019-11-25,2019,36.04522,-86.71479,False,0,0,0,,,,,,,,
102579230,Crashes_2010_2019_MPO,2019-11-25,2019,35.94921,-86.75229,True,0,0,0,,,,,,,,
102579177,Crashes_2010_2019_MPO,2019-11-25,2019,35.95335,-86.81786,False,0,0,0,,,,,,,,
102579138,Crashes_2010_2019_MPO,2019-11-25,2019,36.03551,-86.78748,True,0,0,0,,,,,,,,
102579259,Crashes_2010_2019_MPO,2019-11-25,2019,35.96667,-86.809151,True,0,0,0,,,,,,,,
102581276,Crashes_2010_2019_MPO,2019-11-26,2019,35.9583,-86.8023,False,0,0,0,,,,,,,,
102580040,Crashes_2010_2019_MPO,2019-11-26,2019,35.9667,-86.81121,True,0,0,0,,,,,,,,
102579595,Crashes_2010_2019_MPO,2019-11-26,2019,36.01998,-86.78722,True,0,0,0,,,,,,,,
102580709,Crashes_2010_2019_MPO,2019-11-26,2019,36.04145,-86.82293,False,0,0,0,,,,,,,,
102580288,Crashes_2010_2019_MPO,2019-11-26,2019,35.98093,-86.80272,True,0,0,0,,,,,,,,
102580342,Crashes_2010_2019_MPO,2019-11-26,2019,36.01719,-86.78643,True,0,0,0,,,,,,,,
102580340,Crashes_2010_2019_MPO,2019-11-26,2019,35.98749,-86.81617,True,0,0,0,,,,,,,,
102581356,Crashes_2010_2019_MPO,2019-11-26,2019,35.9675,-86.81626,True,0,0,0,,,,,,,,
102580779,Crashes_2010_2019_MPO,2019-11-26,2019,35.93374,-86.81767,False,0,0,0,,,,,,,,
102580341,Crashes_2010_2019_MPO,2019-11-26,2019,36.0343,-86.79174,True,0,0,0,,,,,,,,
102580123,Crashes_2010_2019_MPO,2019-11-26,2019,36.04537,-86.71326,False,0,0,0,,,,,,,,
102581537,Crashes_2010_2019_MPO,2019-11-26,2019,35.94091,-86.85636,False,0,0,0,,,,,,,,
102580639,Crashes_2010_2019_MPO,2019-11-26,2019,36.0444,-86.78041,False,0,0,0,,,,,,,,
102581993,Crashes_2010_2019_MPO,2019-11-26,2019,35.92395,-86.87676,False,0,0,0,,,,,,,,
102586342,Crashes_2010_2019_MPO,2019-11-26,2019,35.9699,-86.80631,True,0,0,0,,,,,,,,
102581333,Crashes_2010_2019_MPO,2019-11-26,2019,35.9509,-86.80665,False,0,0,0,,,,,,,,
102592416,Crashes_2010_2019_MPO,2019-11-26,2019,35.99727,-86.79683,True,0,0,0,,,,,,,,
102579594,Crashes_2010_2019_MPO,2019-11-26,2019,36.02776,-86.71269,False,0,0,0,,,,,,,,
102580152,Crashes_2010_2019_MPO,2019-11-26,2019,36.03472,-86.79504,True,0,0,0,,,,,,,,
102579863,Crashes_2010_2019_MPO,2019-11-26,2019,36.04514,-86.71323,False,0,0,0,,,,,,,,
102580232,Crashes_2010_2019_MPO,2019-11-26,2019,35.97794,-86.80377,True,0,0,0,,,,,,,,
102581544,Crashes_2010_2019_MPO,2019-11-27,2019,36.04563,-86.77836,False,0,0,0,,,,,,,,
102581566,Crashes_2010_2019_MPO,2019-11-27,2019,35.95578,-86.8309,False,0,0,0,,,,,,,,
102581120,Crashes_2010_2019_MPO,2019-11-27,2019,35.9676,-86.81037,True,0,0,0,,,,,,,,
102580834,Crashes_2010_2019_MPO,2019-11-27,2019,35.9264,-86.8244,False,0,0,0,,,,,,,,
102582577,Crashes_2010_2019_MPO,2019-11-27,2019,35.97716,-86.67813,False,0,0,0,,,,,,,,
102581729,Crashes_2010_2019_MPO,2019-11-27,2019,35.92641,-86.82453,False,0,0,0,,,,,,,,
102581999,Crashes_2010_2019_MPO,2019-11-27,2019,35.94889,-86.81982,False,0,0,0,,,,,,,,
102582442,Crashes_2010_2019_MPO,2019-11-28,2019,35.94636,-86.80871,False,0,0,0,,,,,,,,
102582335,Crashes_2010_2019_MPO,2019-11-28,2019,36.05289,-86.71192,False,0,0,0,,,,,,,,
102582096,Crashes_2010_2019_MPO,2019-11-28,2019,36.02039,-86.70442,False,0,0,0,,,,,,,,
102585032,Crashes_2010_2019_MPO,2019-11-28,2019,35.98382,-86.69819,True,0,0,0,,,,,,,,
102583042,Crashes_2010_2019_MPO,2019-11-29,2019,35.96666,-86.80922,True,0,0,0,,,,,,,,
102583664,Crashes_2010_2019_MPO,2019-11-29,2019,36.04283,-86.70074,False,0,0,0,,,,,,,,
102583121,Crashes_2010_2019_MPO,2019-11-29,2019,36.04029,-86.76833,False,0,0,0,,,,,,,,
102595697,Crashes_2010_2019_MPO,2019-11-29,2019,35.95968,-86.81384,False,0,0,0,,,,,,,,
102583124,Crashes_2010_2019_MPO,2019-11-29,2019,35.96426,-86.81558,True,0,0,0,,,,,,,,
102583550,Crashes_2010_2019_MPO,2019-11-29,2019,35.95899,-86.81594,False,0,0,0,,,,,,,,
102586664,Crashes_2010_2019_MPO,2019-11-29,2019,35.98569,-86.80083,True,0,0,0,,,,,,,,
102583867,Crashes_2010_2019_MPO,2019-11-29,2019,35.93405,-86.81901,False,0,0,0,,,,,,,,
102583800,Crashes_2010_2019_MPO,2019-11-29,2019,35.92957,-86.84226,False,0,0,0,,,,,,,,
102583501,Crashes_2010_2019_MPO,2019-11-29,2019,36.02802,-86.7037,False,0,0,0,,,,,,,,
102584332,Crashes_2010_2019_MPO,2019-11-30,2019,35.96883,-86.71274,True,0,0,0,,,,,,,,
102584114,Crashes_2010_2019_MPO,2019-11-30,2019,36.04537,-86.71326,False,0,0,0,,,,,,,,
102584592,Crashes_2010_2019_MPO,2019-11-30,2019,35.96511,-86.81633,True,0,0,0,,,,,,,,
102584649,Crashes_2010_2019_MPO,2019-11-30,2019,35.93562,-86.82387,False,0,0,0,,,,,,,,
102584502,Crashes_2010_2019_MPO,2019-11-30,2019,35.92513,-86.87341,False,0,0,0,,,,,,,,
102585205,Crashes_2010_2019_MPO,2019-12-01,2019,36.0409,-86.77938,False,0,0,0,,,,,,,,
102585240,Crashes_2010_2019_MPO,2019-12-01,2019,36.02423,-86.70214,False,0,0,0,,,,,,,,
102585361,Crashes_2010_2019_MPO,2019-12-01,2019,35.97665,-86.87359,False,0,0,0,,,,,,,,
102585449,Crashes_2010_2019_MPO,2019-12-01,2019,36.01539,-86.70566,False,0,0,0,,,,,,,,
102586240,Crashes_2010_2019_MPO,2019-12-01,2019,35.92329,-86.81662,False,0,0,0,,,,,,,,
102585632,Crashes_2010_2019_MPO,2019-12-01,2019,35.94212,-86.8162,False,0,0,0,,,,,,,,
102585655,Crashes_2010_2019_MPO,2019-12-01,2019,36.04547,-86.7122,False,0,0,0,,,,,,,,
102584900,Crashes_2010_2019_MPO,2019-12-01,2019,36.02268,-86.68055,False,0,0,0,,,,,,,,
102585619,Crashes_2010_2019_MPO,2019-12-01,2019,36.05172,-86.74189,False,0,0,0,,,,,,,,
102585591,Crashes_2010_2019_MPO,2019-12-01,2019,35.98195,-86.72475,True,0,0,0,,,,,,,,
102586882,Crashes_2010_2019_MPO,2019-12-02,2019,35.93316,-86.81375,False,0,0,0,,,,,,,,
102586302,Crashes_2010_2019_MPO,2019-12-02,2019,35.9417,-86.81054,False,0,0,0,,,,,,,,
102586213,Crashes_2010_2019_MPO,2019-12-02,2019,35.96743,-86.808472,True,0,0,0,,,,,,,,
102587803,Crashes_2010_2019_MPO,2019-12-02,2019,36.03397,-86.80164,True,0,0,0,,,,,,,,
102585919,Crashes_2010_2019_MPO,2019-12-02,2019,36.0493,-86.71377,False,0,0,0,,,,,,,,
102590483,Crashes_2010_2019_MPO,2019-12-02,2019,35.97716,-86.67813,False,0,0,0,,,,,,,,
102586517,Crashes_2010_2019_MPO,2019-12-02,2019,36.04646,-86.71339,False,0,0,0,,,,,,,,
102586398,Crashes_2010_2019_MPO,2019-12-02,2019,35.96477,-86.81514,True,0,0,0,,,,,,,,
102586606,Crashes_2010_2019_MPO,2019-12-02,2019,36.04799,-86.71358,False,0,0,0,,,,,,,,
102586671,Crashes_2010_2019_MPO,2019-12-02,2019,35.94164,-86.85584,False,0,0,0,,,,,,,,
102586400,Crashes_2010_2019_MPO,2019-12-02,2019,35.92684,-86.82433,False,0,0,0,,,,,,,,
102585977,Crashes_2010_2019_MPO,2019-12-02,2019,35.92791,-86.8209,False,0,0,0,,,,,,,,
102586665,Crashes_2010_2019_MPO,2019-12-02,2019,35.99446,-86.79781,True,0,0,0,,,,,,,,
102586396,Crashes_2010_2019_MPO,2019-12-02,2019,35.98399,-86.72259,True,0,0,0,,,,,,,,
102586176,Crashes_2010_2019_MPO,2019-12-02,2019,35.94752,-86.80798,False,0,0,0,,,,,,,,
102586359,Crashes_2010_2019_MPO,2019-12-02,2019,36.04146,-86.7266,False,0,0,0,,,,,,,,
102586124,Crashes_2010_2019_MPO,2019-12-02,2019,35.93763,-86.82211,False,0,0,0,,,,,,,,
102585964,Crashes_2010_2019_MPO,2019-12-02,2019,35.94687,-86.85168,False,0,0,0,,,,,,,,
102586248,Crashes_2010_2019_MPO,2019-12-02,2019,36.03741,-86.78654,False,0,0,0,,,,,,,,
102586470,Crashes_2010_2019_MPO,2019-12-02,2019,35.99548,-86.68787,False,0,0,0,,,,,,,,
102586458,Crashes_2010_2019_MPO,2019-12-02,2019,35.99718,-86.69032,False,0,0,0,,,,,,,,
102586083,Crashes_2010_2019_MPO,2019-12-02,2019,35.92486,-86.87397,False,0,0,0,,,,,,,,
102585923,Crashes_2010_2019_MPO,2019-12-02,2019,36.01978,-86.74213,False,0,0,0,,,,,,,,
102586023,Crashes_2010_2019_MPO,2019-12-02,2019,35.99046,-86.74521,True,0,0,0,,,,,,,,
102587218,Crashes_2010_2019_MPO,2019-12-03,2019,36.04045,-86.78019,False,0,0,0,,,,,,,,
102589875,Crashes_2010_2019_MPO,2019-12-03,2019,35.96647,-86.80951,True,0,0,0,,,,,,,,
102589876,Crashes_2010_2019_MPO,2019-12-03,2019,35.97681,-86.77672,True,0,1,0,,,,,,,,
102586832,Crashes_2010_2019_MPO,2019-12-03,2019,35.94547,-86.80493,False,0,0,0,,,,,,,,
102587231,Crashes_2010_2019_MPO,2019-12-03,2019,35.94258,-86.8214,False,0,0,0,,,,,,,,
102587155,Crashes_2010_2019_MPO,2019-12-03,2019,35.934,-86.81878,False,0,0,0,,,,,,,,
102587194,Crashes_2010_2019_MPO,2019-12-03,2019,35.9667,-86.81121,True,0,0,0,,,,,,,,
102587804,Crashes_2010_2019_MPO,2019-12-03,2019,35.99709,-86.77422,True,0,0,1,,,,,,,,
102588109,Crashes_2010_2019_MPO,2019-12-03,2019,35.99742,-86.77912,True,0,0,0,,,,,,,,
102587200,Crashes_2010_2019_MPO,2019-12-03,2019,36.0375,-86.78584,False,0,0,0,,,,,,,,
102587189,Crashes_2010_2019_MPO,2019-12-03,2019,36.03757,-86.78525,False,0,0,0,,,,,,,,
102589666,Crashes_2010_2019_MPO,2019-12-03,2019,35.95596,-86.81638,False,0,0,0,,,,,,,,
102587314,Crashes_2010_2019_MPO,2019-12-03,2019,35.99176,-86.7547,True,0,0,0,,,,,,,,
102588121,Crashes_2010_2019_MPO,2019-12-04,2019,35.96453,-86.81428,False,0,0,0,,,,,,,,
102588237,Crashes_2010_2019_MPO,2019-12-04,2019,35.93723,-86.77204,False,0,0,0,,,,,,,,
102587823,Crashes_2010_2019_MPO,2019-12-04,2019,35.94917,-86.75182,True,0,0,0,,,,,,,,
102588293,Crashes_2010_2019_MPO,2019-12-04,2019,36.02332,-86.7425,False,0,0,0,,,,,,,,
102588038,Crashes_2010_2019_MPO,2019-12-04,2019,36.04519,-86.71584,False,0,0,0,,,,,,,,
102588226,Crashes_2010_2019_MPO,2019-12-04,2019,36.04527,-86.71423,False,0,0,0,,,,,,,,
102587730,Crashes_2010_2019_MPO,2019-12-04,2019,36.03972,-86.73956,False,0,0,0,,,,,,,,
102588228,Crashes_2010_2019_MPO,2019-12-04,2019,35.95102,-86.80784,False,0,0,0,,,,,,,,
102588280,Crashes_2010_2019_MPO,2019-12-04,2019,35.94178,-86.8303,False,0,0,0,,,,,,,,
102588439,Crashes_2010_2019_MPO,2019-12-04,2019,36.04095,-86.77926,False,0,0,0,,,,,,,,
102589047,Crashes_2010_2019_MPO,2019-12-04,2019,36.03881,-86.73063,False,0,0,0,,,,,,,,
102588643,Crashes_2010_2019_MPO,2019-12-04,2019,36.03175,-86.78961,True,0,0,0,,,,,,,,
102587782,Crashes_2010_2019_MPO,2019-12-04,2019,35.96669,-86.80912,True,0,0,0,,,,,,,,
102587772,Crashes_2010_2019_MPO,2019-12-04,2019,36.0387,-86.7831,False,0,0,0,,,,,,,,
102587808,Crashes_2010_2019_MPO,2019-12-04,2019,36.039,-86.73467,False,0,0,0,,,,,,,,
102589164,Crashes_2010_2019_MPO,2019-12-04,2019,36.03336,-86.78872,True,0,0,0,,,,,,,,
102588256,Crashes_2010_2019_MPO,2019-12-04,2019,36.03336,-86.78872,True,0,0,0,,,,,,,,
102587809,Crashes_2010_2019_MPO,2019-12-04,2019,35.92804,-86.82085,False,0,0,0,,,,,,,,
102587978,Crashes_2010_2019_MPO,2019-12-04,2019,35.93405,-86.81901,False,0,0,0,,,,,,,,
102587834,Crashes_2010_2019_MPO,2019-12-04,2019,35.97755,-86.77539,True,0,0,0,,,,,,,,
102588279,Crashes_2010_2019_MPO,2019-12-04,2019,35.93127,-86.87663,False,0,0,0,,,,,,,,
102588260,Crashes_2010_2019_MPO,2019-12-04,2019,35.92597,-86.86731,False,0,0,0,,,,,,,,
102588870,Crashes_2010_2019_MPO,2019-12-05,2019,35.9468,-86.82393,False,0,0,0,,,,,,,,
102589268,Crashes_2010_2019_MPO,2019-12-05,2019,35.94674,-86.82202,False,0,0,0,,,,,,,,
102589272,Crashes_2010_2019_MPO,2019-12-05,2019,35.94435,-86.81921,False,0,0,0,,,,,,,,
102589156,Crashes_2010_2019_MPO,2019-12-05,2019,36.05151,-86.71436,False,0,0,0,,,,,,,,
102589306,Crashes_2010_2019_MPO,2019-12-05,2019,36.0374,-86.78657,False,0,0,0,,,,,,,,
102588896,Crashes_2010_2019_MPO,2019-12-05,2019,36.03997,-86.7813,False,0,0,0,,,,,,,,
102588529,Crashes_2010_2019_MPO,2019-12-05,2019,35.9916,-86.7988,True,0,0,0,,,,,,,,
102589275,Crashes_2010_2019_MPO,2019-12-05,2019,35.9579,-86.84284,False,0,0,0,,,,,,,,
102588700,Crashes_2010_2019_MPO,2019-12-05,2019,35.94804,-86.86368,False,0,0,0,,,,,,,,
102589877,Crashes_2010_2019_MPO,2019-12-05,2019,35.96518,-86.80029,True,0,0,0,,,,,,,,
102589269,Crashes_2010_2019_MPO,2019-12-05,2019,35.94673,-86.82206,False,0,0,0,,,,,,,,
102590374,Crashes_2010_2019_MPO,2019-12-06,2019,35.9476,-86.81992,False,0,0,0,,,,,,,,
102590403,Crashes_2010_2019_MPO,2019-12-06,2019,35.97066,-86.83646,False,0,0,0,,,,,,,,
102590250,Crashes_2010_2019_MPO,2019-12-06,2019,35.99744,-86.79524,True,0,0,0,,,,,,,,
102590338,Crashes_2010_2019_MPO,2019-12-06,2019,35.95863,-86.80444,False,0,0,0,,,,,,,,
102590313,Crashes_2010_2019_MPO,2019-12-06,2019,36.03325,-86.78326,True,0,0,0,,,,,,,,
102589812,Crashes_2010_2019_MPO,2019-12-06,2019,35.99707,-86.69017,False,0,0,0,,,,,,,,
102589772,Crashes_2010_2019_MPO,2019-12-06,2019,36.04001,-86.74347,False,0,0,0,,,,,,,,
102590329,Crashes_2010_2019_MPO,2019-12-06,2019,35.9956,-86.77987,True,0,0,0,,,,,,,,
102589928,Crashes_2010_2019_MPO,2019-12-06,2019,36.04268,-86.7797,False,0,0,0,,,,,,,,
102590586,Crashes_2010_2019_MPO,2019-12-06,2019,35.9255,-86.8438,False,0,0,0,,,,,,,,
102589767,Crashes_2010_2019_MPO,2019-12-06,2019,35.98464,-86.6978,True,0,0,0,,,,,,,,
102610607,Crashes_2010_2019_MPO,2019-12-06,2019,36.00417,-86.79083,True,0,0,0,,,,,,,,
102590263,Crashes_2010_2019_MPO,2019-12-06,2019,35.9667,-86.81121,True,0,0,0,,,,,,,,
102591570,Crashes_2010_2019_MPO,2019-12-07,2019,36.03127,-86.7883,True,0,0,1,,,,,,,,
102590949,Crashes_2010_2019_MPO,2019-12-07,2019,35.96085,-86.73857,True,0,0,0,,,,,,,,
102591317,Crashes_2010_2019_MPO,2019-12-07,2019,35.99781,-86.79886,True,0,0,0,,,,,,,,
102591359,Crashes_2010_2019_MPO,2019-12-07,2019,35.99821,-86.80233,True,0,0,0,,,,,,,,
102591312,Crashes_2010_2019_MPO,2019-12-07,2019,36.03112,-86.70107,False,0,0,0,,,,,,,,
102591014,Crashes_2010_2019_MPO,2019-12-07,2019,36.04604,-86.73084,False,0,0,0,,,,,,,,
102591508,Crashes_2010_2019_MPO,2019-12-07,2019,35.96056,-86.81207,False,0,0,1,,,,,,,,
102591096,Crashes_2010_2019_MPO,2019-12-07,2019,36.0213,-86.70201,False,0,0,0,,,,,,,,
102591243,Crashes_2010_2019_MPO,2019-12-07,2019,35.9667,-86.81121,True,0,0,0,,,,,,,,
102591104,Crashes_2010_2019_MPO,2019-12-07,2019,35.94724,-86.82424,False,0,0,0,,,,,,,,
102595216,Crashes_2010_2019_MPO,2019-12-08,2019,35.99321,-86.79848,True,0,0,0,,,,,,,,
102591652,Crashes_2010_2019_MPO,2019-12-08,2019,36.02297,-86.71761,False,0,0,0,,,,,,,,
102594993,Crashes_2010_2019_MPO,2019-12-08,2019,36.03797,-86.79777,False,0,0,0,,,,,,,,
102593107,Crashes_2010_2019_MPO,2019-12-09,2019,36.04026,-86.8164,False,0,0,0,,,,,,,,
102593053,Crashes_2010_2019_MPO,2019-12-09,2019,35.92973,-86.82434,False,0,0,0,,,,,,,,
102592967,Crashes_2010_2019_MPO,2019-12-09,2019,35.99828,-86.80286,True,0,0,0,,,,,,,,
102592459,Crashes_2010_2019_MPO,2019-12-09,2019,35.95124,-86.80821,False,0,0,0,,,,,,,,
102592993,Crashes_2010_2019_MPO,2019-12-09,2019,36.04522,-86.71664,False,0,0,0,,,,,,,,
102593197,Crashes_2010_2019_MPO,2019-12-09,2019,35.95957,-86.8064,False,0,0,0,,,,,,,,
102593452,Crashes_2010_2019_MPO,2019-12-09,2019,35.95279,-86.87569,False,0,0,0,,,,,,,,
102592856,Crashes_2010_2019_MPO,2019-12-09,2019,35.94717,-86.82154,False,0,0,0,,,,,,,,
102592696,Crashes_2010_2019_MPO,2019-12-09,2019,36.03016,-86.79048,True,0,0,0,,,,,,,,
102593226,Crashes_2010_2019_MPO,2019-12-09,2019,35.99686,-86.68989,False,0,0,0,,,,,,,,
102595075,Crashes_2010_2019_MPO,2019-12-09,2019,36.0312,-86.7882,True,0,0,0,,,,,,,,
102594971,Crashes_2010_2019_MPO,2019-12-09,2019,36.0374,-86.78657,False,0,0,0,,,,,,,,
102593472,Crashes_2010_2019_MPO,2019-12-09,2019,36.00191,-86.7799,True,0,0,1,,,,,,,,
102592534,Crashes_2010_2019_MPO,2019-12-09,2019,36.05019,-86.87398,False,0,0,1,,,,,,,,
102593140,Crashes_2010_2019_MPO,2019-12-09,2019,36.0472,-86.71348,False,0,0,0,,,,,,,,
102593232,Crashes_2010_2019_MPO,2019-12-09,2019,36.0332,-86.785286,True,0,0,0,,,,,,,,
102592488,Crashes_2010_2019_MPO,2019-12-09,2019,35.92641,-86.82453,False,0,0,0,,,,,,,,
102593371,Crashes_2010_2019_MPO,2019-12-10,2019,35.92804,-86.86553,False,0,0,0,,,,,,,,
102593861,Crashes_2010_2019_MPO,2019-12-10,2019,36.04957,-86.71366,False,0,0,0,,,,,,,,
102593665,Crashes_2010_2019_MPO,2019-12-10,2019,35.96705,-86.81355,True,0,0,0,,,,,,,,
102593440,Crashes_2010_2019_MPO,2019-12-10,2019,36.0453,-86.70168,False,0,0,0,,,,,,,,
102593459,Crashes_2010_2019_MPO,2019-12-10,2019,35.95078,-86.80647,False,0,0,0,,,,,,,,
102593506,Crashes_2010_2019_MPO,2019-12-10,2019,36.04093,-86.77429,False,0,0,0,,,,,,,,
102596227,Crashes_2010_2019_MPO,2019-12-10,2019,35.92877,-86.75315,False,0,0,0,,,,,,,,
102593515,Crashes_2010_2019_MPO,2019-12-10,2019,35.97334,-86.83305,True,0,0,0,,,,,,,,
102593889,Crashes_2010_2019_MPO,2019-12-10,2019,35.997491,-86.795088,True,0,0,0,,,,,,,,
102596420,Crashes_2010_2019_MPO,2019-12-10,2019,36.03318,-86.78282,True,0,0,0,,,,,,,,
102593816,Crashes_2010_2019_MPO,2019-12-10,2019,35.94612,-86.82346,False,0,0,0,,,,,,,,
102593797,Crashes_2010_2019_MPO,2019-12-10,2019,35.93446,-86.81991,False,0,0,0,,,,,,,,
102593856,Crashes_2010_2019_MPO,2019-12-10,2019,36.05088,-86.69822,False,0,0,0,,,,,,,,
102593674,Crashes_2010_2019_MPO,2019-12-10,2019,36.02969,-86.7846,True,0,0,0,,,,,,,,
102594113,Crashes_2010_2019_MPO,2019-12-10,2019,35.93395,-86.81879,False,0,0,0,,,,,,,,
102593247,Crashes_2010_2019_MPO,2019-12-10,2019,36.03975,-86.74396,False,0,1,0,,,,,,,,
102594183,Crashes_2010_2019_MPO,2019-12-11,2019,36.0334,-86.77844,True,0,0,0,,,,,,,,
102594136,Crashes_2010_2019_MPO,2019-12-11,2019,36.03217,-86.71275,False,0,0,0,,,,,,,,
102594837,Crashes_2010_2019_MPO,2019-12-11,2019,36.03441,-86.78312,True,0,0,0,,,,,,,,
102594363,Crashes_2010_2019_MPO,2019-12-11,2019,36.00016,-86.68931,False,0,0,0,,,,,,,,
102600068,Crashes_2010_2019_MPO,2019-12-11,2019,35.96475,-86.7832,True,0,0,0,,,,,,,,
102594168,Crashes_2010_2019_MPO,2019-12-11,2019,36.02495,-86.7855,True,0,0,0,,,,,,,,
102594229,Crashes_2010_2019_MPO,2019-12-11,2019,35.92879,-86.82059,False,0,0,0,,,,,,,,
102594546,Crashes_2010_2019_MPO,2019-12-11,2019,35.92989,-86.81364,False,0,0,0,,,,,,,,
102594099,Crashes_2010_2019_MPO,2019-12-11,2019,36.02568,-86.78377,True,0,0,0,,,,,,,,
102594640,Crashes_2010_2019_MPO,2019-12-11,2019,35.92957,-86.84213,False,0,0,0,,,,,,,,
102594449,Crashes_2010_2019_MPO,2019-12-11,2019,35.93283,-86.81918,False,0,0,0,,,,,,,,
102594295,Crashes_2010_2019_MPO,2019-12-11,2019,35.99411,-86.76343,True,0,0,0,,,,,,,,
102595047,Crashes_2010_2019_MPO,2019-12-11,2019,35.96975,-86.8066,True,0,0,0,,,,,,,,
102594496,Crashes_2010_2019_MPO,2019-12-11,2019,36.03759,-86.79262,False,0,0,0,,,,,,,,
102595109,Crashes_2010_2019_MPO,2019-12-11,2019,35.96595,-86.80472,True,0,0,0,,,,,,,,
102594146,Crashes_2010_2019_MPO,2019-12-11,2019,36.03971,-86.75895,False,0,0,0,,,,,,,,
102594639,Crashes_2010_2019_MPO,2019-12-11,2019,35.92317,-86.81685,False,0,0,0,,,,,,,,
102594333,Crashes_2010_2019_MPO,2019-12-11,2019,36.03935,-86.78199,False,0,0,0,,,,,,,,
102594016,Crashes_2010_2019_MPO,2019-12-11,2019,36.04305,-86.69117,False,0,0,0,,,,,,,,
102595291,Crashes_2010_2019_MPO,2019-12-11,2019,35.96381,-86.81621,True,0,1,1,,,,,,,,
102594866,Crashes_2010_2019_MPO,2019-12-11,2019,36.04039,-86.78216,False,0,0,1,,,,,,,,
102595025,Crashes_2010_2019_MPO,2019-12-11,2019,35.934,-86.81878,False,0,0,0,,,,,,,,
102595033,Crashes_2010_2019_MPO,2019-12-11,2019,35.96895,-86.71736,True,0,0,0,,,,,,,,
102594161,Crashes_2010_2019_MPO,2019-12-11,2019,35.97867,-86.70023,True,0,0,0,,,,,,,,
102594684,Crashes_2010_2019_MPO,2019-12-11,2019,35.96561,-86.80082,True,0,0,0,,,,,,,,
102595064,Crashes_2010_2019_MPO,2019-12-11,2019,35.97146,-86.6784,False,0,0,0,,,,,,,,
102595026,Crashes_2010_2019_MPO,2019-12-11,2019,35.934,-86.81878,False,0,0,0,,,,,,,,
102594666,Crashes_2010_2019_MPO,2019-12-11,2019,36.04083,-86.77972,False,0,0,0,,,,,,,,
102595341,Crashes_2010_2019_MPO,2019-12-12,2019,36.04152,-86.74384,False,0,0,0,,,,,,,,
102596312,Crashes_2010_2019_MPO,2019-12-12,2019,36.03282,-86.80905,True,0,0,0,,,,,,,,
102595769,Crashes_2010_2019_MPO,2019-12-12,2019,35.93556,-86.82359,False,0,0,0,,,,,,,,
102595966,Crashes_2010_2019_MPO,2019-12-12,2019,36.03451,-86.78311,True,0,0,1,,,,,,,,
102597999,Crashes_2010_2019_MPO,2019-12-12,2019,35.96158,-86.80919,False,0,0,0,,,,,,,,
102595684,Crashes_2010_2019_MPO,2019-12-12,2019,36.05254,-86.6826,False,0,0,0,,,,,,,,
102595568,Crashes_2010_2019_MPO,2019-12-12,2019,36.03432,-86.79316,True,0,0,0,,,,,,,,
102595235,Crashes_2010_2019_MPO,2019-12-12,2019,36.03975,-86.78117,False,0,0,1,,,,,,,,
102595700,Crashes_2010_2019_MPO,2019-12-12,2019,35.9583,-86.8023,False,0,0,0,,,,,,,,
102595213,Crashes_2010_2019_MPO,2019-12-12,2019,36.03812,-86.78444,False,0,0,0,,,,,,,,
102596852,Crashes_2010_2019_MPO,2019-12-13,2019,35.94707,-86.80819,False,0,0,0,,,,,,,,
102596385,Crashes_2010_2019_MPO,2019-12-13,2019,35.98449,-86.72477,True,0,0,0,,,,,,,,
102596139,Crashes_2010_2019_MPO,2019-12-13,2019,36.03806,-86.78415,False,0,0,0,,,,,,,,
102597783,Crashes_2010_2019_MPO,2019-12-13,2019,36.04055,-86.78259,False,0,0,1,,,,,,,,
102596918,Crashes_2010_2019_MPO,2019-12-13,2019,36.01351,-86.8039,True,0,0,0,,,,,,,,
102596963,Crashes_2010_2019_MPO,2019-12-13,2019,35.93557,-86.82364,False,0,0,0,,,,,,,,
102596843,Crashes_2010_2019_MPO,2019-12-13,2019,35.9667,-86.81121,True,0,0,0,,,,,,,,
102597544,Crashes_2010_2019_MPO,2019-12-13,2019,36.01978,-86.74213,False,0,0,0,,,,,,,,
102597089,Crashes_2010_2019_MPO,2019-12-13,2019,35.94026,-86.82129,False,0,0,0,,,,,,,,
102596919,Crashes_2010_2019_MPO,2019-12-13,2019,35.96522,-86.78264,True,0,0,0,,,,,,,,
102596897,Crashes_2010_2019_MPO,2019-12-13,2019,36.00342,-86.7916,True,0,0,0,,,,,,,,
102596140,Crashes_2010_2019_MPO,2019-12-13,2019,36.0381,-86.78408,False,0,0,0,,,,,,,,
102596588,Crashes_2010_2019_MPO,2019-12-13,2019,35.96798,-86.81833,True,0,0,0,,,,,,,,
102597085,Crashes_2010_2019_MPO,2019-12-13,2019,36.03989,-86.793,False,0,0,1,,,,,,,,