record_no,source_layer,collision_ts,crash_year,latitude,longitude,in_city,fatalities,non_motorists,truck_involved,serious_injuries,pedestrian,bicycle,crash_type,manner_of_collision,lighting,weather,first_harmful_event
102596776,Crashes_2010_2019_MPO,2019-12-13,2019,36.01343,-86.80337,True,0,0,0,,,,,,,,
102596965,Crashes_2010_2019_MPO,2019-12-13,2019,35.96091,-86.80943,False,0,0,0,,,,,,,,
102596923,Crashes_2010_2019_MPO,2019-12-13,2019,36.03876,-86.74343,False,0,0,0,,,,,,,,
102596884,Crashes_2010_2019_MPO,2019-12-13,2019,35.92957,-86.84187,False,0,0,0,,,,,,,,
102597342,Crashes_2010_2019_MPO,2019-12-13,2019,35.99359,-86.79811,True,0,0,0,,,,,,,,
102597369,Crashes_2010_2019_MPO,2019-12-13,2019,36.03238,-86.78361,True,0,0,0,,,,,,,,
102596964,Crashes_2010_2019_MPO,2019-12-13,2019,35.94602,-86.82661,False,0,0,0,,,,,,,,
102596431,Crashes_2010_2019_MPO,2019-12-13,2019,36.04088,-86.81637,False,0,0,0,,,,,,,,
102596644,Crashes_2010_2019_MPO,2019-12-13,2019,35.963779,-86.802864,True,0,0,0,,,,,,,,
102597895,Crashes_2010_2019_MPO,2019-12-14,2019,36.04555,-86.7114,False,0,1,0,,,,,,,,
102597211,Crashes_2010_2019_MPO,2019-12-14,2019,35.97709,-86.7629,True,0,0,0,,,,,,,,
102597831,Crashes_2010_2019_MPO,2019-12-14,2019,35.92852,-86.75651,False,0,0,0,,,,,,,,
102597715,Crashes_2010_2019_MPO,2019-12-14,2019,35.96316,-86.77755,True,0,0,0,,,,,,,,
102597982,Crashes_2010_2019_MPO,2019-12-14,2019,35.99004,-86.74528,True,0,0,0,,,,,,,,
102597335,Crashes_2010_2019_MPO,2019-12-14,2019,36.05376,-86.7137,False,0,0,0,,,,,,,,
102597506,Crashes_2010_2019_MPO,2019-12-14,2019,36.03194,-86.75998,False,0,0,0,,,,,,,,
102604945,Crashes_2010_2019_MPO,2019-12-14,2019,36.02285,-86.78696,True,0,0,0,,,,,,,,
102597518,Crashes_2010_2019_MPO,2019-12-14,2019,36.04001,-86.74348,False,0,0,0,,,,,,,,
102597235,Crashes_2010_2019_MPO,2019-12-14,2019,36.04341,-86.71974,False,0,0,0,,,,,,,,
102598521,Crashes_2010_2019_MPO,2019-12-15,2019,35.95546,-86.79824,False,0,0,0,,,,,,,,
102598757,Crashes_2010_2019_MPO,2019-12-15,2019,36.04027,-86.7682,False,0,0,0,,,,,,,,
102598278,Crashes_2010_2019_MPO,2019-12-15,2019,35.92551,-86.86735,False,0,0,0,,,,,,,,
102598430,Crashes_2010_2019_MPO,2019-12-15,2019,36.04805,-86.86544,False,0,0,0,,,,,,,,
102598544,Crashes_2010_2019_MPO,2019-12-15,2019,36.031019,-86.788857,True,0,0,0,,,,,,,,
102598807,Crashes_2010_2019_MPO,2019-12-15,2019,36.04079,-86.74367,False,0,0,0,,,,,,,,
102599663,Crashes_2010_2019_MPO,2019-12-15,2019,35.92287,-86.87085,False,0,0,0,,,,,,,,
102600380,Crashes_2010_2019_MPO,2019-12-15,2019,35.93944,-86.82143,False,0,0,0,,,,,,,,
102598752,Crashes_2010_2019_MPO,2019-12-15,2019,36.05052,-86.71408,False,0,0,0,,,,,,,,
102598186,Crashes_2010_2019_MPO,2019-12-15,2019,36.04128,-86.67774,False,0,0,0,,,,,,,,
102598506,Crashes_2010_2019_MPO,2019-12-15,2019,35.97054,-86.80632,True,0,0,0,,,,,,,,
102603809,Crashes_2010_2019_MPO,2019-12-16,2019,35.97769,-86.67815,False,0,0,0,,,,,,,,
102599614,Crashes_2010_2019_MPO,2019-12-16,2019,36.03431,-86.74357,False,0,0,0,,,,,,,,
102599590,Crashes_2010_2019_MPO,2019-12-16,2019,35.94085,-86.83179,False,0,0,0,,,,,,,,
102600421,Crashes_2010_2019_MPO,2019-12-16,2019,35.95211,-86.81819,False,0,0,0,,,,,,,,
102599350,Crashes_2010_2019_MPO,2019-12-16,2019,35.94899,-86.81958,False,0,0,0,,,,,,,,
102600363,Crashes_2010_2019_MPO,2019-12-16,2019,35.94622,-86.82091,False,0,0,0,,,,,,,,
102599085,Crashes_2010_2019_MPO,2019-12-16,2019,35.99684,-86.79159,True,0,0,0,,,,,,,,
102600254,Crashes_2010_2019_MPO,2019-12-16,2019,35.93378,-86.81961,False,0,0,0,,,,,,,,
102599740,Crashes_2010_2019_MPO,2019-12-16,2019,35.97717,-86.87639,False,0,0,0,,,,,,,,
102599597,Crashes_2010_2019_MPO,2019-12-16,2019,35.99762,-86.79712,True,0,0,0,,,,,,,,
102600676,Crashes_2010_2019_MPO,2019-12-16,2019,35.92568,-86.87291,False,0,0,0,,,,,,,,
102599648,Crashes_2010_2019_MPO,2019-12-16,2019,35.96312,-86.81897,True,0,0,0,,,,,,,,
102599141,Crashes_2010_2019_MPO,2019-12-16,2019,35.94176,-86.81608,False,0,0,1,,,,,,,,
102599413,Crashes_2010_2019_MPO,2019-12-16,2019,35.98614,-86.778,True,0,0,0,,,,,,,,
102599386,Crashes_2010_2019_MPO,2019-12-16,2019,35.95846,-86.8157,False,0,0,0,,,,,,,,
102599237,Crashes_2010_2019_MPO,2019-12-16,2019,36.03611,-86.79483,True,0,0,1,,,,,,,,
102599256,Crashes_2010_2019_MPO,2019-12-16,2019,36.0454,-86.71815,False,0,0,0,,,,,,,,
102599481,Crashes_2010_2019_MPO,2019-12-16,2019,35.97887,-86.77105,True,0,0,0,,,,,,,,
102599565,Crashes_2010_2019_MPO,2019-12-16,2019,35.9976,-86.69091,False,0,0,0,,,,,,,,
102599666,Crashes_2010_2019_MPO,2019-12-16,2019,36.0343,-86.79174,True,0,0,0,,,,,,,,
102599477,Crashes_2010_2019_MPO,2019-12-16,2019,36.03175,-86.78961,True,0,0,0,,,,,,,,
102600734,Crashes_2010_2019_MPO,2019-12-16,2019,36.0268,-86.79235,True,0,0,0,,,,,,,,
102600059,Crashes_2010_2019_MPO,2019-12-17,2019,35.93778,-86.82736,False,0,0,0,,,,,,,,
102601062,Crashes_2010_2019_MPO,2019-12-17,2019,35.94636,-86.80871,False,0,0,0,,,,,,,,
102599976,Crashes_2010_2019_MPO,2019-12-17,2019,36.03918,-86.71286,False,0,0,0,,,,,,,,
102599776,Crashes_2010_2019_MPO,2019-12-17,2019,36.04245,-86.71294,False,0,0,0,,,,,,,,
102600073,Crashes_2010_2019_MPO,2019-12-17,2019,35.97106,-86.8111,True,0,0,0,,,,,,,,
102600324,Crashes_2010_2019_MPO,2019-12-17,2019,35.96518,-86.80029,True,0,0,0,,,,,,,,
102600201,Crashes_2010_2019_MPO,2019-12-17,2019,35.93096,-86.82009,False,0,0,0,,,,,,,,
102600339,Crashes_2010_2019_MPO,2019-12-17,2019,35.99125,-86.6822,False,0,0,0,,,,,,,,
102599950,Crashes_2010_2019_MPO,2019-12-17,2019,35.96761,-86.81708,True,0,0,0,,,,,,,,
102600317,Crashes_2010_2019_MPO,2019-12-17,2019,36.04679,-86.71343,False,0,0,0,,,,,,,,
102599926,Crashes_2010_2019_MPO,2019-12-17,2019,35.96628,-86.81989,True,0,0,0,,,,,,,,
102600564,Crashes_2010_2019_MPO,2019-12-17,2019,36.02991,-86.67847,False,0,0,0,,,,,,,,
102599918,Crashes_2010_2019_MPO,2019-12-17,2019,36.03555,-86.7133,False,0,0,0,,,,,,,,
102600009,Crashes_2010_2019_MPO,2019-12-17,2019,36.03843,-86.71307,False,0,0,0,,,,,,,,
102600187,Crashes_2010_2019_MPO,2019-12-17,2019,35.92896,-86.82431,False,0,0,0,,,,,,,,
102599933,Crashes_2010_2019_MPO,2019-12-17,2019,35.92975,-86.82025,False,0,0,0,,,,,,,,
102600327,Crashes_2010_2019_MPO,2019-12-17,2019,35.92673,-86.87005,False,0,0,0,,,,,,,,
102600490,Crashes_2010_2019_MPO,2019-12-17,2019,36.03745,-86.78622,False,0,0,0,,,,,,,,
102600491,Crashes_2010_2019_MPO,2019-12-17,2019,36.04537,-86.71326,False,0,0,0,,,,,,,,
102599902,Crashes_2010_2019_MPO,2019-12-17,2019,35.92702,-86.82121,False,0,0,0,,,,,,,,
102600418,Crashes_2010_2019_MPO,2019-12-17,2019,35.95346,-86.71461,False,0,0,0,,,,,,,,
102600035,Crashes_2010_2019_MPO,2019-12-17,2019,36.04069,-86.77977,False,0,0,0,,,,,,,,
102600929,Crashes_2010_2019_MPO,2019-12-18,2019,35.966648,-86.809199,True,0,0,0,,,,,,,,
102600789,Crashes_2010_2019_MPO,2019-12-18,2019,36.0409,-86.77938,False,0,0,0,,,,,,,,
102601858,Crashes_2010_2019_MPO,2019-12-18,2019,36.02914,-86.78377,True,0,0,0,,,,,,,,
102601215,Crashes_2010_2019_MPO,2019-12-18,2019,35.96727,-86.81884,True,0,0,0,,,,,,,,
102601216,Crashes_2010_2019_MPO,2019-12-18,2019,36.03751,-86.78571,False,0,0,0,,,,,,,,
102601749,Crashes_2010_2019_MPO,2019-12-18,2019,36.03473,-86.78793,True,0,0,0,,,,,,,,
102601108,Crashes_2010_2019_MPO,2019-12-18,2019,35.92577,-86.87297,False,0,0,0,,,,,,,,
102600758,Crashes_2010_2019_MPO,2019-12-18,2019,36.01203,-86.68403,False,0,0,0,,,,,,,,
102601166,Crashes_2010_2019_MPO,2019-12-18,2019,35.92441,-86.79506,False,0,1,0,,,,,,,,
102600774,Crashes_2010_2019_MPO,2019-12-18,2019,36.03737,-86.78692,False,0,0,0,,,,,,,,
102601378,Crashes_2010_2019_MPO,2019-12-18,2019,36.02059,-86.699,False,0,0,0,,,,,,,,
102600709,Crashes_2010_2019_MPO,2019-12-18,2019,36.01203,-86.68403,False,0,0,0,,,,,,,,
102600794,Crashes_2010_2019_MPO,2019-12-18,2019,35.93357,-86.86167,False,0,0,0,,,,,,,,
102601263,Crashes_2010_2019_MPO,2019-12-18,2019,35.94421,-86.81976,False,0,0,0,,,,,,,,
102601829,Crashes_2010_2019_MPO,2019-12-19,2019,35.96705,-86.81355,True,0,0,0,,,,,,,,
102602300,Crashes_2010_2019_MPO,2019-12-19,2019,35.99585,-86.78243,True,0,0,0,,,,,,,,
102602166,Crashes_2010_2019_MPO,2019-12-19,2019,35.99047,-86.70273,True,0,0,0,,,,,,,,
102602234,Crashes_2010_2019_MPO,2019-12-19,2019,36.00123,-86.80816,True,0,0,0,,,,,,,,
102602746,Crashes_2010_2019_MPO,2019-12-19,2019,36.03613,-86.78712,True,0,0,0,,,,,,,,
102602329,Crashes_2010_2019_MPO,2019-12-19,2019,36.02581,-86.70866,False,0,0,0,,,,,,,,
102601879,Crashes_2010_2019_MPO,2019-12-19,2019,35.96488,-86.7931,True,0,0,0,,,,,,,,
102602338,Crashes_2010_2019_MPO,2019-12-19,2019,35.97316,-86.83103,True,0,0,0,,,,,,,,
102601956,Crashes_2010_2019_MPO,2019-12-19,2019,35.94778,-86.81994,False,0,0,0,,,,,,,,
102602270,Crashes_2010_2019_MPO,2019-12-19,2019,35.92404,-86.79546,False,0,0,0,,,,,,,,
102601690,Crashes_2010_2019_MPO,2019-12-19,2019,36.00657,-86.80536,True,0,0,0,,,,,,,,
102601779,Crashes_2010_2019_MPO,2019-12-19,2019,36.04523,-86.69237,False,0,0,0,,,,,,,,
102602591,Crashes_2010_2019_MPO,2019-12-20,2019,36.00867,-86.69492,False,0,0,0,,,,,,,,
102602803,Crashes_2010_2019_MPO,2019-12-20,2019,36.04537,-86.71326,False,0,0,0,,,,,,,,
102604810,Crashes_2010_2019_MPO,2019-12-20,2019,36.03618,-86.78709,True,0,0,0,,,,,,,,
102603515,Crashes_2010_2019_MPO,2019-12-20,2019,36.0419,-86.7129,False,0,0,0,,,,,,,,
102604096,Crashes_2010_2019_MPO,2019-12-20,2019,36.03336,-86.78872,True,0,0,0,,,,,,,,
102603058,Crashes_2010_2019_MPO,2019-12-20,2019,36.0403,-86.76859,False,0,0,0,,,,,,,,
102603188,Crashes_2010_2019_MPO,2019-12-20,2019,35.96593,-86.8052,True,0,0,0,,,,,,,,
102603153,Crashes_2010_2019_MPO,2019-12-20,2019,35.99629,-86.68905,False,0,0,0,,,,,,,,
102603343,Crashes_2010_2019_MPO,2019-12-20,2019,36.04751,-86.86345,False,0,0,0,,,,,,,,
102604426,Crashes_2010_2019_MPO,2019-12-21,2019,36.01575,-86.82116,True,0,0,0,,,,,,,,
102604361,Crashes_2010_2019_MPO,2019-12-21,2019,35.99692,-86.81047,True,0,0,0,,,,,,,,
102603912,Crashes_2010_2019_MPO,2019-12-21,2019,36.03994,-86.74246,False,0,0,0,,,,,,,,
102604534,Crashes_2010_2019_MPO,2019-12-21,2019,35.96617,-86.81392,False,0,0,0,,,,,,,,
102604487,Crashes_2010_2019_MPO,2019-12-21,2019,36.044,-86.84546,False,0,0,0,,,,,,,,
102605325,Crashes_2010_2019_MPO,2019-12-21,2019,35.93446,-86.81991,False,0,0,0,,,,,,,,
102604631,Crashes_2010_2019_MPO,2019-12-21,2019,36.04526,-86.71704,False,0,0,0,,,,,,,,
102604298,Crashes_2010_2019_MPO,2019-12-21,2019,36.04063,-86.77987,False,0,0,0,,,,,,,,
102604613,Crashes_2010_2019_MPO,2019-12-21,2019,35.92444,-86.80249,False,0,0,0,,,,,,,,
102603906,Crashes_2010_2019_MPO,2019-12-21,2019,35.94655,-86.8084,False,0,0,0,,,,,,,,
102604275,Crashes_2010_2019_MPO,2019-12-21,2019,36.04021,-86.76774,False,0,0,0,,,,,,,,
102605261,Crashes_2010_2019_MPO,2019-12-22,2019,36.04543,-86.70361,False,0,0,0,,,,,,,,
102605188,Crashes_2010_2019_MPO,2019-12-22,2019,36.01749,-86.76061,True,0,0,0,,,,,,,,
102604911,Crashes_2010_2019_MPO,2019-12-22,2019,35.94675,-86.85178,False,0,0,0,,,,,,,,
102605366,Crashes_2010_2019_MPO,2019-12-22,2019,36.0409,-86.77938,False,0,0,0,,,,,,,,
102605377,Crashes_2010_2019_MPO,2019-12-22,2019,36.04668,-86.77761,False,0,0,0,,,,,,,,
102605605,Crashes_2010_2019_MPO,2019-12-22,2019,36.04617,-86.71823,False,0,0,0,,,,,,,,
102606275,Crashes_2010_2019_MPO,2019-12-22,2019,35.95902,-86.81609,False,0,0,0,,,,,,,,
102605092,Crashes_2010_2019_MPO,2019-12-22,2019,36.05302,-86.677,False,0,0,0,,,,,,,,
102605292,Crashes_2010_2019_MPO,2019-12-22,2019,36.03066,-86.78358,True,0,0,0,,,,,,,,
102604647,Crashes_2010_2019_MPO,2019-12-22,2019,36.04559,-86.71697,False,0,0,0,,,,,,,,
102606422,Crashes_2010_2019_MPO,2019-12-23,2019,35.95699,-86.81298,False,0,0,0,,,,,,,,
102606063,Crashes_2010_2019_MPO,2019-12-23,2019,35.99728,-86.69046,False,0,0,0,,,,,,,,
102606022,Crashes_2010_2019_MPO,2019-12-23,2019,35.967377,-86.808451,True,0,0,0,,,,,,,,
102605927,Crashes_2010_2019_MPO,2019-12-23,2019,35.99922,-86.80923,True,0,0,0,,,,,,,,
102606185,Crashes_2010_2019_MPO,2019-12-23,2019,35.94191,-86.82265,False,0,0,0,,,,,,,,
102606367,Crashes_2010_2019_MPO,2019-12-23,2019,35.96246,-86.80152,True,0,0,0,,,,,,,,
102606235,Crashes_2010_2019_MPO,2019-12-23,2019,35.94175,-86.82119,False,0,0,0,,,,,,,,
102605986,Crashes_2010_2019_MPO,2019-12-23,2019,35.94293,-86.82071,False,0,0,0,,,,,,,,
102606234,Crashes_2010_2019_MPO,2019-12-23,2019,35.94608,-86.83064,False,0,0,0,,,,,,,,
102606732,Crashes_2010_2019_MPO,2019-12-23,2019,35.95291,-86.81521,False,0,0,0,,,,,,,,
102605509,Crashes_2010_2019_MPO,2019-12-23,2019,36.03216,-86.75853,False,0,0,0,,,,,,,,
102610294,Crashes_2010_2019_MPO,2019-12-23,2019,36.03689,-86.81684,True,0,0,0,,,,,,,,
102605848,Crashes_2010_2019_MPO,2019-12-23,2019,35.95929,-86.81586,False,0,0,0,,,,,,,,
102606752,Crashes_2010_2019_MPO,2019-12-24,2019,36.0085,-86.78038,True,0,0,0,,,,,,,,
102606688,Crashes_2010_2019_MPO,2019-12-24,2019,35.94782,-86.81975,False,0,1,0,,,,,,,,
102606582,Crashes_2010_2019_MPO,2019-12-24,2019,35.94055,-86.83919,False,0,0,0,,,,,,,,
102606552,Crashes_2010_2019_MPO,2019-12-24,2019,35.93731,-86.87881,False,0,0,0,,,,,,,,
102606567,Crashes_2010_2019_MPO,2019-12-24,2019,36.05125,-86.71516,False,0,0,0,,,,,,,,
102607024,Crashes_2010_2019_MPO,2019-12-24,2019,35.94925,-86.81947,False,0,0,0,,,,,,,,
102607278,Crashes_2010_2019_MPO,2019-12-25,2019,36.03566,-86.68229,False,0,0,0,,,,,,,,
102607165,Crashes_2010_2019_MPO,2019-12-25,2019,36.04476,-86.77987,False,0,0,0,,,,,,,,
102607847,Crashes_2010_2019_MPO,2019-12-26,2019,35.96662,-86.81058,True,0,0,0,,,,,,,,
102608981,Crashes_2010_2019_MPO,2019-12-26,2019,35.95578,-86.8058,False,0,0,0,,,,,,,,
102607790,Crashes_2010_2019_MPO,2019-12-26,2019,35.96705,-86.81355,True,0,0,0,,,,,,,,
102607604,Crashes_2010_2019_MPO,2019-12-26,2019,36.04579,-86.71331,False,0,0,0,,,,,,,,
102607381,Crashes_2010_2019_MPO,2019-12-26,2019,36.0357,-86.68265,False,0,0,0,,,,,,,,
102607829,Crashes_2010_2019_MPO,2019-12-26,2019,35.96195,-86.71029,True,0,0,0,,,,,,,,
102610428,Crashes_2010_2019_MPO,2019-12-26,2019,35.98472,-86.78415,True,0,0,0,,,,,,,,
102607673,Crashes_2010_2019_MPO,2019-12-26,2019,35.92738,-86.8687,False,0,0,0,,,,,,,,
102607828,Crashes_2010_2019_MPO,2019-12-26,2019,36.04619,-86.77826,False,0,0,0,,,,,,,,
102608542,Crashes_2010_2019_MPO,2019-12-27,2019,35.94173,-86.82095,False,0,0,0,,,,,,,,
102609269,Crashes_2010_2019_MPO,2019-12-27,2019,35.92444,-86.80249,False,0,0,0,,,,,,,,
102608268,Crashes_2010_2019_MPO,2019-12-27,2019,35.95547,-86.73874,True,0,0,0,,,,,,,,
102608962,Crashes_2010_2019_MPO,2019-12-27,2019,35.92669,-86.82704,False,0,0,0,,,,,,,,
102610843,Crashes_2010_2019_MPO,2019-12-27,2019,36.04614,-86.72165,False,0,0,0,,,,,,,,
102608795,Crashes_2010_2019_MPO,2019-12-27,2019,36.03319,-86.7876,True,0,0,0,,,,,,,,
102608319,Crashes_2010_2019_MPO,2019-12-27,2019,36.04259,-86.78213,False,0,0,0,,,,,,,,
102609705,Crashes_2010_2019_MPO,2019-12-27,2019,35.96569,-86.80103,True,0,0,0,,,,,,,,
102609187,Crashes_2010_2019_MPO,2019-12-27,2019,36.04668,-86.72506,False,0,0,0,,,,,,,,
102608649,Crashes_2010_2019_MPO,2019-12-27,2019,35.99975,-86.69207,False,0,0,0,,,,,,,,
102609813,Crashes_2010_2019_MPO,2019-12-28,2019,35.95146,-86.76611,True,0,0,0,,,,,,,,
102610259,Crashes_2010_2019_MPO,2019-12-28,2019,36.02378,-86.71221,False,0,0,0,,,,,,,,
102614070,Crashes_2010_2019_MPO,2019-12-28,2019,36.0326,-86.78359,True,0,0,0,,,,,,,,
102609833,Crashes_2010_2019_MPO,2019-12-28,2019,35.98728,-86.75238,True,0,0,0,,,,,,,,
102609921,Crashes_2010_2019_MPO,2019-12-28,2019,35.98635,-86.73664,True,0,0,0,,,,,,,,
102609827,Crashes_2010_2019_MPO,2019-12-28,2019,36.04454,-86.68698,False,0,0,0,,,,,,,,
102609955,Crashes_2010_2019_MPO,2019-12-28,2019,35.96678,-86.8104,True,0,0,0,,,,,,,,
102610094,Crashes_2010_2019_MPO,2019-12-28,2019,35.94421,-86.81976,False,0,0,0,,,,,,,,
102609788,Crashes_2010_2019_MPO,2019-12-28,2019,36.04842,-86.71363,False,0,0,0,,,,,,,,
102610100,Crashes_2010_2019_MPO,2019-12-28,2019,35.98403,-86.72275,True,0,0,0,,,,,,,,
102609345,Crashes_2010_2019_MPO,2019-12-28,2019,35.93038,-86.82004,False,0,0,0,,,,,,,,
102609906,Crashes_2010_2019_MPO,2019-12-28,2019,35.94812,-86.81995,False,0,0,0,,,,,,,,
102610855,Crashes_2010_2019_MPO,2019-12-29,2019,36.01846,-86.7086,False,0,0,0,,,,,,,,
102610588,Crashes_2010_2019_MPO,2019-12-29,2019,35.92844,-86.82071,False,0,0,0,,,,,,,,
102610728,Crashes_2010_2019_MPO,2019-12-29,2019,35.99687,-86.68989,False,0,0,0,,,,,,,,
102610818,Crashes_2010_2019_MPO,2019-12-29,2019,35.92472,-86.79428,False,0,0,0,,,,,,,,
102610637,Crashes_2010_2019_MPO,2019-12-29,2019,36.00418,-86.79114,True,0,0,0,,,,,,,,
102611167,Crashes_2010_2019_MPO,2019-12-30,2019,35.93446,-86.81991,False,0,0,0,,,,,,,,
102611138,Crashes_2010_2019_MPO,2019-12-30,2019,35.92267,-86.87072,False,0,0,0,,,,,,,,
102611625,Crashes_2010_2019_MPO,2019-12-30,2019,35.97071,-86.72677,True,0,0,0,,,,,,,,
102611128,Crashes_2010_2019_MPO,2019-12-30,2019,36.04228,-86.74399,False,0,0,0,,,,,,,,
102611409,Crashes_2010_2019_MPO,2019-12-30,2019,36.04543,-86.70361,False,0,0,0,,,,,,,,
102610948,Crashes_2010_2019_MPO,2019-12-30,2019,36.02049,-86.73096,False,0,0,0,,,,,,,,
102611885,Crashes_2010_2019_MPO,2019-12-30,2019,36.03841,-86.713,False,0,0,0,,,,,,,,
102611601,Crashes_2010_2019_MPO,2019-12-30,2019,36.05481,-86.7287,False,0,0,0,,,,,,,,
102611608,Crashes_2010_2019_MPO,2019-12-30,2019,36.04245,-86.71294,False,0,0,0,,,,,,,,
102611452,Crashes_2010_2019_MPO,2019-12-30,2019,36.02675,-86.80047,True,0,0,0,,,,,,,,
102611657,Crashes_2010_2019_MPO,2019-12-30,2019,36.04801,-86.71358,False,0,0,0,,,,,,,,
102611518,Crashes_2010_2019_MPO,2019-12-30,2019,35.95089,-86.80724,False,0,0,0,,,,,,,,
102613265,Crashes_2010_2019_MPO,2019-12-30,2019,35.98283,-86.80182,True,0,0,0,,,,,,,,
102612173,Crashes_2010_2019_MPO,2019-12-31,2019,36.0375,-86.78584,False,0,0,0,,,,,,,,
102612406,Crashes_2010_2019_MPO,2019-12-31,2019,36.0452,-86.71516,False,0,0,0,,,,,,,,
102612857,Crashes_2010_2019_MPO,2019-12-31,2019,35.95383,-86.80405,False,0,0,0,,,,,,,,
102612539,Crashes_2010_2019_MPO,2019-12-31,2019,36.04111,-86.77889,False,0,0,0,,,,,,,,
102612186,Crashes_2010_2019_MPO,2019-12-31,2019,35.965,-86.80016,True,0,0,0,,,,,,,,
102612375,Crashes_2010_2019_MPO,2019-12-31,2019,36.04432,-86.71314,False,0,0,0,,,,,,,,
102612095,Crashes_2010_2019_MPO,2019-12-31,2019,36.05312,-86.77516,False,0,0,0,,,,,,,,
102611867,Crashes_2010_2019_MPO,2019-12-31,2019,35.99812,-86.7989,True,0,0,0,,,,,,,,
102612229,Crashes_2010_2019_MPO,2019-12-31,2019,35.94878,-86.81985,False,0,0,0,,,,,,,,
102612170,Crashes_2010_2019_MPO,2019-12-31,2019,35.92738,-86.8687,False,0,0,0,,,,,,,,
102612144,Crashes_2010_2019_MPO,2019-12-31,2019,36.03352,-86.71298,False,0,0,0,,,,,,,,
102613725,Crashes_2010_2019_MPO,2019-12-31,2019,36.05391,-86.77515,False,0,0,0,,,,,,,,
102612618,Crashes_MPO_2020,2020-01-01,2020,36.0387,-86.73097,False,0,0,,0,0,0,Property Damage,Other,Dark-Lighted,Clear,Motor Vehicle-In-Transport On Same Roadway
102612814,Crashes_MPO_2020,2020-01-01,2020,36.05145,-86.70209,False,0,0,,0,0,0,Property Damage Under,Not Collision with Motor Vehicle in Transport,Unknown,Clear,Mail Box
102613030,Crashes_MPO_2020,2020-01-01,2020,35.96133,-86.81226,False,0,0,,0,0,0,Property Damage,Angle,Daylight,Clear,Parked Motor Vehicle
102613278,Crashes_MPO_2020,2020-01-01,2020,35.96689,-86.8113,True,0,0,,0,0,0,Property Damage,"Sideswipe, Same Direction",Dark-Lighted,Clear,Motor Vehicle-In-Transport On Same Roadway
102619947,Crashes_MPO_2020,2020-01-02,2020,36.00432,-86.79099,True,0,0,,0,0,0,Property Damage,"Sideswipe, Same Direction",Dark-Not Lighted,Rain,Motor Vehicle-In-Transport On Same Roadway
102613476,Crashes_MPO_2020,2020-01-02,2020,36.02445,-86.74219,False,0,0,,0,0,0,Suspected Minor Injury,Not Collision with Motor Vehicle in Transport,Dark-Not Lighted,Clear,Ditch
102613560,Crashes_MPO_2020,2020-01-02,2020,35.9912,-86.68349,False,0,0,,0,0,0,Possible Injury,Angle,Dark-Not Lighted,Clear,Motor Vehicle-In-Transport On Same Roadway
102613567,Crashes_MPO_2020,2020-01-02,2020,35.99133,-86.68363,False,0,0,,0,0,0,Suspected Minor Injury,Front to Rear,Dark-Lighted,Clear,Motor Vehicle-In-Transport On Same Roadway
102613769,Crashes_MPO_2020,2020-01-02,2020,35.94068,-86.83938,False,0,0,,0,0,0,Property Damage Under,Front to Rear,Daylight,Rain,Motor Vehicle-In-Transport On Same Roadway
102613881,Crashes_MPO_2020,2020-01-02,2020,36.03078,-86.74744,False,0,0,,0,0,0,Property Damage,Front to Rear,Daylight,Rain,Motor Vehicle-In-Transport On Same Roadway
102613921,Crashes_MPO_2020,2020-01-02,2020,35.94612,-86.82346,False,0,0,,0,0,0,Property Damage Under,Front to Rear,Daylight,Rain,Motor Vehicle-In-Transport On Same Roadway
102614053,Crashes_MPO_2020,2020-01-02,2020,36.03759,-86.67725,False,0,0,,0,0,0,Property Damage,Front to Rear,Dark-Lighted,Rain,Motor Vehicle-In-Transport On Same Roadway
102614056,Crashes_MPO_2020,2020-01-02,2020,35.93465,-86.86087,False,0,0,,0,0,0,Suspected Minor Injury,Front to Rear,Daylight,Rain,Motor Vehicle-In-Transport On Same Roadway
102614081,Crashes_MPO_2020,2020-01-02,2020,36.00726,-86.72419,True,0,0,,0,0,0,Property Damage,Not Collision with Motor Vehicle in Transport,Dark-Lighted,Rain,Culvert
102614083,Crashes_MPO_2020,2020-01-02,2020,36.03713,-86.79779,True,0,0,,0,0,0,Property Damage,Angle,Dark-Lighted,Rain,Motor Vehicle-In-Transport On Same Roadway
102614088,Crashes_MPO_2020,2020-01-02,2020,36.03759,-86.67725,False,0,0,,0,0,0,Possible Injury,Front to Rear,Dark-Lighted,Rain,Motor Vehicle-In-Transport On Same Roadway
102614096,Crashes_MPO_2020,2020-01-02,2020,36.03785,-86.78469,False,0,0,,0,0,0,Property Damage Under,Not Collision with Motor Vehicle in Transport,,,
102614175,Crashes_MPO_2020,2020-01-02,2020,35.92373,-86.79452,False,0,0,,0,0,0,Property Damage,Front to Rear,Dark-Lighted,Rain,Motor Vehicle-In-Transport On Same Roadway
102614190,Crashes_MPO_2020,2020-01-02,2020,35.94639,-86.80885,False,0,0,,0,0,0,Property Damage,Angle,Dark-Not Lighted,Rain,Motor Vehicle-In-Transport On Same Roadway
102614214,Crashes_MPO_2020,2020-01-02,2020,36.04919,-86.69471,False,0,0,,0,0,0,Property Damage,Not Collision with Motor Vehicle in Transport,Dark-Not Lighted,Rain,Mail Box
102615178,Crashes_MPO_2020,2020-01-03,2020,36.04013,-86.78075,False,0,0,,0,0,0,Property Damage Under,"Sideswipe, Same Direction",Dusk,Clear,Motor Vehicle-In-Transport On Same Roadway