record_no,source_layer,collision_ts,crash_year,latitude,longitude,in_city,fatalities,non_motorists,truck_involved,serious_injuries,pedestrian,bicycle,crash_type,manner_of_collision,lighting,weather,first_harmful_event
102615186,Crashes_MPO_2020,2020-01-03,2020,36.05201,-86.71451,False,0,0,,0,0,0,Property Damage,Front to Rear,Dark-Not Lighted,Rain,Motor Vehicle-In-Transport On Same Roadway
102616160,Crashes_MPO_2020,2020-01-03,2020,35.92355,-86.79253,False,0,0,,0,0,0,Property Damage,Angle,Daylight,Rain,Motor Vehicle-In-Transport On Same Roadway
102616161,Crashes_MPO_2020,2020-01-03,2020,35.92974,-86.86227,False,0,0,,0,0,0,Property Damage,"Sideswipe, Same Direction",Dusk,Rain,Motor Vehicle-In-Transport On Same Roadway
102616162,Crashes_MPO_2020,2020-01-03,2020,35.96454,-86.81434,False,0,0,,0,0,0,Property Damage,Angle,Dark-Lighted,Rain,Motor Vehicle-In-Transport On Same Roadway
102614447,Crashes_MPO_2020,2020-01-03,2020,35.98368,-86.72139,True,0,0,,0,0,0,Property Damage,Front to Rear,Daylight,Rain,Motor Vehicle-In-Transport On Same Roadway
102614451,Crashes_MPO_2020,2020-01-03,2020,35.98494,-86.71572,True,0,0,,0,0,0,Suspected Minor Injury,Not Collision with Motor Vehicle in Transport,Daylight,Rain,Culvert
102614921,Crashes_MPO_2020,2020-01-03,2020,36.04772,-86.71361,False,0,0,,0,0,0,Property Damage,Other,Daylight,Rain,Motor Vehicle-In-Transport On Same Roadway
102614954,Crashes_MPO_2020,2020-01-03,2020,35.99922,-86.80923,True,0,0,,0,0,0,Property Damage,Angle,Daylight,Rain,Motor Vehicle-In-Transport On Same Roadway
102614955,Crashes_MPO_2020,2020-01-03,2020,35.96653,-86.80996,True,0,0,,0,0,0,Suspected Minor Injury,Angle,Daylight,Rain,Motor Vehicle-In-Transport On Same Roadway
102614956,Crashes_MPO_2020,2020-01-03,2020,35.96546,-86.79858,True,0,0,,0,0,0,Property Damage,Front to Rear,Dark-Lighted,Rain,Motor Vehicle-In-Transport On Same Roadway
102614975,Crashes_MPO_2020,2020-01-03,2020,35.98508,-86.72753,True,0,0,,0,0,0,Property Damage,Front to Rear,Dark-Lighted,Rain,Motor Vehicle-In-Transport On Same Roadway
102615017,Crashes_MPO_2020,2020-01-03,2020,35.96174,-86.80191,True,0,0,,0,0,0,Property Damage,Angle,Dark-Lighted,Rain,Motor Vehicle-In-Transport On Same Roadway
102615065,Crashes_MPO_2020,2020-01-03,2020,35.93298,-86.78238,False,0,0,,0,0,0,Property Damage,"Sideswipe, Opposite Direction",Dark-Not Lighted,Rain,Motor Vehicle-In-Transport On Same Roadway
102615096,Crashes_MPO_2020,2020-01-03,2020,36.04546,-86.70403,False,0,0,,0,0,0,Property Damage,Front to Rear,Dark-Lighted,Rain,Motor Vehicle-In-Transport On Same Roadway
102615101,Crashes_MPO_2020,2020-01-03,2020,35.93298,-86.78238,False,0,0,,0,0,0,Property Damage,"Sideswipe, Opposite Direction",Dark-Not Lighted,Rain,Motor Vehicle-In-Transport On Same Roadway
102615398,Crashes_MPO_2020,2020-01-04,2020,35.92423,-86.87286,False,0,0,,0,0,0,Property Damage,Angle,Daylight,Clear,Motor Vehicle-In-Transport On Same Roadway
102615522,Crashes_MPO_2020,2020-01-04,2020,35.92957,-86.84187,False,0,0,,0,0,0,Property Damage,Angle,Daylight,Clear,Motor Vehicle-In-Transport On Different Roadway
102615555,Crashes_MPO_2020,2020-01-04,2020,35.99034,-86.84755,False,0,0,,0,0,0,Possible Injury,Not Collision with Motor Vehicle in Transport,Daylight,Clear,Embankment Earth
102615597,Crashes_MPO_2020,2020-01-04,2020,35.95782,-86.81077,False,0,0,,0,0,0,Property Damage,"Sideswipe, Same Direction",Daylight,Cloudy,Motor Vehicle-In-Transport On Same Roadway
102615661,Crashes_MPO_2020,2020-01-04,2020,35.94102,-86.81659,False,0,0,,0,0,0,Suspected Minor Injury,Front to Rear,Daylight,Clear,Motor Vehicle-In-Transport On Same Roadway
102615830,Crashes_MPO_2020,2020-01-04,2020,35.92828,-86.76686,False,0,0,,0,0,0,Property Damage,Not Collision with Motor Vehicle in Transport,Dark-Not Lighted,Clear,Ditch
102615956,Crashes_MPO_2020,2020-01-04,2020,36.04547,-86.7043,False,0,0,,0,0,0,Property Damage,Front to Rear,Dark-Lighted,Clear,Motor Vehicle-In-Transport On Same Roadway
102616045,Crashes_MPO_2020,2020-01-04,2020,35.93885,-86.75066,True,0,0,,0,0,0,Property Damage,Not Collision with Motor Vehicle in Transport,Dark-Not Lighted,Clear,Curb
102616258,Crashes_MPO_2020,2020-01-05,2020,36.04369,-86.7401,False,0,0,,0,0,0,Property Damage Under,Unknown,Unknown,Clear,Parked Motor Vehicle
102616747,Crashes_MPO_2020,2020-01-05,2020,36.04537,-86.71326,False,0,0,,0,0,0,Property Damage,"Sideswipe, Same Direction",Dark-Lighted,Clear,Motor Vehicle-In-Transport On Same Roadway
102616850,Crashes_MPO_2020,2020-01-05,2020,35.99392,-86.7005,True,0,0,,0,0,0,Suspected Minor Injury,Not Collision with Motor Vehicle in Transport,Dark-Lighted,Clear,Utility Pole
102617007,Crashes_MPO_2020,2020-01-06,2020,36.03336,-86.78872,True,0,0,,0,0,0,Property Damage,Front to Rear,Daylight,Clear,Motor Vehicle-In-Transport On Same Roadway
102617022,Crashes_MPO_2020,2020-01-06,2020,36.01481,-86.81137,True,0,0,,0,0,0,Property Damage,Front to Rear,Daylight,Clear,Motor Vehicle-In-Transport On Same Roadway
102617308,Crashes_MPO_2020,2020-01-06,2020,35.93312,-86.81317,False,0,0,,0,0,0,Property Damage,Front to Rear,Daylight,Clear,Motor Vehicle-In-Transport On Same Roadway
102617344,Crashes_MPO_2020,2020-01-06,2020,35.92835,-86.86941,False,0,0,,0,0,0,Property Damage,"Sideswipe, Same Direction",Daylight,Clear,Motor Vehicle-In-Transport On Same Roadway
102617382,Crashes_MPO_2020,2020-01-06,2020,36.04053,-86.74361,False,0,0,,0,0,0,Property Damage,Angle,Daylight,Clear,Motor Vehicle-In-Transport On Same Roadway
102617391,Crashes_MPO_2020,2020-01-06,2020,36.04023,-86.76783,False,0,0,,0,0,0,Property Damage,Front to Rear,Daylight,Clear,Motor Vehicle-In-Transport On Same Roadway
102617408,Crashes_MPO_2020,2020-01-06,2020,35.96667,-86.81122,True,0,0,,0,0,0,Property Damage,Front to Rear,Dusk,Clear,Motor Vehicle-In-Transport On Same Roadway
102617419,Crashes_MPO_2020,2020-01-06,2020,36.01392,-86.71935,False,0,0,,0,0,0,Suspected Minor Injury,HeadOn,Daylight,Clear,Motor Vehicle-In-Transport On Same Roadway
102617432,Crashes_MPO_2020,2020-01-06,2020,35.9246,-86.767,False,0,0,,0,0,0,Property Damage Under,Not Collision with Motor Vehicle in Transport,,,
102617436,Crashes_MPO_2020,2020-01-06,2020,35.963888,-86.800472,True,0,0,,0,0,0,Property Damage,"Sideswipe, Same Direction",Daylight,Clear,Motor Vehicle-In-Transport On Same Roadway
102617457,Crashes_MPO_2020,2020-01-06,2020,35.97642,-86.85691,False,0,0,,0,0,0,Suspected Minor Injury,Not Collision with Motor Vehicle in Transport,Daylight,Clear,Embankment Rock/Stone/Concrete
102617459,Crashes_MPO_2020,2020-01-06,2020,35.94666,-86.82384,False,0,0,,0,0,0,Property Damage Under,"Sideswipe, Same Direction",Daylight,Clear,Motor Vehicle-In-Transport On Same Roadway
102617512,Crashes_MPO_2020,2020-01-06,2020,36.0137,-86.71667,False,0,0,,0,0,0,Property Damage,Not Collision with Motor Vehicle in Transport,Dark-Lighted,Clear,Deer
102617629,Crashes_MPO_2020,2020-01-06,2020,35.94694,-86.85193,False,0,0,,0,0,0,Property Damage Under,Front to Rear,Dark-Lighted,Clear,Motor Vehicle-In-Transport On Same Roadway
102618379,Crashes_MPO_2020,2020-01-06,2020,35.97098,-86.67834,False,0,0,,0,0,0,Property Damage,"Sideswipe, Opposite Direction",Dark-Not Lighted,Clear,Motor Vehicle-In-Transport On Different Roadway
102617828,Crashes_MPO_2020,2020-01-07,2020,36.03996,-86.78132,False,0,0,,0,0,0,Property Damage,Front to Rear,Daylight,Clear,Motor Vehicle-In-Transport On Same Roadway
102617921,Crashes_MPO_2020,2020-01-07,2020,35.94795,-86.81919,False,0,0,,0,0,0,Property Damage,Front to Rear,Daylight,Clear,Motor Vehicle-In-Transport On Same Roadway
102617995,Crashes_MPO_2020,2020-01-07,2020,35.96463,-86.79043,True,0,0,,0,0,0,Property Damage,Front to Rear,Daylight,Clear,Motor Vehicle-In-Transport On Same Roadway
102618250,Crashes_MPO_2020,2020-01-07,2020,36.02446,-86.86419,False,0,0,,0,0,0,Property Damage,Front to Rear,Daylight,Clear,Motor Vehicle-In-Transport On Same Roadway
102618422,Crashes_MPO_2020,2020-01-07,2020,35.96594,-86.7803,True,0,0,,0,0,0,Property Damage,Not Collision with Motor Vehicle in Transport,Dark-Lighted,Clear,Deer
102618429,Crashes_MPO_2020,2020-01-07,2020,36.04562,-86.74391,False,0,1,,0,1,0,Possible Injury,Not Collision with Motor Vehicle in Transport,Dark-Lighted,Clear,Pedestrian
102618432,Crashes_MPO_2020,2020-01-07,2020,36.01669,-86.78629,True,0,0,,0,0,0,Property Damage Under,Not Collision with Motor Vehicle in Transport,,,
102618466,Crashes_MPO_2020,2020-01-07,2020,35.99742,-86.79555,True,0,0,,0,0,0,Possible Injury,Front to Rear,Dark-Lighted,Clear,Motor Vehicle-In-Transport On Same Roadway
102618476,Crashes_MPO_2020,2020-01-07,2020,35.99687,-86.68989,False,0,0,,0,0,0,Property Damage,Angle,Dark-Lighted,Clear,Motor Vehicle-In-Transport On Same Roadway
102618484,Crashes_MPO_2020,2020-01-07,2020,35.94429,-86.81993,False,0,0,,0,0,0,Property Damage,Not Collision with Motor Vehicle in Transport,Dark-Lighted,Clear,Curb
102618893,Crashes_MPO_2020,2020-01-07,2020,35.92957,-86.84187,False,0,0,,0,0,0,Property Damage,Front to Rear,Daylight,Clear,Motor Vehicle-In-Transport On Same Roadway
102624880,Crashes_MPO_2020,2020-01-07,2020,35.93218,-86.85539,False,0,0,,0,0,0,Property Damage,Unknown,Unknown,Unknown,Parked Motor Vehicle
102618819,Crashes_MPO_2020,2020-01-08,2020,36.03699,-86.78483,False,0,0,,0,0,0,Property Damage Under,Front to Rear,Daylight,Clear,Motor Vehicle-In-Transport On Same Roadway
102618826,Crashes_MPO_2020,2020-01-08,2020,35.93374,-86.81767,False,0,0,,0,0,0,Property Damage,Front to Rear,Daylight,Clear,Motor Vehicle-In-Transport On Same Roadway
102618922,Crashes_MPO_2020,2020-01-08,2020,36.03994,-86.78133,False,0,0,,0,0,0,Possible Injury,Front to Rear,Daylight,Clear,Motor Vehicle-In-Transport On Same Roadway
102618959,Crashes_MPO_2020,2020-01-08,2020,35.94477,-86.82853,False,0,0,,0,0,0,Property Damage,Angle,Daylight,Clear,Motor Vehicle-In-Transport On Same Roadway
102618980,Crashes_MPO_2020,2020-01-08,2020,35.93504,-86.82382,False,0,0,,0,0,0,Property Damage Under,Front to Rear,Daylight,Clear,Motor Vehicle-In-Transport On Same Roadway
102619018,Crashes_MPO_2020,2020-01-08,2020,35.93405,-86.86131,False,0,0,,0,0,0,Possible Injury,Front to Rear,Daylight,Clear,Motor Vehicle-In-Transport On Same Roadway
102619267,Crashes_MPO_2020,2020-01-08,2020,35.93837,-86.87911,False,0,0,,0,0,0,Possible Injury,Front to Rear,Daylight,Clear,Motor Vehicle-In-Transport On Same Roadway
102619343,Crashes_MPO_2020,2020-01-08,2020,35.93562,-86.82387,False,0,0,,0,0,0,Property Damage Under,Front to Rear,Daylight,Clear,Motor Vehicle-In-Transport On Same Roadway
102619344,Crashes_MPO_2020,2020-01-08,2020,35.94579,-86.82324,False,0,0,,0,0,0,Property Damage,Angle,Dusk,Clear,Motor Vehicle-In-Transport On Same Roadway
102619475,Crashes_MPO_2020,2020-01-08,2020,36.04519,-86.71608,False,0,0,,0,0,0,Possible Injury,Angle,Daylight,Clear,Motor Vehicle-In-Transport On Same Roadway
102619974,Crashes_MPO_2020,2020-01-08,2020,35.94024,-86.81685,False,0,0,,0,0,0,Property Damage,"Sideswipe, Same Direction",Daylight,Clear,Motor Vehicle-In-Transport On Same Roadway
102619747,Crashes_MPO_2020,2020-01-09,2020,36.04588,-86.68997,False,0,0,,0,0,0,Property Damage,"Sideswipe, Opposite Direction",Daylight,Clear,Motor Vehicle-In-Transport On Same Roadway
102619832,Crashes_MPO_2020,2020-01-09,2020,36.04531,-86.70188,False,0,0,,0,0,0,Property Damage,Front to Rear,Daylight,Clear,Motor Vehicle-In-Transport On Same Roadway
102620170,Crashes_MPO_2020,2020-01-09,2020,36.04957,-86.7137,False,0,1,,0,1,0,Suspected Minor Injury,Not Collision with Motor Vehicle in Transport,Daylight,Clear,Pedestrian
102620227,Crashes_MPO_2020,2020-01-09,2020,35.94665,-86.82228,False,0,0,,0,0,0,Property Damage,Angle,Dusk,Clear,Motor Vehicle-In-Transport On Same Roadway
102620249,Crashes_MPO_2020,2020-01-09,2020,35.94572,-86.87237,False,0,0,,0,0,0,Possible Injury,Not Collision with Motor Vehicle in Transport,Daylight,Cloudy,Guard Rail Face
102620459,Crashes_MPO_2020,2020-01-09,2020,36.00061,-86.7278,True,0,0,,0,0,0,Property Damage,Rear to Side,Daylight,Clear,Parked Motor Vehicle
102620469,Crashes_MPO_2020,2020-01-09,2020,36.01357,-86.70443,False,0,0,,0,0,0,Property Damage,Not Collision with Motor Vehicle in Transport,Dark-Not Lighted,Clear,Deer
102621214,Crashes_MPO_2020,2020-01-09,2020,35.94765,-86.81971,False,0,0,,0,0,0,Property Damage,Front to Rear,Dark-Lighted,Clear,Motor Vehicle-In-Transport On Same Roadway
102621403,Crashes_MPO_2020,2020-01-09,2020,36.01345,-86.74741,True,0,0,,0,0,0,Property Damage,HeadOn,Dark-Lighted,Clear,Parked Motor Vehicle
102620533,Crashes_MPO_2020,2020-01-10,2020,35.95721,-86.84339,False,0,0,,0,0,0,Suspected Minor Injury,Not Collision with Motor Vehicle in Transport,Dark-Lighted,Clear,Other Fixed Object
102620614,Crashes_MPO_2020,2020-01-10,2020,35.99619,-86.78579,True,0,0,,0,0,0,Property Damage,Front to Rear,Daylight,Cloudy,Motor Vehicle-In-Transport On Same Roadway
102620662,Crashes_MPO_2020,2020-01-10,2020,35.93847,-86.80961,False,0,0,,0,0,0,Property Damage,Not Collision with Motor Vehicle in Transport,Daylight,Clear,Deer
102620693,Crashes_MPO_2020,2020-01-10,2020,36.04059,-86.77107,False,0,0,,0,0,0,Property Damage,Angle,Daylight,Cloudy,Motor Vehicle-In-Transport On Same Roadway
102625199,Crashes_MPO_2020,2020-01-10,2020,35.94869,-86.83615,False,0,1,,1,1,0,Suspected Serious Injury,Not Collision with Motor Vehicle in Transport,Dark-Not Lighted,Rain,Pedestrian
102620828,Crashes_MPO_2020,2020-01-10,2020,36.04989,-86.69286,False,0,0,,0,0,0,Property Damage Under,Not Collision with Motor Vehicle in Transport,Daylight,Clear,Mail Box
102620829,Crashes_MPO_2020,2020-01-10,2020,35.99663,-86.68953,False,0,0,,0,0,0,Property Damage,Front to Rear,Daylight,Clear,Motor Vehicle-In-Transport On Same Roadway
102621230,Crashes_MPO_2020,2020-01-10,2020,36.04593,-86.71333,False,0,0,,0,0,0,Property Damage,Angle,Daylight,Cloudy,Motor Vehicle-In-Transport On Same Roadway
102621258,Crashes_MPO_2020,2020-01-10,2020,35.998022,-86.79494,True,0,0,,0,0,0,Property Damage,Front to Rear,Dusk,Clear,Motor Vehicle-In-Transport On Same Roadway
102621325,Crashes_MPO_2020,2020-01-10,2020,36.03096,-86.75011,False,0,0,,0,0,0,Property Damage Under,Not Collision with Motor Vehicle in Transport,,,
102621356,Crashes_MPO_2020,2020-01-10,2020,35.97749,-86.80369,True,0,0,,0,0,0,Possible Injury,Front to Rear,Dark-Not Lighted,Rain,Motor Vehicle-In-Transport On Same Roadway
102621367,Crashes_MPO_2020,2020-01-10,2020,36.03768,-86.79462,False,0,0,,0,0,0,Property Damage,Angle,Dark-Not Lighted,Rain,Motor Vehicle-In-Transport On Same Roadway
102621380,Crashes_MPO_2020,2020-01-10,2020,36.0141,-86.78529,True,0,0,,0,0,0,Property Damage,Front to Rear,Dark-Not Lighted,Rain,Motor Vehicle-In-Transport On Different Roadway
102621491,Crashes_MPO_2020,2020-01-10,2020,35.95905,-86.81034,False,0,0,,0,0,0,Property Damage,Front to Rear,Dark-Lighted,Rain,Motor Vehicle-In-Transport On Same Roadway
102622537,Crashes_MPO_2020,2020-01-10,2020,35.9407,-86.83934,False,0,0,,0,0,0,Property Damage,Front to Rear,Daylight,Cloudy,Motor Vehicle-In-Transport On Same Roadway
102622538,Crashes_MPO_2020,2020-01-10,2020,35.96161,-86.80944,False,0,0,,0,0,0,Property Damage,Front to Rear,Dusk,Cloudy,Motor Vehicle-In-Transport On Same Roadway
102625961,Crashes_MPO_2020,2020-01-10,2020,35.992358,-86.828348,True,0,0,,0,0,0,Property Damage,Not Collision with Motor Vehicle in Transport,Daylight,Rain,Ditch
102621658,Crashes_MPO_2020,2020-01-11,2020,35.98978,-86.75655,True,0,0,,0,0,0,Property Damage,Not Collision with Motor Vehicle in Transport,Dark-Not Lighted,Rain,Other Fixed Object
102621783,Crashes_MPO_2020,2020-01-11,2020,36.04612,-86.77754,False,0,0,,0,0,0,Property Damage,Not Collision with Motor Vehicle in Transport,Daylight,Rain,Ditch
102621813,Crashes_MPO_2020,2020-01-11,2020,35.94686,-86.81163,False,0,0,,0,0,0,Possible Injury,Angle,Other,Rain,Motor Vehicle-In-Transport On Same Roadway
102621889,Crashes_MPO_2020,2020-01-11,2020,36.04143,-86.78247,False,0,0,,0,0,0,Property Damage,Not Collision with Motor Vehicle in Transport,Daylight,Rain,Concrete Traffic Barrier
102621957,Crashes_MPO_2020,2020-01-11,2020,36.0409,-86.77938,False,0,0,,0,0,0,Property Damage,HeadOn,Daylight,Rain,Motor Vehicle-In-Transport On Same Roadway
102622125,Crashes_MPO_2020,2020-01-11,2020,36.03545,-86.76867,False,0,0,,0,0,0,Property Damage Under,Not Collision with Motor Vehicle in Transport,,,
102622393,Crashes_MPO_2020,2020-01-11,2020,36.03318,-86.70775,False,0,0,,0,0,0,Property Damage,HeadOn,Dark-Lighted,Rain,Parked Motor Vehicle
102622434,Crashes_MPO_2020,2020-01-11,2020,35.98326,-86.71737,True,0,0,,0,0,0,Property Damage,Angle,Dark-Lighted,Rain,Motor Vehicle-In-Transport On Same Roadway
102622520,Crashes_MPO_2020,2020-01-11,2020,35.96534,-86.79757,True,0,0,,0,0,0,Property Damage,"Sideswipe, Opposite Direction",Daylight,Rain,Motor Vehicle-In-Transport On Same Roadway
102623197,Crashes_MPO_2020,2020-01-11,2020,35.94592,-86.82084,False,0,0,,0,0,0,Property Damage,Unknown,Dark-Lighted,Cloudy,Parked Motor Vehicle
102628568,Crashes_MPO_2020,2020-01-11,2020,35.92267,-86.86566,False,0,0,,0,0,0,Property Damage,Rear to Side,Dark-Lighted,Rain,Parked Motor Vehicle
102626490,Crashes_MPO_2020,2020-01-11,2020,35.92269,-86.86555,False,0,0,,0,0,0,Property Damage,Rear to Side,Dark-Lighted,Rain,Parked Motor Vehicle
102623639,Crashes_MPO_2020,2020-01-12,2020,35.96646,-86.81206,False,0,0,,0,0,0,Property Damage,"Sideswipe, Same Direction",Daylight,Cloudy,Parked Motor Vehicle
102622451,Crashes_MPO_2020,2020-01-12,2020,36.04523,-86.71661,False,0,0,,0,0,0,Property Damage,Angle,Dark-Lighted,Cloudy,Parked Motor Vehicle
102623030,Crashes_MPO_2020,2020-01-12,2020,36.04028,-86.76837,False,0,0,,0,0,0,Property Damage,Front to Rear,Dark-Lighted,Clear,Motor Vehicle-In-Transport On Same Roadway
102623108,Crashes_MPO_2020,2020-01-12,2020,36.0533,-86.7371,False,0,0,,0,0,0,Possible Injury,Not Collision with Motor Vehicle in Transport,Dark-Not Lighted,Clear,Wall
102625347,Crashes_MPO_2020,2020-01-12,2020,35.94511,-86.72976,False,0,0,,0,0,0,Property Damage,Not Collision with Motor Vehicle in Transport,Dusk,Clear,Ditch
102623272,Crashes_MPO_2020,2020-01-13,2020,36.05124,-86.71428,False,0,0,,0,0,0,Property Damage,"Sideswipe, Same Direction",Daylight,Clear,Motor Vehicle-In-Transport On Same Roadway
102623352,Crashes_MPO_2020,2020-01-13,2020,35.94535,-86.82943,False,0,0,,0,0,0,Property Damage Under,Angle,Daylight,Cloudy,Motor Vehicle-In-Transport On Same Roadway
102623381,Crashes_MPO_2020,2020-01-13,2020,35.99651,-86.78868,True,0,0,,0,0,0,Property Damage,Front to Rear,Daylight,Cloudy,Motor Vehicle-In-Transport On Same Roadway
102623396,Crashes_MPO_2020,2020-01-13,2020,36.04641,-86.81595,False,0,0,,0,0,0,Property Damage,Front to Rear,Daylight,Clear,Motor Vehicle-In-Transport On Same Roadway
102623402,Crashes_MPO_2020,2020-01-13,2020,35.97334,-86.83305,True,0,0,,0,0,0,Property Damage,Front to Rear,Daylight,Cloudy,Motor Vehicle-In-Transport On Same Roadway
102623414,Crashes_MPO_2020,2020-01-13,2020,35.93598,-86.77459,False,0,0,,0,0,0,Property Damage Under,Not Collision with Motor Vehicle in Transport,Daylight,Clear,Ditch
102623614,Crashes_MPO_2020,2020-01-13,2020,36.03551,-86.78748,True,0,0,,0,0,0,Property Damage,Front to Rear,Daylight,Clear,Motor Vehicle-In-Transport On Same Roadway
102623615,Crashes_MPO_2020,2020-01-13,2020,36.03423,-86.78822,True,0,0,,0,0,0,Property Damage,Front to Rear,Daylight,Clear,Motor Vehicle-In-Transport On Same Roadway
102623633,Crashes_MPO_2020,2020-01-13,2020,36.05158,-86.71404,False,0,0,,0,0,0,Property Damage,Angle,Daylight,Clear,Motor Vehicle-In-Transport On Same Roadway
102623725,Crashes_MPO_2020,2020-01-13,2020,35.95609,-86.84831,False,0,0,,0,0,0,Property Damage,Not Collision with Motor Vehicle in Transport,Daylight,Clear,Fence
102623778,Crashes_MPO_2020,2020-01-13,2020,35.99475,-86.76957,True,0,0,,0,0,0,Suspected Minor Injury,Front to Rear,Daylight,Clear,Motor Vehicle-In-Transport On Same Roadway
102623830,Crashes_MPO_2020,2020-01-13,2020,35.99079,-86.75111,True,0,0,,0,0,0,Property Damage,HeadOn,Dusk,Clear,Motor Vehicle-In-Transport On Same Roadway
102623870,Crashes_MPO_2020,2020-01-13,2020,35.99279,-86.79839,True,0,0,,0,0,0,Property Damage,Front to Rear,Dark-Not Lighted,Cloudy,Motor Vehicle-In-Transport On Same Roadway
102623209,Crashes_MPO_2020,2020-01-13,2020,36.04561,-86.71977,False,0,0,,0,0,0,Property Damage,Unknown,Dark-Lighted,Clear,Unknown
102628156,Crashes_MPO_2020,2020-01-13,2020,35.93374,-86.81767,False,0,0,,0,0,0,Property Damage,Front to Rear,Daylight,Clear,Motor Vehicle-In-Transport On Same Roadway
102624266,Crashes_MPO_2020,2020-01-14,2020,35.94776,-86.69791,False,0,0,,0,0,0,Property Damage,Not Collision with Motor Vehicle in Transport,Daylight,Rain,Mail Box
102624381,Crashes_MPO_2020,2020-01-14,2020,36.04026,-86.8164,False,0,0,,0,0,0,Possible Injury,Angle,Daylight,Clear,Motor Vehicle-In-Transport On Same Roadway
102624382,Crashes_MPO_2020,2020-01-14,2020,36.03748,-86.79115,False,0,0,,0,0,0,Property Damage Under,Not Collision with Motor Vehicle in Transport,,,
102624384,Crashes_MPO_2020,2020-01-14,2020,36.03047,-86.74398,False,0,0,,0,0,0,Property Damage,Angle,Daylight,Clear,Motor Vehicle-In-Transport On Same Roadway
102624456,Crashes_MPO_2020,2020-01-14,2020,35.94687,-86.85168,False,0,0,,0,0,0,Property Damage Under,Front to Rear,Daylight,Cloudy,Motor Vehicle-In-Transport On Same Roadway
102624541,Crashes_MPO_2020,2020-01-14,2020,36.04561,-86.85483,False,0,0,,0,0,0,Property Damage Under,Not Collision with Motor Vehicle in Transport,,,
102624664,Crashes_MPO_2020,2020-01-14,2020,35.94311,-86.82083,False,0,0,,0,0,0,Property Damage,Angle,Daylight,Clear,Motor Vehicle-In-Transport On Same Roadway
102624665,Crashes_MPO_2020,2020-01-14,2020,35.93595,-86.82532,False,0,0,,0,0,0,Property Damage,"Sideswipe, Same Direction",Daylight,Clear,Motor Vehicle-In-Transport On Same Roadway
102624680,Crashes_MPO_2020,2020-01-14,2020,36.0473,-86.86274,False,0,0,,0,0,0,Property Damage Under,Not Collision with Motor Vehicle in Transport,,,
102624693,Crashes_MPO_2020,2020-01-14,2020,36.0456,-86.7197,False,0,0,,0,0,0,Property Damage,Front to Rear,Dark-Lighted,Clear,Motor Vehicle-In-Transport On Same Roadway