record_no,source_layer,collision_ts,crash_year,latitude,longitude,in_city,fatalities,non_motorists,truck_involved,serious_injuries,pedestrian,bicycle,crash_type,manner_of_collision,lighting,weather,first_harmful_event
102624818,Crashes_MPO_2020,2020-01-14,2020,35.9867,-86.84608,False,0,0,,0,0,0,Property Damage,Not Collision with Motor Vehicle in Transport,Dark-Not Lighted,Rain,Ditch
102625185,Crashes_MPO_2020,2020-01-14,2020,36.00857,-86.7863,True,0,0,,0,0,0,Property Damage,"Sideswipe, Same Direction",Daylight,Clear,Motor Vehicle-In-Transport On Same Roadway
102624964,Crashes_MPO_2020,2020-01-15,2020,35.99711,-86.7935,True,0,0,,0,0,0,Property Damage,"Sideswipe, Same Direction",Daylight,Rain,Motor Vehicle-In-Transport On Same Roadway
102624997,Crashes_MPO_2020,2020-01-15,2020,36.0374,-86.78657,False,0,0,,0,0,0,Property Damage,HeadOn,Daylight,Rain,Motor Vehicle-In-Transport On Same Roadway
102624999,Crashes_MPO_2020,2020-01-15,2020,35.96028,-86.80964,False,0,0,,0,0,0,Property Damage,"Sideswipe, Same Direction",Daylight,Rain,Motor Vehicle-In-Transport On Same Roadway
102625027,Crashes_MPO_2020,2020-01-15,2020,36.04561,-86.71076,False,0,0,,0,0,0,Property Damage,Angle,Daylight,Rain,Motor Vehicle-In-Transport On Same Roadway
102625137,Crashes_MPO_2020,2020-01-15,2020,35.95786,-86.80256,False,0,0,,0,0,0,Property Damage Under,Not Collision with Motor Vehicle in Transport,,,
102625182,Crashes_MPO_2020,2020-01-15,2020,35.99781,-86.79886,True,0,0,,0,0,0,Suspected Minor Injury,Angle,Daylight,Rain,Motor Vehicle-In-Transport On Same Roadway
102625201,Crashes_MPO_2020,2020-01-15,2020,36.02857,-86.74409,False,0,0,,0,0,0,Property Damage,Not Collision with Motor Vehicle in Transport,Daylight,Cloudy,Shrubbery
102625248,Crashes_MPO_2020,2020-01-15,2020,36.03175,-86.78961,True,0,0,,0,0,0,Property Damage,Angle,Daylight,Cloudy,Motor Vehicle-In-Transport On Same Roadway
102625287,Crashes_MPO_2020,2020-01-15,2020,35.92819,-86.83094,False,0,0,,0,0,0,Property Damage,Front to Rear,Daylight,Cloudy,Motor Vehicle-In-Transport On Same Roadway
102625300,Crashes_MPO_2020,2020-01-15,2020,36.04871,-86.71366,False,0,0,,0,0,0,Property Damage Under,Not Collision with Motor Vehicle in Transport,,,
102625328,Crashes_MPO_2020,2020-01-15,2020,36.04756,-86.71352,False,0,0,,0,0,0,Property Damage Under,Not Collision with Motor Vehicle in Transport,,,
102625389,Crashes_MPO_2020,2020-01-15,2020,36.03246,-86.7836,True,0,0,,0,0,0,Property Damage,Front to Rear,Dark-Not Lighted,Cloudy,Motor Vehicle-In-Transport On Same Roadway
102625431,Crashes_MPO_2020,2020-01-15,2020,36.03764,-86.78554,False,0,0,,0,0,0,Property Damage Under,Not Collision with Motor Vehicle in Transport,,,
102625460,Crashes_MPO_2020,2020-01-15,2020,36.03534,-86.78302,False,0,0,,0,0,0,Property Damage Under,Not Collision with Motor Vehicle in Transport,,,
102625477,Crashes_MPO_2020,2020-01-15,2020,36.0394,-86.86931,False,0,0,,0,0,0,Property Damage,Not Collision with Motor Vehicle in Transport,Dark-Not Lighted,Rain,Mail Box
102625514,Crashes_MPO_2020,2020-01-15,2020,35.92957,-86.84236,False,0,0,,0,0,0,Property Damage,Front to Rear,Dusk,Rain,Motor Vehicle-In-Transport On Same Roadway
102625550,Crashes_MPO_2020,2020-01-15,2020,36.03551,-86.78748,True,0,0,,0,0,0,Possible Injury,Front to Rear,Dark-Lighted,Rain,Motor Vehicle-In-Transport On Same Roadway
102625751,Crashes_MPO_2020,2020-01-15,2020,35.95068,-86.80653,False,0,0,,0,0,0,Property Damage Under,Front to Rear,Daylight,Clear,Motor Vehicle-In-Transport On Same Roadway
102625941,Crashes_MPO_2020,2020-01-15,2020,35.99734,-86.79486,True,0,0,,0,0,0,Property Damage,Front to Rear,Daylight,Cloudy,Motor Vehicle-In-Transport On Same Roadway
102626317,Crashes_MPO_2020,2020-01-15,2020,35.95721,-86.84339,False,0,0,,0,0,0,Suspected Minor Injury,Angle,Dusk,Rain,Motor Vehicle-In-Transport On Same Roadway
102625690,Crashes_MPO_2020,2020-01-16,2020,35.93905,-86.79682,False,0,0,,0,0,0,Property Damage,Not Collision with Motor Vehicle in Transport,Dark-Lighted,Clear,Curb
102625787,Crashes_MPO_2020,2020-01-16,2020,36.03522,-86.78691,True,0,0,,0,0,0,Property Damage,"Sideswipe, Same Direction",Daylight,Cloudy,Motor Vehicle-In-Transport On Same Roadway
102625849,Crashes_MPO_2020,2020-01-16,2020,35.95102,-86.81003,False,0,0,,0,0,0,Property Damage,Angle,Daylight,Cloudy,Motor Vehicle-In-Transport On Same Roadway
102625947,Crashes_MPO_2020,2020-01-16,2020,35.95055,-86.81882,False,0,0,,0,0,0,Property Damage,Angle,Daylight,Clear,Motor Vehicle-In-Transport On Same Roadway
102626247,Crashes_MPO_2020,2020-01-16,2020,35.94173,-86.82104,False,0,0,,0,0,0,Property Damage,Angle,Daylight,Clear,Motor Vehicle-In-Transport On Same Roadway
102626262,Crashes_MPO_2020,2020-01-16,2020,35.9584,-86.80226,False,0,0,,0,0,0,Property Damage,Unknown,Unknown,Unknown,Parked Motor Vehicle
102626330,Crashes_MPO_2020,2020-01-16,2020,36.04479,-86.72487,False,0,0,,0,0,0,Property Damage,Front to Rear,Daylight,Clear,Motor Vehicle-In-Transport On Same Roadway
102626351,Crashes_MPO_2020,2020-01-16,2020,36.05431,-86.71528,False,0,0,,0,0,0,Property Damage,"Sideswipe, Same Direction",Dark-Lighted,Clear,Motor Vehicle-In-Transport On Same Roadway
102626354,Crashes_MPO_2020,2020-01-16,2020,36.03051,-86.8714,False,0,0,,0,0,0,Suspected Minor Injury,Other,Dark-Not Lighted,Clear,Motor Vehicle-In-Transport On Same Roadway
102626418,Crashes_MPO_2020,2020-01-16,2020,36.03956,-86.86945,False,0,0,,0,0,0,Property Damage,"Sideswipe, Opposite Direction",Dark-Not Lighted,Clear,Motor Vehicle-In-Transport On Same Roadway
102626793,Crashes_MPO_2020,2020-01-16,2020,35.93315,-86.81169,False,0,0,,0,0,0,Property Damage Under,Not Collision with Motor Vehicle in Transport,,,
102626727,Crashes_MPO_2020,2020-01-17,2020,36.03295,-86.87472,False,0,0,,0,0,0,Property Damage,Front to Rear,Dawn,Clear,Motor Vehicle-In-Transport On Same Roadway
102626771,Crashes_MPO_2020,2020-01-17,2020,35.99676,-86.68999,False,0,0,,0,0,0,Property Damage,Front to Rear,Daylight,Cloudy,Motor Vehicle-In-Transport On Same Roadway
102626946,Crashes_MPO_2020,2020-01-17,2020,36.01503,-86.74028,False,0,0,,0,0,0,Property Damage,"Sideswipe, Opposite Direction",Daylight,Clear,Motor Vehicle-In-Transport On Same Roadway
102627045,Crashes_MPO_2020,2020-01-17,2020,36.04566,-86.71021,False,0,0,,0,0,0,Property Damage,Angle,Daylight,Cloudy,Motor Vehicle-In-Transport On Same Roadway
102627059,Crashes_MPO_2020,2020-01-17,2020,35.96589,-86.80316,True,0,0,,0,0,0,Possible Injury,Angle,Daylight,Cloudy,Motor Vehicle-In-Transport On Same Roadway
102627128,Crashes_MPO_2020,2020-01-17,2020,35.96198,-86.81518,False,0,0,,0,0,0,Property Damage,Front to Rear,Daylight,Cloudy,Motor Vehicle-In-Transport On Same Roadway
102627160,Crashes_MPO_2020,2020-01-17,2020,35.99554,-86.77921,True,0,0,,0,0,0,Property Damage,Front to Rear,Daylight,Cloudy,Motor Vehicle-In-Transport On Same Roadway
102627364,Crashes_MPO_2020,2020-01-17,2020,35.96737,-86.81519,True,0,0,,0,0,0,Property Damage,Front to Rear,Dusk,Clear,Motor Vehicle-In-Transport On Same Roadway
102627411,Crashes_MPO_2020,2020-01-17,2020,35.94475,-86.82827,False,0,0,,0,0,0,Property Damage,Front to Rear,Dark-Lighted,Clear,Motor Vehicle-In-Transport On Same Roadway
102627442,Crashes_MPO_2020,2020-01-17,2020,35.93405,-86.81901,False,0,0,,0,0,0,Property Damage,Front to Rear,Daylight,Cloudy,Motor Vehicle-In-Transport On Same Roadway
102627444,Crashes_MPO_2020,2020-01-17,2020,35.99309,-86.79828,True,0,0,,0,0,0,Possible Injury,Front to Rear,Dark-Lighted,Clear,Motor Vehicle-In-Transport On Same Roadway
102627463,Crashes_MPO_2020,2020-01-17,2020,36.03737,-86.78687,False,0,0,,0,0,0,Property Damage Under,Not Collision with Motor Vehicle in Transport,,,
102627559,Crashes_MPO_2020,2020-01-17,2020,36.03454,-86.7831,True,0,0,,0,0,0,Property Damage,Front to Rear,Dusk,Clear,Motor Vehicle-In-Transport On Same Roadway
102627922,Crashes_MPO_2020,2020-01-18,2020,35.99368,-86.75973,True,0,0,,0,0,0,Property Damage,Unknown,Daylight,Rain,Unknown
102627938,Crashes_MPO_2020,2020-01-18,2020,35.92521,-86.86919,False,0,0,,0,0,0,Property Damage,Angle,Daylight,Rain,Motor Vehicle-In-Transport On Same Roadway
102627981,Crashes_MPO_2020,2020-01-18,2020,35.99774,-86.79816,True,0,0,,0,0,0,Property Damage Under,Not Collision with Motor Vehicle in Transport,,,
102628013,Crashes_MPO_2020,2020-01-18,2020,36.01014,-86.70205,False,0,0,,0,0,0,Possible Injury,HeadOn,Daylight,Rain,Motor Vehicle-In-Transport On Same Roadway
102628020,Crashes_MPO_2020,2020-01-18,2020,36.04469,-86.84743,False,0,0,,0,0,0,Possible Injury,HeadOn,Daylight,Rain,Motor Vehicle-In-Transport On Same Roadway
102628040,Crashes_MPO_2020,2020-01-18,2020,35.94285,-86.82075,False,0,0,,0,0,0,Property Damage,Angle,Daylight,Rain,Motor Vehicle-In-Transport On Same Roadway
102628116,Crashes_MPO_2020,2020-01-18,2020,36.03674,-86.78339,False,0,0,,0,0,0,Property Damage,Not Collision with Motor Vehicle in Transport,Daylight,Cloudy,Wall
102628157,Crashes_MPO_2020,2020-01-18,2020,35.96536,-86.70434,True,0,0,,0,0,0,Property Damage,Not Collision with Motor Vehicle in Transport,Daylight,Cloudy,Ditch
102628159,Crashes_MPO_2020,2020-01-18,2020,35.97211,-86.86086,False,0,0,,0,0,0,Property Damage,Not Collision with Motor Vehicle in Transport,Daylight,Cloudy,Guard Rail Face
102628231,Crashes_MPO_2020,2020-01-18,2020,36.04517,-86.69977,False,0,0,,0,0,0,Property Damage,Angle,Daylight,Clear,Motor Vehicle-In-Transport On Same Roadway
102628232,Crashes_MPO_2020,2020-01-18,2020,36.04649,-86.69992,False,0,0,,0,0,0,Property Damage,Not Collision with Motor Vehicle in Transport,Dark-Lighted,Clear,Standing Tree
102628341,Crashes_MPO_2020,2020-01-18,2020,36.039,-86.78252,False,0,0,,0,0,0,Possible Injury,Other,Dark-Lighted,Clear,Motor Vehicle-In-Transport On Same Roadway
102628368,Crashes_MPO_2020,2020-01-18,2020,35.9661,-86.81139,False,0,0,,0,0,0,Possible Injury,Angle,Dark-Lighted,Clear,Motor Vehicle-In-Transport On Same Roadway
102628418,Crashes_MPO_2020,2020-01-18,2020,35.96705,-86.81355,True,0,0,,0,0,0,Property Damage,Angle,Dark-Lighted,Clear,Motor Vehicle-In-Transport On Same Roadway
102629123,Crashes_MPO_2020,2020-01-18,2020,35.98569,-86.80083,True,0,0,,0,0,0,Possible Injury,Not Collision with Motor Vehicle in Transport,Dark-Not Lighted,Cloudy,Concrete Traffic Barrier
102634238,Crashes_MPO_2020,2020-01-18,2020,36.01494,-86.81349,True,0,0,,0,0,0,Property Damage,Not Collision with Motor Vehicle in Transport,Daylight,Rain,Utility Pole
102635999,Crashes_MPO_2020,2020-01-19,2020,36.04095,-86.77101,False,0,0,,0,0,0,Property Damage,Front to Rear,Daylight,Clear,Motor Vehicle-In-Transport On Same Roadway
102628470,Crashes_MPO_2020,2020-01-19,2020,36.02518,-86.7176,False,0,0,,0,0,0,Property Damage,"Sideswipe, Opposite Direction",Dark-Not Lighted,Clear,Motor Vehicle-In-Transport On Same Roadway
102628701,Crashes_MPO_2020,2020-01-19,2020,36.02108,-86.78709,True,0,0,,0,0,0,Suspected Minor Injury,Not Collision with Motor Vehicle in Transport,Daylight,Clear,Concrete Traffic Barrier
102628894,Crashes_MPO_2020,2020-01-19,2020,36.04023,-86.76791,False,0,0,,0,0,0,Property Damage,Front to Rear,Daylight,Clear,Motor Vehicle-In-Transport On Same Roadway
102629035,Crashes_MPO_2020,2020-01-19,2020,36.05183,-86.71445,False,0,0,,0,0,0,Property Damage,Front to Rear,Dark-Lighted,Clear,Motor Vehicle-In-Transport On Same Roadway
102629044,Crashes_MPO_2020,2020-01-19,2020,36.04539,-86.7031,False,0,0,,0,0,0,Property Damage,Front to Rear,Dark-Lighted,Clear,Motor Vehicle-In-Transport On Same Roadway
102629096,Crashes_MPO_2020,2020-01-19,2020,36.0263,-86.71293,False,0,0,,0,0,0,Property Damage,Front to Rear,Daylight,Clear,Motor Vehicle-In-Transport On Same Roadway
102629359,Crashes_MPO_2020,2020-01-19,2020,35.97579,-86.85843,False,0,0,,0,0,0,Property Damage,Not Collision with Motor Vehicle in Transport,Dark-Not Lighted,Clear,Ditch
102630244,Crashes_MPO_2020,2020-01-19,2020,35.93596,-86.82371,False,0,0,,0,0,0,Property Damage,Front to Rear,Daylight,Clear,Motor Vehicle-In-Transport On Same Roadway
102629418,Crashes_MPO_2020,2020-01-20,2020,36.0374,-86.78657,False,0,0,,0,0,0,Property Damage,Angle,Dawn,Clear,Motor Vehicle-In-Transport On Same Roadway
102629670,Crashes_MPO_2020,2020-01-20,2020,35.92755,-86.87423,False,0,0,,0,0,0,Property Damage Under,Front to Rear,Daylight,Clear,Motor Vehicle-In-Transport On Same Roadway
102629759,Crashes_MPO_2020,2020-01-20,2020,35.93939,-86.83069,False,0,0,,0,0,0,Property Damage,Front to Rear,Daylight,Cloudy,Motor Vehicle-In-Transport On Same Roadway
102630020,Crashes_MPO_2020,2020-01-20,2020,35.93377,-86.82122,False,0,0,,0,0,0,Property Damage,Unknown,Unknown,Clear,Parked Motor Vehicle
102630067,Crashes_MPO_2020,2020-01-20,2020,35.95586,-86.81728,False,0,0,,0,0,0,Property Damage Under,Not Collision with Motor Vehicle in Transport,,,
102630282,Crashes_MPO_2020,2020-01-20,2020,35.9481,-86.86319,False,0,0,,0,0,0,Property Damage Under,"Sideswipe, Same Direction",Dark-Lighted,Clear,Motor Vehicle-In-Transport On Same Roadway
102642318,Crashes_MPO_2020,2020-01-20,2020,35.99734,-86.79486,True,0,0,,0,0,0,Possible Injury,Angle,Dark-Lighted,Cloudy,Motor Vehicle-In-Transport On Same Roadway
102630330,Crashes_MPO_2020,2020-01-21,2020,36.03551,-86.78748,True,0,0,,0,0,0,Property Damage,Front to Rear,Daylight,Clear,Motor Vehicle-In-Transport On Same Roadway
102630552,Crashes_MPO_2020,2020-01-21,2020,36.03934,-86.78566,False,0,0,,0,0,0,Suspected Minor Injury,Angle,Daylight,Clear,Motor Vehicle-In-Transport On Same Roadway
102630619,Crashes_MPO_2020,2020-01-21,2020,36.04483,-86.72476,False,0,0,,0,0,0,Property Damage Under,Not Collision with Motor Vehicle in Transport,,,
102630788,Crashes_MPO_2020,2020-01-21,2020,35.96312,-86.81897,True,0,0,,0,0,0,Property Damage,Angle,Dark-Lighted,Clear,Motor Vehicle-In-Transport On Same Roadway
102630790,Crashes_MPO_2020,2020-01-21,2020,35.9667,-86.81121,True,0,0,,0,0,0,Property Damage,Front to Rear,Dark-Lighted,Clear,Motor Vehicle-In-Transport On Same Roadway
102631402,Crashes_MPO_2020,2020-01-21,2020,35.94687,-86.82178,False,0,0,,0,0,0,Property Damage,Angle,Daylight,Clear,Motor Vehicle-In-Transport On Same Roadway
102631558,Crashes_MPO_2020,2020-01-21,2020,35.9593,-86.80186,False,0,0,,0,0,0,Property Damage,"Sideswipe, Same Direction",Dusk,Clear,Motor Vehicle-In-Transport On Same Roadway
102631222,Crashes_MPO_2020,2020-01-22,2020,35.94636,-86.80871,False,0,0,,0,0,0,Property Damage Under,Front to Rear,Daylight,Clear,Motor Vehicle-In-Transport On Same Roadway
102631289,Crashes_MPO_2020,2020-01-22,2020,36.01853,-86.69904,False,0,0,,0,0,0,Property Damage,"Sideswipe, Same Direction",Daylight,Clear,Parked Motor Vehicle
102631482,Crashes_MPO_2020,2020-01-22,2020,36.05166,-86.71368,False,0,0,,0,0,0,Property Damage,Angle,Daylight,Cloudy,Motor Vehicle-In-Transport On Same Roadway
102631636,Crashes_MPO_2020,2020-01-22,2020,36.04683,-86.8608,False,0,0,,0,0,0,Property Damage,Angle,Daylight,Clear,Motor Vehicle-In-Transport On Same Roadway
102631652,Crashes_MPO_2020,2020-01-22,2020,35.94754,-86.82006,False,0,0,,0,0,0,Property Damage,Front to Rear,Daylight,Clear,Motor Vehicle-In-Transport On Same Roadway
102631721,Crashes_MPO_2020,2020-01-22,2020,35.94053,-86.81675,False,0,0,,0,0,0,Property Damage,Front to Rear,Daylight,Cloudy,Motor Vehicle-In-Transport On Same Roadway
102631728,Crashes_MPO_2020,2020-01-22,2020,35.95209,-86.81805,False,0,0,,0,0,0,Property Damage,Front to Rear,Dark-Lighted,Clear,Motor Vehicle-In-Transport On Same Roadway
102631747,Crashes_MPO_2020,2020-01-22,2020,36.04118,-86.82109,False,0,0,,0,0,0,Property Damage,Front to Rear,Dark-Lighted,Clear,Motor Vehicle-In-Transport On Same Roadway
102631759,Crashes_MPO_2020,2020-01-22,2020,36.04114,-86.82062,False,0,0,,0,0,0,Possible Injury,Front to Rear,Dark-Lighted,Clear,Motor Vehicle-In-Transport On Same Roadway
102631772,Crashes_MPO_2020,2020-01-22,2020,35.9978,-86.69119,False,0,0,,0,0,0,Property Damage,Front to Rear,Dark-Lighted,Clear,Motor Vehicle-In-Transport On Same Roadway
102631850,Crashes_MPO_2020,2020-01-22,2020,35.96612,-86.81138,False,0,0,,0,0,0,Property Damage Under,Front to Rear,Dark-Lighted,Clear,Motor Vehicle-In-Transport On Same Roadway
102632746,Crashes_MPO_2020,2020-01-23,2020,36.04098,-86.7462,False,0,0,,0,0,0,Possible Injury,Other,Dusk,Rain,Motor Vehicle-In-Transport On Same Roadway
102632395,Crashes_MPO_2020,2020-01-23,2020,35.96438,-86.78368,True,0,0,,0,0,0,Property Damage,Not Collision with Motor Vehicle in Transport,Daylight,Clear,Utility Pole
102632408,Crashes_MPO_2020,2020-01-23,2020,36.02551,-86.71302,False,0,0,,0,0,0,Property Damage,Front to Rear,Daylight,Clear,Motor Vehicle-In-Transport On Same Roadway
102632506,Crashes_MPO_2020,2020-01-23,2020,35.93298,-86.78238,False,0,0,,0,0,0,Property Damage,"Sideswipe, Opposite Direction",Daylight,Rain,Motor Vehicle-In-Transport On Same Roadway
102632513,Crashes_MPO_2020,2020-01-23,2020,36.00314,-86.80719,True,0,0,,0,0,0,Property Damage Under,Not Collision with Motor Vehicle in Transport,,,
102632514,Crashes_MPO_2020,2020-01-23,2020,36.01385,-86.80616,True,0,0,,0,0,0,Property Damage,Front to Rear,Daylight,Rain,Motor Vehicle-In-Transport On Same Roadway
102632521,Crashes_MPO_2020,2020-01-23,2020,36.04066,-86.74287,False,0,0,,0,0,0,Property Damage Under,"Sideswipe, Same Direction",Daylight,Rain,Parked Motor Vehicle
102632559,Crashes_MPO_2020,2020-01-23,2020,36.03311,-86.78656,True,0,0,,0,0,0,Property Damage,Front to Rear,Dark-Lighted,Rain,Motor Vehicle-In-Transport On Same Roadway
102632560,Crashes_MPO_2020,2020-01-23,2020,36.00104,-86.80826,True,0,0,,0,0,0,Property Damage,Front to Rear,Dark-Lighted,Rain,Motor Vehicle-In-Transport On Same Roadway
102632597,Crashes_MPO_2020,2020-01-23,2020,35.99727,-86.8285,True,0,0,,0,0,0,Property Damage Under,Not Collision with Motor Vehicle in Transport,Dark-Not Lighted,Rain,Ditch
102632665,Crashes_MPO_2020,2020-01-23,2020,35.93291,-86.78301,False,0,0,,0,0,0,Property Damage,Front to Rear,Dark-Not Lighted,Rain,Motor Vehicle-In-Transport On Same Roadway
102632666,Crashes_MPO_2020,2020-01-23,2020,35.94555,-86.80877,False,0,0,,0,0,0,Property Damage Under,"Sideswipe, Same Direction",Dusk,Rain,Motor Vehicle-In-Transport On Same Roadway
102632784,Crashes_MPO_2020,2020-01-23,2020,36.04476,-86.7811,False,0,0,,0,0,0,Property Damage,Front to Rear,Dark-Not Lighted,Rain,Motor Vehicle-In-Transport On Same Roadway
102632885,Crashes_MPO_2020,2020-01-23,2020,35.96458,-86.81449,False,0,0,,0,0,0,Property Damage,Angle,Daylight,Rain,Motor Vehicle-In-Transport On Same Roadway
102633002,Crashes_MPO_2020,2020-01-23,2020,36.0346,-86.78333,True,0,0,,0,0,0,Property Damage,Not Collision with Motor Vehicle in Transport,Daylight,Rain,Concrete Traffic Barrier
102633104,Crashes_MPO_2020,2020-01-23,2020,35.92673,-86.87005,False,0,0,,0,0,0,Property Damage,Angle,Daylight,Rain,Motor Vehicle-In-Transport On Same Roadway
102633138,Crashes_MPO_2020,2020-01-23,2020,35.93374,-86.81767,False,0,0,,0,0,0,Property Damage,Front to Rear,Daylight,Clear,Motor Vehicle-In-Transport On Same Roadway
102633139,Crashes_MPO_2020,2020-01-23,2020,35.9567,-86.80589,False,0,0,,0,0,0,Property Damage,Unknown,Daylight,Clear,Parked Motor Vehicle
102636076,Crashes_MPO_2020,2020-01-24,2020,35.9379,-86.82191,False,0,0,,0,0,0,Property Damage,Angle,Dark-Lighted,Cloudy,Motor Vehicle-In-Transport On Same Roadway
102632972,Crashes_MPO_2020,2020-01-24,2020,36.0395,-86.73769,False,0,0,,0,0,0,Property Damage,Angle,Daylight,Cloudy,Motor Vehicle-In-Transport On Same Roadway
102633091,Crashes_MPO_2020,2020-01-24,2020,36.04457,-86.78054,False,0,0,,0,0,0,Property Damage,"Sideswipe, Same Direction",Daylight,Cloudy,Motor Vehicle-In-Transport On Same Roadway
102633118,Crashes_MPO_2020,2020-01-24,2020,35.98616,-86.77801,True,0,0,,0,0,0,Possible Injury,Front to Rear,Daylight,Cloudy,Motor Vehicle-In-Transport On Same Roadway
102633119,Crashes_MPO_2020,2020-01-24,2020,36.04088,-86.77941,False,0,0,,0,0,0,Property Damage,Front to Rear,Daylight,Cloudy,Motor Vehicle-In-Transport On Same Roadway
102633458,Crashes_MPO_2020,2020-01-24,2020,35.96458,-86.81449,False,0,0,,0,0,0,Property Damage,"Sideswipe, Same Direction",Daylight,Cloudy,Motor Vehicle-In-Transport On Same Roadway
102633462,Crashes_MPO_2020,2020-01-24,2020,35.9325,-86.86247,False,0,0,,0,0,0,Property Damage,Front to Rear,Daylight,Rain,Motor Vehicle-In-Transport On Same Roadway
102633490,Crashes_MPO_2020,2020-01-24,2020,35.92641,-86.82453,False,0,0,,0,0,0,Property Damage,Angle,Daylight,Cloudy,Motor Vehicle-In-Transport On Same Roadway
102633522,Crashes_MPO_2020,2020-01-24,2020,36.03318,-86.77487,False,0,0,,0,0,0,Possible Injury,Front to Rear,Dusk,Clear,Motor Vehicle-In-Transport On Same Roadway
102633544,Crashes_MPO_2020,2020-01-24,2020,35.95801,-86.80217,False,0,0,,0,0,0,Property Damage Under,Front to Rear,Daylight,Cloudy,Motor Vehicle-In-Transport On Same Roadway
102633551,Crashes_MPO_2020,2020-01-24,2020,35.92957,-86.84187,False,0,0,,0,0,0,Property Damage,Front to Rear,Daylight,Rain,Motor Vehicle-In-Transport On Same Roadway
102633901,Crashes_MPO_2020,2020-01-24,2020,35.99781,-86.79886,True,0,0,,0,0,0,Suspected Minor Injury,HeadOn,Dark-Lighted,Rain,Motor Vehicle-In-Transport On Same Roadway
102634066,Crashes_MPO_2020,2020-01-24,2020,35.97716,-86.67813,False,0,0,,0,0,0,Property Damage,HeadOn,Daylight,Rain,Motor Vehicle-In-Transport On Same Roadway
102634508,Crashes_MPO_2020,2020-01-24,2020,35.94687,-86.85168,False,0,0,,0,0,0,Property Damage,Other,Dark-Lighted,Rain,Motor Vehicle-In-Transport On Same Roadway
102635744,Crashes_MPO_2020,2020-01-25,2020,35.96663,-86.70923,True,0,0,,0,0,0,Property Damage,Not Collision with Motor Vehicle in Transport,Dawn,Cloudy,Embankment Earth
102636021,Crashes_MPO_2020,2020-01-25,2020,36.04246,-86.71284,False,0,0,,0,0,0,Property Damage Under,"Sideswipe, Opposite Direction",Daylight,Clear,Motor Vehicle-In-Transport On Same Roadway
102634103,Crashes_MPO_2020,2020-01-25,2020,36.03458,-86.8026,True,0,0,,0,0,0,Property Damage,Front to Rear,Daylight,Cloudy,Motor Vehicle-In-Transport On Same Roadway
102634307,Crashes_MPO_2020,2020-01-25,2020,36.03757,-86.78528,False,0,0,,0,0,0,Property Damage Under,Not Collision with Motor Vehicle in Transport,,,