record_no,source_layer,collision_ts,crash_year,latitude,longitude,in_city,fatalities,non_motorists,truck_involved,serious_injuries,pedestrian,bicycle,crash_type,manner_of_collision,lighting,weather,first_harmful_event
102634317,Crashes_MPO_2020,2020-01-25,2020,35.99582,-86.77892,True,0,0,,0,0,0,Possible Injury,Front to Rear,Daylight,Cloudy,Motor Vehicle-In-Transport On Same Roadway
102634481,Crashes_MPO_2020,2020-01-25,2020,36.0473,-86.86274,False,0,0,,0,0,0,Property Damage,Front to Rear,Daylight,Clear,Motor Vehicle-In-Transport On Same Roadway
102635383,Crashes_MPO_2020,2020-01-26,2020,35.96687,-86.81239,True,0,0,,0,0,0,Property Damage,"Sideswipe, Same Direction",Dark-Lighted,Cloudy,Motor Vehicle-In-Transport On Same Roadway
102634833,Crashes_MPO_2020,2020-01-26,2020,36.03767,-86.71316,False,0,0,,0,0,0,Suspected Minor Injury,Not Collision with Motor Vehicle in Transport,Dark-Lighted,Clear,Standing Tree
102635145,Crashes_MPO_2020,2020-01-26,2020,36.01942,-86.73745,False,0,0,,0,0,0,Property Damage Under,Not Collision with Motor Vehicle in Transport,,,
102635273,Crashes_MPO_2020,2020-01-26,2020,35.97228,-86.67708,False,0,0,,0,0,0,Property Damage,Not Collision with Motor Vehicle in Transport,Daylight,Clear,Other Object
102635284,Crashes_MPO_2020,2020-01-26,2020,36.04619,-86.68406,False,0,0,,0,0,0,Property Damage,Angle,Daylight,Clear,Motor Vehicle-In-Transport On Same Roadway
102635698,Crashes_MPO_2020,2020-01-27,2020,36.034322,-86.804803,True,0,1,,0,1,0,Suspected Minor Injury,Not Collision with Motor Vehicle in Transport,Dark-Not Lighted,Rain,Pedestrian
102635724,Crashes_MPO_2020,2020-01-27,2020,35.96724,-86.81373,True,0,0,,0,0,0,Property Damage,Angle,Daylight,Cloudy,Motor Vehicle-In-Transport On Same Roadway
102635759,Crashes_MPO_2020,2020-01-27,2020,36.01529,-86.74048,False,0,0,,0,0,0,Property Damage,Angle,Daylight,Cloudy,Motor Vehicle-In-Transport On Same Roadway
102635813,Crashes_MPO_2020,2020-01-27,2020,35.96518,-86.80029,True,0,0,,0,0,0,Property Damage,Front to Rear,Daylight,Cloudy,Motor Vehicle-In-Transport On Same Roadway
102635828,Crashes_MPO_2020,2020-01-27,2020,36.0328,-86.77136,False,0,0,,0,0,0,Possible Injury,Not Collision with Motor Vehicle in Transport,Daylight,Cloudy,"Over Turn, Roll Over"
102636067,Crashes_MPO_2020,2020-01-27,2020,35.9389,-86.82167,False,0,0,,0,0,0,Property Damage,"Sideswipe, Same Direction",Daylight,Clear,Motor Vehicle-In-Transport On Same Roadway
102636204,Crashes_MPO_2020,2020-01-27,2020,35.96705,-86.81355,True,0,0,,0,0,0,Property Damage,Angle,Daylight,Clear,Motor Vehicle-In-Transport On Same Roadway
102636205,Crashes_MPO_2020,2020-01-27,2020,35.97738,-86.72552,True,0,0,,0,0,0,Property Damage,Front to Rear,Dusk,Clear,Motor Vehicle-In-Transport On Same Roadway
102636223,Crashes_MPO_2020,2020-01-27,2020,35.99538,-86.77753,True,0,0,,0,0,0,Property Damage,Front to Rear,Dark-Lighted,Clear,Motor Vehicle-In-Transport On Same Roadway
102636227,Crashes_MPO_2020,2020-01-27,2020,35.98921,-86.74165,True,0,0,,0,0,0,Property Damage,Front to Rear,Dusk,Clear,Motor Vehicle-In-Transport On Same Roadway
102636277,Crashes_MPO_2020,2020-01-27,2020,36.04078,-86.77346,False,0,0,,0,0,0,Suspected Minor Injury,Angle,Dark-Lighted,Clear,Motor Vehicle-In-Transport On Same Roadway
102637734,Crashes_MPO_2020,2020-01-27,2020,35.94795,-86.81921,False,0,0,,0,0,0,Property Damage,"Sideswipe, Same Direction",Daylight,Clear,Motor Vehicle-In-Transport On Same Roadway
102636477,Crashes_MPO_2020,2020-01-28,2020,35.93365,-86.81726,False,0,0,,0,0,0,Property Damage,Not Collision with Motor Vehicle in Transport,Dark-Lighted,Clear,Curb
102636566,Crashes_MPO_2020,2020-01-28,2020,35.9294,-86.8407,False,0,0,,0,0,0,Property Damage Under,Front to Rear,Daylight,Clear,Motor Vehicle-In-Transport On Same Roadway
102636640,Crashes_MPO_2020,2020-01-28,2020,36.04301,-86.84231,False,0,0,,0,0,0,Suspected Minor Injury,Front to Rear,Daylight,Cloudy,Motor Vehicle-In-Transport On Same Roadway
102636873,Crashes_MPO_2020,2020-01-28,2020,36.03775,-86.78649,False,0,0,,0,0,0,Property Damage,Angle,Daylight,Clear,Motor Vehicle-In-Transport On Same Roadway
102636915,Crashes_MPO_2020,2020-01-28,2020,35.99687,-86.68989,False,0,0,,0,0,0,Property Damage,Angle,Daylight,Clear,Motor Vehicle-In-Transport On Same Roadway
102637177,Crashes_MPO_2020,2020-01-28,2020,35.9519,-86.8128,False,0,0,,0,0,0,Property Damage,Front to Rear,Dark-Lighted,Cloudy,Motor Vehicle-In-Transport On Same Roadway
102637216,Crashes_MPO_2020,2020-01-28,2020,35.92519,-86.82211,False,0,0,,0,0,0,Property Damage,Front to Rear,Dusk,Clear,Motor Vehicle-In-Transport On Same Roadway
102637222,Crashes_MPO_2020,2020-01-28,2020,35.93294,-86.85477,False,0,0,,0,0,0,Property Damage,Not Collision with Motor Vehicle in Transport,Daylight,Clear,Building
102637240,Crashes_MPO_2020,2020-01-28,2020,36.04086,-86.70314,False,0,0,,0,0,0,Possible Injury,Angle,Daylight,Clear,Parked Motor Vehicle
102637378,Crashes_MPO_2020,2020-01-28,2020,36.0407,-86.74579,False,0,0,,0,0,0,Property Damage,"Sideswipe, Same Direction",Dark-Lighted,Clear,Motor Vehicle-In-Transport On Same Roadway
102637384,Crashes_MPO_2020,2020-01-28,2020,35.97716,-86.67813,False,0,0,,0,0,0,Property Damage,"Sideswipe, Opposite Direction",,,Motor Vehicle-In-Transport On Same Roadway
102637537,Crashes_MPO_2020,2020-01-28,2020,35.96448,-86.78352,True,0,0,,0,0,0,Property Damage,"Sideswipe, Opposite Direction",Daylight,Clear,Motor Vehicle-In-Transport On Same Roadway
102637588,Crashes_MPO_2020,2020-01-28,2020,35.92989,-86.81364,False,0,0,,0,0,0,Property Damage,Front to Rear,Daylight,Cloudy,Motor Vehicle-In-Transport On Same Roadway
102637627,Crashes_MPO_2020,2020-01-28,2020,35.934,-86.85064,False,0,0,,0,0,0,Property Damage,HeadOn,Dark-Lighted,Clear,Motor Vehicle-In-Transport On Same Roadway
102637623,Crashes_MPO_2020,2020-01-29,2020,35.9226,-86.82269,False,0,0,,0,0,0,Property Damage,Front to Rear,Daylight,Rain,Motor Vehicle-In-Transport On Same Roadway
102640860,Crashes_MPO_2020,2020-01-29,2020,35.99837,-86.80362,True,0,0,,0,0,0,Property Damage,Front to Rear,Dark-Lighted,Rain,Motor Vehicle-In-Transport On Same Roadway
102638063,Crashes_MPO_2020,2020-01-29,2020,36.02731,-86.81832,True,0,0,,0,0,0,Possible Injury,Front to Rear,Dark-Lighted,Cloudy,Motor Vehicle-In-Transport On Same Roadway
102638159,Crashes_MPO_2020,2020-01-29,2020,35.95869,-86.85778,False,0,0,,0,0,0,Property Damage Under,Not Collision with Motor Vehicle in Transport,Dark-Lighted,Clear,Parked Motor Vehicle
102638160,Crashes_MPO_2020,2020-01-29,2020,35.96133,-86.81226,False,0,0,,0,0,0,Property Damage,"Sideswipe, Same Direction",Dark-Lighted,Clear,Motor Vehicle-In-Transport On Same Roadway
102638208,Crashes_MPO_2020,2020-01-29,2020,36.05318,-86.77554,False,0,0,,0,0,0,Possible Injury,Front to Rear,Dark-Not Lighted,Clear,Motor Vehicle-In-Transport On Same Roadway
102638227,Crashes_MPO_2020,2020-01-29,2020,36.04084,-86.77347,False,0,0,,0,0,0,Property Damage Under,Not Collision with Motor Vehicle in Transport,,,
102638228,Crashes_MPO_2020,2020-01-29,2020,36.04003,-86.74375,False,0,0,,0,0,0,Property Damage Under,Not Collision with Motor Vehicle in Transport,,,
102638230,Crashes_MPO_2020,2020-01-29,2020,36.0395,-86.73769,False,0,0,,0,0,0,Property Damage,Angle,Daylight,Cloudy,Motor Vehicle-In-Transport On Same Roadway
102638231,Crashes_MPO_2020,2020-01-29,2020,35.99652,-86.68938,False,0,0,,0,0,0,Property Damage,Front to Rear,Dark-Lighted,Cloudy,Motor Vehicle-In-Transport On Same Roadway
102638232,Crashes_MPO_2020,2020-01-29,2020,35.99593,-86.69084,False,0,0,,0,0,0,Property Damage,Angle,Dark-Lighted,Cloudy,Motor Vehicle-In-Transport On Same Roadway
102638584,Crashes_MPO_2020,2020-01-29,2020,35.99878,-86.79636,True,0,0,,0,0,0,Property Damage,Front to Rear,Dark-Not Lighted,Rain,Motor Vehicle-In-Transport On Same Roadway
102639955,Crashes_MPO_2020,2020-01-29,2020,36.01275,-86.80088,True,0,0,,0,0,0,Property Damage,Front to Rear,Daylight,Rain,Motor Vehicle-In-Transport On Same Roadway
102640625,Crashes_MPO_2020,2020-01-30,2020,35.94928,-86.8183,False,0,0,,0,0,0,Property Damage,Angle,Unknown,Clear,Parked Motor Vehicle
102640762,Crashes_MPO_2020,2020-01-30,2020,35.9826,-86.82072,True,0,0,,0,0,0,Property Damage Under,Not Collision with Motor Vehicle in Transport,,,
102638464,Crashes_MPO_2020,2020-01-30,2020,36.0022,-86.79287,True,0,0,,0,0,0,Property Damage,"Sideswipe, Same Direction",Dawn,Clear,Motor Vehicle-In-Transport On Same Roadway
102638517,Crashes_MPO_2020,2020-01-30,2020,35.92558,-86.81622,False,0,0,,0,0,0,Property Damage Under,Not Collision with Motor Vehicle in Transport,,,
102638748,Crashes_MPO_2020,2020-01-30,2020,36.0409,-86.77938,False,0,0,,0,0,0,Property Damage,Angle,Daylight,Cloudy,Motor Vehicle-In-Transport On Same Roadway
102638835,Crashes_MPO_2020,2020-01-30,2020,35.95838,-86.82509,False,0,0,,0,0,0,Property Damage,Not Collision with Motor Vehicle in Transport,Daylight,Clear,Embankment Earth
102638944,Crashes_MPO_2020,2020-01-30,2020,35.92391,-86.87162,False,0,0,,0,0,0,Property Damage,Front to Rear,Daylight,Cloudy,Motor Vehicle-In-Transport On Same Roadway
102639083,Crashes_MPO_2020,2020-01-30,2020,36.04134,-86.77732,False,0,0,,0,0,0,Property Damage,Front to Rear,Daylight,Clear,Motor Vehicle-In-Transport On Same Roadway
102639111,Crashes_MPO_2020,2020-01-30,2020,36.04671,-86.68282,False,0,0,,0,0,0,Suspected Minor Injury,Front to Rear,Dark-Not Lighted,Clear,Motor Vehicle-In-Transport On Same Roadway
102639180,Crashes_MPO_2020,2020-01-30,2020,35.9264,-86.8244,False,0,0,,0,0,0,Possible Injury,"Sideswipe, Same Direction",Dark-Lighted,Clear,Motor Vehicle-In-Transport On Same Roadway
102639183,Crashes_MPO_2020,2020-01-30,2020,36.0199,-86.70991,False,0,0,,0,0,0,Possible Injury,Front to Rear,Daylight,Clear,Motor Vehicle-In-Transport On Same Roadway
102639202,Crashes_MPO_2020,2020-01-30,2020,36.04519,-86.7158,False,0,0,,0,0,0,Property Damage,Angle,Daylight,Clear,Motor Vehicle-In-Transport On Same Roadway
102639247,Crashes_MPO_2020,2020-01-30,2020,36.04553,-86.71159,False,0,0,,0,0,0,Property Damage,Front to Rear,Dark-Lighted,Clear,Motor Vehicle-In-Transport On Same Roadway
102640585,Crashes_MPO_2020,2020-01-31,2020,35.96463,-86.81472,True,0,0,,0,0,0,Property Damage,HeadOn,Daylight,Cloudy,Motor Vehicle-In-Transport On Same Roadway
102642580,Crashes_MPO_2020,2020-01-31,2020,35.99476,-86.77875,True,0,0,,0,0,0,Suspected Minor Injury,"Sideswipe, Same Direction",Daylight,Cloudy,Motor Vehicle-In-Transport On Same Roadway
102643133,Crashes_MPO_2020,2020-01-31,2020,36.02173,-86.77046,True,0,0,,0,0,0,Property Damage,Not Collision with Motor Vehicle in Transport,Dark-Unknown Lighting,Rain,Standing Tree
102639535,Crashes_MPO_2020,2020-01-31,2020,35.95048,-86.76594,True,0,0,,0,0,0,Property Damage,Front to Rear,Daylight,Rain,Motor Vehicle-In-Transport On Same Roadway
102639570,Crashes_MPO_2020,2020-01-31,2020,35.992665,-86.82833,True,0,0,,0,0,0,Property Damage,Not Collision with Motor Vehicle in Transport,Daylight,Rain,Ditch
102639611,Crashes_MPO_2020,2020-01-31,2020,36.00417,-86.79083,True,0,0,,0,0,0,Property Damage,Front to Rear,Daylight,Cloudy,Motor Vehicle-In-Transport On Same Roadway
102639725,Crashes_MPO_2020,2020-01-31,2020,36.0322,-86.75829,False,0,0,,0,0,0,Property Damage,Front to Rear,Daylight,Cloudy,Motor Vehicle-In-Transport On Same Roadway
102639866,Crashes_MPO_2020,2020-01-31,2020,36.03612,-86.78712,True,0,0,,0,0,0,Property Damage,Front to Rear,Daylight,Rain,Motor Vehicle-In-Transport On Same Roadway
102640169,Crashes_MPO_2020,2020-01-31,2020,35.93995,-86.81696,False,0,0,,0,0,0,Property Damage,"Sideswipe, Same Direction",Daylight,Cloudy,Motor Vehicle-In-Transport On Same Roadway
102640199,Crashes_MPO_2020,2020-01-31,2020,36.04578,-86.77814,False,0,0,,0,0,0,Suspected Minor Injury,Front to Rear,Dark-Lighted,Clear,Motor Vehicle-In-Transport On Same Roadway
102640201,Crashes_MPO_2020,2020-01-31,2020,35.96688,-86.81117,True,0,0,,0,0,0,Suspected Minor Injury,Angle,Dusk,Cloudy,Motor Vehicle-In-Transport On Same Roadway
102640215,Crashes_MPO_2020,2020-01-31,2020,36.00169,-86.79339,True,0,0,,0,0,0,Property Damage Under,Not Collision with Motor Vehicle in Transport,,,
102640218,Crashes_MPO_2020,2020-01-31,2020,35.93838,-86.80472,False,0,0,,0,0,0,Property Damage,Angle,Daylight,Cloudy,Parked Motor Vehicle
102640258,Crashes_MPO_2020,2020-01-31,2020,35.9726,-86.82846,True,0,0,,0,0,0,Property Damage,Front to Rear,Dark-Lighted,Cloudy,Motor Vehicle-In-Transport On Same Roadway
102640285,Crashes_MPO_2020,2020-01-31,2020,35.98385,-86.7244,True,0,0,,0,0,0,Property Damage,Front to Rear,Dark-Lighted,Clear,Motor Vehicle-In-Transport On Same Roadway
102640317,Crashes_MPO_2020,2020-01-31,2020,36.04669,-86.71342,False,0,0,,0,0,0,Property Damage,Front to Rear,Dark-Lighted,Rain,Motor Vehicle-In-Transport On Same Roadway
102640338,Crashes_MPO_2020,2020-01-31,2020,36.03352,-86.78322,True,0,0,,0,0,0,Possible Injury,Front to Rear,Daylight,Rain,Motor Vehicle-In-Transport On Same Roadway
102640339,Crashes_MPO_2020,2020-01-31,2020,35.99511,-86.79758,True,0,0,,0,0,0,Property Damage,Angle,Dark-Lighted,Rain,Motor Vehicle-In-Transport On Same Roadway
102640421,Crashes_MPO_2020,2020-01-31,2020,35.99529,-86.81939,True,0,0,,0,0,0,Possible Injury,Not Collision with Motor Vehicle in Transport,Dark-Not Lighted,Rain,Ditch
102656540,Crashes_MPO_2020,2020-01-31,2020,35.94652,-86.82359,False,0,0,,0,0,0,Property Damage,Not Collision with Motor Vehicle in Transport,Dark-Lighted,Clear,Curb
102640771,Crashes_MPO_2020,2020-02-01,2020,36.04519,-86.70012,False,0,0,,0,0,0,Suspected Minor Injury,Not Collision with Motor Vehicle in Transport,Daylight,Clear,Ditch
102640807,Crashes_MPO_2020,2020-02-01,2020,35.93853,-86.81745,False,0,0,,0,0,0,Property Damage,"Sideswipe, Same Direction",Daylight,Cloudy,Motor Vehicle-In-Transport On Same Roadway
102640861,Crashes_MPO_2020,2020-02-01,2020,36.04114,-86.77621,False,0,0,,0,0,0,Possible Injury,Front to Rear,Daylight,Cloudy,Motor Vehicle-In-Transport On Same Roadway
102640950,Crashes_MPO_2020,2020-02-01,2020,35.93843,-86.8218,False,0,0,,0,0,0,Property Damage,Angle,Daylight,Cloudy,Motor Vehicle-In-Transport On Same Roadway
102641025,Crashes_MPO_2020,2020-02-01,2020,35.96638,-86.81131,False,0,0,,0,0,0,Property Damage,Angle,Daylight,Clear,Motor Vehicle-In-Transport On Same Roadway
102641038,Crashes_MPO_2020,2020-02-01,2020,35.96608,-86.80572,True,0,0,,0,0,0,Property Damage,Front to Rear,Daylight,Cloudy,Motor Vehicle-In-Transport On Same Roadway
102641062,Crashes_MPO_2020,2020-02-01,2020,35.99945,-86.69343,False,0,0,,0,0,0,Property Damage Under,Front to Rear,Dusk,,Motor Vehicle-In-Transport On Same Roadway
102641104,Crashes_MPO_2020,2020-02-01,2020,36.04456,-86.71335,False,0,0,,0,0,0,Property Damage Under,Front to Rear,Dark-Lighted,Clear,Motor Vehicle-In-Transport On Same Roadway
102641169,Crashes_MPO_2020,2020-02-01,2020,35.93446,-86.81991,False,0,0,,0,0,0,Property Damage Under,Front to Rear,Daylight,Clear,Motor Vehicle-In-Transport On Same Roadway
102641362,Crashes_MPO_2020,2020-02-01,2020,36.02757,-86.79191,True,0,0,,1,0,0,Suspected Serious Injury,HeadOn,Dark-Lighted,Clear,Motor Vehicle-In-Transport On Same Roadway
102642034,Crashes_MPO_2020,2020-02-01,2020,35.94856,-86.81991,False,0,0,,0,0,0,Property Damage,Front to Rear,Dark-Lighted,Clear,Motor Vehicle-In-Transport On Same Roadway
102642050,Crashes_MPO_2020,2020-02-01,2020,35.94927,-86.81197,False,0,0,,0,0,0,Property Damage,Angle,Dark-Lighted,Clear,Motor Vehicle-In-Transport On Same Roadway
102643909,Crashes_MPO_2020,2020-02-01,2020,36.04019,-86.7808,False,0,0,,0,0,0,Property Damage,Other,Dark-Lighted,Clear,Motor Vehicle-In-Transport On Same Roadway
102641458,Crashes_MPO_2020,2020-02-02,2020,36.04488,-86.82107,False,0,0,,0,0,0,Property Damage Under,Not Collision with Motor Vehicle in Transport,Dark-Not Lighted,Clear,Wall
102641775,Crashes_MPO_2020,2020-02-02,2020,35.98861,-86.68112,False,0,0,,0,0,0,Property Damage Under,Not Collision with Motor Vehicle in Transport,,,
102641897,Crashes_MPO_2020,2020-02-02,2020,35.9236,-86.81898,False,0,0,,0,0,0,Property Damage Under,Angle,Daylight,Clear,Motor Vehicle-In-Transport On Same Roadway
102641969,Crashes_MPO_2020,2020-02-02,2020,35.94167,-86.7675,True,0,0,,0,0,0,Property Damage,Not Collision with Motor Vehicle in Transport,Daylight,Clear,Deer
102642035,Crashes_MPO_2020,2020-02-02,2020,35.97497,-86.85899,False,0,0,,0,0,0,Property Damage,Not Collision with Motor Vehicle in Transport,Dark-Not Lighted,Clear,Guard Rail Face
102642412,Crashes_MPO_2020,2020-02-02,2020,36.04134,-86.82243,False,1,0,,0,0,0,Fatal,Not Collision with Motor Vehicle in Transport,Dark-Not Lighted,Clear,Guard Rail Face
102643912,Crashes_MPO_2020,2020-02-02,2020,36.04541,-86.71327,False,0,0,,0,0,0,Property Damage,Other,Dark-Lighted,Clear,Motor Vehicle-In-Transport On Same Roadway
102642343,Crashes_MPO_2020,2020-02-03,2020,36.03336,-86.78872,True,0,0,,0,0,0,Property Damage,Not Collision with Motor Vehicle in Transport,Dark-Lighted,Clear,Other Post/Pole Support
102642413,Crashes_MPO_2020,2020-02-03,2020,35.93374,-86.81767,False,0,0,,0,0,0,Property Damage,Front to Rear,Daylight,Clear,Motor Vehicle-In-Transport On Same Roadway
102642424,Crashes_MPO_2020,2020-02-03,2020,35.96684,-86.81223,True,0,0,,0,0,0,Property Damage,"Sideswipe, Same Direction",Daylight,Clear,Motor Vehicle-In-Transport On Same Roadway
102642557,Crashes_MPO_2020,2020-02-03,2020,35.96372,-86.81053,False,0,0,,0,0,0,Property Damage,"Sideswipe, Same Direction",Daylight,Clear,Motor Vehicle-In-Transport On Same Roadway
102642697,Crashes_MPO_2020,2020-02-03,2020,35.94619,-86.83082,False,0,0,,0,0,0,Property Damage,Front to Rear,Daylight,Clear,Motor Vehicle-In-Transport On Same Roadway
102642699,Crashes_MPO_2020,2020-02-03,2020,36.04551,-86.85431,False,0,0,,0,0,0,Property Damage,Front to Rear,Daylight,Clear,Motor Vehicle-In-Transport On Same Roadway
102642890,Crashes_MPO_2020,2020-02-03,2020,36.03339,-86.71296,False,0,0,,0,0,0,Property Damage,Front to Rear,Daylight,Clear,Motor Vehicle-In-Transport On Same Roadway
102642900,Crashes_MPO_2020,2020-02-03,2020,35.99687,-86.68989,False,0,0,,0,0,0,Property Damage Under,Not Collision with Motor Vehicle in Transport,,,
102642936,Crashes_MPO_2020,2020-02-03,2020,35.94477,-86.82853,False,0,0,,0,0,0,Property Damage,Angle,Daylight,Clear,Motor Vehicle-In-Transport On Same Roadway
102642937,Crashes_MPO_2020,2020-02-03,2020,35.92495,-86.77552,False,0,0,,1,0,0,Suspected Serious Injury,Not Collision with Motor Vehicle in Transport,Daylight,Clear,Curb
102643442,Crashes_MPO_2020,2020-02-03,2020,35.94816,-86.81995,False,0,0,,0,0,0,Possible Injury,Front to Rear,Dusk,Clear,Motor Vehicle-In-Transport On Same Roadway
102645077,Crashes_MPO_2020,2020-02-03,2020,35.95209,-86.81805,False,0,0,,0,0,0,Possible Injury,Angle,Dark-Lighted,Clear,Motor Vehicle-In-Transport On Same Roadway
102643123,Crashes_MPO_2020,2020-02-04,2020,35.98593,-86.80075,True,0,0,,0,0,0,Property Damage,Not Collision with Motor Vehicle in Transport,Dark-Not Lighted,Clear,Deer
102643347,Crashes_MPO_2020,2020-02-04,2020,36.04484,-86.84941,False,0,0,,0,0,0,Property Damage,Front to Rear,Daylight,Rain,Motor Vehicle-In-Transport On Same Roadway
102643408,Crashes_MPO_2020,2020-02-04,2020,36.04236,-86.83738,False,0,0,,0,0,0,Property Damage,Front to Rear,Daylight,Cloudy,Motor Vehicle-In-Transport On Same Roadway
102643532,Crashes_MPO_2020,2020-02-04,2020,35.94643,-86.85028,False,0,0,,0,0,0,Possible Injury,Front to Rear,Daylight,Rain,Motor Vehicle-In-Transport On Same Roadway
102643662,Crashes_MPO_2020,2020-02-04,2020,35.9505,-86.76617,True,0,0,,0,0,0,Property Damage,Angle,Daylight,Rain,Motor Vehicle-In-Transport On Same Roadway
102643709,Crashes_MPO_2020,2020-02-04,2020,35.94412,-86.81551,False,0,0,,0,0,0,Property Damage,Not Collision with Motor Vehicle in Transport,Daylight,Rain,Guard Rail Face
102643735,Crashes_MPO_2020,2020-02-04,2020,35.92391,-86.87162,False,0,0,,0,0,0,Property Damage,Angle,Dark-Lighted,Rain,Motor Vehicle-In-Transport On Same Roadway
102643808,Crashes_MPO_2020,2020-02-04,2020,36.04247,-86.71295,False,0,0,,0,0,0,Property Damage,Angle,Dark-Not Lighted,Rain,Motor Vehicle-In-Transport On Same Roadway
102643899,Crashes_MPO_2020,2020-02-04,2020,36.03473,-86.78793,True,0,0,,0,0,0,Property Damage,Front to Rear,Dark-Lighted,Rain,Motor Vehicle-In-Transport On Same Roadway
102643940,Crashes_MPO_2020,2020-02-04,2020,36.02547,-86.71305,False,0,0,,0,0,0,Property Damage Under,Front to Rear,Daylight,Rain,Motor Vehicle-In-Transport On Same Roadway
102644003,Crashes_MPO_2020,2020-02-04,2020,36.01689,-86.78609,True,0,0,,0,0,0,Possible Injury,Not Collision with Motor Vehicle in Transport,Daylight,Rain,Concrete Traffic Barrier
102644218,Crashes_MPO_2020,2020-02-04,2020,35.9463,-86.8085,False,0,0,,0,0,0,Property Damage,Angle,Dark-Lighted,Rain,Motor Vehicle-In-Transport On Same Roadway
102644309,Crashes_MPO_2020,2020-02-04,2020,36.00095,-86.79415,True,0,0,,0,0,0,Property Damage,Front to Rear,Dark-Not Lighted,Rain,Motor Vehicle-In-Transport On Same Roadway
102650513,Crashes_MPO_2020,2020-02-04,2020,35.95749,-86.85019,False,0,0,,0,0,0,Property Damage,Not Collision with Motor Vehicle in Transport,Dusk,Rain,Mail Box
102643969,Crashes_MPO_2020,2020-02-05,2020,36.04537,-86.71326,False,0,0,,0,0,0,Property Damage,Angle,Dark-Lighted,Rain,Motor Vehicle-In-Transport On Same Roadway
102644255,Crashes_MPO_2020,2020-02-05,2020,36.04537,-86.71326,False,0,0,,0,0,0,Property Damage Under,Not Collision with Motor Vehicle in Transport,,,
102644303,Crashes_MPO_2020,2020-02-05,2020,35.9457,-86.82318,False,0,0,,0,0,0,Property Damage,Angle,Daylight,Cloudy,Motor Vehicle-In-Transport On Same Roadway
102644418,Crashes_MPO_2020,2020-02-05,2020,36.00348,-86.69788,False,0,0,,0,0,0,Property Damage,Front to Rear,Daylight,Rain,Motor Vehicle-In-Transport On Same Roadway
102644475,Crashes_MPO_2020,2020-02-05,2020,35.92641,-86.82453,False,0,0,,0,0,0,Property Damage,Front to Rear,Dark-Lighted,Rain,Motor Vehicle-In-Transport On Same Roadway
102644495,Crashes_MPO_2020,2020-02-05,2020,36.04046,-86.75185,False,0,0,,0,0,0,Property Damage,Front to Rear,Daylight,Rain,Motor Vehicle-In-Transport On Same Roadway
102644496,Crashes_MPO_2020,2020-02-05,2020,35.92536,-86.86907,False,0,0,,0,0,0,Property Damage,Angle,Dark-Lighted,Rain,Motor Vehicle-In-Transport On Same Roadway