record_no,source_layer,collision_ts,crash_year,latitude,longitude,in_city,fatalities,non_motorists,truck_involved,serious_injuries,pedestrian,bicycle,crash_type,manner_of_collision,lighting,weather,first_harmful_event
102644504,Crashes_MPO_2020,2020-02-05,2020,35.95778,-86.80259,False,0,0,,0,0,0,Property Damage,Front to Rear,Daylight,Rain,Motor Vehicle-In-Transport On Same Roadway
102644595,Crashes_MPO_2020,2020-02-05,2020,36.01206,-86.7043,False,0,0,,0,0,0,Possible Injury,Not Collision with Motor Vehicle in Transport,Dark-Not Lighted,Rain,Utility Pole
102644741,Crashes_MPO_2020,2020-02-05,2020,35.96589,-86.81216,False,0,0,,0,0,0,Property Damage Under,Angle,Daylight,Rain,Motor Vehicle-In-Transport On Same Roadway
102644767,Crashes_MPO_2020,2020-02-05,2020,36.00496,-86.79001,True,0,0,,0,0,0,Property Damage,"Sideswipe, Same Direction",Daylight,Cloudy,Motor Vehicle-In-Transport On Same Roadway
102648958,Crashes_MPO_2020,2020-02-05,2020,35.92352,-86.76702,False,0,0,,0,0,0,Property Damage,"Sideswipe, Opposite Direction",Daylight,Rain,Motor Vehicle-In-Transport On Same Roadway
102644835,Crashes_MPO_2020,2020-02-05,2020,35.93979,-86.67971,False,0,0,,0,0,0,Property Damage,"Sideswipe, Same Direction",Dark-Not Lighted,Rain,Motor Vehicle-In-Transport On Same Roadway
102644797,Crashes_MPO_2020,2020-02-06,2020,35.95383,-86.80405,False,0,0,,0,0,0,Property Damage,Front to Rear,Daylight,Rain,Motor Vehicle-In-Transport On Same Roadway
102644816,Crashes_MPO_2020,2020-02-06,2020,36.03772,-86.79475,False,0,0,,0,0,0,Property Damage,Angle,Daylight,Rain,Motor Vehicle-In-Transport On Same Roadway
102644830,Crashes_MPO_2020,2020-02-06,2020,36.04742,-86.75035,False,0,0,,0,0,0,Property Damage,"Sideswipe, Opposite Direction",Daylight,Rain,Motor Vehicle-In-Transport On Same Roadway
102644844,Crashes_MPO_2020,2020-02-06,2020,35.96798,-86.81833,True,0,0,,0,0,0,Property Damage,HeadOn,Daylight,Rain,Motor Vehicle-In-Transport On Same Roadway
102645129,Crashes_MPO_2020,2020-02-06,2020,35.92421,-86.86952,False,0,0,,0,0,0,Property Damage Under,Angle,Daylight,Cloudy,Motor Vehicle-In-Transport On Same Roadway
102645158,Crashes_MPO_2020,2020-02-06,2020,35.92512,-86.7671,False,0,0,,0,0,0,Property Damage Under,Not Collision with Motor Vehicle in Transport,,,
102645189,Crashes_MPO_2020,2020-02-06,2020,36.02353,-86.6999,False,0,0,,0,0,0,Property Damage,Not Collision with Motor Vehicle in Transport,Daylight,Cloudy,Standing Tree
102645303,Crashes_MPO_2020,2020-02-06,2020,36.03318,-86.78566,True,0,0,,0,0,0,Possible Injury,Front to Rear,Dark-Lighted,Rain,Motor Vehicle-In-Transport On Same Roadway
102645307,Crashes_MPO_2020,2020-02-06,2020,36.00125,-86.79384,True,0,0,,0,0,0,Property Damage,Front to Rear,Dark-Not Lighted,Rain,Motor Vehicle-In-Transport On Same Roadway
102645505,Crashes_MPO_2020,2020-02-06,2020,35.95539,-86.81727,False,0,0,,0,0,0,Property Damage,Front to Rear,Dark-Lighted,Rain,Motor Vehicle-In-Transport On Same Roadway
102645623,Crashes_MPO_2020,2020-02-06,2020,36.0381,-86.78263,False,0,0,,0,0,0,Property Damage,Front to Rear,Daylight,Cloudy,Motor Vehicle-In-Transport On Same Roadway
102645666,Crashes_MPO_2020,2020-02-07,2020,36.03959,-86.78166,False,0,0,,0,0,0,Property Damage,Front to Rear,Daylight,Snow,Motor Vehicle-In-Transport On Same Roadway
102645667,Crashes_MPO_2020,2020-02-07,2020,36.03349,-86.78135,True,0,0,,0,0,0,Property Damage,Not Collision with Motor Vehicle in Transport,Daylight,Snow,Curb
102645682,Crashes_MPO_2020,2020-02-07,2020,36.03766,-86.78651,False,0,0,,0,0,0,Possible Injury,Front to Rear,Daylight,Snow,Motor Vehicle-In-Transport On Same Roadway
102645713,Crashes_MPO_2020,2020-02-07,2020,35.93374,-86.81767,False,0,0,,0,0,0,Possible Injury,Front to Rear,Daylight,Snow,Motor Vehicle-In-Transport On Same Roadway
102645802,Crashes_MPO_2020,2020-02-07,2020,36.01286,-86.80081,True,0,0,,0,0,0,Property Damage,Front to Rear,Daylight,Cloudy,Motor Vehicle-In-Transport On Same Roadway
102645864,Crashes_MPO_2020,2020-02-07,2020,36.04245,-86.71294,False,0,0,,0,0,0,Property Damage,Angle,Daylight,Cloudy,Motor Vehicle-In-Transport On Same Roadway
102645872,Crashes_MPO_2020,2020-02-07,2020,35.94569,-86.80872,False,0,0,,0,0,0,Property Damage Under,"Sideswipe, Same Direction",Daylight,Snow,Motor Vehicle-In-Transport On Same Roadway
102646055,Crashes_MPO_2020,2020-02-07,2020,36.0409,-86.77938,False,0,0,,0,0,0,Possible Injury,Angle,Daylight,Cloudy,Motor Vehicle-In-Transport On Same Roadway
102646146,Crashes_MPO_2020,2020-02-07,2020,36.03357,-86.78939,True,0,0,,0,0,0,Property Damage,Front to Rear,Dusk,Clear,Motor Vehicle-In-Transport On Same Roadway
102646260,Crashes_MPO_2020,2020-02-07,2020,36.04026,-86.8164,False,0,0,,0,0,0,Property Damage Under,Not Collision with Motor Vehicle in Transport,,,
102646271,Crashes_MPO_2020,2020-02-07,2020,35.97169,-86.82552,True,0,0,,0,0,0,Property Damage,Not Collision with Motor Vehicle in Transport,Dusk,Clear,Deer
102646321,Crashes_MPO_2020,2020-02-07,2020,36.04889,-86.71376,False,0,0,,0,0,0,Property Damage,Angle,Dark-Lighted,Clear,Motor Vehicle-In-Transport On Same Roadway
102647004,Crashes_MPO_2020,2020-02-08,2020,35.95218,-86.81641,False,0,0,,0,0,0,Property Damage,Angle,Daylight,Clear,Motor Vehicle-In-Transport On Same Roadway
102647030,Crashes_MPO_2020,2020-02-08,2020,36.04567,-86.72038,False,0,0,,0,0,0,Property Damage,Front to Rear,Daylight,Clear,Motor Vehicle-In-Transport On Same Roadway
102646598,Crashes_MPO_2020,2020-02-08,2020,35.99704,-86.69013,False,0,0,,0,0,0,Property Damage,Not Collision with Motor Vehicle in Transport,Dark-Lighted,Cloudy,Curb
102646732,Crashes_MPO_2020,2020-02-08,2020,36.00452,-86.84168,False,0,0,,0,0,0,Property Damage,Angle,Daylight,Clear,Motor Vehicle-In-Transport On Same Roadway
102649394,Crashes_MPO_2020,2020-02-08,2020,35.9658,-86.80773,False,0,0,,0,0,0,Property Damage,Not Collision with Motor Vehicle in Transport,Dark-Lighted,Clear,Concrete Traffic Barrier
102647303,Crashes_MPO_2020,2020-02-09,2020,36.04479,-86.72487,False,0,0,,0,0,0,Property Damage,Other,Dark-Lighted,Clear,Motor Vehicle-In-Transport On Same Roadway
102647394,Crashes_MPO_2020,2020-02-09,2020,35.99958,-86.79549,True,0,0,,0,0,0,Property Damage,Not Collision with Motor Vehicle in Transport,Dark-Not Lighted,Clear,Wall
102647507,Crashes_MPO_2020,2020-02-09,2020,35.9407,-86.83934,False,0,0,,0,0,0,Property Damage Under,Not Collision with Motor Vehicle in Transport,,,
102647769,Crashes_MPO_2020,2020-02-09,2020,35.966932,-86.808863,True,0,0,,0,0,0,Property Damage,Front to Rear,Daylight,Cloudy,Motor Vehicle-In-Transport On Same Roadway
102647823,Crashes_MPO_2020,2020-02-09,2020,35.97776,-86.80359,True,0,0,,0,0,0,Property Damage,Front to Rear,Daylight,Clear,Motor Vehicle-In-Transport On Same Roadway
102649435,Crashes_MPO_2020,2020-02-09,2020,35.96653,-86.80747,True,0,0,,0,0,0,Property Damage,Not Collision with Motor Vehicle in Transport,Daylight,Clear,Concrete Traffic Barrier
102648188,Crashes_MPO_2020,2020-02-10,2020,35.96546,-86.80764,False,0,0,,0,0,0,Property Damage,Not Collision with Motor Vehicle in Transport,Dark-Lighted,Rain,Culvert
102648211,Crashes_MPO_2020,2020-02-10,2020,36.04285,-86.72633,False,0,0,,0,0,0,Suspected Minor Injury,Angle,Dawn,Rain,Motor Vehicle-In-Transport On Same Roadway
102648306,Crashes_MPO_2020,2020-02-10,2020,35.99706,-86.79691,True,0,0,,0,0,0,Property Damage Under,Not Collision with Motor Vehicle in Transport,,,
102648330,Crashes_MPO_2020,2020-02-10,2020,35.94791,-86.81941,False,0,0,,0,0,0,Property Damage Under,"Sideswipe, Same Direction",Daylight,Rain,Motor Vehicle-In-Transport On Same Roadway
102648579,Crashes_MPO_2020,2020-02-10,2020,35.97315,-86.72626,True,0,0,,0,0,0,Suspected Minor Injury,Front to Rear,Daylight,Rain,Motor Vehicle-In-Transport On Same Roadway
102648682,Crashes_MPO_2020,2020-02-10,2020,36.04317,-86.74413,False,0,0,,0,0,0,Possible Injury,Front to Rear,Dusk,Rain,Motor Vehicle-In-Transport On Same Roadway
102648703,Crashes_MPO_2020,2020-02-10,2020,36.04556,-86.71944,False,0,0,,0,0,0,Property Damage,Front to Rear,Dusk,Rain,Motor Vehicle-In-Transport On Same Roadway
102648782,Crashes_MPO_2020,2020-02-10,2020,36.04042,-86.78097,False,0,0,,0,0,0,Property Damage,Front to Rear,Dark-Lighted,Rain,Motor Vehicle-In-Transport On Same Roadway
102649002,Crashes_MPO_2020,2020-02-10,2020,35.99704,-86.79691,True,0,0,,0,0,0,Possible Injury,Front to Rear,Daylight,Rain,Motor Vehicle-In-Transport On Same Roadway
102649169,Crashes_MPO_2020,2020-02-10,2020,36.03995,-86.76517,False,0,0,,0,0,0,Suspected Minor Injury,Front to Rear,Daylight,Rain,Motor Vehicle-In-Transport On Same Roadway
102654069,Crashes_MPO_2020,2020-02-10,2020,36.03382,-86.78319,True,0,0,,0,0,0,Property Damage,Angle,Dark-Not Lighted,Rain,Motor Vehicle-In-Transport On Same Roadway
102649707,Crashes_MPO_2020,2020-02-10,2020,36.03336,-86.78872,True,0,0,,0,0,0,Property Damage,Angle,Dark-Lighted,Rain,Motor Vehicle-In-Transport On Same Roadway
102648967,Crashes_MPO_2020,2020-02-11,2020,35.94142,-86.8162,False,0,0,,0,0,0,Property Damage Under,Front to Rear,Daylight,Cloudy,Motor Vehicle-In-Transport On Same Roadway
102649003,Crashes_MPO_2020,2020-02-11,2020,35.94433,-86.76698,True,0,0,,0,0,0,Property Damage Under,Not Collision with Motor Vehicle in Transport,,,
102649019,Crashes_MPO_2020,2020-02-11,2020,36.03747,-86.79098,False,0,0,,0,0,0,Property Damage,Angle,Daylight,Rain,Motor Vehicle-In-Transport On Same Roadway
102649060,Crashes_MPO_2020,2020-02-11,2020,36.05291,-86.6883,False,0,0,,0,0,0,Property Damage,Front to Rear,Daylight,Rain,Motor Vehicle-In-Transport On Same Roadway
102649115,Crashes_MPO_2020,2020-02-11,2020,35.95154,-86.73457,True,0,0,,0,0,0,Property Damage,Front to Rear,Other,Cloudy,Motor Vehicle-In-Transport On Same Roadway
102649457,Crashes_MPO_2020,2020-02-11,2020,36.0343,-86.79174,True,0,0,,0,0,0,Property Damage,Front to Rear,Daylight,Cloudy,Motor Vehicle-In-Transport On Same Roadway
102649458,Crashes_MPO_2020,2020-02-11,2020,35.99848,-86.8046,True,0,0,,0,0,0,Property Damage,Front to Rear,Dark-Lighted,Cloudy,Motor Vehicle-In-Transport On Same Roadway
102649523,Crashes_MPO_2020,2020-02-11,2020,35.96656,-86.81125,True,0,0,,0,0,0,Property Damage,Front to Rear,Dark-Lighted,Cloudy,Motor Vehicle-In-Transport On Same Roadway
102649595,Crashes_MPO_2020,2020-02-11,2020,36.02825,-86.78392,True,0,0,,0,0,0,Possible Injury,Front to Rear,Dark-Not Lighted,Clear,Motor Vehicle-In-Transport On Same Roadway
102649629,Crashes_MPO_2020,2020-02-11,2020,36.05291,-86.72709,False,0,0,,0,0,0,Property Damage,Not Collision with Motor Vehicle in Transport,Daylight,Cloudy,Wall
102649633,Crashes_MPO_2020,2020-02-11,2020,36.04042,-86.78023,False,0,0,,0,0,0,Property Damage,Front to Rear,Daylight,Clear,Motor Vehicle-In-Transport On Same Roadway
102649679,Crashes_MPO_2020,2020-02-11,2020,35.9479,-86.81942,False,0,0,,0,0,0,Property Damage,Front to Rear,Dusk,Clear,Motor Vehicle-In-Transport On Same Roadway
102649882,Crashes_MPO_2020,2020-02-11,2020,35.92649,-86.82536,False,0,0,,0,0,0,Property Damage,Front to Rear,Dusk,Clear,Motor Vehicle-In-Transport On Same Roadway
102650163,Crashes_MPO_2020,2020-02-11,2020,35.95106,-86.82539,False,0,0,,0,0,0,Property Damage Under,Angle,Dark-Lighted,Clear,Motor Vehicle-In-Transport On Same Roadway
102649859,Crashes_MPO_2020,2020-02-12,2020,35.95015,-86.76203,True,0,0,,0,0,0,Property Damage,Front to Rear,Daylight,Rain,Motor Vehicle-In-Transport On Same Roadway
102649865,Crashes_MPO_2020,2020-02-12,2020,35.95006,-86.76083,True,0,0,,0,0,0,Property Damage,Front to Rear,Other,Rain,Motor Vehicle-In-Transport On Same Roadway
102649881,Crashes_MPO_2020,2020-02-12,2020,36.03513,-86.8058,True,0,0,,0,0,0,Suspected Minor Injury,Angle,Daylight,Rain,Motor Vehicle-In-Transport On Same Roadway
102649886,Crashes_MPO_2020,2020-02-12,2020,36.0417,-86.74389,False,0,0,,0,0,0,Property Damage,Angle,Daylight,Rain,Motor Vehicle-In-Transport On Same Roadway
102649951,Crashes_MPO_2020,2020-02-12,2020,36.04516,-86.69957,False,0,0,,0,0,0,Property Damage Under,Not Collision with Motor Vehicle in Transport,,,
102649961,Crashes_MPO_2020,2020-02-12,2020,36.03352,-86.71298,False,0,0,,0,0,0,Property Damage,Angle,Daylight,Rain,Motor Vehicle-In-Transport On Same Roadway
102649986,Crashes_MPO_2020,2020-02-12,2020,35.9967,-86.79037,True,0,0,,0,0,0,Property Damage,Angle,Daylight,Rain,Motor Vehicle-In-Transport On Same Roadway
102649992,Crashes_MPO_2020,2020-02-12,2020,36.04084,-86.77345,False,0,0,,0,0,0,Property Damage Under,Not Collision with Motor Vehicle in Transport,,,
102650017,Crashes_MPO_2020,2020-02-12,2020,35.94675,-86.85178,False,0,0,,0,0,0,Property Damage,Angle,Daylight,Rain,Motor Vehicle-In-Transport On Same Roadway
102650024,Crashes_MPO_2020,2020-02-12,2020,35.93549,-86.82393,False,0,0,,0,0,0,Property Damage Under,Front to Rear,Daylight,Rain,Motor Vehicle-In-Transport On Same Roadway
102650055,Crashes_MPO_2020,2020-02-12,2020,35.92651,-86.8214,False,0,0,,0,0,0,Property Damage Under,Not Collision with Motor Vehicle in Transport,,,
102650072,Crashes_MPO_2020,2020-02-12,2020,35.9672,-86.81342,True,0,0,,0,0,0,Possible Injury,Front to Rear,Daylight,Rain,Motor Vehicle-In-Transport On Same Roadway
102650222,Crashes_MPO_2020,2020-02-12,2020,35.95982,-86.80683,False,0,0,,0,0,0,Property Damage,"Sideswipe, Same Direction",Daylight,Rain,Motor Vehicle-In-Transport On Same Roadway
102650223,Crashes_MPO_2020,2020-02-12,2020,35.92942,-86.84082,False,0,0,,0,0,0,Property Damage Under,"Sideswipe, Same Direction",Daylight,Clear,Motor Vehicle-In-Transport On Same Roadway
102650230,Crashes_MPO_2020,2020-02-12,2020,35.99554,-86.77918,True,0,0,,0,0,0,Property Damage,"Sideswipe, Same Direction",Dusk,Rain,Motor Vehicle-In-Transport On Same Roadway
102650301,Crashes_MPO_2020,2020-02-12,2020,35.97039,-86.77379,True,0,0,,0,0,0,Property Damage,Angle,Dark-Lighted,Rain,Motor Vehicle-In-Transport On Same Roadway
102650307,Crashes_MPO_2020,2020-02-12,2020,35.99731,-86.79469,True,0,0,,0,0,0,Possible Injury,Front to Rear,Dark-Lighted,Rain,Motor Vehicle-In-Transport On Same Roadway
102650326,Crashes_MPO_2020,2020-02-12,2020,36.0346,-86.80265,True,0,0,,0,0,0,Property Damage,"Sideswipe, Same Direction",Dark-Lighted,Rain,Motor Vehicle-In-Transport On Same Roadway
102650357,Crashes_MPO_2020,2020-02-12,2020,35.9605,-86.80983,False,0,0,,0,0,0,Possible Injury,"Sideswipe, Same Direction",Dusk,Rain,Motor Vehicle-In-Transport On Same Roadway
102650386,Crashes_MPO_2020,2020-02-12,2020,35.92899,-86.82079,False,0,0,,0,0,0,Possible Injury,Unknown,Dark-Lighted,Rain,Motor Vehicle-In-Transport On Same Roadway
102650412,Crashes_MPO_2020,2020-02-12,2020,36.03289,-86.77218,False,0,0,,0,0,0,Property Damage Under,Not Collision with Motor Vehicle in Transport,,,
102650532,Crashes_MPO_2020,2020-02-12,2020,36.04027,-86.81641,False,0,0,,0,0,0,Property Damage,Not Collision with Motor Vehicle in Transport,Dark-Lighted,Rain,Fire Hydrant
102650571,Crashes_MPO_2020,2020-02-12,2020,35.96396,-86.69208,False,0,0,,0,0,0,Property Damage,Angle,Dark-Not Lighted,Rain,Motor Vehicle-In-Transport On Same Roadway
102650771,Crashes_MPO_2020,2020-02-12,2020,35.95009,-86.81887,False,0,0,,0,0,0,Property Damage,Angle,Dark-Lighted,Rain,Motor Vehicle-In-Transport On Same Roadway
102650883,Crashes_MPO_2020,2020-02-12,2020,35.94074,-86.81668,False,0,0,,0,0,0,Property Damage Under,"Sideswipe, Same Direction",Dusk,Rain,Motor Vehicle-In-Transport On Same Roadway
102650884,Crashes_MPO_2020,2020-02-12,2020,35.932,-86.80177,False,0,0,,0,0,0,Property Damage,Not Collision with Motor Vehicle in Transport,Dark-Lighted,Rain,Curb
102650885,Crashes_MPO_2020,2020-02-12,2020,35.92825,-86.87113,False,0,0,,0,0,0,Property Damage,Angle,Dark-Lighted,Rain,Motor Vehicle-In-Transport On Same Roadway
102652025,Crashes_MPO_2020,2020-02-12,2020,36.03461,-86.78333,True,0,0,,0,0,0,Property Damage,"Sideswipe, Same Direction",Dark-Lighted,Rain,Motor Vehicle-In-Transport On Same Roadway
102650569,Crashes_MPO_2020,2020-02-13,2020,36.04694,-86.68191,False,0,0,,0,0,0,Suspected Minor Injury,Front to Rear,Dark-Lighted,Rain,Motor Vehicle-In-Transport On Same Roadway
102650650,Crashes_MPO_2020,2020-02-13,2020,36.03768,-86.78297,False,0,0,,0,0,0,Suspected Minor Injury,Not Collision with Motor Vehicle in Transport,Daylight,Cloudy,Concrete Traffic Barrier
102650674,Crashes_MPO_2020,2020-02-13,2020,36.0488,-86.71367,False,0,0,,0,0,0,Possible Injury,Angle,Daylight,Rain,Motor Vehicle-In-Transport On Same Roadway
102650676,Crashes_MPO_2020,2020-02-13,2020,36.05219,-86.74303,False,0,0,,0,0,0,Property Damage,Front to Rear,Daylight,Rain,Motor Vehicle-In-Transport On Same Roadway
102650679,Crashes_MPO_2020,2020-02-13,2020,35.92366,-86.76693,False,0,0,,0,0,0,Property Damage Under,Not Collision with Motor Vehicle in Transport,,,
102650705,Crashes_MPO_2020,2020-02-13,2020,35.9325,-86.86247,False,0,0,,0,0,0,Property Damage Under,Not Collision with Motor Vehicle in Transport,,,
102650786,Crashes_MPO_2020,2020-02-13,2020,35.96069,-86.8095,False,0,0,,0,0,0,Property Damage,Front to Rear,Daylight,Clear,Motor Vehicle-In-Transport On Same Roadway
102650894,Crashes_MPO_2020,2020-02-13,2020,35.966717,-86.809103,True,0,0,,0,0,0,Property Damage,Front to Rear,Daylight,Cloudy,Motor Vehicle-In-Transport On Same Roadway
102651074,Crashes_MPO_2020,2020-02-13,2020,36.04519,-86.7154,False,0,0,,0,0,0,Property Damage,Angle,Daylight,Cloudy,Motor Vehicle-In-Transport On Same Roadway
102651176,Crashes_MPO_2020,2020-02-13,2020,35.95235,-86.81962,False,0,0,,0,0,0,Property Damage Under,Front to Rear,Dusk,Clear,Motor Vehicle-In-Transport On Same Roadway
102651177,Crashes_MPO_2020,2020-02-13,2020,35.94465,-86.80908,False,0,0,,0,0,0,Property Damage Under,Angle,Daylight,Clear,Motor Vehicle-In-Transport On Same Roadway
102651199,Crashes_MPO_2020,2020-02-13,2020,36.03409,-86.78315,True,0,0,,0,0,0,Property Damage,Front to Rear,Daylight,Clear,Motor Vehicle-In-Transport On Same Roadway
102651279,Crashes_MPO_2020,2020-02-13,2020,35.93833,-86.8791,False,0,0,,0,0,0,Property Damage,Front to Rear,Daylight,Clear,Motor Vehicle-In-Transport On Same Roadway
102651280,Crashes_MPO_2020,2020-02-13,2020,35.92302,-86.8166,False,0,0,,0,0,0,Property Damage,HeadOn,Dark-Lighted,Clear,Motor Vehicle-In-Transport On Same Roadway
102651281,Crashes_MPO_2020,2020-02-13,2020,35.96382,-86.80841,False,0,0,,0,0,0,Property Damage,Front to Rear,Dusk,Clear,Motor Vehicle-In-Transport On Same Roadway
102651466,Crashes_MPO_2020,2020-02-13,2020,36.04979,-86.70308,False,0,0,,0,0,0,Property Damage,Angle,Dark-Lighted,Clear,Parked Motor Vehicle
102654732,Crashes_MPO_2020,2020-02-14,2020,35.96808,-86.6918,False,0,0,,0,0,0,Property Damage,Angle,Dark-Lighted,Cloudy,Parked Motor Vehicle
102651614,Crashes_MPO_2020,2020-02-14,2020,36.04085,-86.77947,False,0,0,,0,0,0,Property Damage,Front to Rear,Daylight,Clear,Motor Vehicle-In-Transport On Same Roadway
102651792,Crashes_MPO_2020,2020-02-14,2020,36.04126,-86.77741,False,0,0,,0,0,0,Property Damage,Front to Rear,Daylight,Clear,Motor Vehicle-In-Transport On Same Roadway
102651856,Crashes_MPO_2020,2020-02-14,2020,36.04098,-86.77941,False,0,0,,0,0,0,Property Damage,Front to Rear,Daylight,Clear,Motor Vehicle-In-Transport On Same Roadway
102652009,Crashes_MPO_2020,2020-02-14,2020,35.94588,-86.8233,False,0,0,,0,0,0,Property Damage Under,Not Collision with Motor Vehicle in Transport,,,
102652181,Crashes_MPO_2020,2020-02-14,2020,36.04114,-86.7795,False,0,0,,0,0,0,Property Damage Under,Not Collision with Motor Vehicle in Transport,,,
102652226,Crashes_MPO_2020,2020-02-14,2020,35.98907,-86.74135,True,0,0,,0,0,0,Property Damage,Front to Rear,Daylight,Clear,Motor Vehicle-In-Transport On Same Roadway
102652257,Crashes_MPO_2020,2020-02-14,2020,36.03664,-86.7831,False,0,0,,0,0,0,Property Damage Under,Not Collision with Motor Vehicle in Transport,,,
102652569,Crashes_MPO_2020,2020-02-14,2020,35.95425,-86.81198,False,0,0,,0,0,0,Property Damage,"Sideswipe, Same Direction",Dark-Not Lighted,Clear,Motor Vehicle-In-Transport On Same Roadway
102652588,Crashes_MPO_2020,2020-02-14,2020,35.94198,-86.74846,True,0,0,,0,0,0,Property Damage,Front to Rear,Dark-Lighted,Clear,Parked Motor Vehicle
102652646,Crashes_MPO_2020,2020-02-14,2020,36.04051,-86.8172,False,0,0,,0,0,0,Property Damage Under,Not Collision with Motor Vehicle in Transport,,,
102652698,Crashes_MPO_2020,2020-02-14,2020,35.93565,-86.82457,False,0,0,,0,0,0,Property Damage,Angle,Dusk,Clear,Motor Vehicle-In-Transport On Same Roadway
102652793,Crashes_MPO_2020,2020-02-14,2020,36.03789,-86.78443,False,0,0,,0,0,0,Possible Injury,Front to Rear,Dark-Not Lighted,Clear,Motor Vehicle-In-Transport On Same Roadway
102653927,Crashes_MPO_2020,2020-02-15,2020,36.03311,-86.78656,True,0,0,,0,0,0,Possible Injury,Angle,Daylight,Cloudy,Motor Vehicle-In-Transport On Same Roadway
102652930,Crashes_MPO_2020,2020-02-15,2020,36.05322,-86.71489,False,0,0,,0,0,0,Property Damage Under,"Sideswipe, Opposite Direction",Daylight,Clear,Motor Vehicle-In-Motion Outside Trafficway
102653503,Crashes_MPO_2020,2020-02-15,2020,36.03819,-86.80065,False,0,0,,0,0,0,Property Damage Under,Not Collision with Motor Vehicle in Transport,,,
102653654,Crashes_MPO_2020,2020-02-15,2020,35.93477,-86.82115,False,0,0,,0,0,0,Suspected Minor Injury,Angle,Dark-Lighted,Clear,Motor Vehicle-In-Transport On Same Roadway
102653693,Crashes_MPO_2020,2020-02-15,2020,36.04245,-86.71294,False,0,0,,0,0,0,Property Damage Under,Not Collision with Motor Vehicle in Transport,,,
102653840,Crashes_MPO_2020,2020-02-15,2020,36.03575,-86.70634,False,0,0,,0,0,0,Property Damage,Front to Rear,Dark-Lighted,Clear,Parked Motor Vehicle
102653945,Crashes_MPO_2020,2020-02-16,2020,36.01401,-86.83827,False,0,0,,0,0,0,Property Damage,Not Collision with Motor Vehicle in Transport,Daylight,Cloudy,Ditch
102654124,Crashes_MPO_2020,2020-02-16,2020,36.03654,-86.70609,False,0,0,,0,0,0,Property Damage,Front to Rear,Unknown,Unknown,Parked Motor Vehicle
102654200,Crashes_MPO_2020,2020-02-16,2020,35.99011,-86.74584,True,0,0,,0,0,0,Property Damage,"Sideswipe, Same Direction",Daylight,Clear,Motor Vehicle-In-Transport On Same Roadway
102654228,Crashes_MPO_2020,2020-02-16,2020,35.94612,-86.82346,False,0,0,,0,0,0,Property Damage,Angle,Daylight,Clear,Motor Vehicle-In-Transport On Same Roadway