record_no,source_layer,collision_ts,crash_year,latitude,longitude,in_city,fatalities,non_motorists,truck_involved,serious_injuries,pedestrian,bicycle,crash_type,manner_of_collision,lighting,weather,first_harmful_event
102654285,Crashes_MPO_2020,2020-02-16,2020,36.04669,-86.67861,False,0,0,,0,0,0,Property Damage,Angle,Daylight,Clear,Motor Vehicle-In-Transport On Same Roadway
102654355,Crashes_MPO_2020,2020-02-16,2020,36.04028,-86.76837,False,0,0,,0,0,0,Property Damage Under,Front to Rear,Dark-Lighted,Clear,Motor Vehicle-In-Transport On Same Roadway
102654784,Crashes_MPO_2020,2020-02-17,2020,35.92406,-86.87618,False,0,0,,0,0,0,Property Damage,Front to Rear,Daylight,Clear,Motor Vehicle-In-Transport On Same Roadway
102654787,Crashes_MPO_2020,2020-02-17,2020,35.98365,-86.72132,True,0,0,,0,0,0,Property Damage,Front to Rear,Daylight,Clear,Motor Vehicle-In-Transport On Same Roadway
102654801,Crashes_MPO_2020,2020-02-17,2020,36.03933,-86.78202,False,0,0,,0,0,0,Property Damage,Front to Rear,Daylight,Clear,Motor Vehicle-In-Transport On Same Roadway
102655120,Crashes_MPO_2020,2020-02-17,2020,36.03589,-86.78726,True,0,0,,0,0,0,Property Damage,Angle,Daylight,Clear,Motor Vehicle-In-Transport On Same Roadway
102655139,Crashes_MPO_2020,2020-02-17,2020,36.0059,-86.80575,True,0,0,,0,0,0,Property Damage,Front to Rear,Daylight,Clear,Motor Vehicle-In-Transport On Same Roadway
102655233,Crashes_MPO_2020,2020-02-17,2020,35.9238,-86.79461,False,0,0,,0,0,0,Property Damage,Angle,Daylight,Clear,Motor Vehicle-In-Transport On Same Roadway
102655250,Crashes_MPO_2020,2020-02-17,2020,36.03319,-86.7876,True,0,0,,0,0,0,Property Damage,Front to Rear,Dusk,Clear,Motor Vehicle-In-Transport On Same Roadway
102655275,Crashes_MPO_2020,2020-02-17,2020,36.04956,-86.71382,False,0,0,,0,0,0,Property Damage Under,Not Collision with Motor Vehicle in Transport,,,
102655279,Crashes_MPO_2020,2020-02-17,2020,36.01239,-86.70362,False,0,0,,0,0,0,Property Damage,"Sideswipe, Opposite Direction",Daylight,Clear,Motor Vehicle-In-Transport On Same Roadway
102655287,Crashes_MPO_2020,2020-02-17,2020,36.03772,-86.79475,False,0,0,,0,0,0,Property Damage,Front to Rear,Daylight,Clear,Motor Vehicle-In-Transport On Same Roadway
102655567,Crashes_MPO_2020,2020-02-17,2020,35.95143,-86.73614,True,0,0,,0,0,0,Property Damage,Not Collision with Motor Vehicle in Transport,Dark-Lighted,Clear,Deer
102656059,Crashes_MPO_2020,2020-02-17,2020,35.9667,-86.81121,True,0,0,,0,0,0,Property Damage,Front to Rear,Dark-Lighted,Cloudy,Motor Vehicle-In-Transport On Same Roadway
102657422,Crashes_MPO_2020,2020-02-17,2020,35.96515,-86.85888,False,0,0,,0,0,0,Property Damage,Not Collision with Motor Vehicle in Transport,Dark-Not Lighted,Clear,Ditch
102655934,Crashes_MPO_2020,2020-02-18,2020,35.96372,-86.81053,False,0,0,,0,0,0,Property Damage,"Sideswipe, Same Direction",Daylight,Cloudy,Motor Vehicle-In-Transport On Same Roadway
102656147,Crashes_MPO_2020,2020-02-18,2020,35.93406,-86.81876,False,0,0,,0,0,0,Property Damage Under,Front to Rear,Daylight,Rain,Motor Vehicle-In-Transport On Same Roadway
102656255,Crashes_MPO_2020,2020-02-18,2020,35.93298,-86.78238,False,0,0,,0,0,0,Possible Injury,Rear to Side,Daylight,Rain,Motor Vehicle-In-Transport On Same Roadway
102656290,Crashes_MPO_2020,2020-02-18,2020,35.94631,-86.8236,False,0,0,,0,0,0,Possible Injury,Angle,Daylight,Cloudy,Motor Vehicle-In-Transport On Same Roadway
102656306,Crashes_MPO_2020,2020-02-18,2020,35.94173,-86.82104,False,0,0,,0,0,0,Property Damage,Unknown,Dark-Lighted,Cloudy,Parked Motor Vehicle
102656313,Crashes_MPO_2020,2020-02-18,2020,36.01559,-86.7406,False,0,0,,0,0,0,Property Damage,Angle,Dark-Lighted,Rain,Motor Vehicle-In-Transport On Same Roadway
102656781,Crashes_MPO_2020,2020-02-18,2020,36.01527,-86.81564,True,0,0,,0,0,0,Property Damage,"Sideswipe, Same Direction",Daylight,Clear,Parked Motor Vehicle
102657001,Crashes_MPO_2020,2020-02-18,2020,35.96481,-86.80873,False,0,0,,1,0,0,Suspected Serious Injury,Not Collision with Motor Vehicle in Transport,Dark-Lighted,Clear,Standing Tree
102657472,Crashes_MPO_2020,2020-02-18,2020,35.99852,-86.79883,True,0,0,,0,0,0,Property Damage,Front to Rear,Dark-Lighted,Clear,Motor Vehicle-In-Transport On Same Roadway
102657743,Crashes_MPO_2020,2020-02-18,2020,35.93853,-86.81986,False,0,0,,0,0,0,Property Damage,Unknown,Daylight,Rain,Parked Motor Vehicle
102658403,Crashes_MPO_2020,2020-02-18,2020,35.96532,-86.70293,False,0,0,,0,0,0,Property Damage,Other,Daylight,Clear,Motor Vehicle-In-Transport On Same Roadway
102659740,Crashes_MPO_2020,2020-02-19,2020,36.03409,-86.79101,True,0,0,,0,0,0,Possible Injury,Not Collision with Motor Vehicle in Transport,Daylight,Clear,Other Fixed Object
102656621,Crashes_MPO_2020,2020-02-19,2020,35.99049,-86.7452,True,0,0,,0,0,0,Property Damage,Front to Rear,Daylight,Cloudy,Motor Vehicle-In-Transport On Same Roadway
102656648,Crashes_MPO_2020,2020-02-19,2020,36.03953,-86.81426,False,0,0,,0,0,0,Property Damage,"Sideswipe, Same Direction",Daylight,Cloudy,Motor Vehicle-In-Transport On Same Roadway
102656684,Crashes_MPO_2020,2020-02-19,2020,36.01286,-86.80081,True,0,0,,0,0,0,Property Damage,Front to Rear,Daylight,Cloudy,Motor Vehicle-In-Transport On Same Roadway
102656688,Crashes_MPO_2020,2020-02-19,2020,36.0457,-86.72085,False,0,0,,0,0,0,Possible Injury,Front to Rear,Daylight,Clear,Motor Vehicle-In-Transport On Same Roadway
102656733,Crashes_MPO_2020,2020-02-19,2020,36.03984,-86.74345,False,0,0,,0,0,0,Property Damage,Front to Rear,Daylight,Clear,Motor Vehicle-In-Transport On Same Roadway
102657130,Crashes_MPO_2020,2020-02-19,2020,35.99771,-86.79795,True,0,0,,0,0,0,Property Damage,Front to Rear,Daylight,Clear,Motor Vehicle-In-Transport On Same Roadway
102657164,Crashes_MPO_2020,2020-02-19,2020,36.04455,-86.69447,False,0,0,,0,0,0,Property Damage,Front to Rear,Daylight,Clear,Motor Vehicle-In-Transport On Same Roadway
102657176,Crashes_MPO_2020,2020-02-19,2020,36.0077,-86.78029,True,0,0,,0,0,0,Property Damage,Not Collision with Motor Vehicle in Transport,Dark-Not Lighted,Clear,Other Post/Pole Support
102657178,Crashes_MPO_2020,2020-02-19,2020,36.04688,-86.6796,False,0,0,,0,0,0,Property Damage Under,Not Collision with Motor Vehicle in Transport,,,
102657196,Crashes_MPO_2020,2020-02-19,2020,35.94315,-86.82079,False,0,0,,0,0,0,Possible Injury,Angle,Dark-Lighted,Clear,Motor Vehicle-In-Transport On Same Roadway
102657276,Crashes_MPO_2020,2020-02-19,2020,35.99004,-86.69627,True,0,0,,1,0,0,Suspected Serious Injury,Not Collision with Motor Vehicle in Transport,Daylight,Clear,Standing Tree
102657283,Crashes_MPO_2020,2020-02-19,2020,35.96312,-86.81897,True,0,0,,0,0,0,Property Damage,Angle,Dusk,Clear,Motor Vehicle-In-Transport On Same Roadway
102657386,Crashes_MPO_2020,2020-02-19,2020,36.03766,-86.79779,False,0,0,,0,0,0,Suspected Minor Injury,Not Collision with Motor Vehicle in Transport,Dark-Lighted,Clear,"Over Turn, Roll Over"
102657719,Crashes_MPO_2020,2020-02-19,2020,36.01553,-86.7857,True,0,0,,0,0,0,Property Damage,Front to Rear,Dark-Not Lighted,Clear,Motor Vehicle-In-Transport On Same Roadway
102657893,Crashes_MPO_2020,2020-02-19,2020,36.02494,-86.71111,False,0,0,,0,0,0,Property Damage,"Sideswipe, Opposite Direction",Dark-Lighted,Clear,Parked Motor Vehicle
102661349,Crashes_MPO_2020,2020-02-20,2020,35.97993,-86.74688,True,0,0,,0,0,0,Property Damage,Front to Rear,Dark-Not Lighted,Clear,Motor Vehicle-In-Transport On Same Roadway
102657610,Crashes_MPO_2020,2020-02-20,2020,36.00597,-86.80571,True,0,0,,0,0,0,Property Damage,Front to Rear,Daylight,Snow,Motor Vehicle-In-Transport On Same Roadway
102657728,Crashes_MPO_2020,2020-02-20,2020,36.04536,-86.71784,False,0,0,,0,0,0,Possible Injury,"Sideswipe, Same Direction",Daylight,Snow,Motor Vehicle-In-Transport On Same Roadway
102657755,Crashes_MPO_2020,2020-02-20,2020,35.934,-86.81878,False,0,0,,0,0,0,Property Damage,Front to Rear,Daylight,Snow,Motor Vehicle-In-Transport On Same Roadway
102657789,Crashes_MPO_2020,2020-02-20,2020,36.033031,-86.796835,True,0,0,,0,0,0,Property Damage,Angle,Daylight,Snow,Motor Vehicle-In-Transport On Same Roadway
102657840,Crashes_MPO_2020,2020-02-20,2020,35.99916,-86.80905,True,0,0,,0,0,0,Property Damage,Front to Rear,Daylight,Rain,Motor Vehicle-In-Transport On Same Roadway
102657879,Crashes_MPO_2020,2020-02-20,2020,35.94804,-86.86368,False,0,0,,0,0,0,Property Damage Under,Angle,Daylight,Cloudy,Motor Vehicle-In-Transport On Same Roadway
102657978,Crashes_MPO_2020,2020-02-20,2020,35.94798,-86.81714,False,0,0,,0,0,0,Property Damage Under,Front to Rear,Daylight,Cloudy,Motor Vehicle-In-Transport On Same Roadway
102658052,Crashes_MPO_2020,2020-02-20,2020,35.92572,-86.81677,False,0,0,,0,0,0,Property Damage Under,Front to Rear,Daylight,Clear,Motor Vehicle-In-Transport On Same Roadway
102658087,Crashes_MPO_2020,2020-02-20,2020,35.92417,-86.8757,False,0,0,,0,0,0,Property Damage,Front to Rear,Dark-Not Lighted,Cloudy,Motor Vehicle-In-Transport On Same Roadway
102658262,Crashes_MPO_2020,2020-02-20,2020,36.03821,-86.8009,False,0,0,,0,0,0,Suspected Minor Injury,Front to Rear,Dark-Lighted,Clear,Motor Vehicle-In-Transport On Same Roadway
102658283,Crashes_MPO_2020,2020-02-20,2020,35.97822,-86.76099,True,0,0,,0,0,0,Property Damage,"Sideswipe, Opposite Direction",Dark-Lighted,Clear,Motor Vehicle-In-Transport On Same Roadway
102658618,Crashes_MPO_2020,2020-02-20,2020,35.94612,-86.82346,False,0,0,,0,0,0,Property Damage,Angle,Dark-Lighted,Cloudy,Motor Vehicle-In-Transport On Same Roadway
102658996,Crashes_MPO_2020,2020-02-21,2020,36.04523,-86.71472,False,0,0,,0,0,0,Property Damage,Angle,Daylight,Clear,Motor Vehicle-In-Transport On Same Roadway
102659143,Crashes_MPO_2020,2020-02-21,2020,35.98788,-86.73886,True,0,0,,0,0,0,Property Damage Under,Not Collision with Motor Vehicle in Transport,,,
102659157,Crashes_MPO_2020,2020-02-21,2020,36.02371,-86.7127,False,0,0,,0,0,0,Property Damage Under,Angle,Daylight,Clear,Motor Vehicle-In-Transport On Same Roadway
102659198,Crashes_MPO_2020,2020-02-21,2020,36.04569,-86.70643,False,0,0,,0,0,0,Property Damage,Front to Rear,Dark-Lighted,Clear,Motor Vehicle-In-Transport On Same Roadway
102659231,Crashes_MPO_2020,2020-02-21,2020,35.94786,-86.81955,False,0,0,,0,0,0,Property Damage,Front to Rear,Daylight,Clear,Motor Vehicle-In-Transport On Same Roadway
102659232,Crashes_MPO_2020,2020-02-21,2020,35.9481,-86.81977,False,0,0,,0,0,0,Property Damage,Angle,Daylight,Clear,Motor Vehicle-In-Transport On Same Roadway
102659501,Crashes_MPO_2020,2020-02-21,2020,35.94673,-86.8171,False,0,0,,0,0,0,Property Damage,Front to Rear,Dark-Lighted,Clear,Motor Vehicle-In-Transport On Same Roadway
102659515,Crashes_MPO_2020,2020-02-21,2020,35.9409,-86.83952,False,0,0,,0,0,0,Property Damage,"Sideswipe, Same Direction",Dark-Lighted,Clear,Motor Vehicle-In-Transport On Same Roadway
102659693,Crashes_MPO_2020,2020-02-21,2020,35.96113,-86.75763,True,0,0,,0,0,0,Property Damage,"Sideswipe, Opposite Direction",Daylight,Clear,Motor Vehicle-In-Transport On Same Roadway
102658460,Crashes_MPO_2020,2020-02-21,2020,36.03743,-86.79057,False,0,0,,0,0,0,Possible Injury,Front to Rear,Daylight,Clear,Motor Vehicle-In-Transport On Same Roadway
102658565,Crashes_MPO_2020,2020-02-21,2020,35.94722,-86.81445,False,0,0,,0,0,0,Property Damage,Front to Rear,Daylight,Clear,Motor Vehicle-In-Transport On Same Roadway
102658583,Crashes_MPO_2020,2020-02-21,2020,35.97315,-86.83134,True,0,0,,0,0,0,Property Damage,Angle,Daylight,Clear,Motor Vehicle-In-Transport On Same Roadway
102658696,Crashes_MPO_2020,2020-02-21,2020,35.9447,-86.80928,False,0,0,,0,0,0,Possible Injury,Angle,Daylight,Clear,Motor Vehicle-In-Transport On Same Roadway
102665171,Crashes_MPO_2020,2020-02-21,2020,36.04072,-86.77971,False,0,0,,0,0,0,Property Damage,"Sideswipe, Same Direction",Dark-Lighted,Clear,Motor Vehicle-In-Transport On Same Roadway
102665172,Crashes_MPO_2020,2020-02-21,2020,36.04199,-86.74395,False,0,0,,0,0,0,Property Damage,Front to Rear,Dark-Lighted,Clear,Motor Vehicle-In-Transport On Same Roadway
102659802,Crashes_MPO_2020,2020-02-22,2020,36.04828,-86.86623,False,0,0,,0,0,0,Property Damage,Front to Rear,Daylight,Clear,Motor Vehicle-In-Transport On Same Roadway
102659865,Crashes_MPO_2020,2020-02-22,2020,35.92282,-86.86956,False,0,0,,0,0,0,Property Damage Under,Not Collision with Motor Vehicle in Transport,,,
102660152,Crashes_MPO_2020,2020-02-22,2020,36.03747,-86.79098,False,0,0,,0,0,0,Property Damage Under,Not Collision with Motor Vehicle in Transport,,,
102660169,Crashes_MPO_2020,2020-02-22,2020,36.00593,-86.86266,False,0,0,,0,0,0,Property Damage,Angle,Daylight,Clear,Motor Vehicle-In-Transport On Same Roadway
102660455,Crashes_MPO_2020,2020-02-23,2020,36.00611,-86.86563,False,0,0,,0,0,0,Property Damage,Not Collision with Motor Vehicle in Transport,Dark-Not Lighted,Clear,Standing Tree
102660592,Crashes_MPO_2020,2020-02-23,2020,36.03677,-86.69679,False,0,0,,0,0,0,Property Damage,Not Collision with Motor Vehicle in Transport,Daylight,Clear,Deer
102660696,Crashes_MPO_2020,2020-02-23,2020,36.0141,-86.8386,False,0,0,,1,0,0,Suspected Serious Injury,Not Collision with Motor Vehicle in Transport,Daylight,Clear,Ditch
102661102,Crashes_MPO_2020,2020-02-23,2020,35.96069,-86.78702,True,0,0,,0,0,0,Property Damage,Not Collision with Motor Vehicle in Transport,Dark-Not Lighted,Rain,Mail Box
102661169,Crashes_MPO_2020,2020-02-23,2020,36.0331,-86.7129,False,0,0,,0,0,0,Property Damage,Front to Rear,Dark-Not Lighted,Cloudy,Motor Vehicle-In-Transport On Same Roadway
102661251,Crashes_MPO_2020,2020-02-23,2020,35.93324,-86.79437,False,0,0,,0,0,0,Property Damage,Front to Rear,Dark-Lighted,Rain,Motor Vehicle-In-Transport On Same Roadway
102661326,Crashes_MPO_2020,2020-02-23,2020,36.05159,-86.75154,False,0,0,,0,0,0,Property Damage,Not Collision with Motor Vehicle in Transport,Dark-Lighted,Rain,Guard Rail Face
102661345,Crashes_MPO_2020,2020-02-23,2020,35.96198,-86.81518,False,0,0,,0,0,0,Property Damage,Angle,Dark-Lighted,Cloudy,Motor Vehicle-In-Transport On Same Roadway
102661520,Crashes_MPO_2020,2020-02-24,2020,35.97765,-86.77678,True,0,0,,0,0,0,Property Damage Under,Not Collision with Motor Vehicle in Transport,,,
102661538,Crashes_MPO_2020,2020-02-24,2020,36.02737,-86.71275,False,0,0,,0,0,0,Property Damage,Front to Rear,Daylight,Rain,Motor Vehicle-In-Transport On Same Roadway
102661569,Crashes_MPO_2020,2020-02-24,2020,36.05366,-86.71502,False,0,1,,0,0,0,Possible Injury,Not Collision with Motor Vehicle in Transport,Daylight,Rain,Non-Motorist Personal Conveyance
102661617,Crashes_MPO_2020,2020-02-24,2020,36.02547,-86.71319,False,0,0,,0,0,0,Property Damage,Front to Rear,Daylight,Rain,Motor Vehicle-In-Transport On Same Roadway
102661775,Crashes_MPO_2020,2020-02-24,2020,35.94797,-86.85081,False,0,0,,0,0,0,Property Damage,Front to Rear,Daylight,Rain,Motor Vehicle-In-Transport On Same Roadway
102661783,Crashes_MPO_2020,2020-02-24,2020,35.96372,-86.81053,False,0,0,,0,0,0,Property Damage Under,Angle,Daylight,Rain,Motor Vehicle-In-Transport On Same Roadway
102661817,Crashes_MPO_2020,2020-02-24,2020,36.03641,-86.81069,True,0,0,,0,0,0,Property Damage Under,Not Collision with Motor Vehicle in Transport,,,
102661818,Crashes_MPO_2020,2020-02-24,2020,36.03336,-86.78872,True,0,0,,0,0,0,Property Damage,Front to Rear,Daylight,Rain,Motor Vehicle-In-Transport On Same Roadway
102661898,Crashes_MPO_2020,2020-02-24,2020,35.97151,-86.8251,True,0,0,,0,0,0,Property Damage,Not Collision with Motor Vehicle in Transport,Dark-Lighted,Rain,Standing Tree
102662081,Crashes_MPO_2020,2020-02-24,2020,35.94762,-86.82036,False,0,0,,0,0,0,Property Damage,"Sideswipe, Same Direction",Dark-Lighted,Rain,Motor Vehicle-In-Transport On Same Roadway
102662202,Crashes_MPO_2020,2020-02-24,2020,35.99218,-86.79884,True,0,0,,0,0,0,Property Damage,Not Collision with Motor Vehicle in Transport,Daylight,Rain,Guard Rail Face
102662877,Crashes_MPO_2020,2020-02-24,2020,36.03272,-86.78357,True,0,0,,0,0,0,Property Damage,"Sideswipe, Same Direction",Daylight,Cloudy,Motor Vehicle-In-Transport On Same Roadway
102662878,Crashes_MPO_2020,2020-02-24,2020,35.99807,-86.79649,True,0,0,,0,0,0,Property Damage,"Sideswipe, Same Direction",Dark-Not Lighted,Clear,Motor Vehicle-In-Transport On Same Roadway
102664146,Crashes_MPO_2020,2020-02-24,2020,35.97212,-86.8641,False,0,0,,0,0,0,Property Damage,Not Collision with Motor Vehicle in Transport,Dark-Not Lighted,Rain,Ditch
102667033,Crashes_MPO_2020,2020-02-25,2020,36.03353,-86.78347,True,0,0,,0,0,0,Property Damage,Not Collision with Motor Vehicle in Transport,Daylight,Clear,Concrete Traffic Barrier
102667034,Crashes_MPO_2020,2020-02-25,2020,36.03353,-86.78347,True,0,0,,0,0,0,Suspected Minor Injury,Front to Rear,Daylight,Clear,Motor Vehicle-In-Transport On Same Roadway
102673211,Crashes_MPO_2020,2020-02-25,2020,35.96732,-86.8148,True,0,0,,0,0,0,Property Damage,"Sideswipe, Same Direction",Daylight,Clear,Motor Vehicle-In-Transport On Same Roadway
102662120,Crashes_MPO_2020,2020-02-25,2020,36.0409,-86.67786,False,0,0,,0,0,0,Property Damage,Not Collision with Motor Vehicle in Transport,Dark-Lighted,Clear,Shrubbery
102662214,Crashes_MPO_2020,2020-02-25,2020,35.95949,-86.80208,False,0,0,,0,0,0,Property Damage Under,"Sideswipe, Same Direction",Daylight,Clear,Motor Vehicle-In-Transport On Same Roadway
102662779,Crashes_MPO_2020,2020-02-25,2020,36.04541,-86.71277,False,0,0,,0,0,0,Property Damage,Angle,Daylight,Clear,Motor Vehicle-In-Transport On Same Roadway
102662783,Crashes_MPO_2020,2020-02-25,2020,35.9749,-86.8315,True,0,0,,0,0,0,Property Damage,Front to Rear,Dark-Lighted,Cloudy,Motor Vehicle-In-Transport On Same Roadway
102662946,Crashes_MPO_2020,2020-02-25,2020,36.04028,-86.76837,False,0,0,,0,0,0,Suspected Minor Injury,Angle,Dark-Lighted,Clear,Motor Vehicle-In-Transport On Same Roadway
102662982,Crashes_MPO_2020,2020-02-25,2020,36.04051,-86.78238,False,0,0,,0,0,0,Property Damage,Not Collision with Motor Vehicle in Transport,Dark-Lighted,Clear,Guard Rail Face
102666350,Crashes_MPO_2020,2020-02-26,2020,35.9668,-86.809,True,0,0,,0,0,0,Property Damage,Front to Rear,Daylight,Cloudy,Motor Vehicle-In-Transport On Same Roadway
102663224,Crashes_MPO_2020,2020-02-26,2020,36.03962,-86.81452,False,0,0,,0,0,0,Property Damage,Front to Rear,Daylight,Clear,Motor Vehicle-In-Transport On Same Roadway
102663298,Crashes_MPO_2020,2020-02-26,2020,36.04927,-86.71377,False,0,0,,0,0,0,Property Damage,Front to Rear,Daylight,Rain,Motor Vehicle-In-Transport On Same Roadway
102663349,Crashes_MPO_2020,2020-02-26,2020,36.01558,-86.7405,False,0,0,,0,0,0,Possible Injury,Front to Rear,Daylight,Clear,Motor Vehicle-In-Transport On Same Roadway
102663360,Crashes_MPO_2020,2020-02-26,2020,36.04517,-86.6997,False,0,0,,0,0,0,Possible Injury,Angle,Daylight,Cloudy,Motor Vehicle-In-Transport On Same Roadway
102663453,Crashes_MPO_2020,2020-02-26,2020,36.04401,-86.69322,False,0,0,,0,0,0,Property Damage,Angle,Daylight,Cloudy,Motor Vehicle-In-Transport On Same Roadway
102663621,Crashes_MPO_2020,2020-02-26,2020,36.0399,-86.71278,False,0,0,,0,0,0,Possible Injury,HeadOn,Daylight,Cloudy,Motor Vehicle-In-Transport On Same Roadway
102663763,Crashes_MPO_2020,2020-02-26,2020,36.04681,-86.71343,False,0,0,,0,0,0,Property Damage,"Sideswipe, Same Direction",Dark-Lighted,Rain,Motor Vehicle-In-Transport On Same Roadway
102664904,Crashes_MPO_2020,2020-02-26,2020,36.01282,-86.78519,True,0,0,,0,0,0,Possible Injury,Front to Rear,Dark-Not Lighted,Cloudy,Motor Vehicle-In-Transport On Same Roadway
102664905,Crashes_MPO_2020,2020-02-26,2020,36.01154,-86.78485,True,0,0,,0,0,0,Possible Injury,"Sideswipe, Same Direction",Dark-Not Lighted,Snow,Motor Vehicle-In-Transport On Same Roadway
102667412,Crashes_MPO_2020,2020-02-27,2020,35.96545,-86.80904,False,0,0,,0,0,0,Suspected Minor Injury,Not Collision with Motor Vehicle in Transport,Daylight,Clear,"Over Turn, Roll Over"
102664159,Crashes_MPO_2020,2020-02-27,2020,35.94891,-86.74908,True,0,0,,0,0,0,Property Damage,Front to Rear,Daylight,Clear,Motor Vehicle-In-Transport On Same Roadway
102664311,Crashes_MPO_2020,2020-02-27,2020,35.99635,-86.68913,False,0,0,,0,0,0,Property Damage,"Sideswipe, Same Direction",Daylight,Clear,Motor Vehicle-In-Transport On Same Roadway
102664694,Crashes_MPO_2020,2020-02-27,2020,35.94719,-86.85143,False,0,0,,0,0,0,Property Damage Under,Front to Rear,Daylight,Clear,Motor Vehicle-In-Transport On Same Roadway
102664879,Crashes_MPO_2020,2020-02-27,2020,36.04116,-86.77639,False,0,0,,0,0,0,Suspected Minor Injury,Front to Rear,Dark-Lighted,Clear,Motor Vehicle-In-Transport On Same Roadway
102664888,Crashes_MPO_2020,2020-02-27,2020,35.94638,-86.8229,False,0,0,,0,0,0,Property Damage,Front to Rear,Daylight,Clear,Motor Vehicle-In-Transport On Same Roadway
102664967,Crashes_MPO_2020,2020-02-27,2020,35.99821,-86.77921,True,0,0,,1,0,0,Suspected Serious Injury,Not Collision with Motor Vehicle in Transport,Dark-Not Lighted,Clear,"Over Turn, Roll Over"
102665551,Crashes_MPO_2020,2020-02-27,2020,35.95595,-86.81818,False,0,0,,0,0,0,Property Damage,Angle,Daylight,Clear,Motor Vehicle-In-Transport On Same Roadway
102666022,Crashes_MPO_2020,2020-02-28,2020,36.04056,-86.77079,False,0,0,,0,0,0,Property Damage,Front to Rear,Dark-Lighted,Clear,Motor Vehicle-In-Transport On Same Roadway
102666043,Crashes_MPO_2020,2020-02-28,2020,36.03311,-86.78656,True,0,0,,0,0,0,Property Damage,Not Collision with Motor Vehicle in Transport,Dark-Lighted,Rain,Other Post/Pole Support
102667413,Crashes_MPO_2020,2020-02-28,2020,35.92366,-86.86782,False,0,0,,0,0,0,Property Damage,"Sideswipe, Same Direction",Daylight,Cloudy,Motor Vehicle-In-Transport On Same Roadway
102665359,Crashes_MPO_2020,2020-02-28,2020,36.0473,-86.86274,False,0,0,,0,0,0,Property Damage,Front to Rear,Daylight,Rain,Motor Vehicle-In-Transport On Same Roadway
102665382,Crashes_MPO_2020,2020-02-28,2020,35.96459,-86.81455,False,0,0,,0,0,0,Property Damage,Front to Rear,Daylight,Cloudy,Motor Vehicle-In-Transport On Same Roadway
102665383,Crashes_MPO_2020,2020-02-28,2020,36.04847,-86.72473,False,0,0,,0,0,0,Property Damage,"Sideswipe, Opposite Direction",Daylight,Clear,Motor Vehicle-In-Transport On Same Roadway