record_no,source_layer,collision_ts,crash_year,latitude,longitude,in_city,fatalities,non_motorists,truck_involved,serious_injuries,pedestrian,bicycle,crash_type,manner_of_collision,lighting,weather,first_harmful_event
102665422,Crashes_MPO_2020,2020-02-28,2020,36.039,-86.78252,False,0,0,,0,0,0,Property Damage Under,"Sideswipe, Same Direction",Daylight,Rain,Motor Vehicle-In-Transport On Same Roadway
102665513,Crashes_MPO_2020,2020-02-28,2020,35.92472,-86.87428,False,0,0,,0,0,0,Property Damage Under,Angle,Daylight,Cloudy,Motor Vehicle-In-Transport On Same Roadway
102665553,Crashes_MPO_2020,2020-02-28,2020,35.95462,-86.80399,False,0,0,,0,0,0,Property Damage,Not Collision with Motor Vehicle in Transport,Dawn,Snow,Deer
102665748,Crashes_MPO_2020,2020-02-28,2020,35.93423,-86.77834,False,0,0,,0,0,0,Property Damage,"Sideswipe, Opposite Direction",Daylight,Clear,Motor Vehicle-In-Transport On Same Roadway
102665886,Crashes_MPO_2020,2020-02-28,2020,36.04087,-86.77371,False,0,0,,0,0,0,Property Damage Under,Not Collision with Motor Vehicle in Transport,,,
102665988,Crashes_MPO_2020,2020-02-28,2020,36.039,-86.71289,False,0,0,,0,0,0,Suspected Minor Injury,Front to Rear,Daylight,Clear,Motor Vehicle-In-Transport On Same Roadway
102666365,Crashes_MPO_2020,2020-02-29,2020,36.02141,-86.7198,False,0,0,,0,0,0,Property Damage,Not Collision with Motor Vehicle in Transport,Daylight,Clear,Building
102666657,Crashes_MPO_2020,2020-02-29,2020,35.94902,-86.81957,False,0,0,,0,0,0,Property Damage,Angle,Daylight,Clear,Motor Vehicle-In-Transport On Same Roadway
102666721,Crashes_MPO_2020,2020-02-29,2020,36.01434,-86.67918,False,0,0,,0,0,0,Property Damage,Not Collision with Motor Vehicle in Transport,Daylight,Clear,Curb
102666872,Crashes_MPO_2020,2020-02-29,2020,35.96705,-86.81355,True,0,0,,0,0,0,Property Damage,Front to Rear,Daylight,Clear,Motor Vehicle-In-Transport On Same Roadway
102666954,Crashes_MPO_2020,2020-02-29,2020,35.96619,-86.80472,True,0,0,,0,0,0,Property Damage,Front to Rear,Daylight,Clear,Motor Vehicle-In-Transport On Same Roadway
102667037,Crashes_MPO_2020,2020-02-29,2020,35.99544,-86.79772,True,0,0,,0,0,0,Property Damage,"Sideswipe, Same Direction",Daylight,Clear,Motor Vehicle-In-Transport On Same Roadway
102667038,Crashes_MPO_2020,2020-02-29,2020,36.01826,-86.78648,True,0,0,,0,0,0,Property Damage,Front to Rear,Daylight,Clear,Motor Vehicle-In-Transport On Same Roadway
102667640,Crashes_MPO_2020,2020-02-29,2020,35.99781,-86.79886,True,0,0,,0,0,0,Property Damage,Angle,Dark-Lighted,Clear,Motor Vehicle-In-Transport On Same Roadway
102667641,Crashes_MPO_2020,2020-03-01,2020,35.92648,-86.8663,False,0,0,,0,0,0,Property Damage,Front to Rear,Daylight,Clear,Motor Vehicle-In-Transport On Same Roadway
102669812,Crashes_MPO_2020,2020-03-01,2020,35.94675,-86.85178,False,0,0,,0,0,0,Property Damage Under,Front to Rear,Dusk,Clear,Motor Vehicle-In-Transport On Same Roadway
102668216,Crashes_MPO_2020,2020-03-02,2020,36.02532,-86.71972,False,0,0,,0,0,0,Property Damage,HeadOn,Dark-Not Lighted,Rain,Motor Vehicle-In-Transport On Same Roadway
102668306,Crashes_MPO_2020,2020-03-02,2020,36.05389,-86.7394,False,0,0,,0,0,0,Property Damage,Angle,Daylight,Rain,Motor Vehicle-In-Transport On Same Roadway
102668310,Crashes_MPO_2020,2020-03-02,2020,35.94988,-86.75902,True,0,0,,0,0,0,Property Damage,Angle,Daylight,Rain,Motor Vehicle-In-Transport On Same Roadway
102668354,Crashes_MPO_2020,2020-03-02,2020,36.0396,-86.74344,False,0,0,,0,0,0,Property Damage,Front to Rear,Daylight,Rain,Motor Vehicle-In-Transport On Same Roadway
102668442,Crashes_MPO_2020,2020-03-02,2020,35.99531,-86.68767,False,0,0,,0,0,0,Suspected Minor Injury,Front to Rear,Daylight,Cloudy,Motor Vehicle-In-Transport On Same Roadway
102668483,Crashes_MPO_2020,2020-03-02,2020,36.04721,-86.77699,False,0,0,,0,0,0,Suspected Minor Injury,Not Collision with Motor Vehicle in Transport,Daylight,Rain,Embankment Rock/Stone/Concrete
102668489,Crashes_MPO_2020,2020-03-02,2020,35.94873,-86.81987,False,0,0,,0,0,0,Property Damage Under,"Sideswipe, Same Direction",Daylight,Rain,Motor Vehicle-In-Transport On Same Roadway
102668767,Crashes_MPO_2020,2020-03-02,2020,35.94872,-86.83189,False,0,0,,0,0,0,Property Damage,Angle,Daylight,Rain,Motor Vehicle-In-Transport On Same Roadway
102668794,Crashes_MPO_2020,2020-03-02,2020,36.02698,-86.68091,False,0,0,,0,0,0,Property Damage,Front to Rear,Daylight,Rain,Motor Vehicle-In-Transport On Same Roadway
102668805,Crashes_MPO_2020,2020-03-02,2020,35.95024,-86.81881,False,0,0,,0,0,0,Property Damage Under,Front to Rear,Dusk,Rain,Motor Vehicle-In-Transport On Same Roadway
102668862,Crashes_MPO_2020,2020-03-02,2020,36.0457,-86.72079,False,0,0,,0,0,0,Property Damage,Angle,Dark-Lighted,Rain,Motor Vehicle-In-Transport On Same Roadway
102668911,Crashes_MPO_2020,2020-03-02,2020,35.9521,-86.81808,False,0,0,,0,0,0,Property Damage,Front to Rear,Dark-Lighted,Cloudy,Motor Vehicle-In-Transport On Same Roadway
102669015,Crashes_MPO_2020,2020-03-02,2020,35.95209,-86.81805,False,0,0,,0,0,0,Property Damage,Angle,Daylight,Clear,Motor Vehicle-In-Transport On Same Roadway
102669094,Crashes_MPO_2020,2020-03-02,2020,35.94782,-86.81975,False,0,0,,0,0,0,Property Damage,"Sideswipe, Same Direction",Dark-Lighted,Cloudy,Motor Vehicle-In-Transport On Same Roadway
102669240,Crashes_MPO_2020,2020-03-03,2020,35.99773,-86.79807,True,0,0,,0,0,0,Property Damage,Front to Rear,Daylight,Cloudy,Motor Vehicle-In-Transport On Same Roadway
102669636,Crashes_MPO_2020,2020-03-03,2020,35.95366,-86.71922,False,0,0,,0,0,0,Property Damage,Not Collision with Motor Vehicle in Transport,Daylight,Clear,Bridge/Parapet End
102669715,Crashes_MPO_2020,2020-03-03,2020,36.04093,-86.72104,False,0,0,,0,0,0,Property Damage,Angle,Daylight,Clear,Motor Vehicle-In-Transport On Same Roadway
102669758,Crashes_MPO_2020,2020-03-03,2020,35.98498,-86.73968,True,0,0,,0,0,0,Suspected Minor Injury,Front to Rear,Daylight,Clear,Motor Vehicle-In-Transport On Same Roadway
102669802,Crashes_MPO_2020,2020-03-03,2020,36.02398,-86.81961,True,0,0,,0,0,0,Property Damage,Front to Rear,Dark-Lighted,Clear,Motor Vehicle-In-Transport On Same Roadway
102669879,Crashes_MPO_2020,2020-03-03,2020,36.05122,-86.71415,False,0,0,,0,0,0,Property Damage,Front to Rear,Dark-Lighted,Clear,Motor Vehicle-In-Transport On Same Roadway
102669927,Crashes_MPO_2020,2020-03-03,2020,36.03652,-86.77714,False,0,0,,0,0,0,Possible Injury,Not Collision with Motor Vehicle in Transport,Dark-Lighted,Clear,Other Fixed Object
102670052,Crashes_MPO_2020,2020-03-03,2020,35.97241,-86.67846,False,0,0,,1,0,0,Suspected Serious Injury,Other,Dark-Lighted,Clear,Motor Vehicle-In-Transport On Same Roadway
102670627,Crashes_MPO_2020,2020-03-03,2020,35.92891,-86.87519,False,0,0,,0,0,0,Property Damage,Front to Rear,Daylight,Clear,Motor Vehicle-In-Transport On Same Roadway
102670090,Crashes_MPO_2020,2020-03-04,2020,36.0457,-86.72079,False,0,0,,0,0,0,Possible Injury,Angle,Daylight,Clear,Motor Vehicle-In-Transport On Same Roadway
102670140,Crashes_MPO_2020,2020-03-04,2020,35.97776,-86.80359,True,0,0,,0,0,0,Suspected Minor Injury,Front to Rear,Daylight,Clear,Motor Vehicle-In-Transport On Same Roadway
102670185,Crashes_MPO_2020,2020-03-04,2020,36.04562,-86.71069,False,0,0,,0,0,0,Property Damage,HeadOn,Daylight,Clear,Motor Vehicle-In-Transport On Same Roadway
102670194,Crashes_MPO_2020,2020-03-04,2020,35.98534,-86.80095,True,0,0,,0,0,0,Property Damage,"Sideswipe, Same Direction",Daylight,Clear,Motor Vehicle-In-Transport On Same Roadway
102670654,Crashes_MPO_2020,2020-03-04,2020,36.03657,-86.78274,False,0,0,,0,0,0,Property Damage Under,Not Collision with Motor Vehicle in Transport,,,
102670656,Crashes_MPO_2020,2020-03-04,2020,36.05374,-86.71444,False,0,0,,0,0,0,Suspected Minor Injury,Angle,Dark-Lighted,Clear,Motor Vehicle-In-Motion Outside Trafficway
102670671,Crashes_MPO_2020,2020-03-04,2020,35.97103,-86.72644,True,0,0,,0,0,0,Property Damage,Front to Rear,Dark-Lighted,Clear,Motor Vehicle-In-Transport On Same Roadway
102670852,Crashes_MPO_2020,2020-03-04,2020,36.01842,-86.75459,True,0,0,,0,0,0,Property Damage,"Sideswipe, Opposite Direction",Dark-Not Lighted,Clear,Motor Vehicle-In-Transport On Same Roadway
102671330,Crashes_MPO_2020,2020-03-04,2020,35.99667,-86.79704,True,0,0,,0,0,0,Property Damage,Angle,Dark-Lighted,Cloudy,Motor Vehicle-In-Transport On Same Roadway
102671081,Crashes_MPO_2020,2020-03-05,2020,36.04554,-86.71147,False,0,0,,0,0,0,Property Damage Under,Not Collision with Motor Vehicle in Transport,,,
102671124,Crashes_MPO_2020,2020-03-05,2020,35.99757,-86.69086,False,0,0,,0,0,0,Property Damage,Front to Rear,Daylight,Clear,Motor Vehicle-In-Transport On Same Roadway
102671144,Crashes_MPO_2020,2020-03-05,2020,35.99516,-86.77513,True,0,0,,0,0,0,Property Damage,Front to Rear,Daylight,Cloudy,Motor Vehicle-In-Transport On Same Roadway
102671170,Crashes_MPO_2020,2020-03-05,2020,36.04544,-86.71246,False,0,0,,0,0,0,Property Damage Under,Not Collision with Motor Vehicle in Transport,,,
102671217,Crashes_MPO_2020,2020-03-05,2020,36.03608,-86.78715,True,0,0,,0,0,0,Property Damage,Angle,Daylight,Cloudy,Motor Vehicle-In-Transport On Same Roadway
102671237,Crashes_MPO_2020,2020-03-05,2020,35.96749,-86.81344,True,0,0,,0,0,0,Property Damage,Front to Rear,Daylight,Clear,Motor Vehicle-In-Transport On Same Roadway
102671239,Crashes_MPO_2020,2020-03-05,2020,35.967063,-86.80887,True,0,0,,0,0,0,Possible Injury,Front to Rear,Daylight,Clear,Motor Vehicle-In-Transport On Same Roadway
102671340,Crashes_MPO_2020,2020-03-05,2020,36.03162,-86.78968,True,0,0,,0,0,0,Property Damage,Front to Rear,Daylight,Clear,Motor Vehicle-In-Transport On Same Roadway
102671486,Crashes_MPO_2020,2020-03-05,2020,35.98576,-86.67993,False,0,0,,0,0,0,Property Damage,Front to Rear,Daylight,Clear,Motor Vehicle-In-Transport On Same Roadway
102671850,Crashes_MPO_2020,2020-03-05,2020,35.973,-86.80548,True,0,0,,0,0,0,Property Damage,Not Collision with Motor Vehicle in Transport,Dark-Lighted,Clear,Guard Rail End
102672215,Crashes_MPO_2020,2020-03-05,2020,36.0405,-86.86866,True,0,0,,0,0,0,Property Damage,Front to Rear,Daylight,Clear,Motor Vehicle-In-Transport On Same Roadway
102672373,Crashes_MPO_2020,2020-03-05,2020,35.99489,-86.77877,True,0,0,,0,0,0,Property Damage,Front to Rear,Dark-Lighted,Clear,Motor Vehicle-In-Transport On Same Roadway
102672521,Crashes_MPO_2020,2020-03-05,2020,35.92999,-86.86435,False,0,0,,0,0,0,Property Damage,Front to Rear,Dusk,Clear,Motor Vehicle-In-Transport On Same Roadway
102672145,Crashes_MPO_2020,2020-03-06,2020,36.01386,-86.71935,False,0,0,,0,0,0,Property Damage,"Sideswipe, Same Direction",Daylight,Cloudy,Motor Vehicle-In-Transport On Same Roadway
102672364,Crashes_MPO_2020,2020-03-06,2020,36.04114,-86.77621,False,0,0,,0,0,0,Property Damage,"Sideswipe, Same Direction",Daylight,Clear,Motor Vehicle-In-Transport On Same Roadway
102672456,Crashes_MPO_2020,2020-03-06,2020,36.03367,-86.81735,True,0,0,,0,0,0,Property Damage,Angle,Daylight,Clear,Motor Vehicle-In-Transport On Same Roadway
102672642,Crashes_MPO_2020,2020-03-06,2020,36.03998,-86.74291,False,0,0,,0,0,0,Property Damage,"Sideswipe, Same Direction",Daylight,Clear,Motor Vehicle-In-Transport On Same Roadway
102672662,Crashes_MPO_2020,2020-03-06,2020,36.03821,-86.8009,False,0,0,,0,0,0,Property Damage,Angle,Daylight,Clear,Motor Vehicle-In-Transport On Same Roadway
102672775,Crashes_MPO_2020,2020-03-06,2020,36.03089,-86.70668,False,0,0,,0,0,0,Suspected Minor Injury,Not Collision with Motor Vehicle in Transport,Daylight,Clear,"Over Turn, Roll Over"
102672892,Crashes_MPO_2020,2020-03-06,2020,35.96593,-86.80514,True,0,0,,0,0,0,Property Damage,Front to Rear,Daylight,Clear,Motor Vehicle-In-Transport On Same Roadway
102672906,Crashes_MPO_2020,2020-03-06,2020,35.96665,-86.8108,True,0,0,,0,0,0,Property Damage,Front to Rear,Dark-Lighted,Clear,Motor Vehicle-In-Transport On Same Roadway
102672913,Crashes_MPO_2020,2020-03-06,2020,35.95686,-86.81159,False,0,0,,0,0,0,Property Damage,Unknown,Dark-Lighted,Clear,Parked Motor Vehicle
102673066,Crashes_MPO_2020,2020-03-06,2020,35.93405,-86.81901,False,0,0,,0,0,0,Property Damage,Angle,Dark-Lighted,Clear,Motor Vehicle-In-Transport On Same Roadway
102673227,Crashes_MPO_2020,2020-03-06,2020,36.04522,-86.71664,False,0,0,,0,0,0,Property Damage Under,Not Collision with Motor Vehicle in Transport,,,
102682912,Crashes_MPO_2020,2020-03-06,2020,35.9399,-86.82045,False,0,0,,0,0,0,Property Damage Under,Rear to Rear,Daylight,Clear,Motor Vehicle-In-Transport On Same Roadway
102674383,Crashes_MPO_2020,2020-03-06,2020,35.94631,-86.8236,False,0,0,,0,0,0,Property Damage,Angle,Dark-Lighted,Clear,Motor Vehicle-In-Transport On Same Roadway
102674593,Crashes_MPO_2020,2020-03-06,2020,36.00097,-86.79444,True,0,0,,0,0,0,Property Damage,Front to Rear,Daylight,Clear,Motor Vehicle-In-Transport On Same Roadway
102673370,Crashes_MPO_2020,2020-03-07,2020,36.04146,-86.7802,False,0,0,,0,0,0,Property Damage,Angle,Daylight,Clear,Motor Vehicle-In-Transport On Same Roadway
102673457,Crashes_MPO_2020,2020-03-07,2020,36.00318,-86.74259,True,0,0,,0,0,0,Property Damage Under,Not Collision with Motor Vehicle in Transport,,,
102673473,Crashes_MPO_2020,2020-03-07,2020,36.03948,-86.78177,False,0,0,,0,0,0,Property Damage,Front to Rear,Daylight,Clear,Motor Vehicle-In-Transport On Same Roadway
102673546,Crashes_MPO_2020,2020-03-07,2020,36.03976,-86.75434,False,0,0,,0,0,0,Property Damage,Front to Rear,Daylight,Clear,Motor Vehicle-In-Transport On Same Roadway
102673882,Crashes_MPO_2020,2020-03-07,2020,35.94687,-86.85168,False,0,0,,0,0,0,Property Damage,Front to Rear,Dark-Lighted,Clear,Motor Vehicle-In-Transport On Same Roadway
102673975,Crashes_MPO_2020,2020-03-07,2020,36.04678,-86.71545,False,0,0,,0,0,0,Suspected Minor Injury,Angle,Daylight,Clear,Motor Vehicle-In-Transport On Same Roadway
102674038,Crashes_MPO_2020,2020-03-07,2020,35.95586,-86.81728,False,0,0,,0,0,0,Property Damage Under,Not Collision with Motor Vehicle in Transport,,,
102674140,Crashes_MPO_2020,2020-03-07,2020,36.04028,-86.76837,False,0,0,,0,0,0,Possible Injury,Front to Rear,Dark-Lighted,Clear,Motor Vehicle-In-Transport On Same Roadway
102674331,Crashes_MPO_2020,2020-03-08,2020,35.99297,-86.75773,True,0,0,,0,0,0,Property Damage,Not Collision with Motor Vehicle in Transport,Dark-Lighted,Clear,Other Non-Collision
102675068,Crashes_MPO_2020,2020-03-08,2020,36.0252,-86.71302,False,0,0,,0,0,0,Property Damage,Front to Rear,Dark-Lighted,Clear,Motor Vehicle-In-Transport On Same Roadway
102675231,Crashes_MPO_2020,2020-03-09,2020,36.03998,-86.7813,False,0,0,,0,0,0,Property Damage,Front to Rear,Daylight,Clear,Motor Vehicle-In-Transport On Same Roadway
102675437,Crashes_MPO_2020,2020-03-09,2020,35.98555,-86.71404,True,0,0,,0,0,0,Property Damage,Front to Rear,Daylight,Clear,Motor Vehicle-In-Transport On Same Roadway
102675647,Crashes_MPO_2020,2020-03-09,2020,35.99781,-86.79886,True,0,0,,0,0,0,Property Damage,Front to Rear,Daylight,Clear,Motor Vehicle-In-Transport On Same Roadway
102675785,Crashes_MPO_2020,2020-03-09,2020,35.99231,-86.75608,True,0,0,,0,0,0,Property Damage,Front to Rear,Daylight,Cloudy,Motor Vehicle-In-Transport On Same Roadway
102676012,Crashes_MPO_2020,2020-03-09,2020,36.05366,-86.71502,False,0,0,,0,0,0,Property Damage Under,Not Collision with Motor Vehicle in Transport,,,
102676160,Crashes_MPO_2020,2020-03-10,2020,35.99656,-86.79708,True,0,0,,0,0,0,Property Damage Under,Not Collision with Motor Vehicle in Transport,,,
102676287,Crashes_MPO_2020,2020-03-10,2020,35.95193,-86.80524,False,0,0,,0,0,0,Property Damage Under,Not Collision with Motor Vehicle in Transport,,,
102676297,Crashes_MPO_2020,2020-03-10,2020,36.02531,-86.74263,False,0,0,,0,0,0,Possible Injury,HeadOn,Daylight,Clear,Motor Vehicle-In-Transport On Same Roadway
102676332,Crashes_MPO_2020,2020-03-10,2020,36.03076,-86.78381,True,0,0,,0,0,0,Property Damage,Not Collision with Motor Vehicle in Transport,Daylight,Cloudy,Concrete Traffic Barrier
102676345,Crashes_MPO_2020,2020-03-10,2020,35.94173,-86.82104,False,0,0,,0,0,0,Property Damage,Unknown,Daylight,Cloudy,Parked Motor Vehicle
102676427,Crashes_MPO_2020,2020-03-10,2020,36.03999,-86.76563,False,0,0,,0,0,0,Property Damage,"Sideswipe, Same Direction",Daylight,Clear,Motor Vehicle-In-Transport On Same Roadway
102676540,Crashes_MPO_2020,2020-03-10,2020,35.95113,-86.81283,False,0,0,,0,0,0,Possible Injury,Front to Rear,Daylight,Cloudy,Motor Vehicle-In-Transport On Same Roadway
102676558,Crashes_MPO_2020,2020-03-10,2020,36.05366,-86.71502,False,0,0,,0,0,0,Suspected Minor Injury,Angle,Daylight,Clear,Motor Vehicle-In-Transport On Same Roadway
102676642,Crashes_MPO_2020,2020-03-10,2020,36.04084,-86.77347,False,0,0,,0,0,0,Possible Injury,Front to Rear,Daylight,Clear,Motor Vehicle-In-Transport On Same Roadway
102676659,Crashes_MPO_2020,2020-03-10,2020,36.03652,-86.80101,True,0,0,,0,0,0,Property Damage,Angle,Daylight,Clear,Motor Vehicle-In-Transport On Same Roadway
102676689,Crashes_MPO_2020,2020-03-10,2020,35.9558,-86.81304,False,0,1,,0,1,0,Possible Injury,Not Collision with Motor Vehicle in Transport,Daylight,Rain,Pedestrian
102676705,Crashes_MPO_2020,2020-03-10,2020,35.95051,-86.80467,False,0,0,,0,0,0,Property Damage Under,Angle,Daylight,Clear,Motor Vehicle-In-Transport On Same Roadway
102676767,Crashes_MPO_2020,2020-03-10,2020,36.04227,-86.82598,False,0,0,,0,0,0,Property Damage,Front to Rear,Dark-Not Lighted,Cloudy,Motor Vehicle-In-Transport On Same Roadway
102677079,Crashes_MPO_2020,2020-03-10,2020,35.95361,-86.8226,False,0,0,,0,0,0,Property Damage,Angle,Daylight,Clear,Motor Vehicle-In-Transport On Same Roadway
102677080,Crashes_MPO_2020,2020-03-10,2020,35.9407,-86.83934,False,0,0,,0,0,0,Property Damage,Front to Rear,Daylight,Clear,Motor Vehicle-In-Transport On Same Roadway
102676132,Crashes_MPO_2020,2020-03-10,2020,35.92703,-86.86845,False,0,0,,0,0,0,Property Damage,Angle,Dawn,Rain,Motor Vehicle-In-Transport On Same Roadway
102676967,Crashes_MPO_2020,2020-03-11,2020,36.04862,-86.7436,False,0,0,,0,0,0,Property Damage,Not Collision with Motor Vehicle in Transport,Dark-Lighted,Clear,Deer
102677155,Crashes_MPO_2020,2020-03-11,2020,35.95354,-86.75919,True,0,0,,0,0,0,Property Damage,Not Collision with Motor Vehicle in Transport,Daylight,Clear,Fire Hydrant
102677348,Crashes_MPO_2020,2020-03-11,2020,35.94707,-86.85377,False,0,0,,0,0,0,Property Damage Under,Front to Rear,Daylight,Cloudy,Motor Vehicle-In-Transport On Same Roadway
102677379,Crashes_MPO_2020,2020-03-11,2020,36.00817,-86.78702,True,0,0,,0,0,0,Property Damage Under,Not Collision with Motor Vehicle in Transport,,,
102677501,Crashes_MPO_2020,2020-03-11,2020,35.96518,-86.80029,True,0,0,,0,0,0,Property Damage,Angle,Daylight,Rain,Motor Vehicle-In-Transport On Same Roadway
102677556,Crashes_MPO_2020,2020-03-11,2020,35.95395,-86.81778,False,0,0,,0,0,0,Property Damage,Front to Rear,Daylight,Rain,Motor Vehicle-In-Transport On Same Roadway
102677602,Crashes_MPO_2020,2020-03-11,2020,35.99556,-86.7794,True,0,0,,0,0,0,Property Damage,Front to Rear,Daylight,Rain,Motor Vehicle-In-Transport On Same Roadway
102677664,Crashes_MPO_2020,2020-03-11,2020,35.9456,-86.82313,False,0,0,,0,0,0,Property Damage Under,Angle,Daylight,Clear,Motor Vehicle-In-Transport On Same Roadway
102677787,Crashes_MPO_2020,2020-03-11,2020,36.0405,-86.81639,False,0,0,,0,0,0,Possible Injury,Front to Rear,Dark-Not Lighted,Clear,Motor Vehicle-In-Transport On Same Roadway
102677796,Crashes_MPO_2020,2020-03-11,2020,35.974707,-86.805005,True,0,0,,0,0,0,Suspected Minor Injury,Front to Rear,Dark-Lighted,Cloudy,Motor Vehicle-In-Transport On Same Roadway
102677850,Crashes_MPO_2020,2020-03-11,2020,36.04084,-86.77347,False,0,0,,0,0,0,Possible Injury,Front to Rear,Dark-Lighted,Clear,Motor Vehicle-In-Transport On Same Roadway
102678380,Crashes_MPO_2020,2020-03-11,2020,35.96057,-86.80981,False,0,0,,0,0,0,Possible Injury,Front to Rear,Dark-Lighted,Clear,Motor Vehicle-In-Transport On Same Roadway
102678383,Crashes_MPO_2020,2020-03-11,2020,35.96721,-86.8135,True,0,0,,0,0,0,Property Damage,Angle,Daylight,Clear,Motor Vehicle-In-Transport On Same Roadway
102678413,Crashes_MPO_2020,2020-03-11,2020,35.99491,-86.82886,True,0,0,,0,0,0,Property Damage,Not Collision with Motor Vehicle in Transport,Daylight,Clear,Guard Rail Face
102678414,Crashes_MPO_2020,2020-03-11,2020,35.99491,-86.82886,True,0,0,,0,0,0,Property Damage,Not Collision with Motor Vehicle in Transport,Dark-Not Lighted,Clear,Embankment Earth
102677989,Crashes_MPO_2020,2020-03-12,2020,35.98439,-86.72434,True,0,0,,0,0,0,Property Damage Under,Not Collision with Motor Vehicle in Transport,,,
102678049,Crashes_MPO_2020,2020-03-12,2020,36.04091,-86.77938,False,0,0,,0,0,0,Property Damage,Angle,Daylight,Clear,Motor Vehicle-In-Transport On Same Roadway
102678141,Crashes_MPO_2020,2020-03-12,2020,35.99781,-86.79886,True,0,0,,0,0,0,Property Damage,Angle,Daylight,Cloudy,Motor Vehicle-In-Transport On Same Roadway
102678208,Crashes_MPO_2020,2020-03-12,2020,36.03352,-86.71298,False,0,0,,0,0,0,Property Damage,Front to Rear,Daylight,Cloudy,Motor Vehicle-In-Transport On Same Roadway
102678491,Crashes_MPO_2020,2020-03-12,2020,36.00952,-86.70168,False,0,0,,0,0,0,Property Damage,Angle,Daylight,Clear,Motor Vehicle-In-Transport On Same Roadway
102678653,Crashes_MPO_2020,2020-03-12,2020,36.03844,-86.71311,False,0,0,,0,0,0,Property Damage,Angle,Dark-Lighted,Clear,Motor Vehicle-In-Transport On Same Roadway
102678661,Crashes_MPO_2020,2020-03-12,2020,35.96944,-86.72782,True,0,0,,0,0,0,Property Damage,Not Collision with Motor Vehicle in Transport,Dark-Lighted,Clear,Deer
102678727,Crashes_MPO_2020,2020-03-12,2020,36.03157,-86.78347,True,0,0,,0,0,0,Property Damage,Front to Rear,Daylight,Clear,Motor Vehicle-In-Transport On Same Roadway
102678922,Crashes_MPO_2020,2020-03-12,2020,35.94797,-86.81906,False,0,0,,0,0,0,Property Damage,"Sideswipe, Same Direction",Dusk,Clear,Motor Vehicle-In-Transport On Same Roadway
102678923,Crashes_MPO_2020,2020-03-12,2020,35.9462,-86.80876,False,0,0,,0,0,0,Possible Injury,Angle,Dark-Lighted,Clear,Motor Vehicle-In-Transport On Same Roadway
102679332,Crashes_MPO_2020,2020-03-13,2020,36.03564,-86.78321,False,0,0,,0,0,0,Property Damage,"Sideswipe, Same Direction",Daylight,Clear,Motor Vehicle-In-Transport On Same Roadway