record_no,source_layer,collision_ts,crash_year,latitude,longitude,in_city,fatalities,non_motorists,truck_involved,serious_injuries,pedestrian,bicycle,crash_type,manner_of_collision,lighting,weather,first_harmful_event
102679562,Crashes_MPO_2020,2020-03-13,2020,35.95126,-86.80634,False,0,0,,0,0,0,Property Damage Under,Front to Rear,Dawn,Clear,Motor Vehicle-In-Transport On Same Roadway
102679593,Crashes_MPO_2020,2020-03-13,2020,35.9351,-86.81068,False,0,0,,0,0,0,Property Damage,Not Collision with Motor Vehicle in Transport,Daylight,Cloudy,Standing Tree
102679864,Crashes_MPO_2020,2020-03-13,2020,36.04534,-86.71351,False,0,0,,0,0,0,Property Damage,Front to Rear,Dark-Lighted,Clear,Motor Vehicle-In-Transport On Same Roadway
102682913,Crashes_MPO_2020,2020-03-13,2020,35.93482,-86.8255,False,0,0,,0,0,0,Property Damage Under,Rear to Rear,Daylight,Cloudy,Parked Motor Vehicle
102680316,Crashes_MPO_2020,2020-03-14,2020,36.01392,-86.71935,False,0,0,,0,0,0,Possible Injury,Front to Rear,Daylight,Rain,Motor Vehicle-In-Transport On Same Roadway
102680538,Crashes_MPO_2020,2020-03-14,2020,36.04132,-86.71284,False,0,0,,0,0,0,Property Damage,"Sideswipe, Same Direction",Daylight,Clear,Motor Vehicle-In-Transport On Same Roadway
102680539,Crashes_MPO_2020,2020-03-14,2020,36.0344,-86.74356,False,0,0,,0,0,0,Possible Injury,Angle,Daylight,Clear,Motor Vehicle-In-Transport On Same Roadway
102680597,Crashes_MPO_2020,2020-03-14,2020,35.97464,-86.77607,True,0,0,,0,0,0,Property Damage,Front to Rear,Daylight,Cloudy,Motor Vehicle-In-Transport On Same Roadway
102680677,Crashes_MPO_2020,2020-03-14,2020,36.04142,-86.77996,False,0,0,,0,0,0,Property Damage Under,Not Collision with Motor Vehicle in Transport,,,
102680729,Crashes_MPO_2020,2020-03-14,2020,36.03017,-86.78364,True,0,0,,0,0,0,Suspected Minor Injury,"Sideswipe, Same Direction",Dark-Not Lighted,Rain,Motor Vehicle-In-Transport On Same Roadway
102680774,Crashes_MPO_2020,2020-03-14,2020,36.03431,-86.78313,True,0,0,,0,0,0,Property Damage,Front to Rear,Dark-Not Lighted,Rain,Motor Vehicle-In-Transport On Same Roadway
102681629,Crashes_MPO_2020,2020-03-14,2020,36.01118,-86.7849,True,0,0,,0,0,0,Possible Injury,Not Collision with Motor Vehicle in Transport,Daylight,Cloudy,Guard Rail Face
102680919,Crashes_MPO_2020,2020-03-15,2020,36.01931,-86.74626,False,0,0,,0,0,0,Property Damage,Not Collision with Motor Vehicle in Transport,Dark-Lighted,Rain,Mail Box
102681167,Crashes_MPO_2020,2020-03-15,2020,35.94631,-86.8236,False,0,0,,0,0,0,Property Damage Under,Not Collision with Motor Vehicle in Transport,,,
102681545,Crashes_MPO_2020,2020-03-15,2020,36.03047,-86.74398,False,0,0,,0,0,0,Property Damage Under,Not Collision with Motor Vehicle in Transport,,,
102681723,Crashes_MPO_2020,2020-03-15,2020,35.94281,-86.81596,False,0,0,,0,0,0,Possible Injury,Front to Rear,Dark-Lighted,Cloudy,Motor Vehicle-In-Transport On Same Roadway
102682525,Crashes_MPO_2020,2020-03-15,2020,35.94541,-86.81505,False,0,0,,0,0,0,Suspected Minor Injury,Front to Rear,Dark-Lighted,Clear,Motor Vehicle-In-Transport On Same Roadway
102683934,Crashes_MPO_2020,2020-03-15,2020,36.01768,-86.75873,True,0,0,,0,0,0,Property Damage,Not Collision with Motor Vehicle in Transport,Dark-Not Lighted,Clear,Mail Box
102682008,Crashes_MPO_2020,2020-03-16,2020,35.98366,-86.73135,True,0,0,,0,0,0,Property Damage,Angle,Daylight,Cloudy,Motor Vehicle-In-Transport On Same Roadway
102682242,Crashes_MPO_2020,2020-03-16,2020,35.966683,-86.809149,True,0,0,,0,0,0,Property Damage,Front to Rear,Daylight,Cloudy,Motor Vehicle-In-Transport On Same Roadway
102682280,Crashes_MPO_2020,2020-03-16,2020,36.04617,-86.68409,False,0,0,,0,0,0,Possible Injury,Angle,Daylight,Cloudy,Motor Vehicle-In-Transport On Same Roadway
102682319,Crashes_MPO_2020,2020-03-16,2020,36.0269,-86.68083,False,0,0,,0,0,0,Property Damage,Front to Rear,Daylight,Cloudy,Motor Vehicle-In-Transport On Same Roadway
102682673,Crashes_MPO_2020,2020-03-17,2020,36.03983,-86.74095,False,0,0,,0,0,0,Property Damage,Angle,Daylight,Rain,Motor Vehicle-In-Transport On Same Roadway
102682914,Crashes_MPO_2020,2020-03-17,2020,35.96648,-86.81375,True,0,0,,0,0,0,Property Damage,Angle,Daylight,Clear,Motor Vehicle-In-Transport On Same Roadway
102682990,Crashes_MPO_2020,2020-03-17,2020,36.01786,-86.76749,True,0,0,,0,0,0,Property Damage Under,Not Collision with Motor Vehicle in Transport,,,
102683111,Crashes_MPO_2020,2020-03-17,2020,36.01055,-86.71975,False,0,0,,0,0,0,Suspected Minor Injury,Not Collision with Motor Vehicle in Transport,Daylight,Cloudy,"Over Turn, Roll Over"
102686558,Crashes_MPO_2020,2020-03-17,2020,35.97776,-86.80359,True,0,0,,0,0,0,Possible Injury,Front to Rear,Dark-Lighted,Clear,Motor Vehicle-In-Transport On Same Roadway
102683350,Crashes_MPO_2020,2020-03-18,2020,36.03797,-86.79777,False,0,0,,0,0,0,Property Damage Under,Not Collision with Motor Vehicle in Transport,,,
102683517,Crashes_MPO_2020,2020-03-18,2020,35.99942,-86.74316,True,0,0,,0,0,0,Suspected Minor Injury,Front to Rear,Daylight,Rain,Motor Vehicle-In-Transport On Same Roadway
102683583,Crashes_MPO_2020,2020-03-18,2020,35.96705,-86.81355,True,0,0,,0,0,0,Suspected Minor Injury,Front to Rear,Daylight,Rain,Motor Vehicle-In-Transport On Same Roadway
102683585,Crashes_MPO_2020,2020-03-18,2020,35.94584,-86.82546,False,0,0,,0,0,0,Suspected Minor Injury,Front to Rear,Daylight,Cloudy,Motor Vehicle-In-Transport On Same Roadway
102683597,Crashes_MPO_2020,2020-03-18,2020,35.92894,-86.842,False,0,0,,0,0,0,Property Damage Under,Front to Rear,Daylight,Rain,Motor Vehicle-In-Transport On Same Roadway
102683648,Crashes_MPO_2020,2020-03-18,2020,36.05277,-86.77516,False,0,0,,0,0,0,Property Damage Under,Not Collision with Motor Vehicle in Transport,,,
102683704,Crashes_MPO_2020,2020-03-18,2020,36.02691,-86.68084,False,0,0,,0,0,0,Property Damage,Not Collision with Motor Vehicle in Transport,Dark-Not Lighted,Fog,Other Non-Collision
102683741,Crashes_MPO_2020,2020-03-18,2020,36.04537,-86.71326,False,0,0,,0,0,0,Property Damage Under,Front to Rear,Dark-Lighted,Clear,Motor Vehicle-In-Transport On Same Roadway
102683811,Crashes_MPO_2020,2020-03-18,2020,35.92429,-86.80069,False,0,0,,0,0,0,Suspected Minor Injury,Front to Rear,Dark-Lighted,Cloudy,Parked Motor Vehicle
102683968,Crashes_MPO_2020,2020-03-19,2020,35.95673,-86.71335,False,0,0,,0,0,0,Property Damage,Not Collision with Motor Vehicle in Transport,Daylight,Cloudy,Fence
102683829,Crashes_MPO_2020,2020-03-19,2020,36.0401,-86.67781,False,0,0,,0,0,0,Property Damage,HeadOn,Dark-Not Lighted,Rain,Motor Vehicle-In-Transport On Same Roadway
102684238,Crashes_MPO_2020,2020-03-19,2020,35.99197,-86.79867,True,0,0,,0,0,0,Property Damage,Not Collision with Motor Vehicle in Transport,Dark-Not Lighted,Clear,Other Object
102684620,Crashes_MPO_2020,2020-03-20,2020,36.0404,-86.74358,False,0,0,,0,0,0,Property Damage Under,Rear to Rear,Daylight,Rain,Parked Motor Vehicle
102684841,Crashes_MPO_2020,2020-03-20,2020,36.03175,-86.78961,True,0,0,,0,0,0,Property Damage,Angle,Daylight,Rain,Motor Vehicle-In-Transport On Same Roadway
102684899,Crashes_MPO_2020,2020-03-20,2020,35.97878,-86.75282,True,0,0,,0,0,0,Property Damage,Not Collision with Motor Vehicle in Transport,Dark-Lighted,Cloudy,Standing Tree
102684981,Crashes_MPO_2020,2020-03-20,2020,36.04124,-86.82171,False,0,0,,0,0,0,Property Damage,Not Collision with Motor Vehicle in Transport,Dark-Not Lighted,Clear,Ditch
102685845,Crashes_MPO_2020,2020-03-20,2020,35.96471,-86.81499,True,0,0,,0,0,0,Property Damage,Angle,Daylight,Rain,Motor Vehicle-In-Transport On Same Roadway
102685337,Crashes_MPO_2020,2020-03-21,2020,35.99129,-86.7608,True,0,0,,0,0,0,Property Damage,Not Collision with Motor Vehicle in Transport,Dark-Not Lighted,Clear,Mail Box
102685414,Crashes_MPO_2020,2020-03-21,2020,36.03733,-86.71027,False,0,0,,0,0,0,Property Damage,Not Collision with Motor Vehicle in Transport,Dark-Lighted,Clear,Impact Atten. Crash Cushion
102685576,Crashes_MPO_2020,2020-03-22,2020,36.04528,-86.7141,False,0,0,,0,0,0,Property Damage,"Sideswipe, Same Direction",Daylight,Clear,Motor Vehicle-In-Transport On Same Roadway
102685667,Crashes_MPO_2020,2020-03-22,2020,36.03926,-86.78276,False,0,0,,0,0,0,Property Damage,Not Collision with Motor Vehicle in Transport,Daylight,Rain,Other Object
102685806,Crashes_MPO_2020,2020-03-22,2020,35.98068,-86.84317,False,0,0,,0,0,0,Property Damage,Not Collision with Motor Vehicle in Transport,Dark-Not Lighted,Rain,Highway Traffic Sign Post
102685820,Crashes_MPO_2020,2020-03-23,2020,36.04599,-86.8567,False,0,0,,0,0,0,Property Damage,Not Collision with Motor Vehicle in Transport,Daylight,Clear,Deer
102685832,Crashes_MPO_2020,2020-03-23,2020,36.0453,-86.70168,False,0,0,,0,0,0,Suspected Minor Injury,Angle,Dark-Lighted,Rain,Motor Vehicle-In-Transport On Same Roadway
102685938,Crashes_MPO_2020,2020-03-23,2020,36.03268,-86.78358,True,0,0,,0,0,0,Property Damage,Not Collision with Motor Vehicle in Transport,Daylight,Rain,Concrete Traffic Barrier
102686071,Crashes_MPO_2020,2020-03-23,2020,35.932,-86.80177,False,0,0,,0,0,0,Property Damage,Angle,Daylight,Clear,Motor Vehicle-In-Transport On Same Roadway
102686354,Crashes_MPO_2020,2020-03-24,2020,36.04201,-86.8162,False,0,0,,0,0,0,Suspected Minor Injury,Not Collision with Motor Vehicle in Transport,Daylight,Rain,Standing Tree
102686374,Crashes_MPO_2020,2020-03-24,2020,35.92908,-86.85628,False,0,0,,0,0,0,Suspected Minor Injury,Not Collision with Motor Vehicle in Transport,Daylight,Cloudy,Bridge/Pier Abutment
102687433,Crashes_MPO_2020,2020-03-24,2020,36.02106,-86.78735,True,0,0,,0,0,0,Suspected Minor Injury,"Sideswipe, Same Direction",Daylight,Rain,Motor Vehicle-In-Transport On Same Roadway
102686765,Crashes_MPO_2020,2020-03-25,2020,35.9524,-86.682,False,0,0,,0,0,0,Property Damage,Not Collision with Motor Vehicle in Transport,Daylight,Clear,Standing Tree
102686798,Crashes_MPO_2020,2020-03-25,2020,35.93407,-86.81875,False,0,0,,0,0,0,Suspected Minor Injury,Angle,Daylight,Clear,Motor Vehicle-In-Transport On Same Roadway
102687135,Crashes_MPO_2020,2020-03-25,2020,35.97666,-86.764,True,1,1,,0,0,0,Fatal,Not Collision with Motor Vehicle in Transport,Dusk,Clear,Embankment Earth
102687313,Crashes_MPO_2020,2020-03-27,2020,36.02583,-86.72072,False,0,0,,0,0,0,Property Damage,Not Collision with Motor Vehicle in Transport,Dark-Unknown Lighting,Clear,Mail Box
102687370,Crashes_MPO_2020,2020-03-27,2020,36.04411,-86.71312,False,0,0,,0,0,0,Property Damage,"Sideswipe, Same Direction",Daylight,Cloudy,Motor Vehicle-In-Transport On Same Roadway
102687455,Crashes_MPO_2020,2020-03-27,2020,35.92321,-86.87307,False,0,0,,0,0,0,Property Damage Under,Front to Rear,Daylight,Cloudy,Motor Vehicle-In-Transport On Same Roadway
102687458,Crashes_MPO_2020,2020-03-27,2020,35.94791,-86.81995,False,0,0,,0,0,0,Property Damage Under,Front to Rear,Daylight,Cloudy,Motor Vehicle-In-Transport On Same Roadway
102687493,Crashes_MPO_2020,2020-03-27,2020,36.05022,-86.714,False,0,0,,0,0,0,Property Damage Under,Front to Rear,Daylight,Clear,Motor Vehicle-In-Transport On Same Roadway
102687537,Crashes_MPO_2020,2020-03-27,2020,35.94875,-86.81966,False,0,0,,0,0,0,Suspected Minor Injury,Angle,Daylight,Cloudy,Motor Vehicle-In-Transport On Same Roadway
102687730,Crashes_MPO_2020,2020-03-28,2020,36.03795,-86.78644,False,0,0,,0,0,0,Property Damage,"Sideswipe, Same Direction",Daylight,Clear,Motor Vehicle-In-Transport On Same Roadway
102687789,Crashes_MPO_2020,2020-03-28,2020,36.04522,-86.71479,False,0,0,,0,0,0,Possible Injury,Angle,Daylight,Cloudy,Motor Vehicle-In-Transport On Same Roadway
102687985,Crashes_MPO_2020,2020-03-29,2020,36.00914,-86.78046,True,0,0,,0,0,0,Property Damage,Not Collision with Motor Vehicle in Transport,Dark-Lighted,Rain,Other Object
102688295,Crashes_MPO_2020,2020-03-29,2020,35.97471,-86.80489,True,0,0,,0,0,0,Property Damage,Front to Rear,Dark-Lighted,Clear,Motor Vehicle-In-Transport On Same Roadway
102688300,Crashes_MPO_2020,2020-03-29,2020,36.04007,-86.70294,False,0,0,,0,0,0,Property Damage,Not Collision with Motor Vehicle in Transport,Dark-Lighted,Clear,Fire Hydrant
102688571,Crashes_MPO_2020,2020-03-29,2020,35.92641,-86.82447,False,0,0,,0,0,0,Property Damage Under,Angle,Daylight,Clear,Motor Vehicle-In-Transport On Same Roadway
102688590,Crashes_MPO_2020,2020-03-29,2020,36.03844,-86.70714,False,0,0,,0,0,0,Property Damage,Front to Rear,Dark-Lighted,Clear,Parked Motor Vehicle
102688382,Crashes_MPO_2020,2020-03-30,2020,36.03758,-86.78511,False,0,0,,0,0,0,Property Damage,Angle,Daylight,Clear,Motor Vehicle-In-Transport On Same Roadway
102688483,Crashes_MPO_2020,2020-03-30,2020,36.04827,-86.86622,False,0,0,,0,0,0,Property Damage,Front to Rear,Daylight,Clear,Motor Vehicle-In-Transport On Same Roadway
102688546,Crashes_MPO_2020,2020-03-30,2020,36.0454,-86.70315,False,0,0,,0,0,0,Property Damage,Front to Rear,Dark-Lighted,Clear,Motor Vehicle-In-Transport On Same Roadway
102688565,Crashes_MPO_2020,2020-03-30,2020,35.96593,-86.80793,False,0,0,,0,0,0,Property Damage,Angle,Daylight,Clear,Motor Vehicle-In-Transport On Same Roadway
102688913,Crashes_MPO_2020,2020-03-30,2020,35.95145,-86.81296,False,0,0,,0,0,0,Suspected Minor Injury,Front to Rear,Daylight,Clear,Motor Vehicle-In-Transport On Same Roadway
102688768,Crashes_MPO_2020,2020-03-31,2020,35.93501,-86.8252,False,0,0,,0,0,0,Property Damage,Unknown,Unknown,Cloudy,Motor Vehicle-In-Transport On Same Roadway
102689103,Crashes_MPO_2020,2020-04-01,2020,36.04125,-86.71266,False,0,0,,0,0,0,Suspected Minor Injury,Front to Rear,Daylight,Clear,Motor Vehicle-In-Transport On Same Roadway
102689178,Crashes_MPO_2020,2020-04-01,2020,36.05151,-86.71436,False,0,0,,0,0,0,Property Damage Under,Not Collision with Motor Vehicle in Transport,,,
102689182,Crashes_MPO_2020,2020-04-01,2020,36.05151,-86.71436,False,0,0,,0,0,0,Possible Injury,Angle,Dark-Lighted,Clear,Motor Vehicle-In-Transport On Same Roadway
102689183,Crashes_MPO_2020,2020-04-01,2020,35.96721,-86.8135,True,0,0,,0,0,0,Possible Injury,Angle,Dark-Lighted,Clear,Motor Vehicle-In-Transport On Same Roadway
102689298,Crashes_MPO_2020,2020-04-01,2020,35.94489,-86.82843,False,0,0,,0,0,0,Property Damage,Angle,Dusk,Clear,Parked Motor Vehicle
102690582,Crashes_MPO_2020,2020-04-01,2020,35.97889,-86.80319,True,0,0,,0,0,0,Property Damage,"Sideswipe, Same Direction",Daylight,Clear,Motor Vehicle-In-Transport On Same Roadway
102689322,Crashes_MPO_2020,2020-04-02,2020,36.03812,-86.7998,False,0,0,,0,0,0,Property Damage,"Sideswipe, Same Direction",Daylight,Clear,Motor Vehicle-In-Transport On Same Roadway
102690839,Crashes_MPO_2020,2020-04-02,2020,35.95218,-86.68057,False,0,0,,0,0,0,Property Damage,Not Collision with Motor Vehicle in Transport,Dark-Not Lighted,Cloudy,Guard Rail End
102689539,Crashes_MPO_2020,2020-04-03,2020,35.94724,-86.68951,False,0,0,,0,0,0,Property Damage Under,Not Collision with Motor Vehicle in Transport,,,
102689639,Crashes_MPO_2020,2020-04-03,2020,35.966741,-86.80906,True,0,0,,0,0,0,Property Damage Under,Not Collision with Motor Vehicle in Transport,,,
102689844,Crashes_MPO_2020,2020-04-03,2020,35.96982,-86.72188,True,0,0,,0,0,0,Property Damage,Not Collision with Motor Vehicle in Transport,Daylight,Clear,Deer
102689878,Crashes_MPO_2020,2020-04-04,2020,36.041,-86.74372,False,0,0,,0,0,0,Possible Injury,Not Collision with Motor Vehicle in Transport,Daylight,Clear,"Over Turn, Roll Over"
102690236,Crashes_MPO_2020,2020-04-05,2020,35.96522,-86.79641,True,0,0,,0,0,0,Property Damage,Angle,Daylight,Clear,Motor Vehicle-In-Transport On Same Roadway
102690252,Crashes_MPO_2020,2020-04-05,2020,35.98895,-86.73317,True,0,0,,0,0,0,Property Damage,Not Collision with Motor Vehicle in Transport,Daylight,Clear,Culvert
102690286,Crashes_MPO_2020,2020-04-05,2020,35.94798,-86.81714,False,0,0,,0,0,0,Suspected Minor Injury,Angle,Daylight,Clear,Motor Vehicle-In-Transport On Same Roadway
102690292,Crashes_MPO_2020,2020-04-05,2020,35.94706,-86.82183,False,0,0,,0,0,0,Property Damage,Angle,Daylight,Clear,Motor Vehicle-In-Transport On Same Roadway
102690442,Crashes_MPO_2020,2020-04-06,2020,36.03649,-86.80034,True,0,0,,0,0,0,Property Damage,Not Collision with Motor Vehicle in Transport,Daylight,Clear,Luminaire Light Support
102690475,Crashes_MPO_2020,2020-04-06,2020,35.94297,-86.73902,True,0,0,,0,0,0,Property Damage,Rear to Rear,Daylight,Clear,Parked Motor Vehicle
102690505,Crashes_MPO_2020,2020-04-06,2020,36.0255,-86.7143,False,0,0,,0,0,0,Suspected Minor Injury,Not Collision with Motor Vehicle in Transport,Daylight,Clear,Standing Tree
102692849,Crashes_MPO_2020,2020-04-06,2020,35.94792,-86.69909,False,0,0,,0,0,0,Property Damage,Not Collision with Motor Vehicle in Transport,Daylight,Clear,Ditch
102690612,Crashes_MPO_2020,2020-04-07,2020,36.03972,-86.75805,False,0,0,,0,0,0,Possible Injury,Not Collision with Motor Vehicle in Transport,Daylight,Clear,Standing Tree
102690927,Crashes_MPO_2020,2020-04-08,2020,35.92985,-86.82417,False,0,0,,0,0,0,Property Damage,Front to Rear,Daylight,Cloudy,Motor Vehicle-In-Transport On Same Roadway
102691003,Crashes_MPO_2020,2020-04-08,2020,35.96798,-86.81833,True,0,0,,0,0,0,Property Damage,Angle,Daylight,Clear,Motor Vehicle-In-Transport On Same Roadway
102691048,Crashes_MPO_2020,2020-04-08,2020,35.95721,-86.84339,False,0,0,,0,0,0,Property Damage,Front to Rear,Dark-Lighted,Clear,Motor Vehicle-In-Transport On Same Roadway
102691069,Crashes_MPO_2020,2020-04-08,2020,36.04258,-86.70048,False,0,0,,0,0,0,Possible Injury,HeadOn,Dark-Not Lighted,Rain,Motor Vehicle-In-Transport On Same Roadway
102691085,Crashes_MPO_2020,2020-04-08,2020,36.02461,-86.74349,False,0,0,,0,0,0,Property Damage,Not Collision with Motor Vehicle in Transport,Dark-Not Lighted,Rain,Guard Rail Face
102691247,Crashes_MPO_2020,2020-04-08,2020,36.03641,-86.81069,True,0,0,,0,0,0,Property Damage,Angle,Daylight,Clear,Motor Vehicle-In-Transport On Same Roadway
102691922,Crashes_MPO_2020,2020-04-09,2020,36.04542,-86.71835,False,0,0,,0,0,0,Property Damage,Angle,Daylight,Clear,Motor Vehicle-In-Transport On Same Roadway
102691218,Crashes_MPO_2020,2020-04-09,2020,36.04653,-86.68335,False,0,0,,0,0,0,Property Damage,Front to Rear,Daylight,Clear,Motor Vehicle-In-Transport On Same Roadway
102691307,Crashes_MPO_2020,2020-04-09,2020,35.99156,-86.79881,True,0,0,,0,0,0,Property Damage,"Sideswipe, Same Direction",Daylight,Clear,Motor Vehicle-In-Transport On Same Roadway
102691315,Crashes_MPO_2020,2020-04-09,2020,35.97824,-86.7572,True,0,0,,0,0,0,Property Damage,Not Collision with Motor Vehicle in Transport,Daylight,Cloudy,Standing Tree
102691344,Crashes_MPO_2020,2020-04-09,2020,36.04689,-86.67938,False,0,0,,0,0,0,Property Damage,Front to Rear,Daylight,Clear,Motor Vehicle-In-Transport On Same Roadway
102691381,Crashes_MPO_2020,2020-04-10,2020,36.05282,-86.68747,False,0,0,,0,0,0,Property Damage,Not Collision with Motor Vehicle in Transport,Dark-Lighted,Clear,Other Non-Collision
102691439,Crashes_MPO_2020,2020-04-10,2020,36.04484,-86.68644,False,0,0,,1,0,0,Suspected Serious Injury,Angle,Daylight,Clear,Motor Vehicle-In-Transport On Same Roadway
102691440,Crashes_MPO_2020,2020-04-10,2020,35.96705,-86.81355,True,0,0,,0,0,0,Property Damage,"Sideswipe, Same Direction",Daylight,Clear,Motor Vehicle-In-Transport On Same Roadway
102691481,Crashes_MPO_2020,2020-04-10,2020,35.9667,-86.81121,True,0,0,,0,0,0,Property Damage Under,Not Collision with Motor Vehicle in Transport,,,
102691541,Crashes_MPO_2020,2020-04-10,2020,36.03669,-86.79086,True,0,0,,0,0,0,Property Damage,Angle,Daylight,Clear,Motor Vehicle-In-Transport On Same Roadway
102691577,Crashes_MPO_2020,2020-04-10,2020,36.05084,-86.7181,False,0,0,,0,0,0,Suspected Minor Injury,Front to Rear,Daylight,Clear,Motor Vehicle-In-Transport On Same Roadway
102691607,Crashes_MPO_2020,2020-04-10,2020,36.0344,-86.74356,False,0,0,,0,0,0,Possible Injury,Angle,Daylight,Clear,Motor Vehicle-In-Transport On Same Roadway
102691657,Crashes_MPO_2020,2020-04-10,2020,36.04025,-86.76837,False,0,0,,0,0,0,Suspected Minor Injury,Angle,Daylight,Clear,Motor Vehicle-In-Transport On Same Roadway
102691742,Crashes_MPO_2020,2020-04-11,2020,36.04001,-86.74347,False,0,0,,0,0,0,Possible Injury,Angle,Dark-Lighted,Clear,Motor Vehicle-In-Transport On Same Roadway
102691842,Crashes_MPO_2020,2020-04-11,2020,35.9436,-86.82023,False,0,0,,0,0,0,Property Damage,Other,Daylight,Clear,Motor Vehicle-In-Transport On Same Roadway
102692156,Crashes_MPO_2020,2020-04-12,2020,35.92373,-86.82261,False,0,0,,0,0,0,Property Damage,Not Collision with Motor Vehicle in Transport,Daylight,Rain,Concrete Traffic Barrier
102692430,Crashes_MPO_2020,2020-04-13,2020,35.98705,-86.80769,True,0,0,,0,0,0,Property Damage,Angle,Daylight,Clear,Motor Vehicle-In-Transport On Same Roadway
102692538,Crashes_MPO_2020,2020-04-13,2020,36.02492,-86.86444,False,0,0,,0,0,0,Property Damage,"Sideswipe, Opposite Direction",Daylight,Clear,Motor Vehicle-In-Transport On Same Roadway
102692887,Crashes_MPO_2020,2020-04-15,2020,36.04543,-86.70361,False,0,0,,0,0,0,Possible Injury,Angle,Daylight,Clear,Motor Vehicle-In-Transport On Same Roadway
102692894,Crashes_MPO_2020,2020-04-15,2020,36.04518,-86.73221,False,0,0,,0,0,0,Property Damage,"Sideswipe, Same Direction",Dark-Lighted,Unknown,Parked Motor Vehicle
102692908,Crashes_MPO_2020,2020-04-15,2020,35.92633,-86.78412,False,0,0,,0,0,0,Property Damage,Not Collision with Motor Vehicle in Transport,Daylight,Clear,Mail Box
102692928,Crashes_MPO_2020,2020-04-15,2020,35.96906,-86.70415,True,0,0,,0,0,0,Property Damage,Rear to Side,Daylight,Clear,Parked Motor Vehicle
102692932,Crashes_MPO_2020,2020-04-15,2020,36.04408,-86.71312,False,0,0,,0,0,0,Property Damage,Front to Rear,Daylight,Clear,Motor Vehicle-In-Transport On Same Roadway
102692964,Crashes_MPO_2020,2020-04-15,2020,36.04393,-86.6933,False,0,0,,0,0,0,Property Damage,Not Collision with Motor Vehicle in Transport,Daylight,Clear,Utility Pole
102692973,Crashes_MPO_2020,2020-04-15,2020,36.04547,-86.7122,False,0,0,,0,0,0,Property Damage,Angle,Daylight,Clear,Motor Vehicle-In-Transport On Same Roadway
102693077,Crashes_MPO_2020,2020-04-15,2020,35.93731,-86.87881,False,0,0,,0,0,0,Property Damage,Front to Rear,Daylight,Clear,Motor Vehicle-In-Transport On Same Roadway
102693147,Crashes_MPO_2020,2020-04-16,2020,35.92957,-86.84187,False,0,0,,0,0,0,Suspected Minor Injury,Not Collision with Motor Vehicle in Transport,Daylight,Clear,Curb