record_no,source_layer,collision_ts,crash_year,latitude,longitude,in_city,fatalities,non_motorists,truck_involved,serious_injuries,pedestrian,bicycle,crash_type,manner_of_collision,lighting,weather,first_harmful_event
102693162,Crashes_MPO_2020,2020-04-16,2020,36.0496,-86.74414,False,0,0,,0,0,0,Property Damage,Angle,Daylight,Clear,Motor Vehicle-In-Transport On Same Roadway
102693282,Crashes_MPO_2020,2020-04-16,2020,35.94967,-86.81918,False,0,0,,0,0,0,Possible Injury,Not Collision with Motor Vehicle in Transport,Daylight,Clear,Other Non-Collision
102693305,Crashes_MPO_2020,2020-04-16,2020,36.04562,-86.7199,False,0,0,,0,0,0,Property Damage,Front to Rear,Daylight,Clear,Motor Vehicle-In-Transport On Same Roadway
102693524,Crashes_MPO_2020,2020-04-17,2020,36.02564,-86.71128,False,0,0,,0,0,0,Property Damage,HeadOn,Daylight,Clear,Motor Vehicle-In-Transport On Same Roadway
102693679,Crashes_MPO_2020,2020-04-17,2020,36.03228,-86.78338,True,0,0,,0,0,0,Property Damage,Not Collision with Motor Vehicle in Transport,Dark-Not Lighted,Rain,Concrete Traffic Barrier
102693717,Crashes_MPO_2020,2020-04-17,2020,35.97334,-86.83305,True,0,0,,0,0,0,Property Damage,Angle,Daylight,Clear,Motor Vehicle-In-Transport On Same Roadway
102694417,Crashes_MPO_2020,2020-04-17,2020,36.0106,-86.86187,False,0,0,,0,0,0,Possible Injury,Not Collision with Motor Vehicle in Transport,Daylight,Cloudy,Standing Tree
102694040,Crashes_MPO_2020,2020-04-18,2020,36.04574,-86.72527,False,0,0,,0,0,0,Property Damage,Front to Rear,Daylight,Clear,Motor Vehicle-In-Transport On Same Roadway
102694011,Crashes_MPO_2020,2020-04-19,2020,36.05248,-86.6922,False,0,0,,0,0,0,Property Damage,Not Collision with Motor Vehicle in Transport,Dark-Lighted,Clear,Mail Box
102694020,Crashes_MPO_2020,2020-04-19,2020,36.04872,-86.69271,False,0,0,,0,0,0,Property Damage,Not Collision with Motor Vehicle in Transport,Dark-Unknown Lighting,Clear,Other Non-Collision
102694088,Crashes_MPO_2020,2020-04-19,2020,36.05283,-86.67832,False,0,0,,0,0,0,Property Damage,Angle,Daylight,Clear,Motor Vehicle-In-Transport On Same Roadway
102694175,Crashes_MPO_2020,2020-04-19,2020,36.04322,-86.7818,False,0,0,,0,0,0,Property Damage,Not Collision with Motor Vehicle in Transport,Daylight,Rain,Ditch
102694245,Crashes_MPO_2020,2020-04-19,2020,36.05151,-86.71436,False,0,0,,0,0,0,Property Damage Under,Front to Rear,Dark-Lighted,Rain,Motor Vehicle-In-Transport On Same Roadway
102694502,Crashes_MPO_2020,2020-04-20,2020,35.92648,-86.8663,False,0,0,,0,0,0,Property Damage,Front to Rear,Daylight,Clear,Motor Vehicle-In-Transport On Same Roadway
102694598,Crashes_MPO_2020,2020-04-20,2020,36.03256,-86.71136,False,0,0,,0,0,0,Property Damage,Not Collision with Motor Vehicle in Transport,Dark-Lighted,Clear,Fence
102694745,Crashes_MPO_2020,2020-04-21,2020,36.01278,-86.80086,True,0,0,,0,0,0,Property Damage,"Sideswipe, Same Direction",Daylight,Clear,Motor Vehicle-In-Transport On Same Roadway
102694759,Crashes_MPO_2020,2020-04-21,2020,35.94664,-86.81957,False,0,0,,0,0,0,Property Damage Under,Front to Rear,Daylight,Clear,Motor Vehicle-In-Transport On Same Roadway
102694788,Crashes_MPO_2020,2020-04-21,2020,35.92364,-86.76698,False,0,0,,0,0,0,Property Damage,Front to Rear,Daylight,Clear,Motor Vehicle-In-Transport On Same Roadway
102694808,Crashes_MPO_2020,2020-04-21,2020,35.94612,-86.82346,False,0,0,,0,0,0,Property Damage,Front to Rear,Daylight,Clear,Motor Vehicle-In-Transport On Same Roadway
102694848,Crashes_MPO_2020,2020-04-21,2020,35.93298,-86.78238,False,0,0,,0,0,0,Property Damage,Front to Rear,Daylight,Clear,Motor Vehicle-In-Transport On Same Roadway
102694888,Crashes_MPO_2020,2020-04-21,2020,36.04545,-86.70396,False,0,0,,0,0,0,Property Damage,Angle,Daylight,Clear,Motor Vehicle-In-Transport On Same Roadway
102695227,Crashes_MPO_2020,2020-04-21,2020,36.04469,-86.72475,False,0,0,,0,0,0,Property Damage,Front to Rear,Daylight,Clear,Motor Vehicle-In-Transport On Same Roadway
102696659,Crashes_MPO_2020,2020-04-21,2020,35.96509,-86.81626,True,0,0,,0,0,0,Property Damage,Angle,Daylight,Clear,Motor Vehicle-In-Transport On Same Roadway
102694975,Crashes_MPO_2020,2020-04-22,2020,36.04479,-86.72487,False,0,0,,0,0,0,Property Damage,Angle,Daylight,Clear,Motor Vehicle-In-Transport On Same Roadway
102695145,Crashes_MPO_2020,2020-04-22,2020,36.04537,-86.71326,False,0,0,,0,0,0,Possible Injury,Front to Rear,Dark-Lighted,Rain,Motor Vehicle-In-Transport On Same Roadway
102695152,Crashes_MPO_2020,2020-04-22,2020,36.048,-86.69331,False,0,0,,0,0,0,Property Damage,Other,Dark-Lighted,Rain,Motor Vehicle-In-Transport On Same Roadway
102695267,Crashes_MPO_2020,2020-04-23,2020,35.95789,-86.80257,False,0,0,,0,0,0,Property Damage Under,Front to Rear,Daylight,Cloudy,Motor Vehicle-In-Transport On Same Roadway
102695280,Crashes_MPO_2020,2020-04-23,2020,36.04467,-86.71318,False,0,0,,0,0,0,Possible Injury,Front to Rear,Daylight,Cloudy,Motor Vehicle-In-Transport On Same Roadway
102695399,Crashes_MPO_2020,2020-04-23,2020,36.03252,-86.70809,False,0,0,,0,0,0,Property Damage,Angle,Daylight,Clear,Motor Vehicle-In-Transport On Same Roadway
102695564,Crashes_MPO_2020,2020-04-24,2020,36.04074,-86.72049,False,0,0,,0,0,0,Property Damage,"Sideswipe, Opposite Direction",Dark-Not Lighted,Clear,Motor Vehicle-In-Transport On Same Roadway
102695649,Crashes_MPO_2020,2020-04-24,2020,36.00987,-86.70189,False,0,0,,0,0,0,Property Damage,Front to Rear,Daylight,Clear,Motor Vehicle-In-Transport On Same Roadway
102695673,Crashes_MPO_2020,2020-04-24,2020,35.99781,-86.79886,True,0,0,,0,0,0,Property Damage,Front to Rear,Daylight,Clear,Motor Vehicle-In-Transport On Same Roadway
102695818,Crashes_MPO_2020,2020-04-24,2020,36.04854,-86.73798,False,0,0,,0,0,0,Property Damage,"Sideswipe, Same Direction",Daylight,Clear,Parked Motor Vehicle
102696104,Crashes_MPO_2020,2020-04-25,2020,36.03913,-86.78373,False,0,0,,0,0,0,Suspected Minor Injury,Not Collision with Motor Vehicle in Transport,Daylight,Rain,"Over Turn, Roll Over"
102696108,Crashes_MPO_2020,2020-04-25,2020,36.04219,-86.7033,False,0,0,,0,0,0,Property Damage,Not Collision with Motor Vehicle in Transport,Daylight,Clear,Guard Rail Face
102696109,Crashes_MPO_2020,2020-04-25,2020,36.0343,-86.79174,True,0,0,,0,0,0,Property Damage,Angle,Daylight,Rain,Motor Vehicle-In-Transport On Same Roadway
102696120,Crashes_MPO_2020,2020-04-25,2020,35.99551,-86.77887,True,0,0,,0,0,0,Property Damage Under,Not Collision with Motor Vehicle in Transport,,,
102696235,Crashes_MPO_2020,2020-04-25,2020,36.0249,-86.74237,False,0,0,,0,0,0,Property Damage Under,Not Collision with Motor Vehicle in Transport,,,
102696257,Crashes_MPO_2020,2020-04-25,2020,35.93215,-86.79441,False,0,0,,0,0,0,Suspected Minor Injury,"Sideswipe, Same Direction",Daylight,Rain,Motor Vehicle-In-Transport On Same Roadway
102696266,Crashes_MPO_2020,2020-04-25,2020,36.05384,-86.71496,False,0,0,,0,0,0,Possible Injury,Front to Rear,Dark-Lighted,Clear,Motor Vehicle-In-Transport On Same Roadway
102697799,Crashes_MPO_2020,2020-04-25,2020,35.93327,-86.8619,False,0,0,,0,0,0,Property Damage,Front to Rear,Daylight,Rain,Motor Vehicle-In-Transport On Same Roadway
102696550,Crashes_MPO_2020,2020-04-26,2020,35.96481,-86.70635,True,0,0,,0,0,0,Property Damage,Not Collision with Motor Vehicle in Transport,Dark-Not Lighted,Clear,Other Animal
102696642,Crashes_MPO_2020,2020-04-27,2020,35.966756,-86.809071,True,0,0,,0,0,0,Property Damage,Front to Rear,Daylight,Clear,Motor Vehicle-In-Transport On Same Roadway
102697028,Crashes_MPO_2020,2020-04-28,2020,36.03363,-86.78104,True,0,0,,0,0,0,Property Damage,Not Collision with Motor Vehicle in Transport,Daylight,Cloudy,Other Object
102697152,Crashes_MPO_2020,2020-04-28,2020,35.98228,-86.74326,True,0,0,,0,0,0,Property Damage,Front to Rear,Daylight,Clear,Motor Vehicle-In-Transport On Same Roadway
102697343,Crashes_MPO_2020,2020-04-28,2020,36.04306,-86.69123,False,0,0,,0,0,0,Suspected Minor Injury,Angle,Dark-Lighted,Clear,Motor Vehicle-In-Transport On Same Roadway
102697622,Crashes_MPO_2020,2020-04-28,2020,35.9476,-86.81992,False,0,0,,0,0,0,Possible Injury,"Sideswipe, Same Direction",Dusk,Clear,Motor Vehicle-In-Transport On Same Roadway
102698313,Crashes_MPO_2020,2020-04-28,2020,35.96721,-86.8135,True,0,0,,0,0,0,Property Damage,"Sideswipe, Same Direction",Daylight,Clear,Motor Vehicle-In-Transport On Same Roadway
102697476,Crashes_MPO_2020,2020-04-29,2020,35.93219,-86.79405,False,0,0,,0,0,0,Property Damage Under,"Sideswipe, Same Direction",Daylight,Clear,Motor Vehicle-In-Transport On Same Roadway
102697840,Crashes_MPO_2020,2020-04-30,2020,35.94675,-86.85178,False,0,0,,0,0,0,Property Damage Under,Front to Rear,Daylight,Clear,Motor Vehicle-In-Transport On Same Roadway
102697855,Crashes_MPO_2020,2020-04-30,2020,36.04716,-86.71175,False,0,0,,0,0,0,Property Damage Under,Angle,Daylight,Cloudy,Motor Vehicle-In-Transport On Same Roadway
102697883,Crashes_MPO_2020,2020-04-30,2020,35.99381,-86.76074,True,0,0,,0,0,0,Property Damage,Front to Rear,Daylight,Cloudy,Motor Vehicle-In-Transport On Same Roadway
102697901,Crashes_MPO_2020,2020-04-30,2020,35.96553,-86.80069,True,0,0,,0,0,0,Property Damage,Front to Rear,Daylight,Clear,Motor Vehicle-In-Transport On Same Roadway
102697962,Crashes_MPO_2020,2020-04-30,2020,35.98116,-86.82063,True,0,0,,0,0,0,Property Damage,HeadOn,Daylight,Clear,Motor Vehicle-In-Transport On Same Roadway
102697991,Crashes_MPO_2020,2020-04-30,2020,35.93215,-86.79441,False,0,0,,0,0,0,Property Damage,Angle,Daylight,Cloudy,Motor Vehicle-In-Transport On Same Roadway
102698091,Crashes_MPO_2020,2020-04-30,2020,35.93666,-86.8291,False,0,0,,1,0,0,Suspected Serious Injury,Not Collision with Motor Vehicle in Transport,Dark-Lighted,Clear,Curb
102698230,Crashes_MPO_2020,2020-05-01,2020,35.95056,-86.81881,False,0,0,,0,0,0,Property Damage,Angle,Daylight,Clear,Motor Vehicle-In-Transport On Same Roadway
102698377,Crashes_MPO_2020,2020-05-01,2020,36.04899,-86.71371,False,0,0,,0,0,0,Suspected Minor Injury,Front to Rear,Daylight,Clear,Motor Vehicle-In-Transport On Same Roadway
102698698,Crashes_MPO_2020,2020-05-02,2020,36.0357,-86.80845,True,0,0,,0,0,0,Property Damage,Angle,Daylight,Clear,Motor Vehicle-In-Transport On Same Roadway
102698739,Crashes_MPO_2020,2020-05-02,2020,36.05064,-86.69778,False,0,0,,0,0,0,Property Damage,Not Collision with Motor Vehicle in Transport,Daylight,Clear,Mail Box
102698844,Crashes_MPO_2020,2020-05-02,2020,36.04768,-86.71354,False,0,0,,0,0,0,Property Damage Under,Not Collision with Motor Vehicle in Transport,,,
102698855,Crashes_MPO_2020,2020-05-02,2020,36.02839,-86.78389,True,0,0,,0,0,0,Property Damage,Not Collision with Motor Vehicle in Transport,Daylight,Clear,Other Object
102698921,Crashes_MPO_2020,2020-05-02,2020,35.94797,-86.80774,False,0,0,,0,0,0,Suspected Minor Injury,"Sideswipe, Same Direction",Daylight,Clear,Motor Vehicle-In-Transport On Same Roadway
102698935,Crashes_MPO_2020,2020-05-02,2020,36.0341,-86.6781,False,0,0,,0,0,0,Property Damage Under,Not Collision with Motor Vehicle in Transport,,,
102699153,Crashes_MPO_2020,2020-05-03,2020,35.93593,-86.69273,False,0,0,,0,0,0,Property Damage,Front to Rear,Daylight,Clear,Parked Motor Vehicle
102699274,Crashes_MPO_2020,2020-05-03,2020,35.97899,-86.72526,True,0,0,,0,0,0,Property Damage,Not Collision with Motor Vehicle in Transport,Daylight,Rain,Thrown Or Falling Object
102699294,Crashes_MPO_2020,2020-05-03,2020,36.05483,-86.695,False,0,0,,0,0,0,Suspected Minor Injury,Front to Rear,Daylight,Rain,Motor Vehicle-In-Transport On Same Roadway
102699316,Crashes_MPO_2020,2020-05-03,2020,35.92812,-86.82453,False,0,0,,0,0,0,Property Damage,Not Collision with Motor Vehicle in Transport,Daylight,Clear,Fence
102699443,Crashes_MPO_2020,2020-05-04,2020,36.01899,-86.78694,True,0,0,,0,0,0,Property Damage,Not Collision with Motor Vehicle in Transport,Daylight,Cloudy,Other Non-Collision
102699502,Crashes_MPO_2020,2020-05-04,2020,35.94033,-86.83903,False,0,0,,0,0,0,Property Damage Under,Front to Rear,Daylight,Clear,Motor Vehicle-In-Transport On Same Roadway
102699517,Crashes_MPO_2020,2020-05-04,2020,36.03939,-86.74342,False,0,0,,0,0,0,Property Damage Under,Front to Rear,Daylight,Clear,Motor Vehicle-In-Transport On Same Roadway
102699555,Crashes_MPO_2020,2020-05-04,2020,35.92445,-86.87052,False,0,0,,0,0,0,Property Damage,"Sideswipe, Same Direction",Daylight,Clear,Parked Motor Vehicle
102699653,Crashes_MPO_2020,2020-05-04,2020,36.05085,-86.69824,False,0,0,,0,0,0,Suspected Minor Injury,Angle,Daylight,Clear,Motor Vehicle-In-Transport On Same Roadway
102699815,Crashes_MPO_2020,2020-05-04,2020,35.9814,-86.84411,False,0,0,,0,0,0,Property Damage,Not Collision with Motor Vehicle in Transport,Dark-Not Lighted,Cloudy,Embankment Rock/Stone/Concrete
102699900,Crashes_MPO_2020,2020-05-04,2020,35.99781,-86.79886,True,0,0,,0,0,0,Property Damage,Angle,Daylight,Clear,Motor Vehicle-In-Transport On Same Roadway
102699849,Crashes_MPO_2020,2020-05-05,2020,36.03729,-86.78545,False,0,0,,0,0,0,Property Damage,Not Collision with Motor Vehicle in Transport,Dark-Lighted,Clear,Building
102699852,Crashes_MPO_2020,2020-05-05,2020,36.03824,-86.78722,False,0,0,,0,0,0,Property Damage,Not Collision with Motor Vehicle in Transport,Dark-Lighted,Clear,Other Object
102699929,Crashes_MPO_2020,2020-05-05,2020,35.93278,-86.80978,False,0,0,,0,0,0,Property Damage Under,Not Collision with Motor Vehicle in Transport,Daylight,Cloudy,Deer
102699959,Crashes_MPO_2020,2020-05-05,2020,36.05056,-86.7141,False,0,0,,0,0,0,Possible Injury,Front to Rear,Daylight,Cloudy,Motor Vehicle-In-Transport On Same Roadway
102700198,Crashes_MPO_2020,2020-05-05,2020,36.05258,-86.76344,False,0,0,,0,0,0,Property Damage,Not Collision with Motor Vehicle in Transport,Daylight,Clear,Utility Pole
102700322,Crashes_MPO_2020,2020-05-05,2020,36.04059,-86.77107,False,0,0,,0,0,0,Property Damage,Angle,Dark-Lighted,Clear,Motor Vehicle-In-Transport On Same Roadway
102700335,Crashes_MPO_2020,2020-05-05,2020,35.96557,-86.87953,False,0,0,,0,0,0,Property Damage,Not Collision with Motor Vehicle in Transport,Dark-Lighted,Clear,Curb
102700825,Crashes_MPO_2020,2020-05-05,2020,36.03742,-86.80083,True,0,1,,0,1,0,Possible Injury,Not Collision with Motor Vehicle in Transport,Dusk,Cloudy,Pedestrian
102700550,Crashes_MPO_2020,2020-05-06,2020,35.999452,-86.690469,False,0,0,,0,0,0,Property Damage,Angle,Daylight,Cloudy,Motor Vehicle-In-Transport On Same Roadway
102700692,Crashes_MPO_2020,2020-05-06,2020,36.04542,-86.71269,False,0,0,,0,0,0,Possible Injury,Front to Rear,Daylight,Clear,Motor Vehicle-In-Transport On Same Roadway
102700959,Crashes_MPO_2020,2020-05-07,2020,36.03614,-86.79515,True,0,0,,0,0,0,Property Damage,Angle,Daylight,Clear,Motor Vehicle-In-Transport On Same Roadway
102701037,Crashes_MPO_2020,2020-05-07,2020,36.04245,-86.71294,False,0,0,,0,0,0,Property Damage,Front to Rear,Daylight,Clear,Motor Vehicle-In-Transport On Same Roadway
102701130,Crashes_MPO_2020,2020-05-07,2020,35.97579,-86.87185,False,0,0,,0,0,0,Property Damage,Front to Rear,Daylight,Clear,Motor Vehicle-In-Transport On Same Roadway
102701272,Crashes_MPO_2020,2020-05-07,2020,35.95323,-86.72243,False,0,0,,0,0,0,Property Damage,Not Collision with Motor Vehicle in Transport,Daylight,Clear,Other Non-Collision
102701309,Crashes_MPO_2020,2020-05-07,2020,35.98137,-86.84404,False,0,0,,0,0,0,Property Damage,Rear to Side,Dark-Not Lighted,Clear,Parked Motor Vehicle
102701756,Crashes_MPO_2020,2020-05-07,2020,36.04243,-86.71289,False,0,0,,0,0,0,Suspected Minor Injury,HeadOn,Daylight,Clear,Motor Vehicle-In-Transport On Same Roadway
102701497,Crashes_MPO_2020,2020-05-08,2020,35.95198,-86.81788,False,0,0,,0,0,0,Property Damage Under,Angle,Daylight,Rain,Motor Vehicle-In-Transport On Same Roadway
102701623,Crashes_MPO_2020,2020-05-08,2020,36.04192,-86.71762,False,0,0,,0,0,0,Property Damage,Angle,Daylight,Rain,Motor Vehicle-In-Transport On Same Roadway
102701914,Crashes_MPO_2020,2020-05-08,2020,36.04168,-86.81627,False,0,0,,0,0,0,Possible Injury,Not Collision with Motor Vehicle in Transport,Dark-Not Lighted,Clear,Mail Box
102702022,Crashes_MPO_2020,2020-05-08,2020,35.98684,-86.72928,True,0,0,,0,0,0,Suspected Minor Injury,Not Collision with Motor Vehicle in Transport,Daylight,Rain,Standing Tree
102702028,Crashes_MPO_2020,2020-05-09,2020,36.04542,-86.71317,False,0,0,,0,0,0,Possible Injury,Angle,Daylight,Clear,Motor Vehicle-In-Transport On Same Roadway
102702109,Crashes_MPO_2020,2020-05-09,2020,35.99064,-86.72521,True,0,0,,0,0,0,Property Damage,Front to Rear,Daylight,Clear,Motor Vehicle-In-Transport On Same Roadway
102702248,Crashes_MPO_2020,2020-05-09,2020,36.01298,-86.78497,True,0,0,,0,0,0,Suspected Minor Injury,Not Collision with Motor Vehicle in Transport,Daylight,Clear,Concrete Traffic Barrier
102702276,Crashes_MPO_2020,2020-05-09,2020,36.05166,-86.85912,False,0,0,,0,0,0,Property Damage,Front to Rear,Daylight,Clear,Motor Vehicle-In-Transport On Same Roadway
102702380,Crashes_MPO_2020,2020-05-09,2020,36.04566,-86.7102,False,0,0,,0,0,0,Property Damage,HeadOn,Dark-Lighted,Clear,Motor Vehicle-In-Transport On Same Roadway
102702872,Crashes_MPO_2020,2020-05-10,2020,36.01048,-86.70227,False,0,0,,0,0,0,Possible Injury,Not Collision with Motor Vehicle in Transport,Daylight,Clear,Ditch
102703351,Crashes_MPO_2020,2020-05-11,2020,36.02803,-86.79165,True,0,0,,0,0,0,Property Damage,Angle,Daylight,Clear,Motor Vehicle-In-Transport On Same Roadway
102703624,Crashes_MPO_2020,2020-05-11,2020,35.96574,-86.82291,True,0,0,,0,0,0,Property Damage,Front to Rear,Daylight,Clear,Motor Vehicle-In-Transport On Same Roadway
102703165,Crashes_MPO_2020,2020-05-11,2020,36.03899,-86.78258,False,0,0,,0,0,0,Property Damage,Not Collision with Motor Vehicle in Transport,Daylight,Clear,Thrown Or Falling Object
102703168,Crashes_MPO_2020,2020-05-11,2020,36.03747,-86.79098,False,0,0,,0,0,0,Possible Injury,Angle,Daylight,Clear,Motor Vehicle-In-Transport On Same Roadway
102703235,Crashes_MPO_2020,2020-05-11,2020,36.03757,-86.79241,False,0,0,,0,0,0,Property Damage,"Sideswipe, Same Direction",Daylight,Clear,Motor Vehicle-In-Transport On Same Roadway
102706811,Crashes_MPO_2020,2020-05-11,2020,35.94768,-86.69727,False,0,0,,0,0,0,Property Damage,Not Collision with Motor Vehicle in Transport,Dark-Not Lighted,Clear,"Over Turn, Roll Over"
102703621,Crashes_MPO_2020,2020-05-12,2020,35.93532,-86.82334,False,0,0,,0,0,0,Possible Injury,Not Collision with Motor Vehicle in Transport,Daylight,Cloudy,Standing Tree
102703865,Crashes_MPO_2020,2020-05-12,2020,36.05153,-86.71428,False,0,0,,0,0,0,Property Damage,Angle,Daylight,Clear,Motor Vehicle-In-Transport On Same Roadway
102703870,Crashes_MPO_2020,2020-05-12,2020,35.92386,-86.87848,False,0,0,,0,0,0,Property Damage,Angle,Dusk,Rain,Motor Vehicle-In-Transport On Same Roadway
102703909,Crashes_MPO_2020,2020-05-12,2020,35.99744,-86.69068,False,0,0,,0,0,0,Property Damage,Not Collision with Motor Vehicle in Transport,Dark-Lighted,Rain,Luminaire Light Support
102704262,Crashes_MPO_2020,2020-05-13,2020,36.04769,-86.71654,False,0,0,,0,0,0,Suspected Minor Injury,Front to Rear,Daylight,Clear,Motor Vehicle-In-Transport On Same Roadway
102704324,Crashes_MPO_2020,2020-05-13,2020,36.04519,-86.71537,False,0,0,,0,0,0,Property Damage,"Sideswipe, Same Direction",Daylight,Clear,Motor Vehicle-In-Transport On Same Roadway
102707403,Crashes_MPO_2020,2020-05-13,2020,35.991206,-86.683495,False,0,0,,0,0,0,Property Damage,Not Collision with Motor Vehicle in Transport,Dark-Not Lighted,Clear,Standing Tree
102705497,Crashes_MPO_2020,2020-05-15,2020,36.04542,-86.71317,False,0,0,,0,0,0,Property Damage Under,Front to Rear,Daylight,Clear,Motor Vehicle-In-Transport On Same Roadway
102705703,Crashes_MPO_2020,2020-05-15,2020,35.96007,-86.80971,False,0,0,,0,0,0,Suspected Minor Injury,Front to Rear,Dark-Lighted,Clear,Motor Vehicle-In-Transport On Same Roadway
102705728,Crashes_MPO_2020,2020-05-16,2020,36.03732,-86.78658,False,0,0,,0,0,0,Property Damage,Front to Rear,Dark-Lighted,Clear,Motor Vehicle-In-Transport On Same Roadway
102705915,Crashes_MPO_2020,2020-05-16,2020,35.9236,-86.81898,False,0,0,,0,0,0,Property Damage,Front to Rear,Daylight,Clear,Motor Vehicle-In-Transport On Same Roadway
102706042,Crashes_MPO_2020,2020-05-16,2020,35.97851,-86.80356,True,0,0,,0,0,0,Property Damage,Not Collision with Motor Vehicle in Transport,Daylight,Clear,Thrown Or Falling Object
102706072,Crashes_MPO_2020,2020-05-16,2020,36.0409,-86.77938,False,0,0,,0,0,0,Property Damage,Other,Daylight,Clear,Motor Vehicle-In-Transport On Same Roadway
102706223,Crashes_MPO_2020,2020-05-16,2020,35.94429,-86.81993,False,0,0,,0,0,0,Property Damage,Front to Rear,Dark-Lighted,Clear,Motor Vehicle-In-Transport On Same Roadway
102707562,Crashes_MPO_2020,2020-05-16,2020,35.96589,-86.80316,True,0,0,,0,0,0,Property Damage,Angle,Dark-Lighted,Clear,Motor Vehicle-In-Transport On Same Roadway
102706585,Crashes_MPO_2020,2020-05-17,2020,36.0465,-86.7134,False,0,0,,0,0,0,Property Damage,Angle,Daylight,Clear,Motor Vehicle-In-Transport On Same Roadway
102706741,Crashes_MPO_2020,2020-05-17,2020,36.04525,-86.71705,False,0,0,,0,0,0,Property Damage,Angle,Daylight,Clear,Motor Vehicle-In-Transport On Same Roadway
102706799,Crashes_MPO_2020,2020-05-17,2020,36.03684,-86.70344,False,0,0,,0,0,0,Property Damage,Front to Rear,Dark-Lighted,Rain,Motor Vehicle-In-Transport On Same Roadway
102706918,Crashes_MPO_2020,2020-05-17,2020,35.92546,-86.87275,False,0,0,,0,0,0,Property Damage,Angle,Daylight,Cloudy,Motor Vehicle-In-Transport On Same Roadway
102706986,Crashes_MPO_2020,2020-05-18,2020,36.0547,-86.72089,False,0,0,,0,0,0,Property Damage,Not Collision with Motor Vehicle in Transport,Daylight,Cloudy,Ditch
102707074,Crashes_MPO_2020,2020-05-18,2020,35.99079,-86.75111,True,0,0,,0,0,0,Property Damage,Front to Rear,Daylight,Clear,Motor Vehicle-In-Transport On Same Roadway
102707162,Crashes_MPO_2020,2020-05-18,2020,35.95239,-86.81777,False,0,0,,0,0,0,Property Damage,"Sideswipe, Same Direction",Daylight,Cloudy,Motor Vehicle-In-Transport On Same Roadway
102707324,Crashes_MPO_2020,2020-05-18,2020,35.94744,-86.85142,False,0,0,,0,0,0,Property Damage Under,Not Collision with Motor Vehicle in Transport,Dark-Lighted,Clear,Ditch