record_no,source_layer,collision_ts,crash_year,latitude,longitude,in_city,fatalities,non_motorists,truck_involved,serious_injuries,pedestrian,bicycle,crash_type,manner_of_collision,lighting,weather,first_harmful_event
102707714,Crashes_MPO_2020,2020-05-18,2020,35.97391,-86.67837,False,0,0,,0,0,0,Property Damage,Not Collision with Motor Vehicle in Transport,Daylight,Cloudy,Other Object
102709534,Crashes_MPO_2020,2020-05-18,2020,36.03248,-86.78335,True,0,0,,0,0,0,Property Damage,Not Collision with Motor Vehicle in Transport,Dark-Lighted,Clear,Other Non-Collision
102707559,Crashes_MPO_2020,2020-05-19,2020,36.04685,-86.67941,False,0,0,,0,0,0,Property Damage,"Sideswipe, Same Direction",Daylight,Cloudy,Motor Vehicle-In-Transport On Same Roadway
102707619,Crashes_MPO_2020,2020-05-19,2020,35.95198,-86.81788,False,0,0,,0,0,0,Property Damage,Front to Rear,Daylight,Cloudy,Motor Vehicle-In-Transport On Same Roadway
102707640,Crashes_MPO_2020,2020-05-19,2020,35.93292,-86.81159,False,0,0,,0,0,0,Possible Injury,Not Collision with Motor Vehicle in Transport,Daylight,Cloudy,Traffic Signal Support
102707764,Crashes_MPO_2020,2020-05-19,2020,36.04523,-86.70361,False,0,0,,0,0,0,Property Damage,Front to Rear,Daylight,Clear,Motor Vehicle-In-Transport On Same Roadway
102707816,Crashes_MPO_2020,2020-05-19,2020,36.04542,-86.70348,False,0,0,,0,0,0,Property Damage Under,Angle,Daylight,Clear,Motor Vehicle-In-Transport On Same Roadway
102708501,Crashes_MPO_2020,2020-05-19,2020,36.01489,-86.73013,False,1,0,,0,0,0,Fatal,Not Collision with Motor Vehicle in Transport,Dark-Not Lighted,Cloudy,Other Post/Pole Support
102708534,Crashes_MPO_2020,2020-05-19,2020,36.03246,-86.78361,True,0,0,,0,0,0,Property Damage,"Sideswipe, Same Direction",Daylight,Rain,Motor Vehicle-In-Transport On Same Roadway
102708082,Crashes_MPO_2020,2020-05-20,2020,36.05432,-86.71981,False,0,0,,0,0,0,Property Damage,Not Collision with Motor Vehicle in Transport,Daylight,Clear,Ditch
102708377,Crashes_MPO_2020,2020-05-20,2020,35.94612,-86.82346,False,0,0,,0,0,0,Property Damage,Angle,Daylight,Rain,Motor Vehicle-In-Transport On Same Roadway
102708486,Crashes_MPO_2020,2020-05-20,2020,35.967,-86.81356,True,0,0,,0,0,0,Property Damage,Front to Rear,Daylight,Clear,Motor Vehicle-In-Transport On Same Roadway
102708504,Crashes_MPO_2020,2020-05-20,2020,35.93351,-86.81853,False,0,0,,0,0,0,Property Damage,Front to Rear,Daylight,Rain,Motor Vehicle-In-Transport On Same Roadway
102713090,Crashes_MPO_2020,2020-05-20,2020,35.99763,-86.69095,False,0,0,,0,0,0,Property Damage,Not Collision with Motor Vehicle in Transport,Daylight,Clear,Other Fixed Object
102708630,Crashes_MPO_2020,2020-05-21,2020,36.02371,-86.71273,False,0,0,,0,0,0,Property Damage,Not Collision with Motor Vehicle in Transport,Dark-Not Lighted,Clear,Mail Box
102708771,Crashes_MPO_2020,2020-05-21,2020,35.94708,-86.83267,False,0,0,,0,0,0,Property Damage,Not Collision with Motor Vehicle in Transport,Daylight,Rain,Other Post/Pole Support
102708877,Crashes_MPO_2020,2020-05-21,2020,36.04861,-86.86163,False,0,0,,0,0,0,Property Damage,"Sideswipe, Same Direction",Daylight,Cloudy,Motor Vehicle-In-Transport On Same Roadway
102708904,Crashes_MPO_2020,2020-05-21,2020,36.05006,-86.87301,False,0,0,,0,0,0,Property Damage,Angle,Daylight,Cloudy,Motor Vehicle-In-Transport On Same Roadway
102708906,Crashes_MPO_2020,2020-05-21,2020,36.01239,-86.70361,False,0,0,,0,0,0,Property Damage Under,Not Collision with Motor Vehicle in Transport,,,
102708996,Crashes_MPO_2020,2020-05-21,2020,36.0243,-86.74239,False,0,0,,0,0,0,Property Damage,Angle,Daylight,Cloudy,Motor Vehicle-In-Transport On Same Roadway
102709208,Crashes_MPO_2020,2020-05-21,2020,35.96612,-86.80488,True,0,0,,0,0,0,Property Damage,Angle,Daylight,Cloudy,Motor Vehicle-In-Transport On Same Roadway
102709264,Crashes_MPO_2020,2020-05-21,2020,35.93534,-86.86125,False,0,0,,0,0,0,Property Damage,Not Collision with Motor Vehicle in Transport,Daylight,Clear,Fence
102709309,Crashes_MPO_2020,2020-05-21,2020,35.97322,-86.83315,True,0,0,,0,0,0,Property Damage,Front to Rear,Dark-Lighted,Clear,Motor Vehicle-In-Transport On Same Roadway
102709320,Crashes_MPO_2020,2020-05-21,2020,36.0353,-86.8729,False,0,0,,0,0,0,Property Damage,Not Collision with Motor Vehicle in Transport,Dark-Not Lighted,Clear,Deer
102709382,Crashes_MPO_2020,2020-05-21,2020,36.0372,-86.87137,False,0,0,,0,0,0,Property Damage,Not Collision with Motor Vehicle in Transport,Dark-Not Lighted,Clear,Deer
102709606,Crashes_MPO_2020,2020-05-21,2020,36.03087,-86.7838,True,0,0,,0,0,0,Suspected Minor Injury,Not Collision with Motor Vehicle in Transport,Daylight,Rain,Concrete Traffic Barrier
102710149,Crashes_MPO_2020,2020-05-22,2020,36.04391,-86.78094,False,0,0,,0,0,0,Suspected Minor Injury,Angle,Dark-Lighted,Rain,Motor Vehicle-In-Transport On Same Roadway
102710172,Crashes_MPO_2020,2020-05-22,2020,35.96665,-86.81085,True,0,0,,0,0,0,Property Damage,Front to Rear,Dark-Lighted,Rain,Motor Vehicle-In-Transport On Same Roadway
102709576,Crashes_MPO_2020,2020-05-22,2020,35.99316,-86.69641,True,0,0,,0,0,0,Property Damage,Front to Rear,Daylight,Cloudy,Motor Vehicle-In-Transport On Same Roadway
102709621,Crashes_MPO_2020,2020-05-22,2020,36.00992,-86.80298,True,0,0,,0,0,0,Property Damage,Angle,Daylight,Clear,Motor Vehicle-In-Transport On Same Roadway
102709850,Crashes_MPO_2020,2020-05-22,2020,35.92573,-86.87217,False,0,0,,0,0,0,Property Damage Under,"Sideswipe, Same Direction",Daylight,Cloudy,Motor Vehicle-In-Transport On Same Roadway
102709851,Crashes_MPO_2020,2020-05-22,2020,35.94142,-86.856,False,0,0,,0,0,0,Property Damage,Not Collision with Motor Vehicle in Transport,Daylight,Cloudy,Deer
102709945,Crashes_MPO_2020,2020-05-22,2020,36.04084,-86.77347,False,0,0,,0,0,0,Property Damage Under,Not Collision with Motor Vehicle in Transport,,,
102710009,Crashes_MPO_2020,2020-05-22,2020,36.01238,-86.70361,False,0,0,,0,0,0,Property Damage,Front to Rear,Daylight,Clear,Motor Vehicle-In-Transport On Same Roadway
102710135,Crashes_MPO_2020,2020-05-22,2020,35.97851,-86.80356,True,0,0,,0,0,0,Property Damage,Not Collision with Motor Vehicle in Transport,Daylight,Cloudy,Guard Rail End
102710139,Crashes_MPO_2020,2020-05-22,2020,35.9667,-86.81121,True,0,0,,0,0,0,Property Damage Under,Not Collision with Motor Vehicle in Transport,,,
102711452,Crashes_MPO_2020,2020-05-22,2020,35.98293,-86.81654,True,0,0,,0,0,0,Property Damage,Not Collision with Motor Vehicle in Transport,Dark-Lighted,Clear,Utility Pole
102714523,Crashes_MPO_2020,2020-05-23,2020,35.99566,-86.75669,True,0,0,,0,0,0,Property Damage,"Sideswipe, Same Direction",Daylight,Clear,Parked Motor Vehicle
102710484,Crashes_MPO_2020,2020-05-23,2020,36.02522,-86.71642,False,0,0,,0,0,0,Property Damage,Angle,Dark-Lighted,Clear,Parked Motor Vehicle
102710900,Crashes_MPO_2020,2020-05-23,2020,35.93772,-86.82503,False,0,0,,0,0,0,Property Damage Under,Not Collision with Motor Vehicle in Transport,,,
102711274,Crashes_MPO_2020,2020-05-23,2020,35.94612,-86.83071,False,0,0,,0,0,0,Property Damage,Front to Rear,Daylight,Clear,Motor Vehicle-In-Transport On Same Roadway
102711350,Crashes_MPO_2020,2020-05-23,2020,36.01712,-86.70701,False,0,0,,0,0,0,Property Damage,"Sideswipe, Opposite Direction",Dark-Lighted,Clear,Motor Vehicle-In-Transport On Same Roadway
102711867,Crashes_MPO_2020,2020-05-23,2020,36.03633,-86.72762,False,0,0,,0,0,0,Suspected Minor Injury,Front to Rear,Dark-Lighted,Clear,Motor Vehicle-In-Transport On Same Roadway
102711487,Crashes_MPO_2020,2020-05-24,2020,36.04463,-86.69266,False,0,0,,0,0,0,Property Damage,Not Collision with Motor Vehicle in Transport,Dark-Lighted,Clear,Curb
102711509,Crashes_MPO_2020,2020-05-24,2020,36.05459,-86.6807,False,0,0,,0,0,0,Property Damage,Not Collision with Motor Vehicle in Transport,Dark-Not Lighted,Clear,Wall
102711653,Crashes_MPO_2020,2020-05-24,2020,36.04975,-86.69126,False,0,0,,0,0,0,Property Damage,Angle,Unknown,Unknown,Parked Motor Vehicle
102711677,Crashes_MPO_2020,2020-05-24,2020,36.04697,-86.68012,False,0,0,,0,0,0,Property Damage,Angle,Daylight,Clear,Motor Vehicle-In-Transport On Same Roadway
102712178,Crashes_MPO_2020,2020-05-24,2020,36.02011,-86.78725,True,0,0,,0,0,0,Property Damage,Not Collision with Motor Vehicle in Transport,Daylight,Clear,"Fire, Explosion"
102712667,Crashes_MPO_2020,2020-05-25,2020,35.99702,-86.85123,False,0,0,,0,0,0,Property Damage,Not Collision with Motor Vehicle in Transport,Daylight,Clear,Mail Box
102713042,Crashes_MPO_2020,2020-05-25,2020,35.92391,-86.87162,False,0,0,,0,0,0,Possible Injury,Front to Rear,Daylight,Clear,Motor Vehicle-In-Transport On Same Roadway
102714408,Crashes_MPO_2020,2020-05-26,2020,35.96348,-86.81085,False,0,0,,0,0,0,Property Damage Under,"Sideswipe, Same Direction",Dark-Lighted,Clear,Motor Vehicle-In-Transport On Same Roadway
102714662,Crashes_MPO_2020,2020-05-26,2020,35.94277,-86.80502,False,0,0,,0,0,0,Suspected Minor Injury,Not Collision with Motor Vehicle in Transport,Daylight,Clear,Paved Surface-Irregular
102713757,Crashes_MPO_2020,2020-05-26,2020,36.02261,-86.80794,True,0,0,,0,0,0,Property Damage,Angle,Daylight,Clear,Motor Vehicle-In-Transport On Same Roadway
102713926,Crashes_MPO_2020,2020-05-26,2020,36.04851,-86.74362,False,0,0,,0,0,0,Property Damage Under,Not Collision with Motor Vehicle in Transport,,,
102713960,Crashes_MPO_2020,2020-05-26,2020,35.9537,-86.81345,False,0,0,,0,0,0,Property Damage,Angle,Daylight,Clear,Motor Vehicle-In-Transport On Same Roadway
102713972,Crashes_MPO_2020,2020-05-26,2020,35.94782,-86.81975,False,0,0,,0,0,0,Property Damage Under,Not Collision with Motor Vehicle in Transport,,,
102716609,Crashes_MPO_2020,2020-05-27,2020,36.02865,-86.67841,False,0,0,,0,0,0,Property Damage,Not Collision with Motor Vehicle in Transport,Dark-Lighted,Clear,Curb
102714277,Crashes_MPO_2020,2020-05-27,2020,36.03916,-86.78371,False,0,0,,0,0,0,Property Damage,Not Collision with Motor Vehicle in Transport,Daylight,Rain,Embankment Earth
102714305,Crashes_MPO_2020,2020-05-27,2020,35.99415,-86.68627,False,0,0,,0,0,0,Suspected Minor Injury,Front to Rear,Daylight,Rain,Motor Vehicle-In-Transport On Same Roadway
102714369,Crashes_MPO_2020,2020-05-27,2020,35.99107,-86.77834,True,0,0,,0,0,0,Property Damage,"Sideswipe, Same Direction",Other,Rain,Motor Vehicle-In-Transport On Same Roadway
102714387,Crashes_MPO_2020,2020-05-27,2020,35.95587,-86.83157,False,0,0,,0,0,0,Suspected Minor Injury,Front to Rear,Daylight,Rain,Motor Vehicle-In-Transport On Same Roadway
102714401,Crashes_MPO_2020,2020-05-27,2020,35.95209,-86.81805,False,0,0,,0,0,0,Property Damage,Angle,Daylight,Rain,Motor Vehicle-In-Transport On Same Roadway
102714604,Crashes_MPO_2020,2020-05-27,2020,35.94683,-86.8521,False,0,0,,0,0,0,Property Damage Under,Front to Rear,Daylight,Clear,Motor Vehicle-In-Transport On Same Roadway
102714615,Crashes_MPO_2020,2020-05-27,2020,35.9407,-86.8316,False,0,0,,0,0,0,Property Damage,Front to Rear,Daylight,Cloudy,Motor Vehicle-In-Transport On Same Roadway
102714732,Crashes_MPO_2020,2020-05-27,2020,36.03277,-86.78357,True,0,0,,0,0,0,Suspected Minor Injury,Not Collision with Motor Vehicle in Transport,Daylight,Cloudy,Concrete Traffic Barrier
102714767,Crashes_MPO_2020,2020-05-27,2020,35.92595,-86.81665,False,0,0,,0,0,0,Possible Injury,Not Collision with Motor Vehicle in Transport,Dark-Lighted,Rain,Luminaire Light Support
102714879,Crashes_MPO_2020,2020-05-27,2020,36.04798,-86.74093,False,0,0,,0,0,0,Property Damage,Not Collision with Motor Vehicle in Transport,Dark-Lighted,Rain,Building
102715838,Crashes_MPO_2020,2020-05-27,2020,36.03634,-86.79925,True,0,0,,0,0,0,Suspected Minor Injury,Not Collision with Motor Vehicle in Transport,Daylight,Rain,Fell/Jumped From Vehicle
102715102,Crashes_MPO_2020,2020-05-28,2020,35.92526,-86.86873,False,0,0,,0,0,0,Property Damage,Not Collision with Motor Vehicle in Transport,Daylight,Cloudy,Luminaire Light Support
102715178,Crashes_MPO_2020,2020-05-28,2020,35.95209,-86.81805,False,0,0,,0,0,0,Property Damage,Angle,Daylight,Rain,Motor Vehicle-In-Transport On Same Roadway
102715261,Crashes_MPO_2020,2020-05-28,2020,36.02558,-86.71079,False,0,0,,0,0,0,Property Damage,"Sideswipe, Same Direction",Unknown,Unknown,Parked Motor Vehicle
102715376,Crashes_MPO_2020,2020-05-28,2020,36.03907,-86.6775,False,0,0,,0,0,0,Property Damage,Front to Rear,Daylight,Clear,Motor Vehicle-In-Transport On Same Roadway
102715685,Crashes_MPO_2020,2020-05-28,2020,35.94719,-86.83118,False,0,0,,0,0,0,Property Damage,Front to Rear,Daylight,Clear,Parked Motor Vehicle
102716326,Crashes_MPO_2020,2020-05-28,2020,36.04027,-86.74355,False,0,0,,0,0,0,Property Damage,Front to Rear,Daylight,Clear,Motor Vehicle-In-Transport On Same Roadway
102716327,Crashes_MPO_2020,2020-05-28,2020,36.01396,-86.6816,False,0,0,,0,0,0,Suspected Minor Injury,Not Collision with Motor Vehicle in Transport,Daylight,Clear,Standing Tree
102717179,Crashes_MPO_2020,2020-05-29,2020,35.99784,-86.7966,True,0,0,,0,0,0,Property Damage Under,Not Collision with Motor Vehicle in Transport,,,
102718000,Crashes_MPO_2020,2020-05-29,2020,36.02729,-86.79207,True,0,0,,0,0,0,Property Damage,Front to Rear,Daylight,Clear,Motor Vehicle-In-Transport On Same Roadway
102715864,Crashes_MPO_2020,2020-05-29,2020,35.99687,-86.68989,False,0,0,,0,0,0,Property Damage,Front to Rear,Daylight,Clear,Motor Vehicle-In-Transport On Same Roadway
102716142,Crashes_MPO_2020,2020-05-29,2020,35.93167,-86.82589,False,0,0,,0,0,0,Property Damage,Angle,Daylight,Clear,Motor Vehicle-In-Transport On Same Roadway
102716212,Crashes_MPO_2020,2020-05-29,2020,36.03821,-86.8009,False,0,0,,0,0,0,Property Damage,Not Collision with Motor Vehicle in Transport,Daylight,Clear,Utility Pole
102716308,Crashes_MPO_2020,2020-05-29,2020,35.966753,-86.80895,True,0,0,,0,0,0,Property Damage,Front to Rear,Daylight,Clear,Motor Vehicle-In-Transport On Same Roadway
102716316,Crashes_MPO_2020,2020-05-29,2020,36.01918,-86.77269,True,0,0,,1,0,0,Suspected Serious Injury,Not Collision with Motor Vehicle in Transport,Daylight,Cloudy,Fell/Jumped From Vehicle
102716328,Crashes_MPO_2020,2020-05-29,2020,35.9658,-86.81388,False,0,0,,0,0,0,Property Damage,Front to Rear,Daylight,Cloudy,Motor Vehicle-In-Transport On Same Roadway
102716332,Crashes_MPO_2020,2020-05-29,2020,36.04223,-86.78227,False,0,0,,0,0,0,Property Damage,"Sideswipe, Same Direction",Daylight,Rain,Motor Vehicle-In-Transport On Same Roadway
102716430,Crashes_MPO_2020,2020-05-29,2020,36.0449,-86.7282,False,0,0,,0,0,0,Property Damage,Not Collision with Motor Vehicle in Transport,Dark-Lighted,Cloudy,Utility Pole
102716483,Crashes_MPO_2020,2020-05-29,2020,35.93506,-86.82192,False,0,0,,0,0,0,Property Damage,Angle,Dark-Lighted,Rain,Motor Vehicle-In-Transport On Same Roadway
102719387,Crashes_MPO_2020,2020-05-29,2020,35.94666,-86.81847,False,0,0,,0,0,0,Property Damage,Angle,Dark-Lighted,Clear,Motor Vehicle-In-Motion Outside Trafficway
102731535,Crashes_MPO_2020,2020-05-29,2020,36.05392,-86.77515,False,0,0,,0,0,0,Property Damage Under,"Sideswipe, Same Direction",Daylight,Clear,Motor Vehicle-In-Transport On Same Roadway
102716607,Crashes_MPO_2020,2020-05-30,2020,36.03974,-86.75568,False,0,0,,0,0,0,Possible Injury,Not Collision with Motor Vehicle in Transport,Dark-Lighted,Clear,Standing Tree
102716881,Crashes_MPO_2020,2020-05-30,2020,35.96284,-86.809,False,0,0,,0,0,0,Suspected Minor Injury,Not Collision with Motor Vehicle in Transport,Daylight,Clear,Fence
102716888,Crashes_MPO_2020,2020-05-30,2020,36.04551,-86.71182,False,0,0,,0,0,0,Property Damage,Angle,Daylight,Clear,Motor Vehicle-In-Transport On Same Roadway
102717013,Crashes_MPO_2020,2020-05-30,2020,35.95782,-86.80258,False,0,0,,0,0,0,Property Damage,Front to Rear,Daylight,Clear,Motor Vehicle-In-Transport On Same Roadway
102717134,Crashes_MPO_2020,2020-05-30,2020,36.00412,-86.84113,False,0,0,,0,0,0,Property Damage,Not Collision with Motor Vehicle in Transport,Daylight,Clear,Ditch
102717521,Crashes_MPO_2020,2020-05-30,2020,35.94685,-86.74968,True,0,0,,0,0,0,Property Damage,Not Collision with Motor Vehicle in Transport,Daylight,Clear,Standing Tree
102718067,Crashes_MPO_2020,2020-05-30,2020,35.96708,-86.81356,True,0,0,,0,0,0,Property Damage,Front to Rear,Daylight,Clear,Motor Vehicle-In-Transport On Same Roadway
102717778,Crashes_MPO_2020,2020-05-31,2020,36.00594,-86.8626,False,0,0,,1,0,0,Suspected Serious Injury,Not Collision with Motor Vehicle in Transport,Dark-Not Lighted,Clear,Standing Tree
102718002,Crashes_MPO_2020,2020-06-01,2020,35.93627,-86.82883,False,0,0,,0,0,0,Property Damage,Front to Rear,Daylight,Clear,Motor Vehicle-In-Transport On Same Roadway
102718097,Crashes_MPO_2020,2020-06-01,2020,36.01286,-86.80081,True,0,0,,0,0,0,Property Damage,Front to Rear,Daylight,Clear,Motor Vehicle-In-Transport On Same Roadway
102718139,Crashes_MPO_2020,2020-06-01,2020,35.95583,-86.83118,False,0,0,,0,0,0,Property Damage Under,Front to Rear,Daylight,Clear,Motor Vehicle-In-Transport On Same Roadway
102718242,Crashes_MPO_2020,2020-06-01,2020,36.025,-86.71974,False,0,0,,0,0,0,Property Damage,Angle,Daylight,Clear,Motor Vehicle-In-Transport On Same Roadway
102718278,Crashes_MPO_2020,2020-06-01,2020,36.05126,-86.68365,False,0,0,,0,0,0,Property Damage,Not Collision with Motor Vehicle in Transport,Dark-Lighted,Clear,"Over Turn, Roll Over"
102718362,Crashes_MPO_2020,2020-06-01,2020,36.00849,-86.78638,True,0,0,,0,0,0,Suspected Minor Injury,Other,Daylight,Clear,Motor Vehicle-In-Transport On Same Roadway
102718418,Crashes_MPO_2020,2020-06-01,2020,35.96688,-86.81117,True,0,0,,0,0,0,Property Damage,"Sideswipe, Same Direction",Daylight,Clear,Motor Vehicle-In-Transport On Same Roadway
102718437,Crashes_MPO_2020,2020-06-01,2020,35.93713,-86.85902,False,0,0,,0,0,0,Property Damage,"Sideswipe, Opposite Direction",Daylight,Clear,Motor Vehicle-In-Transport On Same Roadway
102718419,Crashes_MPO_2020,2020-06-02,2020,35.99551,-86.77887,True,0,0,,0,0,0,Possible Injury,Front to Rear,Daylight,Clear,Motor Vehicle-In-Transport On Same Roadway
102718538,Crashes_MPO_2020,2020-06-02,2020,36.04746,-86.77615,False,0,0,,0,0,0,Property Damage,Not Collision with Motor Vehicle in Transport,Daylight,Clear,Other Object
102718555,Crashes_MPO_2020,2020-06-02,2020,36.04103,-86.77909,False,0,0,,0,0,0,Suspected Minor Injury,Angle,Daylight,Clear,Motor Vehicle-In-Transport On Same Roadway
102718562,Crashes_MPO_2020,2020-06-02,2020,35.98106,-86.80243,True,0,0,,0,0,0,Property Damage,Angle,Daylight,Clear,Motor Vehicle-In-Transport On Same Roadway
102718656,Crashes_MPO_2020,2020-06-02,2020,35.94475,-86.82827,False,0,0,,0,0,0,Property Damage,Front to Rear,Daylight,Clear,Motor Vehicle-In-Transport On Same Roadway
102718707,Crashes_MPO_2020,2020-06-02,2020,35.92434,-86.86832,False,0,0,,0,0,0,Possible Injury,"Sideswipe, Same Direction",Daylight,Clear,Parked Motor Vehicle
102718908,Crashes_MPO_2020,2020-06-03,2020,35.92624,-86.86674,False,0,0,,0,0,0,Property Damage,Front to Rear,Daylight,Clear,Motor Vehicle-In-Transport On Same Roadway
102718910,Crashes_MPO_2020,2020-06-03,2020,36.0265,-86.79252,True,0,0,,0,0,0,Property Damage Under,Not Collision with Motor Vehicle in Transport,,,
102719238,Crashes_MPO_2020,2020-06-03,2020,36.03745,-86.78624,False,0,0,,0,0,0,Property Damage,Angle,Daylight,Clear,Motor Vehicle-In-Transport On Same Roadway
102719268,Crashes_MPO_2020,2020-06-03,2020,35.94067,-86.76771,True,0,0,,0,0,0,Property Damage,Not Collision with Motor Vehicle in Transport,Daylight,Clear,Deer
102728792,Crashes_MPO_2020,2020-06-03,2020,35.97716,-86.87622,False,0,0,,0,0,0,Property Damage,Angle,Daylight,Clear,Motor Vehicle-In-Transport On Same Roadway
102719548,Crashes_MPO_2020,2020-06-04,2020,35.96612,-86.80488,True,0,0,,0,0,0,Property Damage,Front to Rear,Daylight,Clear,Motor Vehicle-In-Transport On Same Roadway
102719552,Crashes_MPO_2020,2020-06-04,2020,36.03821,-86.8009,False,0,0,,0,0,0,Possible Injury,Angle,Daylight,Clear,Motor Vehicle-In-Transport On Same Roadway
102719567,Crashes_MPO_2020,2020-06-04,2020,36.0417,-86.74389,False,0,0,,0,0,0,Suspected Minor Injury,Angle,Daylight,Clear,Motor Vehicle-In-Transport On Same Roadway
102719573,Crashes_MPO_2020,2020-06-04,2020,36.0409,-86.77938,False,0,0,,0,0,0,Property Damage,Angle,Daylight,Clear,Motor Vehicle-In-Transport On Same Roadway
102719632,Crashes_MPO_2020,2020-06-04,2020,35.99547,-86.77847,True,0,0,,0,0,0,Property Damage,Front to Rear,Daylight,Clear,Motor Vehicle-In-Transport On Same Roadway
102719728,Crashes_MPO_2020,2020-06-04,2020,36.02499,-86.6891,False,0,0,,0,0,0,Property Damage,"Sideswipe, Opposite Direction",Daylight,Rain,Motor Vehicle-In-Transport On Same Roadway
102719802,Crashes_MPO_2020,2020-06-04,2020,35.99031,-86.79924,True,0,0,,0,0,0,Suspected Minor Injury,Not Collision with Motor Vehicle in Transport,Daylight,Cloudy,Concrete Traffic Barrier
102719854,Crashes_MPO_2020,2020-06-04,2020,36.03801,-86.78423,False,0,0,,0,0,0,Property Damage,"Sideswipe, Same Direction",Daylight,Cloudy,Motor Vehicle-In-Transport On Same Roadway
102720095,Crashes_MPO_2020,2020-06-04,2020,36.04522,-86.71479,False,0,0,,0,0,0,Property Damage,Angle,Daylight,Clear,Motor Vehicle-In-Transport On Same Roadway
102720238,Crashes_MPO_2020,2020-06-04,2020,36.03243,-86.70816,False,0,0,,0,0,0,Possible Injury,Not Collision with Motor Vehicle in Transport,Daylight,Clear,Fence
102720233,Crashes_MPO_2020,2020-06-05,2020,35.92699,-86.86667,False,0,0,,0,0,0,Property Damage Under,Not Collision with Motor Vehicle in Transport,,,
102720323,Crashes_MPO_2020,2020-06-05,2020,36.0501,-86.7168,False,0,0,,0,0,0,Property Damage,Angle,Daylight,Clear,Parked Motor Vehicle
102720338,Crashes_MPO_2020,2020-06-05,2020,35.95781,-86.80258,False,0,0,,0,0,0,Property Damage,Front to Rear,Daylight,Clear,Motor Vehicle-In-Transport On Same Roadway
102720349,Crashes_MPO_2020,2020-06-05,2020,35.94447,-86.82122,False,0,0,,0,0,0,Property Damage,Angle,Daylight,Clear,Motor Vehicle-In-Transport On Same Roadway
102720373,Crashes_MPO_2020,2020-06-05,2020,35.96198,-86.81518,False,0,0,,0,0,0,Property Damage,Angle,Daylight,Clear,Motor Vehicle-In-Transport On Same Roadway
102720714,Crashes_MPO_2020,2020-06-05,2020,35.99626,-86.689,False,0,0,,0,0,0,Suspected Minor Injury,Front to Rear,Daylight,Clear,Motor Vehicle-In-Transport On Same Roadway