record_no,source_layer,collision_ts,crash_year,latitude,longitude,in_city,fatalities,non_motorists,truck_involved,serious_injuries,pedestrian,bicycle,crash_type,manner_of_collision,lighting,weather,first_harmful_event
102720948,Crashes_MPO_2020,2020-06-06,2020,35.92673,-86.87005,False,0,0,,0,0,0,Property Damage,Angle,Daylight,Clear,Motor Vehicle-In-Transport On Same Roadway
102721214,Crashes_MPO_2020,2020-06-06,2020,36.0409,-86.77938,False,0,0,,0,0,0,Property Damage,Not Collision with Motor Vehicle in Transport,Daylight,Clear,Traffic Signal Support
102721402,Crashes_MPO_2020,2020-06-06,2020,35.98074,-86.71031,True,0,0,,0,0,0,Property Damage,Not Collision with Motor Vehicle in Transport,Daylight,Clear,Ditch
102721601,Crashes_MPO_2020,2020-06-06,2020,36.04839,-86.70641,False,0,0,,0,0,0,Property Damage,Front to Rear,Daylight,Clear,Parked Motor Vehicle
102725388,Crashes_MPO_2020,2020-06-07,2020,36.00704,-86.72138,True,0,0,,0,0,0,Property Damage,Not Collision with Motor Vehicle in Transport,Dark-Unknown Lighting,Clear,"Over Turn, Roll Over"
102721549,Crashes_MPO_2020,2020-06-07,2020,36.02263,-86.68056,False,0,0,,0,0,0,Suspected Minor Injury,Front to Rear,Dark-Lighted,Clear,Motor Vehicle-In-Transport On Same Roadway
102721574,Crashes_MPO_2020,2020-06-07,2020,36.03972,-86.74402,False,0,0,,0,0,0,Possible Injury,Not Collision with Motor Vehicle in Transport,Dark-Lighted,Clear,Building
102721717,Crashes_MPO_2020,2020-06-07,2020,35.99551,-86.77887,True,0,0,,0,0,0,Possible Injury,Angle,Daylight,Clear,Motor Vehicle-In-Transport On Same Roadway
102721762,Crashes_MPO_2020,2020-06-07,2020,36.03319,-86.7876,True,0,0,,0,0,0,Property Damage,Angle,Daylight,Clear,Motor Vehicle-In-Transport On Same Roadway
102721799,Crashes_MPO_2020,2020-06-07,2020,35.97006,-86.78994,True,0,0,,0,0,0,Property Damage,Angle,Daylight,Clear,Motor Vehicle-In-Transport On Same Roadway
102722197,Crashes_MPO_2020,2020-06-08,2020,35.99922,-86.80923,True,0,0,,0,0,0,Property Damage,Angle,Daylight,Clear,Motor Vehicle-In-Transport On Same Roadway
102722207,Crashes_MPO_2020,2020-06-08,2020,36.04537,-86.71326,False,0,0,,0,0,0,Property Damage,Front to Rear,Daylight,Clear,Motor Vehicle-In-Transport On Same Roadway
102722499,Crashes_MPO_2020,2020-06-08,2020,35.94689,-86.85242,False,0,0,,0,0,0,Property Damage,Front to Rear,Daylight,Clear,Motor Vehicle-In-Transport On Same Roadway
102722675,Crashes_MPO_2020,2020-06-08,2020,36.04245,-86.71294,False,0,0,,0,0,0,Possible Injury,Angle,Dark-Lighted,Rain,Motor Vehicle-In-Transport On Same Roadway
102722689,Crashes_MPO_2020,2020-06-08,2020,36.02015,-86.77941,True,0,0,,0,0,0,Property Damage,Not Collision with Motor Vehicle in Transport,Dark-Lighted,Rain,Mail Box
102722695,Crashes_MPO_2020,2020-06-08,2020,35.96518,-86.80029,True,0,0,,0,0,0,Property Damage,Angle,Dark-Lighted,Rain,Motor Vehicle-In-Transport On Same Roadway
102722755,Crashes_MPO_2020,2020-06-09,2020,36.0353,-86.78339,False,0,0,,0,0,0,Property Damage,Not Collision with Motor Vehicle in Transport,Daylight,Rain,Concrete Traffic Barrier
102722784,Crashes_MPO_2020,2020-06-09,2020,36.0353,-86.78339,False,0,0,,0,0,0,Suspected Minor Injury,Not Collision with Motor Vehicle in Transport,Daylight,Rain,Concrete Traffic Barrier
102723094,Crashes_MPO_2020,2020-06-09,2020,35.99583,-86.78225,True,0,0,,0,0,0,Property Damage,Front to Rear,Daylight,Clear,Motor Vehicle-In-Transport On Same Roadway
102723167,Crashes_MPO_2020,2020-06-09,2020,35.94765,-86.81971,False,0,0,,0,0,0,Property Damage,"Sideswipe, Same Direction",Daylight,Cloudy,Motor Vehicle-In-Transport On Same Roadway
102723715,Crashes_MPO_2020,2020-06-10,2020,36.01214,-86.70344,False,0,0,,0,0,0,Suspected Minor Injury,Front to Rear,Daylight,Clear,Motor Vehicle-In-Transport On Same Roadway
102723750,Crashes_MPO_2020,2020-06-10,2020,36.04154,-86.7036,False,0,0,,0,0,0,Property Damage,HeadOn,Daylight,Clear,Motor Vehicle-In-Transport On Same Roadway
102723923,Crashes_MPO_2020,2020-06-10,2020,36.01229,-86.68536,False,0,0,,0,0,0,Suspected Minor Injury,HeadOn,Dark-Not Lighted,Clear,Motor Vehicle-In-Transport On Same Roadway
102723996,Crashes_MPO_2020,2020-06-10,2020,35.96528,-86.69389,False,0,0,,0,0,0,Property Damage,Not Collision with Motor Vehicle in Transport,Daylight,Clear,Deer
102723546,Crashes_MPO_2020,2020-06-10,2020,35.96577,-86.8126,False,0,0,,0,0,0,Property Damage,Unknown,Unknown,Clear,Motor Vehicle-In-Transport On Same Roadway
102723580,Crashes_MPO_2020,2020-06-10,2020,35.99551,-86.77887,True,0,0,,0,0,0,Possible Injury,Front to Rear,Daylight,Clear,Motor Vehicle-In-Transport On Same Roadway
102724270,Crashes_MPO_2020,2020-06-11,2020,35.92418,-86.87385,False,0,0,,0,0,0,Property Damage,Unknown,Daylight,Clear,Motor Vehicle-In-Transport On Same Roadway
102724377,Crashes_MPO_2020,2020-06-11,2020,35.92399,-86.87369,False,0,0,,0,0,0,Property Damage,Angle,Daylight,Clear,Motor Vehicle-In-Transport On Same Roadway
102724411,Crashes_MPO_2020,2020-06-11,2020,35.92617,-86.8245,False,0,0,,0,0,0,Property Damage,Front to Rear,Daylight,Clear,Motor Vehicle-In-Transport On Same Roadway
102724640,Crashes_MPO_2020,2020-06-11,2020,36.01434,-86.67918,False,0,0,,0,0,0,Property Damage,Not Collision with Motor Vehicle in Transport,Dark-Lighted,Clear,Standing Tree
102728749,Crashes_MPO_2020,2020-06-11,2020,35.96347,-86.82507,False,0,0,,0,0,0,Property Damage,Angle,Dark-Lighted,Clear,Motor Vehicle-In-Motion Outside Trafficway
102724908,Crashes_MPO_2020,2020-06-12,2020,35.92546,-86.87275,False,0,0,,0,0,0,Property Damage,Angle,Daylight,Clear,Motor Vehicle-In-Transport On Same Roadway
102725003,Crashes_MPO_2020,2020-06-12,2020,35.9667,-86.81121,True,0,0,,0,0,0,Property Damage,Angle,Daylight,Clear,Motor Vehicle-In-Transport On Same Roadway
102725005,Crashes_MPO_2020,2020-06-12,2020,36.05434,-86.77996,False,0,0,,0,0,0,Possible Injury,Angle,Daylight,Clear,Motor Vehicle-In-Transport On Same Roadway
102725045,Crashes_MPO_2020,2020-06-12,2020,35.94132,-86.83614,False,0,0,,0,0,0,Property Damage Under,Not Collision with Motor Vehicle in Transport,,,
102725046,Crashes_MPO_2020,2020-06-12,2020,36.03741,-86.79034,False,0,0,,0,0,0,Property Damage,Front to Rear,Daylight,Clear,Motor Vehicle-In-Transport On Same Roadway
102725095,Crashes_MPO_2020,2020-06-12,2020,36.01347,-86.70436,False,0,0,,0,0,0,Suspected Minor Injury,HeadOn,Daylight,Clear,Motor Vehicle-In-Transport On Same Roadway
102725156,Crashes_MPO_2020,2020-06-12,2020,36.0409,-86.77938,False,0,0,,0,0,0,Suspected Minor Injury,Angle,Daylight,Clear,Motor Vehicle-In-Transport On Same Roadway
102725158,Crashes_MPO_2020,2020-06-12,2020,36.04445,-86.68714,False,0,0,,0,0,0,Suspected Minor Injury,Angle,Daylight,Clear,Motor Vehicle-In-Transport On Same Roadway
102725173,Crashes_MPO_2020,2020-06-12,2020,36.03988,-86.741,False,0,0,,0,0,0,Property Damage,Angle,Daylight,Clear,Motor Vehicle-In-Transport On Same Roadway
102725174,Crashes_MPO_2020,2020-06-12,2020,35.93405,-86.81901,False,0,0,,0,0,0,Property Damage,Front to Rear,Daylight,Clear,Motor Vehicle-In-Transport On Same Roadway
102725178,Crashes_MPO_2020,2020-06-12,2020,36.04082,-86.86837,True,0,0,,0,0,0,Suspected Minor Injury,Not Collision with Motor Vehicle in Transport,Dusk,Clear,Deer
102725430,Crashes_MPO_2020,2020-06-12,2020,35.93376,-86.87913,False,0,0,,0,0,0,Property Damage,Not Collision with Motor Vehicle in Transport,Dark-Lighted,Clear,Building
102725472,Crashes_MPO_2020,2020-06-13,2020,36.04084,-86.77347,False,0,0,,0,0,0,Suspected Minor Injury,Not Collision with Motor Vehicle in Transport,Daylight,Clear,Curb
102725625,Crashes_MPO_2020,2020-06-13,2020,35.93622,-86.82798,False,0,0,,0,0,0,Property Damage,"Sideswipe, Same Direction",Daylight,Clear,Motor Vehicle-In-Transport On Same Roadway
102725692,Crashes_MPO_2020,2020-06-13,2020,36.05366,-86.71502,False,0,0,,0,0,0,Property Damage,Front to Rear,Daylight,Clear,Motor Vehicle-In-Transport On Same Roadway
102725787,Crashes_MPO_2020,2020-06-13,2020,35.99927,-86.81687,True,0,0,,0,0,0,Property Damage,Not Collision with Motor Vehicle in Transport,Daylight,Clear,"Over Turn, Roll Over"
102725906,Crashes_MPO_2020,2020-06-13,2020,35.93699,-86.81799,False,0,0,,0,0,0,Property Damage,Front to Rear,Dark-Lighted,Clear,Motor Vehicle-In-Transport On Same Roadway
102725909,Crashes_MPO_2020,2020-06-13,2020,35.93756,-86.76809,False,0,0,,0,0,0,Property Damage,Angle,Daylight,Clear,Motor Vehicle-In-Transport On Same Roadway
102726921,Crashes_MPO_2020,2020-06-13,2020,35.96565,-86.81146,False,0,0,,0,0,0,Property Damage,Front to Rear,Daylight,Clear,Motor Vehicle-In-Transport On Same Roadway
102726988,Crashes_MPO_2020,2020-06-13,2020,35.94607,-86.82434,False,0,0,,0,0,0,Property Damage,Rear to Rear,Dark-Lighted,Clear,Motor Vehicle-In-Transport On Same Roadway
102730514,Crashes_MPO_2020,2020-06-13,2020,35.94036,-86.81681,False,0,0,,0,0,0,Suspected Minor Injury,Front to Rear,Dark-Lighted,Clear,Motor Vehicle-In-Transport On Same Roadway
102725980,Crashes_MPO_2020,2020-06-14,2020,36.0359,-86.71332,False,0,0,,0,0,0,Property Damage,Not Collision with Motor Vehicle in Transport,Dark-Lighted,Clear,Utility Pole
102725992,Crashes_MPO_2020,2020-06-14,2020,35.93277,-86.84724,False,0,0,,0,0,0,Property Damage,Not Collision with Motor Vehicle in Transport,Dark-Not Lighted,Clear,Embankment Earth
102726283,Crashes_MPO_2020,2020-06-14,2020,36.04037,-86.75475,False,0,0,,0,0,0,Property Damage Under,"Sideswipe, Same Direction",Unknown,Unknown,Motor Vehicle-In-Transport On Same Roadway
102726346,Crashes_MPO_2020,2020-06-14,2020,36.05151,-86.71436,False,0,0,,0,0,0,Suspected Minor Injury,Angle,Daylight,Clear,Motor Vehicle-In-Transport On Same Roadway
102726393,Crashes_MPO_2020,2020-06-14,2020,36.03286,-86.71286,False,0,0,,0,0,0,Suspected Minor Injury,Front to Rear,Daylight,Clear,Motor Vehicle-In-Transport On Same Roadway
102726944,Crashes_MPO_2020,2020-06-14,2020,35.93041,-86.82003,False,0,0,,0,0,0,Property Damage Under,Not Collision with Motor Vehicle in Transport,,,
102727481,Crashes_MPO_2020,2020-06-14,2020,35.94778,-86.81994,False,0,0,,0,0,0,Property Damage,Front to Rear,Dusk,Clear,Motor Vehicle-In-Transport On Same Roadway
102726642,Crashes_MPO_2020,2020-06-15,2020,36.04547,-86.71217,False,0,0,,0,0,0,Property Damage,Angle,Daylight,Clear,Motor Vehicle-In-Transport On Same Roadway
102726664,Crashes_MPO_2020,2020-06-15,2020,35.94715,-86.82159,False,0,0,,0,0,0,Property Damage,"Sideswipe, Same Direction",Daylight,Clear,Motor Vehicle-In-Transport On Same Roadway
102726670,Crashes_MPO_2020,2020-06-15,2020,36.04469,-86.84743,False,0,0,,0,0,0,Property Damage,Front to Rear,Daylight,Clear,Motor Vehicle-In-Transport On Same Roadway
102726721,Crashes_MPO_2020,2020-06-15,2020,35.94825,-86.81121,False,0,0,,0,0,0,Property Damage,"Sideswipe, Same Direction",Daylight,Clear,Motor Vehicle-In-Transport On Same Roadway
102726768,Crashes_MPO_2020,2020-06-15,2020,35.93447,-86.861,False,0,0,,0,0,0,Property Damage,Front to Rear,Daylight,Clear,Motor Vehicle-In-Transport On Same Roadway
102727318,Crashes_MPO_2020,2020-06-16,2020,36.04376,-86.69299,False,0,0,,0,0,0,Property Damage,Front to Rear,Daylight,Clear,Motor Vehicle-In-Transport On Same Roadway
102727376,Crashes_MPO_2020,2020-06-16,2020,35.99664,-86.76702,True,0,0,,0,0,0,Property Damage,Not Collision with Motor Vehicle in Transport,Daylight,Clear,Highway Traffic Sign Post
102727426,Crashes_MPO_2020,2020-06-16,2020,35.96664,-86.81074,True,0,0,,0,0,0,Property Damage,Front to Rear,Daylight,Clear,Motor Vehicle-In-Transport On Same Roadway
102727451,Crashes_MPO_2020,2020-06-16,2020,35.92569,-86.87291,False,0,0,,0,0,0,Property Damage Under,Front to Rear,Daylight,Clear,Motor Vehicle-In-Transport On Same Roadway
102727507,Crashes_MPO_2020,2020-06-16,2020,35.9667,-86.81121,True,0,0,,0,0,0,Property Damage,"Sideswipe, Same Direction",Daylight,Clear,Motor Vehicle-In-Transport On Same Roadway
102727598,Crashes_MPO_2020,2020-06-16,2020,36.04014,-86.74459,False,0,0,,0,0,0,Property Damage,Angle,Dark-Lighted,Clear,Motor Vehicle-In-Transport On Same Roadway
102727808,Crashes_MPO_2020,2020-06-16,2020,36.04828,-86.86626,False,0,0,,0,0,0,Property Damage,Not Collision with Motor Vehicle in Transport,Daylight,Clear,Guard Rail Face
102728834,Crashes_MPO_2020,2020-06-16,2020,36.02147,-86.70084,False,0,1,,0,0,1,Suspected Minor Injury,Not Collision with Motor Vehicle in Transport,Daylight,Clear,Pedal-Cycle
102729962,Crashes_MPO_2020,2020-06-16,2020,35.9285,-86.7639,False,0,0,,0,0,0,Property Damage,Not Collision with Motor Vehicle in Transport,Daylight,Clear,Culvert
102727955,Crashes_MPO_2020,2020-06-17,2020,35.93191,-86.794,False,0,0,,0,0,0,Property Damage Under,"Sideswipe, Same Direction",Daylight,Clear,Motor Vehicle-In-Transport On Same Roadway
102727829,Crashes_MPO_2020,2020-06-17,2020,36.05381,-86.71507,False,0,0,,0,0,0,Property Damage,Front to Rear,Daylight,Clear,Motor Vehicle-In-Transport On Same Roadway
102727837,Crashes_MPO_2020,2020-06-17,2020,35.92625,-86.81619,False,1,0,,0,0,0,Fatal,Not Collision with Motor Vehicle in Transport,Dark-Lighted,Clear,Curb
102727840,Crashes_MPO_2020,2020-06-17,2020,35.94687,-86.85168,False,0,0,,0,0,0,Property Damage Under,Front to Rear,Daylight,Cloudy,Motor Vehicle-In-Transport On Same Roadway
102727922,Crashes_MPO_2020,2020-06-17,2020,36.03462,-86.68777,False,0,0,,0,0,0,Property Damage,Not Collision with Motor Vehicle in Transport,Daylight,Clear,Standing Tree
102728043,Crashes_MPO_2020,2020-06-17,2020,35.96756,-86.8167,True,0,0,,0,0,0,Property Damage,Front to Rear,Daylight,Clear,Motor Vehicle-In-Transport On Same Roadway
102728051,Crashes_MPO_2020,2020-06-17,2020,35.93503,-86.82183,False,0,0,,0,0,0,Property Damage,Angle,Daylight,Cloudy,Motor Vehicle-In-Transport On Same Roadway
102728072,Crashes_MPO_2020,2020-06-17,2020,36.03119,-86.8755,False,0,0,,0,0,0,Property Damage,Not Collision with Motor Vehicle in Transport,Daylight,Clear,Ditch
102728380,Crashes_MPO_2020,2020-06-17,2020,35.94162,-86.82007,False,0,0,,0,0,0,Property Damage,"Sideswipe, Same Direction",Daylight,Clear,Motor Vehicle-In-Transport On Same Roadway
102729799,Crashes_MPO_2020,2020-06-17,2020,36.02729,-86.79207,True,0,0,,0,0,0,Property Damage,Angle,Daylight,Cloudy,Motor Vehicle-In-Transport On Same Roadway
102728223,Crashes_MPO_2020,2020-06-18,2020,35.9273,-86.7399,False,0,0,,0,0,0,Suspected Minor Injury,Not Collision with Motor Vehicle in Transport,Dark-Not Lighted,Clear,Ditch
102728368,Crashes_MPO_2020,2020-06-18,2020,35.98933,-86.74191,True,0,0,,0,0,0,Property Damage,Front to Rear,Daylight,Clear,Motor Vehicle-In-Transport On Same Roadway
102728391,Crashes_MPO_2020,2020-06-18,2020,36.04829,-86.86631,False,0,0,,0,0,0,Property Damage,Front to Rear,Daylight,Cloudy,Motor Vehicle-In-Transport On Same Roadway
102728574,Crashes_MPO_2020,2020-06-18,2020,35.94475,-86.82827,False,0,0,,0,0,0,Property Damage,Front to Rear,Daylight,Clear,Motor Vehicle-In-Transport On Same Roadway
102728584,Crashes_MPO_2020,2020-06-18,2020,35.93719,-86.80097,False,0,0,,0,0,0,Property Damage,Angle,Daylight,Clear,Parked Motor Vehicle
102728597,Crashes_MPO_2020,2020-06-18,2020,35.94772,-86.69759,False,0,0,,0,0,0,Property Damage,Not Collision with Motor Vehicle in Transport,Daylight,Clear,Embankment Earth
102728620,Crashes_MPO_2020,2020-06-18,2020,35.96174,-86.81405,False,0,0,,0,0,0,Property Damage Under,Angle,Daylight,Clear,Motor Vehicle-In-Transport On Same Roadway
102728657,Crashes_MPO_2020,2020-06-18,2020,35.96198,-86.81518,False,0,0,,0,0,0,Property Damage Under,Not Collision with Motor Vehicle in Transport,,,
102728737,Crashes_MPO_2020,2020-06-18,2020,36.03555,-86.7133,False,0,0,,1,0,0,Suspected Serious Injury,HeadOn,Dark-Lighted,Clear,Motor Vehicle-In-Transport On Same Roadway
102729086,Crashes_MPO_2020,2020-06-18,2020,36.00279,-86.80737,True,1,0,,0,0,0,Fatal,HeadOn,Dark-Not Lighted,Clear,Motor Vehicle-In-Transport On Same Roadway
102729433,Crashes_MPO_2020,2020-06-18,2020,35.99922,-86.80923,True,0,0,,0,0,0,Property Damage,Angle,Daylight,Clear,Motor Vehicle-In-Transport On Same Roadway
102729045,Crashes_MPO_2020,2020-06-19,2020,35.93191,-86.794,False,0,0,,0,0,0,Property Damage,Angle,Daylight,Clear,Motor Vehicle-In-Transport On Same Roadway
102729208,Crashes_MPO_2020,2020-06-19,2020,36.04181,-86.71593,False,0,0,,0,0,0,Property Damage,HeadOn,Daylight,Clear,Parked Motor Vehicle
102729538,Crashes_MPO_2020,2020-06-20,2020,36.03658,-86.79084,True,0,0,,0,0,0,Property Damage,"Sideswipe, Opposite Direction",Daylight,Clear,Motor Vehicle-In-Transport On Same Roadway
102729577,Crashes_MPO_2020,2020-06-20,2020,36.04646,-86.71339,False,0,0,,0,0,0,Property Damage,Angle,Daylight,Clear,Motor Vehicle-In-Transport On Same Roadway
102729608,Crashes_MPO_2020,2020-06-20,2020,36.03981,-86.78328,False,0,0,,0,0,0,Property Damage,Not Collision with Motor Vehicle in Transport,Daylight,Clear,Shrubbery
102729613,Crashes_MPO_2020,2020-06-20,2020,35.92642,-86.81602,False,0,0,,0,0,0,Property Damage Under,Not Collision with Motor Vehicle in Transport,,,
102729668,Crashes_MPO_2020,2020-06-20,2020,35.99831,-86.69189,False,0,0,,0,0,0,Property Damage Under,Not Collision with Motor Vehicle in Transport,,,
102729807,Crashes_MPO_2020,2020-06-20,2020,36.02563,-86.81037,True,0,0,,0,0,0,Property Damage,Other,Dark-Not Lighted,Clear,Parked Motor Vehicle
102729855,Crashes_MPO_2020,2020-06-20,2020,36.04168,-86.74801,False,0,0,,0,0,0,Possible Injury,"Sideswipe, Same Direction",Dark-Lighted,Clear,Motor Vehicle-In-Transport On Same Roadway
102732048,Crashes_MPO_2020,2020-06-20,2020,35.95878,-86.80441,False,0,0,,0,0,0,Suspected Minor Injury,Angle,Dark-Lighted,Clear,Motor Vehicle-In-Transport On Same Roadway
102730178,Crashes_MPO_2020,2020-06-20,2020,35.97102,-86.67835,False,0,0,,0,0,0,Property Damage,Angle,Daylight,Clear,Motor Vehicle-In-Transport On Same Roadway
102730328,Crashes_MPO_2020,2020-06-20,2020,35.9597,-86.81201,False,0,0,,0,0,0,Property Damage,Unknown,Unknown,Clear,Parked Motor Vehicle
102730900,Crashes_MPO_2020,2020-06-20,2020,35.97776,-86.80359,True,0,0,,0,0,0,Property Damage,Front to Rear,Dark-Lighted,Clear,Motor Vehicle-In-Transport On Same Roadway
102731127,Crashes_MPO_2020,2020-06-20,2020,35.966692,-86.680917,False,0,0,,0,0,0,Property Damage,Front to Rear,Daylight,Clear,Motor Vehicle-In-Transport On Same Roadway
102731367,Crashes_MPO_2020,2020-06-20,2020,35.9265,-86.83766,False,0,0,,0,0,0,Property Damage Under,Not Collision with Motor Vehicle in Transport,Dark-Lighted,Clear,Ditch
102731600,Crashes_MPO_2020,2020-06-20,2020,35.92735,-86.86868,False,0,0,,0,0,0,Property Damage,Front to Rear,Daylight,Clear,Motor Vehicle-In-Transport On Same Roadway
102730105,Crashes_MPO_2020,2020-06-21,2020,35.94778,-86.81994,False,0,0,,0,0,0,Property Damage Under,Front to Rear,Daylight,Rain,Motor Vehicle-In-Transport On Same Roadway
102730200,Crashes_MPO_2020,2020-06-21,2020,36.02547,-86.71305,False,0,0,,0,0,0,Possible Injury,Angle,Daylight,Cloudy,Motor Vehicle-In-Transport On Same Roadway
102730202,Crashes_MPO_2020,2020-06-21,2020,36.02783,-86.78429,True,0,0,,0,0,0,Property Damage,Not Collision with Motor Vehicle in Transport,Daylight,Rain,Concrete Traffic Barrier
102730247,Crashes_MPO_2020,2020-06-21,2020,36.05179,-86.71432,False,0,0,,0,0,0,Suspected Minor Injury,Not Collision with Motor Vehicle in Transport,Daylight,Clear,Other Non-Collision
102730581,Crashes_MPO_2020,2020-06-22,2020,35.99107,-86.77834,True,0,0,,0,0,0,Property Damage,Front to Rear,Daylight,Clear,Motor Vehicle-In-Transport On Same Roadway
102730600,Crashes_MPO_2020,2020-06-22,2020,36.03426,-86.7882,True,0,0,,0,0,0,Property Damage,Front to Rear,Daylight,Cloudy,Motor Vehicle-In-Transport On Same Roadway
102730624,Crashes_MPO_2020,2020-06-22,2020,35.93107,-86.87832,False,0,0,,0,0,0,Property Damage Under,Not Collision with Motor Vehicle in Transport,Daylight,Clear,Embankment Rock/Stone/Concrete
102730772,Crashes_MPO_2020,2020-06-22,2020,35.9951,-86.77444,True,0,0,,0,0,0,Property Damage,Angle,Daylight,Cloudy,Motor Vehicle-In-Transport On Same Roadway
102730783,Crashes_MPO_2020,2020-06-22,2020,35.92391,-86.87162,False,0,0,,0,0,0,Property Damage,Front to Rear,Daylight,Clear,Motor Vehicle-In-Transport On Same Roadway
102730796,Crashes_MPO_2020,2020-06-22,2020,36.05317,-86.70143,False,0,0,,0,0,0,Property Damage,"Sideswipe, Same Direction",Daylight,Clear,Parked Motor Vehicle
102730834,Crashes_MPO_2020,2020-06-22,2020,36.04084,-86.77347,False,0,0,,0,0,0,Property Damage,Front to Rear,Daylight,Clear,Motor Vehicle-In-Transport On Same Roadway
102730864,Crashes_MPO_2020,2020-06-22,2020,35.9924,-86.70076,True,0,0,,0,0,0,Possible Injury,Not Collision with Motor Vehicle in Transport,Dark-Not Lighted,Rain,Deer
102730885,Crashes_MPO_2020,2020-06-22,2020,36.04581,-86.70132,False,0,0,,0,0,0,Property Damage Under,Not Collision with Motor Vehicle in Transport,,,
102731029,Crashes_MPO_2020,2020-06-22,2020,36.04986,-86.74347,False,0,0,,0,0,0,Property Damage,Front to Rear,Daylight,Clear,Motor Vehicle-In-Transport On Same Roadway
102732224,Crashes_MPO_2020,2020-06-23,2020,36.02412,-86.78597,True,0,0,,0,0,0,Suspected Minor Injury,"Sideswipe, Same Direction",Daylight,Clear,Motor Vehicle-In-Transport On Same Roadway
102731056,Crashes_MPO_2020,2020-06-23,2020,36.04695,-86.86132,False,0,0,,0,0,0,Property Damage,Front to Rear,Daylight,Clear,Motor Vehicle-In-Transport On Same Roadway
102731072,Crashes_MPO_2020,2020-06-23,2020,35.98635,-86.73664,True,0,0,,0,0,0,Property Damage,Angle,Daylight,Clear,Motor Vehicle-In-Transport On Same Roadway
102731100,Crashes_MPO_2020,2020-06-23,2020,36.01241,-86.68841,False,0,0,,0,0,0,Possible Injury,Angle,Daylight,Clear,Motor Vehicle-In-Transport On Same Roadway
102731293,Crashes_MPO_2020,2020-06-23,2020,36.03614,-86.78938,True,0,0,,0,0,0,Property Damage,Angle,Daylight,Clear,Motor Vehicle-In-Transport On Same Roadway
102731294,Crashes_MPO_2020,2020-06-23,2020,36.02478,-86.7856,True,0,0,,1,0,0,Suspected Serious Injury,Not Collision with Motor Vehicle in Transport,Daylight,Clear,"Over Turn, Roll Over"
102731344,Crashes_MPO_2020,2020-06-23,2020,36.04013,-86.81603,False,0,0,,0,0,0,Property Damage,Front to Rear,Daylight,Clear,Motor Vehicle-In-Transport On Same Roadway
102731388,Crashes_MPO_2020,2020-06-23,2020,35.94699,-86.81153,False,0,0,,0,0,0,Property Damage,Angle,Dark-Lighted,Clear,Motor Vehicle-In-Transport On Same Roadway