record_no,source_layer,collision_ts,crash_year,latitude,longitude,in_city,fatalities,non_motorists,truck_involved,serious_injuries,pedestrian,bicycle,crash_type,manner_of_collision,lighting,weather,first_harmful_event
102736985,Crashes_MPO_2020,2020-06-24,2020,35.965886,-86.805876,True,0,0,,0,0,0,Possible Injury,Angle,Daylight,Clear,Motor Vehicle-In-Transport On Same Roadway
102731790,Crashes_MPO_2020,2020-06-24,2020,35.92587,-86.87305,False,0,0,,0,0,0,Property Damage Under,Angle,Daylight,Clear,Motor Vehicle-In-Transport On Same Roadway
102734846,Crashes_MPO_2020,2020-06-24,2020,35.93393,-86.8176,False,0,1,,0,1,0,Suspected Minor Injury,Not Collision with Motor Vehicle in Transport,Daylight,Clear,Pedestrian
102731443,Crashes_MPO_2020,2020-06-24,2020,35.94758,-86.85671,False,0,0,,0,0,0,Possible Injury,Not Collision with Motor Vehicle in Transport,Dark-Not Lighted,Clear,Deer
102731547,Crashes_MPO_2020,2020-06-24,2020,36.02241,-86.78686,True,0,0,,0,0,0,Suspected Minor Injury,Not Collision with Motor Vehicle in Transport,Daylight,Clear,Concrete Traffic Barrier
102731565,Crashes_MPO_2020,2020-06-24,2020,35.98289,-86.80204,True,0,0,,0,0,0,Possible Injury,Front to Rear,Daylight,Cloudy,Motor Vehicle-In-Transport On Same Roadway
102731585,Crashes_MPO_2020,2020-06-24,2020,36.03865,-86.78318,False,0,0,,0,0,0,Property Damage,"Sideswipe, Same Direction",Daylight,Clear,Motor Vehicle-In-Transport On Same Roadway
102731604,Crashes_MPO_2020,2020-06-24,2020,36.04531,-86.71381,False,0,0,,0,0,0,Property Damage,Rear to Side,Daylight,Cloudy,Parked Motor Vehicle
102732223,Crashes_MPO_2020,2020-06-25,2020,36.04058,-86.81741,False,0,0,,0,0,0,Property Damage,Front to Rear,Daylight,Clear,Motor Vehicle-In-Transport On Same Roadway
102732398,Crashes_MPO_2020,2020-06-25,2020,35.92957,-86.84187,False,0,0,,0,0,0,Property Damage Under,Angle,Daylight,Clear,Motor Vehicle-In-Transport On Same Roadway
102732424,Crashes_MPO_2020,2020-06-25,2020,36.0485,-86.71351,False,0,0,,0,0,0,Possible Injury,Angle,Daylight,Clear,Motor Vehicle-In-Transport On Same Roadway
102732986,Crashes_MPO_2020,2020-06-25,2020,36.0244,-86.79371,True,0,0,,0,0,0,Possible Injury,Angle,Daylight,Clear,Motor Vehicle-In-Transport On Same Roadway
102732597,Crashes_MPO_2020,2020-06-26,2020,36.01233,-86.82822,True,0,0,,0,0,0,Suspected Minor Injury,Not Collision with Motor Vehicle in Transport,Dark-Lighted,Clear,Standing Tree
102732644,Crashes_MPO_2020,2020-06-26,2020,36.0196,-86.78686,True,0,0,,0,0,0,Property Damage,Not Collision with Motor Vehicle in Transport,Daylight,Clear,Deer
102732744,Crashes_MPO_2020,2020-06-26,2020,36.03551,-86.78748,True,0,0,,0,0,0,Property Damage Under,Not Collision with Motor Vehicle in Transport,,,
102733062,Crashes_MPO_2020,2020-06-26,2020,36.04542,-86.71835,False,0,0,,0,0,0,Possible Injury,Angle,Daylight,Clear,Motor Vehicle-In-Transport On Same Roadway
102733069,Crashes_MPO_2020,2020-06-26,2020,36.02308,-86.74941,False,0,0,,0,0,0,Property Damage,Not Collision with Motor Vehicle in Transport,Daylight,Clear,Mail Box
102733754,Crashes_MPO_2020,2020-06-26,2020,35.92903,-86.84903,False,0,2,,0,0,1,Possible Injury,Not Collision with Motor Vehicle in Transport,Daylight,Clear,Pedal-Cycle
102733408,Crashes_MPO_2020,2020-06-27,2020,36.01145,-86.78486,True,0,0,,0,0,0,Property Damage,Not Collision with Motor Vehicle in Transport,Daylight,Clear,Guard Rail Face
102733622,Crashes_MPO_2020,2020-06-27,2020,35.99322,-86.72387,True,0,0,,0,0,0,Property Damage Under,Not Collision with Motor Vehicle in Transport,Dark-Lighted,Clear,Curb
102734006,Crashes_MPO_2020,2020-06-27,2020,35.94952,-86.81928,False,0,0,,0,0,0,Property Damage,Angle,Daylight,Clear,Motor Vehicle-In-Transport On Same Roadway
102734224,Crashes_MPO_2020,2020-06-27,2020,36.02844,-86.79142,True,0,0,,0,0,0,Property Damage,Angle,Daylight,Cloudy,Motor Vehicle-In-Transport On Same Roadway
102735773,Crashes_MPO_2020,2020-06-28,2020,36.01689,-86.78609,True,0,0,,0,0,0,Property Damage,Not Collision with Motor Vehicle in Transport,Daylight,Cloudy,Wall
102737142,Crashes_MPO_2020,2020-06-28,2020,35.94478,-86.81949,False,0,0,,0,0,0,Property Damage Under,Angle,Daylight,Clear,Motor Vehicle-In-Transport On Same Roadway
102733978,Crashes_MPO_2020,2020-06-28,2020,35.964,-86.77175,True,0,0,,0,0,0,Property Damage,Front to Rear,Daylight,Rain,Motor Vehicle-In-Transport On Same Roadway
102734059,Crashes_MPO_2020,2020-06-28,2020,36.03752,-86.7864,False,0,0,,0,0,0,Suspected Minor Injury,"Sideswipe, Opposite Direction",Dark-Lighted,Clear,Motor Vehicle-In-Transport On Same Roadway
102737431,Crashes_MPO_2020,2020-06-29,2020,35.9486,-86.8459,False,0,0,,0,0,0,Property Damage,Not Collision with Motor Vehicle in Transport,Dark-Lighted,Cloudy,Curb
102734246,Crashes_MPO_2020,2020-06-29,2020,36.04362,-86.69288,False,0,0,,0,0,0,Property Damage,Not Collision with Motor Vehicle in Transport,Daylight,Clear,Other Post/Pole Support
102734401,Crashes_MPO_2020,2020-06-29,2020,36.03995,-86.73915,False,0,0,,0,0,0,Property Damage Under,Not Collision with Motor Vehicle in Transport,Daylight,Clear,Other Fixed Object
102734441,Crashes_MPO_2020,2020-06-29,2020,36.01257,-86.83017,True,0,0,,0,0,0,Property Damage,Front to Rear,Daylight,Clear,Motor Vehicle-In-Transport On Same Roadway
102734489,Crashes_MPO_2020,2020-06-29,2020,36.03051,-86.72126,False,0,0,,0,0,0,Property Damage,Not Collision with Motor Vehicle in Transport,Daylight,Rain,Mail Box
102734552,Crashes_MPO_2020,2020-06-29,2020,35.99643,-86.78798,True,0,0,,0,0,0,Property Damage,Angle,Daylight,Rain,Motor Vehicle-In-Transport On Same Roadway
102734858,Crashes_MPO_2020,2020-06-30,2020,35.96845,-86.81905,True,0,0,,0,0,0,Property Damage,Front to Rear,Daylight,Cloudy,Motor Vehicle-In-Transport On Same Roadway
102734865,Crashes_MPO_2020,2020-06-30,2020,36.03422,-86.78338,True,0,0,,0,0,0,Property Damage Under,Not Collision with Motor Vehicle in Transport,,,
102734876,Crashes_MPO_2020,2020-06-30,2020,36.03755,-86.78509,False,0,0,,0,0,0,Property Damage,Front to Rear,Daylight,Rain,Motor Vehicle-In-Transport On Same Roadway
102734942,Crashes_MPO_2020,2020-06-30,2020,35.99095,-86.75159,True,0,0,,0,0,0,Property Damage Under,Not Collision with Motor Vehicle in Transport,,,
102734954,Crashes_MPO_2020,2020-06-30,2020,35.96174,-86.80191,True,0,0,,0,0,0,Property Damage,Front to Rear,Daylight,Clear,Motor Vehicle-In-Transport On Same Roadway
102734968,Crashes_MPO_2020,2020-06-30,2020,36.04531,-86.70166,False,0,0,,0,0,0,Property Damage Under,Not Collision with Motor Vehicle in Transport,Daylight,Cloudy,Curb
102735078,Crashes_MPO_2020,2020-06-30,2020,36.04525,-86.71445,False,0,0,,0,0,0,Property Damage,Angle,Daylight,Cloudy,Motor Vehicle-In-Transport On Same Roadway
102735086,Crashes_MPO_2020,2020-06-30,2020,36.04114,-86.77621,False,0,0,,0,0,0,Property Damage,Front to Rear,Daylight,Rain,Motor Vehicle-In-Transport On Same Roadway
102735093,Crashes_MPO_2020,2020-06-30,2020,36.03419,-86.78338,True,0,0,,0,0,0,Property Damage,Front to Rear,Daylight,Rain,Motor Vehicle-In-Transport On Same Roadway
102735521,Crashes_MPO_2020,2020-07-01,2020,35.93783,-86.70649,False,0,0,,0,0,0,Property Damage,Not Collision with Motor Vehicle in Transport,Daylight,Cloudy,Utility Pole
102735601,Crashes_MPO_2020,2020-07-01,2020,36.04659,-86.68322,False,0,0,,0,0,0,Property Damage,"Sideswipe, Same Direction",Daylight,Clear,Motor Vehicle-In-Transport On Same Roadway
102735607,Crashes_MPO_2020,2020-07-01,2020,36.0403,-86.7686,False,0,0,,0,0,0,Property Damage,Front to Rear,Daylight,Cloudy,Motor Vehicle-In-Transport On Same Roadway
102735626,Crashes_MPO_2020,2020-07-01,2020,36.03322,-86.78531,True,0,0,,0,0,0,Property Damage,Angle,Daylight,Cloudy,Motor Vehicle-In-Transport On Same Roadway
102735421,Crashes_MPO_2020,2020-07-01,2020,36.05366,-86.7149,False,0,0,,0,0,0,Suspected Minor Injury,Angle,Daylight,,Motor Vehicle-In-Transport On Same Roadway
102735481,Crashes_MPO_2020,2020-07-01,2020,35.96667,-86.81093,True,0,0,,0,0,0,Property Damage,Angle,Daylight,Clear,Motor Vehicle-In-Transport On Same Roadway
102735892,Crashes_MPO_2020,2020-07-02,2020,36.03352,-86.71298,False,0,0,,0,0,0,Property Damage,Angle,Daylight,Clear,Motor Vehicle-In-Transport On Same Roadway
102736039,Crashes_MPO_2020,2020-07-02,2020,35.93679,-86.77316,False,0,0,,0,0,0,Property Damage Under,Front to Rear,Daylight,Cloudy,Motor Vehicle-In-Transport On Same Roadway
102736044,Crashes_MPO_2020,2020-07-02,2020,35.99079,-86.75111,True,0,0,,0,0,0,Suspected Minor Injury,Front to Rear,Daylight,Clear,Motor Vehicle-In-Transport On Same Roadway
102736114,Crashes_MPO_2020,2020-07-02,2020,35.97334,-86.83305,True,0,0,,0,0,0,Property Damage,Angle,Daylight,Clear,Motor Vehicle-In-Transport On Same Roadway
102736148,Crashes_MPO_2020,2020-07-02,2020,35.96705,-86.81355,True,0,0,,0,0,0,Property Damage,"Sideswipe, Same Direction",Daylight,Clear,Motor Vehicle-In-Transport On Same Roadway
102736265,Crashes_MPO_2020,2020-07-02,2020,36.02277,-86.68053,False,0,0,,0,0,0,Suspected Minor Injury,Front to Rear,Dark-Lighted,Clear,Motor Vehicle-In-Transport On Same Roadway
102736317,Crashes_MPO_2020,2020-07-02,2020,35.93286,-86.78344,False,0,0,,0,0,0,Property Damage,Not Collision with Motor Vehicle in Transport,Dark-Lighted,Clear,Curb
102739887,Crashes_MPO_2020,2020-07-02,2020,35.96443,-86.8082,False,0,0,,0,0,0,Property Damage,"Sideswipe, Same Direction",Daylight,Clear,Motor Vehicle-In-Transport On Same Roadway
102736392,Crashes_MPO_2020,2020-07-03,2020,36.04713,-86.86204,False,0,0,,0,0,0,Property Damage,Front to Rear,Daylight,Clear,Motor Vehicle-In-Transport On Same Roadway
102736477,Crashes_MPO_2020,2020-07-03,2020,36.05151,-86.71436,False,0,0,,0,0,0,Possible Injury,Front to Rear,Daylight,Clear,Motor Vehicle-In-Transport On Same Roadway
102736631,Crashes_MPO_2020,2020-07-03,2020,35.95889,-86.81598,False,0,0,,0,0,0,Suspected Minor Injury,HeadOn,Daylight,Clear,Motor Vehicle-In-Transport On Same Roadway
102736633,Crashes_MPO_2020,2020-07-03,2020,35.95004,-86.80682,False,0,0,,0,0,0,Property Damage,"Sideswipe, Same Direction",Daylight,Clear,Motor Vehicle-In-Transport On Same Roadway
102736673,Crashes_MPO_2020,2020-07-03,2020,35.93401,-86.71287,False,0,0,,0,0,0,Property Damage,Front to Rear,Daylight,Clear,Motor Vehicle-In-Transport On Same Roadway
102736796,Crashes_MPO_2020,2020-07-03,2020,35.95937,-86.76844,True,0,0,,0,0,0,Suspected Minor Injury,HeadOn,Daylight,Clear,Motor Vehicle-In-Transport On Same Roadway
102736881,Crashes_MPO_2020,2020-07-03,2020,35.96539,-86.80049,True,0,0,,0,0,0,Property Damage Under,Front to Rear,Dark-Lighted,Clear,Motor Vehicle-In-Transport On Same Roadway
102737238,Crashes_MPO_2020,2020-07-03,2020,35.95992,-86.80243,False,0,0,,0,0,0,Property Damage,"Sideswipe, Opposite Direction",Daylight,Clear,Parked Motor Vehicle
102737195,Crashes_MPO_2020,2020-07-04,2020,36.0409,-86.77938,False,0,0,,0,0,0,Property Damage,Angle,Daylight,Clear,Motor Vehicle-In-Transport On Same Roadway
102737359,Crashes_MPO_2020,2020-07-04,2020,35.95721,-86.84339,False,0,0,,0,0,0,Property Damage,Angle,Dark-Lighted,Cloudy,Motor Vehicle-In-Transport On Same Roadway
102737991,Crashes_MPO_2020,2020-07-04,2020,35.9431,-86.82291,False,0,0,,0,0,0,Property Damage,Front to Rear,Daylight,Clear,Motor Vehicle-In-Transport On Same Roadway
102739327,Crashes_MPO_2020,2020-07-04,2020,35.95837,-86.81029,False,1,0,,0,0,0,Fatal,Not Collision with Motor Vehicle in Transport,Dark-Lighted,Clear,Standing Tree
102737938,Crashes_MPO_2020,2020-07-06,2020,35.93606,-86.69258,False,0,0,,0,0,0,Property Damage,Rear to Side,Daylight,Cloudy,Set In Motion By Motor Vehicle
102737951,Crashes_MPO_2020,2020-07-06,2020,35.94708,-86.85152,False,0,0,,0,0,0,Property Damage,"Sideswipe, Same Direction",Daylight,Clear,Motor Vehicle-In-Transport On Same Roadway
102737962,Crashes_MPO_2020,2020-07-06,2020,36.04481,-86.84894,False,0,0,,0,0,0,Property Damage,Front to Rear,Daylight,Clear,Motor Vehicle-In-Transport On Same Roadway
102738028,Crashes_MPO_2020,2020-07-06,2020,36.04811,-86.71359,False,0,0,,0,0,0,Property Damage,Angle,Daylight,Clear,Motor Vehicle-In-Transport On Same Roadway
102738485,Crashes_MPO_2020,2020-07-06,2020,35.95357,-86.81552,False,0,0,,0,0,0,Property Damage,Not Collision with Motor Vehicle in Transport,Daylight,Cloudy,Building
102738955,Crashes_MPO_2020,2020-07-06,2020,36.02913,-86.84194,True,0,0,,0,0,0,Property Damage,"Sideswipe, Opposite Direction",Daylight,Clear,Parked Motor Vehicle
102738558,Crashes_MPO_2020,2020-07-07,2020,35.97341,-86.83298,True,0,0,,0,0,0,Property Damage,Front to Rear,Daylight,Clear,Motor Vehicle-In-Transport On Same Roadway
102738565,Crashes_MPO_2020,2020-07-07,2020,35.92685,-86.84811,False,0,0,,0,0,0,Property Damage Under,Rear to Side,Daylight,Clear,Parked Motor Vehicle
102738765,Crashes_MPO_2020,2020-07-07,2020,36.04621,-86.71336,False,0,0,,0,0,0,Property Damage Under,Not Collision with Motor Vehicle in Transport,,,
102738865,Crashes_MPO_2020,2020-07-07,2020,36.02844,-86.79142,True,0,0,,0,0,0,Possible Injury,Front to Rear,Daylight,Clear,Motor Vehicle-In-Transport On Same Roadway
102739094,Crashes_MPO_2020,2020-07-07,2020,35.92534,-86.8767,False,0,0,,0,0,0,Property Damage,Not Collision with Motor Vehicle in Transport,Daylight,Clear,Building
102739105,Crashes_MPO_2020,2020-07-07,2020,36.04401,-86.69343,False,0,0,,0,0,0,Property Damage,Front to Rear,Dark-Lighted,Clear,Motor Vehicle-In-Transport On Same Roadway
102741883,Crashes_MPO_2020,2020-07-07,2020,35.95164,-86.80814,False,0,0,,0,0,0,Property Damage,Unknown,Dark-Lighted,Clear,Motor Vehicle-In-Transport On Same Roadway
102738993,Crashes_MPO_2020,2020-07-08,2020,35.95114,-86.80778,False,0,0,,0,0,0,Property Damage,Angle,Daylight,Clear,Motor Vehicle-In-Transport On Same Roadway
102739006,Crashes_MPO_2020,2020-07-08,2020,36.03075,-86.78476,True,0,0,,0,0,0,Property Damage,Angle,Daylight,Cloudy,Motor Vehicle-In-Transport On Same Roadway
102739031,Crashes_MPO_2020,2020-07-08,2020,36.02769,-86.79184,True,0,0,,0,0,0,Property Damage Under,Not Collision with Motor Vehicle in Transport,,,
102739141,Crashes_MPO_2020,2020-07-08,2020,35.93219,-86.79405,False,0,0,,0,0,0,Property Damage,Angle,Daylight,Clear,Motor Vehicle-In-Transport On Same Roadway
102739226,Crashes_MPO_2020,2020-07-08,2020,36.02147,-86.78733,True,0,0,,0,0,0,Property Damage,Not Collision with Motor Vehicle in Transport,Dusk,Rain,Concrete Traffic Barrier
102739313,Crashes_MPO_2020,2020-07-08,2020,36.04647,-86.7771,False,0,0,,0,0,0,Property Damage,Angle,Dark-Not Lighted,Clear,Motor Vehicle-In-Transport On Same Roadway
102739421,Crashes_MPO_2020,2020-07-08,2020,35.97698,-86.72559,True,0,0,,0,0,0,Property Damage,Front to Rear,Daylight,Clear,Motor Vehicle-In-Transport On Same Roadway
102739609,Crashes_MPO_2020,2020-07-08,2020,36.0374,-86.78663,False,0,0,,0,0,0,Suspected Minor Injury,HeadOn,Dark-Lighted,Clear,Motor Vehicle-In-Transport On Same Roadway
102739490,Crashes_MPO_2020,2020-07-09,2020,35.9476,-86.81992,False,0,0,,0,0,0,Property Damage Under,Not Collision with Motor Vehicle in Transport,,,
102739504,Crashes_MPO_2020,2020-07-09,2020,36.04367,-86.71307,False,0,0,,0,0,0,Possible Injury,Front to Rear,Daylight,Clear,Motor Vehicle-In-Transport On Same Roadway
102739679,Crashes_MPO_2020,2020-07-09,2020,36.01831,-86.7552,True,0,0,,0,0,0,Property Damage,"Sideswipe, Opposite Direction",Daylight,Rain,Motor Vehicle-In-Transport On Same Roadway
102739826,Crashes_MPO_2020,2020-07-09,2020,35.99647,-86.69029,False,0,0,,0,0,0,Property Damage,Angle,Daylight,Clear,Motor Vehicle-In-Transport On Same Roadway
102739995,Crashes_MPO_2020,2020-07-09,2020,35.93722,-86.87879,False,0,0,,0,0,0,Property Damage,Angle,Daylight,Clear,Motor Vehicle-In-Transport On Same Roadway
102740114,Crashes_MPO_2020,2020-07-09,2020,35.99723,-86.79415,True,0,0,,0,0,0,Property Damage,Front to Rear,Daylight,Cloudy,Motor Vehicle-In-Transport On Same Roadway
102745108,Crashes_MPO_2020,2020-07-09,2020,35.9638,-86.80842,False,0,0,,0,0,0,Suspected Minor Injury,Front to Rear,Daylight,Clear,Motor Vehicle-In-Transport On Same Roadway
102741592,Crashes_MPO_2020,2020-07-09,2020,35.96454,-86.81434,False,0,0,,0,0,0,Possible Injury,Angle,Daylight,Clear,Motor Vehicle-In-Transport On Same Roadway
102740010,Crashes_MPO_2020,2020-07-10,2020,36.04852,-86.86171,False,0,0,,0,0,0,Property Damage,"Sideswipe, Same Direction",Daylight,Clear,Motor Vehicle-In-Transport On Same Roadway
102740040,Crashes_MPO_2020,2020-07-10,2020,35.95911,-86.80187,False,0,0,,0,0,0,Property Damage,Angle,Daylight,Clear,Motor Vehicle-In-Transport On Same Roadway
102740218,Crashes_MPO_2020,2020-07-10,2020,36.041,-86.71282,False,0,0,,0,0,0,Property Damage Under,Not Collision with Motor Vehicle in Transport,,,
102740240,Crashes_MPO_2020,2020-07-10,2020,36.04063,-86.77147,False,0,0,,0,0,0,Property Damage,Front to Rear,Daylight,Clear,Motor Vehicle-In-Transport On Same Roadway
102740300,Crashes_MPO_2020,2020-07-10,2020,35.94114,-86.83623,False,0,0,,0,0,0,Property Damage,Angle,Daylight,Clear,Motor Vehicle-In-Transport On Same Roadway
102740333,Crashes_MPO_2020,2020-07-10,2020,36.04084,-86.77347,False,0,0,,0,0,0,Property Damage Under,Not Collision with Motor Vehicle in Transport,,,
102740339,Crashes_MPO_2020,2020-07-10,2020,35.94175,-86.82119,False,0,0,,0,0,0,Suspected Minor Injury,Angle,Daylight,Clear,Motor Vehicle-In-Transport On Same Roadway
102740340,Crashes_MPO_2020,2020-07-10,2020,35.95526,-86.82588,False,0,0,,0,0,0,Property Damage,Front to Rear,Daylight,Clear,Motor Vehicle-In-Transport On Same Roadway
102741543,Crashes_MPO_2020,2020-07-10,2020,36.03899,-86.78258,False,0,0,,0,0,0,Property Damage,Front to Rear,Daylight,Clear,Motor Vehicle-In-Transport On Same Roadway
102740629,Crashes_MPO_2020,2020-07-11,2020,36.04677,-86.71343,False,0,0,,0,0,0,Property Damage,Angle,Daylight,Clear,Motor Vehicle-In-Transport On Same Roadway
102740693,Crashes_MPO_2020,2020-07-11,2020,35.92891,-86.87519,False,0,0,,0,0,0,Suspected Minor Injury,Angle,Daylight,Clear,Motor Vehicle-In-Transport On Same Roadway
102740940,Crashes_MPO_2020,2020-07-11,2020,36.04526,-86.71704,False,0,0,,0,0,0,Property Damage,Angle,Dusk,Clear,Motor Vehicle-In-Transport On Same Roadway
102740979,Crashes_MPO_2020,2020-07-11,2020,36.01226,-86.68477,False,0,0,,0,0,0,Property Damage,Not Collision with Motor Vehicle in Transport,Dark-Not Lighted,Clear,Other Object
102740989,Crashes_MPO_2020,2020-07-11,2020,35.9975,-86.7949,True,0,0,,0,0,0,Property Damage,Front to Rear,Daylight,Clear,Motor Vehicle-In-Transport On Same Roadway
102741030,Crashes_MPO_2020,2020-07-12,2020,36.04428,-86.84898,False,0,0,,1,0,0,Suspected Serious Injury,Not Collision with Motor Vehicle in Transport,Dark-Not Lighted,Clear,Fence
102741163,Crashes_MPO_2020,2020-07-12,2020,35.92641,-86.82447,False,0,0,,0,0,0,Suspected Minor Injury,Angle,Daylight,Rain,Motor Vehicle-In-Transport On Same Roadway
102741237,Crashes_MPO_2020,2020-07-12,2020,36.01572,-86.74066,False,0,0,,0,0,0,Property Damage,Angle,Daylight,Rain,Motor Vehicle-In-Transport On Same Roadway
102741252,Crashes_MPO_2020,2020-07-12,2020,36.04231,-86.72652,False,0,0,,0,0,0,Property Damage,Front to Rear,Daylight,Clear,Motor Vehicle-In-Transport On Same Roadway
102741356,Crashes_MPO_2020,2020-07-12,2020,36.05364,-86.73616,False,0,0,,0,0,0,Property Damage,Not Collision with Motor Vehicle in Transport,Daylight,Clear,Ditch
102745037,Crashes_MPO_2020,2020-07-13,2020,36.04261,-86.74406,False,2,0,,0,0,0,Fatal,Not Collision with Motor Vehicle in Transport,Dark-Lighted,Clear,Curb
102741574,Crashes_MPO_2020,2020-07-13,2020,36.0451,-86.71478,False,0,0,,0,0,0,Property Damage,Angle,Daylight,Clear,Motor Vehicle-In-Transport On Same Roadway
102741671,Crashes_MPO_2020,2020-07-13,2020,35.92601,-86.86771,False,0,0,,0,0,0,Property Damage,Unknown,Unknown,Clear,Parked Motor Vehicle
102741794,Crashes_MPO_2020,2020-07-13,2020,36.04561,-86.71976,False,0,0,,0,0,0,Property Damage,Angle,Daylight,Clear,Motor Vehicle-In-Transport On Same Roadway
102741850,Crashes_MPO_2020,2020-07-13,2020,36.04196,-86.72652,False,0,0,,0,0,0,Possible Injury,Front to Rear,Daylight,Clear,Motor Vehicle-In-Transport On Same Roadway
102741970,Crashes_MPO_2020,2020-07-13,2020,35.96498,-86.81575,True,0,0,,0,0,0,Property Damage,Angle,Daylight,Clear,Motor Vehicle-In-Transport On Same Roadway
102742129,Crashes_MPO_2020,2020-07-14,2020,36.01467,-86.81167,True,0,0,,0,0,0,Property Damage,Angle,Daylight,Clear,Motor Vehicle-In-Transport On Same Roadway
102742264,Crashes_MPO_2020,2020-07-14,2020,36.03979,-86.81642,False,0,0,,0,0,0,Property Damage Under,Not Collision with Motor Vehicle in Transport,,,
102742358,Crashes_MPO_2020,2020-07-14,2020,36.04801,-86.71358,False,0,0,,0,0,0,Property Damage,Front to Rear,Dusk,Clear,Motor Vehicle-In-Transport On Same Roadway
102742425,Crashes_MPO_2020,2020-07-14,2020,36.04123,-86.82165,False,0,0,,0,0,0,Property Damage Under,Not Collision with Motor Vehicle in Transport,Dark-Unknown Lighting,Clear,Deer
102742516,Crashes_MPO_2020,2020-07-14,2020,36.04579,-86.70162,False,0,0,,0,0,0,Property Damage,Unknown,Daylight,Clear,Unknown
102742550,Crashes_MPO_2020,2020-07-14,2020,36.01772,-86.76489,True,0,0,,0,0,0,Property Damage,"Sideswipe, Opposite Direction",Daylight,Clear,Motor Vehicle-In-Transport On Same Roadway
102742708,Crashes_MPO_2020,2020-07-14,2020,35.92584,-86.86759,False,0,0,,0,0,0,Property Damage,Not Collision with Motor Vehicle in Transport,Daylight,Clear,Standing Tree
102743581,Crashes_MPO_2020,2020-07-15,2020,36.01286,-86.80081,True,0,0,,0,0,0,Property Damage,Front to Rear,Daylight,Clear,Motor Vehicle-In-Transport On Same Roadway
102742558,Crashes_MPO_2020,2020-07-15,2020,36.03984,-86.81518,False,0,0,,0,0,0,Property Damage,"Sideswipe, Same Direction",Daylight,Clear,Motor Vehicle-In-Transport On Same Roadway
102742578,Crashes_MPO_2020,2020-07-15,2020,35.9407,-86.8316,False,0,0,,0,0,0,Property Damage,Front to Rear,Daylight,Clear,Motor Vehicle-In-Transport On Same Roadway
102742612,Crashes_MPO_2020,2020-07-15,2020,36.01475,-86.72651,False,0,0,,0,0,0,Property Damage,Not Collision with Motor Vehicle in Transport,Daylight,Clear,Deer
102742780,Crashes_MPO_2020,2020-07-15,2020,35.94702,-86.82199,False,0,0,,0,0,0,Property Damage,Angle,Daylight,Clear,Motor Vehicle-In-Transport On Same Roadway