record_no,source_layer,collision_ts,crash_year,latitude,longitude,in_city,fatalities,non_motorists,truck_involved,serious_injuries,pedestrian,bicycle,crash_type,manner_of_collision,lighting,weather,first_harmful_event
102742841,Crashes_MPO_2020,2020-07-15,2020,35.99743,-86.79456,True,0,0,,0,0,0,Property Damage,"Sideswipe, Same Direction",Daylight,Clear,Motor Vehicle-In-Transport On Same Roadway
102742843,Crashes_MPO_2020,2020-07-15,2020,36.04065,-86.7716,False,0,0,,0,0,0,Property Damage Under,Not Collision with Motor Vehicle in Transport,,,
102742864,Crashes_MPO_2020,2020-07-15,2020,36.02547,-86.71305,False,0,0,,0,0,0,Property Damage,Angle,Daylight,Clear,Motor Vehicle-In-Transport On Same Roadway
102742898,Crashes_MPO_2020,2020-07-15,2020,36.04038,-86.74527,False,0,0,,0,0,0,Suspected Minor Injury,Other,Dark-Lighted,Clear,Motor Vehicle-In-Transport On Same Roadway
102742989,Crashes_MPO_2020,2020-07-16,2020,36.0453,-86.70168,False,0,0,,0,0,0,Property Damage,Not Collision with Motor Vehicle in Transport,Dark-Lighted,Clear,Utility Pole
102743124,Crashes_MPO_2020,2020-07-16,2020,35.93219,-86.79405,False,0,0,,0,0,0,Property Damage,"Sideswipe, Same Direction",Daylight,Clear,Motor Vehicle-In-Transport On Same Roadway
102743146,Crashes_MPO_2020,2020-07-16,2020,36.05151,-86.71436,False,0,0,,0,0,0,Possible Injury,Angle,Daylight,Clear,Motor Vehicle-In-Transport On Same Roadway
102743165,Crashes_MPO_2020,2020-07-16,2020,36.0473,-86.86274,False,0,0,,0,0,0,Possible Injury,Front to Rear,Daylight,Clear,Motor Vehicle-In-Transport On Same Roadway
102743712,Crashes_MPO_2020,2020-07-16,2020,35.99922,-86.80923,True,0,0,,0,0,0,Property Damage,Front to Rear,Daylight,Clear,Motor Vehicle-In-Transport On Same Roadway
102743608,Crashes_MPO_2020,2020-07-17,2020,36.03122,-86.87558,False,0,0,,0,0,0,Suspected Minor Injury,Front to Rear,Daylight,Clear,Motor Vehicle-In-Transport On Same Roadway
102743803,Crashes_MPO_2020,2020-07-17,2020,35.93741,-86.80972,False,0,0,,0,0,0,Property Damage,Angle,Daylight,Clear,Motor Vehicle-In-Transport On Same Roadway
102743867,Crashes_MPO_2020,2020-07-17,2020,35.96518,-86.80029,True,0,0,,0,0,0,Property Damage,Front to Rear,Daylight,Clear,Motor Vehicle-In-Transport On Same Roadway
102743874,Crashes_MPO_2020,2020-07-17,2020,35.99615,-86.68885,False,0,0,,0,0,0,Possible Injury,Front to Rear,Daylight,Clear,Motor Vehicle-In-Transport On Same Roadway
102743878,Crashes_MPO_2020,2020-07-17,2020,35.96637,-86.80882,True,0,0,,0,0,0,Property Damage,Front to Rear,Daylight,Clear,Motor Vehicle-In-Transport On Same Roadway
102743900,Crashes_MPO_2020,2020-07-17,2020,35.93292,-86.81185,False,0,0,,0,0,0,Property Damage,"Sideswipe, Same Direction",Daylight,Clear,Motor Vehicle-In-Transport On Same Roadway
102743930,Crashes_MPO_2020,2020-07-17,2020,36.04092,-86.77419,False,0,0,,0,0,0,Property Damage Under,Not Collision with Motor Vehicle in Transport,,,
102743966,Crashes_MPO_2020,2020-07-17,2020,36.02606,-86.87904,False,0,0,,1,0,0,Suspected Serious Injury,Front to Rear,Daylight,Clear,Motor Vehicle-In-Transport On Same Roadway
102746568,Crashes_MPO_2020,2020-07-17,2020,36.03689,-86.81684,True,0,0,,0,0,0,Property Damage,Front to Rear,Daylight,Clear,Motor Vehicle-In-Transport On Same Roadway
102746569,Crashes_MPO_2020,2020-07-17,2020,36.03657,-86.81235,True,0,0,,0,0,0,Property Damage,HeadOn,Daylight,Clear,Motor Vehicle-In-Transport On Same Roadway
102744260,Crashes_MPO_2020,2020-07-18,2020,36.04458,-86.70356,False,0,0,,0,0,0,Suspected Minor Injury,HeadOn,Daylight,Clear,Motor Vehicle-In-Transport On Same Roadway
102744272,Crashes_MPO_2020,2020-07-18,2020,36.04537,-86.71326,False,0,0,,0,0,0,Suspected Minor Injury,Front to Rear,Daylight,Clear,Motor Vehicle-In-Transport On Same Roadway
102744423,Crashes_MPO_2020,2020-07-18,2020,35.99045,-86.74883,True,0,0,,0,0,0,Suspected Minor Injury,Front to Rear,Daylight,Clear,Motor Vehicle-In-Transport On Same Roadway
102744442,Crashes_MPO_2020,2020-07-18,2020,35.93846,-86.80985,False,0,0,,1,0,0,Suspected Serious Injury,Not Collision with Motor Vehicle in Transport,Daylight,Clear,Luminaire Light Support
102744472,Crashes_MPO_2020,2020-07-18,2020,36.04435,-86.71314,False,0,0,,0,0,0,Property Damage,Front to Rear,Daylight,Clear,Motor Vehicle-In-Transport On Same Roadway
102744570,Crashes_MPO_2020,2020-07-18,2020,35.98382,-86.69819,True,0,0,,0,0,0,Property Damage,Not Collision with Motor Vehicle in Transport,Daylight,Clear,Ditch
102745177,Crashes_MPO_2020,2020-07-18,2020,35.96477,-86.80833,False,0,0,,0,0,0,Property Damage,"Sideswipe, Same Direction",Daylight,Clear,Motor Vehicle-In-Transport On Same Roadway
102745229,Crashes_MPO_2020,2020-07-18,2020,35.97638,-86.85707,False,0,0,,0,0,0,Possible Injury,Angle,Daylight,Clear,Motor Vehicle-In-Transport On Same Roadway
102745611,Crashes_MPO_2020,2020-07-18,2020,36.03318,-86.78282,True,0,0,,0,0,0,Property Damage,Angle,Daylight,Clear,Motor Vehicle-In-Transport On Same Roadway
102745694,Crashes_MPO_2020,2020-07-18,2020,35.98027,-86.80271,True,0,0,,0,0,0,Possible Injury,"Sideswipe, Same Direction",Dark-Not Lighted,Clear,Motor Vehicle-In-Transport On Same Roadway
102746145,Crashes_MPO_2020,2020-07-18,2020,35.98111,-86.84624,False,0,0,,0,0,0,Property Damage,Front to Rear,Daylight,Clear,Motor Vehicle-In-Transport On Same Roadway
102752602,Crashes_MPO_2020,2020-07-18,2020,36.03066,-86.78358,True,0,0,,0,0,0,Property Damage,Not Collision with Motor Vehicle in Transport,Dark-Unknown Lighting,Clear,Guard Rail Face
102748335,Crashes_MPO_2020,2020-07-19,2020,35.95721,-86.84339,False,0,0,,0,0,0,Property Damage,Angle,Daylight,Clear,Motor Vehicle-In-Transport On Same Roadway
102744606,Crashes_MPO_2020,2020-07-19,2020,35.97598,-86.85817,False,0,0,,0,0,0,Property Damage,Not Collision with Motor Vehicle in Transport,Daylight,Clear,"Over Turn, Roll Over"
102744631,Crashes_MPO_2020,2020-07-19,2020,36.05494,-86.74269,False,0,0,,0,0,0,Possible Injury,Angle,Daylight,Clear,Motor Vehicle-In-Transport On Same Roadway
102744675,Crashes_MPO_2020,2020-07-19,2020,36.01538,-86.70566,False,0,0,,0,0,0,Property Damage Under,Angle,Daylight,Clear,Motor Vehicle-In-Transport On Same Roadway
102744767,Crashes_MPO_2020,2020-07-19,2020,36.03974,-86.70452,False,0,0,,0,0,0,Suspected Minor Injury,Angle,Daylight,Clear,Motor Vehicle-In-Transport On Same Roadway
102744851,Crashes_MPO_2020,2020-07-19,2020,36.00467,-86.79031,True,0,0,,0,0,0,Property Damage,"Sideswipe, Same Direction",Daylight,Clear,Motor Vehicle-In-Transport On Same Roadway
102744962,Crashes_MPO_2020,2020-07-19,2020,35.92377,-86.76681,False,0,0,,0,0,0,Property Damage,Not Collision with Motor Vehicle in Transport,Dark-Not Lighted,Clear,Bridge/Overhead Structure
102745100,Crashes_MPO_2020,2020-07-20,2020,36.0344,-86.74356,False,0,0,,0,0,0,Suspected Minor Injury,Front to Rear,Daylight,Clear,Motor Vehicle-In-Transport On Same Roadway
102745160,Crashes_MPO_2020,2020-07-20,2020,36.0374,-86.78657,False,0,0,,0,0,0,Property Damage,Front to Rear,Daylight,Clear,Motor Vehicle-In-Transport On Same Roadway
102745360,Crashes_MPO_2020,2020-07-20,2020,36.04552,-86.71163,False,0,0,,0,0,0,Property Damage,Angle,Daylight,Clear,Motor Vehicle-In-Transport On Same Roadway
102745393,Crashes_MPO_2020,2020-07-20,2020,36.04524,-86.71456,False,0,0,,0,0,0,Suspected Minor Injury,Angle,Daylight,Clear,Motor Vehicle-In-Transport On Same Roadway
102745511,Crashes_MPO_2020,2020-07-21,2020,35.92546,-86.87276,False,0,0,,0,0,0,Property Damage,Not Collision with Motor Vehicle in Transport,Dark-Lighted,Clear,Curb
102745644,Crashes_MPO_2020,2020-07-21,2020,35.96668,-86.81368,True,0,0,,0,0,0,Property Damage,Front to Rear,Daylight,Clear,Motor Vehicle-In-Transport On Same Roadway
102745751,Crashes_MPO_2020,2020-07-21,2020,35.97825,-86.80341,True,0,0,,0,0,0,Property Damage,Front to Rear,Daylight,Cloudy,Motor Vehicle-In-Transport On Same Roadway
102745765,Crashes_MPO_2020,2020-07-21,2020,36.04085,-86.67787,False,0,0,,0,0,0,Property Damage,Not Collision with Motor Vehicle in Transport,Daylight,Rain,Embankment Earth
102745843,Crashes_MPO_2020,2020-07-21,2020,35.99379,-86.76058,True,0,0,,0,0,0,Property Damage,Front to Rear,Daylight,Clear,Motor Vehicle-In-Transport On Same Roadway
102745845,Crashes_MPO_2020,2020-07-21,2020,35.97934,-86.7058,True,0,0,,0,0,0,Property Damage,Angle,Daylight,Clear,Motor Vehicle-In-Transport On Same Roadway
102745966,Crashes_MPO_2020,2020-07-21,2020,36.04059,-86.77107,False,0,0,,0,0,0,Possible Injury,"Sideswipe, Same Direction",Dark-Lighted,Clear,Motor Vehicle-In-Transport On Same Roadway
102746157,Crashes_MPO_2020,2020-07-22,2020,35.92641,-86.82447,False,0,0,,0,0,0,Possible Injury,Angle,Daylight,Clear,Motor Vehicle-In-Transport On Same Roadway
102746202,Crashes_MPO_2020,2020-07-22,2020,36.04543,-86.70361,False,0,0,,0,0,0,Suspected Minor Injury,Angle,Daylight,Cloudy,Motor Vehicle-In-Transport On Same Roadway
102746203,Crashes_MPO_2020,2020-07-22,2020,35.94234,-86.81613,False,0,0,,0,0,0,Property Damage Under,"Sideswipe, Same Direction",Daylight,Clear,Motor Vehicle-In-Transport On Same Roadway
102746357,Crashes_MPO_2020,2020-07-22,2020,35.966656,-86.809162,True,0,0,,0,0,0,Property Damage,Front to Rear,Daylight,Clear,Motor Vehicle-In-Transport On Same Roadway
102746364,Crashes_MPO_2020,2020-07-22,2020,35.98439,-86.72434,True,0,0,,0,0,0,Possible Injury,Angle,Daylight,Cloudy,Motor Vehicle-In-Transport On Same Roadway
102746459,Crashes_MPO_2020,2020-07-22,2020,35.97708,-86.85425,False,0,0,,0,0,0,Property Damage,"Sideswipe, Opposite Direction",Daylight,Rain,Motor Vehicle-In-Transport On Same Roadway
102746464,Crashes_MPO_2020,2020-07-22,2020,36.00559,-86.75479,True,0,0,,0,0,0,Suspected Minor Injury,Not Collision with Motor Vehicle in Transport,Daylight,Clear,Standing Tree
102746470,Crashes_MPO_2020,2020-07-22,2020,35.99144,-86.68373,False,0,0,,0,0,0,Property Damage,Front to Rear,Dark-Lighted,Rain,Motor Vehicle-In-Transport On Same Roadway
102746500,Crashes_MPO_2020,2020-07-22,2020,36.04636,-86.68373,False,0,0,,0,0,0,Suspected Minor Injury,Angle,Dark-Lighted,Clear,Motor Vehicle-In-Transport On Same Roadway
102746506,Crashes_MPO_2020,2020-07-22,2020,36.04689,-86.77734,False,0,0,,0,0,0,Suspected Minor Injury,"Sideswipe, Same Direction",Daylight,Rain,Motor Vehicle-In-Transport On Same Roadway
102746619,Crashes_MPO_2020,2020-07-22,2020,35.97716,-86.67813,False,0,0,,0,0,0,Property Damage,Front to Rear,Daylight,Cloudy,Motor Vehicle-In-Transport On Same Roadway
102746898,Crashes_MPO_2020,2020-07-23,2020,35.94813,-86.81778,False,0,0,,0,0,0,Property Damage Under,"Sideswipe, Same Direction",Dark-Lighted,Clear,Motor Vehicle-In-Transport On Same Roadway
102747041,Crashes_MPO_2020,2020-07-23,2020,36.04241,-86.7128,False,0,0,,0,0,0,Property Damage Under,"Sideswipe, Same Direction",Daylight,Clear,Motor Vehicle-In-Transport On Same Roadway
102747260,Crashes_MPO_2020,2020-07-23,2020,36.02573,-86.71301,False,0,0,,0,0,0,Suspected Minor Injury,Front to Rear,Daylight,Clear,Motor Vehicle-In-Transport On Same Roadway
102747288,Crashes_MPO_2020,2020-07-23,2020,35.92391,-86.87162,False,0,0,,0,0,0,Property Damage,"Sideswipe, Same Direction",Daylight,Clear,Motor Vehicle-In-Transport On Same Roadway
102749954,Crashes_MPO_2020,2020-07-23,2020,35.99507,-86.78805,True,0,0,,0,0,0,Possible Injury,Front to Rear,Daylight,Clear,Motor Vehicle-In-Transport On Same Roadway
102747457,Crashes_MPO_2020,2020-07-24,2020,35.92717,-86.73818,False,0,0,,0,0,0,Property Damage,Not Collision with Motor Vehicle in Transport,Daylight,Cloudy,Ditch
102747461,Crashes_MPO_2020,2020-07-24,2020,35.92804,-86.82085,False,0,0,,0,0,0,Property Damage,"Sideswipe, Same Direction",Daylight,Clear,Motor Vehicle-In-Transport On Same Roadway
102747590,Crashes_MPO_2020,2020-07-24,2020,35.93367,-86.81954,False,0,0,,0,0,0,Property Damage,HeadOn,Daylight,Cloudy,Motor Vehicle-In-Transport On Same Roadway
102747603,Crashes_MPO_2020,2020-07-24,2020,36.04533,-86.70208,False,0,0,,0,0,0,Property Damage,Front to Rear,Daylight,Clear,Motor Vehicle-In-Transport On Same Roadway
102747608,Crashes_MPO_2020,2020-07-24,2020,35.9276,-86.7435,False,0,0,,0,0,0,Property Damage,"Sideswipe, Opposite Direction",Daylight,Clear,Motor Vehicle-In-Transport On Same Roadway
102747708,Crashes_MPO_2020,2020-07-24,2020,35.92813,-86.8307,False,0,0,,0,0,0,Suspected Minor Injury,HeadOn,Dark-Lighted,Clear,Motor Vehicle-In-Transport On Same Roadway
102747749,Crashes_MPO_2020,2020-07-24,2020,36.04524,-86.71461,False,0,0,,0,0,0,Possible Injury,"Sideswipe, Same Direction",Dark-Lighted,Clear,Motor Vehicle-In-Transport On Same Roadway
102753474,Crashes_MPO_2020,2020-07-24,2020,35.99008,-86.74561,True,0,0,,0,0,0,Property Damage,Front to Rear,Daylight,Clear,Motor Vehicle-In-Transport On Same Roadway
102747803,Crashes_MPO_2020,2020-07-25,2020,36.04629,-86.6769,False,0,0,,0,0,0,Property Damage,Unknown,Unknown,Unknown,Unknown
102748033,Crashes_MPO_2020,2020-07-25,2020,35.92886,-86.86515,False,0,0,,0,0,0,Property Damage,Front to Rear,Daylight,Clear,Motor Vehicle-In-Transport On Same Roadway
102748069,Crashes_MPO_2020,2020-07-25,2020,35.93465,-86.86087,False,0,0,,0,0,0,Property Damage,Front to Rear,Daylight,Clear,Motor Vehicle-In-Transport On Same Roadway
102748201,Crashes_MPO_2020,2020-07-25,2020,36.04062,-86.77137,False,0,0,,0,0,0,Property Damage,Front to Rear,Dark-Lighted,Clear,Motor Vehicle-In-Transport On Same Roadway
102748209,Crashes_MPO_2020,2020-07-25,2020,36.04005,-86.74411,False,0,0,,0,0,0,Property Damage,Front to Rear,Dark-Lighted,Clear,Motor Vehicle-In-Transport On Same Roadway
102748240,Crashes_MPO_2020,2020-07-26,2020,36.00562,-86.78965,True,0,0,,0,0,0,Property Damage,Not Collision with Motor Vehicle in Transport,Dark-Not Lighted,Clear,Concrete Traffic Barrier
102748391,Crashes_MPO_2020,2020-07-26,2020,35.93716,-86.859,False,0,0,,0,0,0,Property Damage,Front to Rear,Daylight,Clear,Motor Vehicle-In-Transport On Same Roadway
102748499,Crashes_MPO_2020,2020-07-26,2020,35.96139,-86.73836,True,0,0,,0,0,0,Property Damage,Not Collision with Motor Vehicle in Transport,Daylight,Cloudy,Shrubbery
102749474,Crashes_MPO_2020,2020-07-26,2020,35.936,-86.80771,False,0,0,,0,0,0,Property Damage,Angle,Unknown,Clear,Parked Motor Vehicle
102748967,Crashes_MPO_2020,2020-07-27,2020,35.93237,-86.87821,False,0,0,,0,0,0,Property Damage,Unknown,Daylight,Clear,Parked Motor Vehicle
102749070,Crashes_MPO_2020,2020-07-27,2020,35.93191,-86.794,False,0,0,,0,0,0,Property Damage,Angle,Daylight,Clear,Motor Vehicle-In-Transport On Same Roadway
102749186,Crashes_MPO_2020,2020-07-27,2020,36.04627,-86.67682,False,0,0,,0,0,0,Property Damage,Front to Rear,Dusk,Clear,Motor Vehicle-In-Transport On Same Roadway
102751492,Crashes_MPO_2020,2020-07-27,2020,35.99208,-86.79888,True,0,0,,0,0,0,Property Damage,"Sideswipe, Same Direction",Daylight,Cloudy,Motor Vehicle-In-Transport On Same Roadway
102749367,Crashes_MPO_2020,2020-07-28,2020,36.0374,-86.78657,False,0,0,,0,0,0,Possible Injury,Front to Rear,Daylight,Clear,Motor Vehicle-In-Transport On Same Roadway
102749404,Crashes_MPO_2020,2020-07-28,2020,36.04023,-86.74491,False,0,0,,0,0,0,Property Damage,"Sideswipe, Same Direction",Daylight,Clear,Motor Vehicle-In-Transport On Same Roadway
102749577,Crashes_MPO_2020,2020-07-28,2020,36.04683,-86.71672,False,0,0,,0,0,0,Property Damage,Angle,Daylight,Clear,Parked Motor Vehicle
102749704,Crashes_MPO_2020,2020-07-28,2020,35.96074,-86.75248,True,0,0,,0,0,0,Property Damage,Not Collision with Motor Vehicle in Transport,Daylight,Clear,Building
102749705,Crashes_MPO_2020,2020-07-28,2020,35.98037,-86.82253,True,0,0,,0,0,0,Property Damage,Front to Rear,Daylight,Rain,Motor Vehicle-In-Transport On Same Roadway
102749778,Crashes_MPO_2020,2020-07-28,2020,36.04068,-86.77978,False,0,0,,0,0,0,Suspected Minor Injury,Front to Rear,Dusk,Rain,Motor Vehicle-In-Transport On Same Roadway
102749881,Crashes_MPO_2020,2020-07-28,2020,36.01418,-86.8237,True,0,0,,0,0,0,Suspected Minor Injury,Not Collision with Motor Vehicle in Transport,Dark-Lighted,Clear,Mail Box
102749921,Crashes_MPO_2020,2020-07-29,2020,36.0416,-86.77274,False,0,0,,0,0,0,Possible Injury,Not Collision with Motor Vehicle in Transport,Dawn,Clear,Standing Tree
102749953,Crashes_MPO_2020,2020-07-29,2020,36.04536,-86.71327,False,0,0,,0,0,0,Property Damage,"Sideswipe, Same Direction",Daylight,Clear,Motor Vehicle-In-Transport On Same Roadway
102749985,Crashes_MPO_2020,2020-07-29,2020,35.9661,-86.8058,True,0,0,,0,0,0,Property Damage,Front to Rear,Daylight,Clear,Motor Vehicle-In-Transport On Same Roadway
102749997,Crashes_MPO_2020,2020-07-29,2020,36.03326,-86.78806,True,0,0,,0,0,0,Property Damage,Angle,Daylight,Clear,Motor Vehicle-In-Transport On Same Roadway
102750140,Crashes_MPO_2020,2020-07-29,2020,35.97251,-86.8671,False,0,0,,0,0,0,Property Damage,Front to Rear,Daylight,Cloudy,Motor Vehicle-In-Transport On Same Roadway
102750460,Crashes_MPO_2020,2020-07-29,2020,35.9734,-86.83323,True,0,0,,0,0,0,Property Damage,Front to Rear,Daylight,Rain,Motor Vehicle-In-Transport On Same Roadway
102750451,Crashes_MPO_2020,2020-07-30,2020,36.03501,-86.80582,True,0,0,,0,0,0,Property Damage,Not Collision with Motor Vehicle in Transport,Daylight,Clear,Highway Traffic Sign Post
102750459,Crashes_MPO_2020,2020-07-30,2020,36.03761,-86.78512,False,0,0,,0,0,0,Property Damage,Front to Rear,Daylight,Clear,Motor Vehicle-In-Transport On Same Roadway
102750534,Crashes_MPO_2020,2020-07-30,2020,36.04479,-86.72487,False,0,0,,0,0,0,Property Damage,Front to Rear,Daylight,Clear,Motor Vehicle-In-Transport On Same Roadway
102750543,Crashes_MPO_2020,2020-07-30,2020,35.95461,-86.71365,False,0,0,,0,0,0,Property Damage,Not Collision with Motor Vehicle in Transport,Daylight,Rain,Guard Rail Face
102750584,Crashes_MPO_2020,2020-07-30,2020,35.93298,-86.78238,False,0,0,,0,0,0,Property Damage,Angle,Daylight,Rain,Motor Vehicle-In-Transport On Same Roadway
102750604,Crashes_MPO_2020,2020-07-30,2020,35.95764,-86.79908,False,0,0,,0,0,0,Property Damage,Not Collision with Motor Vehicle in Transport,Unknown,Unknown,Standing Tree
102750829,Crashes_MPO_2020,2020-07-30,2020,36.0443,-86.71314,False,0,0,,0,0,0,Property Damage,Front to Rear,Daylight,Clear,Motor Vehicle-In-Transport On Same Roadway
102750838,Crashes_MPO_2020,2020-07-30,2020,36.03796,-86.71309,False,0,0,,0,0,0,Property Damage,Angle,Daylight,Clear,Motor Vehicle-In-Transport On Same Roadway
102750881,Crashes_MPO_2020,2020-07-30,2020,36.03537,-86.74351,False,0,0,,0,0,0,Property Damage,Front to Rear,Daylight,Cloudy,Motor Vehicle-In-Transport On Same Roadway
102750896,Crashes_MPO_2020,2020-07-30,2020,35.99833,-86.80328,True,0,0,,0,0,0,Property Damage,Angle,Dark-Lighted,Cloudy,Motor Vehicle-In-Transport On Same Roadway
102751876,Crashes_MPO_2020,2020-07-30,2020,36.00657,-86.80536,True,0,0,,1,0,0,Suspected Serious Injury,Angle,Dark-Lighted,Rain,Motor Vehicle-In-Transport On Same Roadway
102751078,Crashes_MPO_2020,2020-07-31,2020,36.00236,-86.83629,False,0,0,,0,0,0,Property Damage,Not Collision with Motor Vehicle in Transport,Daylight,Cloudy,Fence
102751169,Crashes_MPO_2020,2020-07-31,2020,35.95327,-86.74004,True,0,0,,0,0,0,Property Damage,Not Collision with Motor Vehicle in Transport,Daylight,Cloudy,Standing Tree
102751222,Crashes_MPO_2020,2020-07-31,2020,35.93446,-86.81991,False,0,0,,0,0,0,Property Damage Under,Front to Rear,Daylight,Rain,Motor Vehicle-In-Transport On Same Roadway
102751226,Crashes_MPO_2020,2020-07-31,2020,35.99548,-86.68787,False,0,0,,0,0,0,Suspected Minor Injury,Angle,Daylight,Clear,Motor Vehicle-In-Transport On Same Roadway
102751235,Crashes_MPO_2020,2020-07-31,2020,35.93298,-86.78238,False,0,0,,0,0,0,Property Damage,Front to Rear,Daylight,Rain,Motor Vehicle-In-Transport On Same Roadway
102751308,Crashes_MPO_2020,2020-07-31,2020,36.03833,-86.78425,False,0,0,,0,0,0,Property Damage Under,Not Collision with Motor Vehicle in Transport,Daylight,Cloudy,Ditch
102751324,Crashes_MPO_2020,2020-07-31,2020,36.04119,-86.67776,False,0,0,,0,0,0,Suspected Minor Injury,Not Collision with Motor Vehicle in Transport,Daylight,Clear,Mail Box
102751390,Crashes_MPO_2020,2020-07-31,2020,36.03352,-86.71298,False,0,0,,0,0,0,Suspected Minor Injury,Front to Rear,Daylight,Clear,Motor Vehicle-In-Transport On Same Roadway
102751408,Crashes_MPO_2020,2020-07-31,2020,36.03047,-86.74398,False,0,0,,0,0,0,Property Damage Under,Not Collision with Motor Vehicle in Transport,,,
102751414,Crashes_MPO_2020,2020-07-31,2020,35.93986,-86.87951,False,0,0,,0,0,0,Suspected Minor Injury,Angle,Daylight,Cloudy,Motor Vehicle-In-Transport On Same Roadway
102751428,Crashes_MPO_2020,2020-07-31,2020,35.93102,-86.85913,False,0,0,,0,0,0,Property Damage,"Sideswipe, Same Direction",Daylight,Cloudy,Motor Vehicle-In-Transport On Same Roadway
102751429,Crashes_MPO_2020,2020-07-31,2020,35.95889,-86.81598,False,0,0,,0,0,0,Suspected Minor Injury,Angle,Daylight,Cloudy,Motor Vehicle-In-Transport On Same Roadway
102751463,Crashes_MPO_2020,2020-07-31,2020,35.926,-86.76718,False,0,0,,0,0,0,Property Damage,Not Collision with Motor Vehicle in Transport,Dusk,Clear,Ditch
102751501,Crashes_MPO_2020,2020-07-31,2020,36.05481,-86.72877,False,0,0,,0,0,0,Suspected Minor Injury,"Sideswipe, Opposite Direction",Daylight,Clear,Motor Vehicle-In-Transport On Same Roadway
102751576,Crashes_MPO_2020,2020-07-31,2020,36.00159,-86.75915,True,0,0,,0,0,0,Property Damage,Not Collision with Motor Vehicle in Transport,Dark-Not Lighted,Clear,Mail Box
102752414,Crashes_MPO_2020,2020-07-31,2020,35.98323,-86.6788,False,0,0,,0,0,0,Property Damage,Rear to Side,Daylight,Clear,Motor Vehicle-In-Transport On Same Roadway
102753961,Crashes_MPO_2020,2020-07-31,2020,35.99079,-86.69632,True,0,0,,0,0,0,Possible Injury,Not Collision with Motor Vehicle in Transport,Daylight,Rain,"Over Turn, Roll Over"
102751869,Crashes_MPO_2020,2020-08-01,2020,35.9353,-86.77583,False,0,0,,0,0,0,Property Damage,Not Collision with Motor Vehicle in Transport,Daylight,Rain,Ditch
102751878,Crashes_MPO_2020,2020-08-01,2020,35.96225,-86.73763,True,0,0,,0,0,0,Property Damage,Not Collision with Motor Vehicle in Transport,Daylight,Rain,Standing Tree
102751880,Crashes_MPO_2020,2020-08-01,2020,35.92304,-86.81684,False,0,0,,0,0,0,Property Damage Under,Not Collision with Motor Vehicle in Transport,,,