record_no,source_layer,collision_ts,crash_year,latitude,longitude,in_city,fatalities,non_motorists,truck_involved,serious_injuries,pedestrian,bicycle,crash_type,manner_of_collision,lighting,weather,first_harmful_event
102751883,Crashes_MPO_2020,2020-08-01,2020,35.99641,-86.81073,True,0,0,,0,0,0,Property Damage,Front to Rear,Daylight,Rain,Motor Vehicle-In-Transport On Same Roadway
102752019,Crashes_MPO_2020,2020-08-01,2020,35.96582,-86.81144,False,0,0,,0,0,0,Property Damage,Angle,Daylight,Rain,Motor Vehicle-In-Transport On Same Roadway
102752196,Crashes_MPO_2020,2020-08-01,2020,35.96688,-86.81117,True,0,0,,0,0,0,Possible Injury,Angle,Daylight,Rain,Motor Vehicle-In-Transport On Same Roadway
102752598,Crashes_MPO_2020,2020-08-01,2020,35.95813,-86.81416,False,0,1,,0,1,0,Property Damage Under,Other,Daylight,Clear,Pedestrian
102752327,Crashes_MPO_2020,2020-08-02,2020,36.01133,-86.70188,False,0,0,,0,0,0,Property Damage,Not Collision with Motor Vehicle in Transport,Daylight,Clear,Fence
102752389,Crashes_MPO_2020,2020-08-02,2020,36.05494,-86.74218,False,0,0,,0,0,0,Possible Injury,Not Collision with Motor Vehicle in Transport,Daylight,Clear,Ditch
102752491,Crashes_MPO_2020,2020-08-02,2020,36.03319,-86.7876,True,0,0,,0,0,0,Suspected Minor Injury,Angle,Daylight,Clear,Motor Vehicle-In-Transport On Same Roadway
102752583,Crashes_MPO_2020,2020-08-02,2020,36.04557,-86.7112,False,0,0,,0,0,0,Property Damage,Front to Rear,Dark-Lighted,Clear,Motor Vehicle-In-Transport On Same Roadway
102753083,Crashes_MPO_2020,2020-08-02,2020,36.05381,-86.69993,False,0,0,,0,0,0,Property Damage,Unknown,Dark-Lighted,Clear,Parked Motor Vehicle
102753096,Crashes_MPO_2020,2020-08-03,2020,36.04545,-86.70396,False,0,0,,0,0,0,Suspected Minor Injury,HeadOn,Daylight,Clear,Motor Vehicle-In-Transport On Same Roadway
102753101,Crashes_MPO_2020,2020-08-03,2020,36.04245,-86.71294,False,0,0,,0,0,0,Property Damage,Front to Rear,Daylight,Clear,Motor Vehicle-In-Transport On Same Roadway
102753150,Crashes_MPO_2020,2020-08-03,2020,35.99662,-86.68952,False,0,0,,0,0,0,Suspected Minor Injury,Front to Rear,Daylight,Clear,Motor Vehicle-In-Transport On Same Roadway
102753169,Crashes_MPO_2020,2020-08-03,2020,35.94773,-86.82063,False,0,0,,0,0,0,Property Damage,"Sideswipe, Same Direction",Daylight,Clear,Parked Motor Vehicle
102753170,Crashes_MPO_2020,2020-08-03,2020,35.95531,-86.82638,False,0,0,,0,0,0,Property Damage,Front to Rear,Daylight,Clear,Motor Vehicle-In-Transport On Same Roadway
102753306,Crashes_MPO_2020,2020-08-03,2020,35.93374,-86.81767,False,0,0,,0,0,0,Property Damage,Front to Rear,Daylight,Clear,Motor Vehicle-In-Transport On Same Roadway
102756619,Crashes_MPO_2020,2020-08-03,2020,35.92557,-86.78427,False,0,0,,0,0,0,Property Damage,Not Collision with Motor Vehicle in Transport,Dark-Lighted,Clear,Shrubbery
102753411,Crashes_MPO_2020,2020-08-04,2020,36.04542,-86.71835,False,0,0,,0,0,0,Suspected Minor Injury,"Sideswipe, Same Direction",Daylight,Clear,Motor Vehicle-In-Transport On Same Roadway
102753448,Crashes_MPO_2020,2020-08-04,2020,36.04551,-86.71903,False,0,0,,0,0,0,Possible Injury,"Sideswipe, Same Direction",Daylight,Cloudy,Motor Vehicle-In-Transport On Same Roadway
102753563,Crashes_MPO_2020,2020-08-04,2020,35.95471,-86.80313,False,0,0,,0,0,0,Property Damage,Not Collision with Motor Vehicle in Transport,Daylight,Clear,Culvert
102753953,Crashes_MPO_2020,2020-08-04,2020,35.92276,-86.87189,False,0,0,,0,0,0,Property Damage Under,Front to Rear,Daylight,Cloudy,Motor Vehicle-In-Transport On Same Roadway
102753962,Crashes_MPO_2020,2020-08-04,2020,35.9472,-86.82145,False,0,0,,0,0,0,Property Damage,"Sideswipe, Same Direction",Daylight,Clear,Motor Vehicle-In-Transport On Same Roadway
102754288,Crashes_MPO_2020,2020-08-05,2020,35.96127,-86.81212,False,0,0,,0,0,0,Property Damage,Angle,Daylight,Clear,Motor Vehicle-In-Transport On Same Roadway
102754299,Crashes_MPO_2020,2020-08-05,2020,35.92932,-86.86484,False,0,0,,0,0,0,Property Damage,Front to Rear,Daylight,Clear,Motor Vehicle-In-Transport On Same Roadway
102754583,Crashes_MPO_2020,2020-08-05,2020,35.92443,-86.80228,False,0,0,,0,0,0,Possible Injury,Not Collision with Motor Vehicle in Transport,Dark-Lighted,Clear,Curb
102753996,Crashes_MPO_2020,2020-08-05,2020,35.966698,-86.80914,True,0,0,,0,0,0,Property Damage Under,Not Collision with Motor Vehicle in Transport,,,
102754246,Crashes_MPO_2020,2020-08-05,2020,36.03727,-86.78787,False,0,0,,0,0,0,Property Damage Under,Front to Rear,Daylight,Clear,Motor Vehicle-In-Transport On Same Roadway
102754780,Crashes_MPO_2020,2020-08-06,2020,35.96733,-86.81491,True,0,0,,0,0,0,Suspected Minor Injury,Angle,Daylight,Clear,Motor Vehicle-In-Transport On Same Roadway
102754782,Crashes_MPO_2020,2020-08-06,2020,35.92891,-86.87519,False,0,0,,0,0,0,Property Damage,Front to Rear,Daylight,Clear,Motor Vehicle-In-Transport On Same Roadway
102754786,Crashes_MPO_2020,2020-08-06,2020,35.95198,-86.81788,False,0,0,,0,0,0,Property Damage,Angle,Daylight,Clear,Motor Vehicle-In-Transport On Same Roadway
102755010,Crashes_MPO_2020,2020-08-06,2020,36.04528,-86.70141,False,0,0,,0,0,0,Property Damage,Front to Rear,Daylight,Clear,Motor Vehicle-In-Transport On Same Roadway
102755692,Crashes_MPO_2020,2020-08-06,2020,35.93808,-86.8218,False,0,0,,0,0,0,Property Damage,Angle,Daylight,Clear,Parked Motor Vehicle
102755282,Crashes_MPO_2020,2020-08-07,2020,35.94825,-86.80981,False,0,0,,0,0,0,Property Damage,Unknown,Unknown,Clear,Parked Motor Vehicle
102755325,Crashes_MPO_2020,2020-08-07,2020,35.92546,-86.87275,False,0,0,,0,0,0,Property Damage,Front to Rear,Daylight,Clear,Motor Vehicle-In-Transport On Same Roadway
102755334,Crashes_MPO_2020,2020-08-07,2020,35.96511,-86.81633,True,0,0,,0,0,0,Property Damage,Angle,Daylight,Clear,Motor Vehicle-In-Transport On Same Roadway
102755415,Crashes_MPO_2020,2020-08-07,2020,36.03693,-86.7867,False,0,0,,0,0,0,Property Damage,Front to Rear,Daylight,Clear,Motor Vehicle-In-Transport On Same Roadway
102755751,Crashes_MPO_2020,2020-08-07,2020,36.05263,-86.68533,False,0,0,,0,0,0,Property Damage,Not Collision with Motor Vehicle in Transport,Daylight,Clear,Mail Box
102755752,Crashes_MPO_2020,2020-08-07,2020,35.93191,-86.794,False,0,0,,0,0,0,Property Damage,Angle,Daylight,Clear,Motor Vehicle-In-Transport On Same Roadway
102755856,Crashes_MPO_2020,2020-08-07,2020,36.03804,-86.79879,False,0,0,,0,0,0,Property Damage,Front to Rear,Dark-Lighted,Clear,Motor Vehicle-In-Transport On Same Roadway
102755918,Crashes_MPO_2020,2020-08-07,2020,36.03112,-86.78392,True,0,0,,0,0,0,Property Damage,Not Collision with Motor Vehicle in Transport,Dark-Not Lighted,Clear,Shrubbery
102755974,Crashes_MPO_2020,2020-08-07,2020,36.00717,-86.87486,False,0,0,,0,0,0,Property Damage,Not Collision with Motor Vehicle in Transport,Dark-Lighted,Clear,Wall
102756070,Crashes_MPO_2020,2020-08-07,2020,35.96532,-86.70293,False,0,0,,0,0,0,Property Damage,Other,Daylight,Clear,Motor Vehicle-In-Transport On Same Roadway
102756251,Crashes_MPO_2020,2020-08-07,2020,35.97316,-86.86811,False,0,0,,0,0,0,Property Damage,Not Collision with Motor Vehicle in Transport,Dark-Not Lighted,Clear,Standing Tree
102761614,Crashes_MPO_2020,2020-08-07,2020,35.94981,-86.69309,False,0,0,,0,0,0,Property Damage,Not Collision with Motor Vehicle in Transport,Dusk,Cloudy,Ditch
102773570,Crashes_MPO_2020,2020-08-07,2020,35.92434,-86.7375,False,0,0,,0,0,0,Property Damage,Not Collision with Motor Vehicle in Transport,Daylight,Clear,Mail Box
102756038,Crashes_MPO_2020,2020-08-08,2020,36.01228,-86.68487,False,0,0,,0,0,0,Property Damage,Not Collision with Motor Vehicle in Transport,Dark-Not Lighted,Clear,Embankment Earth
102756125,Crashes_MPO_2020,2020-08-08,2020,36.04325,-86.71982,False,0,0,,0,0,0,Property Damage,Not Collision with Motor Vehicle in Transport,Daylight,Clear,Other Object
102756216,Crashes_MPO_2020,2020-08-08,2020,35.94707,-86.81186,False,0,0,,0,0,0,Property Damage,Angle,Daylight,Clear,Motor Vehicle-In-Transport On Same Roadway
102756513,Crashes_MPO_2020,2020-08-08,2020,36.01023,-86.78517,True,0,0,,0,0,0,Property Damage,Not Collision with Motor Vehicle in Transport,Dark-Not Lighted,Clear,Concrete Traffic Barrier
102756608,Crashes_MPO_2020,2020-08-09,2020,36.04537,-86.71326,False,0,0,,0,0,0,Property Damage,"Sideswipe, Opposite Direction",Dark-Lighted,Clear,Motor Vehicle-In-Transport On Same Roadway
102756845,Crashes_MPO_2020,2020-08-09,2020,35.93886,-86.81969,False,0,0,,0,0,0,Property Damage,"Sideswipe, Opposite Direction",Daylight,Cloudy,Parked Motor Vehicle
102756846,Crashes_MPO_2020,2020-08-09,2020,35.92641,-86.82453,False,0,0,,1,0,0,Suspected Serious Injury,Angle,Daylight,Clear,Motor Vehicle-In-Transport On Same Roadway
102756848,Crashes_MPO_2020,2020-08-09,2020,36.04524,-86.71324,False,0,0,,0,0,0,Property Damage,Angle,Daylight,Clear,Motor Vehicle-In-Transport On Same Roadway
102756991,Crashes_MPO_2020,2020-08-09,2020,35.93409,-86.81921,False,0,0,,0,0,0,Property Damage,Front to Rear,Daylight,Clear,Motor Vehicle-In-Transport On Same Roadway
102756996,Crashes_MPO_2020,2020-08-09,2020,36.04545,-86.7036,False,0,0,,0,0,0,Suspected Minor Injury,Angle,Daylight,Clear,Motor Vehicle-In-Transport On Same Roadway
102756997,Crashes_MPO_2020,2020-08-09,2020,36.03175,-86.78961,True,0,0,,0,0,0,Possible Injury,Angle,Daylight,Clear,Motor Vehicle-In-Transport On Same Roadway
102757100,Crashes_MPO_2020,2020-08-09,2020,36.05181,-86.71445,False,0,0,,0,0,0,Possible Injury,Angle,Daylight,Clear,Motor Vehicle-In-Transport On Same Roadway
102757215,Crashes_MPO_2020,2020-08-10,2020,35.92252,-86.82271,False,0,0,,0,0,0,Suspected Minor Injury,Front to Rear,Dark-Lighted,Clear,Motor Vehicle-In-Transport On Same Roadway
102757243,Crashes_MPO_2020,2020-08-10,2020,36.03336,-86.78872,True,0,0,,0,0,0,Possible Injury,Angle,Daylight,Clear,Motor Vehicle-In-Transport On Same Roadway
102757381,Crashes_MPO_2020,2020-08-10,2020,36.03774,-86.78649,False,0,0,,0,0,0,Property Damage,"Sideswipe, Same Direction",Daylight,Clear,Motor Vehicle-In-Transport On Same Roadway
102757634,Crashes_MPO_2020,2020-08-10,2020,35.94838,-86.80772,False,0,0,,0,0,0,Property Damage,Angle,Daylight,Clear,Motor Vehicle-In-Transport On Same Roadway
102757647,Crashes_MPO_2020,2020-08-10,2020,35.97716,-86.74165,True,0,0,,0,0,0,Property Damage,"Sideswipe, Same Direction",Daylight,Clear,Parked Motor Vehicle
102757648,Crashes_MPO_2020,2020-08-10,2020,35.96705,-86.81355,True,0,0,,0,0,0,Property Damage,Angle,Daylight,Clear,Motor Vehicle-In-Transport On Same Roadway
102757665,Crashes_MPO_2020,2020-08-10,2020,35.99249,-86.68469,False,0,0,,0,0,0,Property Damage,Front to Rear,Daylight,Clear,Motor Vehicle-In-Transport On Same Roadway
102757673,Crashes_MPO_2020,2020-08-10,2020,36.00465,-86.6921,False,0,0,,0,0,0,Property Damage,HeadOn,Daylight,Clear,Motor Vehicle-In-Transport On Same Roadway
102757780,Crashes_MPO_2020,2020-08-10,2020,36.0374,-86.78657,False,0,0,,0,0,0,Property Damage,Angle,Dark-Lighted,Clear,Motor Vehicle-In-Transport On Same Roadway
102758031,Crashes_MPO_2020,2020-08-10,2020,35.99102,-86.75174,True,0,0,,0,0,0,Property Damage Under,Not Collision with Motor Vehicle in Transport,,,
102757848,Crashes_MPO_2020,2020-08-11,2020,36.05085,-86.7082,False,0,0,,0,0,0,Property Damage,HeadOn,Dark-Lighted,Cloudy,Parked Motor Vehicle
102758033,Crashes_MPO_2020,2020-08-11,2020,35.93697,-86.87873,False,0,0,,0,0,0,Property Damage,Front to Rear,Daylight,Cloudy,Motor Vehicle-In-Transport On Same Roadway
102758089,Crashes_MPO_2020,2020-08-11,2020,35.96918,-86.81224,True,0,0,,0,0,0,Suspected Minor Injury,Not Collision with Motor Vehicle in Transport,Daylight,Clear,"Over Turn, Roll Over"
102758362,Crashes_MPO_2020,2020-08-11,2020,36.0489,-86.71369,False,0,0,,0,0,0,Possible Injury,Angle,Dark-Lighted,Clear,Motor Vehicle-In-Transport On Same Roadway
102758595,Crashes_MPO_2020,2020-08-11,2020,35.96998,-86.80628,True,0,0,,0,0,0,Property Damage,"Sideswipe, Same Direction",Daylight,Clear,Motor Vehicle-In-Transport On Same Roadway
102758579,Crashes_MPO_2020,2020-08-12,2020,36.04176,-86.70715,False,0,0,,0,0,0,Property Damage,Not Collision with Motor Vehicle in Transport,Dark-Not Lighted,Clear,Mail Box
102758812,Crashes_MPO_2020,2020-08-12,2020,36.03265,-86.70798,False,0,0,,0,0,0,Property Damage,Front to Rear,Daylight,Clear,Motor Vehicle-In-Transport On Same Roadway
102758900,Crashes_MPO_2020,2020-08-12,2020,35.99036,-86.74794,True,0,0,,0,0,0,Property Damage,Front to Rear,Daylight,Cloudy,Motor Vehicle-In-Transport On Same Roadway
102758913,Crashes_MPO_2020,2020-08-12,2020,36.0477,-86.71342,False,0,0,,0,0,0,Property Damage,"Sideswipe, Opposite Direction",Daylight,Unknown,Motor Vehicle-In-Transport On Same Roadway
102758919,Crashes_MPO_2020,2020-08-12,2020,35.94429,-86.81993,False,0,0,,0,0,0,Property Damage,Angle,Daylight,Rain,Motor Vehicle-In-Transport On Same Roadway
102759164,Crashes_MPO_2020,2020-08-12,2020,36.03336,-86.78872,True,0,0,,0,0,0,Property Damage,"Sideswipe, Same Direction",Daylight,Cloudy,Motor Vehicle-In-Transport On Same Roadway
102759155,Crashes_MPO_2020,2020-08-13,2020,35.94962,-86.84948,False,0,0,,0,0,0,Property Damage,Front to Rear,Daylight,Clear,Motor Vehicle-In-Transport On Same Roadway
102759177,Crashes_MPO_2020,2020-08-13,2020,36.03742,-86.78642,False,0,0,,0,0,0,Property Damage,"Sideswipe, Same Direction",Daylight,Clear,Motor Vehicle-In-Transport On Same Roadway
102759188,Crashes_MPO_2020,2020-08-13,2020,35.965842,-86.805675,True,0,0,,0,0,0,Property Damage,Front to Rear,Daylight,Clear,Motor Vehicle-In-Transport On Same Roadway
102759349,Crashes_MPO_2020,2020-08-13,2020,36.04562,-86.71066,False,0,0,,0,0,0,Property Damage,Angle,Daylight,Clear,Motor Vehicle-In-Transport On Same Roadway
102759527,Crashes_MPO_2020,2020-08-13,2020,35.94782,-86.81975,False,0,0,,0,0,0,Property Damage,Front to Rear,Daylight,Clear,Motor Vehicle-In-Transport On Same Roadway
102759566,Crashes_MPO_2020,2020-08-13,2020,36.03727,-86.78835,False,0,0,,0,0,0,Property Damage,Front to Rear,Daylight,Clear,Motor Vehicle-In-Transport On Same Roadway
102759674,Crashes_MPO_2020,2020-08-13,2020,35.99749,-86.79612,True,0,0,,0,0,0,Property Damage,Front to Rear,Dark-Lighted,Cloudy,Motor Vehicle-In-Transport On Same Roadway
102761357,Crashes_MPO_2020,2020-08-13,2020,35.97878,-86.80323,True,0,0,,0,0,0,Property Damage,Not Collision with Motor Vehicle in Transport,Dark-Not Lighted,Clear,Concrete Traffic Barrier
102760575,Crashes_MPO_2020,2020-08-14,2020,36.03431,-86.78331,True,0,0,,0,0,0,Property Damage,Not Collision with Motor Vehicle in Transport,Dark-Not Lighted,Cloudy,Concrete Traffic Barrier
102760600,Crashes_MPO_2020,2020-08-14,2020,36.03485,-86.7833,True,0,0,,0,0,0,Property Damage,Front to Rear,Dusk,Rain,Motor Vehicle-In-Transport On Same Roadway
102759865,Crashes_MPO_2020,2020-08-14,2020,36.04589,-86.72077,False,0,0,,0,0,0,Property Damage,Front to Rear,Daylight,Cloudy,Motor Vehicle-In-Transport On Same Roadway
102759955,Crashes_MPO_2020,2020-08-14,2020,36.05472,-86.71535,False,0,0,,0,0,0,Possible Injury,Front to Rear,Daylight,Cloudy,Motor Vehicle-In-Transport On Same Roadway
102760064,Crashes_MPO_2020,2020-08-14,2020,36.03553,-86.78752,True,0,0,,0,0,0,Possible Injury,Front to Rear,Daylight,Clear,Motor Vehicle-In-Transport On Same Roadway
102760285,Crashes_MPO_2020,2020-08-14,2020,35.96518,-86.80029,True,0,0,,0,0,0,Property Damage Under,Not Collision with Motor Vehicle in Transport,,,
102760286,Crashes_MPO_2020,2020-08-14,2020,36.03729,-86.83164,True,0,0,,0,0,0,Property Damage,Front to Rear,Daylight,Cloudy,Motor Vehicle-In-Transport On Same Roadway
102761254,Crashes_MPO_2020,2020-08-14,2020,35.97716,-86.67813,False,0,0,,0,0,0,Property Damage,Front to Rear,Daylight,Cloudy,Motor Vehicle-In-Transport On Same Roadway
102787961,Crashes_MPO_2020,2020-08-14,2020,36.03336,-86.78872,True,0,0,,0,0,0,Property Damage,Angle,Dark-Lighted,Clear,Motor Vehicle-In-Transport On Same Roadway
102763574,Crashes_MPO_2020,2020-08-15,2020,36.02877,-86.73382,False,0,0,,0,0,0,Property Damage Under,Not Collision with Motor Vehicle in Transport,,,
102760737,Crashes_MPO_2020,2020-08-15,2020,35.92388,-86.79611,False,0,0,,0,0,0,Possible Injury,Angle,Daylight,Clear,Motor Vehicle-In-Transport On Same Roadway
102760755,Crashes_MPO_2020,2020-08-15,2020,36.0398,-86.71279,False,0,0,,0,0,0,Property Damage,Front to Rear,Daylight,Cloudy,Motor Vehicle-In-Transport On Same Roadway
102760841,Crashes_MPO_2020,2020-08-15,2020,35.94804,-86.81868,False,0,0,,0,0,0,Property Damage,Angle,Daylight,Clear,Motor Vehicle-In-Transport On Same Roadway
102760885,Crashes_MPO_2020,2020-08-15,2020,35.96186,-86.81204,False,0,0,,0,0,0,Property Damage,"Sideswipe, Same Direction",Daylight,Clear,Motor Vehicle-In-Transport On Same Roadway
102761053,Crashes_MPO_2020,2020-08-15,2020,36.03297,-86.71,False,0,0,,0,0,0,Suspected Minor Injury,"Sideswipe, Opposite Direction",Daylight,Clear,Motor Vehicle-In-Transport On Same Roadway
102761135,Crashes_MPO_2020,2020-08-15,2020,35.93917,-86.81723,False,0,0,,0,0,0,Property Damage,Unknown,Daylight,Clear,Motor Vehicle-In-Transport On Same Roadway
102761195,Crashes_MPO_2020,2020-08-15,2020,36.04615,-86.71336,False,0,0,,0,0,0,Property Damage,Angle,Dark-Lighted,Clear,Parked Motor Vehicle
102767036,Crashes_MPO_2020,2020-08-16,2020,36.04439,-86.6941,False,2,0,,0,0,0,Fatal,HeadOn,Dark-Not Lighted,Clear,Motor Vehicle-In-Transport On Same Roadway
102761393,Crashes_MPO_2020,2020-08-16,2020,36.04798,-86.74103,False,0,0,,0,0,0,Property Damage Under,Rear to Rear,Daylight,Clear,Parked Motor Vehicle
102761541,Crashes_MPO_2020,2020-08-16,2020,36.04922,-86.81614,False,0,0,,0,0,0,Property Damage,Angle,Daylight,Clear,Motor Vehicle-In-Transport On Same Roadway
102761612,Crashes_MPO_2020,2020-08-16,2020,36.03551,-86.78748,True,0,0,,0,0,0,Property Damage,Angle,Daylight,Clear,Motor Vehicle-In-Transport On Same Roadway
102761692,Crashes_MPO_2020,2020-08-16,2020,36.01538,-86.70566,False,0,0,,0,0,0,Possible Injury,Angle,Daylight,Clear,Motor Vehicle-In-Transport On Same Roadway
102761729,Crashes_MPO_2020,2020-08-16,2020,36.0488,-86.71367,False,0,0,,0,0,0,Suspected Minor Injury,Angle,Dark-Lighted,Clear,Motor Vehicle-In-Transport On Same Roadway
102761841,Crashes_MPO_2020,2020-08-16,2020,35.93396,-86.86125,False,0,0,,0,0,0,Property Damage,Not Collision with Motor Vehicle in Transport,Dawn,Fog,Ditch
102763121,Crashes_MPO_2020,2020-08-17,2020,35.92903,-86.84903,False,0,0,,0,0,0,Property Damage Under,Front to Rear,Daylight,Clear,Motor Vehicle-In-Transport On Same Roadway
102762031,Crashes_MPO_2020,2020-08-17,2020,36.04239,-86.71365,False,0,0,,0,0,0,Property Damage,Front to Rear,Daylight,Clear,Motor Vehicle-In-Transport On Same Roadway
102762051,Crashes_MPO_2020,2020-08-17,2020,36.05151,-86.71436,False,0,0,,0,0,0,Property Damage,Front to Rear,Daylight,Clear,Motor Vehicle-In-Transport On Same Roadway
102762190,Crashes_MPO_2020,2020-08-17,2020,36.04674,-86.67883,False,0,0,,0,0,0,Possible Injury,"Sideswipe, Same Direction",Daylight,Clear,Motor Vehicle-In-Transport On Same Roadway
102762236,Crashes_MPO_2020,2020-08-17,2020,35.96479,-86.80007,True,0,0,,0,0,0,Property Damage Under,Not Collision with Motor Vehicle in Transport,,,
102762268,Crashes_MPO_2020,2020-08-17,2020,36.0464,-86.67736,False,0,0,,0,0,0,Property Damage,Not Collision with Motor Vehicle in Transport,Daylight,Clear,Thrown Or Falling Object
102762280,Crashes_MPO_2020,2020-08-17,2020,36.04688,-86.67959,False,0,0,,0,0,0,Property Damage,Front to Rear,Daylight,Clear,Motor Vehicle-In-Transport On Same Roadway
102762742,Crashes_MPO_2020,2020-08-18,2020,36.02555,-86.78543,True,0,0,,0,0,0,Property Damage,Front to Rear,Daylight,Clear,Motor Vehicle-In-Transport On Same Roadway
102762858,Crashes_MPO_2020,2020-08-18,2020,35.93607,-86.82638,False,0,0,,0,0,0,Property Damage,Angle,Daylight,Cloudy,Motor Vehicle-In-Transport On Same Roadway
102762924,Crashes_MPO_2020,2020-08-18,2020,35.97922,-86.72522,True,0,0,,0,0,0,Property Damage,Angle,Daylight,Clear,Motor Vehicle-In-Transport On Same Roadway
102762972,Crashes_MPO_2020,2020-08-18,2020,36.04561,-86.71977,False,0,0,,0,0,0,Possible Injury,Angle,Daylight,Clear,Motor Vehicle-In-Transport On Same Roadway
102763398,Crashes_MPO_2020,2020-08-19,2020,36.04002,-86.74348,False,0,0,,0,0,0,Property Damage,Other,Daylight,Clear,Motor Vehicle-In-Transport On Same Roadway
102763414,Crashes_MPO_2020,2020-08-19,2020,35.966692,-86.809206,True,0,0,,0,0,0,Property Damage,Front to Rear,Daylight,Clear,Motor Vehicle-In-Transport On Same Roadway
102763434,Crashes_MPO_2020,2020-08-19,2020,35.934,-86.81878,False,0,0,,0,0,0,Property Damage,Front to Rear,Daylight,Clear,Motor Vehicle-In-Transport On Same Roadway
102763542,Crashes_MPO_2020,2020-08-19,2020,35.9805,-86.80287,True,0,0,,0,0,0,Possible Injury,Front to Rear,Daylight,Clear,Motor Vehicle-In-Transport On Same Roadway
102763580,Crashes_MPO_2020,2020-08-19,2020,35.9667,-86.81121,True,0,0,,0,0,0,Property Damage,"Sideswipe, Same Direction",Daylight,Clear,Motor Vehicle-In-Transport On Same Roadway
102763629,Crashes_MPO_2020,2020-08-19,2020,35.94797,-86.81918,False,0,0,,0,0,0,Property Damage,Angle,Daylight,Clear,Motor Vehicle-In-Transport On Same Roadway
102763719,Crashes_MPO_2020,2020-08-19,2020,35.94794,-86.81995,False,0,0,,0,0,0,Property Damage,"Sideswipe, Same Direction",Daylight,Clear,Motor Vehicle-In-Transport On Same Roadway
102763762,Crashes_MPO_2020,2020-08-19,2020,36.05485,-86.72918,False,0,0,,0,0,0,Property Damage,Angle,Daylight,Clear,Motor Vehicle-In-Transport On Same Roadway
102764036,Crashes_MPO_2020,2020-08-19,2020,35.98635,-86.73664,True,0,0,,0,0,0,Property Damage,Front to Rear,Daylight,Clear,Motor Vehicle-In-Transport On Same Roadway
102764567,Crashes_MPO_2020,2020-08-20,2020,35.92926,-86.8207,False,0,0,,0,0,0,Property Damage,Front to Rear,Dark-Lighted,Clear,Motor Vehicle-In-Transport On Same Roadway
102764568,Crashes_MPO_2020,2020-08-20,2020,35.94138,-86.8379,False,0,0,,0,0,0,Property Damage,Not Collision with Motor Vehicle in Transport,Dark-Lighted,Clear,Curb
102766855,Crashes_MPO_2020,2020-08-20,2020,35.95586,-86.81728,False,0,0,,0,0,0,Property Damage,Angle,Daylight,Clear,Motor Vehicle-In-Transport On Same Roadway