record_no,source_layer,collision_ts,crash_year,latitude,longitude,in_city,fatalities,non_motorists,truck_involved,serious_injuries,pedestrian,bicycle,crash_type,manner_of_collision,lighting,weather,first_harmful_event
102764799,Crashes_MPO_2020,2020-08-21,2020,36.04685,-86.67941,False,0,0,,0,0,0,Suspected Minor Injury,Front to Rear,Daylight,Clear,Motor Vehicle-In-Transport On Same Roadway
102764851,Crashes_MPO_2020,2020-08-21,2020,35.93446,-86.81991,False,0,0,,0,0,0,Property Damage Under,Front to Rear,Daylight,Clear,Motor Vehicle-In-Transport On Same Roadway
102764976,Crashes_MPO_2020,2020-08-21,2020,35.97217,-86.8607,False,0,0,,0,0,0,Property Damage,Front to Rear,Daylight,Rain,Motor Vehicle-In-Transport On Same Roadway
102765083,Crashes_MPO_2020,2020-08-21,2020,36.04659,-86.6834,False,0,0,,0,0,0,Property Damage,Angle,Daylight,Rain,Motor Vehicle-In-Transport On Same Roadway
102765204,Crashes_MPO_2020,2020-08-21,2020,35.95837,-86.81416,False,0,0,,0,0,0,Property Damage Under,HeadOn,Daylight,Rain,Motor Vehicle-In-Transport On Same Roadway
102765206,Crashes_MPO_2020,2020-08-21,2020,35.93495,-86.77698,False,0,0,,0,0,0,Property Damage Under,Not Collision with Motor Vehicle in Transport,Daylight,Rain,Ditch
102765207,Crashes_MPO_2020,2020-08-21,2020,35.93502,-86.7761,False,0,0,,0,0,0,Property Damage,Angle,Daylight,Rain,Motor Vehicle-In-Transport On Same Roadway
102765226,Crashes_MPO_2020,2020-08-21,2020,36.03921,-86.71286,False,0,0,,0,0,0,Suspected Minor Injury,Front to Rear,Daylight,Rain,Motor Vehicle-In-Transport On Same Roadway
102765302,Crashes_MPO_2020,2020-08-21,2020,36.05483,-86.74271,False,0,0,,0,0,0,Suspected Minor Injury,Front to Rear,Daylight,Rain,Motor Vehicle-In-Transport On Same Roadway
102765355,Crashes_MPO_2020,2020-08-21,2020,35.94636,-86.80871,False,0,0,,0,0,0,Property Damage,"Sideswipe, Same Direction",Dark-Lighted,Rain,Motor Vehicle-In-Transport On Same Roadway
102765356,Crashes_MPO_2020,2020-08-21,2020,36.0389,-86.67744,False,0,0,,0,0,0,Property Damage,Front to Rear,Dark-Not Lighted,Rain,Motor Vehicle-In-Transport On Same Roadway
102765477,Crashes_MPO_2020,2020-08-21,2020,36.04677,-86.67902,False,0,0,,0,0,0,Property Damage,Not Collision with Motor Vehicle in Transport,Dark-Lighted,Unknown,Curb
102766740,Crashes_MPO_2020,2020-08-21,2020,36.04028,-86.76837,False,0,0,,0,0,0,Property Damage Under,Front to Rear,Dark-Unknown Lighting,Rain,Motor Vehicle-In-Transport On Same Roadway
102766850,Crashes_MPO_2020,2020-08-21,2020,36.03536,-86.78339,False,0,0,,0,0,0,Property Damage,Not Collision with Motor Vehicle in Transport,Daylight,Rain,Concrete Traffic Barrier
102765495,Crashes_MPO_2020,2020-08-22,2020,36.04012,-86.74451,False,0,0,,0,0,0,Property Damage,Angle,Dark-Lighted,Clear,Motor Vehicle-In-Transport On Same Roadway
102765513,Crashes_MPO_2020,2020-08-22,2020,36.01336,-86.78533,True,0,0,,0,0,0,Property Damage,Not Collision with Motor Vehicle in Transport,Dark-Not Lighted,Cloudy,Concrete Traffic Barrier
102765708,Crashes_MPO_2020,2020-08-22,2020,35.9397,-86.77037,False,0,0,,0,0,0,Property Damage,Angle,Daylight,Clear,Motor Vehicle-In-Transport On Same Roadway
102765873,Crashes_MPO_2020,2020-08-22,2020,36.0123,-86.70376,False,0,0,,0,0,0,Property Damage,Front to Rear,Daylight,Clear,Motor Vehicle-In-Transport On Same Roadway
102766049,Crashes_MPO_2020,2020-08-22,2020,36.01466,-86.68042,False,0,0,,0,0,0,Property Damage,Unknown,Dark-Unknown Lighting,Rain,Unknown
102766760,Crashes_MPO_2020,2020-08-22,2020,35.95858,-86.8023,False,0,0,,0,0,0,Property Damage,Rear to Rear,Dark-Not Lighted,Cloudy,Parked Motor Vehicle
102766424,Crashes_MPO_2020,2020-08-23,2020,35.92284,-86.87187,False,0,0,,0,0,0,Property Damage,Rear to Rear,Daylight,Clear,Motor Vehicle-In-Transport On Same Roadway
102766476,Crashes_MPO_2020,2020-08-23,2020,35.99914,-86.80899,True,0,0,,0,0,0,Property Damage,Front to Rear,Daylight,Clear,Motor Vehicle-In-Transport On Same Roadway
102766750,Crashes_MPO_2020,2020-08-23,2020,36.05361,-86.69447,False,0,0,,0,0,0,Property Damage,Front to Rear,Dark-Lighted,Clear,Parked Motor Vehicle
102767286,Crashes_MPO_2020,2020-08-24,2020,36.03737,-86.78691,False,0,0,,0,0,0,Property Damage,Front to Rear,Daylight,Clear,Motor Vehicle-In-Transport On Same Roadway
102767333,Crashes_MPO_2020,2020-08-24,2020,36.04662,-86.68342,False,0,0,,0,0,0,Property Damage,Angle,Daylight,Clear,Motor Vehicle-In-Transport On Same Roadway
102767388,Crashes_MPO_2020,2020-08-24,2020,35.92366,-86.86782,False,0,0,,0,0,0,Property Damage,"Sideswipe, Opposite Direction",Dark-Lighted,Clear,Motor Vehicle-In-Transport On Same Roadway
102767448,Crashes_MPO_2020,2020-08-24,2020,36.05447,-86.74101,False,0,0,,0,0,0,Possible Injury,Angle,Dark-Lighted,Clear,Parked Motor Vehicle
102767515,Crashes_MPO_2020,2020-08-24,2020,35.94786,-86.81958,False,0,0,,0,0,0,Property Damage Under,HeadOn,Daylight,Clear,Motor Vehicle-In-Transport On Same Roadway
102767961,Crashes_MPO_2020,2020-08-24,2020,36.01918,-86.78699,True,0,0,,0,0,0,Property Damage,Not Collision with Motor Vehicle in Transport,Daylight,Clear,Concrete Traffic Barrier
102768694,Crashes_MPO_2020,2020-08-24,2020,35.93011,-86.82013,False,0,0,,1,0,0,Suspected Serious Injury,"Sideswipe, Same Direction",Daylight,Clear,Motor Vehicle-In-Transport On Same Roadway
102766867,Crashes_MPO_2020,2020-08-24,2020,35.95651,-86.84889,False,0,0,,0,0,0,Suspected Minor Injury,Not Collision with Motor Vehicle in Transport,Dark-Not Lighted,Clear,Fence
102766981,Crashes_MPO_2020,2020-08-24,2020,36.03737,-86.78693,False,0,0,,0,0,0,Property Damage,Front to Rear,Daylight,Clear,Motor Vehicle-In-Transport On Same Roadway
102766997,Crashes_MPO_2020,2020-08-24,2020,36.04008,-86.74432,False,0,0,,0,0,0,Property Damage,Front to Rear,Daylight,Clear,Motor Vehicle-In-Transport On Same Roadway
102767002,Crashes_MPO_2020,2020-08-24,2020,36.02896,-86.76919,True,0,0,,0,0,0,Property Damage,Angle,Daylight,Clear,Motor Vehicle-In-Transport On Same Roadway
102767104,Crashes_MPO_2020,2020-08-24,2020,36.04523,-86.71674,False,0,0,,0,0,0,Possible Injury,Front to Rear,Daylight,Cloudy,Motor Vehicle-In-Transport On Same Roadway
102767172,Crashes_MPO_2020,2020-08-24,2020,36.04537,-86.71326,False,0,0,,0,0,0,Property Damage,Front to Rear,Daylight,Clear,Motor Vehicle-In-Transport On Same Roadway
102770147,Crashes_MPO_2020,2020-08-24,2020,36.05151,-86.71436,False,0,0,,0,0,0,Property Damage,"Sideswipe, Same Direction",Dark-Lighted,Clear,Motor Vehicle-In-Transport On Same Roadway
102767578,Crashes_MPO_2020,2020-08-25,2020,36.0453,-86.70168,False,0,0,,0,0,0,Property Damage,Front to Rear,Daylight,Clear,Motor Vehicle-In-Transport On Same Roadway
102767734,Crashes_MPO_2020,2020-08-25,2020,35.94421,-86.81976,False,0,0,,0,0,0,Property Damage,Angle,Daylight,Clear,Motor Vehicle-In-Transport On Same Roadway
102767779,Crashes_MPO_2020,2020-08-25,2020,36.04685,-86.67941,False,0,0,,0,0,0,Property Damage,Front to Rear,Daylight,Clear,Motor Vehicle-In-Transport On Same Roadway
102767899,Crashes_MPO_2020,2020-08-25,2020,35.99842,-86.69205,False,0,0,,0,0,0,Property Damage,Angle,Daylight,Clear,Parked Motor Vehicle
102767962,Crashes_MPO_2020,2020-08-25,2020,35.95226,-86.7254,True,0,0,,0,0,0,Property Damage,Front to Rear,Daylight,Clear,Motor Vehicle-In-Transport On Same Roadway
102767964,Crashes_MPO_2020,2020-08-25,2020,36.03772,-86.78481,False,0,0,,0,0,0,Property Damage,Front to Rear,Daylight,Clear,Motor Vehicle-In-Transport On Same Roadway
102767965,Crashes_MPO_2020,2020-08-25,2020,35.96701,-86.81331,True,0,0,,0,0,0,Property Damage,"Sideswipe, Same Direction",Daylight,Clear,Motor Vehicle-In-Transport On Same Roadway
102768000,Crashes_MPO_2020,2020-08-25,2020,35.93808,-86.8218,False,0,0,,0,0,0,Suspected Minor Injury,"Sideswipe, Same Direction",Daylight,Clear,Motor Vehicle-In-Transport On Same Roadway
102768026,Crashes_MPO_2020,2020-08-25,2020,36.04089,-86.74369,False,0,0,,0,0,0,Property Damage,Angle,Dark-Lighted,Clear,Motor Vehicle-In-Transport On Same Roadway
102768076,Crashes_MPO_2020,2020-08-25,2020,35.92999,-86.86435,False,0,0,,0,0,0,Property Damage,Front to Rear,Dark-Lighted,Clear,Motor Vehicle-In-Transport On Same Roadway
102769214,Crashes_MPO_2020,2020-08-25,2020,35.95004,-86.84915,False,0,0,,0,0,0,Property Damage,"Sideswipe, Same Direction",Daylight,Clear,Motor Vehicle-In-Transport On Same Roadway
102769962,Crashes_MPO_2020,2020-08-25,2020,35.96008,-86.80971,False,0,0,,0,0,0,Property Damage,"Sideswipe, Same Direction",Daylight,Clear,Motor Vehicle-In-Transport On Same Roadway
102769963,Crashes_MPO_2020,2020-08-25,2020,35.96684,-86.80896,True,0,0,,0,0,0,Property Damage,Front to Rear,Daylight,Clear,Motor Vehicle-In-Transport On Same Roadway
102768370,Crashes_MPO_2020,2020-08-26,2020,36.04012,-86.78074,False,0,0,,0,0,0,Property Damage,Angle,Daylight,Cloudy,Motor Vehicle-In-Transport On Same Roadway
102768618,Crashes_MPO_2020,2020-08-26,2020,35.99604,-86.78444,True,0,0,,0,0,0,Property Damage,Angle,Daylight,Clear,Motor Vehicle-In-Transport On Same Roadway
102768695,Crashes_MPO_2020,2020-08-26,2020,35.93812,-86.82194,False,0,0,,0,0,0,Possible Injury,Front to Rear,Daylight,Clear,Motor Vehicle-In-Transport On Same Roadway
102768718,Crashes_MPO_2020,2020-08-26,2020,35.95692,-86.81156,False,0,0,,0,0,0,Property Damage,Front to Rear,Daylight,Clear,Motor Vehicle-In-Transport On Same Roadway
102768738,Crashes_MPO_2020,2020-08-26,2020,36.04495,-86.68625,False,0,0,,0,0,0,Property Damage Under,Angle,Dark-Lighted,Clear,Motor Vehicle-In-Transport On Same Roadway
102768826,Crashes_MPO_2020,2020-08-26,2020,36.04001,-86.74347,False,0,0,,0,0,0,Property Damage,HeadOn,Dark-Lighted,Clear,Motor Vehicle-In-Transport On Same Roadway
102769012,Crashes_MPO_2020,2020-08-26,2020,36.0262,-86.71205,False,0,0,,0,0,0,Property Damage Under,Front to Rear,Dark-Unknown Lighting,Unknown,Parked Motor Vehicle
102769065,Crashes_MPO_2020,2020-08-26,2020,35.98314,-86.71746,True,0,0,,0,0,0,Suspected Minor Injury,Angle,Daylight,Clear,Motor Vehicle-In-Transport On Same Roadway
102769137,Crashes_MPO_2020,2020-08-26,2020,35.99689,-86.792,True,0,0,,0,0,0,Possible Injury,Front to Rear,Daylight,Clear,Motor Vehicle-In-Transport On Same Roadway
102769300,Crashes_MPO_2020,2020-08-27,2020,35.92257,-86.86854,False,0,0,,0,0,0,Property Damage,Other,Unknown,Clear,Parked Motor Vehicle
102769347,Crashes_MPO_2020,2020-08-27,2020,35.97914,-86.771,True,0,0,,0,0,0,Property Damage Under,Not Collision with Motor Vehicle in Transport,,,
102769370,Crashes_MPO_2020,2020-08-27,2020,36.00021,-86.69296,False,0,0,,0,0,0,Property Damage Under,"Sideswipe, Same Direction",Daylight,Clear,Parked Motor Vehicle
102769405,Crashes_MPO_2020,2020-08-27,2020,36.02513,-86.78567,True,0,0,,0,0,0,Suspected Minor Injury,Not Collision with Motor Vehicle in Transport,Daylight,Clear,Ditch
102769448,Crashes_MPO_2020,2020-08-27,2020,35.9295,-86.84135,False,0,0,,0,0,0,Property Damage,Front to Rear,Daylight,Cloudy,Motor Vehicle-In-Transport On Same Roadway
102769583,Crashes_MPO_2020,2020-08-27,2020,36.04908,-86.77535,False,0,0,,0,0,0,Property Damage,Front to Rear,Dark-Lighted,Rain,Motor Vehicle-In-Transport On Same Roadway
102769646,Crashes_MPO_2020,2020-08-27,2020,36.03751,-86.78572,False,0,0,,0,0,0,Property Damage,"Sideswipe, Same Direction",Dark-Lighted,Rain,Motor Vehicle-In-Transport On Same Roadway
102769655,Crashes_MPO_2020,2020-08-27,2020,35.95566,-86.81123,False,0,0,,0,0,0,Property Damage,Not Collision with Motor Vehicle in Transport,Dark-Lighted,Rain,Concrete Traffic Barrier
102769674,Crashes_MPO_2020,2020-08-27,2020,36.04853,-86.71352,False,0,0,,0,0,0,Property Damage,Front to Rear,Daylight,Rain,Motor Vehicle-In-Transport On Same Roadway
102769780,Crashes_MPO_2020,2020-08-27,2020,35.96328,-86.80885,False,0,0,,0,0,0,Property Damage,Not Collision with Motor Vehicle in Transport,Dark-Lighted,Rain,"Over Turn, Roll Over"
102769783,Crashes_MPO_2020,2020-08-28,2020,35.95063,-86.813,False,0,0,,0,0,0,Suspected Minor Injury,Front to Rear,Dark-Lighted,Cloudy,Motor Vehicle-In-Transport On Same Roadway
102769934,Crashes_MPO_2020,2020-08-28,2020,35.93557,-86.82364,False,0,0,,0,0,0,Property Damage Under,"Sideswipe, Same Direction",Daylight,Cloudy,Motor Vehicle-In-Transport On Same Roadway
102769951,Crashes_MPO_2020,2020-08-28,2020,36.03647,-86.78692,False,0,0,,0,0,0,Property Damage,"Sideswipe, Same Direction",Daylight,Cloudy,Motor Vehicle-In-Transport On Same Roadway
102770002,Crashes_MPO_2020,2020-08-28,2020,35.94193,-86.82281,False,0,0,,0,0,0,Property Damage,Angle,Daylight,Clear,Motor Vehicle-In-Transport On Same Roadway
102770040,Crashes_MPO_2020,2020-08-28,2020,36.04519,-86.71573,False,0,0,,0,0,0,Property Damage,"Sideswipe, Same Direction",Unknown,Unknown,Motor Vehicle-In-Transport On Same Roadway
102770214,Crashes_MPO_2020,2020-08-28,2020,36.0524,-86.68389,False,0,1,,0,1,0,Possible Injury,Not Collision with Motor Vehicle in Transport,Daylight,Cloudy,Pedestrian
102770310,Crashes_MPO_2020,2020-08-28,2020,35.92685,-86.72188,False,0,0,,0,0,0,Property Damage,Not Collision with Motor Vehicle in Transport,Daylight,Cloudy,Ditch
102770362,Crashes_MPO_2020,2020-08-28,2020,35.94782,-86.81975,False,0,0,,0,0,0,Property Damage,Front to Rear,Daylight,Rain,Motor Vehicle-In-Transport On Same Roadway
102770457,Crashes_MPO_2020,2020-08-28,2020,36.04428,-86.71313,False,0,0,,0,0,0,Property Damage,Front to Rear,Daylight,Clear,Motor Vehicle-In-Transport On Same Roadway
102770479,Crashes_MPO_2020,2020-08-28,2020,36.02716,-86.78873,True,0,0,,0,0,0,Suspected Minor Injury,"Sideswipe, Same Direction",Dark-Not Lighted,Rain,Motor Vehicle-In-Transport On Same Roadway
102770497,Crashes_MPO_2020,2020-08-28,2020,35.95538,-86.73873,True,0,0,,0,0,0,Property Damage,Not Collision with Motor Vehicle in Transport,Dark-Not Lighted,Rain,Ditch
102770593,Crashes_MPO_2020,2020-08-28,2020,35.93808,-86.8218,False,0,0,,0,0,0,Property Damage,Angle,Daylight,Rain,Motor Vehicle-In-Transport On Same Roadway
102770598,Crashes_MPO_2020,2020-08-28,2020,35.98483,-86.74005,True,0,0,,0,0,0,Property Damage,Not Collision with Motor Vehicle in Transport,Dark-Not Lighted,Rain,Ditch
102771354,Crashes_MPO_2020,2020-08-28,2020,36.03292,-86.79813,True,0,0,,0,0,0,Property Damage,Not Collision with Motor Vehicle in Transport,Dark-Unknown Lighting,Unknown,Shrubbery
102772809,Crashes_MPO_2020,2020-08-29,2020,36.00404,-86.79096,True,0,0,,0,0,0,Property Damage,Front to Rear,Daylight,Clear,Motor Vehicle-In-Transport On Same Roadway
102770716,Crashes_MPO_2020,2020-08-29,2020,36.0124,-86.70359,False,0,0,,0,0,0,Suspected Minor Injury,Not Collision with Motor Vehicle in Transport,Dark-Lighted,Rain,Ditch
102770768,Crashes_MPO_2020,2020-08-29,2020,36.04755,-86.77668,False,0,0,,0,0,0,Property Damage,Not Collision with Motor Vehicle in Transport,Dawn,Cloudy,Guard Rail Face
102771016,Crashes_MPO_2020,2020-08-29,2020,35.96647,-86.81374,False,0,0,,0,0,0,Property Damage Under,Not Collision with Motor Vehicle in Transport,,,
102771047,Crashes_MPO_2020,2020-08-29,2020,36.03964,-86.78162,False,0,0,,0,0,0,Suspected Minor Injury,Front to Rear,Daylight,Clear,Motor Vehicle-In-Transport On Same Roadway
102771082,Crashes_MPO_2020,2020-08-29,2020,36.04399,-86.71311,False,0,0,,0,0,0,Suspected Minor Injury,Other,Daylight,Clear,Motor Vehicle-In-Transport On Same Roadway
102771096,Crashes_MPO_2020,2020-08-29,2020,35.99915,-86.80902,True,0,0,,0,0,0,Property Damage,Angle,Dusk,Cloudy,Motor Vehicle-In-Transport On Same Roadway
102771149,Crashes_MPO_2020,2020-08-29,2020,36.04249,-86.67676,False,0,0,,0,0,0,Property Damage,Front to Rear,Dusk,Rain,Motor Vehicle-In-Transport On Same Roadway
102771187,Crashes_MPO_2020,2020-08-29,2020,35.9597,-86.80244,False,0,0,,0,0,0,Property Damage,Other,Dark-Lighted,Clear,Parked Motor Vehicle
102771364,Crashes_MPO_2020,2020-08-29,2020,35.96705,-86.81355,True,0,0,,0,0,0,Property Damage,"Sideswipe, Same Direction",Daylight,Clear,Motor Vehicle-In-Transport On Same Roadway
102771681,Crashes_MPO_2020,2020-08-30,2020,36.04536,-86.71786,False,0,0,,0,0,0,Property Damage,Front to Rear,Daylight,Clear,Motor Vehicle-In-Transport On Same Roadway
102771950,Crashes_MPO_2020,2020-08-30,2020,36.03013,-86.78389,True,0,0,,0,0,0,Property Damage Under,Not Collision with Motor Vehicle in Transport,,,
102772001,Crashes_MPO_2020,2020-08-30,2020,35.96264,-86.81144,False,0,0,,0,0,0,Property Damage,Not Collision with Motor Vehicle in Transport,Dark-Lighted,Clear,Utility Pole
102772018,Crashes_MPO_2020,2020-08-30,2020,35.9659,-86.80324,True,0,0,,0,0,0,Property Damage,Front to Rear,Daylight,Cloudy,Motor Vehicle-In-Transport On Same Roadway
102772328,Crashes_MPO_2020,2020-08-30,2020,35.93541,-86.81829,False,0,0,,0,0,0,Property Damage,"Sideswipe, Same Direction",Daylight,Cloudy,Motor Vehicle-In-Transport On Same Roadway
102771990,Crashes_MPO_2020,2020-08-31,2020,36.03751,-86.78654,False,0,0,,0,0,0,Property Damage Under,Not Collision with Motor Vehicle in Transport,,,
102772102,Crashes_MPO_2020,2020-08-31,2020,35.99787,-86.79931,True,0,0,,0,0,0,Property Damage Under,Not Collision with Motor Vehicle in Transport,,,
102772121,Crashes_MPO_2020,2020-08-31,2020,36.01286,-86.80081,True,0,0,,0,0,0,Property Damage,Front to Rear,Daylight,Cloudy,Motor Vehicle-In-Transport On Same Roadway
102772199,Crashes_MPO_2020,2020-08-31,2020,35.95383,-86.80405,False,0,0,,0,0,0,Property Damage Under,Front to Rear,Daylight,Clear,Motor Vehicle-In-Transport On Same Roadway
102772216,Crashes_MPO_2020,2020-08-31,2020,35.94687,-86.85168,False,0,0,,0,0,0,Property Damage Under,Front to Rear,Daylight,Cloudy,Motor Vehicle-In-Transport On Same Roadway
102772269,Crashes_MPO_2020,2020-08-31,2020,36.0393,-86.78207,False,0,0,,0,0,0,Property Damage,Front to Rear,Daylight,Cloudy,Motor Vehicle-In-Transport On Same Roadway
102772326,Crashes_MPO_2020,2020-08-31,2020,35.96589,-86.80314,True,0,0,,0,0,0,Property Damage,Angle,Daylight,Cloudy,Motor Vehicle-In-Transport On Same Roadway
102772361,Crashes_MPO_2020,2020-08-31,2020,35.99771,-86.79797,True,0,0,,0,0,0,Suspected Minor Injury,Front to Rear,Daylight,Cloudy,Motor Vehicle-In-Transport On Same Roadway
102772473,Crashes_MPO_2020,2020-08-31,2020,36.0466,-86.71341,False,0,0,,0,0,0,Property Damage,Angle,Daylight,Cloudy,Motor Vehicle-In-Transport On Same Roadway
102772503,Crashes_MPO_2020,2020-08-31,2020,36.00954,-86.70169,False,0,0,,0,0,0,Suspected Minor Injury,Angle,Daylight,Rain,Motor Vehicle-In-Transport On Same Roadway
102772521,Crashes_MPO_2020,2020-08-31,2020,35.96196,-86.70704,True,0,0,,0,0,0,Property Damage,"Sideswipe, Opposite Direction",Dusk,Rain,Motor Vehicle-In-Transport On Same Roadway
102772522,Crashes_MPO_2020,2020-08-31,2020,36.04658,-86.71341,False,0,0,,0,0,0,Suspected Minor Injury,Front to Rear,Daylight,Rain,Motor Vehicle-In-Transport On Same Roadway
102772608,Crashes_MPO_2020,2020-08-31,2020,36.0402,-86.75544,False,0,0,,0,0,0,Possible Injury,Not Collision with Motor Vehicle in Transport,Daylight,Cloudy,Building
102772886,Crashes_MPO_2020,2020-08-31,2020,36.01501,-86.81396,True,0,0,,0,0,0,Property Damage,Not Collision with Motor Vehicle in Transport,Daylight,Rain,Fence
102772912,Crashes_MPO_2020,2020-08-31,2020,35.94322,-86.81557,False,0,0,,0,0,0,Property Damage,Not Collision with Motor Vehicle in Transport,Daylight,Rain,Standing Tree
102779975,Crashes_MPO_2020,2020-08-31,2020,36.00417,-86.79083,True,0,0,,0,0,0,Property Damage Under,Not Collision with Motor Vehicle in Transport,,,
102773013,Crashes_MPO_2020,2020-09-01,2020,36.0465,-86.67782,False,0,0,,0,0,0,Property Damage Under,Not Collision with Motor Vehicle in Transport,,,
102773014,Crashes_MPO_2020,2020-09-01,2020,36.04679,-86.6791,False,0,0,,0,0,0,Property Damage Under,Not Collision with Motor Vehicle in Transport,,,
102773113,Crashes_MPO_2020,2020-09-01,2020,35.9472,-86.85142,False,0,0,,0,0,0,Property Damage Under,Front to Rear,Daylight,Clear,Motor Vehicle-In-Transport On Same Roadway
102773132,Crashes_MPO_2020,2020-09-01,2020,36.04653,-86.68335,False,0,0,,0,0,0,Property Damage,Angle,Daylight,Unknown,Motor Vehicle-In-Transport On Same Roadway
102773159,Crashes_MPO_2020,2020-09-01,2020,36.0372,-86.87137,False,0,0,,0,0,0,Property Damage,Not Collision with Motor Vehicle in Transport,Daylight,Rain,Guard Rail Face
102773182,Crashes_MPO_2020,2020-09-01,2020,36.03458,-86.7831,True,0,0,,0,0,0,Property Damage,Front to Rear,Daylight,Rain,Motor Vehicle-In-Transport On Same Roadway
102773209,Crashes_MPO_2020,2020-09-01,2020,36.02421,-86.78593,True,0,0,,0,0,0,Property Damage,Front to Rear,Daylight,Cloudy,Motor Vehicle-In-Transport On Same Roadway
102773244,Crashes_MPO_2020,2020-09-01,2020,36.04042,-86.78024,False,0,0,,0,0,0,Property Damage,"Sideswipe, Same Direction",Daylight,Rain,Motor Vehicle-In-Transport On Same Roadway
102773411,Crashes_MPO_2020,2020-09-01,2020,35.97722,-86.67813,False,0,0,,0,0,0,Property Damage,Not Collision with Motor Vehicle in Transport,Dark-Not Lighted,Fog,Other Non-Collision
102774190,Crashes_MPO_2020,2020-09-01,2020,35.93001,-86.84603,False,0,0,,0,0,0,Property Damage,Angle,Dark-Lighted,Clear,Parked Motor Vehicle
102773564,Crashes_MPO_2020,2020-09-02,2020,35.96458,-86.81449,False,0,0,,0,0,0,Property Damage,"Sideswipe, Same Direction",Dawn,Clear,Motor Vehicle-In-Transport On Same Roadway
102773856,Crashes_MPO_2020,2020-09-02,2020,35.95149,-86.68958,False,0,0,,0,0,0,Suspected Minor Injury,Not Collision with Motor Vehicle in Transport,Daylight,Clear,Mail Box
102773956,Crashes_MPO_2020,2020-09-02,2020,36.02805,-86.67674,False,0,0,,0,0,0,Suspected Minor Injury,HeadOn,Daylight,Clear,Motor Vehicle-In-Transport On Same Roadway
102776579,Crashes_MPO_2020,2020-09-02,2020,36.01767,-86.78631,True,0,0,,0,0,0,Property Damage,Not Collision with Motor Vehicle in Transport,Unknown,Unknown,Guard Rail Face
102774164,Crashes_MPO_2020,2020-09-03,2020,36.03316,-86.71291,False,0,0,,0,0,0,Suspected Minor Injury,Angle,Dark-Not Lighted,Clear,Motor Vehicle-In-Transport On Same Roadway
102774180,Crashes_MPO_2020,2020-09-03,2020,35.92869,-86.75597,False,0,0,,0,0,0,Property Damage,Not Collision with Motor Vehicle in Transport,Dark-Not Lighted,Clear,Culvert
102774453,Crashes_MPO_2020,2020-09-03,2020,35.92887,-86.83704,False,0,0,,0,0,0,Property Damage Under,Not Collision with Motor Vehicle in Transport,,,