record_no,source_layer,collision_ts,crash_year,latitude,longitude,in_city,fatalities,non_motorists,truck_involved,serious_injuries,pedestrian,bicycle,crash_type,manner_of_collision,lighting,weather,first_harmful_event
102774585,Crashes_MPO_2020,2020-09-03,2020,36.02013,-86.71016,False,0,0,,0,0,0,Property Damage,Front to Rear,Daylight,Clear,Motor Vehicle-In-Transport On Same Roadway
102774721,Crashes_MPO_2020,2020-09-03,2020,35.99673,-86.79057,True,0,0,,0,0,0,Possible Injury,Front to Rear,Daylight,Clear,Motor Vehicle-In-Transport On Same Roadway
102774817,Crashes_MPO_2020,2020-09-03,2020,36.03076,-86.74721,False,0,0,,0,0,0,Suspected Minor Injury,Front to Rear,Daylight,Clear,Motor Vehicle-In-Transport On Same Roadway
102775340,Crashes_MPO_2020,2020-09-03,2020,35.97182,-86.82584,True,0,0,,0,0,0,Suspected Minor Injury,Angle,Daylight,Clear,Motor Vehicle-In-Transport On Same Roadway
102775384,Crashes_MPO_2020,2020-09-03,2020,35.93693,-86.78108,False,0,0,,0,0,0,Property Damage Under,Not Collision with Motor Vehicle in Transport,,,
102777688,Crashes_MPO_2020,2020-09-04,2020,35.9469,-86.8246,False,0,0,,0,0,0,Property Damage Under,"Sideswipe, Same Direction",Daylight,Cloudy,Motor Vehicle-In-Transport On Same Roadway
102778569,Crashes_MPO_2020,2020-09-04,2020,35.96394,-86.81022,False,0,0,,0,0,0,Suspected Minor Injury,Not Collision with Motor Vehicle in Transport,Dark-Lighted,Clear,Highway Traffic Sign Post
102775456,Crashes_MPO_2020,2020-09-04,2020,35.96705,-86.81355,True,0,0,,0,0,0,Property Damage,Front to Rear,Daylight,Clear,Motor Vehicle-In-Transport On Same Roadway
102775458,Crashes_MPO_2020,2020-09-04,2020,36.02549,-86.71247,False,0,0,,0,0,0,Property Damage,Angle,Daylight,Clear,Motor Vehicle-In-Transport On Same Roadway
102775979,Crashes_MPO_2020,2020-09-04,2020,35.9667,-86.81121,True,0,0,,0,0,0,Property Damage Under,Not Collision with Motor Vehicle in Transport,,,
102776071,Crashes_MPO_2020,2020-09-04,2020,36.04546,-86.71274,False,0,0,,0,0,0,Property Damage,Front to Rear,Daylight,Clear,Motor Vehicle-In-Transport On Same Roadway
102776332,Crashes_MPO_2020,2020-09-04,2020,35.95577,-86.83065,False,0,0,,0,0,0,Property Damage,Front to Rear,Daylight,Clear,Motor Vehicle-In-Transport On Same Roadway
102776566,Crashes_MPO_2020,2020-09-04,2020,35.99759,-86.7969,True,0,0,,0,0,0,Property Damage,Front to Rear,Daylight,Cloudy,Motor Vehicle-In-Transport On Same Roadway
102777160,Crashes_MPO_2020,2020-09-05,2020,36.02577,-86.6925,False,0,0,,0,0,0,Suspected Minor Injury,"Sideswipe, Opposite Direction",Daylight,Clear,Motor Vehicle-In-Transport On Same Roadway
102777172,Crashes_MPO_2020,2020-09-05,2020,36.03318,-86.78282,True,0,0,,0,0,0,Property Damage,Front to Rear,Daylight,Clear,Motor Vehicle-In-Transport On Same Roadway
102777225,Crashes_MPO_2020,2020-09-05,2020,36.01195,-86.68422,False,0,0,,0,0,0,Property Damage,HeadOn,Daylight,Clear,Motor Vehicle-In-Transport On Same Roadway
102777361,Crashes_MPO_2020,2020-09-05,2020,36.03749,-86.79129,False,0,0,,0,0,0,Suspected Minor Injury,Front to Rear,Dusk,Clear,Motor Vehicle-In-Transport On Same Roadway
102777478,Crashes_MPO_2020,2020-09-05,2020,36.04551,-86.70455,False,0,0,,0,0,0,Property Damage,Front to Rear,Dark-Lighted,Clear,Motor Vehicle-In-Transport On Same Roadway
102777986,Crashes_MPO_2020,2020-09-05,2020,35.93562,-86.82387,False,0,0,,0,0,0,Property Damage,Front to Rear,Daylight,Clear,Motor Vehicle-In-Transport On Same Roadway
102778306,Crashes_MPO_2020,2020-09-05,2020,35.95198,-86.81788,False,0,0,,0,0,0,Suspected Minor Injury,Not Collision with Motor Vehicle in Transport,Daylight,Clear,Embankment Rock/Stone/Concrete
102776608,Crashes_MPO_2020,2020-09-05,2020,36.04196,-86.81621,False,0,0,,0,0,0,Property Damage,Not Collision with Motor Vehicle in Transport,Daylight,Clear,Other Object
102776987,Crashes_MPO_2020,2020-09-05,2020,36.03317,-86.7129,False,0,0,,0,0,0,Property Damage,Front to Rear,Daylight,Clear,Motor Vehicle-In-Transport On Same Roadway
102777113,Crashes_MPO_2020,2020-09-05,2020,35.98644,-86.73681,True,0,0,,0,0,0,Property Damage,Front to Rear,Daylight,Clear,Motor Vehicle-In-Transport On Same Roadway
102777552,Crashes_MPO_2020,2020-09-06,2020,35.95078,-86.80647,False,0,0,,0,0,0,Suspected Minor Injury,Other,Dark-Lighted,Clear,Motor Vehicle-In-Transport On Same Roadway
102778302,Crashes_MPO_2020,2020-09-06,2020,36.04543,-86.70371,False,0,0,,0,0,0,Property Damage,Front to Rear,Daylight,Clear,Motor Vehicle-In-Transport On Same Roadway
102778317,Crashes_MPO_2020,2020-09-06,2020,36.04528,-86.70141,False,0,0,,0,0,0,Suspected Minor Injury,Angle,Daylight,Clear,Motor Vehicle-In-Transport On Same Roadway
102778420,Crashes_MPO_2020,2020-09-06,2020,36.04557,-86.7112,False,0,0,,0,0,0,Property Damage Under,"Sideswipe, Same Direction",Dusk,Clear,Motor Vehicle-In-Transport On Same Roadway
102778458,Crashes_MPO_2020,2020-09-06,2020,36.0453,-86.70168,False,0,0,,0,0,0,Property Damage Under,Angle,Daylight,Clear,Motor Vehicle-In-Transport On Same Roadway
102778531,Crashes_MPO_2020,2020-09-06,2020,35.96714,-86.81301,True,0,0,,0,0,0,Property Damage,Not Collision with Motor Vehicle in Transport,Dark-Lighted,Clear,Other Fixed Object
102778589,Crashes_MPO_2020,2020-09-06,2020,36.01357,-86.67921,False,0,0,,0,0,0,Property Damage,Front to Rear,Dark-Not Lighted,Clear,Parked Motor Vehicle
102778814,Crashes_MPO_2020,2020-09-07,2020,35.98044,-86.80265,True,0,0,,0,0,0,Property Damage,Not Collision with Motor Vehicle in Transport,Daylight,Clear,Concrete Traffic Barrier
102778875,Crashes_MPO_2020,2020-09-07,2020,35.93909,-86.82149,False,0,0,,0,0,0,Property Damage,Angle,Daylight,Clear,Motor Vehicle-In-Transport On Same Roadway
102780087,Crashes_MPO_2020,2020-09-07,2020,36.03336,-86.78872,True,0,0,,0,0,0,Property Damage,Front to Rear,Daylight,Clear,Motor Vehicle-In-Transport On Same Roadway
102781131,Crashes_MPO_2020,2020-09-08,2020,36.04531,-86.7138,False,0,0,,0,0,0,Suspected Minor Injury,Front to Rear,Daylight,Clear,Motor Vehicle-In-Transport On Same Roadway
102783524,Crashes_MPO_2020,2020-09-08,2020,35.95891,-86.75098,True,0,0,,0,0,0,Property Damage Under,Not Collision with Motor Vehicle in Transport,Dark-Lighted,Clear,Mail Box
102780011,Crashes_MPO_2020,2020-09-08,2020,35.99316,-86.69641,True,0,0,,0,0,0,Property Damage,Angle,Daylight,Clear,Motor Vehicle-In-Transport On Same Roadway
102780144,Crashes_MPO_2020,2020-09-08,2020,36.04001,-86.74347,False,0,0,,0,0,0,Property Damage,"Sideswipe, Same Direction",Daylight,Clear,Motor Vehicle-In-Transport On Same Roadway
102780426,Crashes_MPO_2020,2020-09-08,2020,35.92974,-86.85585,False,0,0,,0,0,0,Property Damage,HeadOn,Daylight,Clear,Motor Vehicle-In-Transport On Same Roadway
102780460,Crashes_MPO_2020,2020-09-08,2020,35.997794,-86.794658,True,0,0,,0,0,0,Property Damage,Front to Rear,Daylight,Clear,Motor Vehicle-In-Transport On Same Roadway
102781004,Crashes_MPO_2020,2020-09-08,2020,35.93292,-86.81159,False,0,0,,0,0,0,Property Damage,"Sideswipe, Same Direction",Daylight,Clear,Motor Vehicle-In-Transport On Same Roadway
102781340,Crashes_MPO_2020,2020-09-09,2020,36.02043,-86.71049,False,0,0,,0,0,0,Property Damage,Front to Rear,Daylight,Clear,Motor Vehicle-In-Transport On Same Roadway
102781388,Crashes_MPO_2020,2020-09-09,2020,36.0409,-86.77938,False,0,0,,0,0,0,Property Damage,Other,Daylight,Clear,Motor Vehicle-In-Transport On Same Roadway
102781415,Crashes_MPO_2020,2020-09-09,2020,35.965858,-86.805667,True,0,0,,0,0,0,Property Damage,Front to Rear,Daylight,Clear,Motor Vehicle-In-Transport On Same Roadway
102781416,Crashes_MPO_2020,2020-09-09,2020,35.9505,-86.76617,True,0,0,,0,0,0,Suspected Minor Injury,Angle,Daylight,Clear,Motor Vehicle-In-Transport On Same Roadway
102781452,Crashes_MPO_2020,2020-09-09,2020,36.04519,-86.71527,False,0,0,,0,0,0,Possible Injury,Angle,Daylight,Clear,Motor Vehicle-In-Transport On Same Roadway
102780845,Crashes_MPO_2020,2020-09-09,2020,36.01555,-86.70521,False,0,0,,0,0,0,Property Damage,Not Collision with Motor Vehicle in Transport,Dark-Lighted,Clear,Luminaire Light Support
102780960,Crashes_MPO_2020,2020-09-09,2020,35.95201,-86.74153,True,0,0,,0,0,0,Property Damage Under,Not Collision with Motor Vehicle in Transport,,,
102781102,Crashes_MPO_2020,2020-09-09,2020,36.05286,-86.71478,False,0,0,,0,0,0,Possible Injury,Front to Rear,Daylight,Clear,Motor Vehicle-In-Transport On Same Roadway
102781872,Crashes_MPO_2020,2020-09-10,2020,36.04424,-86.71313,False,0,0,,0,0,0,Property Damage,Angle,Daylight,Clear,Motor Vehicle-In-Transport On Same Roadway
102782214,Crashes_MPO_2020,2020-09-10,2020,35.94782,-86.81975,False,0,0,,0,0,0,Property Damage,Angle,Daylight,Clear,Motor Vehicle-In-Transport On Same Roadway
102782275,Crashes_MPO_2020,2020-09-10,2020,35.967505,-86.808333,True,0,0,,0,0,0,Property Damage,Front to Rear,Daylight,Clear,Motor Vehicle-In-Transport On Same Roadway
102782629,Crashes_MPO_2020,2020-09-10,2020,35.92892,-86.83741,False,0,0,,0,0,0,Property Damage,Front to Rear,Daylight,Clear,Motor Vehicle-In-Transport On Same Roadway
102782747,Crashes_MPO_2020,2020-09-10,2020,35.94699,-86.82411,False,0,0,,0,0,0,Property Damage,Unknown,Daylight,Clear,Parked Motor Vehicle
102782777,Crashes_MPO_2020,2020-09-10,2020,35.94724,-86.83683,False,0,0,,0,0,0,Property Damage,Angle,Dark-Lighted,Clear,Motor Vehicle-In-Transport On Same Roadway
102782917,Crashes_MPO_2020,2020-09-10,2020,35.95944,-86.80651,False,0,0,,0,0,0,Property Damage,Angle,Dark-Lighted,Clear,Motor Vehicle-In-Transport On Same Roadway
102783221,Crashes_MPO_2020,2020-09-10,2020,36.02428,-86.78616,True,0,0,,0,0,0,Possible Injury,Not Collision with Motor Vehicle in Transport,Dusk,Clear,"Over Turn, Roll Over"
102782897,Crashes_MPO_2020,2020-09-11,2020,36.04685,-86.67714,False,0,0,,0,0,0,Property Damage Under,Not Collision with Motor Vehicle in Transport,Daylight,Clear,Other Fixed Object
102782925,Crashes_MPO_2020,2020-09-11,2020,36.04263,-86.72511,False,0,0,,0,0,0,Property Damage,"Sideswipe, Same Direction",Unknown,Unknown,Parked Motor Vehicle
102783174,Crashes_MPO_2020,2020-09-11,2020,36.05087,-86.71418,False,0,0,,0,0,0,Property Damage Under,Not Collision with Motor Vehicle in Transport,,,
102785825,Crashes_MPO_2020,2020-09-11,2020,36.00657,-86.80536,True,0,0,,0,0,0,Property Damage Under,Not Collision with Motor Vehicle in Transport,,,
102783879,Crashes_MPO_2020,2020-09-11,2020,35.97438,-86.83209,True,0,0,,0,0,0,Possible Injury,Angle,Dark-Lighted,Clear,Motor Vehicle-In-Transport On Same Roadway
102785594,Crashes_MPO_2020,2020-09-11,2020,35.98531,-86.80121,True,0,0,,0,0,0,Property Damage,Not Collision with Motor Vehicle in Transport,Daylight,Clear,Concrete Traffic Barrier
102783442,Crashes_MPO_2020,2020-09-12,2020,36.04524,-86.70079,False,0,0,,0,0,0,Suspected Minor Injury,Not Collision with Motor Vehicle in Transport,Dark-Lighted,Clear,Other Non-Collision
102783533,Crashes_MPO_2020,2020-09-12,2020,35.92825,-86.7673,False,0,0,,0,0,0,Property Damage,Front to Rear,Daylight,Clear,Motor Vehicle-In-Transport On Same Roadway
102783569,Crashes_MPO_2020,2020-09-12,2020,35.98382,-86.69819,True,0,0,,0,0,0,Property Damage,Front to Rear,Daylight,Clear,Motor Vehicle-In-Transport On Same Roadway
102783696,Crashes_MPO_2020,2020-09-12,2020,36.04802,-86.71358,False,0,0,,0,0,0,Property Damage,Front to Rear,Daylight,Clear,Motor Vehicle-In-Transport On Same Roadway
102783719,Crashes_MPO_2020,2020-09-12,2020,36.03519,-86.80642,True,0,0,,0,0,0,Property Damage Under,Not Collision with Motor Vehicle in Transport,,,
102784211,Crashes_MPO_2020,2020-09-12,2020,36.03327,-86.76421,False,0,0,,0,0,0,Property Damage,Not Collision with Motor Vehicle in Transport,Daylight,Clear,Mail Box
102784411,Crashes_MPO_2020,2020-09-12,2020,35.92397,-86.76684,False,0,0,,0,0,0,Property Damage,"Sideswipe, Opposite Direction",Daylight,Clear,Motor Vehicle-In-Transport On Same Roadway
102785471,Crashes_MPO_2020,2020-09-12,2020,35.99004,-86.74528,True,0,0,,0,0,0,Property Damage,Angle,Dark-Not Lighted,Clear,Motor Vehicle-In-Transport On Same Roadway
102790628,Crashes_MPO_2020,2020-09-13,2020,36.02275,-86.71051,False,0,0,,0,0,0,Property Damage,Unknown,Unknown,,Motor Vehicle-In-Motion Outside Trafficway
102784145,Crashes_MPO_2020,2020-09-13,2020,36.05151,-86.71436,False,0,0,,0,0,0,Property Damage,Not Collision with Motor Vehicle in Transport,Dark-Lighted,Clear,Utility Pole
102784569,Crashes_MPO_2020,2020-09-13,2020,35.93471,-86.82097,False,0,0,,0,0,0,Property Damage,Angle,Daylight,Rain,Motor Vehicle-In-Transport On Same Roadway
102784622,Crashes_MPO_2020,2020-09-13,2020,35.92688,-86.87681,False,0,0,,0,0,0,Property Damage,Angle,Daylight,Clear,Motor Vehicle-In-Transport On Same Roadway
102784722,Crashes_MPO_2020,2020-09-13,2020,36.04481,-86.68651,False,0,0,,0,0,0,Possible Injury,Front to Rear,Dark-Lighted,Clear,Motor Vehicle-In-Transport On Same Roadway
102784740,Crashes_MPO_2020,2020-09-13,2020,35.92584,-86.86759,False,0,0,,0,0,0,Property Damage,HeadOn,Dark-Lighted,Clear,Motor Vehicle-In-Transport On Same Roadway
102784952,Crashes_MPO_2020,2020-09-13,2020,36.04812,-86.77629,False,0,0,,0,0,0,Property Damage,HeadOn,Daylight,Clear,Motor Vehicle-In-Transport On Same Roadway
102784991,Crashes_MPO_2020,2020-09-13,2020,35.96721,-86.8135,True,0,0,,0,0,0,Property Damage,Angle,Daylight,Cloudy,Motor Vehicle-In-Transport On Same Roadway
102785741,Crashes_MPO_2020,2020-09-13,2020,35.92455,-86.82233,False,0,0,,0,0,0,Property Damage,Not Collision with Motor Vehicle in Transport,Daylight,Rain,Guard Rail Face
102786205,Crashes_MPO_2020,2020-09-14,2020,35.95822,-86.81062,False,0,0,,0,0,0,Property Damage,Not Collision with Motor Vehicle in Transport,Dark-Lighted,Clear,Highway Traffic Sign Post
102784895,Crashes_MPO_2020,2020-09-14,2020,36.04499,-86.71321,False,0,0,,0,0,0,Property Damage Under,Not Collision with Motor Vehicle in Transport,,,
102785159,Crashes_MPO_2020,2020-09-14,2020,36.04231,-86.72652,False,0,0,,0,0,0,Suspected Minor Injury,Front to Rear,Daylight,Clear,Motor Vehicle-In-Transport On Same Roadway
102785274,Crashes_MPO_2020,2020-09-14,2020,35.92578,-86.87298,False,0,0,,0,0,0,Property Damage Under,Front to Rear,Dusk,Clear,Motor Vehicle-In-Transport On Same Roadway
102785494,Crashes_MPO_2020,2020-09-14,2020,36.02435,-86.78611,True,0,0,,0,0,0,Property Damage,Front to Rear,Dark-Not Lighted,Clear,Motor Vehicle-In-Transport On Same Roadway
102785550,Crashes_MPO_2020,2020-09-14,2020,35.96498,-86.81577,True,0,0,,0,0,0,Possible Injury,Angle,Daylight,Cloudy,Motor Vehicle-In-Transport On Same Roadway
102785836,Crashes_MPO_2020,2020-09-15,2020,36.04177,-86.70992,False,0,1,,0,1,0,Suspected Minor Injury,Not Collision with Motor Vehicle in Transport,Daylight,Clear,Pedestrian
102785944,Crashes_MPO_2020,2020-09-15,2020,35.92819,-86.83094,False,0,0,,0,0,0,Property Damage,Other,Daylight,Clear,Motor Vehicle-In-Transport On Same Roadway
102786000,Crashes_MPO_2020,2020-09-15,2020,36.03981,-86.81509,False,0,0,,0,0,0,Property Damage Under,Not Collision with Motor Vehicle in Transport,,,
102786045,Crashes_MPO_2020,2020-09-15,2020,35.94753,-86.82232,False,0,0,,0,0,0,Property Damage,Rear to Rear,Daylight,Clear,Motor Vehicle-In-Transport On Same Roadway
102786222,Crashes_MPO_2020,2020-09-15,2020,36.01238,-86.70361,False,0,0,,0,0,0,Property Damage,Angle,Dark-Not Lighted,Clear,Motor Vehicle-In-Transport On Same Roadway
102785524,Crashes_MPO_2020,2020-09-15,2020,36.00198,-86.79309,True,0,0,,0,0,0,Property Damage,"Sideswipe, Same Direction",Dark-Not Lighted,Clear,Motor Vehicle-In-Transport On Same Roadway
102785548,Crashes_MPO_2020,2020-09-15,2020,36.03964,-86.78162,False,0,0,,0,0,0,Property Damage,Front to Rear,Daylight,Cloudy,Motor Vehicle-In-Transport On Same Roadway
102796851,Crashes_MPO_2020,2020-09-15,2020,36.01689,-86.78609,True,0,0,,0,0,0,Possible Injury,"Sideswipe, Same Direction",Dark-Lighted,,Motor Vehicle-In-Transport On Same Roadway
102786388,Crashes_MPO_2020,2020-09-16,2020,36.05175,-86.71443,False,0,0,,0,0,0,Property Damage,Front to Rear,Daylight,Clear,Motor Vehicle-In-Transport On Same Roadway
102786578,Crashes_MPO_2020,2020-09-16,2020,35.95078,-86.80647,False,0,0,,0,0,0,Property Damage,Angle,Daylight,Clear,Motor Vehicle-In-Transport On Same Roadway
102786639,Crashes_MPO_2020,2020-09-16,2020,36.04522,-86.71479,False,0,0,,0,0,0,Possible Injury,"Sideswipe, Opposite Direction",Daylight,Cloudy,Motor Vehicle-In-Transport On Same Roadway
102786721,Crashes_MPO_2020,2020-09-16,2020,36.03303,-86.77329,False,0,0,,0,0,0,Property Damage,Not Collision with Motor Vehicle in Transport,Daylight,Clear,Deer
102786728,Crashes_MPO_2020,2020-09-16,2020,36.04543,-86.70362,False,0,0,,0,0,0,Property Damage,Front to Rear,Daylight,Clear,Motor Vehicle-In-Transport On Same Roadway
102786757,Crashes_MPO_2020,2020-09-16,2020,36.04519,-86.71571,False,0,0,,0,0,0,Property Damage Under,Angle,Daylight,Clear,Motor Vehicle-In-Transport On Same Roadway
102786863,Crashes_MPO_2020,2020-09-16,2020,35.98456,-86.74054,True,0,0,,0,0,0,Property Damage,Front to Rear,Dark-Not Lighted,Clear,Motor Vehicle-In-Transport On Same Roadway
102786883,Crashes_MPO_2020,2020-09-16,2020,36.05131,-86.73325,False,0,0,,0,0,0,Property Damage Under,Not Collision with Motor Vehicle in Transport,Daylight,Clear,Mail Box
102786890,Crashes_MPO_2020,2020-09-16,2020,36.01623,-86.78616,True,0,0,,0,0,0,Property Damage,Not Collision with Motor Vehicle in Transport,Dusk,Clear,Ditch
102786921,Crashes_MPO_2020,2020-09-16,2020,36.04695,-86.68172,False,0,0,,0,0,0,Suspected Minor Injury,Not Collision with Motor Vehicle in Transport,Dark-Lighted,Clear,Ditch
102787372,Crashes_MPO_2020,2020-09-16,2020,35.97716,-86.67813,False,0,0,,0,0,0,Property Damage Under,Not Collision with Motor Vehicle in Transport,,,
102787396,Crashes_MPO_2020,2020-09-16,2020,35.94509,-86.82039,False,0,0,,0,0,0,Property Damage,"Sideswipe, Same Direction",Unknown,Clear,Parked Motor Vehicle
102790630,Crashes_MPO_2020,2020-09-17,2020,36.03322,-86.78531,True,0,0,,0,0,0,Property Damage,Angle,Daylight,Clear,Motor Vehicle-In-Transport On Same Roadway
102787373,Crashes_MPO_2020,2020-09-17,2020,35.95258,-86.68414,False,0,0,,0,0,0,Property Damage,Front to Rear,Daylight,,Motor Vehicle-In-Transport On Same Roadway
102787436,Crashes_MPO_2020,2020-09-17,2020,35.93808,-86.8218,False,0,0,,0,0,0,Property Damage,Unknown,Daylight,,Parked Motor Vehicle
102787510,Crashes_MPO_2020,2020-09-17,2020,35.92715,-86.87789,False,0,0,,0,0,0,Property Damage Under,Angle,Daylight,Clear,Motor Vehicle-In-Transport On Same Roadway
102787979,Crashes_MPO_2020,2020-09-17,2020,36.03336,-86.78872,True,0,0,,0,0,0,Property Damage Under,Not Collision with Motor Vehicle in Transport,,,
102788204,Crashes_MPO_2020,2020-09-17,2020,36.02588,-86.78381,True,0,0,,0,0,0,Possible Injury,Not Collision with Motor Vehicle in Transport,Daylight,,Culvert
102788314,Crashes_MPO_2020,2020-09-18,2020,35.96101,-86.80877,False,0,0,,0,0,0,Property Damage,Other,Daylight,Clear,Parked Motor Vehicle
102788600,Crashes_MPO_2020,2020-09-18,2020,36.03948,-86.78177,False,0,0,,0,0,0,Property Damage,Other,Dark-Lighted,Clear,Motor Vehicle-In-Transport On Same Roadway
102788683,Crashes_MPO_2020,2020-09-18,2020,36.02505,-86.71301,False,0,0,,0,0,0,Property Damage,Front to Rear,Dark-Lighted,Clear,Motor Vehicle-In-Transport On Same Roadway
102789016,Crashes_MPO_2020,2020-09-18,2020,35.99662,-86.78818,True,0,0,,0,0,0,Property Damage,Front to Rear,Daylight,,Motor Vehicle-In-Transport On Same Roadway
102789110,Crashes_MPO_2020,2020-09-18,2020,36.05151,-86.77516,False,0,0,,0,0,0,Property Damage,"Sideswipe, Same Direction",Dark-Lighted,,Motor Vehicle-In-Transport On Same Roadway
102787716,Crashes_MPO_2020,2020-09-18,2020,36.05376,-86.69102,False,0,0,,0,0,0,Property Damage,Not Collision with Motor Vehicle in Transport,Dark-Lighted,,Utility Pole
102788035,Crashes_MPO_2020,2020-09-18,2020,35.99562,-86.78002,True,0,0,,0,0,0,Property Damage,"Sideswipe, Same Direction",Daylight,Clear,Motor Vehicle-In-Transport On Same Roadway
102788046,Crashes_MPO_2020,2020-09-18,2020,36.0464,-86.85872,False,0,0,,0,0,0,Possible Injury,Front to Rear,Daylight,Clear,Motor Vehicle-In-Transport On Same Roadway
102788148,Crashes_MPO_2020,2020-09-18,2020,36.0152,-86.73665,False,0,0,,0,0,0,Possible Injury,Front to Rear,Daylight,Clear,Motor Vehicle-In-Transport On Same Roadway
102788189,Crashes_MPO_2020,2020-09-18,2020,35.96666,-86.80924,True,0,0,,0,0,0,Property Damage,Front to Rear,Daylight,,Motor Vehicle-In-Transport On Same Roadway
102788743,Crashes_MPO_2020,2020-09-19,2020,36.03817,-86.73674,False,0,0,,0,0,0,Property Damage,Not Collision with Motor Vehicle in Transport,Dark-Lighted,,Mail Box
102789233,Crashes_MPO_2020,2020-09-19,2020,36.04563,-86.71058,False,0,0,,0,0,0,Property Damage,HeadOn,Dark-Lighted,,Motor Vehicle-In-Transport On Same Roadway
102789256,Crashes_MPO_2020,2020-09-19,2020,36.02661,-86.71288,False,0,0,,0,0,0,Property Damage,Front to Rear,Daylight,,Motor Vehicle-In-Transport On Same Roadway
102789709,Crashes_MPO_2020,2020-09-20,2020,36.03747,-86.79098,False,0,0,,0,0,0,Property Damage,Angle,Daylight,,Motor Vehicle-In-Transport On Same Roadway
102789842,Crashes_MPO_2020,2020-09-20,2020,35.95785,-86.81452,False,0,2,,0,1,0,Suspected Minor Injury,Not Collision with Motor Vehicle in Transport,Daylight,Clear,Pedestrian
102790022,Crashes_MPO_2020,2020-09-20,2020,36.04012,-86.78074,False,0,0,,0,0,0,Suspected Minor Injury,"Sideswipe, Same Direction",Daylight,,Motor Vehicle-In-Transport On Same Roadway
102790169,Crashes_MPO_2020,2020-09-20,2020,35.93888,-86.68503,False,0,0,,0,0,0,Suspected Minor Injury,Angle,Dark-Not Lighted,Clear,Motor Vehicle-In-Transport On Same Roadway
102792757,Crashes_MPO_2020,2020-09-20,2020,36.02584,-86.80349,True,0,0,,0,0,0,Property Damage Under,Not Collision with Motor Vehicle in Transport,,,
102790389,Crashes_MPO_2020,2020-09-21,2020,36.04493,-86.69615,False,0,0,,1,0,0,Suspected Serious Injury,"Sideswipe, Opposite Direction",Dark-Lighted,Clear,Motor Vehicle-In-Transport On Same Roadway
102790637,Crashes_MPO_2020,2020-09-21,2020,36.04479,-86.72487,False,0,0,,0,0,0,Possible Injury,HeadOn,Daylight,,Motor Vehicle-In-Transport On Same Roadway
102790820,Crashes_MPO_2020,2020-09-21,2020,35.96133,-86.81226,False,0,0,,0,0,0,Property Damage Under,Angle,Daylight,Clear,Motor Vehicle-In-Transport On Same Roadway