record_no,source_layer,collision_ts,crash_year,latitude,longitude,in_city,fatalities,non_motorists,truck_involved,serious_injuries,pedestrian,bicycle,crash_type,manner_of_collision,lighting,weather,first_harmful_event
102790876,Crashes_MPO_2020,2020-09-21,2020,36.03797,-86.7843,False,0,0,,0,0,0,Property Damage Under,Not Collision with Motor Vehicle in Transport,,,
102790883,Crashes_MPO_2020,2020-09-21,2020,35.966692,-86.809162,True,0,0,,0,0,0,Property Damage,Front to Rear,Dark-Lighted,,Motor Vehicle-In-Transport On Same Roadway
102790904,Crashes_MPO_2020,2020-09-21,2020,36.02193,-86.7951,True,0,0,,0,0,0,Property Damage,Angle,Dark-Lighted,Clear,Motor Vehicle-In-Transport On Same Roadway
102791328,Crashes_MPO_2020,2020-09-21,2020,35.95078,-86.80647,False,0,0,,0,0,0,Possible Injury,Angle,Daylight,Clear,Motor Vehicle-In-Transport On Same Roadway
102791334,Crashes_MPO_2020,2020-09-21,2020,35.97334,-86.83305,True,0,0,,0,0,0,Property Damage,Angle,Daylight,,Motor Vehicle-In-Transport On Same Roadway
102791236,Crashes_MPO_2020,2020-09-22,2020,36.02077,-86.73282,False,0,0,,0,0,0,Possible Injury,Not Collision with Motor Vehicle in Transport,Daylight,,Mail Box
102791475,Crashes_MPO_2020,2020-09-22,2020,35.96595,-86.80437,True,0,0,,0,0,0,Property Damage,"Sideswipe, Same Direction",Daylight,Clear,Motor Vehicle-In-Transport On Same Roadway
102791556,Crashes_MPO_2020,2020-09-22,2020,35.99734,-86.79486,True,0,0,,0,0,0,Property Damage,Angle,Daylight,,Motor Vehicle-In-Transport On Same Roadway
102791697,Crashes_MPO_2020,2020-09-22,2020,36.04394,-86.74409,False,0,0,,0,0,0,Property Damage Under,Angle,Daylight,,Parked Motor Vehicle
102791705,Crashes_MPO_2020,2020-09-22,2020,36.03718,-86.7859,False,0,0,,0,0,0,Property Damage,"Sideswipe, Same Direction",Daylight,,Motor Vehicle-In-Motion Outside Trafficway
102791726,Crashes_MPO_2020,2020-09-22,2020,35.94061,-86.83951,False,0,0,,0,0,0,Property Damage,Front to Rear,Daylight,Clear,Motor Vehicle-In-Transport On Same Roadway
102791729,Crashes_MPO_2020,2020-09-22,2020,35.92414,-86.86923,False,0,0,,0,0,0,Property Damage Under,Rear to Rear,Daylight,Clear,Parked Motor Vehicle
102791735,Crashes_MPO_2020,2020-09-22,2020,36.0409,-86.77938,False,0,0,,0,0,0,Property Damage,Other,Dark-Lighted,,Motor Vehicle-In-Transport On Same Roadway
102792114,Crashes_MPO_2020,2020-09-22,2020,35.95069,-86.81778,False,0,0,,0,0,0,Property Damage,Rear to Side,Unknown,Clear,Parked Motor Vehicle
102791961,Crashes_MPO_2020,2020-09-23,2020,35.94687,-86.85168,False,0,0,,0,0,0,Property Damage,Front to Rear,Dawn,Cloudy,Motor Vehicle-In-Transport On Same Roadway
102792296,Crashes_MPO_2020,2020-09-23,2020,35.93446,-86.81991,False,0,0,,0,0,0,Property Damage,Front to Rear,Daylight,Cloudy,Motor Vehicle-In-Transport On Same Roadway
102792324,Crashes_MPO_2020,2020-09-23,2020,35.99783,-86.80997,True,0,0,,0,0,0,Possible Injury,Front to Rear,Daylight,,Motor Vehicle-In-Transport On Same Roadway
102792427,Crashes_MPO_2020,2020-09-23,2020,36.00277,-86.80737,True,0,0,,0,0,0,Suspected Minor Injury,Front to Rear,Daylight,,Motor Vehicle-In-Transport On Same Roadway
102792476,Crashes_MPO_2020,2020-09-23,2020,36.02407,-86.72346,False,0,0,,0,0,0,Property Damage,HeadOn,Dark-Unknown Lighting,Rain,Parked Motor Vehicle
102792488,Crashes_MPO_2020,2020-09-23,2020,36.04768,-86.71354,False,0,0,,0,0,0,Suspected Minor Injury,Angle,Daylight,,Motor Vehicle-In-Transport On Same Roadway
102792567,Crashes_MPO_2020,2020-09-23,2020,35.92311,-86.87009,False,0,0,,0,0,0,Property Damage Under,Unknown,Unknown,Clear,Parked Motor Vehicle
102792568,Crashes_MPO_2020,2020-09-23,2020,35.94863,-86.80737,False,0,0,,0,0,0,Property Damage,Not Collision with Motor Vehicle in Transport,Dark-Lighted,Rain,Wall
102792825,Crashes_MPO_2020,2020-09-23,2020,35.93298,-86.78238,False,0,0,,0,0,0,Suspected Minor Injury,HeadOn,Daylight,,Motor Vehicle-In-Transport On Same Roadway
102793439,Crashes_MPO_2020,2020-09-23,2020,35.99737,-86.79512,True,0,0,,0,0,0,Possible Injury,Angle,Daylight,,Motor Vehicle-In-Transport On Same Roadway
102802716,Crashes_MPO_2020,2020-09-23,2020,35.9691,-86.69066,False,0,0,,0,0,0,Property Damage,"Sideswipe, Same Direction",Daylight,,Motor Vehicle-In-Transport On Different Roadway
102792692,Crashes_MPO_2020,2020-09-24,2020,36.01785,-86.74145,False,0,0,,0,0,0,Suspected Minor Injury,Not Collision with Motor Vehicle in Transport,Daylight,Rain,Guard Rail Face
102792840,Crashes_MPO_2020,2020-09-24,2020,36.03961,-86.76842,False,0,0,,0,0,0,Property Damage,Front to Rear,Daylight,Rain,Motor Vehicle-In-Transport On Same Roadway
102792846,Crashes_MPO_2020,2020-09-24,2020,35.92646,-86.82503,False,0,0,,0,0,0,Property Damage Under,Front to Rear,Daylight,Cloudy,Motor Vehicle-In-Transport On Same Roadway
102792993,Crashes_MPO_2020,2020-09-24,2020,35.93824,-86.87907,False,0,0,,0,0,0,Property Damage Under,Front to Rear,Daylight,Rain,Motor Vehicle-In-Transport On Same Roadway
102793048,Crashes_MPO_2020,2020-09-24,2020,35.96591,-86.80381,True,0,0,,0,0,0,Property Damage,Front to Rear,Daylight,,Motor Vehicle-In-Transport On Same Roadway
102793049,Crashes_MPO_2020,2020-09-24,2020,35.9665,-86.80931,True,0,0,,0,0,0,Property Damage,Front to Rear,Daylight,,Motor Vehicle-In-Transport On Same Roadway
102793549,Crashes_MPO_2020,2020-09-25,2020,35.96312,-86.81897,True,0,0,,0,0,0,Suspected Minor Injury,Angle,Daylight,,Motor Vehicle-In-Transport On Same Roadway
102793872,Crashes_MPO_2020,2020-09-25,2020,36.04168,-86.74388,False,0,0,,1,0,0,Suspected Serious Injury,Angle,Daylight,,Motor Vehicle-In-Transport On Same Roadway
102793907,Crashes_MPO_2020,2020-09-25,2020,35.92912,-86.83867,False,0,0,,0,0,0,Property Damage,Front to Rear,Daylight,Cloudy,Motor Vehicle-In-Transport On Same Roadway
102793992,Crashes_MPO_2020,2020-09-25,2020,36.04627,-86.77733,False,0,0,,0,0,0,Property Damage,"Sideswipe, Same Direction",Daylight,,Motor Vehicle-In-Transport On Same Roadway
102794005,Crashes_MPO_2020,2020-09-25,2020,35.95181,-86.81813,False,0,0,,0,0,0,Property Damage,Front to Rear,Dark-Lighted,Clear,Motor Vehicle-In-Transport On Same Roadway
102794021,Crashes_MPO_2020,2020-09-25,2020,36.03336,-86.78872,True,0,0,,0,0,0,Property Damage,Angle,Dark-Lighted,,Motor Vehicle-In-Transport On Same Roadway
102794216,Crashes_MPO_2020,2020-09-25,2020,35.94636,-86.80871,False,0,0,,0,0,0,Property Damage,Front to Rear,Dark-Lighted,Clear,Motor Vehicle-In-Transport On Same Roadway
102794284,Crashes_MPO_2020,2020-09-25,2020,35.99459,-86.76775,True,0,0,,0,0,0,Property Damage Under,Not Collision with Motor Vehicle in Transport,,,
102807372,Crashes_MPO_2020,2020-09-25,2020,35.98165,-86.84585,False,0,0,,1,0,0,Suspected Serious Injury,Not Collision with Motor Vehicle in Transport,Dark-Not Lighted,,Embankment Earth
102794418,Crashes_MPO_2020,2020-09-26,2020,35.93494,-86.87818,False,0,1,,0,0,1,Suspected Minor Injury,Not Collision with Motor Vehicle in Transport,Daylight,Clear,Pedal-Cycle
102794425,Crashes_MPO_2020,2020-09-26,2020,36.03935,-86.78198,False,0,0,,0,0,0,Property Damage,Front to Rear,Daylight,Cloudy,Motor Vehicle-In-Transport On Same Roadway
102794701,Crashes_MPO_2020,2020-09-26,2020,36.05177,-86.71444,False,0,0,,0,0,0,Possible Injury,Front to Rear,Dark-Lighted,Clear,Motor Vehicle-In-Transport On Same Roadway
102795398,Crashes_MPO_2020,2020-09-26,2020,35.94636,-86.80871,False,0,0,,0,0,0,Property Damage,"Sideswipe, Same Direction",Dark-Lighted,,Motor Vehicle-In-Transport On Same Roadway
102794799,Crashes_MPO_2020,2020-09-27,2020,35.95275,-86.81463,False,0,0,,0,0,0,Property Damage,Not Collision with Motor Vehicle in Transport,Dark-Lighted,Clear,Other Object
102794830,Crashes_MPO_2020,2020-09-27,2020,36.04124,-86.77721,False,0,0,,0,0,0,Property Damage,Not Collision with Motor Vehicle in Transport,Dark-Lighted,,Ditch
102795214,Crashes_MPO_2020,2020-09-27,2020,35.99207,-86.70108,True,0,0,,0,0,0,Property Damage,Not Collision with Motor Vehicle in Transport,Dark-Lighted,,Deer
102795282,Crashes_MPO_2020,2020-09-27,2020,35.9978,-86.69119,False,0,0,,0,0,0,Property Damage,Not Collision with Motor Vehicle in Transport,Dark-Not Lighted,,Other Animal
102795451,Crashes_MPO_2020,2020-09-27,2020,35.96612,-86.80488,True,0,0,,0,0,0,Property Damage,Not Collision with Motor Vehicle in Transport,Dark-Lighted,,Utility Pole
102795508,Crashes_MPO_2020,2020-09-27,2020,35.96688,-86.81117,True,0,0,,0,0,0,Property Damage,Angle,Daylight,,Motor Vehicle-In-Transport On Same Roadway
102795544,Crashes_MPO_2020,2020-09-28,2020,36.04705,-86.86174,False,0,0,,0,0,0,Property Damage Under,Not Collision with Motor Vehicle in Transport,,,
102795623,Crashes_MPO_2020,2020-09-28,2020,36.04099,-86.74621,False,0,0,,0,0,0,Property Damage Under,Angle,Daylight,,Motor Vehicle-In-Transport On Same Roadway
102795625,Crashes_MPO_2020,2020-09-28,2020,35.99753,-86.79643,True,0,0,,0,0,0,Property Damage,Front to Rear,Daylight,,Motor Vehicle-In-Transport On Same Roadway
102795681,Crashes_MPO_2020,2020-09-28,2020,36.04522,-86.71479,False,0,0,,0,0,0,Property Damage,Angle,Daylight,,Motor Vehicle-In-Transport On Same Roadway
102795748,Crashes_MPO_2020,2020-09-28,2020,36.0526,-86.7147,False,0,0,,0,0,0,Property Damage,Angle,Daylight,Rain,Motor Vehicle-In-Transport On Same Roadway
102795895,Crashes_MPO_2020,2020-09-28,2020,35.93931,-86.87937,False,0,0,,0,0,0,Property Damage Under,Front to Rear,Dusk,Clear,Motor Vehicle-In-Transport On Same Roadway
102795953,Crashes_MPO_2020,2020-09-28,2020,36.05453,-86.72533,False,0,0,,0,0,0,Property Damage,Front to Rear,Daylight,,Motor Vehicle-In-Transport On Same Roadway
102796127,Crashes_MPO_2020,2020-09-28,2020,35.93184,-86.84198,False,0,0,,0,0,0,Property Damage,Not Collision with Motor Vehicle in Transport,Dark-Lighted,Clear,Mail Box
102796681,Crashes_MPO_2020,2020-09-28,2020,36.0407,-86.77208,False,0,0,,0,0,0,Property Damage,Front to Rear,Daylight,,Motor Vehicle-In-Transport On Same Roadway
102796237,Crashes_MPO_2020,2020-09-29,2020,36.0397,-86.75935,False,0,0,,0,0,0,Property Damage,"Sideswipe, Same Direction",Daylight,,Motor Vehicle-In-Transport On Same Roadway
102796263,Crashes_MPO_2020,2020-09-29,2020,35.94772,-86.86432,False,0,0,,0,0,0,Property Damage,Front to Rear,Daylight,Clear,Motor Vehicle-In-Transport On Same Roadway
102796465,Crashes_MPO_2020,2020-09-29,2020,36.04084,-86.77347,False,0,0,,0,0,0,Suspected Minor Injury,Angle,Daylight,,Motor Vehicle-In-Transport On Same Roadway
102796487,Crashes_MPO_2020,2020-09-29,2020,35.96764,-86.81729,True,0,0,,0,0,0,Property Damage,Front to Rear,Daylight,,Motor Vehicle-In-Transport On Same Roadway
102796532,Crashes_MPO_2020,2020-09-29,2020,35.94782,-86.81975,False,0,0,,0,0,0,Property Damage,Front to Rear,Daylight,Clear,Motor Vehicle-In-Transport On Same Roadway
102796573,Crashes_MPO_2020,2020-09-29,2020,35.94454,-86.8464,False,0,0,,0,0,0,Possible Injury,Front to Rear,Daylight,Clear,Motor Vehicle-In-Transport On Same Roadway
102796602,Crashes_MPO_2020,2020-09-29,2020,35.99734,-86.79486,True,0,0,,0,0,0,Possible Injury,Angle,Daylight,,Motor Vehicle-In-Transport On Same Roadway
102796603,Crashes_MPO_2020,2020-09-29,2020,36.02794,-86.78426,True,0,0,,0,0,0,Property Damage,Not Collision with Motor Vehicle in Transport,Daylight,,Shrubbery
102796631,Crashes_MPO_2020,2020-09-29,2020,36.0473,-86.86274,False,0,0,,0,0,0,Property Damage Under,Not Collision with Motor Vehicle in Transport,,,
102797047,Crashes_MPO_2020,2020-09-29,2020,36.04214,-86.74358,False,0,0,,0,0,0,Property Damage,Front to Rear,Daylight,,Motor Vehicle-In-Transport On Same Roadway
102797023,Crashes_MPO_2020,2020-09-30,2020,35.99734,-86.79486,True,0,0,,0,0,0,Property Damage Under,Not Collision with Motor Vehicle in Transport,,,
102797035,Crashes_MPO_2020,2020-09-30,2020,36.04452,-86.71316,False,0,0,,0,0,0,Property Damage,"Sideswipe, Same Direction",Daylight,,Motor Vehicle-In-Transport On Same Roadway
102797084,Crashes_MPO_2020,2020-09-30,2020,35.92642,-86.82462,False,0,0,,0,0,0,Property Damage,Front to Rear,Daylight,Clear,Motor Vehicle-In-Transport On Same Roadway
102797294,Crashes_MPO_2020,2020-09-30,2020,35.96417,-86.81075,False,0,0,,0,0,0,Property Damage Under,"Sideswipe, Same Direction",Daylight,Clear,Motor Vehicle-In-Transport On Same Roadway
102797438,Crashes_MPO_2020,2020-09-30,2020,36.0403,-86.78043,False,0,0,,0,0,0,Property Damage Under,Not Collision with Motor Vehicle in Transport,,,
102797485,Crashes_MPO_2020,2020-09-30,2020,35.93731,-86.87881,False,0,0,,0,0,0,Suspected Minor Injury,Front to Rear,Daylight,Clear,Motor Vehicle-In-Transport On Same Roadway
102797496,Crashes_MPO_2020,2020-09-30,2020,36.04122,-86.77704,False,0,0,,0,0,0,Property Damage,Front to Rear,Daylight,Clear,Motor Vehicle-In-Transport On Same Roadway
102798072,Crashes_MPO_2020,2020-09-30,2020,36.05468,-86.71534,False,0,0,,0,0,0,Suspected Minor Injury,Front to Rear,Daylight,,Motor Vehicle-In-Transport On Same Roadway
102798073,Crashes_MPO_2020,2020-09-30,2020,35.99747,-86.69073,False,0,0,,0,0,0,Suspected Minor Injury,Front to Rear,Daylight,,Motor Vehicle-In-Transport On Same Roadway
102800997,Crashes_MPO_2020,2020-10-01,2020,36.03614,-86.79515,True,0,0,,0,0,0,Possible Injury,Angle,Daylight,,Motor Vehicle-In-Transport On Same Roadway
102797868,Crashes_MPO_2020,2020-10-01,2020,36.04026,-86.8164,False,0,0,,0,0,0,Property Damage,Angle,Daylight,,Motor Vehicle-In-Transport On Same Roadway
102797896,Crashes_MPO_2020,2020-10-01,2020,36.00888,-86.68088,False,0,0,,0,0,0,Property Damage,Angle,Daylight,,Motor Vehicle-In-Transport On Same Roadway
102798154,Crashes_MPO_2020,2020-10-01,2020,35.94778,-86.81994,False,0,0,,0,0,0,Property Damage,Front to Rear,Daylight,Clear,Motor Vehicle-In-Transport On Same Roadway
102798230,Crashes_MPO_2020,2020-10-01,2020,35.94142,-86.8401,False,0,0,,0,0,0,Property Damage,Front to Rear,Daylight,Clear,Motor Vehicle-In-Transport On Same Roadway
102798274,Crashes_MPO_2020,2020-10-01,2020,35.92513,-86.76689,False,0,0,,0,0,0,Property Damage,Front to Rear,Daylight,Clear,Motor Vehicle-In-Transport On Same Roadway
102798295,Crashes_MPO_2020,2020-10-01,2020,35.94062,-86.81672,False,0,0,,0,0,0,Possible Injury,Not Collision with Motor Vehicle in Transport,Daylight,Clear,Concrete Traffic Barrier
102798309,Crashes_MPO_2020,2020-10-01,2020,36.04073,-86.74365,False,0,0,,0,0,0,Property Damage,Front to Rear,Daylight,,Motor Vehicle-In-Transport On Same Roadway
102798327,Crashes_MPO_2020,2020-10-01,2020,36.04559,-86.77842,False,0,0,,0,0,0,Property Damage Under,Not Collision with Motor Vehicle in Transport,,,
102798362,Crashes_MPO_2020,2020-10-01,2020,36.04393,-86.76221,False,0,0,,0,0,0,Property Damage,Angle,Daylight,,Motor Vehicle-In-Transport On Same Roadway
102798372,Crashes_MPO_2020,2020-10-01,2020,36.01539,-86.81689,True,0,0,,0,0,0,Property Damage,Angle,Daylight,,Motor Vehicle-In-Transport On Same Roadway
102798373,Crashes_MPO_2020,2020-10-01,2020,35.98595,-86.73498,True,0,0,,0,0,0,Property Damage,Front to Rear,Daylight,,Motor Vehicle-In-Transport On Same Roadway
102798409,Crashes_MPO_2020,2020-10-01,2020,35.92924,-86.85316,False,0,0,,0,0,0,Property Damage Under,HeadOn,Daylight,Clear,Motor Vehicle-In-Transport On Same Roadway
102798465,Crashes_MPO_2020,2020-10-01,2020,36.04104,-86.77533,False,0,0,,0,0,0,Possible Injury,Front to Rear,Daylight,,Motor Vehicle-In-Transport On Same Roadway
102801057,Crashes_MPO_2020,2020-10-02,2020,36.03294,-86.78895,True,0,0,,0,0,0,Property Damage,Front to Rear,Daylight,,Motor Vehicle-In-Transport On Same Roadway
102798727,Crashes_MPO_2020,2020-10-02,2020,36.02398,-86.81961,True,0,0,,0,0,0,Property Damage,Front to Rear,Daylight,,Motor Vehicle-In-Transport On Same Roadway
102798756,Crashes_MPO_2020,2020-10-02,2020,36.01901,-86.73606,False,0,0,,0,0,0,Property Damage,HeadOn,Daylight,,Motor Vehicle-In-Transport On Same Roadway
102798794,Crashes_MPO_2020,2020-10-02,2020,35.92651,-86.82553,False,0,0,,0,0,0,Property Damage Under,Front to Rear,Daylight,Clear,Motor Vehicle-In-Transport On Same Roadway
102798817,Crashes_MPO_2020,2020-10-02,2020,36.00196,-86.69244,False,0,0,,0,0,0,Suspected Minor Injury,Angle,Daylight,,Motor Vehicle-In-Transport On Same Roadway
102799118,Crashes_MPO_2020,2020-10-02,2020,35.94713,-86.82164,False,0,0,,0,0,0,Suspected Minor Injury,Angle,Daylight,Clear,Motor Vehicle-In-Transport On Same Roadway
102799305,Crashes_MPO_2020,2020-10-02,2020,35.99347,-86.69401,True,0,0,,1,0,0,Suspected Serious Injury,Angle,Daylight,,Motor Vehicle-In-Transport On Same Roadway
102799320,Crashes_MPO_2020,2020-10-02,2020,36.03987,-86.74151,False,0,0,,0,0,0,Property Damage,Angle,Dark-Lighted,,Motor Vehicle-In-Transport On Same Roadway
102799548,Crashes_MPO_2020,2020-10-02,2020,36.0537,-86.67898,False,0,0,,0,0,0,Property Damage,Unknown,Dark-Lighted,Clear,Parked Motor Vehicle
102799561,Crashes_MPO_2020,2020-10-02,2020,35.98239,-86.67857,False,0,0,,0,0,0,Property Damage,Not Collision with Motor Vehicle in Transport,Dark-Not Lighted,,Ditch
102799676,Crashes_MPO_2020,2020-10-02,2020,35.95324,-86.76652,True,0,0,,0,0,0,Possible Injury,Angle,Daylight,,Motor Vehicle-In-Transport On Same Roadway
102800154,Crashes_MPO_2020,2020-10-02,2020,35.94477,-86.82853,False,0,0,,0,0,0,Property Damage,Angle,Daylight,Clear,Motor Vehicle-In-Transport On Same Roadway
102800695,Crashes_MPO_2020,2020-10-03,2020,35.98184,-86.80216,True,0,0,,0,0,0,Property Damage,Front to Rear,Dark-Not Lighted,,Motor Vehicle-In-Transport On Same Roadway
102799719,Crashes_MPO_2020,2020-10-03,2020,36.04027,-86.81641,False,0,0,,0,0,0,Property Damage,Front to Rear,Daylight,,Motor Vehicle-In-Transport On Same Roadway
102799803,Crashes_MPO_2020,2020-10-03,2020,35.94782,-86.81975,False,0,0,,0,0,0,Property Damage,Front to Rear,Daylight,Cloudy,Motor Vehicle-In-Transport On Same Roadway
102799945,Crashes_MPO_2020,2020-10-03,2020,36.03747,-86.79098,False,0,0,,0,0,0,Property Damage Under,Not Collision with Motor Vehicle in Transport,,,
102800245,Crashes_MPO_2020,2020-10-03,2020,36.05294,-86.71122,False,0,0,,0,0,0,Possible Injury,HeadOn,Dark-Lighted,,Motor Vehicle-In-Transport On Same Roadway
102806808,Crashes_MPO_2020,2020-10-03,2020,35.92571,-86.86788,False,0,0,,0,0,0,Property Damage,Front to Rear,Daylight,,Motor Vehicle-In-Transport On Same Roadway
102800376,Crashes_MPO_2020,2020-10-04,2020,36.02156,-86.82045,True,0,0,,0,0,0,Property Damage,Not Collision with Motor Vehicle in Transport,Dawn,,Mail Box
102800416,Crashes_MPO_2020,2020-10-04,2020,36.04845,-86.71639,False,0,0,,0,0,0,Property Damage,Not Collision with Motor Vehicle in Transport,Daylight,Clear,Fence
102800636,Crashes_MPO_2020,2020-10-04,2020,36.04586,-86.71332,False,0,0,,0,0,0,Property Damage,Front to Rear,Daylight,Clear,Motor Vehicle-In-Transport On Same Roadway
102800838,Crashes_MPO_2020,2020-10-04,2020,35.93052,-86.85297,False,0,0,,0,0,0,Property Damage,Not Collision with Motor Vehicle in Transport,Dark-Not Lighted,,Mail Box
102800839,Crashes_MPO_2020,2020-10-04,2020,35.94616,-86.80856,False,0,0,,0,0,0,Property Damage,Front to Rear,Daylight,Clear,Motor Vehicle-In-Transport On Same Roadway
102801133,Crashes_MPO_2020,2020-10-04,2020,35.99551,-86.77887,True,0,0,,0,0,0,Possible Injury,Angle,Dark-Lighted,,Motor Vehicle-In-Transport On Same Roadway
102801648,Crashes_MPO_2020,2020-10-04,2020,35.94786,-86.86362,False,0,0,,1,0,0,Suspected Serious Injury,Front to Rear,Daylight,Clear,Motor Vehicle-In-Transport On Same Roadway
102801095,Crashes_MPO_2020,2020-10-05,2020,36.04704,-86.86169,False,0,0,,0,0,0,Property Damage,Front to Rear,Daylight,,Motor Vehicle-In-Transport On Same Roadway
102801255,Crashes_MPO_2020,2020-10-05,2020,35.94753,-86.82007,False,0,0,,0,0,0,Property Damage Under,Front to Rear,Daylight,Clear,Motor Vehicle-In-Transport On Same Roadway
102801351,Crashes_MPO_2020,2020-10-05,2020,35.92609,-86.87139,False,0,0,,0,0,0,Possible Injury,Angle,Daylight,Clear,Motor Vehicle-In-Transport On Same Roadway
102801406,Crashes_MPO_2020,2020-10-05,2020,36.00422,-86.75362,True,0,0,,0,0,0,Suspected Minor Injury,Not Collision with Motor Vehicle in Transport,Daylight,,Wall
102801471,Crashes_MPO_2020,2020-10-05,2020,36.04183,-86.71513,False,0,0,,0,0,0,Possible Injury,Angle,Dusk,,Motor Vehicle-In-Transport On Same Roadway
102801489,Crashes_MPO_2020,2020-10-05,2020,36.05057,-86.70164,False,0,0,,0,0,0,Suspected Minor Injury,Not Collision with Motor Vehicle in Transport,Dark-Lighted,,Wall
102804767,Crashes_MPO_2020,2020-10-05,2020,36.03007,-86.86674,False,0,0,,0,0,0,Property Damage,Front to Rear,Daylight,Clear,Motor Vehicle-In-Transport On Same Roadway
102801653,Crashes_MPO_2020,2020-10-06,2020,35.94575,-86.76696,True,0,0,,0,0,0,Property Damage Under,Not Collision with Motor Vehicle in Transport,,,
102801799,Crashes_MPO_2020,2020-10-06,2020,35.92399,-86.87369,False,0,0,,0,0,0,Property Damage,Angle,Daylight,Clear,Motor Vehicle-In-Transport On Same Roadway
102801807,Crashes_MPO_2020,2020-10-06,2020,36.03887,-86.78391,False,0,0,,0,0,0,Property Damage,Angle,Daylight,,Motor Vehicle-In-Transport On Same Roadway
102802102,Crashes_MPO_2020,2020-10-06,2020,36.03336,-86.78872,True,0,0,,0,0,0,Property Damage,Angle,Daylight,,Motor Vehicle-In-Transport On Same Roadway
102802387,Crashes_MPO_2020,2020-10-06,2020,36.03327,-86.7839,True,0,0,,0,0,0,Property Damage,Angle,Daylight,,Motor Vehicle-In-Transport On Same Roadway
102802429,Crashes_MPO_2020,2020-10-06,2020,36.03319,-86.7876,True,0,0,,0,0,0,Suspected Minor Injury,Angle,Daylight,,Motor Vehicle-In-Transport On Same Roadway
102802582,Crashes_MPO_2020,2020-10-06,2020,35.96579,-86.80327,True,0,0,,0,0,0,Property Damage,Angle,Daylight,,Motor Vehicle-In-Transport On Same Roadway
102802411,Crashes_MPO_2020,2020-10-07,2020,35.93788,-86.70761,False,0,0,,0,0,0,Property Damage,Not Collision with Motor Vehicle in Transport,Daylight,,Deer
102802523,Crashes_MPO_2020,2020-10-07,2020,35.92611,-86.87322,False,0,0,,0,0,0,Property Damage Under,Front to Rear,Daylight,Clear,Motor Vehicle-In-Transport On Same Roadway
102802550,Crashes_MPO_2020,2020-10-07,2020,36.03747,-86.79098,False,0,0,,0,0,0,Property Damage,Angle,Daylight,,Motor Vehicle-In-Transport On Same Roadway
102802648,Crashes_MPO_2020,2020-10-07,2020,36.04699,-86.71346,False,0,0,,0,0,0,Property Damage Under,Angle,Daylight,,Parked Motor Vehicle