record_no,source_layer,collision_ts,crash_year,latitude,longitude,in_city,fatalities,non_motorists,truck_involved,serious_injuries,pedestrian,bicycle,crash_type,manner_of_collision,lighting,weather,first_harmful_event
102802703,Crashes_MPO_2020,2020-10-07,2020,35.93974,-86.83093,False,0,0,,0,0,0,Property Damage Under,Front to Rear,Daylight,Clear,Motor Vehicle-In-Transport On Same Roadway
102802788,Crashes_MPO_2020,2020-10-07,2020,35.94836,-86.86376,False,0,0,,0,0,0,Property Damage Under,Front to Rear,Daylight,Clear,Motor Vehicle-In-Transport On Same Roadway
102802807,Crashes_MPO_2020,2020-10-07,2020,35.99551,-86.77887,True,0,0,,0,0,0,Property Damage,Front to Rear,Daylight,,Motor Vehicle-In-Transport On Same Roadway
102802808,Crashes_MPO_2020,2020-10-07,2020,35.96705,-86.81355,True,0,0,,0,0,0,Property Damage,Angle,Daylight,,Motor Vehicle-In-Transport On Same Roadway
102802876,Crashes_MPO_2020,2020-10-07,2020,36.04121,-86.82144,False,0,0,,0,0,0,Property Damage,Front to Rear,Daylight,,Motor Vehicle-In-Transport On Same Roadway
102803085,Crashes_MPO_2020,2020-10-07,2020,35.9701,-86.80648,True,0,0,,0,0,0,Property Damage,Front to Rear,Daylight,,Motor Vehicle-In-Transport On Same Roadway
102803276,Crashes_MPO_2020,2020-10-07,2020,35.93214,-86.81967,False,0,0,,0,0,0,Property Damage,Front to Rear,Daylight,Clear,Motor Vehicle-In-Transport On Same Roadway
102803277,Crashes_MPO_2020,2020-10-07,2020,35.95783,-86.80258,False,0,0,,0,0,0,Property Damage,Front to Rear,Dusk,Clear,Motor Vehicle-In-Transport On Same Roadway
102803900,Crashes_MPO_2020,2020-10-07,2020,36.03336,-86.78872,True,0,0,,0,0,0,Property Damage,Angle,Daylight,,Motor Vehicle-In-Transport On Same Roadway
102803203,Crashes_MPO_2020,2020-10-08,2020,36.04553,-86.72712,False,0,0,,0,0,0,Property Damage Under,Angle,Daylight,,Motor Vehicle-In-Transport On Same Roadway
102803437,Crashes_MPO_2020,2020-10-08,2020,35.94765,-86.81971,False,0,0,,0,0,0,Property Damage Under,"Sideswipe, Same Direction",Daylight,Clear,Motor Vehicle-In-Transport On Same Roadway
102803438,Crashes_MPO_2020,2020-10-08,2020,35.93591,-86.82508,False,0,0,,0,0,0,Property Damage,"Sideswipe, Same Direction",Daylight,Clear,Motor Vehicle-In-Transport On Same Roadway
102803492,Crashes_MPO_2020,2020-10-08,2020,35.96518,-86.80029,True,0,0,,0,0,0,Suspected Minor Injury,Angle,Daylight,,Motor Vehicle-In-Transport On Same Roadway
102803507,Crashes_MPO_2020,2020-10-08,2020,35.99754,-86.79651,True,0,0,,0,0,0,Suspected Minor Injury,Front to Rear,Dusk,,Motor Vehicle-In-Transport On Same Roadway
102803532,Crashes_MPO_2020,2020-10-08,2020,36.04114,-86.77621,False,0,0,,0,0,0,Property Damage,Angle,Daylight,,Motor Vehicle-In-Transport On Same Roadway
102803675,Crashes_MPO_2020,2020-10-08,2020,36.04681,-86.71343,False,0,0,,0,0,0,Property Damage,Angle,Dark-Lighted,,Motor Vehicle-In-Transport On Same Roadway
102803744,Crashes_MPO_2020,2020-10-08,2020,35.93067,-86.84718,False,0,0,,0,0,0,Property Damage,"Sideswipe, Opposite Direction",Dark-Lighted,Clear,Parked Motor Vehicle
102803795,Crashes_MPO_2020,2020-10-08,2020,35.93524,-86.82377,False,0,0,,0,0,0,Property Damage Under,Front to Rear,Daylight,Clear,Motor Vehicle-In-Transport On Same Roadway
102803852,Crashes_MPO_2020,2020-10-08,2020,35.93141,-86.87795,False,0,0,,0,0,0,Property Damage,Front to Rear,Daylight,Clear,Motor Vehicle-In-Transport On Same Roadway
102803853,Crashes_MPO_2020,2020-10-08,2020,35.92641,-86.82453,False,0,0,,0,0,0,Property Damage,Angle,Dark-Lighted,Clear,Motor Vehicle-In-Transport On Same Roadway
102804567,Crashes_MPO_2020,2020-10-08,2020,35.95101,-86.80665,False,0,0,,0,0,0,Property Damage,Rear to Side,Dark-Lighted,Clear,Parked Motor Vehicle
102804903,Crashes_MPO_2020,2020-10-08,2020,36.00193,-86.79346,True,0,0,,0,0,0,Property Damage,Front to Rear,Dark-Not Lighted,,Motor Vehicle-In-Transport On Same Roadway
102805083,Crashes_MPO_2020,2020-10-09,2020,35.94552,-86.8231,False,0,0,,0,0,0,Property Damage,Angle,Dark-Not Lighted,Rain,Motor Vehicle-In-Transport On Same Roadway
102806655,Crashes_MPO_2020,2020-10-09,2020,35.92957,-86.84213,False,0,0,,0,0,0,Suspected Minor Injury,HeadOn,Dark-Lighted,Rain,Motor Vehicle-In-Transport On Same Roadway
102803766,Crashes_MPO_2020,2020-10-09,2020,35.95798,-86.81071,False,0,0,,0,0,0,Property Damage,Front to Rear,Dark-Not Lighted,,Motor Vehicle-In-Transport On Same Roadway
102803974,Crashes_MPO_2020,2020-10-09,2020,35.96202,-86.81536,False,0,0,,0,0,0,Possible Injury,Not Collision with Motor Vehicle in Transport,Daylight,,Utility Pole
102803984,Crashes_MPO_2020,2020-10-09,2020,36.03551,-86.78748,True,0,0,,0,0,0,Property Damage,Angle,Daylight,,Motor Vehicle-In-Transport On Same Roadway
102804020,Crashes_MPO_2020,2020-10-09,2020,35.92738,-86.8687,False,0,0,,0,0,0,Property Damage Under,Not Collision with Motor Vehicle in Transport,,,
102804209,Crashes_MPO_2020,2020-10-09,2020,35.99649,-86.78854,True,0,0,,0,0,0,Suspected Minor Injury,Front to Rear,Daylight,Cloudy,Motor Vehicle-In-Transport On Same Roadway
102804470,Crashes_MPO_2020,2020-10-09,2020,36.00067,-86.68946,False,0,0,,0,0,0,Property Damage,HeadOn,Dark-Lighted,,Motor Vehicle-In-Transport On Same Roadway
102804999,Crashes_MPO_2020,2020-10-10,2020,36.04529,-86.71726,False,0,0,,0,0,0,Property Damage,Angle,Daylight,,Motor Vehicle-In-Transport On Same Roadway
102805062,Crashes_MPO_2020,2020-10-10,2020,36.04524,-86.71457,False,0,0,,0,0,0,Property Damage,Front to Rear,Daylight,,Motor Vehicle-In-Transport On Same Roadway
102805086,Crashes_MPO_2020,2020-10-10,2020,35.99641,-86.78779,True,0,0,,0,0,0,Property Damage,Front to Rear,Dark-Lighted,,Motor Vehicle-In-Transport On Same Roadway
102805091,Crashes_MPO_2020,2020-10-10,2020,35.99934,-86.68871,False,0,0,,0,0,0,Property Damage,Angle,Dark-Lighted,,Motor Vehicle-In-Transport On Same Roadway
102805104,Crashes_MPO_2020,2020-10-10,2020,35.95078,-86.80647,False,0,0,,0,0,0,Suspected Minor Injury,Angle,Daylight,Rain,Motor Vehicle-In-Transport On Same Roadway
102805169,Crashes_MPO_2020,2020-10-10,2020,36.05244,-86.68412,False,0,0,,0,0,0,Property Damage,Not Collision with Motor Vehicle in Transport,Dark-Not Lighted,Rain,Fire Hydrant
102805335,Crashes_MPO_2020,2020-10-10,2020,36.05426,-86.71521,False,0,0,,0,0,0,Property Damage,Other,Dark-Lighted,,Motor Vehicle-In-Transport On Same Roadway
102805350,Crashes_MPO_2020,2020-10-10,2020,35.96883,-86.71315,True,0,0,,0,0,0,Property Damage,Not Collision with Motor Vehicle in Transport,Daylight,,Culvert
102805627,Crashes_MPO_2020,2020-10-10,2020,36.03439,-86.78336,True,0,0,,0,0,0,Property Damage,Front to Rear,Dark-Not Lighted,,Motor Vehicle-In-Transport On Same Roadway
102805919,Crashes_MPO_2020,2020-10-10,2020,35.94055,-86.83919,False,0,0,,0,0,0,Suspected Minor Injury,Angle,Dark-Lighted,,Motor Vehicle-In-Transport On Same Roadway
102806670,Crashes_MPO_2020,2020-10-10,2020,35.97817,-86.80344,True,0,0,,0,0,0,Property Damage,Not Collision with Motor Vehicle in Transport,Dark-Not Lighted,,Concrete Traffic Barrier
102804510,Crashes_MPO_2020,2020-10-10,2020,36.04424,-86.71313,False,0,0,,0,0,0,Suspected Minor Injury,"Sideswipe, Same Direction",Dark-Lighted,,Motor Vehicle-In-Transport On Same Roadway
102804762,Crashes_MPO_2020,2020-10-10,2020,36.04124,-86.77842,False,0,0,,0,0,0,Property Damage Under,Rear to Rear,Daylight,,Parked Motor Vehicle
102804788,Crashes_MPO_2020,2020-10-10,2020,35.93319,-86.78066,False,0,0,,0,0,0,Property Damage,Not Collision with Motor Vehicle in Transport,Daylight,Rain,Embankment Rock/Stone/Concrete
102804910,Crashes_MPO_2020,2020-10-10,2020,36.04685,-86.67941,False,0,0,,0,0,0,Possible Injury,Front to Rear,Daylight,Rain,Motor Vehicle-In-Transport On Same Roadway
102809399,Crashes_MPO_2020,2020-10-10,2020,35.95032,-86.76407,True,1,0,,0,0,0,Fatal,Angle,Dusk,,Motor Vehicle-In-Transport On Same Roadway
102805258,Crashes_MPO_2020,2020-10-11,2020,36.05289,-86.68731,False,0,0,,0,0,0,Property Damage,Angle,Dark-Lighted,Rain,Motor Vehicle-In-Transport On Same Roadway
102805316,Crashes_MPO_2020,2020-10-11,2020,36.04543,-86.70361,False,0,0,,0,0,0,Property Damage,Angle,Dark-Lighted,Rain,Motor Vehicle-In-Transport On Same Roadway
102805455,Crashes_MPO_2020,2020-10-11,2020,35.92999,-86.86435,False,0,0,,0,0,0,Property Damage,Front to Rear,Daylight,Rain,Motor Vehicle-In-Transport On Same Roadway
102805483,Crashes_MPO_2020,2020-10-11,2020,36.01566,-86.74062,False,0,0,,0,0,0,Property Damage,Not Collision with Motor Vehicle in Transport,Daylight,,Other Fixed Object
102805651,Crashes_MPO_2020,2020-10-11,2020,35.94705,-86.82184,False,0,0,,0,0,0,Possible Injury,Angle,Daylight,Cloudy,Motor Vehicle-In-Transport On Same Roadway
102805986,Crashes_MPO_2020,2020-10-11,2020,36.00809,-86.7868,True,0,0,,0,0,0,Property Damage,Front to Rear,Dark-Lighted,,Motor Vehicle-In-Transport On Same Roadway
102811335,Crashes_MPO_2020,2020-10-11,2020,35.97203,-86.8606,False,0,0,,0,0,0,Property Damage,"Sideswipe, Same Direction",Daylight,Rain,Motor Vehicle-In-Transport On Same Roadway
102806067,Crashes_MPO_2020,2020-10-12,2020,36.03944,-86.81397,False,0,0,,0,0,0,Property Damage Under,Not Collision with Motor Vehicle in Transport,,,
102806090,Crashes_MPO_2020,2020-10-12,2020,35.92836,-86.76569,False,0,0,,0,0,0,Possible Injury,Not Collision with Motor Vehicle in Transport,Dawn,Cloudy,Culvert
102806190,Crashes_MPO_2020,2020-10-12,2020,36.03747,-86.78607,False,0,0,,0,0,0,Property Damage,Front to Rear,Daylight,,Motor Vehicle-In-Transport On Same Roadway
102806222,Crashes_MPO_2020,2020-10-12,2020,35.98666,-86.8005,True,0,0,,0,0,0,Possible Injury,Front to Rear,Daylight,,Motor Vehicle-In-Transport On Same Roadway
102806245,Crashes_MPO_2020,2020-10-12,2020,35.92494,-86.79902,False,0,0,,0,0,0,Property Damage Under,Not Collision with Motor Vehicle in Transport,Daylight,Clear,Other Post/Pole Support
102806316,Crashes_MPO_2020,2020-10-12,2020,36.04679,-86.71343,False,0,0,,0,0,0,Suspected Minor Injury,Angle,Daylight,,Motor Vehicle-In-Transport On Same Roadway
102806397,Crashes_MPO_2020,2020-10-12,2020,35.96652,-86.80988,True,0,0,,0,0,0,Property Damage,Front to Rear,Daylight,,Motor Vehicle-In-Transport On Same Roadway
102806477,Crashes_MPO_2020,2020-10-12,2020,36.03199,-86.81765,True,0,0,,0,0,0,Property Damage,Angle,Daylight,,Motor Vehicle-In-Transport On Same Roadway
102806484,Crashes_MPO_2020,2020-10-12,2020,36.04374,-86.7814,False,0,0,,0,0,0,Property Damage,"Sideswipe, Same Direction",Dark-Lighted,,Motor Vehicle-In-Transport On Same Roadway
102806499,Crashes_MPO_2020,2020-10-12,2020,35.95013,-86.8191,False,0,0,,0,0,0,Property Damage,Angle,Daylight,Clear,Motor Vehicle-In-Transport On Same Roadway
102806560,Crashes_MPO_2020,2020-10-12,2020,36.04087,-86.74237,False,0,0,,0,0,0,Property Damage Under,Angle,Dark-Lighted,,Motor Vehicle-In-Transport On Same Roadway
102807320,Crashes_MPO_2020,2020-10-12,2020,35.98156,-86.84484,False,0,0,,0,0,0,Property Damage,Angle,Dark-Not Lighted,Clear,Motor Vehicle-In-Transport On Different Roadway
102806715,Crashes_MPO_2020,2020-10-13,2020,36.04001,-86.74347,False,0,0,,0,0,0,Property Damage,Other,Dark-Lighted,,Motor Vehicle-In-Transport On Same Roadway
102806895,Crashes_MPO_2020,2020-10-13,2020,35.94114,-86.83623,False,0,0,,0,0,0,Property Damage,"Sideswipe, Same Direction",Daylight,Clear,Motor Vehicle-In-Transport On Same Roadway
102806956,Crashes_MPO_2020,2020-10-13,2020,36.03614,-86.79515,True,0,0,,0,0,0,Property Damage,Angle,Daylight,,Motor Vehicle-In-Transport On Same Roadway
102807139,Crashes_MPO_2020,2020-10-13,2020,35.96705,-86.81355,True,0,0,,0,0,0,Property Damage,Angle,Daylight,,Motor Vehicle-In-Transport On Same Roadway
102807156,Crashes_MPO_2020,2020-10-13,2020,35.95577,-86.83065,False,0,0,,0,0,0,Suspected Minor Injury,Front to Rear,Daylight,Clear,Motor Vehicle-In-Transport On Same Roadway
102807157,Crashes_MPO_2020,2020-10-13,2020,35.92957,-86.84213,False,0,0,,0,0,0,Property Damage,Front to Rear,Dusk,Clear,Motor Vehicle-In-Transport On Same Roadway
102807182,Crashes_MPO_2020,2020-10-13,2020,35.99311,-86.81313,True,0,0,,0,0,0,Suspected Minor Injury,Not Collision with Motor Vehicle in Transport,Daylight,,"Over Turn, Roll Over"
102807215,Crashes_MPO_2020,2020-10-13,2020,35.95051,-86.76622,True,0,0,,0,0,0,Property Damage,Front to Rear,Dusk,Clear,Motor Vehicle-In-Transport On Same Roadway
102807280,Crashes_MPO_2020,2020-10-13,2020,36.04552,-86.7117,False,0,1,,1,1,0,Suspected Serious Injury,Not Collision with Motor Vehicle in Transport,Dark-Lighted,,Pedestrian
102807282,Crashes_MPO_2020,2020-10-13,2020,36.04356,-86.74413,False,0,0,,0,0,0,Suspected Minor Injury,Other,Dark-Lighted,,Motor Vehicle-In-Transport On Same Roadway
102807297,Crashes_MPO_2020,2020-10-13,2020,36.02881,-86.87653,False,0,0,,0,0,0,Property Damage,Not Collision with Motor Vehicle in Transport,Dark-Lighted,Clear,Other Object
102807808,Crashes_MPO_2020,2020-10-13,2020,35.97874,-86.75297,True,0,0,,0,0,0,Property Damage,Front to Rear,Dark-Lighted,,Motor Vehicle-In-Transport On Same Roadway
102807859,Crashes_MPO_2020,2020-10-13,2020,35.96454,-86.81434,False,0,0,,0,0,0,Property Damage,Front to Rear,Daylight,Clear,Motor Vehicle-In-Transport On Same Roadway
102808310,Crashes_MPO_2020,2020-10-13,2020,36.04194,-86.74941,False,0,1,,0,0,0,Property Damage,Front to Rear,Daylight,,Motor Vehicle-In-Transport On Same Roadway
102807691,Crashes_MPO_2020,2020-10-14,2020,36.05375,-86.71423,False,0,0,,0,0,0,Property Damage,Angle,Daylight,,Motor Vehicle-In-Transport On Same Roadway
102807786,Crashes_MPO_2020,2020-10-14,2020,36.02873,-86.79244,True,0,0,,0,0,0,Property Damage,Angle,Daylight,,Motor Vehicle-In-Transport On Same Roadway
102807856,Crashes_MPO_2020,2020-10-14,2020,36.02202,-86.74264,False,0,0,,0,0,0,Property Damage,Front to Rear,Daylight,,Motor Vehicle-In-Transport On Same Roadway
102807907,Crashes_MPO_2020,2020-10-14,2020,36.04368,-86.71307,False,0,0,,0,0,0,Property Damage,Front to Rear,Daylight,,Motor Vehicle-In-Transport On Same Roadway
102807940,Crashes_MPO_2020,2020-10-14,2020,35.93981,-86.82152,False,0,0,,0,0,0,Property Damage,Angle,Dark-Lighted,,Motor Vehicle-In-Transport On Same Roadway
102808571,Crashes_MPO_2020,2020-10-14,2020,35.92999,-86.86435,False,0,0,,0,0,0,Property Damage,Front to Rear,Daylight,,Motor Vehicle-In-Transport On Same Roadway
102808234,Crashes_MPO_2020,2020-10-15,2020,36.04719,-86.69622,False,0,0,,0,0,0,Property Damage,Front to Rear,Dark-Not Lighted,,Parked Motor Vehicle
102808245,Crashes_MPO_2020,2020-10-15,2020,36.04162,-86.7476,False,0,0,,0,0,0,Property Damage,"Sideswipe, Same Direction",Daylight,,Motor Vehicle-In-Transport On Same Roadway
102808280,Crashes_MPO_2020,2020-10-15,2020,35.99403,-86.76269,True,0,0,,0,0,0,Possible Injury,Front to Rear,Daylight,,Motor Vehicle-In-Transport On Same Roadway
102808412,Crashes_MPO_2020,2020-10-15,2020,35.99478,-86.79794,True,0,0,,0,0,0,Property Damage,"Sideswipe, Same Direction",Daylight,,Motor Vehicle-In-Transport On Same Roadway
102808494,Crashes_MPO_2020,2020-10-15,2020,36.04331,-86.68922,False,0,0,,0,0,0,Property Damage,Front to Rear,Daylight,,Motor Vehicle-In-Transport On Same Roadway
102808568,Crashes_MPO_2020,2020-10-15,2020,35.94686,-86.81163,False,0,0,,0,0,0,Property Damage,Front to Rear,Daylight,,Motor Vehicle-In-Transport On Same Roadway
102808644,Crashes_MPO_2020,2020-10-15,2020,35.98973,-86.74298,True,0,0,,0,0,0,Property Damage,Front to Rear,Dusk,,Motor Vehicle-In-Transport On Same Roadway
102808648,Crashes_MPO_2020,2020-10-15,2020,35.94687,-86.85168,False,0,0,,0,0,0,Property Damage,Front to Rear,Daylight,Cloudy,Motor Vehicle-In-Transport On Same Roadway
102808739,Crashes_MPO_2020,2020-10-15,2020,36.0525,-86.71467,False,0,0,,0,0,0,Property Damage,Angle,Dark-Lighted,,Motor Vehicle-In-Transport On Same Roadway
102808758,Crashes_MPO_2020,2020-10-15,2020,36.03999,-86.74316,False,0,0,,0,0,0,Possible Injury,Front to Rear,Dark-Lighted,,Motor Vehicle-In-Transport On Same Roadway
102808759,Crashes_MPO_2020,2020-10-15,2020,36.0524,-86.71471,False,0,0,,0,0,0,Property Damage,Front to Rear,Daylight,Cloudy,Motor Vehicle-In-Transport On Same Roadway
102808761,Crashes_MPO_2020,2020-10-15,2020,35.98439,-86.72434,True,0,0,,0,0,0,Property Damage,Angle,Daylight,,Motor Vehicle-In-Transport On Same Roadway
102808790,Crashes_MPO_2020,2020-10-15,2020,35.99754,-86.69086,False,0,0,,0,0,0,Property Damage,Angle,Daylight,Cloudy,Motor Vehicle-In-Transport On Same Roadway
102808955,Crashes_MPO_2020,2020-10-16,2020,36.03336,-86.78872,True,0,0,,0,0,0,Property Damage,Angle,Dark-Lighted,,Motor Vehicle-In-Transport On Same Roadway
102809051,Crashes_MPO_2020,2020-10-16,2020,36.03473,-86.78793,True,0,0,,0,0,0,Property Damage,Front to Rear,Daylight,,Motor Vehicle-In-Transport On Same Roadway
102809080,Crashes_MPO_2020,2020-10-16,2020,35.93223,-86.71425,False,0,0,,0,0,0,Property Damage,Not Collision with Motor Vehicle in Transport,Dark-Not Lighted,Clear,Ditch
102809159,Crashes_MPO_2020,2020-10-16,2020,36.04209,-86.78231,False,0,0,,0,0,0,Property Damage,Front to Rear,Daylight,,Motor Vehicle-In-Transport On Same Roadway
102809197,Crashes_MPO_2020,2020-10-16,2020,36.03958,-86.74344,False,0,0,,0,0,0,Property Damage,Not Collision with Motor Vehicle in Transport,Daylight,,Building
102809707,Crashes_MPO_2020,2020-10-16,2020,35.97466,-86.83599,False,0,0,,0,0,0,Property Damage,Not Collision with Motor Vehicle in Transport,Dark-Not Lighted,,Highway Traffic Sign Post
102813193,Crashes_MPO_2020,2020-10-17,2020,36.01689,-86.78609,True,0,0,,0,0,0,Property Damage,Not Collision with Motor Vehicle in Transport,Dark-Lighted,,Wall
102809889,Crashes_MPO_2020,2020-10-17,2020,36.05002,-86.69214,False,0,0,,0,0,0,Property Damage,Not Collision with Motor Vehicle in Transport,Dark-Not Lighted,,Guard Rail Face
102809907,Crashes_MPO_2020,2020-10-17,2020,36.0473,-86.86274,False,0,0,,0,0,0,Property Damage Under,Front to Rear,Daylight,,Motor Vehicle-In-Transport On Same Roadway
102810026,Crashes_MPO_2020,2020-10-17,2020,35.99453,-86.79803,True,0,0,,0,0,0,Property Damage,Not Collision with Motor Vehicle in Transport,Daylight,,Deer
102810027,Crashes_MPO_2020,2020-10-17,2020,35.97076,-86.80601,True,0,0,,0,0,0,Suspected Minor Injury,Front to Rear,Daylight,,Motor Vehicle-In-Transport On Same Roadway
102810029,Crashes_MPO_2020,2020-10-17,2020,36.04091,-86.77938,False,0,0,,0,0,0,Property Damage Under,Not Collision with Motor Vehicle in Transport,,,
102810153,Crashes_MPO_2020,2020-10-17,2020,36.03361,-86.71116,False,0,0,,0,0,0,Property Damage,Not Collision with Motor Vehicle in Transport,Dark-Not Lighted,,Other Object
102810207,Crashes_MPO_2020,2020-10-17,2020,35.9516,-86.818,False,0,0,,0,0,0,Property Damage,Front to Rear,Dusk,Clear,Motor Vehicle-In-Transport On Same Roadway
102810416,Crashes_MPO_2020,2020-10-18,2020,36.05482,-86.69484,False,0,0,,0,0,0,Property Damage,Not Collision with Motor Vehicle in Transport,Dark-Lighted,Cloudy,Mail Box
102810734,Crashes_MPO_2020,2020-10-18,2020,36.04245,-86.71294,False,0,0,,0,0,0,Property Damage,Front to Rear,Daylight,,Motor Vehicle-In-Transport On Same Roadway
102810848,Crashes_MPO_2020,2020-10-18,2020,36.05171,-86.7756,False,0,0,,0,0,0,Property Damage Under,Not Collision with Motor Vehicle in Transport,Dark-Not Lighted,,Guard Rail Face
102810853,Crashes_MPO_2020,2020-10-18,2020,36.05113,-86.71425,False,0,0,,0,0,0,Possible Injury,"Sideswipe, Same Direction",Daylight,,Motor Vehicle-In-Transport On Same Roadway
102810952,Crashes_MPO_2020,2020-10-18,2020,36.05357,-86.7186,False,0,0,,0,0,0,Property Damage,Not Collision with Motor Vehicle in Transport,Dark-Lighted,,Mail Box
102811220,Crashes_MPO_2020,2020-10-19,2020,35.9463,-86.8085,False,0,0,,0,0,0,Property Damage,Angle,Daylight,Clear,Motor Vehicle-In-Transport On Same Roadway
102812276,Crashes_MPO_2020,2020-10-19,2020,35.92957,-86.84232,False,0,0,,0,0,0,Property Damage,Front to Rear,Daylight,Clear,Motor Vehicle-In-Transport On Same Roadway
102812147,Crashes_MPO_2020,2020-10-20,2020,36.0316,-86.68057,False,0,0,,0,0,0,Possible Injury,Front to Rear,Daylight,,Parked Motor Vehicle
102812204,Crashes_MPO_2020,2020-10-20,2020,35.94699,-86.81153,False,0,0,,0,0,0,Property Damage,Angle,Daylight,Clear,Motor Vehicle-In-Transport On Same Roadway
102812292,Crashes_MPO_2020,2020-10-20,2020,35.94701,-86.82201,False,0,0,,0,0,0,Property Damage,Angle,Daylight,Clear,Motor Vehicle-In-Transport On Same Roadway
102812424,Crashes_MPO_2020,2020-10-20,2020,35.95427,-86.8183,False,0,0,,0,0,0,Property Damage,Front to Rear,Daylight,Clear,Motor Vehicle-In-Transport On Same Roadway
102812425,Crashes_MPO_2020,2020-10-20,2020,35.92618,-86.86601,False,0,0,,0,0,0,Property Damage,Not Collision with Motor Vehicle in Transport,Daylight,Clear,Utility Pole
102812604,Crashes_MPO_2020,2020-10-20,2020,35.98577,-86.73381,True,0,0,,0,0,0,Property Damage,Front to Rear,Daylight,,Motor Vehicle-In-Transport On Same Roadway
102812818,Crashes_MPO_2020,2020-10-20,2020,35.96051,-86.81187,False,0,0,,0,0,0,Property Damage,Angle,Daylight,Clear,Motor Vehicle-In-Transport On Same Roadway
102813124,Crashes_MPO_2020,2020-10-20,2020,35.96943,-86.8032,True,0,0,,0,0,0,Property Damage,Angle,Daylight,,Motor Vehicle-In-Transport On Same Roadway
102813148,Crashes_MPO_2020,2020-10-20,2020,35.92957,-86.8424,False,0,0,,0,0,0,Property Damage,"Sideswipe, Same Direction",Daylight,Clear,Motor Vehicle-In-Transport On Same Roadway
102816097,Crashes_MPO_2020,2020-10-20,2020,35.99156,-86.79881,True,0,0,,0,0,0,Suspected Minor Injury,Front to Rear,Daylight,,Motor Vehicle-In-Transport On Same Roadway
102812525,Crashes_MPO_2020,2020-10-21,2020,36.03233,-86.76637,False,0,0,,0,0,0,Property Damage,Front to Rear,Daylight,,Motor Vehicle-In-Transport On Same Roadway
102812573,Crashes_MPO_2020,2020-10-21,2020,35.9667,-86.80911,True,0,0,,0,0,0,Property Damage,Front to Rear,Daylight,,Motor Vehicle-In-Transport On Same Roadway
102812872,Crashes_MPO_2020,2020-10-21,2020,35.92673,-86.87005,False,0,0,,0,0,0,Property Damage,Front to Rear,Daylight,Clear,Motor Vehicle-In-Transport On Same Roadway
102812875,Crashes_MPO_2020,2020-10-21,2020,36.05183,-86.71445,False,0,0,,0,0,0,Property Damage,Front to Rear,Daylight,,Motor Vehicle-In-Transport On Same Roadway
102812908,Crashes_MPO_2020,2020-10-21,2020,36.03912,-86.74342,False,0,0,,0,0,0,Property Damage Under,Angle,Daylight,,Motor Vehicle-In-Transport On Same Roadway