record_no,source_layer,collision_ts,crash_year,latitude,longitude,in_city,fatalities,non_motorists,truck_involved,serious_injuries,pedestrian,bicycle,crash_type,manner_of_collision,lighting,weather,first_harmful_event
102812999,Crashes_MPO_2020,2020-10-21,2020,35.94598,-86.84923,False,0,0,,0,0,0,Property Damage Under,Front to Rear,Daylight,Clear,Motor Vehicle-In-Transport On Same Roadway
102813152,Crashes_MPO_2020,2020-10-21,2020,36.04231,-86.72652,False,0,0,,0,0,0,Property Damage,Angle,Dark-Not Lighted,,Motor Vehicle-In-Transport On Same Roadway
102813183,Crashes_MPO_2020,2020-10-21,2020,35.99687,-86.68989,False,0,0,,0,0,0,Property Damage,Not Collision with Motor Vehicle in Transport,Dark-Lighted,,Shrubbery
102813392,Crashes_MPO_2020,2020-10-22,2020,36.04594,-86.7169,False,0,0,,0,0,0,Property Damage,Not Collision with Motor Vehicle in Transport,Daylight,Clear,Utility Pole
102813533,Crashes_MPO_2020,2020-10-22,2020,36.04247,-86.78309,False,0,0,,0,0,0,Possible Injury,Angle,Daylight,,Motor Vehicle-In-Transport On Same Roadway
102813582,Crashes_MPO_2020,2020-10-22,2020,35.99781,-86.79886,True,0,0,,0,0,0,Property Damage,Front to Rear,Daylight,,Motor Vehicle-In-Transport On Same Roadway
102813637,Crashes_MPO_2020,2020-10-22,2020,36.0473,-86.86274,False,0,0,,0,0,0,Property Damage,Front to Rear,Daylight,,Motor Vehicle-In-Transport On Same Roadway
102813672,Crashes_MPO_2020,2020-10-22,2020,35.99678,-86.68998,False,0,0,,0,0,0,Possible Injury,Front to Rear,Daylight,Clear,Motor Vehicle-In-Transport On Same Roadway
102813694,Crashes_MPO_2020,2020-10-22,2020,35.99702,-86.69009,False,0,0,,0,0,0,Property Damage,Front to Rear,Daylight,,Motor Vehicle-In-Transport On Same Roadway
102813697,Crashes_MPO_2020,2020-10-22,2020,35.94882,-86.81987,False,0,0,,0,0,0,Suspected Minor Injury,Angle,Daylight,Clear,Motor Vehicle-In-Transport On Same Roadway
102813884,Crashes_MPO_2020,2020-10-22,2020,35.98662,-86.68037,False,0,0,,0,0,0,Property Damage,Not Collision with Motor Vehicle in Transport,Daylight,,Building
102814359,Crashes_MPO_2020,2020-10-22,2020,35.96546,-86.82116,True,0,0,,0,0,0,Property Damage,Front to Rear,Dusk,,Motor Vehicle-In-Transport On Same Roadway
102813912,Crashes_MPO_2020,2020-10-23,2020,35.93331,-86.81492,False,0,0,,0,0,0,Suspected Minor Injury,Not Collision with Motor Vehicle in Transport,Dark-Lighted,,Standing Tree
102814019,Crashes_MPO_2020,2020-10-23,2020,36.02911,-86.79105,True,0,0,,0,0,0,Suspected Minor Injury,Not Collision with Motor Vehicle in Transport,Daylight,,Standing Tree
102814097,Crashes_MPO_2020,2020-10-23,2020,36.02009,-86.71011,False,0,0,,0,0,0,Property Damage,Front to Rear,Daylight,,Motor Vehicle-In-Transport On Same Roadway
102814204,Crashes_MPO_2020,2020-10-23,2020,36.04537,-86.71326,False,0,0,,0,0,0,Possible Injury,Angle,Daylight,,Motor Vehicle-In-Transport On Same Roadway
102814212,Crashes_MPO_2020,2020-10-23,2020,35.92647,-86.82514,False,0,0,,0,0,0,Property Damage,"Sideswipe, Same Direction",Daylight,Clear,Motor Vehicle-In-Transport On Same Roadway
102814440,Crashes_MPO_2020,2020-10-23,2020,35.96198,-86.81518,False,0,0,,0,0,0,Suspected Minor Injury,HeadOn,Dark-Lighted,Rain,Motor Vehicle-In-Transport On Same Roadway
102814502,Crashes_MPO_2020,2020-10-23,2020,35.96573,-86.80145,True,0,0,,0,0,0,Property Damage,"Sideswipe, Same Direction",Daylight,,Motor Vehicle-In-Transport On Same Roadway
102814571,Crashes_MPO_2020,2020-10-23,2020,35.94612,-86.82346,False,0,0,,0,0,0,Property Damage,Front to Rear,Dark-Lighted,,Motor Vehicle-In-Transport On Same Roadway
102814643,Crashes_MPO_2020,2020-10-23,2020,36.05453,-86.72533,False,0,0,,0,0,0,Property Damage,Angle,Daylight,,Motor Vehicle-In-Transport On Same Roadway
102816275,Crashes_MPO_2020,2020-10-23,2020,35.96589,-86.80314,True,0,0,,0,0,0,Property Damage,Angle,Daylight,,Motor Vehicle-In-Transport On Same Roadway
102814767,Crashes_MPO_2020,2020-10-24,2020,36.01271,-86.70383,False,0,0,,0,0,0,Property Damage,Front to Rear,Daylight,,Motor Vehicle-In-Transport On Same Roadway
102814768,Crashes_MPO_2020,2020-10-24,2020,35.9476,-86.81992,False,0,0,,0,0,0,Property Damage Under,Not Collision with Motor Vehicle in Transport,,,
102814798,Crashes_MPO_2020,2020-10-24,2020,36.05453,-86.72533,False,0,0,,0,0,0,Property Damage Under,Not Collision with Motor Vehicle in Transport,,,
102814818,Crashes_MPO_2020,2020-10-24,2020,36.0337,-86.7832,True,0,0,,0,0,0,Property Damage,Unknown,Unknown,,Unknown
102814925,Crashes_MPO_2020,2020-10-24,2020,35.92472,-86.87428,False,0,0,,0,0,0,Possible Injury,Angle,Daylight,,Motor Vehicle-In-Transport On Same Roadway
102814937,Crashes_MPO_2020,2020-10-24,2020,35.94644,-86.82149,False,0,0,,0,0,0,Property Damage,Angle,Daylight,,Motor Vehicle-In-Transport On Same Roadway
102815074,Crashes_MPO_2020,2020-10-24,2020,35.9667,-86.81121,True,0,0,,0,0,0,Property Damage,"Sideswipe, Same Direction",Dark-Lighted,,Motor Vehicle-In-Transport On Same Roadway
102815200,Crashes_MPO_2020,2020-10-24,2020,35.96638,-86.81131,False,0,0,,0,0,0,Possible Injury,Angle,Daylight,Cloudy,Motor Vehicle-In-Transport On Same Roadway
102815210,Crashes_MPO_2020,2020-10-24,2020,36.04527,-86.71427,False,0,0,,0,0,0,Possible Injury,Front to Rear,Dark-Lighted,,Motor Vehicle-In-Transport On Same Roadway
102815265,Crashes_MPO_2020,2020-10-24,2020,35.94699,-86.81153,False,0,0,,1,0,0,Suspected Serious Injury,Angle,Dark-Lighted,Cloudy,Motor Vehicle-In-Transport On Same Roadway
102819986,Crashes_MPO_2020,2020-10-24,2020,35.95689,-86.80329,False,0,0,,0,0,0,Property Damage,Angle,Daylight,,Motor Vehicle-In-Transport On Same Roadway
102815325,Crashes_MPO_2020,2020-10-25,2020,36.04104,-86.81985,False,0,0,,0,0,0,Property Damage,Not Collision with Motor Vehicle in Transport,Dark-Lighted,Clear,Deer
102815689,Crashes_MPO_2020,2020-10-25,2020,36.04126,-86.76859,False,0,0,,0,0,0,Property Damage Under,"Sideswipe, Same Direction",Daylight,,Parked Motor Vehicle
102815892,Crashes_MPO_2020,2020-10-25,2020,35.96198,-86.81518,False,0,0,,0,0,0,Property Damage,Front to Rear,Daylight,,Motor Vehicle-In-Transport On Same Roadway
102815893,Crashes_MPO_2020,2020-10-25,2020,35.94616,-86.80856,False,0,0,,0,0,0,Property Damage,Angle,Dark-Lighted,,Motor Vehicle-In-Transport On Different Roadway
102824962,Crashes_MPO_2020,2020-10-25,2020,36.04051,-86.77032,False,0,0,,0,0,0,Property Damage,Other,Daylight,,Parked Motor Vehicle
102816002,Crashes_MPO_2020,2020-10-26,2020,35.95581,-86.81652,False,0,0,,0,0,0,Property Damage,Not Collision with Motor Vehicle in Transport,Dark-Lighted,,Curb
102816127,Crashes_MPO_2020,2020-10-26,2020,35.99254,-86.82854,True,0,0,,0,0,0,Property Damage,Not Collision with Motor Vehicle in Transport,Dark-Not Lighted,,Ditch
102816436,Crashes_MPO_2020,2020-10-26,2020,35.95486,-86.73871,True,0,0,,0,0,0,Property Damage,Not Collision with Motor Vehicle in Transport,Dusk,,Standing Tree
102816485,Crashes_MPO_2020,2020-10-26,2020,36.04542,-86.71269,False,0,0,,0,0,0,Property Damage,"Sideswipe, Same Direction",Daylight,,Motor Vehicle-In-Transport On Same Roadway
102816549,Crashes_MPO_2020,2020-10-26,2020,36.03996,-86.7421,False,0,0,,0,0,0,Suspected Minor Injury,Angle,Dark-Lighted,Clear,Motor Vehicle-In-Transport On Same Roadway
102816858,Crashes_MPO_2020,2020-10-26,2020,35.92577,-86.82457,False,0,0,,0,0,0,Property Damage Under,Front to Rear,Daylight,Clear,Motor Vehicle-In-Transport On Same Roadway
102816852,Crashes_MPO_2020,2020-10-27,2020,36.03522,-86.78691,True,0,0,,0,0,0,Property Damage,HeadOn,Daylight,,Motor Vehicle-In-Transport On Same Roadway
102816878,Crashes_MPO_2020,2020-10-27,2020,36.04682,-86.71344,False,0,0,,0,0,0,Property Damage,Angle,Daylight,,Motor Vehicle-In-Transport On Same Roadway
102816893,Crashes_MPO_2020,2020-10-27,2020,36.03779,-86.79554,False,0,0,,0,0,0,Property Damage,Not Collision with Motor Vehicle in Transport,Daylight,,Deer
102817011,Crashes_MPO_2020,2020-10-27,2020,35.95582,-86.83107,False,0,0,,0,0,0,Property Damage,Front to Rear,Dark-Lighted,Clear,Motor Vehicle-In-Transport On Same Roadway
102817148,Crashes_MPO_2020,2020-10-27,2020,35.94005,-86.83114,False,0,0,,0,0,0,Suspected Minor Injury,Angle,Daylight,,Motor Vehicle-In-Transport On Same Roadway
102820166,Crashes_MPO_2020,2020-10-27,2020,36.03398,-86.78317,True,0,0,,0,0,0,Property Damage,Front to Rear,Dark-Not Lighted,,Motor Vehicle-In-Transport On Same Roadway
102817229,Crashes_MPO_2020,2020-10-27,2020,36.04158,-86.74938,False,0,0,,1,0,0,Suspected Serious Injury,Angle,Daylight,,Motor Vehicle-In-Transport On Same Roadway
102817245,Crashes_MPO_2020,2020-10-27,2020,36.0335,-86.71283,False,0,0,,0,0,0,Property Damage,Front to Rear,Daylight,Clear,Motor Vehicle-In-Transport On Same Roadway
102817733,Crashes_MPO_2020,2020-10-27,2020,35.96742,-86.81346,True,0,0,,0,0,0,Property Damage,Angle,Daylight,,Motor Vehicle-In-Transport On Same Roadway
102819210,Crashes_MPO_2020,2020-10-28,2020,36.0374,-86.78657,False,0,0,,0,0,0,Suspected Minor Injury,Front to Rear,Daylight,,Motor Vehicle-In-Transport On Same Roadway
102819211,Crashes_MPO_2020,2020-10-28,2020,36.04546,-86.72312,False,0,0,,0,0,0,Property Damage,"Sideswipe, Same Direction",Daylight,,Motor Vehicle-In-Transport On Same Roadway
102817568,Crashes_MPO_2020,2020-10-28,2020,36.04114,-86.77621,False,0,0,,0,0,0,Suspected Minor Injury,Front to Rear,Daylight,,Motor Vehicle-In-Transport On Same Roadway
102817812,Crashes_MPO_2020,2020-10-28,2020,36.04393,-86.6933,False,0,0,,0,0,0,Property Damage,Front to Rear,Daylight,Rain,Motor Vehicle-In-Transport On Same Roadway
102817901,Crashes_MPO_2020,2020-10-28,2020,36.01362,-86.73833,False,0,0,,0,0,0,Property Damage,HeadOn,Daylight,,Motor Vehicle-In-Transport On Same Roadway
102817916,Crashes_MPO_2020,2020-10-28,2020,35.97923,-86.82305,True,0,0,,0,0,0,Property Damage,Front to Rear,Dusk,,Motor Vehicle-In-Transport On Same Roadway
102817985,Crashes_MPO_2020,2020-10-28,2020,36.0453,-86.71397,False,0,0,,0,0,0,Property Damage,"Sideswipe, Same Direction",Dark-Lighted,,Motor Vehicle-In-Transport On Same Roadway
102818092,Crashes_MPO_2020,2020-10-28,2020,36.03076,-86.74721,False,0,0,,0,0,0,Property Damage,Other,Dusk,,Motor Vehicle-In-Transport On Same Roadway
102818160,Crashes_MPO_2020,2020-10-28,2020,36.03474,-86.78332,True,0,0,,0,0,0,Property Damage,Angle,Daylight,,Motor Vehicle-In-Transport On Same Roadway
102818614,Crashes_MPO_2020,2020-10-28,2020,36.02962,-86.78371,True,0,0,,0,0,0,Property Damage,Not Collision with Motor Vehicle in Transport,Dark-Not Lighted,,Deer
102818909,Crashes_MPO_2020,2020-10-29,2020,35.96184,-86.81508,False,0,0,,0,0,0,Property Damage,Unknown,Dark-Lighted,,Unknown
102818257,Crashes_MPO_2020,2020-10-29,2020,35.93549,-86.82393,False,0,0,,0,0,0,Property Damage,Front to Rear,Daylight,Rain,Motor Vehicle-In-Transport On Same Roadway
102818300,Crashes_MPO_2020,2020-10-29,2020,36.01459,-86.80988,True,0,0,,0,0,0,Property Damage,"Sideswipe, Same Direction",Dawn,,Motor Vehicle-In-Transport On Same Roadway
102818537,Crashes_MPO_2020,2020-10-29,2020,35.95212,-86.81784,False,0,0,,0,0,0,Property Damage,Angle,Daylight,Cloudy,Motor Vehicle-In-Transport On Same Roadway
102818647,Crashes_MPO_2020,2020-10-29,2020,36.04521,-86.74394,False,0,0,,0,0,0,Property Damage,Angle,Daylight,,Motor Vehicle-In-Transport On Same Roadway
102818687,Crashes_MPO_2020,2020-10-29,2020,36.0399,-86.74186,False,0,0,,0,0,0,Property Damage,Angle,Daylight,,Motor Vehicle-In-Transport On Same Roadway
102818746,Crashes_MPO_2020,2020-10-29,2020,36.03973,-86.7571,False,0,0,,0,0,0,Suspected Minor Injury,Front to Rear,Dark-Not Lighted,,Motor Vehicle-In-Transport On Same Roadway
102818799,Crashes_MPO_2020,2020-10-29,2020,36.04064,-86.77986,False,0,0,,0,0,0,Property Damage,"Sideswipe, Same Direction",Dark-Lighted,,Motor Vehicle-In-Transport On Same Roadway
102818829,Crashes_MPO_2020,2020-10-29,2020,36.04014,-86.74461,False,0,0,,0,0,0,Property Damage,Front to Rear,Dark-Lighted,,Motor Vehicle-In-Transport On Same Roadway
102818864,Crashes_MPO_2020,2020-10-29,2020,35.92254,-86.87194,False,0,0,,0,0,0,Property Damage,Angle,Dark-Lighted,Rain,Motor Vehicle-In-Transport On Same Roadway
102819163,Crashes_MPO_2020,2020-10-30,2020,36.03999,-86.78129,False,0,0,,0,0,0,Property Damage,Front to Rear,Daylight,,Motor Vehicle-In-Transport On Same Roadway
102819470,Crashes_MPO_2020,2020-10-30,2020,35.98282,-86.71893,True,0,0,,0,0,0,Property Damage,Not Collision with Motor Vehicle in Transport,Dusk,,Deer
102819508,Crashes_MPO_2020,2020-10-30,2020,35.92957,-86.84187,False,0,0,,0,0,0,Possible Injury,Angle,Dusk,,Motor Vehicle-In-Transport On Same Roadway
102819549,Crashes_MPO_2020,2020-10-30,2020,35.94618,-86.83082,False,0,0,,0,0,0,Property Damage,Front to Rear,Daylight,Clear,Motor Vehicle-In-Transport On Same Roadway
102819598,Crashes_MPO_2020,2020-10-30,2020,35.99595,-86.69083,False,0,0,,0,0,0,Property Damage Under,Not Collision with Motor Vehicle in Transport,,,
102819692,Crashes_MPO_2020,2020-10-30,2020,36.04836,-86.74363,False,0,0,,0,0,0,Suspected Minor Injury,Front to Rear,Dark-Lighted,,Motor Vehicle-In-Transport On Same Roadway
102819719,Crashes_MPO_2020,2020-10-30,2020,35.94703,-86.82133,False,0,0,,0,0,0,Property Damage,Angle,Daylight,Clear,Motor Vehicle-In-Transport On Same Roadway
102819737,Crashes_MPO_2020,2020-10-30,2020,36.02547,-86.71305,False,0,0,,0,0,0,Property Damage,Angle,Dark-Lighted,,Motor Vehicle-In-Transport On Same Roadway
102820102,Crashes_MPO_2020,2020-10-30,2020,35.96685,-86.808999,True,0,0,,0,0,0,Property Damage Under,Not Collision with Motor Vehicle in Transport,,,
102820211,Crashes_MPO_2020,2020-10-30,2020,35.98472,-86.74048,True,0,0,,1,0,0,Suspected Serious Injury,Not Collision with Motor Vehicle in Transport,Dark-Not Lighted,,Standing Tree
102820329,Crashes_MPO_2020,2020-10-30,2020,36.03399,-86.78317,True,0,0,,0,0,0,Property Damage,"Sideswipe, Same Direction",Daylight,,Motor Vehicle-In-Transport On Same Roadway
102819983,Crashes_MPO_2020,2020-10-31,2020,35.94616,-86.87146,False,0,0,,0,0,0,Property Damage,Not Collision with Motor Vehicle in Transport,Dark-Not Lighted,,Deer
102820090,Crashes_MPO_2020,2020-10-31,2020,36.04558,-86.71108,False,0,0,,0,0,0,Property Damage,Not Collision with Motor Vehicle in Transport,Daylight,,Fire Hydrant
102820122,Crashes_MPO_2020,2020-10-31,2020,35.98747,-86.71407,True,0,0,,0,0,0,Property Damage,Not Collision with Motor Vehicle in Transport,Dark-Lighted,,Curb
102820148,Crashes_MPO_2020,2020-10-31,2020,36.03761,-86.78512,False,0,0,,0,0,0,Property Damage Under,Front to Rear,Daylight,,Motor Vehicle-In-Transport On Same Roadway
102820215,Crashes_MPO_2020,2020-10-31,2020,35.92969,-86.82015,False,0,0,,0,0,0,Property Damage,Front to Rear,Daylight,,Motor Vehicle-In-Transport On Same Roadway
102820314,Crashes_MPO_2020,2020-10-31,2020,35.94687,-86.85168,False,0,0,,0,0,0,Property Damage,Angle,Daylight,,Motor Vehicle-In-Transport On Same Roadway
102820338,Crashes_MPO_2020,2020-10-31,2020,35.94756,-86.82002,False,0,0,,0,0,0,Property Damage,Front to Rear,Daylight,Clear,Motor Vehicle-In-Transport On Same Roadway
102820339,Crashes_MPO_2020,2020-10-31,2020,35.96695,-86.81275,True,0,0,,0,0,0,Property Damage,"Sideswipe, Same Direction",Daylight,Clear,Motor Vehicle-In-Transport On Same Roadway
102820542,Crashes_MPO_2020,2020-10-31,2020,35.99128,-86.68358,False,0,0,,0,0,0,Property Damage Under,Not Collision with Motor Vehicle in Transport,,,
102820778,Crashes_MPO_2020,2020-10-31,2020,35.98399,-86.81916,True,0,0,,0,0,0,Property Damage,Not Collision with Motor Vehicle in Transport,Dark-Not Lighted,,Deer
102825750,Crashes_MPO_2020,2020-10-31,2020,35.95586,-86.81728,False,0,0,,0,0,0,Property Damage,Front to Rear,Daylight,,Motor Vehicle-In-Transport On Same Roadway
102826205,Crashes_MPO_2020,2020-10-31,2020,35.97938,-86.80326,True,0,0,,0,0,0,Property Damage,"Sideswipe, Same Direction",Dark-Not Lighted,,Motor Vehicle-In-Transport On Same Roadway
102821492,Crashes_MPO_2020,2020-10-31,2020,35.92356,-86.87236,False,0,0,,0,0,0,Property Damage,Front to Rear,Daylight,,Motor Vehicle-In-Transport On Same Roadway
102821505,Crashes_MPO_2020,2020-10-31,2020,36.04524,-86.70169,False,0,0,,0,0,0,Suspected Minor Injury,Angle,Dark-Lighted,,Motor Vehicle-In-Transport On Same Roadway
102820992,Crashes_MPO_2020,2020-11-01,2020,36.04571,-86.7133,False,0,0,,0,0,0,Property Damage,Angle,Daylight,,Motor Vehicle-In-Transport On Same Roadway
102820993,Crashes_MPO_2020,2020-11-01,2020,36.04144,-86.7266,False,0,0,,0,0,0,Property Damage,Front to Rear,Daylight,,Motor Vehicle-In-Transport On Same Roadway
102821003,Crashes_MPO_2020,2020-11-01,2020,36.04515,-86.71323,False,0,0,,0,0,0,Property Damage,Front to Rear,Daylight,,Motor Vehicle-In-Transport On Same Roadway
102821572,Crashes_MPO_2020,2020-11-02,2020,36.05173,-86.68826,False,0,0,,0,0,0,Property Damage,Angle,Dark-Lighted,,Parked Motor Vehicle
102821705,Crashes_MPO_2020,2020-11-02,2020,35.99781,-86.79886,True,0,0,,0,0,0,Property Damage,Front to Rear,Daylight,,Motor Vehicle-In-Transport On Same Roadway
102822021,Crashes_MPO_2020,2020-11-02,2020,35.9345,-86.81425,False,0,0,,0,0,0,Property Damage,Unknown,Daylight,,Parked Motor Vehicle
102822103,Crashes_MPO_2020,2020-11-02,2020,36.04537,-86.71326,False,0,0,,0,0,0,Property Damage Under,Not Collision with Motor Vehicle in Transport,Dark-Lighted,,Utility Pole
102822234,Crashes_MPO_2020,2020-11-02,2020,35.93222,-86.86268,False,0,0,,0,0,0,Property Damage Under,Not Collision with Motor Vehicle in Transport,,,
102822547,Crashes_MPO_2020,2020-11-02,2020,35.9488,-86.68386,False,0,0,,0,0,0,Property Damage,Rear to Side,Daylight,,Motor Vehicle-In-Transport On Same Roadway
102822701,Crashes_MPO_2020,2020-11-02,2020,35.96458,-86.81449,False,0,0,,0,0,0,Property Damage Under,"Sideswipe, Same Direction",Dusk,Clear,Motor Vehicle-In-Transport On Same Roadway
102822447,Crashes_MPO_2020,2020-11-03,2020,36.03352,-86.71298,False,0,0,,0,0,0,Suspected Minor Injury,Angle,Daylight,,Motor Vehicle-In-Transport On Same Roadway
102822698,Crashes_MPO_2020,2020-11-03,2020,35.99187,-86.70128,True,0,0,,0,0,0,Possible Injury,Not Collision with Motor Vehicle in Transport,Dark-Lighted,,Deer
102822796,Crashes_MPO_2020,2020-11-03,2020,36.04538,-86.71801,False,0,0,,0,0,0,Property Damage,"Sideswipe, Same Direction",Dark-Lighted,,Motor Vehicle-In-Transport On Same Roadway
102823444,Crashes_MPO_2020,2020-11-04,2020,35.99526,-86.77884,True,0,0,,0,0,0,Property Damage Under,Not Collision with Motor Vehicle in Transport,,,
102823452,Crashes_MPO_2020,2020-11-04,2020,35.92609,-86.87139,False,0,0,,0,0,0,Property Damage,Angle,Daylight,Clear,Motor Vehicle-In-Transport On Same Roadway
102823475,Crashes_MPO_2020,2020-11-04,2020,35.99511,-86.77453,True,0,0,,0,0,0,Property Damage,Angle,Daylight,,Motor Vehicle-In-Transport On Same Roadway
102823516,Crashes_MPO_2020,2020-11-04,2020,36.04537,-86.71326,False,0,0,,0,0,0,Property Damage,"Sideswipe, Same Direction",Daylight,,Motor Vehicle-In-Transport On Same Roadway
102823532,Crashes_MPO_2020,2020-11-04,2020,35.9584,-86.80226,False,0,0,,0,0,0,Property Damage,Angle,Daylight,Clear,Motor Vehicle-In-Transport On Same Roadway
102823533,Crashes_MPO_2020,2020-11-04,2020,35.94482,-86.82801,False,0,0,,0,0,0,Property Damage,Rear to Rear,Daylight,Clear,Motor Vehicle-In-Transport On Same Roadway
102823577,Crashes_MPO_2020,2020-11-04,2020,35.95989,-86.73889,True,0,0,,0,0,0,Property Damage Under,Not Collision with Motor Vehicle in Transport,,,
102823679,Crashes_MPO_2020,2020-11-04,2020,36.04479,-86.72487,False,0,0,,0,0,0,Possible Injury,Front to Rear,Dark-Lighted,,Motor Vehicle-In-Transport On Same Roadway
102824277,Crashes_MPO_2020,2020-11-04,2020,35.997783,-86.794899,True,0,0,,0,0,0,Property Damage,Front to Rear,Dark-Lighted,,Motor Vehicle-In-Transport On Same Roadway
102823129,Crashes_MPO_2020,2020-11-04,2020,35.99531,-86.7769,True,0,0,,0,0,0,Property Damage,Front to Rear,Daylight,,Motor Vehicle-In-Transport On Same Roadway
102823228,Crashes_MPO_2020,2020-11-04,2020,35.97707,-86.80383,True,0,0,,0,0,0,Property Damage,"Sideswipe, Same Direction",Daylight,,Motor Vehicle-In-Transport On Same Roadway
102823250,Crashes_MPO_2020,2020-11-04,2020,35.94164,-86.85584,False,0,0,,0,0,0,Possible Injury,Front to Rear,Daylight,Clear,Motor Vehicle-In-Transport On Same Roadway
102823255,Crashes_MPO_2020,2020-11-04,2020,35.997783,-86.794899,True,0,0,,0,0,0,Property Damage,Front to Rear,Daylight,,Motor Vehicle-In-Transport On Same Roadway
102823332,Crashes_MPO_2020,2020-11-04,2020,36.04943,-86.72441,False,0,0,,0,0,0,Property Damage,Not Collision with Motor Vehicle in Transport,Daylight,,Mail Box
102823855,Crashes_MPO_2020,2020-11-05,2020,36.0288,-86.8765,False,0,0,,0,0,0,Property Damage,Not Collision with Motor Vehicle in Transport,Daylight,,Other Traffic Barrier
102823892,Crashes_MPO_2020,2020-11-05,2020,36.04646,-86.71339,False,0,0,,0,0,0,Property Damage,Angle,Daylight,,Motor Vehicle-In-Transport On Same Roadway
102824085,Crashes_MPO_2020,2020-11-05,2020,36.01804,-86.78667,True,0,0,,0,0,0,Property Damage,"Sideswipe, Same Direction",Daylight,,Motor Vehicle-In-Transport On Same Roadway
102824150,Crashes_MPO_2020,2020-11-05,2020,36.04693,-86.71345,False,0,0,,0,0,0,Suspected Minor Injury,"Sideswipe, Same Direction",Daylight,,Motor Vehicle-In-Transport On Same Roadway
102824219,Crashes_MPO_2020,2020-11-05,2020,36.03748,-86.78599,False,0,0,,0,0,0,Property Damage,Angle,Daylight,,Motor Vehicle-In-Transport On Same Roadway
102824244,Crashes_MPO_2020,2020-11-05,2020,35.9264,-86.8244,False,0,0,,0,0,0,Property Damage,Front to Rear,Daylight,,Motor Vehicle-In-Transport On Same Roadway
102824301,Crashes_MPO_2020,2020-11-05,2020,35.92255,-86.87205,False,0,0,,0,0,0,Property Damage,"Sideswipe, Same Direction",Daylight,Cloudy,Motor Vehicle-In-Transport On Same Roadway
102824302,Crashes_MPO_2020,2020-11-05,2020,36.04531,-86.68561,False,0,0,,0,0,0,Property Damage,"Sideswipe, Same Direction",Dark-Lighted,Clear,Motor Vehicle-In-Transport On Same Roadway
102824311,Crashes_MPO_2020,2020-11-05,2020,35.966678,-86.809148,True,0,0,,0,0,0,Property Damage,Front to Rear,Daylight,,Motor Vehicle-In-Transport On Same Roadway
102824379,Crashes_MPO_2020,2020-11-05,2020,36.04059,-86.77107,False,0,0,,0,0,0,Property Damage,Front to Rear,Daylight,,Motor Vehicle-In-Transport On Same Roadway