record_no,source_layer,collision_ts,crash_year,latitude,longitude,in_city,fatalities,non_motorists,truck_involved,serious_injuries,pedestrian,bicycle,crash_type,manner_of_collision,lighting,weather,first_harmful_event
102824424,Crashes_MPO_2020,2020-11-05,2020,36.04551,-86.71175,False,0,0,,0,0,0,Possible Injury,Angle,Dark-Lighted,,Motor Vehicle-In-Transport On Same Roadway
102824647,Crashes_MPO_2020,2020-11-05,2020,35.96676,-86.81167,True,0,0,,0,0,0,Property Damage,Front to Rear,Daylight,,Motor Vehicle-In-Transport On Same Roadway
102824901,Crashes_MPO_2020,2020-11-06,2020,36.04806,-86.71358,False,0,0,,0,0,0,Property Damage,Angle,Daylight,,Motor Vehicle-In-Transport On Same Roadway
102824967,Crashes_MPO_2020,2020-11-06,2020,35.96705,-86.81355,True,0,0,,0,0,0,Property Damage,"Sideswipe, Same Direction",Daylight,,Motor Vehicle-In-Transport On Same Roadway
102824968,Crashes_MPO_2020,2020-11-06,2020,35.93446,-86.81991,False,0,0,,0,0,0,Property Damage Under,Front to Rear,Daylight,Clear,Motor Vehicle-In-Transport On Same Roadway
102824998,Crashes_MPO_2020,2020-11-06,2020,35.92393,-86.86983,False,0,0,,0,0,0,Property Damage Under,Other,Daylight,Clear,Motor Vehicle-In-Transport On Same Roadway
102825101,Crashes_MPO_2020,2020-11-06,2020,35.94505,-86.82802,False,0,0,,0,0,0,Property Damage,"Sideswipe, Same Direction",Daylight,Clear,Motor Vehicle-In-Transport On Same Roadway
102825285,Crashes_MPO_2020,2020-11-06,2020,35.98038,-86.82252,True,0,0,,0,0,0,Property Damage,Not Collision with Motor Vehicle in Transport,Dark-Not Lighted,,Deer
102825355,Crashes_MPO_2020,2020-11-06,2020,36.03468,-86.78795,True,0,0,,0,0,0,Property Damage,Angle,Daylight,,Motor Vehicle-In-Transport On Same Roadway
102831313,Crashes_MPO_2020,2020-11-06,2020,36.04141,-86.86785,True,0,0,,0,0,0,Suspected Minor Injury,"Sideswipe, Opposite Direction",Dark-Not Lighted,,Motor Vehicle-In-Transport On Same Roadway
102825686,Crashes_MPO_2020,2020-11-07,2020,36.04245,-86.71294,False,0,0,,0,0,0,Property Damage,Angle,Dark-Lighted,,Motor Vehicle-In-Transport On Same Roadway
102825743,Crashes_MPO_2020,2020-11-07,2020,36.04537,-86.71326,False,0,0,,0,0,0,Suspected Minor Injury,Angle,Dark-Lighted,,Motor Vehicle-In-Transport On Same Roadway
102826029,Crashes_MPO_2020,2020-11-07,2020,35.92335,-86.87121,False,0,0,,0,0,0,Property Damage,Not Collision with Motor Vehicle in Transport,Daylight,Clear,Building
102826116,Crashes_MPO_2020,2020-11-07,2020,36.03336,-86.78872,True,0,0,,0,0,0,Property Damage,Front to Rear,Daylight,,Motor Vehicle-In-Transport On Same Roadway
102826142,Crashes_MPO_2020,2020-11-07,2020,35.99683,-86.68983,False,0,0,,0,0,0,Property Damage Under,Not Collision with Motor Vehicle in Transport,,,
102826308,Crashes_MPO_2020,2020-11-07,2020,35.94175,-86.82119,False,0,0,,0,0,0,Property Damage,Front to Rear,Dusk,,Motor Vehicle-In-Transport On Same Roadway
102826552,Crashes_MPO_2020,2020-11-07,2020,35.95905,-86.68894,False,0,0,,0,0,0,Property Damage,"Sideswipe, Opposite Direction",Daylight,,Motor Vehicle-In-Transport On Same Roadway
102826554,Crashes_MPO_2020,2020-11-07,2020,36.03564,-86.78741,True,0,0,,0,0,0,Property Damage Under,Not Collision with Motor Vehicle in Transport,,,
102827727,Crashes_MPO_2020,2020-11-07,2020,36.04551,-86.71179,False,0,0,,0,0,0,Property Damage,"Sideswipe, Same Direction",Daylight,,Motor Vehicle-In-Transport On Same Roadway
102839573,Crashes_MPO_2020,2020-11-07,2020,35.92957,-86.84187,False,0,0,,0,0,0,Property Damage,Angle,Dark-Lighted,Clear,Motor Vehicle-In-Transport On Same Roadway
102826403,Crashes_MPO_2020,2020-11-08,2020,36.01478,-86.69413,False,0,0,,0,0,0,Property Damage,"Sideswipe, Same Direction",Dark-Lighted,,Parked Motor Vehicle
102826535,Crashes_MPO_2020,2020-11-08,2020,36.03761,-86.78512,False,0,0,,0,0,0,Suspected Minor Injury,Angle,Daylight,,Motor Vehicle-In-Transport On Same Roadway
102826580,Crashes_MPO_2020,2020-11-08,2020,36.04652,-86.67792,False,0,0,,0,0,0,Property Damage,"Sideswipe, Same Direction",Daylight,,Motor Vehicle-In-Transport On Same Roadway
102826732,Crashes_MPO_2020,2020-11-08,2020,35.93454,-86.83554,False,0,0,,0,0,0,Property Damage,Angle,Daylight,,Motor Vehicle-In-Transport On Same Roadway
102826798,Crashes_MPO_2020,2020-11-08,2020,35.9469,-86.8143,False,0,0,,0,0,0,Property Damage,"Sideswipe, Same Direction",Daylight,,Motor Vehicle-In-Transport On Different Roadway
102827068,Crashes_MPO_2020,2020-11-08,2020,36.04851,-86.701,False,0,0,,0,0,0,Property Damage,Rear to Side,Unknown,Clear,Motor Vehicle-In-Transport On Same Roadway
102827240,Crashes_MPO_2020,2020-11-09,2020,36.05049,-86.87668,False,0,0,,0,0,0,Property Damage,Angle,Daylight,,Motor Vehicle-In-Transport On Same Roadway
102827263,Crashes_MPO_2020,2020-11-09,2020,35.93191,-86.794,False,0,0,,0,0,0,Property Damage,Angle,Dawn,Clear,Motor Vehicle-In-Transport On Same Roadway
102827663,Crashes_MPO_2020,2020-11-09,2020,35.92673,-86.87005,False,0,0,,0,0,0,Possible Injury,Angle,Daylight,Clear,Motor Vehicle-In-Transport On Same Roadway
102827682,Crashes_MPO_2020,2020-11-09,2020,35.96672,-86.80994,True,0,0,,0,0,0,Property Damage,Angle,Daylight,,Motor Vehicle-In-Transport On Same Roadway
102827705,Crashes_MPO_2020,2020-11-09,2020,35.95051,-86.76622,True,0,0,,0,0,0,Property Damage,Angle,Daylight,,Motor Vehicle-In-Transport On Same Roadway
102827728,Crashes_MPO_2020,2020-11-09,2020,36.0282,-86.7835,True,0,0,,0,0,0,Property Damage,Front to Rear,Dusk,,Motor Vehicle-In-Transport On Same Roadway
102827739,Crashes_MPO_2020,2020-11-09,2020,35.94613,-86.8195,False,0,0,,0,0,0,Property Damage,Angle,Dark-Lighted,Clear,Motor Vehicle-In-Transport On Same Roadway
102827757,Crashes_MPO_2020,2020-11-09,2020,35.99608,-86.79725,True,0,0,,0,0,0,Property Damage,"Sideswipe, Same Direction",Daylight,,Motor Vehicle-In-Transport On Same Roadway
102827942,Crashes_MPO_2020,2020-11-09,2020,35.95008,-86.81892,False,0,0,,0,0,0,Property Damage,Angle,Daylight,Clear,Motor Vehicle-In-Transport On Same Roadway
102831889,Crashes_MPO_2020,2020-11-10,2020,35.998091,-86.79876,True,0,0,,0,0,0,Property Damage,Angle,Dark-Lighted,,Motor Vehicle-In-Transport On Same Roadway
102828062,Crashes_MPO_2020,2020-11-10,2020,36.05453,-86.74275,False,0,0,,0,0,0,Suspected Minor Injury,"Sideswipe, Same Direction",Daylight,,Motor Vehicle-In-Transport On Same Roadway
102832671,Crashes_MPO_2020,2020-11-10,2020,36.04858,-86.74361,False,0,0,,0,0,0,Property Damage,Front to Rear,Dark-Lighted,,Motor Vehicle-In-Transport On Same Roadway
102832696,Crashes_MPO_2020,2020-11-10,2020,36.04858,-86.74361,False,0,0,,0,0,0,Property Damage,Front to Rear,Dusk,,Motor Vehicle-In-Transport On Same Roadway
102828119,Crashes_MPO_2020,2020-11-10,2020,35.94687,-86.85168,False,0,0,,0,0,0,Property Damage Under,Front to Rear,Daylight,,Motor Vehicle-In-Transport On Same Roadway
102828199,Crashes_MPO_2020,2020-11-10,2020,35.95507,-86.84511,False,0,0,,0,0,0,Property Damage,Front to Rear,Daylight,Clear,Motor Vehicle-In-Transport On Same Roadway
102828209,Crashes_MPO_2020,2020-11-10,2020,36.04554,-86.70538,False,0,0,,0,0,0,Property Damage,"Sideswipe, Same Direction",Daylight,,Motor Vehicle-In-Transport On Same Roadway
102828339,Crashes_MPO_2020,2020-11-10,2020,35.9583,-86.8023,False,0,0,,0,0,0,Property Damage Under,Front to Rear,Daylight,Rain,Motor Vehicle-In-Transport On Same Roadway
102828393,Crashes_MPO_2020,2020-11-10,2020,36.030235,-86.790684,True,0,0,,0,0,0,Property Damage Under,Not Collision with Motor Vehicle in Transport,,,
102828465,Crashes_MPO_2020,2020-11-10,2020,35.94209,-86.81596,False,0,0,,0,0,0,Property Damage Under,Front to Rear,Daylight,Cloudy,Motor Vehicle-In-Transport On Same Roadway
102828478,Crashes_MPO_2020,2020-11-10,2020,35.94024,-86.83152,False,0,0,,0,0,0,Possible Injury,Not Collision with Motor Vehicle in Transport,Daylight,Clear,Fell/Jumped From Vehicle
102828623,Crashes_MPO_2020,2020-11-10,2020,36.0516,-86.71438,False,0,0,,0,0,0,Property Damage,"Sideswipe, Same Direction",Daylight,,Motor Vehicle-In-Transport On Same Roadway
102828692,Crashes_MPO_2020,2020-11-10,2020,35.95454,-86.71368,False,0,0,,0,0,0,Suspected Minor Injury,Angle,Dark-Not Lighted,,Motor Vehicle-In-Transport On Same Roadway
102828949,Crashes_MPO_2020,2020-11-11,2020,36.04815,-86.77627,False,0,0,,0,0,0,Suspected Minor Injury,Not Collision with Motor Vehicle in Transport,Daylight,,"Over Turn, Roll Over"
102829035,Crashes_MPO_2020,2020-11-11,2020,36.02022,-86.84762,True,0,0,,0,0,0,Property Damage,Not Collision with Motor Vehicle in Transport,Daylight,,Deer
102829061,Crashes_MPO_2020,2020-11-11,2020,35.97039,-86.77379,True,0,0,,0,0,0,Property Damage,"Sideswipe, Same Direction",Daylight,,Motor Vehicle-In-Transport On Same Roadway
102829074,Crashes_MPO_2020,2020-11-11,2020,35.9406,-86.82138,False,0,0,,0,0,0,Property Damage,Angle,Daylight,Cloudy,Motor Vehicle-In-Transport On Same Roadway
102829121,Crashes_MPO_2020,2020-11-11,2020,36.02316,-86.78653,True,0,0,,0,0,0,Property Damage,Front to Rear,Daylight,,Motor Vehicle-In-Transport On Same Roadway
102829197,Crashes_MPO_2020,2020-11-11,2020,35.92791,-86.86557,False,0,0,,0,0,0,Property Damage Under,Not Collision with Motor Vehicle in Transport,Daylight,Cloudy,Ditch
102829203,Crashes_MPO_2020,2020-11-11,2020,35.92254,-86.87194,False,0,0,,0,0,0,Property Damage,Front to Rear,Daylight,Rain,Motor Vehicle-In-Transport On Same Roadway
102829208,Crashes_MPO_2020,2020-11-11,2020,35.94582,-86.82326,False,0,0,,0,0,0,Property Damage Under,Not Collision with Motor Vehicle in Transport,,,
102829296,Crashes_MPO_2020,2020-11-11,2020,35.99922,-86.80923,True,0,0,,0,0,0,Property Damage,Front to Rear,Daylight,,Motor Vehicle-In-Transport On Same Roadway
102829412,Crashes_MPO_2020,2020-11-11,2020,36.03971,-86.78536,False,0,0,,0,0,0,Suspected Minor Injury,Front to Rear,Dark-Lighted,,Motor Vehicle-In-Transport On Same Roadway
102829482,Crashes_MPO_2020,2020-11-11,2020,36.03761,-86.7929,False,0,0,,0,0,0,Property Damage Under,Not Collision with Motor Vehicle in Transport,,,
102829940,Crashes_MPO_2020,2020-11-11,2020,35.96705,-86.81355,True,0,0,,0,0,0,Property Damage,Angle,Daylight,,Motor Vehicle-In-Transport On Same Roadway
102830082,Crashes_MPO_2020,2020-11-12,2020,36.05072,-86.87888,False,0,0,,0,0,0,Suspected Minor Injury,Front to Rear,Daylight,,Motor Vehicle-In-Transport On Same Roadway
102830113,Crashes_MPO_2020,2020-11-12,2020,35.92301,-86.86916,False,0,0,,0,0,0,Property Damage,Angle,Daylight,,Parked Motor Vehicle
102830124,Crashes_MPO_2020,2020-11-12,2020,35.98502,-86.70487,True,0,0,,0,0,0,Property Damage,Front to Rear,Dusk,,Parked Motor Vehicle
102830253,Crashes_MPO_2020,2020-11-12,2020,36.04114,-86.77621,False,0,0,,0,0,0,Suspected Minor Injury,Angle,Dark-Lighted,,Motor Vehicle-In-Transport On Same Roadway
102830273,Crashes_MPO_2020,2020-11-12,2020,36.04276,-86.84027,False,0,0,,0,0,0,Property Damage,Not Collision with Motor Vehicle in Transport,Dark-Not Lighted,,Ditch
102830287,Crashes_MPO_2020,2020-11-12,2020,36.03754,-86.78549,False,0,0,,0,0,0,Property Damage,Front to Rear,Dusk,,Motor Vehicle-In-Transport On Same Roadway
102829694,Crashes_MPO_2020,2020-11-12,2020,36.04697,-86.68007,False,0,0,,0,0,0,Property Damage,Not Collision with Motor Vehicle in Transport,Daylight,,Deer
102829714,Crashes_MPO_2020,2020-11-12,2020,35.92606,-86.87318,False,0,0,,0,0,0,Property Damage,Angle,Daylight,Clear,Motor Vehicle-In-Transport On Same Roadway
102829744,Crashes_MPO_2020,2020-11-12,2020,36.04657,-86.68338,False,0,0,,0,0,0,Possible Injury,Angle,Daylight,,Motor Vehicle-In-Transport On Same Roadway
102829823,Crashes_MPO_2020,2020-11-12,2020,36.0454,-86.7129,False,0,0,,0,0,0,Property Damage,Front to Rear,Daylight,,Motor Vehicle-In-Transport On Same Roadway
102829970,Crashes_MPO_2020,2020-11-12,2020,36.04804,-86.86542,False,0,0,,0,0,0,Possible Injury,Front to Rear,Daylight,,Motor Vehicle-In-Transport On Same Roadway
102830781,Crashes_MPO_2020,2020-11-13,2020,36.04403,-86.78183,False,0,0,,0,0,0,Property Damage,Front to Rear,Daylight,,Motor Vehicle-In-Transport On Same Roadway
102830815,Crashes_MPO_2020,2020-11-13,2020,36.05321,-86.7247,False,0,0,,0,0,0,Property Damage Under,Not Collision with Motor Vehicle in Transport,,,
102830823,Crashes_MPO_2020,2020-11-13,2020,36.03306,-86.7129,False,0,0,,0,0,0,Suspected Minor Injury,Front to Rear,Daylight,,Motor Vehicle-In-Transport On Same Roadway
102830892,Crashes_MPO_2020,2020-11-13,2020,36.01921,-86.787,True,0,0,,0,0,0,Suspected Minor Injury,Not Collision with Motor Vehicle in Transport,Daylight,,"Over Turn, Roll Over"
102831091,Crashes_MPO_2020,2020-11-13,2020,35.9253,-86.87308,False,0,0,,0,0,0,Property Damage Under,"Sideswipe, Same Direction",Daylight,Clear,Motor Vehicle-In-Transport On Same Roadway
102831232,Crashes_MPO_2020,2020-11-13,2020,36.04078,-86.77346,False,0,0,,0,0,0,Property Damage,Front to Rear,Daylight,Clear,Motor Vehicle-In-Transport On Same Roadway
102831410,Crashes_MPO_2020,2020-11-13,2020,36.0348,-86.78308,True,0,0,,0,0,0,Property Damage,Front to Rear,Daylight,,Motor Vehicle-In-Transport On Same Roadway
102834150,Crashes_MPO_2020,2020-11-13,2020,35.94688,-86.824,False,0,0,,0,0,0,Property Damage,"Sideswipe, Same Direction",Dark-Lighted,Clear,Motor Vehicle-In-Transport On Same Roadway
102831938,Crashes_MPO_2020,2020-11-14,2020,36.03093,-86.78699,True,0,0,,0,0,0,Property Damage Under,Not Collision with Motor Vehicle in Transport,,,
102832152,Crashes_MPO_2020,2020-11-14,2020,35.99841,-86.80403,True,0,0,,0,0,0,Property Damage,Not Collision with Motor Vehicle in Transport,Dark-Lighted,,Other Animal
102832168,Crashes_MPO_2020,2020-11-14,2020,35.99824,-86.80256,True,0,0,,0,0,0,Property Damage,Not Collision with Motor Vehicle in Transport,Dark-Lighted,,Other Animal
102832587,Crashes_MPO_2020,2020-11-15,2020,36.04002,-86.74348,False,0,0,,0,0,0,Property Damage,Angle,Daylight,,Motor Vehicle-In-Transport On Same Roadway
102832588,Crashes_MPO_2020,2020-11-15,2020,36.0409,-86.77938,False,0,0,,0,0,0,Property Damage,HeadOn,Daylight,,Motor Vehicle-In-Transport On Same Roadway
102837945,Crashes_MPO_2020,2020-11-15,2020,35.93272,-86.84115,False,0,0,,0,0,0,Property Damage,Not Collision with Motor Vehicle in Transport,Daylight,,Other Object
102832610,Crashes_MPO_2020,2020-11-15,2020,35.98058,-86.67834,False,0,0,,0,0,0,Property Damage,Not Collision with Motor Vehicle in Transport,Daylight,,Deer
102832730,Crashes_MPO_2020,2020-11-15,2020,36.0372,-86.7889,False,0,0,,0,0,0,Property Damage,"Sideswipe, Same Direction",Daylight,Clear,Motor Vehicle-In-Transport On Different Roadway
102832766,Crashes_MPO_2020,2020-11-15,2020,36.03935,-86.78565,False,0,0,,0,0,0,Property Damage,Front to Rear,Daylight,Clear,Motor Vehicle-In-Transport On Same Roadway
102833081,Crashes_MPO_2020,2020-11-16,2020,36.04564,-86.72009,False,0,0,,0,0,0,Property Damage Under,Front to Rear,Daylight,,Motor Vehicle-In-Transport On Same Roadway
102833233,Crashes_MPO_2020,2020-11-16,2020,36.03821,-86.72049,False,0,0,,0,0,0,Property Damage,"Sideswipe, Same Direction",Daylight,,Motor Vehicle-In-Transport On Same Roadway
102833274,Crashes_MPO_2020,2020-11-16,2020,36.04087,-86.77371,False,0,0,,0,0,0,Suspected Minor Injury,Front to Rear,Daylight,,Motor Vehicle-In-Transport On Same Roadway
102833346,Crashes_MPO_2020,2020-11-16,2020,35.99687,-86.68989,False,0,0,,0,0,0,Property Damage Under,Not Collision with Motor Vehicle in Transport,,,
102833452,Crashes_MPO_2020,2020-11-16,2020,35.93446,-86.81991,False,0,0,,0,0,0,Property Damage Under,Front to Rear,Dusk,Clear,Motor Vehicle-In-Transport On Same Roadway
102833479,Crashes_MPO_2020,2020-11-16,2020,35.97548,-86.83062,True,0,0,,0,0,0,Property Damage,Angle,Dark-Lighted,,Motor Vehicle-In-Transport On Same Roadway
102833510,Crashes_MPO_2020,2020-11-16,2020,36.04084,-86.77347,False,0,0,,0,0,0,Suspected Minor Injury,Front to Rear,Dark-Lighted,,Motor Vehicle-In-Transport On Same Roadway
102833543,Crashes_MPO_2020,2020-11-16,2020,36.04016,-86.74468,False,0,0,,0,0,0,Property Damage,"Sideswipe, Same Direction",Dark-Lighted,,Motor Vehicle-In-Transport On Same Roadway
102834526,Crashes_MPO_2020,2020-11-16,2020,35.93184,-86.79385,False,0,0,,0,0,0,Property Damage,Not Collision with Motor Vehicle in Transport,Dark-Lighted,Clear,Utility Pole
102833841,Crashes_MPO_2020,2020-11-17,2020,36.01286,-86.80081,True,0,0,,0,0,0,Property Damage,Front to Rear,Daylight,,Motor Vehicle-In-Transport On Same Roadway
102834172,Crashes_MPO_2020,2020-11-17,2020,35.93258,-86.81896,False,0,0,,0,0,0,Property Damage Under,"Sideswipe, Same Direction",Daylight,Clear,Motor Vehicle-In-Transport On Same Roadway
102834179,Crashes_MPO_2020,2020-11-17,2020,36.03689,-86.81684,True,0,0,,0,0,0,Property Damage,Front to Rear,Daylight,,Motor Vehicle-In-Transport On Same Roadway
102834348,Crashes_MPO_2020,2020-11-17,2020,35.96916,-86.77339,True,0,0,,0,0,0,Property Damage,Not Collision with Motor Vehicle in Transport,Dark-Lighted,,Deer
102834372,Crashes_MPO_2020,2020-11-17,2020,35.966651,-86.809184,True,0,0,,0,0,0,Property Damage,Front to Rear,Dark-Not Lighted,,Motor Vehicle-In-Transport On Same Roadway
102834527,Crashes_MPO_2020,2020-11-17,2020,35.96198,-86.81518,False,0,0,,0,0,0,Property Damage,Angle,Dusk,Clear,Motor Vehicle-In-Transport On Same Roadway
102834528,Crashes_MPO_2020,2020-11-17,2020,35.96083,-86.80945,False,0,0,,0,0,0,Property Damage,Front to Rear,Dusk,Clear,Motor Vehicle-In-Transport On Same Roadway
102834962,Crashes_MPO_2020,2020-11-18,2020,36.03318,-86.78282,True,0,0,,0,0,0,Property Damage,Angle,Daylight,,Motor Vehicle-In-Transport On Same Roadway
102835141,Crashes_MPO_2020,2020-11-18,2020,36.04482,-86.71319,False,0,0,,0,0,0,Property Damage,Angle,Daylight,,Motor Vehicle-In-Transport On Same Roadway
102835146,Crashes_MPO_2020,2020-11-18,2020,35.93446,-86.81991,False,0,0,,0,0,0,Property Damage Under,Front to Rear,Dusk,Clear,Motor Vehicle-In-Transport On Same Roadway
102835154,Crashes_MPO_2020,2020-11-18,2020,36.03731,-86.78746,False,0,0,,0,0,0,Property Damage Under,Not Collision with Motor Vehicle in Transport,,,
102835272,Crashes_MPO_2020,2020-11-18,2020,36.04414,-86.71427,False,0,0,,0,0,0,Property Damage,"Sideswipe, Same Direction",Daylight,,Motor Vehicle-In-Transport On Same Roadway
102835468,Crashes_MPO_2020,2020-11-18,2020,35.97108,-86.67836,False,0,0,,0,0,0,Property Damage,Not Collision with Motor Vehicle in Transport,Dark-Not Lighted,,Deer
102835749,Crashes_MPO_2020,2020-11-18,2020,36.02095,-86.78735,True,0,0,,1,0,0,Suspected Serious Injury,Front to Rear,Daylight,,Motor Vehicle-In-Transport On Same Roadway
102836026,Crashes_MPO_2020,2020-11-18,2020,35.9757,-86.67822,False,0,0,,0,0,0,Suspected Minor Injury,Front to Rear,Dark-Lighted,,Motor Vehicle-In-Transport On Same Roadway
102834713,Crashes_MPO_2020,2020-11-18,2020,36.0374,-86.78657,False,0,0,,0,0,0,Property Damage,Front to Rear,Daylight,,Motor Vehicle-In-Transport On Same Roadway
102834727,Crashes_MPO_2020,2020-11-18,2020,36.04982,-86.77567,False,0,0,,0,0,0,Property Damage,Front to Rear,Daylight,,Motor Vehicle-In-Transport On Same Roadway
102834730,Crashes_MPO_2020,2020-11-18,2020,36.03502,-86.78328,True,0,0,,0,0,0,Property Damage,Front to Rear,Daylight,,Motor Vehicle-In-Transport On Same Roadway
102834783,Crashes_MPO_2020,2020-11-18,2020,36.0381,-86.8423,True,0,0,,0,0,0,Property Damage Under,Not Collision with Motor Vehicle in Transport,Daylight,,Ditch
102835416,Crashes_MPO_2020,2020-11-19,2020,36.04161,-86.74925,False,0,0,,0,0,0,Property Damage,Not Collision with Motor Vehicle in Transport,Dark-Lighted,,"Over Turn, Roll Over"
102835459,Crashes_MPO_2020,2020-11-19,2020,35.95148,-86.80667,False,0,0,,0,0,0,Property Damage,Rear to Side,Dark-Lighted,,Parked Motor Vehicle
102835633,Crashes_MPO_2020,2020-11-19,2020,36.03934,-86.78566,False,0,0,,0,0,0,Suspected Minor Injury,Front to Rear,Daylight,,Motor Vehicle-In-Transport On Same Roadway
102835657,Crashes_MPO_2020,2020-11-19,2020,35.92999,-86.86435,False,0,0,,0,0,0,Possible Injury,Front to Rear,Daylight,,Motor Vehicle-In-Transport On Same Roadway
102835745,Crashes_MPO_2020,2020-11-19,2020,36.03664,-86.78684,False,0,0,,0,0,0,Property Damage,Angle,Daylight,,Motor Vehicle-In-Transport On Same Roadway
102835746,Crashes_MPO_2020,2020-11-19,2020,35.92922,-86.8754,False,0,0,,0,0,0,Property Damage,"Sideswipe, Same Direction",Daylight,Clear,Motor Vehicle-In-Transport On Same Roadway
102835821,Crashes_MPO_2020,2020-11-19,2020,36.0379,-86.78645,False,0,0,,0,0,0,Property Damage,Angle,Daylight,,Motor Vehicle-In-Transport On Same Roadway
102835878,Crashes_MPO_2020,2020-11-19,2020,36.04663,-86.71341,False,0,0,,0,0,0,Suspected Minor Injury,Angle,Daylight,,Motor Vehicle-In-Transport On Same Roadway
102836039,Crashes_MPO_2020,2020-11-19,2020,36.01853,-86.81993,True,0,0,,0,0,0,Property Damage,Front to Rear,Daylight,,Motor Vehicle-In-Transport On Same Roadway
102836211,Crashes_MPO_2020,2020-11-19,2020,36.01689,-86.78609,True,0,0,,0,0,0,Property Damage Under,Not Collision with Motor Vehicle in Transport,,,
102836327,Crashes_MPO_2020,2020-11-19,2020,36.03528,-86.78326,False,0,0,,0,0,0,Property Damage,"Sideswipe, Same Direction",Dark-Not Lighted,,Motor Vehicle-In-Transport On Same Roadway
102837139,Crashes_MPO_2020,2020-11-19,2020,36.04414,-86.71422,False,0,0,,0,0,0,Property Damage,Other,Dark-Lighted,,Parked Motor Vehicle
102837391,Crashes_MPO_2020,2020-11-20,2020,35.99781,-86.79886,True,0,0,,0,0,0,Property Damage,Angle,Dark-Lighted,,Motor Vehicle-In-Transport On Same Roadway
102837427,Crashes_MPO_2020,2020-11-20,2020,36.04114,-86.77621,False,0,0,,0,0,0,Suspected Minor Injury,Other,Daylight,,Motor Vehicle-In-Transport On Same Roadway
102837649,Crashes_MPO_2020,2020-11-20,2020,36.03322,-86.78531,True,0,0,,0,0,0,Property Damage Under,Not Collision with Motor Vehicle in Transport,,,
102838383,Crashes_MPO_2020,2020-11-20,2020,35.99161,-86.79904,True,0,0,,0,0,0,Property Damage Under,Not Collision with Motor Vehicle in Transport,,,
102838458,Crashes_MPO_2020,2020-11-20,2020,36.02586,-86.78498,True,0,0,,0,0,0,Property Damage,Front to Rear,Daylight,,Motor Vehicle-In-Transport On Same Roadway
102839366,Crashes_MPO_2020,2020-11-20,2020,35.92546,-86.87275,False,0,0,,0,0,0,Property Damage,Angle,Daylight,Clear,Motor Vehicle-In-Transport On Same Roadway