record_no,source_layer,collision_ts,crash_year,latitude,longitude,in_city,fatalities,non_motorists,truck_involved,serious_injuries,pedestrian,bicycle,crash_type,manner_of_collision,lighting,weather,first_harmful_event
102839367,Crashes_MPO_2020,2020-11-20,2020,35.94701,-86.82139,False,0,0,,0,0,0,Possible Injury,Angle,Daylight,Clear,Motor Vehicle-In-Transport On Same Roadway
102836565,Crashes_MPO_2020,2020-11-20,2020,36.04043,-86.78289,False,0,0,,0,0,0,Property Damage,Front to Rear,Daylight,,Motor Vehicle-In-Transport On Same Roadway
102836658,Crashes_MPO_2020,2020-11-20,2020,35.97167,-86.82548,True,0,0,,0,0,0,Property Damage Under,Not Collision with Motor Vehicle in Transport,,,
102836661,Crashes_MPO_2020,2020-11-20,2020,36.04502,-86.69744,False,0,0,,0,0,0,Property Damage,Not Collision with Motor Vehicle in Transport,Daylight,,Deer
102837047,Crashes_MPO_2020,2020-11-20,2020,35.92584,-86.86759,False,0,0,,0,0,0,Property Damage Under,Front to Rear,Daylight,Clear,Motor Vehicle-In-Transport On Same Roadway
102837080,Crashes_MPO_2020,2020-11-20,2020,35.9427,-86.82102,False,0,0,,0,0,0,Property Damage,Angle,Daylight,,Motor Vehicle-In-Transport On Same Roadway
102837196,Crashes_MPO_2020,2020-11-20,2020,35.99685,-86.79168,True,0,0,,0,0,0,Property Damage Under,Not Collision with Motor Vehicle in Transport,,,
102837310,Crashes_MPO_2020,2020-11-20,2020,35.9407,-86.83934,False,0,0,,0,0,0,Property Damage,Front to Rear,Daylight,,Motor Vehicle-In-Transport On Same Roadway
102837357,Crashes_MPO_2020,2020-11-20,2020,35.98514,-86.7008,True,0,1,,0,0,0,Possible Injury,Front to Rear,Daylight,,Parked Motor Vehicle
102844970,Crashes_MPO_2020,2020-11-20,2020,35.99156,-86.79881,True,0,0,,0,0,0,Possible Injury,Front to Rear,Dark-Lighted,,Motor Vehicle-In-Transport On Same Roadway
102838250,Crashes_MPO_2020,2020-11-21,2020,35.99548,-86.68787,False,0,0,,0,0,0,Property Damage,HeadOn,Daylight,,Motor Vehicle-In-Transport On Same Roadway
102838281,Crashes_MPO_2020,2020-11-21,2020,36.05151,-86.71436,False,0,0,,0,0,0,Suspected Minor Injury,Angle,Daylight,,Motor Vehicle-In-Transport On Same Roadway
102838285,Crashes_MPO_2020,2020-11-21,2020,36.04543,-86.70365,False,0,0,,0,0,0,Property Damage,Front to Rear,Dark-Lighted,,Motor Vehicle-In-Transport On Same Roadway
102838631,Crashes_MPO_2020,2020-11-21,2020,36.03751,-86.78652,False,0,0,,0,0,0,Possible Injury,"Sideswipe, Same Direction",Daylight,,Motor Vehicle-In-Transport On Same Roadway
102838968,Crashes_MPO_2020,2020-11-22,2020,36.04553,-86.71978,False,0,0,,0,0,0,Property Damage,Front to Rear,Daylight,,Motor Vehicle-In-Transport On Same Roadway
102839009,Crashes_MPO_2020,2020-11-22,2020,36.03682,-86.78328,False,0,0,,0,0,0,Property Damage Under,Front to Rear,Daylight,Rain,Parked Motor Vehicle
102839086,Crashes_MPO_2020,2020-11-22,2020,36.03702,-86.78316,False,0,0,,0,0,0,Property Damage,Not Collision with Motor Vehicle in Transport,Daylight,Rain,Highway Traffic Sign Post
102839220,Crashes_MPO_2020,2020-11-22,2020,35.96429,-86.81284,False,0,0,,0,0,0,Possible Injury,Angle,Daylight,Clear,Motor Vehicle-In-Transport On Same Roadway
102839310,Crashes_MPO_2020,2020-11-22,2020,36.0,-86.71492,True,0,0,,0,0,0,Possible Injury,Not Collision with Motor Vehicle in Transport,Other,,Highway Traffic Sign Post
102846370,Crashes_MPO_2020,2020-11-22,2020,35.96454,-86.81434,False,0,0,,0,0,0,Property Damage,Front to Rear,Daylight,,Motor Vehicle-In-Transport On Same Roadway
102841334,Crashes_MPO_2020,2020-11-22,2020,36.03528,-86.78326,False,0,0,,0,0,0,Suspected Minor Injury,Not Collision with Motor Vehicle in Transport,Daylight,,Concrete Traffic Barrier
102839444,Crashes_MPO_2020,2020-11-23,2020,35.966686,-86.809163,True,0,0,,0,0,0,Property Damage Under,Not Collision with Motor Vehicle in Transport,,,
102839732,Crashes_MPO_2020,2020-11-23,2020,35.96507,-86.79501,True,0,0,,0,0,0,Property Damage,Front to Rear,Daylight,,Motor Vehicle-In-Transport On Same Roadway
102839837,Crashes_MPO_2020,2020-11-23,2020,35.97607,-86.8292,True,0,0,,0,0,0,Property Damage,Angle,Daylight,,Motor Vehicle-In-Transport On Same Roadway
102839883,Crashes_MPO_2020,2020-11-23,2020,35.94976,-86.75759,True,0,0,,0,0,0,Property Damage,Not Collision with Motor Vehicle in Transport,Dark-Lighted,,Deer
102840571,Crashes_MPO_2020,2020-11-23,2020,35.96168,-86.81526,False,0,0,,0,0,0,Property Damage,Front to Rear,Dark-Lighted,Clear,Motor Vehicle-In-Transport On Same Roadway
102840896,Crashes_MPO_2020,2020-11-23,2020,36.0057,-86.78925,True,0,0,,0,0,0,Property Damage,Not Collision with Motor Vehicle in Transport,Daylight,,Thrown Or Falling Object
102840169,Crashes_MPO_2020,2020-11-24,2020,36.03771,-86.78482,False,0,0,,0,0,0,Property Damage,Front to Rear,Daylight,,Motor Vehicle-In-Transport On Same Roadway
102840236,Crashes_MPO_2020,2020-11-24,2020,35.92447,-86.79439,False,0,0,,0,0,0,Property Damage,Angle,Daylight,Clear,Motor Vehicle-In-Transport On Same Roadway
102840296,Crashes_MPO_2020,2020-11-24,2020,36.00657,-86.80536,True,0,0,,0,0,0,Suspected Minor Injury,Angle,Daylight,,Motor Vehicle-In-Transport On Same Roadway
102840333,Crashes_MPO_2020,2020-11-24,2020,35.99781,-86.79886,True,0,0,,0,0,0,Suspected Minor Injury,Angle,Daylight,,Motor Vehicle-In-Transport On Same Roadway
102840514,Crashes_MPO_2020,2020-11-24,2020,35.94798,-86.81714,False,0,0,,0,0,0,Property Damage,"Sideswipe, Same Direction",Daylight,Clear,Motor Vehicle-In-Transport On Same Roadway
102840735,Crashes_MPO_2020,2020-11-24,2020,36.0446,-86.72508,False,0,0,,0,0,0,Property Damage,"Sideswipe, Same Direction",Dark-Lighted,,Motor Vehicle-In-Transport On Same Roadway
102840737,Crashes_MPO_2020,2020-11-24,2020,35.99584,-86.69094,False,0,0,,0,0,0,Property Damage,Angle,Dusk,,Motor Vehicle-In-Transport On Same Roadway
102840752,Crashes_MPO_2020,2020-11-24,2020,35.93609,-86.81805,False,0,0,,0,0,0,Property Damage,Front to Rear,Dusk,Clear,Motor Vehicle-In-Transport On Same Roadway
102840758,Crashes_MPO_2020,2020-11-24,2020,36.04245,-86.71294,False,0,0,,0,0,0,Property Damage,Front to Rear,Dark-Lighted,,Motor Vehicle-In-Transport On Same Roadway
102840897,Crashes_MPO_2020,2020-11-24,2020,35.93674,-86.69411,False,0,0,,0,0,0,Suspected Minor Injury,Not Collision with Motor Vehicle in Transport,Daylight,,Ditch
102841164,Crashes_MPO_2020,2020-11-24,2020,35.95209,-86.81805,False,0,0,,0,0,0,Property Damage,Front to Rear,Dark-Lighted,,Motor Vehicle-In-Transport On Same Roadway
102841427,Crashes_MPO_2020,2020-11-24,2020,35.94217,-86.81618,False,0,0,,0,0,0,Property Damage,Front to Rear,Dark-Lighted,Clear,Motor Vehicle-In-Transport On Same Roadway
102841428,Crashes_MPO_2020,2020-11-24,2020,35.94329,-86.81579,False,0,0,,0,0,0,Suspected Minor Injury,Front to Rear,Dark-Lighted,Clear,Motor Vehicle-In-Transport On Same Roadway
102847249,Crashes_MPO_2020,2020-11-25,2020,35.9668,-86.81193,True,0,0,,0,0,0,Property Damage,Front to Rear,Daylight,,Motor Vehicle-In-Transport On Same Roadway
102850544,Crashes_MPO_2020,2020-11-25,2020,36.03208,-86.78365,True,0,0,,0,0,0,Property Damage,Angle,Daylight,,Motor Vehicle-In-Transport On Same Roadway
102850715,Crashes_MPO_2020,2020-11-25,2020,36.03467,-86.78332,True,0,0,,0,0,0,Possible Injury,Angle,Daylight,,Motor Vehicle-In-Transport On Same Roadway
102841100,Crashes_MPO_2020,2020-11-25,2020,35.93496,-86.77654,False,0,0,,0,0,0,Property Damage,"Sideswipe, Opposite Direction",Daylight,Rain,Motor Vehicle-In-Transport On Same Roadway
102841238,Crashes_MPO_2020,2020-11-25,2020,35.95828,-86.84253,False,0,0,,0,0,0,Property Damage,Not Collision with Motor Vehicle in Transport,Daylight,Rain,Deer
102841281,Crashes_MPO_2020,2020-11-25,2020,35.97039,-86.77379,True,0,0,,0,0,0,Property Damage,Angle,Daylight,,Motor Vehicle-In-Transport On Same Roadway
102841296,Crashes_MPO_2020,2020-11-25,2020,35.95387,-86.72131,False,0,0,,0,0,0,Property Damage,Not Collision with Motor Vehicle in Transport,Daylight,Cloudy,Guard Rail End
102841342,Crashes_MPO_2020,2020-11-25,2020,36.04426,-86.71313,False,0,0,,0,0,0,Property Damage,"Sideswipe, Same Direction",Daylight,,Motor Vehicle-In-Transport On Same Roadway
102841352,Crashes_MPO_2020,2020-11-25,2020,35.966743,-86.809103,True,0,0,,0,0,0,Property Damage,Front to Rear,Daylight,,Motor Vehicle-In-Transport On Same Roadway
102841353,Crashes_MPO_2020,2020-11-25,2020,36.00088,-86.83084,False,0,0,,0,0,0,Property Damage,Not Collision with Motor Vehicle in Transport,Daylight,,Ditch
102841626,Crashes_MPO_2020,2020-11-25,2020,36.04028,-86.76837,False,0,0,,0,0,0,Property Damage,"Sideswipe, Same Direction",Dark-Lighted,,Motor Vehicle-In-Transport On Same Roadway
102841685,Crashes_MPO_2020,2020-11-25,2020,36.02542,-86.69014,False,0,0,,0,0,0,Property Damage,Not Collision with Motor Vehicle in Transport,Dark-Not Lighted,,Other Animal
102841854,Crashes_MPO_2020,2020-11-25,2020,35.92956,-86.85295,False,0,0,,0,0,0,Property Damage,Rear to Rear,Dark-Lighted,Clear,Parked Motor Vehicle
102842027,Crashes_MPO_2020,2020-11-25,2020,35.9977,-86.79782,True,0,0,,0,0,0,Property Damage,Front to Rear,Daylight,,Motor Vehicle-In-Transport On Same Roadway
102842799,Crashes_MPO_2020,2020-11-25,2020,35.96288,-86.73683,True,0,0,,0,0,0,Suspected Minor Injury,Not Collision with Motor Vehicle in Transport,Daylight,,Fence
102844873,Crashes_MPO_2020,2020-11-25,2020,35.94278,-86.81597,False,0,0,,0,0,0,Suspected Minor Injury,Front to Rear,Daylight,Cloudy,Motor Vehicle-In-Transport On Same Roadway
102850160,Crashes_MPO_2020,2020-11-26,2020,35.92629,-86.72825,False,0,0,,1,0,0,Suspected Serious Injury,Not Collision with Motor Vehicle in Transport,Dark-Not Lighted,Clear,Embankment Rock/Stone/Concrete
102841885,Crashes_MPO_2020,2020-11-26,2020,36.04543,-86.70362,False,0,0,,0,0,0,Property Damage,Not Collision with Motor Vehicle in Transport,Dark-Lighted,,Luminaire Light Support
102842523,Crashes_MPO_2020,2020-11-26,2020,36.02644,-86.78491,True,0,0,,1,0,0,Suspected Serious Injury,Front to Rear,Dark-Not Lighted,,Motor Vehicle-In-Transport On Same Roadway
102842613,Crashes_MPO_2020,2020-11-26,2020,35.98542,-86.73156,True,0,0,,0,0,0,Property Damage,Front to Rear,Daylight,,Motor Vehicle-In-Transport On Same Roadway
102848820,Crashes_MPO_2020,2020-11-27,2020,35.99156,-86.79881,True,0,0,,0,0,0,Possible Injury,"Sideswipe, Same Direction",Daylight,,Motor Vehicle-In-Transport On Same Roadway
102842766,Crashes_MPO_2020,2020-11-27,2020,35.99687,-86.68989,False,0,0,,0,0,0,Property Damage Under,Front to Rear,Daylight,,Motor Vehicle-In-Transport On Same Roadway
102842773,Crashes_MPO_2020,2020-11-27,2020,35.99972,-86.79537,True,0,0,,0,0,0,Property Damage,Not Collision with Motor Vehicle in Transport,Daylight,,Highway Traffic Sign Post
102842805,Crashes_MPO_2020,2020-11-27,2020,36.0452,-86.71324,False,0,0,,0,0,0,Property Damage,"Sideswipe, Same Direction",Daylight,,Motor Vehicle-In-Transport On Same Roadway
102842820,Crashes_MPO_2020,2020-11-27,2020,35.94775,-86.814,False,0,0,,0,0,0,Possible Injury,"Sideswipe, Same Direction",Daylight,,Motor Vehicle-In-Transport On Same Roadway
102843067,Crashes_MPO_2020,2020-11-27,2020,36.03758,-86.78511,False,0,0,,0,0,0,Property Damage,Angle,Daylight,,Motor Vehicle-In-Transport On Same Roadway
102843248,Crashes_MPO_2020,2020-11-27,2020,35.9664,-86.81375,False,0,0,,0,0,0,Property Damage Under,Front to Rear,Daylight,Clear,Motor Vehicle-In-Transport On Same Roadway
102843277,Crashes_MPO_2020,2020-11-27,2020,36.04741,-86.71351,False,0,0,,0,0,0,Property Damage,"Sideswipe, Same Direction",Daylight,,Motor Vehicle-In-Transport On Same Roadway
102843452,Crashes_MPO_2020,2020-11-27,2020,35.99831,-86.69189,False,0,0,,0,0,0,Property Damage,Angle,Dark-Lighted,,Motor Vehicle-In-Transport On Same Roadway
102843470,Crashes_MPO_2020,2020-11-27,2020,36.04795,-86.71357,False,0,0,,0,0,0,Property Damage,Angle,Daylight,,Motor Vehicle-In-Transport On Same Roadway
102843487,Crashes_MPO_2020,2020-11-27,2020,36.04841,-86.69558,False,0,0,,0,0,0,Property Damage,Unknown,Unknown,,Motor Vehicle-In-Transport On Same Roadway
102843609,Crashes_MPO_2020,2020-11-27,2020,35.99713,-86.69025,False,0,0,,0,0,0,Property Damage Under,Front to Rear,Dark-Not Lighted,,Motor Vehicle-In-Transport On Same Roadway
102844874,Crashes_MPO_2020,2020-11-27,2020,35.96192,-86.81489,False,0,0,,0,0,0,Property Damage,Angle,Daylight,Cloudy,Motor Vehicle-In-Transport On Same Roadway
102844875,Crashes_MPO_2020,2020-11-27,2020,35.96198,-86.81518,False,0,0,,0,0,0,Property Damage,Front to Rear,Daylight,Cloudy,Motor Vehicle-In-Transport On Same Roadway
102844876,Crashes_MPO_2020,2020-11-27,2020,35.94582,-86.82538,False,0,0,,0,0,0,Property Damage,"Sideswipe, Same Direction",Dusk,Cloudy,Motor Vehicle-In-Transport On Same Roadway
102843852,Crashes_MPO_2020,2020-11-28,2020,36.04047,-86.75251,False,0,0,,0,0,0,Property Damage,Not Collision with Motor Vehicle in Transport,Dark-Lighted,Clear,Deer
102844128,Crashes_MPO_2020,2020-11-28,2020,36.05145,-86.70271,False,0,0,,0,0,0,Possible Injury,Angle,Daylight,,Motor Vehicle-In-Transport On Different Roadway
102844207,Crashes_MPO_2020,2020-11-28,2020,36.0488,-86.71367,False,0,0,,0,0,0,Property Damage,Angle,Daylight,,Motor Vehicle-In-Transport On Same Roadway
102844350,Crashes_MPO_2020,2020-11-28,2020,35.96674,-86.81155,True,0,0,,0,0,0,Property Damage,Front to Rear,Daylight,,Motor Vehicle-In-Transport On Same Roadway
102844491,Crashes_MPO_2020,2020-11-28,2020,35.9559,-86.81705,False,0,0,,0,0,0,Property Damage,Front to Rear,Daylight,Clear,Motor Vehicle-In-Transport On Same Roadway
102844596,Crashes_MPO_2020,2020-11-28,2020,35.97182,-86.82584,True,0,0,,0,0,0,Suspected Minor Injury,HeadOn,Dark-Lighted,,Motor Vehicle-In-Transport On Same Roadway
102844735,Crashes_MPO_2020,2020-11-28,2020,35.92883,-86.86517,False,0,0,,0,0,0,Property Damage,Not Collision with Motor Vehicle in Transport,Dark-Lighted,,Ditch
102844807,Crashes_MPO_2020,2020-11-29,2020,35.92964,-86.71637,False,0,0,,0,0,0,Property Damage,Not Collision with Motor Vehicle in Transport,Dark-Not Lighted,Cloudy,Deer
102845131,Crashes_MPO_2020,2020-11-29,2020,35.9407,-86.83934,False,0,0,,0,0,0,Property Damage,Front to Rear,Daylight,,Motor Vehicle-In-Transport On Same Roadway
102845264,Crashes_MPO_2020,2020-11-29,2020,35.965802,-86.805821,True,0,0,,0,0,0,Property Damage Under,Not Collision with Motor Vehicle in Transport,,,
102845311,Crashes_MPO_2020,2020-11-29,2020,35.96628,-86.7006,False,0,0,,0,0,0,Property Damage,Not Collision with Motor Vehicle in Transport,Daylight,,"Over Turn, Roll Over"
102845323,Crashes_MPO_2020,2020-11-29,2020,35.95743,-86.73868,True,0,0,,0,0,0,Property Damage,Front to Rear,Dusk,,Motor Vehicle-In-Transport On Same Roadway
102845328,Crashes_MPO_2020,2020-11-29,2020,36.04537,-86.71326,False,0,0,,0,0,0,Property Damage,Front to Rear,Daylight,,Motor Vehicle-In-Transport On Same Roadway
102845343,Crashes_MPO_2020,2020-11-29,2020,36.04561,-86.71073,False,0,0,,0,0,0,Property Damage,Front to Rear,Daylight,,Motor Vehicle-In-Transport On Same Roadway
102845432,Crashes_MPO_2020,2020-11-29,2020,36.043,-86.71299,False,0,0,,0,0,0,Property Damage,Angle,Dark-Not Lighted,,Motor Vehicle-In-Transport On Same Roadway
102845436,Crashes_MPO_2020,2020-11-29,2020,36.05366,-86.71502,False,0,0,,0,0,0,Suspected Minor Injury,Angle,Dark-Lighted,,Motor Vehicle-In-Transport On Same Roadway
102845555,Crashes_MPO_2020,2020-11-29,2020,36.04086,-86.77367,False,0,0,,0,0,0,Possible Injury,Front to Rear,Dark-Lighted,,Motor Vehicle-In-Transport On Same Roadway
102846155,Crashes_MPO_2020,2020-11-30,2020,35.92373,-86.79452,False,0,0,,0,0,0,Property Damage,"Sideswipe, Same Direction",Dark-Lighted,Clear,Motor Vehicle-In-Transport On Same Roadway
102846202,Crashes_MPO_2020,2020-11-30,2020,35.93816,-86.81758,False,0,0,,0,0,0,Property Damage,Front to Rear,Dusk,Snow,Motor Vehicle-In-Transport On Same Roadway
102846335,Crashes_MPO_2020,2020-11-30,2020,36.04144,-86.86782,True,0,0,,0,0,0,Property Damage,Front to Rear,Dawn,Rain,Motor Vehicle-In-Transport On Same Roadway
102846485,Crashes_MPO_2020,2020-11-30,2020,35.92561,-86.86925,False,0,0,,0,0,0,Property Damage Under,"Sideswipe, Same Direction",Daylight,Snow,Parked Motor Vehicle
102846833,Crashes_MPO_2020,2020-11-30,2020,35.94804,-86.82186,False,0,0,,0,0,0,Property Damage,Angle,Dusk,Snow,Motor Vehicle-In-Transport On Same Roadway
102847006,Crashes_MPO_2020,2020-11-30,2020,35.93229,-86.78855,False,0,0,,1,0,0,Suspected Serious Injury,HeadOn,Dark-Not Lighted,Snow,Motor Vehicle-In-Transport On Same Roadway
102847056,Crashes_MPO_2020,2020-11-30,2020,35.97504,-86.67826,False,0,0,,0,0,0,Property Damage,Angle,Dark-Not Lighted,,Motor Vehicle-In-Transport On Same Roadway
102845717,Crashes_MPO_2020,2020-11-30,2020,35.9348,-86.86075,False,0,0,,0,0,0,Property Damage,Front to Rear,Dark-Not Lighted,,Motor Vehicle-In-Transport On Same Roadway
102845784,Crashes_MPO_2020,2020-11-30,2020,36.03747,-86.79098,False,0,0,,0,0,0,Property Damage,Angle,Daylight,,Motor Vehicle-In-Transport On Same Roadway
102845976,Crashes_MPO_2020,2020-11-30,2020,36.0143,-86.70494,False,0,0,,0,0,0,Property Damage,Front to Rear,Daylight,,Motor Vehicle-In-Transport On Same Roadway
102846430,Crashes_MPO_2020,2020-12-01,2020,36.03918,-86.78252,False,0,0,,0,0,0,Property Damage,Front to Rear,Daylight,,Motor Vehicle-In-Transport On Same Roadway
102846481,Crashes_MPO_2020,2020-12-01,2020,35.93215,-86.79441,False,0,0,,0,0,0,Property Damage Under,"Sideswipe, Same Direction",Daylight,Clear,Motor Vehicle-In-Transport On Same Roadway
102846482,Crashes_MPO_2020,2020-12-01,2020,36.04538,-86.71316,False,0,0,,0,0,0,Property Damage,Angle,Daylight,,Motor Vehicle-In-Transport On Same Roadway
102846487,Crashes_MPO_2020,2020-12-01,2020,35.96688,-86.81117,True,0,0,,0,0,0,Property Damage,Front to Rear,Daylight,,Motor Vehicle-In-Transport On Same Roadway
102846574,Crashes_MPO_2020,2020-12-01,2020,36.03611,-86.79483,True,0,0,,0,0,0,Property Damage,Angle,Daylight,,Motor Vehicle-In-Transport On Same Roadway
102846582,Crashes_MPO_2020,2020-12-01,2020,36.04161,-86.74925,False,0,0,,0,0,0,Property Damage Under,Front to Rear,Daylight,Clear,Motor Vehicle-In-Transport On Same Roadway
102846716,Crashes_MPO_2020,2020-12-01,2020,35.94765,-86.81971,False,0,0,,0,0,0,Property Damage,"Sideswipe, Same Direction",Daylight,,Motor Vehicle-In-Transport On Same Roadway
102846792,Crashes_MPO_2020,2020-12-01,2020,36.03751,-86.78572,False,0,0,,0,0,0,Property Damage,Front to Rear,Daylight,,Motor Vehicle-In-Transport On Same Roadway
102846828,Crashes_MPO_2020,2020-12-01,2020,36.03705,-86.78665,False,0,0,,0,0,0,Property Damage Under,Not Collision with Motor Vehicle in Transport,,,
102847178,Crashes_MPO_2020,2020-12-02,2020,36.04616,-86.85753,False,0,0,,0,0,0,Property Damage,Front to Rear,Daylight,,Motor Vehicle-In-Transport On Same Roadway
102847286,Crashes_MPO_2020,2020-12-02,2020,36.01425,-86.72199,False,0,0,,0,0,0,Property Damage,Not Collision with Motor Vehicle in Transport,Daylight,,Fire Hydrant
102847319,Crashes_MPO_2020,2020-12-02,2020,35.96216,-86.81187,False,0,0,,0,0,0,Property Damage,Angle,Daylight,Clear,Motor Vehicle-In-Transport On Same Roadway
102847545,Crashes_MPO_2020,2020-12-02,2020,36.04573,-86.70921,False,0,0,,0,0,0,Property Damage,Front to Rear,Daylight,,Motor Vehicle-In-Transport On Same Roadway
102847581,Crashes_MPO_2020,2020-12-02,2020,36.02947,-86.71254,False,0,0,,0,0,0,Suspected Minor Injury,Not Collision with Motor Vehicle in Transport,Daylight,,Ditch
102847633,Crashes_MPO_2020,2020-12-02,2020,35.96757,-86.81676,True,0,0,,0,0,0,Property Damage,Front to Rear,Dusk,,Motor Vehicle-In-Transport On Same Roadway
102847685,Crashes_MPO_2020,2020-12-02,2020,36.04554,-86.70531,False,0,0,,0,0,0,Property Damage,Front to Rear,Dark-Lighted,,Motor Vehicle-In-Transport On Same Roadway
102847700,Crashes_MPO_2020,2020-12-02,2020,36.03572,-86.78292,False,0,0,,0,0,0,Property Damage,Front to Rear,Dark-Lighted,,Motor Vehicle-In-Transport On Same Roadway
102847723,Crashes_MPO_2020,2020-12-02,2020,36.04057,-86.77089,False,0,0,,0,0,0,Suspected Minor Injury,Front to Rear,Dusk,,Motor Vehicle-In-Transport On Same Roadway
102852603,Crashes_MPO_2020,2020-12-02,2020,35.93834,-86.82957,False,0,0,,0,0,0,Property Damage,Other,Dark-Lighted,,Parked Motor Vehicle
102848496,Crashes_MPO_2020,2020-12-02,2020,36.02712,-86.87771,False,0,0,,1,0,0,Suspected Serious Injury,Not Collision with Motor Vehicle in Transport,Dark-Not Lighted,,Impact Atten. Crash Cushion
102848678,Crashes_MPO_2020,2020-12-02,2020,36.03346,-86.78874,True,0,0,,0,0,0,Property Damage,Other,Dark-Lighted,,Motor Vehicle-In-Transport On Same Roadway
102848055,Crashes_MPO_2020,2020-12-03,2020,36.0243,-86.74239,False,0,0,,0,0,0,Property Damage,Angle,Daylight,,Motor Vehicle-In-Transport On Same Roadway
102848070,Crashes_MPO_2020,2020-12-03,2020,35.93722,-86.87879,False,0,0,,0,0,0,Property Damage Under,Front to Rear,Daylight,Clear,Motor Vehicle-In-Transport On Same Roadway
102848092,Crashes_MPO_2020,2020-12-03,2020,35.9667,-86.81121,True,0,0,,0,0,0,Suspected Minor Injury,Angle,Daylight,,Motor Vehicle-In-Transport On Same Roadway
102848232,Crashes_MPO_2020,2020-12-03,2020,35.93446,-86.81991,False,0,0,,0,0,0,Property Damage Under,Front to Rear,Daylight,Cloudy,Motor Vehicle-In-Transport On Same Roadway
102848381,Crashes_MPO_2020,2020-12-03,2020,36.03676,-86.74349,False,0,0,,0,0,0,Property Damage,HeadOn,Dark-Not Lighted,,Motor Vehicle-In-Transport On Same Roadway
102848429,Crashes_MPO_2020,2020-12-03,2020,35.92304,-86.81684,False,0,0,,0,0,0,Property Damage Under,Not Collision with Motor Vehicle in Transport,,,
102848439,Crashes_MPO_2020,2020-12-03,2020,35.93215,-86.79441,False,0,1,,0,0,1,Suspected Minor Injury,Not Collision with Motor Vehicle in Transport,Dusk,Rain,Pedal-Cycle
102848511,Crashes_MPO_2020,2020-12-03,2020,35.95068,-86.81872,False,0,0,,0,0,0,Property Damage,Front to Rear,Dark-Lighted,Rain,Motor Vehicle-In-Transport On Same Roadway
102848621,Crashes_MPO_2020,2020-12-03,2020,36.01559,-86.74059,False,0,0,,0,0,0,Property Damage,Angle,Dark-Unknown Lighting,,Motor Vehicle-In-Transport On Same Roadway
102849050,Crashes_MPO_2020,2020-12-03,2020,35.96705,-86.81355,True,0,0,,0,0,0,Property Damage,Front to Rear,Daylight,,Motor Vehicle-In-Transport On Same Roadway