record_no,source_layer,collision_ts,crash_year,latitude,longitude,in_city,fatalities,non_motorists,truck_involved,serious_injuries,pedestrian,bicycle,crash_type,manner_of_collision,lighting,weather,first_harmful_event
102849480,Crashes_MPO_2020,2020-12-03,2020,35.95078,-86.80672,False,0,0,,0,0,0,Property Damage,Front to Rear,Dark-Lighted,,Motor Vehicle-In-Transport On Same Roadway
102850441,Crashes_MPO_2020,2020-12-04,2020,35.94925,-86.81966,False,0,0,,0,0,0,Property Damage,Angle,Dark-Lighted,Cloudy,Motor Vehicle-In-Transport On Same Roadway
102850859,Crashes_MPO_2020,2020-12-04,2020,36.04039,-86.76934,False,0,0,,0,0,0,Property Damage Under,Not Collision with Motor Vehicle in Transport,,,
102848803,Crashes_MPO_2020,2020-12-04,2020,36.03859,-86.73216,False,0,0,,0,0,0,Suspected Minor Injury,Front to Rear,Daylight,,Motor Vehicle-In-Transport On Same Roadway
102848815,Crashes_MPO_2020,2020-12-04,2020,35.93756,-86.76809,False,0,0,,0,0,0,Property Damage,Front to Rear,Daylight,,Motor Vehicle-In-Transport On Same Roadway
102848816,Crashes_MPO_2020,2020-12-04,2020,36.04021,-86.76771,False,0,0,,0,0,0,Property Damage,Front to Rear,Daylight,,Motor Vehicle-In-Transport On Same Roadway
102849092,Crashes_MPO_2020,2020-12-04,2020,35.99531,-86.68766,False,0,0,,0,0,0,Property Damage,Front to Rear,Daylight,,Motor Vehicle-In-Transport On Same Roadway
102849181,Crashes_MPO_2020,2020-12-04,2020,36.02547,-86.71305,False,0,0,,0,0,0,Property Damage Under,Front to Rear,Daylight,,Motor Vehicle-In-Transport On Same Roadway
102849379,Crashes_MPO_2020,2020-12-04,2020,35.93446,-86.81991,False,0,0,,0,0,0,Property Damage,Angle,Daylight,Clear,Motor Vehicle-In-Transport On Same Roadway
102849407,Crashes_MPO_2020,2020-12-04,2020,36.0484,-86.74363,False,0,0,,0,0,0,Property Damage,Angle,Dark-Not Lighted,,Motor Vehicle-In-Transport On Same Roadway
102849431,Crashes_MPO_2020,2020-12-04,2020,35.96318,-86.80112,True,0,0,,0,0,0,Property Damage Under,Not Collision with Motor Vehicle in Transport,,,
102849432,Crashes_MPO_2020,2020-12-04,2020,35.99038,-86.6963,True,0,0,,0,0,0,Suspected Minor Injury,Not Collision with Motor Vehicle in Transport,Dark-Lighted,,Mail Box
102849433,Crashes_MPO_2020,2020-12-04,2020,35.99819,-86.80214,True,0,0,,0,0,0,Property Damage,Angle,Dark-Lighted,,Motor Vehicle-In-Transport On Same Roadway
102849469,Crashes_MPO_2020,2020-12-04,2020,35.93541,-86.82372,False,0,0,,0,0,0,Property Damage,Angle,Dark-Lighted,,Motor Vehicle-In-Transport On Same Roadway
102849621,Crashes_MPO_2020,2020-12-04,2020,36.03321,-86.78886,True,0,0,,0,0,0,Property Damage,Not Collision with Motor Vehicle in Transport,Dark-Lighted,,Other Object
102849636,Crashes_MPO_2020,2020-12-04,2020,36.00884,-86.77297,True,0,0,,0,0,0,Property Damage,Not Collision with Motor Vehicle in Transport,Dark-Lighted,,Mail Box
102849993,Crashes_MPO_2020,2020-12-04,2020,36.00671,-86.78853,True,0,0,,0,0,0,Suspected Minor Injury,Not Collision with Motor Vehicle in Transport,Dark-Not Lighted,,Culvert
102858390,Crashes_MPO_2020,2020-12-04,2020,35.94791,-86.8183,False,0,0,,0,0,0,Property Damage,Front to Rear,Daylight,Rain,Motor Vehicle-In-Transport On Same Roadway
102853178,Crashes_MPO_2020,2020-12-04,2020,35.92846,-86.74714,False,0,0,,0,0,0,Property Damage,Not Collision with Motor Vehicle in Transport,Dark-Not Lighted,Cloudy,Deer
102850337,Crashes_MPO_2020,2020-12-05,2020,35.98746,-86.78472,True,0,0,,0,0,0,Possible Injury,Not Collision with Motor Vehicle in Transport,Dark-Lighted,,Mail Box
102849729,Crashes_MPO_2020,2020-12-05,2020,36.04588,-86.77794,False,0,0,,0,0,0,Suspected Minor Injury,Front to Rear,Daylight,,Motor Vehicle-In-Transport On Same Roadway
102849767,Crashes_MPO_2020,2020-12-05,2020,35.93185,-86.87693,False,0,0,,0,0,0,Property Damage,Front to Rear,Daylight,Clear,Motor Vehicle-In-Transport On Same Roadway
102849828,Crashes_MPO_2020,2020-12-05,2020,36.04543,-86.71264,False,0,0,,0,0,0,Property Damage,Angle,Daylight,,Motor Vehicle-In-Transport On Same Roadway
102849942,Crashes_MPO_2020,2020-12-05,2020,35.99782,-86.79893,True,0,0,,0,0,0,Property Damage,Front to Rear,Daylight,Clear,Motor Vehicle-In-Transport On Same Roadway
102850102,Crashes_MPO_2020,2020-12-05,2020,35.96505,-86.81608,True,0,0,,0,0,0,Property Damage,Angle,Daylight,,Motor Vehicle-In-Transport On Same Roadway
102850113,Crashes_MPO_2020,2020-12-05,2020,35.94795,-86.81995,False,0,0,,0,0,0,Property Damage,"Sideswipe, Same Direction",Daylight,,Motor Vehicle-In-Transport On Same Roadway
102850128,Crashes_MPO_2020,2020-12-05,2020,35.93127,-86.87663,False,0,0,,0,0,0,Property Damage,Angle,Daylight,,Motor Vehicle-In-Transport On Same Roadway
102850222,Crashes_MPO_2020,2020-12-05,2020,36.04625,-86.68395,False,0,0,,0,0,0,Suspected Minor Injury,Angle,Dark-Lighted,,Motor Vehicle-In-Transport On Same Roadway
102850224,Crashes_MPO_2020,2020-12-05,2020,35.95179,-86.81925,False,0,0,,0,0,0,Property Damage,Front to Rear,Dark-Lighted,,Motor Vehicle-In-Transport On Same Roadway
102850276,Crashes_MPO_2020,2020-12-05,2020,36.04522,-86.71479,False,0,0,,0,0,0,Property Damage,"Sideswipe, Same Direction",Dark-Lighted,,Motor Vehicle-In-Transport On Same Roadway
102850728,Crashes_MPO_2020,2020-12-06,2020,35.96234,-86.80178,True,0,0,,0,0,0,Property Damage,Angle,Daylight,,Motor Vehicle-In-Transport On Same Roadway
102850777,Crashes_MPO_2020,2020-12-06,2020,36.0397,-86.759,False,0,0,,0,0,0,Property Damage Under,Front to Rear,Daylight,,Motor Vehicle-In-Transport On Same Roadway
102850959,Crashes_MPO_2020,2020-12-06,2020,35.99687,-86.68989,False,0,0,,0,0,0,Property Damage,Front to Rear,Dark-Lighted,,Motor Vehicle-In-Transport On Same Roadway
102851083,Crashes_MPO_2020,2020-12-06,2020,35.99706,-86.79691,True,0,0,,0,0,0,Property Damage,Not Collision with Motor Vehicle in Transport,Dark-Not Lighted,,"Over Turn, Roll Over"
102851613,Crashes_MPO_2020,2020-12-06,2020,35.94997,-86.81899,False,0,0,,0,0,0,Suspected Minor Injury,Angle,Dark-Lighted,,Motor Vehicle-In-Transport On Same Roadway
102851200,Crashes_MPO_2020,2020-12-07,2020,35.92847,-86.82438,False,0,0,,0,0,0,Property Damage,Front to Rear,Daylight,Clear,Motor Vehicle-In-Transport On Same Roadway
102851510,Crashes_MPO_2020,2020-12-07,2020,36.03884,-86.76848,False,0,0,,0,0,0,Property Damage,Other,Daylight,,Motor Vehicle-In-Transport On Same Roadway
102851519,Crashes_MPO_2020,2020-12-07,2020,36.04279,-86.84048,False,0,0,,0,0,0,Property Damage,Front to Rear,Daylight,,Motor Vehicle-In-Transport On Same Roadway
102851523,Crashes_MPO_2020,2020-12-07,2020,36.03389,-86.81729,True,0,0,,0,0,0,Property Damage,Front to Rear,Daylight,,Motor Vehicle-In-Transport On Same Roadway
102851534,Crashes_MPO_2020,2020-12-07,2020,36.03961,-86.78156,False,0,0,,0,0,0,Property Damage,Front to Rear,Daylight,,Motor Vehicle-In-Transport On Same Roadway
102851726,Crashes_MPO_2020,2020-12-07,2020,36.04574,-86.71331,False,0,0,,0,0,0,Property Damage,Angle,Daylight,,Motor Vehicle-In-Transport On Same Roadway
102851947,Crashes_MPO_2020,2020-12-07,2020,35.9788,-86.75254,True,0,0,,0,0,0,Property Damage,Not Collision with Motor Vehicle in Transport,Daylight,Cloudy,Deer
102852030,Crashes_MPO_2020,2020-12-08,2020,36.03771,-86.79454,False,0,0,,0,0,0,Property Damage,Front to Rear,Daylight,,Motor Vehicle-In-Transport On Same Roadway
102852168,Crashes_MPO_2020,2020-12-08,2020,35.99828,-86.79638,True,0,0,,0,0,0,Property Damage,"Sideswipe, Same Direction",Daylight,,Motor Vehicle-In-Transport On Same Roadway
102852200,Crashes_MPO_2020,2020-12-08,2020,35.9667,-86.81121,True,0,0,,0,0,0,Property Damage,Front to Rear,Daylight,,Motor Vehicle-In-Transport On Same Roadway
102852306,Crashes_MPO_2020,2020-12-08,2020,35.99734,-86.79486,True,0,0,,0,0,0,Property Damage,Front to Rear,Daylight,,Motor Vehicle-In-Transport On Same Roadway
102852469,Crashes_MPO_2020,2020-12-08,2020,36.05396,-86.70354,False,0,0,,0,0,0,Property Damage,"Sideswipe, Opposite Direction",Dusk,,Motor Vehicle-In-Transport On Same Roadway
102852703,Crashes_MPO_2020,2020-12-08,2020,35.9552,-86.82556,False,0,0,,0,0,0,Possible Injury,"Sideswipe, Same Direction",Daylight,Clear,Motor Vehicle-In-Transport On Same Roadway
102853247,Crashes_MPO_2020,2020-12-08,2020,35.94458,-86.82838,False,0,0,,0,0,0,Property Damage Under,Front to Rear,Dark-Lighted,Clear,Motor Vehicle-In-Transport On Same Roadway
102853553,Crashes_MPO_2020,2020-12-08,2020,35.96115,-86.83379,False,0,0,,0,0,0,Suspected Minor Injury,Not Collision with Motor Vehicle in Transport,Unknown,Clear,Occupant Struck By Own Vehicle
102852693,Crashes_MPO_2020,2020-12-09,2020,36.03963,-86.78163,False,0,0,,0,0,0,Property Damage,Front to Rear,Daylight,,Motor Vehicle-In-Transport On Same Roadway
102852978,Crashes_MPO_2020,2020-12-09,2020,36.04006,-86.74413,False,0,0,,0,0,0,Property Damage,"Sideswipe, Opposite Direction",Daylight,,Motor Vehicle-In-Transport On Same Roadway
102853096,Crashes_MPO_2020,2020-12-09,2020,36.04519,-86.71597,False,0,0,,0,0,0,Property Damage,Angle,Daylight,,Motor Vehicle-In-Transport On Same Roadway
102853179,Crashes_MPO_2020,2020-12-09,2020,35.99897,-86.79596,True,0,0,,0,0,0,Property Damage,Not Collision with Motor Vehicle in Transport,Dark-Not Lighted,,Concrete Traffic Barrier
102853182,Crashes_MPO_2020,2020-12-09,2020,35.95889,-86.81598,False,0,0,,0,0,0,Property Damage,Angle,Dusk,Clear,Motor Vehicle-In-Transport On Same Roadway
102853185,Crashes_MPO_2020,2020-12-09,2020,36.00065,-86.69483,False,0,0,,0,0,0,Suspected Minor Injury,Front to Rear,Dark-Not Lighted,,Motor Vehicle-In-Transport On Same Roadway
102853201,Crashes_MPO_2020,2020-12-09,2020,36.04639,-86.68368,False,0,0,,0,0,0,Property Damage,Front to Rear,Dark-Lighted,,Motor Vehicle-In-Transport On Same Roadway
102853301,Crashes_MPO_2020,2020-12-09,2020,36.03894,-86.78269,False,0,0,,0,0,0,Suspected Minor Injury,"Sideswipe, Same Direction",Dark-Not Lighted,,Motor Vehicle-In-Transport On Same Roadway
102854246,Crashes_MPO_2020,2020-12-09,2020,35.99274,-86.79865,True,0,0,,0,0,0,Property Damage,"Sideswipe, Same Direction",Dark-Not Lighted,,Motor Vehicle-In-Transport On Same Roadway
102854247,Crashes_MPO_2020,2020-12-09,2020,35.99274,-86.79865,True,0,0,,0,0,0,Property Damage,Front to Rear,Dark-Not Lighted,,Motor Vehicle-In-Transport On Same Roadway
102855135,Crashes_MPO_2020,2020-12-09,2020,36.01689,-86.78609,True,0,0,,0,0,0,Property Damage,Front to Rear,Dark-Lighted,,Motor Vehicle-In-Transport On Same Roadway
102856550,Crashes_MPO_2020,2020-12-10,2020,36.00283,-86.79222,True,0,0,,0,0,0,Property Damage,Front to Rear,Dark-Not Lighted,,Motor Vehicle-In-Transport On Same Roadway
102853809,Crashes_MPO_2020,2020-12-10,2020,36.04543,-86.70361,False,0,0,,0,0,0,Property Damage,Front to Rear,Daylight,,Motor Vehicle-In-Transport On Same Roadway
102853913,Crashes_MPO_2020,2020-12-10,2020,35.99123,-86.68353,False,0,0,,0,0,0,Property Damage,Front to Rear,Dusk,,Motor Vehicle-In-Transport On Same Roadway
102853949,Crashes_MPO_2020,2020-12-10,2020,35.9806,-86.67834,False,0,0,,0,0,0,Property Damage,Front to Rear,Dark-Not Lighted,,Motor Vehicle-In-Transport On Same Roadway
102854015,Crashes_MPO_2020,2020-12-10,2020,35.96526,-86.81411,False,0,0,,0,0,0,Property Damage,Front to Rear,Dark-Lighted,Clear,Motor Vehicle-In-Transport On Same Roadway
102854024,Crashes_MPO_2020,2020-12-10,2020,35.96705,-86.8135,True,0,0,,0,0,0,Property Damage,Front to Rear,Dark-Lighted,,Motor Vehicle-In-Transport On Same Roadway
102854248,Crashes_MPO_2020,2020-12-10,2020,36.00596,-86.7893,True,0,0,,0,0,0,Property Damage,Not Collision with Motor Vehicle in Transport,Dark-Not Lighted,,Guard Rail End
102854263,Crashes_MPO_2020,2020-12-10,2020,36.01877,-86.78663,True,0,0,,0,0,0,Property Damage,"Sideswipe, Same Direction",Dark-Lighted,,Motor Vehicle-In-Transport On Same Roadway
102854333,Crashes_MPO_2020,2020-12-10,2020,35.93191,-86.794,False,0,0,,0,0,0,Property Damage Under,"Sideswipe, Same Direction",Daylight,Clear,Motor Vehicle-In-Transport On Same Roadway
102854468,Crashes_MPO_2020,2020-12-10,2020,35.9668,-86.81054,True,0,0,,0,0,0,Property Damage,Front to Rear,Dusk,,Motor Vehicle-In-Transport On Same Roadway
102854648,Crashes_MPO_2020,2020-12-10,2020,36.03111,-86.78353,True,0,0,,0,0,0,Property Damage,Other,Dark-Not Lighted,,Motor Vehicle-In-Transport On Same Roadway
102855929,Crashes_MPO_2020,2020-12-11,2020,36.03512,-86.78305,False,0,0,,0,0,0,Property Damage,Front to Rear,Dark-Not Lighted,,Motor Vehicle-In-Transport On Same Roadway
102856705,Crashes_MPO_2020,2020-12-11,2020,35.93485,-86.82196,False,0,0,,0,0,0,Suspected Minor Injury,Angle,Dark-Lighted,,Motor Vehicle-In-Transport On Same Roadway
102854250,Crashes_MPO_2020,2020-12-11,2020,36.04536,-86.71327,False,0,0,,0,0,0,Suspected Minor Injury,Angle,Dark-Lighted,,Motor Vehicle-In-Transport On Same Roadway
102854315,Crashes_MPO_2020,2020-12-11,2020,36.04531,-86.71387,False,0,0,,0,0,0,Property Damage,Angle,Dawn,,Motor Vehicle-In-Transport On Same Roadway
102854377,Crashes_MPO_2020,2020-12-11,2020,35.9718,-86.82577,True,0,0,,0,0,0,Property Damage,Front to Rear,Daylight,,Motor Vehicle-In-Transport On Same Roadway
102854857,Crashes_MPO_2020,2020-12-11,2020,36.03352,-86.71296,False,0,0,,0,0,0,Property Damage,Front to Rear,Daylight,,Motor Vehicle-In-Transport On Same Roadway
102854935,Crashes_MPO_2020,2020-12-11,2020,36.03016,-86.79048,True,0,0,,0,0,0,Property Damage,Front to Rear,Daylight,,Motor Vehicle-In-Transport On Same Roadway
102854936,Crashes_MPO_2020,2020-12-11,2020,36.02193,-86.7951,True,0,0,,0,0,0,Suspected Minor Injury,Angle,Daylight,,Motor Vehicle-In-Transport On Same Roadway
102855081,Crashes_MPO_2020,2020-12-11,2020,35.93608,-86.82807,False,0,0,,0,0,0,Property Damage,"Sideswipe, Same Direction",Daylight,Cloudy,Motor Vehicle-In-Transport On Same Roadway
102855082,Crashes_MPO_2020,2020-12-11,2020,35.94797,-86.81996,False,0,0,,0,0,0,Suspected Minor Injury,Angle,Dark-Lighted,Cloudy,Motor Vehicle-In-Transport On Same Roadway
102855109,Crashes_MPO_2020,2020-12-11,2020,35.99798,-86.69143,False,0,0,,0,0,0,Suspected Minor Injury,Front to Rear,Dark-Lighted,,Motor Vehicle-In-Transport On Same Roadway
102855312,Crashes_MPO_2020,2020-12-11,2020,35.9251,-86.87349,False,0,0,,0,0,0,Property Damage,Angle,Daylight,,Motor Vehicle-In-Transport On Same Roadway
102855676,Crashes_MPO_2020,2020-12-12,2020,35.96133,-86.81226,False,0,0,,0,0,0,Possible Injury,Angle,Daylight,,Motor Vehicle-In-Transport On Same Roadway
102855788,Crashes_MPO_2020,2020-12-12,2020,35.96525,-86.80012,True,0,0,,0,0,0,Property Damage,Angle,Daylight,,Motor Vehicle-In-Transport On Same Roadway
102855829,Crashes_MPO_2020,2020-12-12,2020,35.95891,-86.81612,False,0,0,,0,0,0,Property Damage,Front to Rear,Daylight,,Motor Vehicle-In-Transport On Same Roadway
102855902,Crashes_MPO_2020,2020-12-12,2020,36.04108,-86.85628,True,0,0,,0,0,0,Suspected Minor Injury,Not Collision with Motor Vehicle in Transport,Dark-Not Lighted,,Culvert
102855931,Crashes_MPO_2020,2020-12-12,2020,35.97931,-86.80304,True,0,0,,0,0,0,Property Damage Under,Not Collision with Motor Vehicle in Transport,,,
102855943,Crashes_MPO_2020,2020-12-12,2020,36.05142,-86.72252,False,0,0,,0,0,0,Property Damage,Rear to Rear,Daylight,,Parked Motor Vehicle
102855429,Crashes_MPO_2020,2020-12-12,2020,35.93278,-86.78566,False,0,0,,0,0,0,Property Damage,Not Collision with Motor Vehicle in Transport,Dark-Not Lighted,Rain,Ditch
102855475,Crashes_MPO_2020,2020-12-12,2020,35.94782,-86.81975,False,0,0,,0,0,0,Property Damage,Front to Rear,Daylight,,Motor Vehicle-In-Transport On Same Roadway
102855522,Crashes_MPO_2020,2020-12-12,2020,36.01375,-86.78519,True,0,0,,0,0,0,Property Damage,"Sideswipe, Same Direction",Daylight,,Motor Vehicle-In-Transport On Same Roadway
102855625,Crashes_MPO_2020,2020-12-12,2020,35.96047,-86.7387,True,0,0,,0,0,0,Property Damage,Not Collision with Motor Vehicle in Transport,Daylight,,Ditch
102856077,Crashes_MPO_2020,2020-12-13,2020,36.03514,-86.70684,False,0,0,,0,0,0,Property Damage,Not Collision with Motor Vehicle in Transport,Dark-Lighted,,Mail Box
102856241,Crashes_MPO_2020,2020-12-13,2020,35.93423,-86.81894,False,0,0,,0,0,0,Property Damage,Front to Rear,Daylight,Clear,Motor Vehicle-In-Transport On Same Roadway
102856420,Crashes_MPO_2020,2020-12-13,2020,35.99781,-86.79886,True,0,0,,0,0,0,Suspected Minor Injury,Angle,Daylight,,Motor Vehicle-In-Transport On Same Roadway
102856599,Crashes_MPO_2020,2020-12-13,2020,36.0374,-86.78657,False,0,0,,0,0,0,Suspected Minor Injury,HeadOn,Dark-Not Lighted,,Motor Vehicle-In-Transport On Same Roadway
102857290,Crashes_MPO_2020,2020-12-13,2020,35.93504,-86.81026,False,0,0,,0,0,0,Property Damage,Not Collision with Motor Vehicle in Transport,Dark-Lighted,,Other Post/Pole Support
102856777,Crashes_MPO_2020,2020-12-14,2020,36.0387,-86.73097,False,0,0,,0,0,0,Property Damage,Angle,Dark-Lighted,,Motor Vehicle-In-Transport On Same Roadway
102856818,Crashes_MPO_2020,2020-12-14,2020,36.04001,-86.74347,False,0,0,,0,0,0,Property Damage,Front to Rear,Daylight,,Motor Vehicle-In-Transport On Same Roadway
102856908,Crashes_MPO_2020,2020-12-14,2020,35.93655,-86.87862,False,0,0,,0,0,0,Property Damage,Angle,Daylight,Cloudy,Motor Vehicle-In-Transport On Same Roadway
102856942,Crashes_MPO_2020,2020-12-14,2020,36.0138,-86.71787,False,0,0,,0,0,0,Property Damage,Not Collision with Motor Vehicle in Transport,Daylight,,Other Animal
102857061,Crashes_MPO_2020,2020-12-14,2020,36.02679,-86.71273,False,0,0,,0,0,0,Property Damage,Front to Rear,Daylight,,Motor Vehicle-In-Transport On Same Roadway
102857125,Crashes_MPO_2020,2020-12-14,2020,35.92589,-86.87306,False,0,0,,0,0,0,Property Damage Under,Front to Rear,Daylight,Clear,Motor Vehicle-In-Transport On Same Roadway
102857217,Crashes_MPO_2020,2020-12-14,2020,35.99308,-86.69579,True,0,0,,0,0,0,Property Damage,Not Collision with Motor Vehicle in Transport,Dark-Lighted,Cloudy,Deer
102857447,Crashes_MPO_2020,2020-12-15,2020,35.99643,-86.78798,True,0,0,,0,0,0,Property Damage,Front to Rear,Daylight,,Motor Vehicle-In-Transport On Same Roadway
102857551,Crashes_MPO_2020,2020-12-15,2020,36.03533,-86.78975,True,0,0,,0,0,0,Property Damage,Rear to Side,Daylight,,Motor Vehicle-In-Transport On Same Roadway
102857719,Crashes_MPO_2020,2020-12-15,2020,36.02951,-86.87624,False,0,0,,0,0,0,Property Damage,Not Collision with Motor Vehicle in Transport,Daylight,,Concrete Traffic Barrier
102857720,Crashes_MPO_2020,2020-12-15,2020,36.05415,-86.71993,False,0,0,,0,0,0,Property Damage,Front to Rear,Daylight,,Motor Vehicle-In-Transport On Same Roadway
102857856,Crashes_MPO_2020,2020-12-15,2020,35.93884,-86.82127,False,0,0,,0,0,0,Property Damage,Rear to Rear,Daylight,,Parked Motor Vehicle
102857857,Crashes_MPO_2020,2020-12-15,2020,35.92957,-86.82437,False,0,0,,0,0,0,Property Damage,Angle,Daylight,Clear,Motor Vehicle-In-Transport On Same Roadway
102857874,Crashes_MPO_2020,2020-12-15,2020,35.92254,-86.87194,False,0,0,,0,0,0,Property Damage,Front to Rear,Dusk,,Motor Vehicle-In-Transport On Same Roadway
102857881,Crashes_MPO_2020,2020-12-15,2020,35.9479,-86.81945,False,0,0,,0,0,0,Property Damage,"Sideswipe, Same Direction",Daylight,Cloudy,Motor Vehicle-In-Transport On Same Roadway
102857900,Crashes_MPO_2020,2020-12-15,2020,35.98404,-86.72309,True,0,0,,0,0,0,Property Damage,Front to Rear,Dark-Lighted,,Motor Vehicle-In-Transport On Same Roadway
102857934,Crashes_MPO_2020,2020-12-15,2020,35.99493,-86.68718,False,0,0,,0,0,0,Possible Injury,Front to Rear,Dark-Lighted,,Motor Vehicle-In-Transport On Same Roadway
102859164,Crashes_MPO_2020,2020-12-15,2020,35.95173,-86.80604,False,0,0,,0,0,0,Property Damage,"Sideswipe, Same Direction",Dark-Lighted,Clear,Parked Motor Vehicle
102858124,Crashes_MPO_2020,2020-12-16,2020,35.92617,-86.72669,False,0,0,,0,0,0,Property Damage,Not Collision with Motor Vehicle in Transport,Dawn,Rain,Deer
102858186,Crashes_MPO_2020,2020-12-16,2020,35.99687,-86.68989,False,0,0,,0,0,0,Property Damage,Angle,Daylight,,Motor Vehicle-In-Transport On Same Roadway
102858192,Crashes_MPO_2020,2020-12-16,2020,36.04445,-86.72525,False,0,0,,0,0,0,Suspected Minor Injury,Angle,Daylight,,Motor Vehicle-In-Transport On Same Roadway
102858198,Crashes_MPO_2020,2020-12-16,2020,36.04685,-86.67941,False,0,0,,0,0,0,Suspected Minor Injury,Angle,Daylight,,Motor Vehicle-In-Transport On Same Roadway
102858202,Crashes_MPO_2020,2020-12-16,2020,36.01978,-86.74213,False,0,0,,0,0,0,Property Damage,"Sideswipe, Opposite Direction",Daylight,,Motor Vehicle-In-Transport On Same Roadway
102858244,Crashes_MPO_2020,2020-12-16,2020,35.99719,-86.79389,True,0,0,,0,0,0,Property Damage,Front to Rear,Daylight,,Motor Vehicle-In-Transport On Same Roadway
102858286,Crashes_MPO_2020,2020-12-16,2020,35.99683,-86.68983,False,0,0,,0,0,0,Possible Injury,Front to Rear,Daylight,,Motor Vehicle-In-Transport On Same Roadway
102858383,Crashes_MPO_2020,2020-12-16,2020,36.03175,-86.78961,True,0,0,,0,0,0,Property Damage,Angle,Daylight,,Motor Vehicle-In-Transport On Same Roadway
102858474,Crashes_MPO_2020,2020-12-16,2020,35.94486,-86.82874,False,0,0,,0,0,0,Property Damage Under,Other,Daylight,Cloudy,Motor Vehicle-In-Transport On Same Roadway
102858501,Crashes_MPO_2020,2020-12-16,2020,35.99487,-86.77877,True,0,0,,0,0,0,Property Damage,Front to Rear,Daylight,,Motor Vehicle-In-Transport On Same Roadway
102858502,Crashes_MPO_2020,2020-12-16,2020,36.04062,-86.74363,False,0,0,,0,0,0,Property Damage,"Sideswipe, Same Direction",Daylight,Clear,Motor Vehicle-In-Transport On Same Roadway
102858516,Crashes_MPO_2020,2020-12-16,2020,35.9679,-86.86029,False,0,0,,0,0,0,Property Damage,Not Collision with Motor Vehicle in Transport,Dusk,Rain,Ditch
102858537,Crashes_MPO_2020,2020-12-16,2020,35.97238,-86.86667,False,0,0,,0,0,0,Property Damage,Not Collision with Motor Vehicle in Transport,Daylight,Rain,Standing Tree
102858581,Crashes_MPO_2020,2020-12-16,2020,35.94742,-86.81405,False,0,0,,0,0,0,Property Damage,Front to Rear,Dark-Lighted,Rain,Motor Vehicle-In-Transport On Same Roadway
102860653,Crashes_MPO_2020,2020-12-16,2020,35.96118,-86.75667,True,0,0,,0,0,0,Property Damage,Angle,Daylight,,Motor Vehicle-In-Transport On Same Roadway
102858842,Crashes_MPO_2020,2020-12-17,2020,36.0453,-86.70168,False,0,0,,0,0,0,Property Damage,HeadOn,Dawn,,Motor Vehicle-In-Transport On Same Roadway
102858890,Crashes_MPO_2020,2020-12-17,2020,36.05004,-86.72483,False,0,0,,0,0,0,Property Damage,"Sideswipe, Same Direction",Daylight,,Motor Vehicle-In-Transport On Same Roadway