record_no,source_layer,collision_ts,crash_year,latitude,longitude,in_city,fatalities,non_motorists,truck_involved,serious_injuries,pedestrian,bicycle,crash_type,manner_of_collision,lighting,weather,first_harmful_event
102858899,Crashes_MPO_2020,2020-12-17,2020,35.93191,-86.79441,False,0,0,,0,0,0,Property Damage,Angle,Daylight,Clear,Motor Vehicle-In-Transport On Same Roadway
102859220,Crashes_MPO_2020,2020-12-17,2020,35.93511,-86.87823,False,0,0,,0,0,0,Property Damage Under,Front to Rear,Daylight,Clear,Motor Vehicle-In-Transport On Same Roadway
102859265,Crashes_MPO_2020,2020-12-17,2020,36.04028,-86.72727,False,0,0,,0,0,0,Property Damage,Front to Rear,Daylight,,Motor Vehicle-In-Transport On Same Roadway
102859273,Crashes_MPO_2020,2020-12-17,2020,35.94338,-86.85449,False,0,0,,0,0,0,Property Damage,Front to Rear,Daylight,,Motor Vehicle-In-Transport On Same Roadway
102859349,Crashes_MPO_2020,2020-12-17,2020,35.95225,-86.81904,False,0,0,,0,0,0,Property Damage,Front to Rear,Dark-Lighted,Clear,Motor Vehicle-In-Transport On Same Roadway
102859359,Crashes_MPO_2020,2020-12-17,2020,36.03975,-86.84165,True,0,0,,0,0,0,Property Damage,Angle,Dusk,,Motor Vehicle-In-Transport On Same Roadway
102859377,Crashes_MPO_2020,2020-12-17,2020,35.9572,-86.81647,False,0,0,,0,0,0,Property Damage,Angle,Daylight,Cloudy,Motor Vehicle-In-Transport On Same Roadway
102859394,Crashes_MPO_2020,2020-12-17,2020,35.94786,-86.86362,False,0,0,,0,0,0,Property Damage,Front to Rear,Dark-Lighted,,Motor Vehicle-In-Transport On Same Roadway
102859412,Crashes_MPO_2020,2020-12-17,2020,36.0409,-86.77938,False,0,0,,0,0,0,Property Damage Under,Front to Rear,Dark-Lighted,,Motor Vehicle-In-Transport On Same Roadway
102859418,Crashes_MPO_2020,2020-12-17,2020,36.03938,-86.74342,False,0,0,,0,0,0,Property Damage,Other,Dark-Lighted,,Motor Vehicle-In-Transport On Same Roadway
102859516,Crashes_MPO_2020,2020-12-17,2020,35.95213,-86.81833,False,0,0,,0,0,0,Property Damage,Angle,Daylight,,Motor Vehicle-In-Transport On Same Roadway
102859550,Crashes_MPO_2020,2020-12-17,2020,35.9325,-86.86247,False,0,0,,0,0,0,Property Damage,Front to Rear,Daylight,,Motor Vehicle-In-Transport On Same Roadway
102859551,Crashes_MPO_2020,2020-12-17,2020,35.92641,-86.82447,False,0,0,,0,0,0,Property Damage,Angle,Dark-Lighted,Clear,Motor Vehicle-In-Transport On Same Roadway
102859568,Crashes_MPO_2020,2020-12-17,2020,36.04543,-86.70361,False,0,0,,0,0,0,Property Damage,Angle,Dark-Lighted,,Motor Vehicle-In-Transport On Same Roadway
102861842,Crashes_MPO_2020,2020-12-17,2020,35.97081,-86.80623,True,0,0,,1,0,0,Suspected Serious Injury,Front to Rear,Dark-Not Lighted,,Motor Vehicle-In-Transport On Same Roadway
102859617,Crashes_MPO_2020,2020-12-18,2020,35.95143,-86.80765,False,0,0,,0,0,0,Property Damage,Not Collision with Motor Vehicle in Transport,Dark-Lighted,,Luminaire Light Support
102859647,Crashes_MPO_2020,2020-12-18,2020,36.04519,-86.71568,False,0,0,,0,0,0,Property Damage,Not Collision with Motor Vehicle in Transport,Dark-Lighted,,Highway Traffic Sign Post
102859719,Crashes_MPO_2020,2020-12-18,2020,36.04345,-86.74414,False,0,0,,0,0,0,Property Damage,Angle,Daylight,,Motor Vehicle-In-Transport On Same Roadway
102859777,Crashes_MPO_2020,2020-12-18,2020,35.97009,-86.83621,False,0,0,,0,0,0,Property Damage,Unknown,,,Parked Motor Vehicle
102860267,Crashes_MPO_2020,2020-12-18,2020,35.92625,-86.81619,False,0,0,,0,0,0,Suspected Minor Injury,Angle,Daylight,,Motor Vehicle-In-Transport On Same Roadway
102860343,Crashes_MPO_2020,2020-12-18,2020,36.04226,-86.72647,False,0,0,,0,0,0,Property Damage,Angle,Dark-Lighted,Clear,Motor Vehicle-In-Transport On Same Roadway
102860424,Crashes_MPO_2020,2020-12-18,2020,35.92885,-86.83084,False,0,0,,0,0,0,Property Damage,Not Collision with Motor Vehicle in Transport,Dark-Lighted,,Standing Tree
102861348,Crashes_MPO_2020,2020-12-18,2020,35.93985,-86.87951,False,0,0,,0,0,0,Property Damage,Front to Rear,Daylight,Clear,Motor Vehicle-In-Transport On Same Roadway
102861390,Crashes_MPO_2020,2020-12-18,2020,36.00144,-86.80805,True,0,0,,0,0,0,Possible Injury,Front to Rear,Daylight,,Motor Vehicle-In-Transport On Same Roadway
102862030,Crashes_MPO_2020,2020-12-18,2020,35.95588,-86.81538,False,0,1,,0,1,0,Property Damage Under,Not Collision with Motor Vehicle in Transport,Daylight,Clear,Pedestrian
102863445,Crashes_MPO_2020,2020-12-18,2020,35.97776,-86.80359,True,0,0,,0,0,0,Property Damage,Front to Rear,Dark-Lighted,,Motor Vehicle-In-Transport On Same Roadway
102866011,Crashes_MPO_2020,2020-12-18,2020,36.02915,-86.78834,True,0,0,,0,0,0,Property Damage,Angle,Daylight,,Motor Vehicle-In-Motion Outside Trafficway
102860685,Crashes_MPO_2020,2020-12-19,2020,35.95022,-86.81244,False,0,0,,0,0,0,Suspected Minor Injury,Not Collision with Motor Vehicle in Transport,Dawn,,Other Post/Pole Support
102861014,Crashes_MPO_2020,2020-12-19,2020,35.99758,-86.69087,False,0,0,,0,0,0,Property Damage,Angle,Dark-Lighted,,Motor Vehicle-In-Transport On Same Roadway
102861112,Crashes_MPO_2020,2020-12-19,2020,36.0394,-86.7819,False,0,0,,0,0,0,Property Damage,Front to Rear,Daylight,,Motor Vehicle-In-Transport On Same Roadway
102861180,Crashes_MPO_2020,2020-12-19,2020,35.97349,-86.83295,True,0,0,,0,0,0,Property Damage Under,Not Collision with Motor Vehicle in Transport,,,
102861341,Crashes_MPO_2020,2020-12-19,2020,36.049,-86.7163,False,0,0,,0,0,0,Suspected Minor Injury,"Sideswipe, Opposite Direction",Daylight,Cloudy,Motor Vehicle-In-Transport On Different Roadway
102861593,Crashes_MPO_2020,2020-12-19,2020,35.99781,-86.79886,True,0,0,,0,0,0,Property Damage,HeadOn,Dark-Lighted,,Motor Vehicle-In-Transport On Same Roadway
102862753,Crashes_MPO_2020,2020-12-19,2020,36.00992,-86.80298,True,0,0,,0,0,0,Property Damage,HeadOn,Dark-Lighted,,Motor Vehicle-In-Transport On Same Roadway
102866643,Crashes_MPO_2020,2020-12-19,2020,36.00268,-86.79268,True,0,0,,0,0,0,Property Damage,"Sideswipe, Same Direction",Dark-Lighted,,Motor Vehicle-In-Transport On Same Roadway
102867374,Crashes_MPO_2020,2020-12-19,2020,35.93607,-86.82638,False,0,0,,0,0,0,Property Damage,Front to Rear,Daylight,,Motor Vehicle-In-Transport On Same Roadway
102861604,Crashes_MPO_2020,2020-12-20,2020,35.96458,-86.81449,False,0,0,,0,0,0,Property Damage,Front to Rear,Daylight,Clear,Motor Vehicle-In-Transport On Same Roadway
102861659,Crashes_MPO_2020,2020-12-20,2020,36.03981,-86.7407,False,0,0,,0,0,0,Property Damage,"Sideswipe, Same Direction",Daylight,,Motor Vehicle-In-Transport On Same Roadway
102861829,Crashes_MPO_2020,2020-12-20,2020,35.95686,-86.80335,False,0,0,,1,0,0,Suspected Serious Injury,Not Collision with Motor Vehicle in Transport,Dark-Lighted,,Standing Tree
102861844,Crashes_MPO_2020,2020-12-20,2020,36.04537,-86.71326,False,0,0,,0,0,0,Property Damage Under,Rear to Rear,Dark-Lighted,,Parked Motor Vehicle
102861852,Crashes_MPO_2020,2020-12-20,2020,36.02407,-86.78628,True,0,0,,0,0,0,Property Damage,Not Collision with Motor Vehicle in Transport,Dark-Not Lighted,,Concrete Traffic Barrier
102861876,Crashes_MPO_2020,2020-12-20,2020,35.96303,-86.69049,False,0,0,,0,0,0,Property Damage,Angle,Dark-Not Lighted,,Motor Vehicle-In-Transport On Same Roadway
102862518,Crashes_MPO_2020,2020-12-20,2020,35.99551,-86.77887,True,0,0,,0,0,0,Property Damage,Angle,Dark-Lighted,,Motor Vehicle-In-Transport On Same Roadway
102863236,Crashes_MPO_2020,2020-12-20,2020,35.94036,-86.82128,False,0,0,,0,0,0,Property Damage,Angle,Dark-Lighted,Clear,Motor Vehicle-In-Transport On Same Roadway
102862081,Crashes_MPO_2020,2020-12-21,2020,36.00551,-86.70001,False,0,0,,0,0,0,Suspected Minor Injury,HeadOn,Daylight,Clear,Motor Vehicle-In-Transport On Same Roadway
102862134,Crashes_MPO_2020,2020-12-21,2020,35.96387,-86.80039,True,0,0,,0,0,0,Property Damage,Front to Rear,Daylight,Clear,Motor Vehicle-In-Transport On Same Roadway
102862260,Crashes_MPO_2020,2020-12-21,2020,36.0473,-86.86274,False,0,0,,0,0,0,Property Damage,Front to Rear,Daylight,,Motor Vehicle-In-Transport On Same Roadway
102862349,Crashes_MPO_2020,2020-12-21,2020,35.9372,-86.6918,False,0,0,,0,0,0,Property Damage,Not Collision with Motor Vehicle in Transport,Daylight,Clear,Standing Tree
102862356,Crashes_MPO_2020,2020-12-21,2020,36.03311,-86.78679,True,0,0,,0,0,0,Property Damage,"Sideswipe, Same Direction",Dark-Lighted,,Motor Vehicle-In-Transport On Same Roadway
102862408,Crashes_MPO_2020,2020-12-21,2020,36.02594,-86.78493,True,0,0,,0,0,0,Property Damage,Front to Rear,Dark-Not Lighted,,Motor Vehicle-In-Transport On Same Roadway
102862546,Crashes_MPO_2020,2020-12-21,2020,36.04523,-86.71676,False,0,0,,0,0,0,Property Damage,Angle,Dark-Lighted,,Motor Vehicle-In-Transport On Same Roadway
102862673,Crashes_MPO_2020,2020-12-21,2020,35.93446,-86.81991,False,0,0,,0,0,0,Property Damage,Front to Rear,Daylight,Clear,Motor Vehicle-In-Transport On Same Roadway
102862692,Crashes_MPO_2020,2020-12-21,2020,35.96535,-86.70275,False,0,0,,0,0,0,Property Damage,Front to Rear,Daylight,,Motor Vehicle-In-Transport On Same Roadway
102863564,Crashes_MPO_2020,2020-12-21,2020,36.0409,-86.77938,False,0,0,,0,0,0,Property Damage,Front to Rear,Daylight,,Motor Vehicle-In-Transport On Same Roadway
102862734,Crashes_MPO_2020,2020-12-22,2020,36.03735,-86.78705,False,0,0,,0,0,0,Property Damage,Angle,Daylight,,Motor Vehicle-In-Transport On Same Roadway
102862902,Crashes_MPO_2020,2020-12-22,2020,35.9841,-86.7233,True,0,0,,0,0,0,Property Damage,Front to Rear,Daylight,,Motor Vehicle-In-Transport On Same Roadway
102863139,Crashes_MPO_2020,2020-12-22,2020,36.0409,-86.77938,False,0,0,,0,0,0,Suspected Minor Injury,Angle,Dark-Lighted,,Motor Vehicle-In-Transport On Same Roadway
102864309,Crashes_MPO_2020,2020-12-22,2020,35.97759,-86.84056,False,0,0,,1,0,0,Suspected Serious Injury,Not Collision with Motor Vehicle in Transport,Daylight,Clear,Other Fixed Object
102863562,Crashes_MPO_2020,2020-12-23,2020,35.99322,-86.68536,False,0,0,,0,0,0,Suspected Minor Injury,Front to Rear,Daylight,,Motor Vehicle-In-Transport On Same Roadway
102863617,Crashes_MPO_2020,2020-12-23,2020,35.92627,-86.82449,False,0,0,,0,0,0,Property Damage Under,Front to Rear,Daylight,Clear,Motor Vehicle-In-Transport On Same Roadway
102863656,Crashes_MPO_2020,2020-12-23,2020,36.00279,-86.69722,False,0,0,,0,0,0,Property Damage,"Sideswipe, Same Direction",Daylight,,Motor Vehicle-In-Transport On Same Roadway
102863690,Crashes_MPO_2020,2020-12-23,2020,35.92941,-86.84071,False,0,0,,0,0,0,Property Damage,Front to Rear,Dark-Lighted,Clear,Motor Vehicle-In-Transport On Same Roadway
102863705,Crashes_MPO_2020,2020-12-23,2020,36.04137,-86.74683,False,0,0,,0,0,0,Property Damage,Not Collision with Motor Vehicle in Transport,Dark-Lighted,,Deer
102863725,Crashes_MPO_2020,2020-12-23,2020,35.96705,-86.8135,True,0,0,,0,0,0,Property Damage,Angle,Dark-Lighted,,Motor Vehicle-In-Transport On Same Roadway
102863763,Crashes_MPO_2020,2020-12-23,2020,36.00383,-86.69842,False,0,0,,0,0,0,Possible Injury,Not Collision with Motor Vehicle in Transport,Dark-Lighted,,Ditch
102863775,Crashes_MPO_2020,2020-12-23,2020,36.05209,-86.71454,False,0,0,,0,0,0,Suspected Minor Injury,Front to Rear,Dark-Lighted,,Motor Vehicle-In-Transport On Same Roadway
102863780,Crashes_MPO_2020,2020-12-23,2020,36.0409,-86.77938,False,0,0,,0,0,0,Suspected Minor Injury,Angle,Daylight,,Motor Vehicle-In-Transport On Same Roadway
102863804,Crashes_MPO_2020,2020-12-23,2020,35.99291,-86.81254,True,0,0,,0,0,0,Possible Injury,Angle,Dark-Lighted,,Motor Vehicle-In-Transport On Same Roadway
102863885,Crashes_MPO_2020,2020-12-23,2020,36.04431,-86.72541,False,0,0,,0,0,0,Property Damage,"Sideswipe, Same Direction",Dark-Not Lighted,,Motor Vehicle-In-Transport On Same Roadway
102863999,Crashes_MPO_2020,2020-12-24,2020,36.04559,-86.70611,False,0,0,,0,0,0,Property Damage,"Sideswipe, Same Direction",Dawn,,Motor Vehicle-In-Transport On Same Roadway
102864040,Crashes_MPO_2020,2020-12-24,2020,36.04309,-86.78259,False,0,0,,0,0,0,Suspected Minor Injury,Not Collision with Motor Vehicle in Transport,Daylight,,Embankment Earth
102864210,Crashes_MPO_2020,2020-12-24,2020,35.95619,-86.81712,False,0,0,,0,0,0,Property Damage Under,Front to Rear,Daylight,Clear,Motor Vehicle-In-Transport On Same Roadway
102864263,Crashes_MPO_2020,2020-12-24,2020,35.92957,-86.84213,False,0,0,,0,0,0,Property Damage Under,Front to Rear,Daylight,Clear,Motor Vehicle-In-Transport On Same Roadway
102864329,Crashes_MPO_2020,2020-12-24,2020,35.92304,-86.81684,False,0,0,,0,0,0,Property Damage Under,Angle,Dark-Lighted,Clear,Motor Vehicle-In-Transport On Same Roadway
102864354,Crashes_MPO_2020,2020-12-24,2020,36.04675,-86.71343,False,0,0,,0,0,0,Property Damage Under,Not Collision with Motor Vehicle in Transport,,,
102864491,Crashes_MPO_2020,2020-12-24,2020,36.04543,-86.70361,False,0,0,,0,0,0,Property Damage,Angle,Dark-Lighted,,Motor Vehicle-In-Transport On Same Roadway
102864472,Crashes_MPO_2020,2020-12-25,2020,35.94799,-86.6996,False,0,0,,0,0,0,Possible Injury,Not Collision with Motor Vehicle in Transport,Dark-Not Lighted,,Mail Box
102866315,Crashes_MPO_2020,2020-12-25,2020,35.95878,-86.80441,False,0,0,,0,0,0,Property Damage Under,Not Collision with Motor Vehicle in Transport,,,
102866762,Crashes_MPO_2020,2020-12-25,2020,35.94523,-86.8773,False,0,0,,0,0,0,Property Damage,Not Collision with Motor Vehicle in Transport,Daylight,Cloudy,Ditch
102864793,Crashes_MPO_2020,2020-12-26,2020,36.04673,-86.72395,False,0,0,,0,0,0,Property Damage,Not Collision with Motor Vehicle in Transport,Daylight,,Shrubbery
102864816,Crashes_MPO_2020,2020-12-26,2020,36.04543,-86.70361,False,0,0,,0,0,0,Suspected Minor Injury,HeadOn,Daylight,Clear,Motor Vehicle-In-Transport On Same Roadway
102864929,Crashes_MPO_2020,2020-12-26,2020,36.0488,-86.71367,False,0,0,,0,0,0,Possible Injury,Angle,Dark-Lighted,,Motor Vehicle-In-Transport On Same Roadway
102865203,Crashes_MPO_2020,2020-12-26,2020,35.95988,-86.80184,False,0,0,,0,0,0,Property Damage,Angle,Dark-Lighted,,Motor Vehicle-In-Transport On Same Roadway
102865213,Crashes_MPO_2020,2020-12-26,2020,36.04228,-86.72642,False,0,0,,0,0,0,Property Damage,Angle,Dark-Lighted,Clear,Motor Vehicle-In-Transport On Same Roadway
102866625,Crashes_MPO_2020,2020-12-26,2020,35.99564,-86.78022,True,0,0,,0,0,0,Property Damage,"Sideswipe, Same Direction",Daylight,,Motor Vehicle-In-Transport On Same Roadway
102865076,Crashes_MPO_2020,2020-12-27,2020,36.05277,-86.67869,False,0,0,,0,0,0,Property Damage,Not Collision with Motor Vehicle in Transport,Daylight,,Other Object
102865151,Crashes_MPO_2020,2020-12-27,2020,36.05151,-86.71436,False,0,0,,0,0,0,Property Damage,Angle,Daylight,,Motor Vehicle-In-Transport On Same Roadway
102865183,Crashes_MPO_2020,2020-12-27,2020,35.95785,-86.76768,True,0,0,,0,0,0,Property Damage,Front to Rear,Daylight,,Motor Vehicle-In-Transport On Same Roadway
102865315,Crashes_MPO_2020,2020-12-27,2020,36.04237,-86.83742,False,0,0,,0,0,0,Property Damage,Front to Rear,Daylight,,Motor Vehicle-In-Transport On Same Roadway
102865318,Crashes_MPO_2020,2020-12-27,2020,36.01286,-86.80081,True,0,0,,0,0,0,Suspected Minor Injury,Angle,Dark-Lighted,,Motor Vehicle-In-Transport On Same Roadway
102865659,Crashes_MPO_2020,2020-12-28,2020,35.93209,-86.81969,False,0,0,,0,0,0,Property Damage Under,"Sideswipe, Same Direction",Daylight,Clear,Motor Vehicle-In-Transport On Same Roadway
102865700,Crashes_MPO_2020,2020-12-28,2020,35.93329,-86.86052,False,0,0,,0,0,0,Property Damage,Unknown,Daylight,,Parked Motor Vehicle
102865820,Crashes_MPO_2020,2020-12-28,2020,35.99539,-86.77771,True,0,0,,0,0,0,Property Damage,Front to Rear,Dark-Lighted,,Motor Vehicle-In-Transport On Same Roadway
102865887,Crashes_MPO_2020,2020-12-28,2020,36.03235,-86.71278,False,0,0,,0,0,0,Possible Injury,Front to Rear,Daylight,,Motor Vehicle-In-Transport On Same Roadway
102865914,Crashes_MPO_2020,2020-12-28,2020,36.03771,-86.78482,False,0,0,,0,0,0,Suspected Minor Injury,Front to Rear,Dark-Lighted,,Motor Vehicle-In-Transport On Same Roadway
102866163,Crashes_MPO_2020,2020-12-28,2020,35.96994,-86.80629,True,0,0,,0,0,0,Property Damage,"Sideswipe, Same Direction",Daylight,,Motor Vehicle-In-Transport On Same Roadway
102866430,Crashes_MPO_2020,2020-12-28,2020,35.9473,-86.82067,False,0,0,,0,0,0,Property Damage,Angle,Dark-Lighted,Clear,Motor Vehicle-In-Transport On Same Roadway
102866056,Crashes_MPO_2020,2020-12-29,2020,35.96562,-86.70619,True,0,0,,0,0,0,Property Damage Under,Not Collision with Motor Vehicle in Transport,,,
102866126,Crashes_MPO_2020,2020-12-29,2020,35.92536,-86.86907,False,0,0,,0,0,0,Property Damage,Front to Rear,Daylight,,Motor Vehicle-In-Transport On Same Roadway
102866250,Crashes_MPO_2020,2020-12-29,2020,35.96461,-86.80839,False,0,0,,0,0,0,Property Damage Under,Front to Rear,Daylight,Clear,Motor Vehicle-In-Transport On Same Roadway
102866251,Crashes_MPO_2020,2020-12-29,2020,35.93446,-86.81991,False,0,0,,0,0,0,Property Damage,Front to Rear,Daylight,Clear,Motor Vehicle-In-Transport On Same Roadway
102866289,Crashes_MPO_2020,2020-12-29,2020,36.02605,-86.7887,True,0,1,,0,1,0,Suspected Minor Injury,Not Collision with Motor Vehicle in Transport,Daylight,,Pedestrian
102866341,Crashes_MPO_2020,2020-12-29,2020,35.9295,-86.84135,False,0,0,,0,0,0,Property Damage,Angle,Daylight,,Motor Vehicle-In-Transport On Same Roadway
102866343,Crashes_MPO_2020,2020-12-29,2020,35.94885,-86.70197,True,0,0,,0,0,0,Property Damage Under,Not Collision with Motor Vehicle in Transport,,,
102866384,Crashes_MPO_2020,2020-12-29,2020,35.96518,-86.80029,True,0,0,,0,0,0,Property Damage,Front to Rear,Dusk,,Motor Vehicle-In-Transport On Same Roadway
102866419,Crashes_MPO_2020,2020-12-29,2020,36.0456,-86.71082,False,0,0,,0,0,0,Property Damage,Angle,Daylight,,Motor Vehicle-In-Transport On Same Roadway
102869789,Crashes_MPO_2020,2020-12-29,2020,35.93365,-86.8189,False,0,0,,0,0,0,Property Damage,Front to Rear,Daylight,,Motor Vehicle-In-Transport On Same Roadway
102866601,Crashes_MPO_2020,2020-12-30,2020,36.0406,-86.78111,False,0,0,,0,0,0,Property Damage,Not Collision with Motor Vehicle in Transport,Dark-Lighted,,Other Non-Collision
102866612,Crashes_MPO_2020,2020-12-30,2020,36.03122,-86.87558,False,0,0,,0,0,0,Property Damage,Not Collision with Motor Vehicle in Transport,Dark-Not Lighted,Clear,Standing Tree
102866763,Crashes_MPO_2020,2020-12-30,2020,35.9469,-86.82222,False,0,0,,0,0,0,Property Damage,Angle,Daylight,Clear,Motor Vehicle-In-Transport On Same Roadway
102866791,Crashes_MPO_2020,2020-12-30,2020,36.02844,-86.79142,True,0,0,,0,0,0,Property Damage Under,Not Collision with Motor Vehicle in Transport,,,
102866862,Crashes_MPO_2020,2020-12-30,2020,35.9667,-86.81121,True,0,0,,0,0,0,Property Damage Under,Front to Rear,Daylight,Cloudy,Motor Vehicle-In-Transport On Same Roadway
102866889,Crashes_MPO_2020,2020-12-30,2020,35.92625,-86.81619,False,0,0,,0,0,0,Property Damage,Angle,Daylight,Clear,Motor Vehicle-In-Transport On Same Roadway
102866890,Crashes_MPO_2020,2020-12-30,2020,35.99548,-86.68787,False,0,0,,0,0,0,Property Damage,Front to Rear,Daylight,,Motor Vehicle-In-Transport On Same Roadway
102866954,Crashes_MPO_2020,2020-12-30,2020,35.92366,-86.86782,False,0,0,,0,0,0,Property Damage,Front to Rear,Daylight,Clear,Motor Vehicle-In-Transport On Same Roadway
102867015,Crashes_MPO_2020,2020-12-30,2020,36.04645,-86.77712,False,0,0,,0,0,0,Property Damage,Not Collision with Motor Vehicle in Transport,Dark-Lighted,,Other Object
102867052,Crashes_MPO_2020,2020-12-30,2020,35.94477,-86.82853,False,0,0,,0,0,0,Property Damage,Angle,Dark-Lighted,Clear,Motor Vehicle-In-Transport On Same Roadway
102867110,Crashes_MPO_2020,2020-12-30,2020,35.97334,-86.83305,True,0,0,,0,0,0,Property Damage,Front to Rear,Dark-Lighted,Rain,Motor Vehicle-In-Transport On Same Roadway
102867138,Crashes_MPO_2020,2020-12-30,2020,36.0374,-86.78657,False,0,0,,0,0,0,Property Damage,Angle,Dark-Lighted,,Motor Vehicle-In-Transport On Same Roadway
102867147,Crashes_MPO_2020,2020-12-30,2020,36.04543,-86.70364,False,0,0,,0,0,0,Property Damage,Angle,Dark-Lighted,,Motor Vehicle-In-Transport On Same Roadway
102867398,Crashes_MPO_2020,2020-12-30,2020,35.9476,-86.81992,False,0,0,,0,0,0,Property Damage,Angle,Dark-Lighted,,Motor Vehicle-In-Transport On Same Roadway
102867321,Crashes_MPO_2020,2020-12-31,2020,35.94782,-86.81975,False,0,0,,0,0,0,Possible Injury,Front to Rear,Daylight,Rain,Motor Vehicle-In-Transport On Same Roadway
102867414,Crashes_MPO_2020,2020-12-31,2020,36.04523,-86.69237,False,0,0,,0,0,0,Property Damage Under,Angle,Daylight,,Motor Vehicle-In-Transport On Same Roadway
102867418,Crashes_MPO_2020,2020-12-31,2020,36.05366,-86.71502,False,0,0,,0,0,0,Property Damage,Front to Rear,Daylight,,Motor Vehicle-In-Transport On Same Roadway
102867484,Crashes_MPO_2020,2020-12-31,2020,35.934,-86.81878,False,0,0,,0,0,0,Property Damage,Angle,Daylight,Cloudy,Motor Vehicle-In-Transport On Same Roadway
102867492,Crashes_MPO_2020,2020-12-31,2020,36.02737,-86.79203,True,0,0,,0,0,0,Suspected Minor Injury,Angle,Daylight,,Motor Vehicle-In-Transport On Same Roadway
102867563,Crashes_MPO_2020,2020-12-31,2020,36.02107,-86.73586,False,0,0,,0,0,0,Property Damage Under,Not Collision with Motor Vehicle in Transport,,,
102867579,Crashes_MPO_2020,2020-12-31,2020,36.05013,-86.71398,False,0,0,,0,0,0,Suspected Minor Injury,Front to Rear,Dusk,,Motor Vehicle-In-Transport On Same Roadway
102867663,Crashes_MPO_2020,2020-12-31,2020,35.93001,-86.86434,False,0,0,,0,0,0,Property Damage Under,Front to Rear,Daylight,Cloudy,Motor Vehicle-In-Transport On Same Roadway
102867664,Crashes_MPO_2020,2020-12-31,2020,35.94687,-86.82178,False,0,0,,0,0,0,Property Damage,"Sideswipe, Same Direction",Daylight,Cloudy,Motor Vehicle-In-Transport On Same Roadway
102867712,Crashes_MPO_2020,2020-12-31,2020,36.04522,-86.71479,False,0,0,,0,0,0,Property Damage,Angle,Dark-Lighted,,Motor Vehicle-In-Transport On Same Roadway
102867826,Crashes_MPO_2020,2020-12-31,2020,35.99826,-86.68964,False,0,0,,0,0,0,Property Damage,HeadOn,Dark-Lighted,,Motor Vehicle-In-Transport On Same Roadway
102867859,Crashes_MPO_2020,2020-12-31,2020,36.03044,-86.87069,False,0,0,,0,0,0,Property Damage,Not Collision with Motor Vehicle in Transport,Dark-Not Lighted,,Embankment Earth